rank,x,h,start_apples,thorns,mean_remaining,std_remaining,win_rate
1,300,31,2681,362,1121.94,88.56,1.0
2,300,29,2731,462,1115.96,85.81,1.0
3,294,21,2794,588,1114.3,109.99,1.0
4,259,19,2759,518,1111.86,114.31,1.0
5,271,21,2771,542,1111.32,104.42,1.0
6,181,19,2681,362,1111.24,97.01,1.0
7,259,20,2759,518,1110.26,101.01,1.0
8,153,19,2653,306,1109.75,91.89,1.0
9,157,17,2657,314,1109.49,95.19,1.0
10,44,16,2544,88,1109.19,72.83,1.0
11,157,18,2657,314,1108.94,98.29,1.0
12,238,17,2738,476,1108.88,106.43,1.0
13,231,21,2731,462,1108.66,87.52,1.0
14,231,20,2731,462,1107.37,88.45,1.0
15,293,20,2793,586,1106.44,113.51,1.0
16,153,21,2653,306,1106.16,86.04,1.0
17,181,21,2681,362,1105.84,90.32,1.0
18,293,22,2793,586,1105.7,105.39,1.0
19,157,20,2657,314,1105.52,91.21,1.0
20,293,21,2793,586,1104.86,101.5,1.0
21,224,21,2724,448,1104.52,93.5,1.0
22,139,19,2639,278,1104.33,90.48,1.0
23,190,20,2690,380,1103.87,80.54,1.0
24,185,18,2685,370,1103.75,98.38,1.0
25,300,21,2800,600,1103.03,112.51,1.0
26,218,21,2718,436,1102.22,102.15,1.0
27,275,22,2775,550,1101.97,104.07,1.0
28,153,17,2653,306,1101.54,89.83,1.0
29,157,21,2657,314,1101.18,89.31,1.0
30,181,23,2681,362,1100.67,85.95,1.0
31,168,18,2668,336,1100.64,92.84,1.0
32,216,19,2716,432,1100.51,101.51,1.0
33,199,20,2699,398,1100.08,91.25,1.0
34,218,20,2718,436,1099.95,87.93,1.0
35,188,22,2688,376,1099.92,82.56,1.0
36,70,19,2570,140,1099.71,79.61,1.0
37,22,17,2522,44,1099.38,66.77,1.0
38,153,18,2653,306,1098.59,90.0,1.0
39,216,20,2716,432,1098.48,89.21,1.0
40,181,18,2681,362,1098.47,87.15,1.0
41,188,20,2688,376,1098.21,82.17,1.0
42,139,20,2639,278,1098.08,81.03,1.0
43,139,18,2639,278,1097.87,84.88,1.0
44,273,21,2773,546,1097.63,103.86,1.0
45,181,22,2681,362,1097.62,89.12,1.0
46,279,22,2779,558,1097.52,97.55,1.0
47,264,21,2764,528,1097.3,96.26,1.0
48,22,18,2522,44,1097.16,63.54,1.0
49,166,20,2666,332,1097.16,84.41,1.0
50,199,18,2699,398,1096.86,97.43,1.0
51,271,22,2771,542,1096.76,100.25,1.0
52,265,20,2765,530,1096.57,107.04,1.0
53,199,19,2699,398,1096.45,97.39,1.0
54,184,20,2684,368,1096.37,88.64,1.0
55,264,23,2764,528,1096.31,96.19,1.0
56,185,19,2685,370,1096.29,93.44,1.0
57,139,17,2639,278,1096.16,85.11,1.0
58,216,22,2716,432,1096.13,89.76,1.0
59,257,21,2757,514,1096.04,97.87,1.0
60,131,18,2631,262,1095.89,85.96,1.0
61,300,23,2800,600,1095.84,99.37,1.0
62,300,22,2800,600,1095.81,103.65,1.0
63,209,20,2709,418,1095.68,89.5,1.0
64,287,22,2787,574,1095.65,99.83,1.0
65,157,19,2657,314,1095.32,87.77,1.0
66,190,21,2690,380,1095.13,96.01,1.0
67,209,21,2709,418,1094.86,84.63,1.0
68,256,20,2756,512,1094.85,104.59,1.0
69,279,23,2779,558,1094.8,98.42,1.0
70,44,17,2544,88,1094.64,65.07,1.0
71,162,18,2662,324,1094.59,96.32,1.0
72,180,19,2680,360,1094.38,90.83,1.0
73,22,15,2522,44,1094.22,72.7,1.0
74,290,23,2790,580,1094.14,98.27,1.0
75,259,17,2759,518,1094.08,127.68,1.0
76,77,18,2577,154,1093.96,71.55,1.0
77,279,21,2779,558,1093.92,96.99,1.0
78,117,17,2617,234,1093.9,81.88,1.0
79,264,24,2764,528,1093.88,87.02,1.0
80,259,21,2759,518,1093.84,101.51,1.0
81,168,19,2668,336,1093.66,105.77,1.0
82,185,22,2685,370,1092.98,81.56,1.0
83,238,21,2738,476,1092.89,90.83,1.0
84,77,16,2577,154,1092.84,69.83,1.0
85,190,19,2690,380,1092.61,89.16,1.0
86,238,20,2738,476,1092.61,97.16,1.0
87,70,18,2570,140,1092.26,81.0,1.0
88,261,19,2761,522,1092.25,112.32,1.0
89,226,21,2726,452,1092.15,81.7,1.0
90,273,19,2773,546,1092.12,115.93,1.0
91,218,22,2718,436,1092.04,81.97,1.0
92,216,21,2716,432,1091.95,92.1,1.0
93,233,19,2733,466,1091.88,102.28,1.0
94,231,19,2731,462,1091.86,95.25,1.0
95,259,22,2759,518,1091.77,102.31,1.0
96,44,15,2544,88,1091.74,73.27,1.0
97,139,16,2639,278,1091.46,104.56,1.0
98,253,19,2753,506,1091.44,93.18,1.0
99,168,20,2668,336,1091.36,96.22,1.0
100,258,19,2758,516,1091.26,108.4,1.0
101,290,20,2790,580,1091.23,110.66,1.0
102,137,18,2637,274,1091.2,80.82,1.0
103,264,20,2764,528,1091.13,90.66,1.0
104,226,22,2726,452,1091.11,81.83,1.0
105,214,21,2714,428,1091.09,92.49,1.0
106,261,21,2761,522,1091.05,93.7,1.0
107,226,18,2726,452,1090.99,95.89,1.0
108,180,22,2680,360,1090.91,79.13,1.0
109,231,23,2731,462,1090.61,89.75,1.0
110,258,20,2758,516,1090.6,97.91,1.0
111,185,21,2685,370,1090.31,82.21,1.0
112,117,19,2617,234,1090.14,83.47,1.0
113,188,23,2688,376,1090.05,82.69,1.0
114,271,20,2771,542,1090.0,106.15,1.0
115,253,21,2753,506,1089.94,93.73,1.0
116,259,23,2759,518,1089.93,93.25,1.0
117,144,21,2644,288,1089.78,80.1,1.0
118,144,17,2644,288,1089.71,84.94,1.0
119,122,18,2622,244,1089.7,88.0,1.0
120,290,21,2790,580,1089.69,98.12,1.0
121,139,22,2639,278,1089.63,84.77,1.0
122,144,20,2644,288,1089.6,84.45,1.0
123,163,20,2663,326,1089.51,99.06,1.0
124,238,19,2738,476,1089.5,106.5,1.0
125,235,20,2735,470,1089.41,106.03,1.0
126,253,20,2753,506,1089.32,95.78,1.0
127,293,19,2793,586,1089.27,115.0,1.0
128,265,22,2765,530,1089.26,100.37,1.0
129,184,21,2684,368,1089.2,84.17,1.0
130,22,16,2522,44,1089.19,67.93,1.0
131,134,20,2634,268,1089.16,85.57,1.0
132,267,23,2767,534,1089.14,111.72,1.0
133,165,19,2665,330,1089.13,95.57,1.0
134,257,20,2757,514,1089.09,109.88,1.0
135,161,21,2661,322,1089.07,87.3,1.0
136,281,19,2781,562,1088.98,107.7,1.0
137,180,20,2680,360,1088.97,92.45,1.0
138,247,21,2747,494,1088.94,90.33,1.0
139,130,17,2630,260,1088.9,88.94,1.0
140,49,16,2549,98,1088.78,67.01,1.0
141,131,19,2631,262,1088.71,88.5,1.0
142,281,21,2781,562,1088.65,105.7,1.0
143,144,18,2644,288,1088.5,81.8,1.0
144,117,18,2617,234,1088.47,82.35,1.0
145,144,19,2644,288,1088.14,83.21,1.0
146,224,20,2724,448,1088.03,97.82,1.0
147,44,18,2544,88,1087.96,68.3,1.0
148,299,24,2799,598,1087.86,93.85,1.0
149,163,19,2663,326,1087.8,104.65,1.0
150,264,22,2764,528,1087.78,96.39,1.0
151,300,24,2800,600,1087.75,107.48,1.0
152,243,21,2743,486,1087.7,96.16,1.0
153,188,21,2688,376,1087.63,84.65,1.0
154,265,21,2765,530,1087.43,102.04,1.0
155,261,25,2761,522,1087.32,85.61,1.0
156,238,23,2738,476,1087.22,93.54,1.0
157,251,21,2751,502,1087.18,93.62,1.0
158,153,20,2653,306,1087.17,88.35,1.0
159,209,18,2709,418,1087.04,90.95,1.0
160,226,19,2726,452,1087.01,90.14,1.0
161,258,21,2758,516,1087.01,109.67,1.0
162,259,18,2759,518,1086.98,119.84,1.0
163,273,20,2773,546,1086.84,106.7,1.0
164,185,20,2685,370,1086.82,97.19,1.0
165,209,19,2709,418,1086.67,99.92,1.0
166,181,17,2681,362,1086.65,107.67,1.0
167,137,19,2637,274,1086.5,88.67,1.0
168,188,24,2688,376,1086.37,70.48,1.0
169,146,17,2646,292,1086.32,87.61,1.0
170,224,19,2724,448,1086.32,97.29,1.0
171,157,22,2657,314,1086.1,93.09,1.0
172,134,21,2634,268,1086.09,82.93,1.0
173,196,21,2696,392,1085.89,86.1,1.0
174,294,20,2794,588,1085.81,115.16,1.0
175,287,21,2787,574,1085.73,107.19,1.0
176,259,16,2759,518,1085.71,113.07,1.0
177,271,19,2771,542,1085.69,97.47,1.0
178,279,20,2779,558,1085.68,107.6,1.0
179,149,20,2649,298,1085.64,85.54,1.0
180,258,18,2758,516,1085.62,104.44,1.0
181,294,23,2794,588,1085.53,125.39,1.0
182,71,15,2571,142,1085.49,86.12,1.0
183,178,18,2678,356,1085.47,98.0,1.0
184,139,21,2639,278,1085.47,81.05,1.0
185,275,21,2775,550,1085.41,98.72,1.0
186,226,17,2726,452,1085.4,98.06,1.0
187,157,15,2657,314,1085.36,109.26,1.0
188,238,22,2738,476,1085.33,83.81,1.0
189,298,22,2798,596,1085.06,112.4,1.0
190,273,22,2773,546,1085.03,93.4,1.0
191,298,24,2798,596,1085.02,106.65,1.0
192,233,22,2733,466,1085.0,90.9,1.0
193,146,19,2646,292,1084.98,84.11,1.0
194,217,21,2717,434,1084.98,95.08,1.0
195,186,19,2686,372,1084.94,93.64,1.0
196,256,19,2756,512,1084.94,111.93,1.0
197,184,18,2684,368,1084.87,99.44,1.0
198,238,24,2738,476,1084.78,82.97,1.0
199,44,19,2544,88,1084.74,66.33,1.0
200,185,23,2685,370,1084.69,87.26,1.0
201,240,21,2740,480,1084.65,96.52,1.0
202,184,19,2684,368,1084.64,89.76,1.0
203,271,23,2771,542,1084.63,95.39,1.0
204,101,20,2601,202,1084.6,84.86,1.0
205,180,17,2680,360,1084.6,98.36,1.0
206,261,20,2761,522,1084.54,105.38,1.0
207,22,19,2522,44,1084.36,62.06,1.0
208,256,21,2756,512,1084.36,101.5,1.0
209,161,22,2661,322,1084.26,84.68,1.0
210,271,25,2771,542,1084.22,84.07,1.0
211,218,19,2718,436,1084.19,101.92,1.0
212,146,20,2646,292,1084.17,78.02,1.0
213,71,13,2571,142,1084.16,91.44,1.0
214,264,26,2764,528,1084.1,85.93,1.0
215,195,18,2695,390,1084.09,94.12,1.0
216,247,23,2747,494,1084.09,87.48,1.0
217,271,18,2771,542,1084.06,107.12,1.0
218,190,22,2690,380,1083.96,85.06,1.0
219,286,20,2786,572,1083.83,109.14,1.0
220,226,20,2726,452,1083.8,91.32,1.0
221,77,17,2577,154,1083.6,81.05,1.0
222,299,23,2799,598,1083.57,104.57,1.0
223,184,22,2684,368,1083.32,81.32,1.0
224,223,18,2723,446,1083.28,97.4,1.0
225,286,24,2786,572,1083.27,85.5,1.0
226,151,18,2651,302,1083.25,94.97,1.0
227,300,25,2800,600,1083.12,99.71,1.0
228,178,21,2678,356,1083.1,102.73,1.0
229,199,22,2699,398,1083.0,94.11,1.0
230,137,17,2637,274,1082.86,105.11,1.0
231,199,23,2699,398,1082.85,87.47,1.0
232,163,21,2663,326,1082.82,88.03,1.0
233,122,17,2622,244,1082.81,90.45,1.0
234,218,18,2718,436,1082.79,100.62,1.0
235,290,22,2790,580,1082.67,100.56,1.0
236,300,20,2800,600,1082.65,108.13,1.0
237,131,17,2631,262,1082.59,84.02,1.0
238,186,20,2686,372,1082.53,93.95,1.0
239,181,16,2681,362,1082.52,98.57,1.0
240,157,23,2657,314,1082.3,85.81,1.0
241,299,21,2799,598,1082.3,107.66,1.0
242,214,20,2714,428,1082.29,106.59,1.0
243,255,22,2755,510,1082.26,95.55,1.0
244,168,21,2668,336,1082.08,113.37,1.0
245,181,15,2681,362,1082.08,106.74,1.0
246,286,19,2786,572,1081.96,115.67,1.0
247,142,19,2642,284,1081.94,77.27,1.0
248,231,24,2731,462,1081.8,84.02,1.0
249,264,19,2764,528,1081.8,107.21,1.0
250,186,18,2686,372,1081.78,92.99,1.0
251,233,20,2733,466,1081.78,101.58,1.0
252,181,24,2681,362,1081.73,81.2,1.0
253,70,20,2570,140,1081.66,76.16,1.0
254,70,17,2570,140,1081.63,81.9,1.0
255,257,19,2757,514,1081.57,104.59,1.0
256,299,22,2799,598,1081.56,113.5,1.0
257,247,18,2747,494,1081.52,100.35,1.0
258,265,19,2765,530,1081.5,98.66,1.0
259,286,21,2786,572,1081.45,102.84,1.0
260,283,20,2783,566,1081.44,107.32,1.0
261,149,19,2649,298,1081.35,85.53,1.0
262,22,14,2522,44,1081.16,71.38,1.0
263,71,18,2571,142,1081.14,77.39,1.0
264,256,22,2756,512,1081.07,105.0,1.0
265,157,16,2657,314,1081.05,99.66,1.0
266,293,18,2793,586,1080.92,128.45,1.0
267,261,22,2761,522,1080.87,95.17,1.0
268,103,19,2603,206,1080.82,84.84,1.0
269,90,19,2590,180,1080.79,80.6,1.0
270,298,23,2798,596,1080.74,115.47,1.0
271,118,19,2618,236,1080.66,76.57,1.0
272,298,21,2798,596,1080.56,108.75,1.0
273,267,22,2767,534,1080.55,111.96,1.0
274,77,19,2577,154,1080.52,69.17,1.0
275,293,23,2793,586,1080.36,107.58,1.0
276,180,23,2680,360,1080.18,82.23,1.0
277,265,24,2765,530,1080.17,90.33,1.0
278,261,24,2761,522,1080.15,88.24,1.0
279,75,19,2575,150,1080.06,68.94,1.0
280,153,16,2653,306,1080.0,94.24,1.0
281,223,20,2723,446,1079.99,90.6,1.0
282,162,19,2662,324,1079.98,94.15,1.0
283,255,18,2755,510,1079.86,110.0,1.0
284,257,22,2757,514,1079.83,94.44,1.0
285,185,17,2685,370,1079.81,101.0,1.0
286,243,22,2743,486,1079.8,108.87,1.0
287,227,22,2727,454,1079.79,96.01,1.0
288,286,22,2786,572,1079.71,97.79,1.0
289,117,16,2617,234,1079.67,82.62,1.0
290,44,20,2544,88,1079.65,72.78,1.0
291,251,19,2751,502,1079.6,101.36,1.0
292,196,20,2696,392,1079.56,88.19,1.0
293,139,15,2639,278,1079.55,100.68,1.0
294,162,17,2662,324,1079.51,90.0,1.0
295,290,19,2790,580,1079.49,111.97,1.0
296,271,24,2771,542,1079.48,93.18,1.0
297,300,19,2800,600,1079.45,111.99,1.0
298,105,17,2605,210,1079.42,80.62,1.0
299,103,20,2603,206,1079.39,82.88,1.0
300,199,21,2699,398,1079.3,86.77,1.0
301,134,19,2634,268,1079.27,89.04,1.0
302,117,21,2617,234,1079.24,78.94,1.0
303,118,17,2618,236,1079.19,84.2,1.0
304,273,23,2773,546,1079.16,86.76,1.0
305,71,17,2571,142,1079.13,82.05,1.0
306,266,21,2766,532,1079.12,80.36,1.0
307,298,20,2798,596,1078.95,105.26,1.0
308,234,22,2734,468,1078.91,102.06,1.0
309,290,24,2790,580,1078.88,95.11,1.0
310,113,15,2613,226,1078.85,82.26,1.0
311,149,18,2649,298,1078.85,93.31,1.0
312,203,20,2703,406,1078.84,105.4,1.0
313,253,18,2753,506,1078.84,90.89,1.0
314,75,18,2575,150,1078.74,65.51,1.0
315,153,22,2653,306,1078.65,78.93,1.0
316,275,19,2775,550,1078.5,105.96,1.0
317,166,21,2666,332,1078.46,77.47,1.0
318,281,22,2781,562,1078.45,97.64,1.0
319,216,18,2716,432,1078.37,99.94,1.0
320,266,18,2766,532,1078.26,92.78,1.0
321,186,16,2686,372,1078.24,107.17,1.0
322,289,22,2789,578,1078.23,105.71,1.0
323,271,26,2771,542,1078.22,86.88,1.0
324,241,17,2741,482,1078.17,104.2,1.0
325,214,22,2714,428,1078.13,90.33,1.0
326,214,19,2714,428,1078.12,93.57,1.0
327,223,22,2723,446,1078.11,91.74,1.0
328,199,17,2699,398,1078.0,96.67,1.0
329,149,21,2649,298,1077.99,95.98,1.0
330,142,18,2642,284,1077.89,88.16,1.0
331,166,17,2666,332,1077.88,88.1,1.0
332,243,20,2743,486,1077.73,112.94,1.0
333,299,25,2799,598,1077.72,93.37,1.0
334,180,18,2680,360,1077.52,96.43,1.0
335,264,25,2764,528,1077.46,94.29,1.0
336,195,19,2695,390,1077.44,94.03,1.0
337,261,23,2761,522,1077.42,95.69,1.0
338,101,19,2601,202,1077.41,83.06,1.0
339,209,17,2709,418,1077.4,96.37,1.0
340,224,16,2724,448,1077.37,107.73,1.0
341,117,14,2617,234,1077.35,98.6,1.0
342,161,18,2661,322,1077.24,96.17,1.0
343,251,22,2751,502,1077.17,104.8,1.0
344,163,16,2663,326,1077.16,111.98,1.0
345,77,20,2577,154,1077.11,74.33,1.0
346,131,20,2631,262,1077.08,80.82,1.0
347,287,24,2787,574,1077.04,99.48,1.0
348,216,23,2716,432,1076.97,92.24,1.0
349,151,16,2651,302,1076.86,101.74,1.0
350,273,18,2773,546,1076.84,112.39,1.0
351,209,22,2709,418,1076.73,85.11,1.0
352,118,20,2618,236,1076.68,76.59,1.0
353,238,18,2738,476,1076.64,101.4,1.0
354,166,19,2666,332,1076.62,85.41,1.0
355,265,23,2765,530,1076.55,95.88,1.0
356,130,18,2630,260,1076.52,90.77,1.0
357,273,25,2773,546,1076.46,94.67,1.0
358,293,24,2793,586,1076.44,104.66,1.0
359,166,22,2666,332,1076.38,78.85,1.0
360,190,23,2690,380,1076.38,92.21,1.0
361,93,20,2593,186,1076.37,72.74,1.0
362,168,17,2668,336,1076.37,101.45,1.0
363,294,22,2794,588,1076.33,113.89,1.0
364,291,21,2791,582,1076.27,98.82,1.0
365,236,19,2736,472,1076.22,109.91,1.0
366,266,20,2766,532,1076.21,84.23,1.0
367,113,18,2613,226,1076.17,85.95,1.0
368,286,17,2786,572,1076.06,117.64,1.0
369,266,22,2766,532,1075.92,81.69,1.0
370,146,22,2646,292,1075.9,96.97,1.0
371,177,18,2677,354,1075.82,91.81,1.0
372,134,22,2634,268,1075.74,83.9,1.0
373,218,23,2718,436,1075.74,89.88,1.0
374,224,18,2724,448,1075.72,102.1,1.0
375,265,18,2765,530,1075.62,100.72,1.0
376,218,17,2718,436,1075.58,109.3,1.0
377,297,23,2797,594,1075.53,97.42,1.0
378,151,17,2651,302,1075.52,96.63,1.0
379,235,19,2735,470,1075.45,106.63,1.0
380,277,20,2777,554,1075.4,118.84,1.0
381,130,19,2630,260,1075.38,91.34,1.0
382,281,20,2781,562,1075.37,114.67,1.0
383,236,24,2736,472,1075.36,86.02,1.0
384,261,18,2761,522,1075.35,108.25,1.0
385,218,24,2718,436,1075.26,90.42,1.0
386,225,20,2725,450,1075.26,105.08,1.0
387,118,18,2618,236,1075.24,76.85,1.0
388,267,24,2767,534,1075.24,120.91,1.0
389,70,16,2570,140,1075.22,78.47,1.0
390,217,22,2717,434,1075.21,94.25,1.0
391,162,21,2662,324,1075.13,82.83,1.0
392,273,24,2773,546,1075.1,88.71,1.0
393,247,20,2747,494,1074.96,93.83,1.0
394,77,14,2577,154,1074.79,83.33,1.0
395,122,19,2622,244,1074.78,81.77,1.0
396,286,23,2786,572,1074.72,96.3,1.0
397,161,17,2661,322,1074.7,94.75,1.0
398,263,21,2763,526,1074.7,98.02,1.0
399,256,18,2756,512,1074.67,107.75,1.0
400,251,24,2751,502,1074.52,99.83,1.0
401,221,20,2721,442,1074.46,93.3,1.0
402,241,18,2741,482,1074.41,105.75,1.0
403,142,17,2642,284,1074.33,90.08,1.0
404,161,20,2661,322,1074.33,88.51,1.0
405,105,16,2605,210,1074.25,89.81,1.0
406,240,22,2740,480,1074.22,103.91,1.0
407,163,22,2663,326,1074.21,89.1,1.0
408,115,17,2615,230,1074.18,84.97,1.0
409,212,21,2712,424,1074.18,100.97,1.0
410,177,19,2677,354,1074.16,95.74,1.0
411,258,23,2758,516,1074.14,102.35,1.0
412,146,16,2646,292,1074.1,89.42,1.0
413,265,25,2765,530,1074.1,91.77,1.0
414,255,23,2755,510,1074.06,93.76,1.0
415,227,19,2727,454,1074.0,95.64,1.0
416,166,18,2666,332,1073.88,92.72,1.0
417,224,22,2724,448,1073.84,100.91,1.0
418,49,17,2549,98,1073.83,74.55,1.0
419,179,19,2679,358,1073.83,91.44,1.0
420,176,22,2676,352,1073.78,84.31,1.0
421,138,18,2638,276,1073.78,76.08,1.0
422,142,21,2642,284,1073.67,79.41,1.0
423,113,16,2613,226,1073.66,90.78,1.0
424,291,18,2791,582,1073.65,96.44,1.0
425,126,20,2626,252,1073.61,87.35,1.0
426,171,21,2671,342,1073.6,82.43,1.0
427,291,17,2791,582,1073.58,97.81,1.0
428,221,19,2721,442,1073.54,96.4,1.0
429,188,18,2688,376,1073.47,91.42,1.0
430,235,22,2735,470,1073.44,93.73,1.0
431,271,17,2771,542,1073.39,107.73,1.0
432,71,14,2571,142,1073.36,94.72,1.0
433,217,23,2717,434,1073.32,93.82,1.0
434,165,20,2665,330,1073.31,92.71,1.0
435,258,22,2758,516,1073.31,101.99,1.0
436,142,20,2642,284,1073.3,81.53,1.0
437,216,17,2716,432,1073.29,101.04,1.0
438,257,18,2757,514,1073.28,114.57,1.0
439,126,19,2626,252,1073.26,88.48,1.0
440,251,23,2751,502,1073.24,102.36,1.0
441,279,26,2779,558,1073.16,85.49,1.0
442,146,18,2646,292,1073.14,84.87,1.0
443,134,18,2634,268,1073.08,88.88,1.0
444,216,24,2716,432,1073.04,86.33,1.0
445,90,18,2590,180,1072.87,84.41,1.0
446,98,19,2598,196,1072.86,74.37,1.0
447,122,20,2622,244,1072.86,78.37,1.0
448,165,21,2665,330,1072.8,87.03,1.0
449,151,19,2651,302,1072.79,91.19,1.0
450,297,21,2797,594,1072.74,102.0,1.0
451,113,17,2613,226,1072.73,83.4,1.0
452,289,21,2789,578,1072.68,102.49,1.0
453,163,17,2663,326,1072.67,117.53,1.0
454,179,22,2679,358,1072.56,81.78,1.0
455,202,18,2702,404,1072.47,104.97,1.0
456,223,21,2723,446,1072.43,99.75,1.0
457,184,23,2684,368,1072.41,78.56,1.0
458,227,21,2727,454,1072.38,103.16,1.0
459,223,19,2723,446,1072.38,93.45,1.0
460,165,18,2665,330,1072.36,85.0,1.0
461,101,15,2601,202,1072.3,97.27,1.0
462,294,24,2794,588,1072.23,109.58,1.0
463,105,15,2605,210,1072.22,84.22,1.0
464,223,23,2723,446,1072.2,88.45,1.0
465,241,21,2741,482,1072.06,104.92,1.0
466,297,22,2797,594,1072.04,100.14,1.0
467,151,20,2651,302,1072.02,90.4,1.0
468,224,17,2724,448,1071.98,110.45,1.0
469,85,18,2585,170,1071.96,77.64,1.0
470,49,19,2549,98,1071.95,67.3,1.0
471,117,22,2617,234,1071.92,81.66,1.0
472,134,17,2634,268,1071.84,91.34,1.0
473,233,21,2733,466,1071.77,104.59,1.0
474,231,18,2731,462,1071.73,100.99,1.0
475,48,17,2548,96,1071.67,82.33,1.0
476,226,23,2726,452,1071.67,82.42,1.0
477,44,14,2544,88,1071.63,71.13,1.0
478,275,18,2775,550,1071.59,120.98,1.0
479,210,21,2710,420,1071.58,99.02,1.0
480,209,24,2709,418,1071.56,87.98,1.0
481,221,23,2721,442,1071.47,92.15,1.0
482,279,24,2779,558,1071.46,95.4,1.0
483,275,23,2775,550,1071.45,105.35,1.0
484,37,16,2537,74,1071.44,76.15,1.0
485,131,16,2631,262,1071.44,90.28,1.0
486,241,22,2741,482,1071.41,93.74,1.0
487,250,21,2750,500,1071.4,112.5,1.0
488,176,19,2676,352,1071.39,86.8,1.0
489,255,24,2755,510,1071.35,91.14,1.0
490,263,24,2763,526,1071.34,92.94,1.0
491,257,23,2757,514,1071.25,98.37,1.0
492,144,16,2644,288,1071.12,90.6,1.0
493,146,21,2646,292,1071.12,86.09,1.0
494,118,21,2618,236,1071.11,75.56,1.0
495,122,21,2622,244,1071.08,83.9,1.0
496,279,25,2779,558,1071.06,89.42,1.0
497,294,19,2794,588,1071.04,119.74,1.0
498,168,16,2668,336,1070.95,121.46,1.0
499,101,21,2601,202,1070.94,78.06,1.0
500,203,18,2703,406,1070.91,99.18,1.0
501,235,21,2735,470,1070.84,95.04,1.0
502,113,21,2613,226,1070.82,84.3,1.0
503,291,22,2791,582,1070.78,95.61,1.0
504,116,19,2616,232,1070.7,83.51,1.0
505,201,21,2701,402,1070.7,87.79,1.0
506,226,16,2726,452,1070.68,114.9,1.0
507,243,23,2743,486,1070.66,104.34,1.0
508,213,23,2713,426,1070.64,98.7,1.0
509,266,19,2766,532,1070.56,90.21,1.0
510,49,18,2549,98,1070.54,73.56,1.0
511,273,17,2773,546,1070.54,115.74,1.0
512,90,20,2590,180,1070.52,86.2,1.0
513,275,17,2775,550,1070.48,123.7,1.0
514,195,21,2695,390,1070.44,85.21,1.0
515,275,20,2775,550,1070.43,113.25,1.0
516,141,21,2641,282,1070.4,77.24,1.0
517,287,19,2787,574,1070.4,106.39,1.0
518,122,16,2622,244,1070.36,85.28,1.0
519,193,17,2693,386,1070.34,105.97,1.0
520,236,20,2736,472,1070.3,92.15,1.0
521,299,18,2799,598,1070.28,108.68,1.0
522,105,19,2605,210,1070.27,78.29,1.0
523,247,24,2747,494,1070.25,87.38,1.0
524,10,15,2510,20,1070.18,65.53,1.0
525,266,23,2766,532,1070.17,85.76,1.0
526,221,21,2721,442,1070.15,97.06,1.0
527,186,17,2686,372,1070.14,101.2,1.0
528,286,26,2786,572,1070.11,93.47,1.0
529,110,18,2610,220,1070.08,80.58,1.0
530,10,18,2510,20,1070.07,61.09,1.0
531,291,19,2791,582,1070.07,100.12,1.0
532,57,18,2557,114,1070.06,67.48,1.0
533,137,21,2637,274,1070.05,86.29,1.0
534,117,20,2617,234,1070.01,80.98,1.0
535,178,16,2678,356,1070.01,96.55,1.0
536,77,21,2577,154,1070.0,67.87,1.0
537,227,23,2727,454,1069.98,101.71,1.0
538,199,15,2699,398,1069.97,94.0,1.0
539,225,19,2725,450,1069.88,119.49,1.0
540,255,21,2755,510,1069.87,103.59,1.0
541,247,22,2747,494,1069.8,84.71,1.0
542,259,24,2759,518,1069.74,98.73,1.0
543,236,25,2736,472,1069.65,90.03,1.0
544,130,20,2630,260,1069.64,81.9,1.0
545,161,19,2661,322,1069.61,83.85,1.0
546,153,23,2653,306,1069.55,76.5,1.0
547,259,25,2759,518,1069.5,94.32,1.0
548,199,16,2699,398,1069.49,96.71,1.0
549,238,25,2738,476,1069.44,87.49,1.0
550,86,19,2586,172,1069.35,68.63,1.0
551,139,14,2639,278,1069.34,102.62,1.0
552,265,17,2765,530,1069.34,114.35,1.0
553,242,19,2742,484,1069.32,103.97,1.0
554,71,16,2571,142,1069.23,79.16,1.0
555,101,17,2601,202,1069.2,85.38,1.0
556,272,22,2772,544,1069.2,99.91,1.0
557,85,16,2585,170,1069.15,80.92,1.0
558,226,24,2726,452,1069.14,81.01,1.0
559,291,20,2791,582,1069.04,94.9,1.0
560,126,17,2626,252,1069.02,89.13,1.0
561,161,15,2661,322,1068.96,98.58,1.0
562,221,22,2721,442,1068.96,92.0,1.0
563,181,14,2681,362,1068.95,106.03,1.0
564,93,21,2593,186,1068.91,69.75,1.0
565,125,19,2625,250,1068.91,85.65,1.0
566,279,19,2779,558,1068.88,108.15,1.0
567,118,22,2618,236,1068.85,76.43,1.0
568,257,24,2757,514,1068.84,99.19,1.0
569,149,17,2649,298,1068.77,93.82,1.0
570,253,23,2753,506,1068.77,88.21,1.0
571,220,18,2720,440,1068.72,95.12,1.0
572,213,22,2713,426,1068.69,102.34,1.0
573,162,15,2662,324,1068.65,100.99,1.0
574,73,18,2573,146,1068.59,80.75,1.0
575,139,23,2639,278,1068.58,86.42,1.0
576,256,17,2756,512,1068.47,116.33,1.0
577,178,23,2678,356,1068.44,93.27,1.0
578,37,15,2537,74,1068.43,75.28,1.0
579,267,21,2767,534,1068.38,118.61,1.0
580,236,21,2736,472,1068.37,100.29,1.0
581,176,20,2676,352,1068.26,81.58,1.0
582,126,18,2626,252,1068.23,92.35,1.0
583,256,23,2756,512,1068.22,100.9,1.0
584,231,25,2731,462,1068.19,75.76,1.0
585,190,18,2690,380,1068.18,93.47,1.0
586,202,20,2702,404,1068.14,102.26,1.0
587,98,20,2598,196,1068.13,80.19,1.0
588,45,16,2545,90,1068.12,73.32,1.0
589,116,18,2616,232,1068.12,92.68,1.0
590,190,16,2690,380,1068.1,103.26,1.0
591,89,19,2589,178,1068.08,81.69,1.0
592,291,23,2791,582,1068.02,97.96,1.0
593,270,22,2770,540,1067.98,102.07,1.0
594,266,24,2766,532,1067.96,87.39,1.0
595,287,23,2787,574,1067.92,105.17,1.0
596,224,23,2724,448,1067.9,95.12,1.0
597,45,17,2545,90,1067.87,70.77,1.0
598,178,20,2678,356,1067.81,99.97,1.0
599,246,20,2746,492,1067.8,105.8,1.0
600,202,21,2702,404,1067.77,96.35,1.0
601,188,25,2688,376,1067.76,76.7,1.0
602,90,17,2590,180,1067.74,84.62,1.0
603,241,16,2741,482,1067.7,114.65,1.0
604,289,23,2789,578,1067.7,98.69,1.0
605,213,18,2713,426,1067.64,99.19,1.0
606,105,18,2605,210,1067.58,78.05,1.0
607,234,23,2734,468,1067.54,91.11,1.0
608,236,22,2736,472,1067.52,92.75,1.0
609,242,21,2742,484,1067.52,104.56,1.0
610,215,21,2715,430,1067.39,93.34,1.0
611,188,19,2688,376,1067.28,85.51,1.0
612,241,19,2741,482,1067.27,96.51,1.0
613,100,18,2600,200,1067.26,78.85,1.0
614,148,18,2648,296,1067.26,83.54,1.0
615,214,18,2714,428,1067.22,104.47,1.0
616,203,17,2703,406,1067.2,98.38,1.0
617,82,18,2582,164,1067.19,80.71,1.0
618,255,25,2755,510,1067.1,79.93,1.0
619,294,17,2794,588,1067.02,121.86,1.0
620,186,15,2686,372,1066.98,105.18,1.0
621,213,21,2713,426,1066.97,94.29,1.0
622,213,24,2713,426,1066.97,84.74,1.0
623,202,19,2702,404,1066.96,106.65,1.0
624,75,20,2575,150,1066.95,65.36,1.0
625,141,19,2641,282,1066.9,87.84,1.0
626,128,17,2628,256,1066.84,85.5,1.0
627,214,23,2714,428,1066.82,88.9,1.0
628,298,26,2798,596,1066.81,99.19,1.0
629,267,20,2767,534,1066.73,117.87,1.0
630,0,16,2500,0,1066.72,61.48,1.0
631,117,15,2617,234,1066.71,92.77,1.0
632,274,20,2774,548,1066.69,109.77,1.0
633,70,21,2570,140,1066.68,71.02,1.0
634,277,24,2777,554,1066.64,106.64,1.0
635,101,18,2601,202,1066.61,78.43,1.0
636,185,24,2685,370,1066.59,81.99,1.0
637,252,20,2752,504,1066.56,95.22,1.0
638,48,16,2548,96,1066.54,75.93,1.0
639,170,19,2670,340,1066.46,92.33,1.0
640,257,25,2757,514,1066.39,89.17,1.0
641,134,23,2634,268,1066.28,87.51,1.0
642,0,17,2500,0,1066.26,59.37,1.0
643,217,20,2717,434,1066.21,98.76,1.0
644,209,23,2709,418,1066.14,85.47,1.0
645,180,24,2680,360,1066.1,72.52,1.0
646,299,20,2799,598,1066.01,115.99,1.0
647,235,17,2735,470,1065.96,103.85,1.0
648,98,18,2598,196,1065.94,80.66,1.0
649,180,21,2680,360,1065.94,95.68,1.0
650,251,20,2751,502,1065.94,111.9,1.0
651,263,23,2763,526,1065.93,93.68,1.0
652,142,16,2642,284,1065.92,92.62,1.0
653,196,22,2696,392,1065.9,88.71,1.0
654,203,22,2703,406,1065.9,85.86,1.0
655,290,18,2790,580,1065.86,105.97,1.0
656,267,18,2767,534,1065.82,118.35,1.0
657,167,17,2667,334,1065.79,89.57,1.0
658,300,18,2800,600,1065.77,122.11,1.0
659,131,22,2631,262,1065.72,79.08,1.0
660,277,22,2777,554,1065.69,118.21,1.0
661,193,18,2693,386,1065.68,111.92,1.0
662,49,15,2549,98,1065.59,74.47,1.0
663,279,18,2779,558,1065.47,109.82,1.0
664,37,17,2537,74,1065.37,76.16,1.0
665,90,16,2590,180,1065.32,84.62,1.0
666,176,18,2676,352,1065.28,89.44,1.0
667,106,14,2606,212,1065.26,80.35,1.0
668,246,19,2746,492,1065.22,101.05,1.0
669,37,19,2537,74,1065.2,65.94,1.0
670,236,23,2736,472,1065.2,96.84,1.0
671,100,19,2600,200,1065.15,81.28,1.0
672,101,16,2601,202,1065.14,90.84,1.0
673,147,17,2647,294,1065.02,89.18,1.0
674,45,19,2545,90,1064.99,72.17,1.0
675,233,23,2733,466,1064.97,93.49,1.0
676,81,18,2581,162,1064.96,84.53,1.0
677,253,22,2753,506,1064.96,98.23,1.0
678,121,20,2621,242,1064.92,88.16,1.0
679,105,20,2605,210,1064.9,72.25,1.0
680,298,25,2798,596,1064.9,107.51,1.0
681,186,22,2686,372,1064.84,90.7,1.0
682,212,19,2712,424,1064.84,99.14,1.0
683,188,17,2688,376,1064.83,99.78,1.0
684,215,23,2715,430,1064.83,83.35,1.0
685,235,23,2735,470,1064.81,89.69,1.0
686,45,21,2545,90,1064.78,65.08,1.0
687,263,25,2763,526,1064.74,88.78,1.0
688,23,14,2523,46,1064.65,70.51,1.0
689,23,16,2523,46,1064.65,63.1,1.0
690,110,16,2610,220,1064.63,78.81,1.0
691,149,22,2649,298,1064.6,83.63,1.0
692,85,15,2585,170,1064.58,82.2,1.0
693,252,21,2752,504,1064.54,108.31,1.0
694,294,25,2794,588,1064.53,99.1,1.0
695,162,16,2662,324,1064.51,93.84,1.0
696,76,17,2576,152,1064.5,75.91,1.0
697,272,19,2772,544,1064.5,111.72,1.0
698,287,25,2787,574,1064.49,86.87,1.0
699,177,20,2677,354,1064.47,90.98,1.0
700,196,23,2696,392,1064.46,79.39,1.0
701,10,16,2510,20,1064.42,59.42,1.0
702,37,18,2537,74,1064.39,72.17,1.0
703,168,22,2668,336,1064.38,94.22,1.0
704,257,17,2757,514,1064.37,107.05,1.0
705,70,15,2570,140,1064.36,82.28,1.0
706,247,19,2747,494,1064.36,108.18,1.0
707,86,16,2586,172,1064.24,82.93,1.0
708,23,17,2523,46,1064.18,65.58,1.0
709,195,20,2695,390,1064.18,88.54,1.0
710,284,24,2784,568,1064.17,108.26,1.0
711,141,20,2641,282,1064.14,88.26,1.0
712,137,20,2637,274,1064.13,84.46,1.0
713,277,19,2777,554,1064.12,115.53,1.0
714,177,21,2677,354,1064.1,94.49,1.0
715,85,17,2585,170,1064.08,83.51,1.0
716,203,19,2703,406,1064.08,94.4,1.0
717,232,22,2732,464,1064.04,102.66,1.0
718,277,18,2777,554,1063.97,124.83,1.0
719,122,22,2622,244,1063.87,84.74,1.0
720,261,26,2761,522,1063.86,84.44,1.0
721,176,21,2676,352,1063.82,86.87,1.0
722,276,20,2776,552,1063.81,122.31,1.0
723,263,22,2763,526,1063.78,96.55,1.0
724,286,18,2786,572,1063.76,117.91,1.0
725,165,17,2665,330,1063.73,100.31,1.0
726,227,18,2727,454,1063.72,116.42,1.0
727,273,26,2773,546,1063.68,83.16,1.0
728,81,19,2581,162,1063.66,77.18,1.0
729,196,19,2696,392,1063.65,90.34,1.0
730,258,24,2758,516,1063.61,99.59,1.0
731,227,20,2727,454,1063.5,99.97,1.0
732,217,17,2717,434,1063.47,95.64,1.0
733,290,17,2790,580,1063.47,113.09,1.0
734,150,21,2650,300,1063.45,80.17,1.0
735,147,18,2647,294,1063.45,89.02,1.0
736,120,19,2620,240,1063.4,91.19,1.0
737,82,19,2582,164,1063.37,81.99,1.0
738,23,18,2523,46,1063.36,69.05,1.0
739,62,19,2562,124,1063.35,69.42,1.0
740,153,14,2653,306,1063.35,94.47,1.0
741,152,18,2652,304,1063.35,99.24,1.0
742,203,21,2703,406,1063.35,90.88,1.0
743,100,20,2600,200,1063.26,82.7,1.0
744,147,21,2647,294,1063.24,73.52,1.0
745,264,17,2764,528,1063.24,112.79,1.0
746,277,21,2777,554,1063.22,123.66,1.0
747,118,16,2618,236,1063.18,79.4,1.0
748,240,23,2740,480,1063.16,101.15,1.0
749,91,19,2591,182,1063.11,78.74,1.0
750,299,19,2799,598,1063.1,116.68,1.0
751,15,18,2515,30,1063.06,63.45,1.0
752,233,18,2733,466,1063.06,102.1,1.0
753,245,19,2745,490,1063.06,120.93,1.0
754,267,25,2767,534,1063.06,106.43,1.0
755,155,17,2655,310,1063.04,87.96,1.0
756,281,23,2781,562,1063.04,107.61,1.0
757,93,19,2593,186,1063.0,74.91,1.0
758,241,20,2741,482,1062.94,105.06,1.0
759,23,19,2523,46,1062.93,68.65,1.0
760,214,16,2714,428,1062.92,113.51,1.0
761,93,17,2593,186,1062.84,75.1,1.0
762,57,16,2557,114,1062.82,66.52,1.0
763,167,21,2667,334,1062.77,82.42,1.0
764,189,19,2689,378,1062.77,86.12,1.0
765,45,20,2545,90,1062.74,72.61,1.0
766,126,21,2626,252,1062.68,81.53,1.0
767,234,20,2734,468,1062.68,108.13,1.0
768,289,25,2789,578,1062.68,98.56,1.0
769,171,20,2671,342,1062.65,88.75,1.0
770,207,21,2707,414,1062.63,93.05,1.0
771,110,19,2610,220,1062.62,78.86,1.0
772,116,21,2616,232,1062.55,75.74,1.0
773,162,20,2662,324,1062.54,92.38,1.0
774,190,24,2690,380,1062.5,90.95,1.0
775,193,20,2693,386,1062.49,108.53,1.0
776,75,17,2575,150,1062.46,69.91,1.0
777,133,17,2633,266,1062.46,84.65,1.0
778,210,22,2710,420,1062.45,84.33,1.0
779,168,15,2668,336,1062.42,109.19,1.0
780,72,17,2572,144,1062.37,69.27,1.0
781,135,21,2635,270,1062.3,82.55,1.0
782,275,25,2775,550,1062.27,100.17,1.0
783,170,18,2670,340,1062.17,92.94,1.0
784,171,19,2671,342,1062.14,89.82,1.0
785,181,25,2681,362,1062.14,77.59,1.0
786,86,20,2586,172,1062.09,72.57,1.0
787,43,19,2543,86,1062.08,73.19,1.0
788,245,18,2745,490,1062.06,111.15,1.0
789,10,17,2510,20,1061.98,50.92,1.0
790,252,19,2752,504,1061.98,101.94,1.0
791,281,18,2781,562,1061.94,120.57,1.0
792,291,24,2791,582,1061.94,101.9,1.0
793,154,22,2654,308,1061.91,75.87,1.0
794,298,19,2798,596,1061.91,122.43,1.0
795,190,17,2690,380,1061.88,95.97,1.0
796,205,19,2705,410,1061.86,103.5,1.0
797,178,19,2678,356,1061.84,92.57,1.0
798,263,20,2763,526,1061.81,102.85,1.0
799,203,16,2703,406,1061.8,112.41,1.0
800,232,20,2732,464,1061.8,107.87,1.0
801,10,19,2510,20,1061.78,56.52,1.0
802,178,17,2678,356,1061.78,95.06,1.0
803,167,18,2667,334,1061.76,94.54,1.0
804,285,22,2785,570,1061.76,105.55,1.0
805,113,20,2613,226,1061.73,83.1,1.0
806,280,20,2780,560,1061.66,107.34,1.0
807,123,20,2623,246,1061.65,81.8,1.0
808,279,17,2779,558,1061.64,108.13,1.0
809,196,17,2696,392,1061.61,100.67,1.0
810,191,19,2691,382,1061.61,99.1,1.0
811,187,20,2687,374,1061.6,83.97,1.0
812,231,17,2731,462,1061.59,102.05,1.0
813,264,27,2764,528,1061.59,84.87,1.0
814,118,15,2618,236,1061.57,85.81,1.0
815,128,19,2628,256,1061.55,84.2,1.0
816,293,17,2793,586,1061.53,123.14,1.0
817,184,24,2684,368,1061.5,76.07,1.0
818,237,21,2737,474,1061.49,114.21,1.0
819,213,20,2713,426,1061.47,94.27,1.0
820,185,16,2685,370,1061.44,108.91,1.0
821,81,20,2581,162,1061.42,82.91,1.0
822,53,19,2553,106,1061.4,61.48,1.0
823,14,17,2514,28,1061.38,68.35,1.0
824,91,18,2591,182,1061.34,76.5,1.0
825,232,18,2732,464,1061.34,104.61,1.0
826,110,20,2610,220,1061.32,69.72,1.0
827,223,16,2723,446,1061.31,114.92,1.0
828,297,20,2797,594,1061.27,122.85,1.0
829,202,17,2702,404,1061.24,101.34,1.0
830,286,25,2786,572,1061.23,90.5,1.0
831,66,15,2566,132,1061.21,73.02,1.0
832,87,18,2587,174,1061.21,73.59,1.0
833,110,21,2610,220,1061.18,70.74,1.0
834,165,16,2665,330,1061.18,98.19,1.0
835,121,19,2621,242,1061.16,89.25,1.0
836,164,21,2664,328,1061.16,84.7,1.0
837,145,19,2645,290,1061.14,86.17,1.0
838,182,20,2682,364,1061.14,99.09,1.0
839,145,20,2645,290,1061.13,87.58,1.0
840,23,15,2523,46,1061.1,69.2,1.0
841,51,19,2551,102,1061.08,65.8,1.0
842,238,16,2738,476,1061.08,112.3,1.0
843,244,24,2744,488,1061.03,88.3,1.0
844,105,14,2605,210,1061.02,92.82,1.0
845,161,23,2661,322,1061.01,82.05,1.0
846,215,22,2715,430,1061.0,89.06,1.0
847,233,16,2733,466,1061.0,103.92,1.0
848,66,17,2566,132,1060.99,71.79,1.0
849,224,24,2724,448,1060.98,94.24,1.0
850,144,15,2644,288,1060.96,84.5,1.0
851,272,23,2772,544,1060.94,101.14,1.0
852,179,20,2679,358,1060.93,86.89,1.0
853,74,17,2574,148,1060.87,80.94,1.0
854,220,21,2720,440,1060.87,84.65,1.0
855,73,19,2573,146,1060.85,75.11,1.0
856,86,15,2586,172,1060.83,78.56,1.0
857,171,22,2671,342,1060.81,84.05,1.0
858,241,23,2741,482,1060.77,98.12,1.0
859,123,19,2623,246,1060.72,76.57,1.0
860,287,20,2787,574,1060.7,107.76,1.0
861,113,19,2613,226,1060.68,88.21,1.0
862,133,18,2633,266,1060.66,79.36,1.0
863,139,24,2639,278,1060.65,78.47,1.0
864,240,24,2740,480,1060.63,100.62,1.0
865,101,22,2601,202,1060.61,74.99,1.0
866,77,15,2577,154,1060.6,81.14,1.0
867,180,16,2680,360,1060.58,100.54,1.0
868,71,19,2571,142,1060.54,74.61,1.0
869,49,20,2549,98,1060.49,67.02,1.0
870,186,24,2686,372,1060.47,87.34,1.0
871,70,22,2570,140,1060.4,69.75,1.0
872,233,24,2733,466,1060.36,89.78,1.0
873,85,19,2585,170,1060.32,78.69,1.0
874,289,20,2789,578,1060.28,107.7,1.0
875,276,21,2776,552,1060.18,120.63,1.0
876,79,17,2579,158,1060.15,80.86,1.0
877,99,16,2599,198,1060.13,86.04,1.0
878,264,18,2764,528,1060.13,120.78,1.0
879,240,20,2740,480,1060.12,118.94,1.0
880,245,22,2745,490,1060.1,113.86,1.0
881,284,23,2784,568,1060.09,103.63,1.0
882,115,18,2615,230,1060.06,79.4,1.0
883,171,18,2671,342,1060.06,94.83,1.0
884,246,21,2746,492,1060.02,101.08,1.0
885,44,21,2544,88,1060.0,71.98,1.0
886,66,16,2566,132,1059.98,74.83,1.0
887,145,17,2645,290,1059.98,88.45,1.0
888,120,17,2620,240,1059.92,87.74,1.0
889,135,19,2635,270,1059.92,89.95,1.0
890,113,22,2613,226,1059.9,80.56,1.0
891,121,16,2621,242,1059.85,93.87,1.0
892,267,17,2767,534,1059.84,119.8,1.0
893,93,18,2593,186,1059.82,71.26,1.0
894,179,21,2679,358,1059.8,90.51,1.0
895,128,16,2628,256,1059.78,91.35,1.0
896,163,18,2663,326,1059.76,107.19,1.0
897,231,26,2731,462,1059.75,75.43,1.0
898,152,19,2652,304,1059.74,103.47,1.0
899,86,18,2586,172,1059.61,66.74,1.0
900,253,16,2753,506,1059.55,114.63,1.0
901,76,18,2576,152,1059.52,78.28,1.0
902,220,20,2720,440,1059.52,90.79,1.0
903,85,20,2585,170,1059.51,73.73,1.0
904,137,22,2637,274,1059.48,87.59,1.0
905,206,21,2706,412,1059.46,91.66,1.0
906,15,16,2515,30,1059.44,68.21,1.0
907,125,18,2625,250,1059.41,90.51,1.0
908,300,26,2800,600,1059.38,102.29,1.0
909,258,17,2758,516,1059.32,113.15,1.0
910,15,15,2515,30,1059.29,62.27,1.0
911,22,20,2522,44,1059.27,61.56,1.0
912,63,17,2563,126,1059.25,82.22,1.0
913,155,18,2655,310,1059.21,97.2,1.0
914,245,20,2745,490,1059.14,109.52,1.0
915,130,16,2630,260,1059.06,94.86,1.0
916,114,21,2614,228,1058.98,78.4,1.0
917,128,18,2628,256,1058.98,83.45,1.0
918,11,18,2511,22,1058.97,61.22,1.0
919,92,16,2592,184,1058.96,80.51,1.0
920,157,24,2657,314,1058.96,80.94,1.0
921,223,17,2723,446,1058.94,109.31,1.0
922,227,17,2727,454,1058.93,106.57,1.0
923,285,24,2785,570,1058.82,106.86,1.0
924,293,25,2793,586,1058.79,98.12,1.0
925,38,18,2538,76,1058.76,65.6,1.0
926,87,19,2587,174,1058.76,74.9,1.0
927,298,18,2798,596,1058.76,118.94,1.0
928,229,20,2729,458,1058.73,97.82,1.0
929,178,15,2678,356,1058.68,105.3,1.0
930,153,15,2653,306,1058.65,94.76,1.0
931,196,18,2696,392,1058.6,112.7,1.0
932,100,21,2600,200,1058.58,77.16,1.0
933,172,20,2672,344,1058.53,97.67,1.0
934,299,17,2799,598,1058.53,119.1,1.0
935,98,21,2598,196,1058.51,77.96,1.0
936,137,16,2637,274,1058.48,92.56,1.0
937,288,19,2788,576,1058.48,120.62,1.0
938,184,17,2684,368,1058.44,96.24,1.0
939,299,26,2799,598,1058.38,88.07,1.0
940,161,16,2661,322,1058.3,101.8,1.0
941,265,26,2765,530,1058.29,91.23,1.0
942,285,23,2785,570,1058.28,94.95,1.0
943,62,20,2562,124,1058.21,69.91,1.0
944,213,19,2713,426,1058.19,102.4,1.0
945,243,19,2743,486,1058.19,111.25,1.0
946,50,15,2550,100,1058.18,93.08,1.0
947,281,24,2781,562,1058.15,100.22,1.0
948,87,20,2587,174,1058.12,73.4,1.0
949,86,17,2586,172,1058.1,79.43,1.0
950,163,15,2663,326,1058.0,116.55,1.0
951,226,25,2726,452,1057.99,84.68,1.0
952,283,21,2783,566,1057.92,104.8,1.0
953,125,20,2625,250,1057.91,81.36,1.0
954,287,18,2787,574,1057.83,122.25,1.0
955,268,22,2768,536,1057.8,99.57,1.0
956,284,22,2784,568,1057.76,111.29,1.0
957,78,18,2578,156,1057.74,84.99,1.0
958,130,21,2630,260,1057.73,80.01,1.0
959,162,22,2662,324,1057.72,90.72,1.0
960,149,16,2649,298,1057.68,96.93,1.0
961,103,17,2603,206,1057.62,87.84,1.0
962,147,19,2647,294,1057.56,87.06,1.0
963,48,15,2548,96,1057.52,74.85,1.0
964,271,27,2771,542,1057.5,86.02,1.0
965,67,19,2567,134,1057.49,66.45,1.0
966,90,15,2590,180,1057.48,84.22,1.0
967,245,23,2745,490,1057.48,100.37,1.0
968,217,18,2717,434,1057.47,90.65,1.0
969,91,17,2591,182,1057.44,77.82,1.0
970,259,26,2759,518,1057.43,92.31,1.0
971,134,16,2634,268,1057.41,96.52,1.0
972,160,20,2660,320,1057.4,84.34,1.0
973,196,24,2696,392,1057.37,77.84,1.0
974,256,24,2756,512,1057.36,96.01,1.0
975,92,17,2592,184,1057.35,81.76,1.0
976,160,18,2660,320,1057.35,82.64,1.0
977,187,21,2687,374,1057.3,84.49,1.0
978,11,17,2511,22,1057.29,67.09,1.0
979,258,16,2758,516,1057.28,109.18,1.0
980,71,20,2571,142,1057.26,81.65,1.0
981,205,20,2705,410,1057.26,103.13,1.0
982,237,23,2737,474,1057.26,91.11,1.0
983,297,19,2797,594,1057.21,102.85,1.0
984,288,21,2788,576,1057.14,114.56,1.0
985,82,20,2582,164,1057.12,74.94,1.0
986,234,21,2734,468,1057.12,108.49,1.0
987,186,21,2686,372,1057.1,101.73,1.0
988,190,15,2690,380,1057.08,103.08,1.0
989,188,16,2688,376,1057.05,100.02,1.0
990,16,16,2516,32,1057.04,64.46,1.0
991,103,22,2603,206,1057.04,68.3,1.0
992,137,15,2637,274,1057.04,93.18,1.0
993,218,25,2718,436,1057.03,92.8,1.0
994,110,17,2610,220,1057.02,83.2,1.0
995,172,21,2672,344,1057.02,84.2,1.0
996,237,20,2737,474,1056.96,104.67,1.0
997,62,18,2562,124,1056.94,75.43,1.0
998,152,21,2652,304,1056.94,97.36,1.0
999,120,18,2620,240,1056.92,90.95,1.0
1000,179,18,2679,358,1056.89,98.01,1.0
1001,96,20,2596,192,1056.87,68.22,1.0
1002,131,21,2631,262,1056.79,96.97,1.0
1003,141,18,2641,282,1056.79,93.61,1.0
1004,253,17,2753,506,1056.79,98.55,1.0
1005,147,22,2647,294,1056.73,84.38,1.0
1006,243,24,2743,486,1056.72,103.81,1.0
1007,57,19,2557,114,1056.69,64.16,1.0
1008,81,21,2581,162,1056.66,77.5,1.0
1009,14,15,2514,28,1056.63,67.9,1.0
1010,235,16,2735,470,1056.63,123.01,1.0
1011,292,21,2792,584,1056.62,108.02,1.0
1012,242,24,2742,484,1056.59,85.29,1.0
1013,148,21,2648,296,1056.57,83.06,1.0
1014,195,22,2695,390,1056.57,82.82,1.0
1015,133,19,2633,266,1056.56,75.3,1.0
1016,250,22,2750,500,1056.54,103.7,1.0
1017,152,17,2652,304,1056.52,101.73,1.0
1018,103,18,2603,206,1056.51,80.86,1.0
1019,272,20,2772,544,1056.46,100.97,1.0
1020,108,20,2608,216,1056.45,75.9,1.0
1021,154,21,2654,308,1056.45,81.44,1.0
1022,211,19,2711,422,1056.39,102.29,1.0
1023,226,15,2726,452,1056.39,104.88,1.0
1024,148,19,2648,296,1056.38,87.27,1.0
1025,72,16,2572,144,1056.36,74.47,1.0
1026,57,17,2557,114,1056.31,69.41,1.0
1027,161,14,2661,322,1056.3,100.24,1.0
1028,81,17,2581,162,1056.18,85.06,1.0
1029,220,22,2720,440,1056.18,91.43,1.0
1030,209,16,2709,418,1056.18,91.99,1.0
1031,228,17,2728,456,1056.18,103.28,1.0
1032,253,24,2753,506,1056.18,87.45,1.0
1033,294,18,2794,588,1056.18,123.83,1.0
1034,121,17,2621,242,1056.12,92.89,1.0
1035,127,20,2627,254,1056.12,67.99,1.0
1036,89,18,2589,178,1056.1,87.03,1.0
1037,98,17,2598,196,1056.1,81.59,1.0
1038,155,19,2655,310,1056.09,83.95,1.0
1039,247,25,2747,494,1056.0,83.84,1.0
1040,73,17,2573,146,1055.98,83.72,1.0
1041,163,23,2663,326,1055.98,92.15,1.0
1042,99,18,2599,198,1055.97,78.13,1.0
1043,214,17,2714,428,1055.9,100.55,1.0
1044,187,18,2687,374,1055.88,104.62,1.0
1045,105,21,2605,210,1055.82,72.22,1.0
1046,87,17,2587,174,1055.81,76.52,1.0
1047,195,17,2695,390,1055.81,95.8,1.0
1048,92,20,2592,184,1055.78,80.08,1.0
1049,275,24,2775,550,1055.75,102.35,1.0
1050,79,20,2579,158,1055.73,76.34,1.0
1051,191,17,2691,382,1055.72,98.64,1.0
1052,191,18,2691,382,1055.69,100.46,1.0
1053,82,17,2582,164,1055.68,85.52,1.0
1054,12,18,2512,24,1055.65,60.44,1.0
1055,72,15,2572,144,1055.64,82.28,1.0
1056,177,22,2677,354,1055.64,86.88,1.0
1057,43,17,2543,86,1055.63,77.16,1.0
1058,23,20,2523,46,1055.63,65.82,1.0
1059,115,20,2615,230,1055.61,71.01,1.0
1060,52,17,2552,104,1055.58,69.99,1.0
1061,221,18,2721,442,1055.56,99.89,1.0
1062,45,18,2545,90,1055.55,70.05,1.0
1063,130,15,2630,260,1055.55,99.64,1.0
1064,144,22,2644,288,1055.55,79.7,1.0
1065,99,17,2599,198,1055.54,78.99,1.0
1066,103,21,2603,206,1055.53,75.52,1.0
1067,176,16,2676,352,1055.52,97.91,1.0
1068,199,24,2699,398,1055.52,87.47,1.0
1069,11,19,2511,22,1055.5,64.73,1.0
1070,116,20,2616,232,1055.5,81.22,1.0
1071,203,23,2703,406,1055.5,86.99,1.0
1072,187,19,2687,374,1055.48,90.14,1.0
1073,289,24,2789,578,1055.48,97.5,1.0
1074,212,22,2712,424,1055.44,92.98,1.0
1075,51,17,2551,102,1055.38,71.87,1.0
1076,150,22,2650,300,1055.38,83.48,1.0
1077,233,17,2733,466,1055.35,108.9,1.0
1078,155,22,2655,310,1055.34,94.98,1.0
1079,49,14,2549,98,1055.33,75.98,1.0
1080,188,15,2688,376,1055.32,102.66,1.0
1081,245,21,2745,490,1055.31,109.51,1.0
1082,11,16,2511,22,1055.28,63.4,1.0
1083,290,25,2790,580,1055.27,95.71,1.0
1084,170,20,2670,340,1055.23,89.03,1.0
1085,37,20,2537,74,1055.22,62.69,1.0
1086,176,17,2676,352,1055.16,97.64,1.0
1087,0,18,2500,0,1055.11,63.13,1.0
1088,265,16,2765,530,1055.11,108.35,1.0
1089,5,17,2505,10,1055.08,68.21,1.0
1090,38,17,2538,76,1055.0,74.96,1.0
1091,180,25,2680,360,1055.0,78.21,1.0
1092,270,21,2770,540,1054.99,103.9,1.0
1093,280,21,2780,560,1054.94,103.73,1.0
1094,221,17,2721,442,1054.85,109.35,1.0
1095,228,19,2728,456,1054.85,95.21,1.0
1096,51,21,2551,102,1054.82,67.92,1.0
1097,177,17,2677,354,1054.81,97.34,1.0
1098,37,14,2537,74,1054.8,76.33,1.0
1099,93,16,2593,186,1054.72,87.73,1.0
1100,110,22,2610,220,1054.72,70.43,1.0
1101,182,21,2682,364,1054.71,85.71,1.0
1102,155,16,2655,310,1054.68,91.33,1.0
1103,61,18,2561,122,1054.65,67.8,1.0
1104,207,19,2707,414,1054.64,90.34,1.0
1105,283,23,2783,566,1054.63,95.22,1.0
1106,242,18,2742,484,1054.61,105.75,1.0
1107,201,23,2701,402,1054.6,82.95,1.0
1108,116,17,2616,232,1054.58,87.94,1.0
1109,14,14,2514,28,1054.54,73.15,1.0
1110,57,15,2557,114,1054.54,74.73,1.0
1111,113,14,2613,226,1054.54,89.74,1.0
1112,141,22,2641,282,1054.51,82.67,1.0
1113,22,21,2522,44,1054.5,72.38,1.0
1114,282,20,2782,564,1054.49,106.47,1.0
1115,266,17,2766,532,1054.45,94.36,1.0
1116,7,17,2507,14,1054.42,65.51,1.0
1117,121,21,2621,242,1054.39,76.34,1.0
1118,51,18,2551,102,1054.37,70.05,1.0
1119,195,23,2695,390,1054.36,85.96,1.0
1120,117,23,2617,234,1054.3,71.91,1.0
1121,136,20,2636,272,1054.3,81.98,1.0
1122,297,17,2797,594,1054.26,119.82,1.0
1123,297,24,2797,594,1054.26,100.24,1.0
1124,186,23,2686,372,1054.23,85.52,1.0
1125,288,23,2788,576,1054.22,104.49,1.0
1126,285,21,2785,570,1054.21,105.48,1.0
1127,135,18,2635,270,1054.2,89.31,1.0
1128,258,25,2758,516,1054.2,91.64,1.0
1129,281,16,2781,562,1054.2,123.75,1.0
1130,92,18,2592,184,1054.18,74.9,1.0
1131,96,19,2596,192,1054.14,77.52,1.0
1132,136,19,2636,272,1054.13,84.5,1.0
1133,66,18,2566,132,1054.09,79.84,1.0
1134,102,20,2602,204,1054.07,72.09,1.0
1135,105,22,2605,210,1054.06,68.63,1.0
1136,211,23,2711,422,1054.04,100.07,1.0
1137,296,22,2796,592,1054.0,99.71,1.0
1138,143,18,2643,286,1053.97,90.97,1.0
1139,44,22,2544,88,1053.92,64.42,1.0
1140,245,24,2745,490,1053.92,99.76,1.0
1141,43,18,2543,86,1053.9,75.23,1.0
1142,134,24,2634,268,1053.9,77.92,1.0
1143,203,25,2703,406,1053.84,81.65,1.0
1144,244,23,2744,488,1053.84,91.05,1.0
1145,86,21,2586,172,1053.8,68.45,1.0
1146,232,21,2732,464,1053.79,112.27,1.0
1147,193,22,2693,386,1053.78,99.11,1.0
1148,160,17,2660,320,1053.76,85.11,1.0
1149,234,24,2734,468,1053.76,91.06,1.0
1150,241,24,2741,482,1053.74,91.98,1.0
1151,280,23,2780,560,1053.74,101.0,1.0
1152,43,16,2543,86,1053.73,79.5,1.0
1153,28,17,2528,56,1053.7,66.85,1.0
1154,283,26,2783,566,1053.7,93.94,1.0
1155,277,17,2777,554,1053.69,130.03,1.0
1156,24,15,2524,48,1053.68,69.71,1.0
1157,49,21,2549,98,1053.66,71.18,1.0
1158,53,18,2553,106,1053.6,67.95,1.0
1159,255,20,2755,510,1053.59,114.68,1.0
1160,123,18,2623,246,1053.56,85.59,1.0
1161,285,19,2785,570,1053.52,121.41,1.0
1162,175,17,2675,350,1053.48,100.37,1.0
1163,211,20,2711,422,1053.47,107.32,1.0
1164,72,18,2572,144,1053.46,75.08,1.0
1165,87,21,2587,174,1053.43,69.13,1.0
1166,202,22,2702,404,1053.42,104.41,1.0
1167,51,20,2551,102,1053.4,73.2,1.0
1168,298,27,2798,596,1053.38,96.93,1.0
1169,15,17,2515,30,1053.34,71.13,1.0
1170,126,16,2626,252,1053.34,91.63,1.0
1171,262,21,2762,524,1053.33,114.67,1.0
1172,27,17,2527,54,1053.31,69.11,1.0
1173,135,20,2635,270,1053.23,85.53,1.0
1174,0,15,2500,0,1053.21,55.88,1.0
1175,91,20,2591,182,1053.2,78.7,1.0
1176,116,15,2616,232,1053.16,93.79,1.0
1177,190,25,2690,380,1053.15,77.38,1.0
1178,141,17,2641,282,1053.14,93.16,1.0
1179,201,20,2701,402,1053.14,97.59,1.0
1180,135,22,2635,270,1053.12,79.07,1.0
1181,242,20,2742,484,1053.12,99.98,1.0
1182,164,20,2664,328,1053.1,76.38,1.0
1183,5,18,2505,10,1053.07,65.24,1.0
1184,272,25,2772,544,1053.07,90.5,1.0
1185,283,18,2783,566,1053.0,118.25,1.0
1186,106,18,2606,212,1052.99,80.7,1.0
1187,179,23,2679,358,1052.99,88.75,1.0
1188,192,20,2692,384,1052.99,97.29,1.0
1189,172,22,2672,344,1052.97,78.54,1.0
1190,246,22,2746,492,1052.95,93.33,1.0
1191,242,22,2742,484,1052.91,89.09,1.0
1192,243,18,2743,486,1052.91,125.27,1.0
1193,212,20,2712,424,1052.9,110.34,1.0
1194,146,23,2646,292,1052.84,84.13,1.0
1195,232,17,2732,464,1052.82,119.6,1.0
1196,168,14,2668,336,1052.81,115.76,1.0
1197,38,19,2538,76,1052.8,70.37,1.0
1198,282,18,2782,564,1052.8,114.54,1.0
1199,215,20,2715,430,1052.76,93.81,1.0
1200,99,19,2599,198,1052.75,78.46,1.0
1201,45,15,2545,90,1052.66,75.16,1.0
1202,93,22,2593,186,1052.62,73.97,1.0
1203,274,19,2774,548,1052.62,112.24,1.0
1204,178,22,2678,356,1052.6,89.67,1.0
1205,182,18,2682,364,1052.56,101.18,1.0
1206,123,21,2623,246,1052.54,84.88,1.0
1207,128,15,2628,256,1052.53,87.74,1.0
1208,126,22,2626,252,1052.49,81.11,1.0
1209,102,18,2602,204,1052.48,76.46,1.0
1210,285,25,2785,570,1052.46,94.25,1.0
1211,262,23,2762,524,1052.44,97.15,1.0
1212,84,16,2584,168,1052.43,85.56,1.0
1213,139,13,2639,278,1052.41,103.21,1.0
1214,189,18,2689,378,1052.39,103.56,1.0
1215,252,22,2752,504,1052.33,108.78,1.0
1216,267,19,2767,534,1052.32,118.72,1.0
1217,109,19,2609,218,1052.31,77.88,1.0
1218,205,24,2705,410,1052.29,92.5,1.0
1219,195,16,2695,390,1052.28,100.94,1.0
1220,28,18,2528,56,1052.26,66.63,1.0
1221,208,18,2708,416,1052.24,93.07,1.0
1222,223,24,2723,446,1052.22,84.16,1.0
1223,150,23,2650,300,1052.21,82.24,1.0
1224,238,26,2738,476,1052.2,84.12,1.0
1225,0,14,2500,0,1052.18,66.4,1.0
1226,75,16,2575,150,1052.17,75.03,1.0
1227,210,23,2710,420,1052.15,87.41,1.0
1228,84,18,2584,168,1052.12,75.39,1.0
1229,193,19,2693,386,1052.1,90.74,1.0
1230,292,22,2792,584,1052.09,108.08,1.0
1231,78,19,2578,156,1052.06,81.66,1.0
1232,240,19,2740,480,1052.04,115.6,1.0
1233,166,16,2666,332,1051.99,97.22,1.0
1234,108,19,2608,216,1051.98,88.24,1.0
1235,90,21,2590,180,1051.9,73.9,1.0
1236,74,18,2574,148,1051.89,81.99,1.0
1237,246,25,2746,492,1051.89,90.99,1.0
1238,255,17,2755,510,1051.88,116.83,1.0
1239,293,16,2793,586,1051.87,135.68,1.0
1240,106,16,2606,212,1051.85,87.41,1.0
1241,246,24,2746,492,1051.84,97.82,1.0
1242,284,21,2784,568,1051.84,109.0,1.0
1243,48,19,2548,96,1051.81,75.53,1.0
1244,115,16,2615,230,1051.79,94.27,1.0
1245,194,22,2694,388,1051.78,76.06,1.0
1246,210,20,2710,420,1051.78,97.91,1.0
1247,165,23,2665,330,1051.77,85.48,1.0
1248,136,21,2636,272,1051.76,80.92,1.0
1249,243,25,2743,486,1051.73,95.27,1.0
1250,227,24,2727,454,1051.7,94.13,1.0
1251,115,21,2615,230,1051.66,72.6,1.0
1252,72,19,2572,144,1051.64,75.66,1.0
1253,79,21,2579,158,1051.64,75.68,1.0
1254,26,16,2526,52,1051.6,67.71,1.0
1255,291,16,2791,582,1051.58,109.54,1.0
1256,11,14,2511,22,1051.54,73.72,1.0
1257,160,19,2660,320,1051.5,80.03,1.0
1258,288,20,2788,576,1051.5,112.19,1.0
1259,239,22,2739,478,1051.49,99.93,1.0
1260,207,23,2707,414,1051.46,86.97,1.0
1261,116,22,2616,232,1051.42,75.53,1.0
1262,12,16,2512,24,1051.38,62.84,1.0
1263,281,17,2781,562,1051.38,120.87,1.0
1264,110,15,2610,220,1051.28,91.38,1.0
1265,225,18,2725,450,1051.28,121.83,1.0
1266,123,17,2623,246,1051.21,83.72,1.0
1267,167,19,2667,334,1051.21,84.57,1.0
1268,270,23,2770,540,1051.18,96.54,1.0
1269,155,20,2655,310,1051.16,87.65,1.0
1270,207,20,2707,414,1051.16,85.92,1.0
1271,217,25,2717,434,1051.15,85.94,1.0
1272,191,20,2691,382,1051.14,87.43,1.0
1273,232,19,2732,464,1051.14,92.71,1.0
1274,76,19,2576,152,1051.12,72.91,1.0
1275,114,20,2614,228,1051.12,79.66,1.0
1276,17,15,2517,34,1051.11,66.24,1.0
1277,270,24,2770,540,1051.08,96.65,1.0
1278,96,17,2596,192,1051.06,85.06,1.0
1279,235,24,2735,470,1051.06,98.67,1.0
1280,193,16,2693,386,1051.03,110.0,1.0
1281,208,22,2708,416,1051.02,80.85,1.0
1282,67,20,2567,134,1050.99,61.1,1.0
1283,130,22,2630,260,1050.99,79.22,1.0
1284,120,16,2620,240,1050.98,86.98,1.0
1285,47,18,2547,94,1050.96,72.63,1.0
1286,52,19,2552,104,1050.94,71.44,1.0
1287,23,21,2523,46,1050.94,56.98,1.0
1288,96,16,2596,192,1050.9,84.98,1.0
1289,50,19,2550,100,1050.88,72.79,1.0
1290,166,23,2666,332,1050.88,78.0,1.0
1291,239,21,2739,478,1050.79,101.83,1.0
1292,128,21,2628,256,1050.78,76.01,1.0
1293,229,21,2729,458,1050.78,112.72,1.0
1294,143,21,2643,286,1050.65,76.09,1.0
1295,283,22,2783,566,1050.58,98.55,1.0
1296,73,20,2573,146,1050.56,76.87,1.0
1297,12,17,2512,24,1050.54,64.17,1.0
1298,85,14,2585,170,1050.52,73.85,1.0
1299,146,15,2646,292,1050.49,95.51,1.0
1300,266,25,2766,532,1050.49,87.41,1.0
1301,38,16,2538,76,1050.44,68.3,1.0
1302,165,24,2665,330,1050.44,82.53,1.0
1303,180,15,2680,360,1050.44,111.43,1.0
1304,270,20,2770,540,1050.43,107.55,1.0
1305,238,15,2738,476,1050.38,104.43,1.0
1306,171,23,2671,342,1050.34,80.8,1.0
1307,182,19,2682,364,1050.34,89.51,1.0
1308,225,17,2725,450,1050.32,120.83,1.0
1309,116,16,2616,232,1050.31,93.81,1.0
1310,42,17,2542,84,1050.3,68.88,1.0
1311,76,21,2576,152,1050.3,73.38,1.0
1312,216,25,2716,432,1050.3,78.64,1.0
1313,288,22,2788,576,1050.26,109.23,1.0
1314,54,17,2554,108,1050.22,78.6,1.0
1315,8,16,2508,16,1050.19,73.94,1.0
1316,24,16,2524,48,1050.18,70.1,1.0
1317,135,16,2635,270,1050.16,104.92,1.0
1318,147,20,2647,294,1050.13,81.26,1.0
1319,91,15,2591,182,1050.06,80.05,1.0
1320,76,20,2576,152,1050.04,70.82,1.0
1321,198,20,2698,396,1050.0,91.34,1.0
1322,15,19,2515,30,1049.96,67.62,1.0
1323,229,22,2729,458,1049.96,98.21,1.0
1324,187,17,2687,374,1049.92,97.2,1.0
1325,205,21,2705,410,1049.91,99.86,1.0
1326,27,16,2527,54,1049.9,72.6,1.0
1327,83,16,2583,166,1049.89,88.27,1.0
1328,121,15,2621,242,1049.86,96.43,1.0
1329,172,18,2672,344,1049.86,89.84,1.0
1330,206,16,2706,412,1049.83,102.02,1.0
1331,232,23,2732,464,1049.81,95.22,1.0
1332,100,17,2600,200,1049.78,86.22,1.0
1333,293,26,2793,586,1049.78,97.62,1.0
1334,60,18,2560,120,1049.75,73.28,1.0
1335,115,19,2615,230,1049.75,80.01,1.0
1336,167,20,2667,334,1049.74,94.74,1.0
1337,37,21,2537,74,1049.67,66.11,1.0
1338,73,15,2573,146,1049.66,89.51,1.0
1339,143,22,2643,286,1049.64,82.19,1.0
1340,201,19,2701,402,1049.64,106.53,1.0
1341,242,23,2742,484,1049.58,87.69,1.0
1342,17,18,2517,34,1049.56,58.75,1.0
1343,133,16,2633,266,1049.55,89.54,1.0
1344,88,19,2588,176,1049.53,77.44,1.0
1345,255,19,2755,510,1049.5,117.91,1.0
1346,131,15,2631,262,1049.48,98.55,1.0
1347,252,23,2752,504,1049.48,96.17,1.0
1348,88,18,2588,176,1049.46,81.82,1.0
1349,26,18,2526,52,1049.44,67.98,1.0
1350,166,24,2666,332,1049.44,75.55,1.0
1351,224,25,2724,448,1049.43,91.23,1.0
1352,173,20,2673,346,1049.41,86.09,1.0
1353,194,18,2694,388,1049.4,90.32,1.0
1354,89,21,2589,178,1049.38,77.84,1.0
1355,185,15,2685,370,1049.38,111.33,1.0
1356,163,24,2663,326,1049.37,80.67,1.0
1357,282,22,2782,564,1049.34,122.75,1.0
1358,257,26,2757,514,1049.32,86.27,1.0
1359,228,21,2728,456,1049.31,101.59,1.0
1360,154,19,2654,308,1049.28,88.07,1.0
1361,98,22,2598,196,1049.22,79.58,1.0
1362,64,18,2564,128,1049.06,78.52,1.0
1363,100,22,2600,200,1049.06,83.34,1.0
1364,229,18,2729,458,1049.04,112.85,1.0
1365,48,20,2548,96,1049.03,75.63,1.0
1366,91,16,2591,182,1049.02,84.92,1.0
1367,192,19,2692,384,1049.02,98.21,1.0
1368,267,26,2767,534,1049.0,113.54,1.0
1369,162,23,2662,324,1048.99,85.97,1.0
1370,273,16,2773,546,1048.99,134.58,1.0
1371,145,18,2645,290,1048.96,89.72,1.0
1372,292,23,2792,584,1048.96,110.46,1.0
1373,211,22,2711,422,1048.95,105.04,1.0
1374,216,16,2716,432,1048.92,109.05,1.0
1375,25,18,2525,50,1048.91,63.72,1.0
1376,156,21,2656,312,1048.89,82.59,1.0
1377,177,23,2677,354,1048.86,88.01,1.0
1378,189,20,2689,378,1048.84,92.26,1.0
1379,286,16,2786,572,1048.84,130.71,1.0
1380,261,17,2761,522,1048.82,117.71,1.0
1381,170,21,2670,340,1048.76,82.18,1.0
1382,283,24,2783,566,1048.76,96.17,1.0
1383,225,24,2725,450,1048.74,97.84,1.0
1384,272,21,2772,544,1048.73,111.42,1.0
1385,1,17,2501,2,1048.7,58.91,1.0
1386,192,18,2692,384,1048.7,92.58,1.0
1387,280,22,2780,560,1048.7,101.32,1.0
1388,172,19,2672,344,1048.68,93.53,1.0
1389,165,22,2665,330,1048.65,91.47,1.0
1390,8,18,2508,16,1048.64,63.63,1.0
1391,205,22,2705,410,1048.64,97.0,1.0
1392,154,20,2654,308,1048.63,81.64,1.0
1393,10,14,2510,20,1048.58,64.2,1.0
1394,261,27,2761,522,1048.58,78.55,1.0
1395,205,23,2705,410,1048.57,92.94,1.0
1396,75,21,2575,150,1048.56,67.75,1.0
1397,294,26,2794,588,1048.53,106.48,1.0
1398,156,20,2656,312,1048.51,84.88,1.0
1399,201,22,2701,402,1048.51,94.03,1.0
1400,16,18,2516,32,1048.49,71.59,1.0
1401,178,24,2678,356,1048.48,85.33,1.0
1402,26,17,2526,52,1048.45,65.03,1.0
1403,106,19,2606,212,1048.43,77.82,1.0
1404,263,26,2763,526,1048.4,88.37,1.0
1405,218,15,2718,436,1048.38,104.55,1.0
1406,253,25,2753,506,1048.35,82.9,1.0
1407,218,16,2718,436,1048.34,111.64,1.0
1408,7,19,2507,14,1048.32,61.82,1.0
1409,212,18,2712,424,1048.3,122.21,1.0
1410,63,16,2563,126,1048.28,81.49,1.0
1411,142,22,2642,284,1048.28,85.98,1.0
1412,291,25,2791,582,1048.27,89.5,1.0
1413,36,18,2536,72,1048.26,63.41,1.0
1414,42,18,2542,84,1048.2,73.96,1.0
1415,128,20,2628,256,1048.18,82.17,1.0
1416,14,16,2514,28,1048.17,63.55,1.0
1417,214,24,2714,428,1048.15,91.78,1.0
1418,268,20,2768,536,1048.15,102.23,1.0
1419,114,17,2614,228,1048.14,81.13,1.0
1420,206,22,2706,412,1048.13,85.24,1.0
1421,231,16,2731,462,1048.09,101.02,1.0
1422,10,20,2510,20,1048.08,59.55,1.0
1423,57,20,2557,114,1048.08,67.35,1.0
1424,244,22,2744,488,1048.08,101.78,1.0
1425,79,16,2579,158,1048.06,84.18,1.0
1426,275,26,2775,550,1048.0,86.33,1.0
1427,102,16,2602,204,1047.96,77.82,1.0
1428,282,19,2782,564,1047.96,120.36,1.0
1429,237,19,2737,474,1047.93,111.64,1.0
1430,246,18,2746,492,1047.9,108.86,1.0
1431,50,17,2550,100,1047.86,77.8,1.0
1432,50,16,2550,100,1047.83,79.27,1.0
1433,92,19,2592,184,1047.82,73.29,1.0
1434,232,24,2732,464,1047.82,105.81,1.0
1435,90,22,2590,180,1047.81,77.08,1.0
1436,148,17,2648,296,1047.81,91.83,1.0
1437,235,18,2735,470,1047.79,107.11,1.0
1438,145,22,2645,290,1047.77,80.04,1.0
1439,194,21,2694,388,1047.77,84.11,1.0
1440,255,26,2755,510,1047.77,84.44,1.0
1441,27,15,2527,54,1047.74,68.55,1.0
1442,217,19,2717,434,1047.71,95.01,1.0
1443,35,16,2535,70,1047.7,76.22,1.0
1444,100,16,2600,200,1047.68,81.53,1.0
1445,165,25,2665,330,1047.66,85.27,1.0
1446,241,25,2741,482,1047.66,82.27,1.0
1447,22,13,2522,44,1047.65,71.74,1.0
1448,82,21,2582,164,1047.63,71.26,1.0
1449,168,23,2668,336,1047.63,90.61,1.0
1450,229,19,2729,458,1047.63,110.96,1.0
1451,296,19,2796,592,1047.62,119.49,1.0
1452,237,18,2737,474,1047.56,100.08,1.0
1453,241,15,2741,482,1047.56,103.75,1.0
1454,47,16,2547,94,1047.48,73.13,1.0
1455,292,20,2792,584,1047.47,116.94,1.0
1456,20,17,2520,40,1047.46,62.49,1.0
1457,251,25,2751,502,1047.45,85.59,1.0
1458,0,20,2500,0,1047.42,55.55,1.0
1459,62,17,2562,124,1047.42,71.03,1.0
1460,268,19,2768,536,1047.34,108.66,1.0
1461,96,21,2596,192,1047.32,74.19,1.0
1462,220,19,2720,440,1047.3,93.3,1.0
1463,133,20,2633,266,1047.28,82.07,1.0
1464,47,17,2547,94,1047.26,69.15,1.0
1465,44,13,2544,88,1047.24,80.79,1.0
1466,79,18,2579,158,1047.18,79.55,1.0
1467,127,19,2627,254,1047.14,82.77,1.0
1468,52,18,2552,104,1047.11,73.61,1.0
1469,63,18,2563,126,1047.1,77.19,1.0
1470,212,24,2712,424,1047.07,89.85,1.0
1471,133,21,2633,266,1047.02,75.26,1.0
1472,147,23,2647,294,1046.98,78.86,1.0
1473,51,16,2551,102,1046.97,81.85,1.0
1474,71,21,2571,142,1046.97,77.2,1.0
1475,281,15,2781,562,1046.97,130.46,1.0
1476,208,20,2708,416,1046.96,89.44,1.0
1477,195,24,2695,390,1046.94,79.67,1.0
1478,196,16,2696,392,1046.91,102.59,1.0
1479,287,17,2787,574,1046.88,123.51,1.0
1480,83,19,2583,166,1046.85,73.86,1.0
1481,276,18,2776,552,1046.85,126.46,1.0
1482,95,17,2595,190,1046.84,85.17,1.0
1483,0,19,2500,0,1046.83,56.01,1.0
1484,127,22,2627,254,1046.82,66.87,1.0
1485,143,20,2643,286,1046.81,80.99,1.0
1486,206,18,2706,412,1046.8,87.3,1.0
1487,246,17,2746,492,1046.8,102.95,1.0
1488,179,16,2679,358,1046.78,95.9,1.0
1489,52,16,2552,104,1046.77,79.82,1.0
1490,48,18,2548,96,1046.76,77.21,1.0
1491,256,16,2756,512,1046.72,108.68,1.0
1492,196,14,2696,392,1046.67,95.97,1.0
1493,297,18,2797,594,1046.62,119.19,1.0
1494,143,19,2643,286,1046.61,82.26,1.0
1495,178,25,2678,356,1046.5,89.82,1.0
1496,96,14,2596,192,1046.49,89.54,1.0
1497,138,19,2638,276,1046.49,73.12,1.0
1498,215,19,2715,430,1046.49,92.04,1.0
1499,147,16,2647,294,1046.48,98.67,1.0
1500,98,16,2598,196,1046.45,88.36,1.0
1501,155,21,2655,310,1046.41,88.93,1.0
1502,205,25,2705,410,1046.41,81.39,1.0
1503,280,19,2780,560,1046.4,106.22,1.0
1504,71,12,2571,142,1046.38,89.31,1.0
1505,26,15,2526,52,1046.36,59.08,1.0
1506,43,20,2543,86,1046.34,69.49,1.0
1507,150,20,2650,300,1046.34,95.56,1.0
1508,289,17,2789,578,1046.32,115.42,1.0
1509,287,26,2787,574,1046.28,96.73,1.0
1510,17,19,2517,34,1046.27,63.61,1.0
1511,17,20,2517,34,1046.23,58.2,1.0
1512,284,20,2784,568,1046.18,110.77,1.0
1513,62,21,2562,124,1046.16,67.95,1.0
1514,69,17,2569,138,1046.15,73.16,1.0
1515,213,25,2713,426,1046.14,86.62,1.0
1516,269,20,2769,538,1046.1,111.54,1.0
1517,82,16,2582,164,1046.09,86.03,1.0
1518,252,17,2752,504,1046.06,116.37,1.0
1519,7,16,2507,14,1046.04,67.35,1.0
1520,296,21,2796,592,1045.95,105.78,1.0
1521,106,17,2606,212,1045.94,80.18,1.0
1522,244,25,2744,488,1045.91,79.95,1.0
1523,16,19,2516,32,1045.89,56.61,1.0
1524,156,22,2656,312,1045.89,85.08,1.0
1525,284,19,2784,568,1045.87,114.19,1.0
1526,11,15,2511,22,1045.84,65.19,1.0
1527,85,22,2585,170,1045.83,68.84,1.0
1528,228,23,2728,456,1045.8,97.66,1.0
1529,123,22,2623,246,1045.76,86.71,1.0
1530,216,15,2716,432,1045.76,111.17,1.0
1531,278,23,2778,556,1045.76,109.59,1.0
1532,257,16,2757,514,1045.75,115.07,1.0
1533,11,13,2511,22,1045.73,68.79,1.0
1534,60,19,2560,120,1045.67,74.67,1.0
1535,74,15,2574,148,1045.66,82.62,1.0
1536,157,14,2657,314,1045.65,102.87,1.0
1537,148,22,2648,296,1045.64,80.74,1.0
1538,10,13,2510,20,1045.58,67.16,1.0
1539,84,19,2584,168,1045.58,81.08,1.0
1540,73,16,2573,146,1045.57,81.99,1.0
1541,156,17,2656,312,1045.57,90.12,1.0
1542,265,27,2765,530,1045.57,93.05,1.0
1543,248,19,2748,496,1045.54,110.62,1.0
1544,4,18,2504,8,1045.52,68.93,1.0
1545,50,18,2550,100,1045.51,80.49,1.0
1546,91,21,2591,182,1045.48,75.46,1.0
1547,28,15,2528,56,1045.46,68.05,1.0
1548,177,24,2677,354,1045.38,88.41,1.0
1549,63,21,2563,126,1045.32,72.76,1.0
1550,75,22,2575,150,1045.31,68.66,1.0
1551,219,22,2719,438,1045.31,97.04,1.0
1552,280,25,2780,560,1045.3,101.99,1.0
1553,17,17,2517,34,1045.29,60.17,1.0
1554,81,22,2581,162,1045.28,74.72,1.0
1555,236,26,2736,472,1045.28,82.42,1.0
1556,96,18,2596,192,1045.27,81.53,1.0
1557,206,17,2706,412,1045.21,99.18,1.0
1558,79,19,2579,158,1045.18,80.13,1.0
1559,221,24,2721,442,1045.17,90.65,1.0
1560,85,21,2585,170,1045.13,75.13,1.0
1561,290,16,2790,580,1045.12,118.04,1.0
1562,233,25,2733,466,1045.08,85.08,1.0
1563,8,19,2508,16,1045.06,66.16,1.0
1564,47,20,2547,94,1045.04,55.75,1.0
1565,149,23,2649,298,1045.02,89.15,1.0
1566,246,23,2746,492,1045.0,88.38,1.0
1567,79,15,2579,158,1044.98,76.01,1.0
1568,290,26,2790,580,1044.97,91.97,1.0
1569,179,24,2679,358,1044.92,80.74,1.0
1570,203,24,2703,406,1044.92,87.3,1.0
1571,189,21,2689,378,1044.9,95.06,1.0
1572,230,17,2730,460,1044.84,104.33,1.0
1573,11,20,2511,22,1044.82,63.48,1.0
1574,280,18,2780,560,1044.82,115.77,1.0
1575,297,25,2797,594,1044.78,88.69,1.0
1576,77,13,2577,154,1044.72,89.34,1.0
1577,230,20,2730,460,1044.72,100.44,1.0
1578,247,17,2747,494,1044.72,109.46,1.0
1579,88,17,2588,176,1044.7,77.94,1.0
1580,53,20,2553,106,1044.68,68.35,1.0
1581,263,18,2763,526,1044.68,109.79,1.0
1582,151,15,2651,302,1044.66,103.82,1.0
1583,225,22,2725,450,1044.66,104.95,1.0
1584,281,25,2781,562,1044.66,97.6,1.0
1585,45,22,2545,90,1044.65,71.95,1.0
1586,240,18,2740,480,1044.65,112.62,1.0
1587,8,15,2508,16,1044.64,68.65,1.0
1588,151,21,2651,302,1044.6,89.57,1.0
1589,266,26,2766,532,1044.6,78.45,1.0
1590,142,15,2642,284,1044.59,94.68,1.0
1591,163,14,2663,326,1044.57,100.07,1.0
1592,211,25,2711,422,1044.57,80.04,1.0
1593,76,16,2576,152,1044.56,81.03,1.0
1594,189,16,2689,378,1044.56,100.68,1.0
1595,81,15,2581,162,1044.54,88.34,1.0
1596,198,18,2698,396,1044.49,90.53,1.0
1597,277,25,2777,554,1044.48,102.25,1.0
1598,286,27,2786,572,1044.45,95.08,1.0
1599,199,25,2699,398,1044.43,88.33,1.0
1600,64,19,2564,128,1044.4,82.79,1.0
1601,230,22,2730,460,1044.39,92.66,1.0
1602,270,19,2770,540,1044.32,106.96,1.0
1603,114,19,2614,228,1044.28,83.05,1.0
1604,28,16,2528,56,1044.27,65.16,1.0
1605,208,23,2708,416,1044.25,85.66,1.0
1606,170,22,2670,340,1044.23,80.64,1.0
1607,11,21,2511,22,1044.2,61.26,1.0
1608,20,18,2520,40,1044.18,64.29,1.0
1609,146,24,2646,292,1044.17,81.51,1.0
1610,288,25,2788,576,1044.14,90.66,1.0
1611,87,16,2587,174,1044.12,80.41,1.0
1612,118,14,2618,236,1044.11,83.06,1.0
1613,138,20,2638,276,1044.1,69.53,1.0
1614,49,13,2549,98,1044.09,79.77,1.0
1615,225,23,2725,450,1044.08,93.43,1.0
1616,88,21,2588,176,1044.06,66.35,1.0
1617,277,16,2777,554,1044.05,120.91,1.0
1618,262,22,2762,524,1044.05,102.74,1.0
1619,14,19,2514,28,1044.04,59.14,1.0
1620,215,18,2715,430,1044.03,98.3,1.0
1621,242,17,2742,484,1044.02,115.57,1.0
1622,102,21,2602,204,1044.0,75.84,1.0
1623,232,16,2732,464,1044.0,111.0,1.0
1624,48,21,2548,96,1043.98,76.55,1.0
1625,114,18,2614,228,1043.94,84.87,1.0
1626,7,20,2507,14,1043.84,57.56,1.0
1627,131,23,2631,262,1043.84,75.48,1.0
1628,264,16,2764,528,1043.83,111.9,1.0
1629,75,15,2575,150,1043.82,78.3,1.0
1630,172,17,2672,344,1043.79,86.56,1.0
1631,74,16,2574,148,1043.76,81.64,1.0
1632,228,24,2728,456,1043.75,88.68,1.0
1633,164,19,2664,328,1043.7,91.36,1.0
1634,115,22,2615,230,1043.68,69.63,1.0
1635,78,17,2578,156,1043.66,80.39,1.0
1636,189,24,2689,378,1043.66,82.39,1.0
1637,20,19,2520,40,1043.64,56.46,1.0
1638,283,19,2783,566,1043.63,107.26,1.0
1639,78,20,2578,156,1043.59,77.28,1.0
1640,170,17,2670,340,1043.59,93.92,1.0
1641,300,27,2800,600,1043.59,95.99,1.0
1642,282,23,2782,564,1043.58,114.38,1.0
1643,20,13,2520,40,1043.56,79.04,1.0
1644,212,23,2712,424,1043.51,90.17,1.0
1645,141,23,2641,282,1043.49,76.48,1.0
1646,16,17,2516,32,1043.47,71.84,1.0
1647,158,19,2658,316,1043.46,85.67,1.0
1648,230,21,2730,460,1043.46,97.02,1.0
1649,84,20,2584,168,1043.43,87.69,1.0
1650,92,21,2592,184,1043.42,74.7,1.0
1651,137,23,2637,274,1043.42,78.66,1.0
1652,249,21,2749,498,1043.42,102.15,1.0
1653,99,14,2599,198,1043.4,81.54,1.0
1654,231,15,2731,462,1043.4,103.91,1.0
1655,274,22,2774,548,1043.35,109.26,1.0
1656,81,16,2581,162,1043.34,88.64,1.0
1657,129,20,2629,258,1043.33,84.92,1.0
1658,125,17,2625,250,1043.32,92.17,1.0
1659,50,14,2550,100,1043.3,88.46,1.0
1660,136,18,2636,272,1043.28,83.14,1.0
1661,8,20,2508,16,1043.26,66.14,1.0
1662,262,19,2762,524,1043.26,107.58,1.0
1663,36,17,2536,72,1043.25,67.82,1.0
1664,15,14,2515,30,1043.24,72.31,1.0
1665,12,15,2512,24,1043.2,65.96,1.0
1666,191,21,2691,382,1043.18,95.83,1.0
1667,199,26,2699,398,1043.16,83.06,1.0
1668,149,24,2649,298,1043.13,82.55,1.0
1669,51,15,2551,102,1043.1,74.9,1.0
1670,18,17,2518,36,1043.09,60.6,1.0
1671,127,21,2627,254,1043.04,78.26,1.0
1672,278,20,2778,556,1043.04,113.76,1.0
1673,151,22,2651,302,1043.0,90.07,1.0
1674,158,22,2658,316,1042.97,68.49,1.0
1675,245,17,2745,490,1042.96,114.74,1.0
1676,57,14,2557,114,1042.95,79.34,1.0
1677,60,20,2560,120,1042.94,72.66,1.0
1678,144,23,2644,288,1042.94,70.68,1.0
1679,208,19,2708,416,1042.93,88.14,1.0
1680,117,13,2617,234,1042.84,98.99,1.0
1681,271,16,2771,542,1042.84,115.58,1.0
1682,109,17,2609,218,1042.83,88.46,1.0
1683,60,17,2560,120,1042.73,76.45,1.0
1684,62,16,2562,124,1042.73,68.41,1.0
1685,109,16,2609,218,1042.73,84.33,1.0
1686,221,25,2721,442,1042.71,84.84,1.0
1687,20,16,2520,40,1042.68,61.0,1.0
1688,276,22,2776,552,1042.66,114.72,1.0
1689,251,18,2751,502,1042.63,100.0,1.0
1690,67,18,2567,134,1042.62,78.68,1.0
1691,184,16,2684,368,1042.6,100.42,1.0
1692,245,26,2745,490,1042.58,91.69,1.0
1693,35,18,2535,70,1042.57,78.7,1.0
1694,175,15,2675,350,1042.56,92.04,1.0
1695,139,25,2639,278,1042.55,78.72,1.0
1696,175,19,2675,350,1042.52,89.64,1.0
1697,194,19,2694,388,1042.52,93.02,1.0
1698,264,15,2764,528,1042.51,102.31,1.0
1699,228,22,2728,456,1042.49,95.21,1.0
1700,8,17,2508,16,1042.48,66.69,1.0
1701,47,19,2547,94,1042.48,66.46,1.0
1702,78,16,2578,156,1042.47,88.49,1.0
1703,298,28,2798,596,1042.47,100.06,1.0
1704,289,26,2789,578,1042.45,103.68,1.0
1705,296,24,2796,592,1042.45,103.74,1.0
1706,122,23,2622,244,1042.41,75.6,1.0
1707,111,19,2611,222,1042.4,78.68,1.0
1708,287,27,2787,574,1042.39,91.22,1.0
1709,231,27,2731,462,1042.34,77.34,1.0
1710,18,18,2518,36,1042.33,60.07,1.0
1711,217,24,2717,434,1042.29,88.25,1.0
1712,109,18,2609,218,1042.26,82.57,1.0
1713,224,15,2724,448,1042.26,120.31,1.0
1714,17,16,2517,34,1042.24,64.52,1.0
1715,7,15,2507,14,1042.18,63.21,1.0
1716,208,21,2708,416,1042.18,86.26,1.0
1717,245,25,2745,490,1042.18,92.83,1.0
1718,141,16,2641,282,1042.15,89.1,1.0
1719,206,19,2706,412,1042.14,96.87,1.0
1720,19,17,2519,38,1042.12,67.05,1.0
1721,114,16,2614,228,1042.07,91.19,1.0
1722,269,19,2769,538,1042.07,108.0,1.0
1723,219,18,2719,438,1042.06,95.06,1.0
1724,106,15,2606,212,1042.05,80.02,1.0
1725,177,16,2677,354,1041.94,106.56,1.0
1726,182,22,2682,364,1041.94,94.92,1.0
1727,73,21,2573,146,1041.93,87.35,1.0
1728,205,18,2705,410,1041.92,111.23,1.0
1729,24,17,2524,48,1041.91,79.76,1.0
1730,98,15,2598,196,1041.91,89.25,1.0
1731,18,19,2518,36,1041.89,56.77,1.0
1732,219,17,2719,438,1041.88,108.0,1.0
1733,43,15,2543,86,1041.81,83.11,1.0
1734,102,17,2602,204,1041.8,78.75,1.0
1735,194,20,2694,388,1041.79,88.67,1.0
1736,70,14,2570,140,1041.78,87.18,1.0
1737,207,18,2707,414,1041.77,103.11,1.0
1738,123,16,2623,246,1041.75,87.56,1.0
1739,297,27,2797,594,1041.71,87.46,1.0
1740,122,15,2622,244,1041.7,90.84,1.0
1741,27,20,2527,54,1041.68,73.65,1.0
1742,118,23,2618,236,1041.63,78.99,1.0
1743,41,18,2541,82,1041.6,71.24,1.0
1744,127,16,2627,254,1041.57,98.73,1.0
1745,89,16,2589,178,1041.54,93.18,1.0
1746,248,21,2748,496,1041.53,107.86,1.0
1747,268,23,2768,536,1041.51,99.44,1.0
1748,275,27,2775,550,1041.49,91.56,1.0
1749,88,20,2588,176,1041.48,71.25,1.0
1750,256,25,2756,512,1041.44,89.29,1.0
1751,24,19,2524,48,1041.42,72.43,1.0
1752,185,25,2685,370,1041.42,86.46,1.0
1753,165,15,2665,330,1041.39,107.1,1.0
1754,266,16,2766,532,1041.37,99.04,1.0
1755,56,16,2556,112,1041.36,76.48,1.0
1756,52,15,2552,104,1041.34,75.71,1.0
1757,162,14,2662,324,1041.34,102.52,1.0
1758,120,21,2620,240,1041.28,86.76,1.0
1759,251,17,2751,502,1041.28,115.26,1.0
1760,93,15,2593,186,1041.26,84.98,1.0
1761,89,17,2589,178,1041.24,90.92,1.0
1762,137,14,2637,274,1041.21,103.36,1.0
1763,160,21,2660,320,1041.14,84.03,1.0
1764,21,15,2521,42,1041.12,67.11,1.0
1765,109,20,2609,218,1041.12,84.7,1.0
1766,284,17,2784,568,1041.12,116.87,1.0
1767,134,14,2634,268,1041.09,90.92,1.0
1768,79,14,2579,158,1041.08,94.54,1.0
1769,244,21,2744,488,1041.07,101.11,1.0
1770,291,26,2791,582,1041.07,90.37,1.0
1771,297,26,2797,594,1041.02,94.76,1.0
1772,16,15,2516,32,1041.0,68.25,1.0
1773,56,14,2556,112,1041.0,82.19,1.0
1774,127,17,2627,254,1041.0,91.47,1.0
1775,86,22,2586,172,1040.97,70.31,1.0
1776,43,14,2543,86,1040.95,88.11,1.0
1777,27,18,2527,54,1040.92,70.13,1.0
1778,20,20,2520,40,1040.92,59.75,1.0
1779,280,26,2780,560,1040.89,92.5,1.0
1780,42,19,2542,84,1040.88,74.22,1.0
1781,26,19,2526,52,1040.88,64.23,1.0
1782,134,15,2634,268,1040.86,101.3,1.0
1783,7,18,2507,14,1040.85,61.06,1.0
1784,284,25,2784,568,1040.82,103.64,1.0
1785,125,21,2625,250,1040.78,76.74,1.0
1786,211,24,2711,422,1040.78,88.4,1.0
1787,132,19,2632,264,1040.75,74.01,1.0
1788,133,23,2633,266,1040.75,81.62,1.0
1789,220,17,2720,440,1040.74,102.82,1.0
1790,92,22,2592,184,1040.72,67.5,1.0
1791,38,20,2538,76,1040.71,68.54,1.0
1792,156,18,2656,312,1040.71,92.48,1.0
1793,156,19,2656,312,1040.69,76.61,1.0
1794,58,19,2558,116,1040.68,79.45,1.0
1795,87,22,2587,174,1040.66,67.47,1.0
1796,99,21,2599,198,1040.66,76.67,1.0
1797,277,23,2777,554,1040.66,119.31,1.0
1798,12,19,2512,24,1040.62,59.4,1.0
1799,175,18,2675,350,1040.62,96.62,1.0
1800,121,18,2621,242,1040.61,98.27,1.0
1801,66,14,2566,132,1040.59,80.12,1.0
1802,93,23,2593,186,1040.58,70.44,1.0
1803,63,19,2563,126,1040.56,80.37,1.0
1804,66,19,2566,132,1040.56,72.44,1.0
1805,57,21,2557,114,1040.54,67.8,1.0
1806,106,20,2606,212,1040.54,77.11,1.0
1807,182,23,2682,364,1040.53,92.85,1.0
1808,25,16,2525,50,1040.47,62.6,1.0
1809,4,19,2504,8,1040.45,61.31,1.0
1810,148,20,2648,296,1040.43,89.02,1.0
1811,211,21,2711,422,1040.42,95.42,1.0
1812,261,16,2761,522,1040.42,123.35,1.0
1813,84,17,2584,168,1040.41,81.07,1.0
1814,242,16,2742,484,1040.41,113.13,1.0
1815,60,21,2560,120,1040.36,71.74,1.0
1816,99,20,2599,198,1040.32,77.13,1.0
1817,196,15,2696,392,1040.32,106.12,1.0
1818,276,23,2776,552,1040.32,115.53,1.0
1819,272,16,2772,544,1040.32,110.85,1.0
1820,38,15,2538,76,1040.31,76.82,1.0
1821,54,18,2554,108,1040.25,73.25,1.0
1822,296,20,2796,592,1040.24,112.0,1.0
1823,72,21,2572,144,1040.22,73.02,1.0
1824,198,17,2698,396,1040.22,97.12,1.0
1825,268,21,2768,536,1040.2,105.46,1.0
1826,22,22,2522,44,1040.19,63.28,1.0
1827,285,18,2785,570,1040.17,118.48,1.0
1828,49,22,2549,98,1040.14,67.86,1.0
1829,276,19,2776,552,1040.14,126.34,1.0
1830,20,15,2520,40,1040.13,69.33,1.0
1831,247,26,2747,494,1040.1,80.63,1.0
1832,161,24,2661,322,1040.02,87.2,1.0
1833,250,20,2750,500,1040.0,109.71,1.0
1834,279,16,2779,558,1040.0,115.7,1.0
1835,28,14,2528,56,1039.98,67.13,1.0
1836,25,19,2525,50,1039.98,57.74,1.0
1837,152,20,2652,304,1039.98,101.8,1.0
1838,279,27,2779,558,1039.98,79.57,1.0
1839,23,13,2523,46,1039.93,76.03,1.0
1840,204,21,2704,408,1039.93,95.58,1.0
1841,175,20,2675,350,1039.91,98.02,1.0
1842,266,15,2766,532,1039.91,98.04,1.0
1843,42,16,2542,84,1039.88,72.5,1.0
1844,192,17,2692,384,1039.86,112.48,1.0
1845,5,16,2505,10,1039.85,69.28,1.0
1846,222,23,2722,444,1039.84,91.23,1.0
1847,292,24,2792,584,1039.82,105.21,1.0
1848,121,14,2621,242,1039.8,97.15,1.0
1849,288,24,2788,576,1039.8,92.47,1.0
1850,111,16,2611,222,1039.76,80.62,1.0
1851,132,21,2632,264,1039.76,79.1,1.0
1852,173,17,2673,346,1039.76,95.47,1.0
1853,86,14,2586,172,1039.74,88.48,1.0
1854,173,22,2673,346,1039.74,90.37,1.0
1855,64,20,2564,128,1039.66,75.69,1.0
1856,14,18,2514,28,1039.64,65.56,1.0
1857,74,19,2574,148,1039.64,72.49,1.0
1858,239,23,2739,478,1039.6,95.08,1.0
1859,285,26,2785,570,1039.58,93.75,1.0
1860,190,26,2690,380,1039.55,79.01,1.0
1861,127,14,2627,254,1039.54,91.72,1.0
1862,114,22,2614,228,1039.52,86.4,1.0
1863,228,18,2728,456,1039.52,107.19,1.0
1864,53,17,2553,106,1039.51,65.76,1.0
1865,189,22,2689,378,1039.46,88.69,1.0
1866,173,19,2673,346,1039.44,100.02,1.0
1867,56,18,2556,112,1039.42,70.54,1.0
1868,160,22,2660,320,1039.39,78.15,1.0
1869,138,17,2638,276,1039.37,85.49,1.0
1870,3,17,2503,6,1039.35,60.08,1.0
1871,163,13,2663,326,1039.33,112.8,1.0
1872,295,22,2795,590,1039.32,102.95,1.0
1873,108,21,2608,216,1039.25,85.37,1.0
1874,20,21,2520,40,1039.21,59.1,1.0
1875,63,20,2563,126,1039.19,73.07,1.0
1876,280,17,2780,560,1039.15,115.36,1.0
1877,153,13,2653,306,1039.14,92.47,1.0
1878,150,17,2650,300,1039.12,95.0,1.0
1879,252,25,2752,504,1039.09,99.35,1.0
1880,5,19,2505,10,1039.06,61.87,1.0
1881,61,17,2561,122,1038.98,80.97,1.0
1882,272,17,2772,544,1038.94,124.63,1.0
1883,43,21,2543,86,1038.92,73.34,1.0
1884,50,20,2550,100,1038.92,72.49,1.0
1885,177,25,2677,354,1038.92,86.87,1.0
1886,190,14,2690,380,1038.92,98.65,1.0
1887,280,24,2780,560,1038.89,102.39,1.0
1888,74,20,2574,148,1038.86,72.88,1.0
1889,36,16,2536,72,1038.85,68.46,1.0
1890,36,19,2536,72,1038.84,62.82,1.0
1891,77,22,2577,154,1038.84,71.22,1.0
1892,240,25,2740,480,1038.77,103.43,1.0
1893,40,19,2540,80,1038.75,73.61,1.0
1894,212,17,2712,424,1038.71,109.52,1.0
1895,31,17,2531,62,1038.7,72.53,1.0
1896,104,18,2604,208,1038.7,90.5,1.0
1897,218,26,2718,436,1038.63,86.07,1.0
1898,278,22,2778,556,1038.62,114.15,1.0
1899,131,14,2631,262,1038.58,102.28,1.0
1900,219,19,2719,438,1038.54,101.53,1.0
1901,58,17,2558,116,1038.5,84.49,1.0
1902,133,15,2633,266,1038.5,85.64,1.0
1903,171,17,2671,342,1038.5,97.36,1.0
1904,289,19,2789,578,1038.5,114.01,1.0
1905,136,16,2636,272,1038.47,90.09,1.0
1906,119,20,2619,238,1038.45,77.35,1.0
1907,19,18,2519,38,1038.44,57.03,1.0
1908,264,28,2764,528,1038.44,87.5,1.0
1909,148,23,2648,296,1038.3,84.81,1.0
1910,175,22,2675,350,1038.3,94.99,1.0
1911,56,19,2556,112,1038.29,73.49,1.0
1912,130,23,2630,260,1038.27,77.77,1.0
1913,145,21,2645,290,1038.24,88.3,1.0
1914,208,24,2708,416,1038.22,83.98,1.0
1915,72,20,2572,144,1038.19,65.58,1.0
1916,67,21,2567,134,1038.18,65.32,1.0
1917,182,16,2682,364,1038.18,103.07,1.0
1918,95,16,2595,190,1038.17,80.93,1.0
1919,228,20,2728,456,1038.17,103.71,1.0
1920,285,17,2785,570,1038.16,127.07,1.0
1921,123,23,2623,246,1038.12,71.4,1.0
1922,56,15,2556,112,1038.11,79.75,1.0
1923,8,14,2508,16,1038.1,69.32,1.0
1924,215,24,2715,430,1038.1,86.71,1.0
1925,17,21,2517,34,1038.06,59.96,1.0
1926,64,15,2564,128,1038.04,83.32,1.0
1927,81,13,2581,162,1038.0,95.24,1.0
1928,205,17,2705,410,1037.98,113.35,1.0
1929,164,22,2664,328,1037.96,83.29,1.0
1930,153,24,2653,306,1037.94,84.47,1.0
1931,89,22,2589,178,1037.92,77.51,1.0
1932,7,14,2507,14,1037.91,64.23,1.0
1933,61,19,2561,122,1037.88,78.2,1.0
1934,178,14,2678,356,1037.88,97.45,1.0
1935,278,21,2778,556,1037.86,125.19,1.0
1936,14,20,2514,28,1037.84,59.48,1.0
1937,285,20,2785,570,1037.82,124.49,1.0
1938,89,15,2589,178,1037.81,97.75,1.0
1939,41,16,2541,82,1037.8,72.26,1.0
1940,53,16,2553,106,1037.8,68.37,1.0
1941,154,23,2654,308,1037.8,82.72,1.0
1942,99,22,2599,198,1037.79,71.21,1.0
1943,35,15,2535,70,1037.76,75.15,1.0
1944,282,24,2782,564,1037.75,106.18,1.0
1945,126,23,2626,252,1037.71,82.26,1.0
1946,35,19,2535,70,1037.66,72.25,1.0
1947,89,20,2589,178,1037.66,81.73,1.0
1948,177,15,2677,354,1037.59,97.81,1.0
1949,135,15,2635,270,1037.58,102.07,1.0
1950,56,20,2556,112,1037.56,75.92,1.0
1951,102,15,2602,204,1037.54,83.95,1.0
1952,241,26,2741,482,1037.53,83.06,1.0
1953,76,15,2576,152,1037.49,80.93,1.0
1954,132,20,2632,264,1037.49,81.33,1.0
1955,152,15,2652,304,1037.48,105.0,1.0
1956,270,17,2770,540,1037.46,102.52,1.0
1957,283,25,2783,566,1037.45,107.71,1.0
1958,3,18,2503,6,1037.42,57.68,1.0
1959,191,22,2691,382,1037.4,87.83,1.0
1960,202,24,2702,404,1037.36,87.38,1.0
1961,45,14,2545,90,1037.35,80.12,1.0
1962,267,16,2767,534,1037.33,121.57,1.0
1963,162,24,2662,324,1037.32,77.84,1.0
1964,262,24,2762,524,1037.32,94.36,1.0
1965,253,15,2753,506,1037.31,111.25,1.0
1966,41,15,2541,82,1037.29,77.97,1.0
1967,67,22,2567,134,1037.26,62.29,1.0
1968,287,16,2787,574,1037.26,128.45,1.0
1969,276,24,2776,552,1037.24,109.27,1.0
1970,126,15,2626,252,1037.23,95.23,1.0
1971,242,25,2742,484,1037.21,85.28,1.0
1972,83,18,2583,166,1037.2,79.93,1.0
1973,225,21,2725,450,1037.2,114.98,1.0
1974,18,20,2518,36,1037.16,57.57,1.0
1975,176,23,2676,352,1037.15,84.08,1.0
1976,81,14,2581,162,1037.14,86.78,1.0
1977,237,22,2737,474,1037.13,101.69,1.0
1978,105,13,2605,210,1037.12,97.82,1.0
1979,207,22,2707,414,1037.1,94.33,1.0
1980,283,17,2783,566,1037.1,117.23,1.0
1981,64,17,2564,128,1037.07,81.94,1.0
1982,141,15,2641,282,1037.07,89.66,1.0
1983,146,14,2646,292,1037.06,102.4,1.0
1984,198,21,2698,396,1037.06,97.46,1.0
1985,232,25,2732,464,1037.04,96.9,1.0
1986,249,22,2749,498,1037.04,93.63,1.0
1987,78,15,2578,156,1037.0,84.33,1.0
1988,66,20,2566,132,1036.96,76.47,1.0
1989,172,23,2672,344,1036.94,90.55,1.0
1990,11,12,2511,22,1036.89,73.44,1.0
1991,259,27,2759,518,1036.89,92.28,1.0
1992,3,16,2503,6,1036.84,61.55,1.0
1993,71,22,2571,142,1036.84,76.34,1.0
1994,125,22,2625,250,1036.81,85.58,1.0
1995,282,21,2782,564,1036.74,112.45,1.0
1996,27,19,2527,54,1036.73,75.93,1.0
1997,81,23,2581,162,1036.73,65.57,1.0
1998,209,15,2709,418,1036.72,101.14,1.0
1999,258,15,2758,516,1036.7,109.83,1.0
2000,263,19,2763,526,1036.69,102.77,1.0
2001,225,25,2725,450,1036.66,95.41,1.0
2002,58,18,2558,116,1036.64,80.31,1.0
2003,237,24,2737,474,1036.64,90.67,1.0
2004,182,17,2682,364,1036.63,107.38,1.0
2005,246,15,2746,492,1036.63,113.18,1.0
2006,289,18,2789,578,1036.61,122.14,1.0
2007,296,25,2796,592,1036.6,104.31,1.0
2008,10,12,2510,20,1036.58,66.0,1.0
2009,99,15,2599,198,1036.56,86.61,1.0
2010,69,18,2569,138,1036.55,68.43,1.0
2011,27,14,2527,54,1036.54,68.23,1.0
2012,142,23,2642,284,1036.53,84.15,1.0
2013,270,18,2770,540,1036.53,110.49,1.0
2014,180,26,2680,360,1036.49,78.45,1.0
2015,107,20,2607,214,1036.47,76.93,1.0
2016,128,23,2628,256,1036.46,81.67,1.0
2017,58,15,2558,116,1036.41,80.49,1.0
2018,194,23,2694,388,1036.39,84.19,1.0
2019,206,23,2706,412,1036.38,84.4,1.0
2020,46,18,2546,92,1036.34,61.17,1.0
2021,115,15,2615,230,1036.34,90.97,1.0
2022,135,17,2635,270,1036.3,107.09,1.0
2023,0,13,2500,0,1036.29,72.23,1.0
2024,42,20,2542,84,1036.25,69.05,1.0
2025,24,18,2524,48,1036.25,61.67,1.0
2026,4,17,2504,8,1036.25,65.93,1.0
2027,110,23,2610,220,1036.21,65.77,1.0
2028,37,13,2537,74,1036.19,79.63,1.0
2029,188,26,2688,376,1036.18,77.19,1.0
2030,282,25,2782,564,1036.14,100.63,1.0
2031,33,18,2533,66,1036.11,75.8,1.0
2032,5,20,2505,10,1036.1,68.56,1.0
2033,170,23,2670,340,1036.09,82.16,1.0
2034,28,19,2528,56,1036.06,59.32,1.0
2035,40,18,2540,80,1036.04,74.29,1.0
2036,86,23,2586,172,1036.02,69.55,1.0
2037,34,16,2534,68,1036.01,69.84,1.0
2038,296,23,2796,592,1036.0,108.57,1.0
2039,112,18,2612,224,1035.99,85.19,1.0
2040,272,18,2772,544,1035.99,118.56,1.0
2041,58,20,2558,116,1035.96,73.36,1.0
2042,227,16,2727,454,1035.94,118.54,1.0
2043,235,25,2735,470,1035.89,85.1,1.0
2044,167,15,2667,334,1035.88,101.61,1.0
2045,4,16,2504,8,1035.87,66.27,1.0
2046,35,17,2535,70,1035.86,71.18,1.0
2047,100,23,2600,200,1035.84,69.74,1.0
2048,189,17,2689,378,1035.84,96.7,1.0
2049,214,25,2714,428,1035.82,92.38,1.0
2050,257,27,2757,514,1035.82,86.48,1.0
2051,226,26,2726,452,1035.8,86.15,1.0
2052,156,15,2656,312,1035.78,103.97,1.0
2053,196,25,2696,392,1035.76,79.78,1.0
2054,72,14,2572,144,1035.74,76.26,1.0
2055,221,16,2721,442,1035.73,106.8,1.0
2056,213,17,2713,426,1035.73,93.92,1.0
2057,192,21,2692,384,1035.68,93.13,1.0
2058,168,24,2668,336,1035.62,97.05,1.0
2059,173,18,2673,346,1035.61,111.17,1.0
2060,181,26,2681,362,1035.6,81.08,1.0
2061,41,17,2541,82,1035.57,73.65,1.0
2062,63,15,2563,126,1035.52,82.67,1.0
2063,98,23,2598,196,1035.51,75.92,1.0
2064,10,21,2510,20,1035.49,58.21,1.0
2065,179,17,2679,358,1035.47,101.55,1.0
2066,136,17,2636,272,1035.46,96.34,1.0
2067,284,26,2784,568,1035.44,92.68,1.0
2068,160,16,2660,320,1035.43,88.72,1.0
2069,252,18,2752,504,1035.42,110.31,1.0
2070,171,24,2671,342,1035.39,81.54,1.0
2071,239,18,2739,478,1035.39,101.69,1.0
2072,213,16,2713,426,1035.39,109.97,1.0
2073,84,21,2584,168,1035.33,79.19,1.0
2074,116,23,2616,232,1035.2,70.04,1.0
2075,187,16,2687,374,1035.19,99.3,1.0
2076,188,14,2688,376,1035.18,92.23,1.0
2077,136,22,2636,272,1035.16,82.97,1.0
2078,138,21,2638,276,1035.14,77.17,1.0
2079,18,16,2518,36,1035.12,68.29,1.0
2080,127,15,2627,254,1035.06,92.21,1.0
2081,76,22,2576,152,1035.03,69.64,1.0
2082,209,26,2709,418,1034.97,82.54,1.0
2083,54,16,2554,108,1034.9,77.35,1.0
2084,116,14,2616,232,1034.88,106.61,1.0
2085,21,17,2521,42,1034.87,64.72,1.0
2086,193,24,2693,386,1034.87,85.35,1.0
2087,61,20,2561,122,1034.83,66.94,1.0
2088,158,18,2658,316,1034.82,86.08,1.0
2089,9,19,2509,18,1034.81,71.3,1.0
2090,217,16,2717,434,1034.79,99.57,1.0
2091,193,21,2693,386,1034.78,95.11,1.0
2092,97,18,2597,194,1034.77,75.53,1.0
2093,198,22,2698,396,1034.75,85.16,1.0
2094,40,17,2540,80,1034.74,66.7,1.0
2095,31,18,2531,62,1034.7,67.8,1.0
2096,108,18,2608,216,1034.59,84.97,1.0
2097,26,21,2526,52,1034.58,62.27,1.0
2098,47,21,2547,94,1034.53,61.41,1.0
2099,34,18,2534,68,1034.52,72.82,1.0
2100,187,23,2687,374,1034.48,85.4,1.0
2101,197,21,2697,394,1034.44,89.25,1.0
2102,14,13,2514,28,1034.43,72.11,1.0
2103,41,19,2541,82,1034.4,68.74,1.0
2104,161,13,2661,322,1034.38,106.21,1.0
2105,102,22,2602,204,1034.35,74.51,1.0
2106,79,22,2579,158,1034.34,79.13,1.0
2107,59,15,2559,118,1034.33,82.03,1.0
2108,283,27,2783,566,1034.33,93.44,1.0
2109,248,20,2748,496,1034.32,114.11,1.0
2110,103,23,2603,206,1034.3,75.81,1.0
2111,251,26,2751,502,1034.24,91.88,1.0
2112,45,23,2545,90,1034.2,61.8,1.0
2113,129,21,2629,258,1034.17,90.5,1.0
2114,24,14,2524,48,1034.16,78.34,1.0
2115,74,21,2574,148,1034.16,74.35,1.0
2116,138,16,2638,276,1034.16,82.8,1.0
2117,24,20,2524,48,1034.14,69.0,1.0
2118,158,17,2658,316,1034.12,94.69,1.0
2119,260,25,2760,520,1034.1,103.45,1.0
2120,87,15,2587,174,1034.09,79.61,1.0
2121,273,27,2773,546,1034.03,88.28,1.0
2122,150,18,2650,300,1033.95,100.72,1.0
2123,198,19,2698,396,1033.93,85.1,1.0
2124,19,15,2519,38,1033.92,67.05,1.0
2125,111,17,2611,222,1033.88,78.29,1.0
2126,55,20,2555,110,1033.85,72.43,1.0
2127,96,22,2596,192,1033.84,73.41,1.0
2128,194,24,2694,388,1033.84,86.89,1.0
2129,34,19,2534,68,1033.82,63.95,1.0
2130,3,15,2503,6,1033.82,64.67,1.0
2131,279,28,2779,558,1033.79,79.77,1.0
2132,96,15,2596,192,1033.77,94.02,1.0
2133,80,19,2580,160,1033.75,77.08,1.0
2134,150,24,2650,300,1033.72,75.98,1.0
2135,297,16,2797,594,1033.7,136.6,1.0
2136,3,19,2503,6,1033.69,60.91,1.0
2137,210,18,2710,420,1033.69,103.92,1.0
2138,166,25,2666,332,1033.67,79.65,1.0
2139,88,15,2588,176,1033.64,80.83,1.0
2140,152,16,2652,304,1033.63,97.93,1.0
2141,206,20,2706,412,1033.6,90.86,1.0
2142,223,25,2723,446,1033.56,84.97,1.0
2143,15,20,2515,30,1033.54,65.73,1.0
2144,294,16,2794,588,1033.52,136.72,1.0
2145,193,23,2693,386,1033.48,88.53,1.0
2146,1,15,2501,2,1033.46,62.23,1.0
2147,128,22,2628,256,1033.46,92.29,1.0
2148,97,19,2597,194,1033.45,81.01,1.0
2149,201,18,2701,402,1033.41,106.27,1.0
2150,236,18,2736,472,1033.41,99.64,1.0
2151,132,18,2632,264,1033.39,87.72,1.0
2152,238,27,2738,476,1033.38,77.23,1.0
2153,219,20,2719,438,1033.37,110.03,1.0
2154,299,27,2799,598,1033.33,95.74,1.0
2155,158,23,2658,316,1033.3,76.71,1.0
2156,210,25,2710,420,1033.24,81.67,1.0
2157,152,22,2652,304,1033.19,92.97,1.0
2158,151,14,2651,302,1033.18,93.98,1.0
2159,46,19,2546,92,1033.16,67.35,1.0
2160,122,14,2622,244,1033.16,97.26,1.0
2161,260,22,2760,520,1033.14,114.94,1.0
2162,281,26,2781,562,1033.11,96.6,1.0
2163,55,19,2555,110,1033.1,76.87,1.0
2164,90,14,2590,180,1033.1,87.02,1.0
2165,127,18,2627,254,1033.1,82.87,1.0
2166,140,22,2640,280,1033.1,83.0,1.0
2167,224,26,2724,448,1033.07,90.28,1.0
2168,121,22,2621,242,1033.04,81.22,1.0
2169,259,15,2759,518,1033.0,115.36,1.0
2170,92,23,2592,184,1032.98,71.78,1.0
2171,200,21,2700,400,1032.95,87.59,1.0
2172,38,21,2538,76,1032.94,67.66,1.0
2173,83,20,2583,166,1032.94,78.7,1.0
2174,157,25,2657,314,1032.94,84.17,1.0
2175,206,25,2706,412,1032.92,79.29,1.0
2176,97,20,2597,194,1032.9,77.07,1.0
2177,120,20,2620,240,1032.9,87.79,1.0
2178,24,21,2524,48,1032.86,57.95,1.0
2179,155,15,2655,310,1032.78,91.37,1.0
2180,205,26,2705,410,1032.73,91.74,1.0
2181,238,14,2738,476,1032.73,119.77,1.0
2182,247,27,2747,494,1032.73,76.58,1.0
2183,110,14,2610,220,1032.71,83.55,1.0
2184,17,14,2517,34,1032.68,68.15,1.0
2185,197,23,2697,394,1032.67,84.21,1.0
2186,18,15,2518,36,1032.66,65.06,1.0
2187,164,23,2664,328,1032.66,81.45,1.0
2188,126,14,2626,252,1032.64,97.24,1.0
2189,263,17,2763,526,1032.63,121.18,1.0
2190,154,18,2654,308,1032.6,89.41,1.0
2191,253,26,2753,506,1032.57,88.88,1.0
2192,23,12,2523,46,1032.56,68.33,1.0
2193,45,13,2545,90,1032.54,73.02,1.0
2194,220,16,2720,440,1032.54,109.35,1.0
2195,111,18,2611,222,1032.52,81.95,1.0
2196,36,20,2536,72,1032.49,64.53,1.0
2197,95,20,2595,190,1032.49,68.93,1.0
2198,119,19,2619,238,1032.49,86.15,1.0
2199,268,18,2768,536,1032.44,113.56,1.0
2200,113,23,2613,226,1032.4,78.04,1.0
2201,204,20,2704,408,1032.38,96.25,1.0
2202,104,19,2604,208,1032.37,79.81,1.0
2203,145,23,2645,290,1032.37,85.84,1.0
2204,107,18,2607,214,1032.36,79.67,1.0
2205,70,23,2570,140,1032.35,66.57,1.0
2206,108,17,2608,216,1032.3,82.26,1.0
2207,222,24,2722,444,1032.3,105.87,1.0
2208,295,21,2795,590,1032.27,99.9,1.0
2209,65,17,2565,130,1032.26,70.06,1.0
2210,251,16,2751,502,1032.23,118.76,1.0
2211,167,16,2667,334,1032.22,107.41,1.0
2212,274,23,2774,548,1032.21,106.85,1.0
2213,103,16,2603,206,1032.18,91.48,1.0
2214,34,20,2534,68,1032.16,66.81,1.0
2215,58,16,2558,116,1032.16,78.96,1.0
2216,282,26,2782,564,1032.16,96.88,1.0
2217,240,26,2740,480,1032.13,89.61,1.0
2218,18,21,2518,36,1032.12,55.12,1.0
2219,112,19,2612,224,1032.12,71.02,1.0
2220,193,15,2693,386,1032.11,98.91,1.0
2221,202,16,2702,404,1032.08,104.3,1.0
2222,243,17,2743,486,1032.08,128.28,1.0
2223,69,19,2569,138,1032.07,73.99,1.0
2224,12,20,2512,24,1032.06,58.56,1.0
2225,267,15,2767,534,1032.06,131.33,1.0
2226,101,14,2601,202,1032.04,92.28,1.0
2227,129,17,2629,258,1032.02,93.88,1.0
2228,252,16,2752,504,1032.01,120.18,1.0
2229,59,19,2559,118,1031.99,69.75,1.0
2230,104,17,2604,208,1031.99,86.08,1.0
2231,140,19,2640,280,1031.99,94.42,1.0
2232,19,14,2519,38,1031.98,68.49,1.0
2233,84,15,2584,168,1031.98,85.26,1.0
2234,186,14,2686,372,1031.97,121.95,1.0
2235,295,23,2795,590,1031.97,104.36,1.0
2236,214,15,2714,428,1031.93,106.18,1.0
2237,15,21,2515,30,1031.92,65.62,1.0
2238,54,21,2554,108,1031.9,69.48,1.0
2239,252,26,2752,504,1031.88,98.15,1.0
2240,25,14,2525,50,1031.86,70.03,1.0
2241,176,24,2676,352,1031.86,84.27,1.0
2242,268,17,2768,536,1031.86,115.7,1.0
2243,50,21,2550,100,1031.84,73.82,1.0
2244,113,24,2613,226,1031.81,66.79,1.0
2245,28,20,2528,56,1031.78,62.99,1.0
2246,270,25,2770,540,1031.76,103.01,1.0
2247,16,20,2516,32,1031.75,64.99,1.0
2248,26,20,2526,52,1031.74,63.92,1.0
2249,203,15,2703,406,1031.7,109.78,1.0
2250,8,21,2508,16,1031.68,58.26,1.0
2251,206,15,2706,412,1031.66,106.5,1.0
2252,189,23,2689,378,1031.64,77.85,1.0
2253,233,26,2733,466,1031.64,86.98,1.0
2254,25,17,2525,50,1031.63,62.7,1.0
2255,284,18,2784,568,1031.62,118.62,1.0
2256,219,21,2719,438,1031.52,99.86,1.0
2257,293,27,2793,586,1031.5,97.1,1.0
2258,19,16,2519,38,1031.48,65.17,1.0
2259,257,15,2757,514,1031.39,126.08,1.0
2260,15,13,2515,30,1031.38,69.67,1.0
2261,51,22,2551,102,1031.34,67.12,1.0
2262,83,17,2583,166,1031.32,83.12,1.0
2263,20,14,2520,40,1031.31,70.39,1.0
2264,166,15,2666,332,1031.31,95.5,1.0
2265,14,21,2514,28,1031.29,58.43,1.0
2266,249,23,2749,498,1031.28,101.17,1.0
2267,33,20,2533,66,1031.26,73.22,1.0
2268,39,19,2539,78,1031.25,66.24,1.0
2269,246,26,2746,492,1031.23,85.18,1.0
2270,82,22,2582,164,1031.22,74.5,1.0
2271,204,19,2704,408,1031.2,101.37,1.0
2272,17,13,2517,34,1031.17,69.78,1.0
2273,292,19,2792,584,1031.15,119.46,1.0
2274,254,19,2754,508,1031.13,101.85,1.0
2275,269,17,2769,538,1031.08,119.03,1.0
2276,197,22,2697,394,1031.06,85.01,1.0
2277,240,17,2740,480,1031.04,114.69,1.0
2278,169,20,2669,338,1030.97,96.56,1.0
2279,130,24,2630,260,1030.87,80.21,1.0
2280,227,25,2727,454,1030.87,88.0,1.0
2281,117,12,2617,234,1030.84,98.01,1.0
2282,100,15,2600,200,1030.82,81.52,1.0
2283,195,25,2695,390,1030.8,84.12,1.0
2284,186,25,2686,372,1030.79,83.82,1.0
2285,184,25,2684,368,1030.76,82.13,1.0
2286,299,28,2799,598,1030.76,82.66,1.0
2287,274,21,2774,548,1030.72,111.68,1.0
2288,18,14,2518,36,1030.62,65.27,1.0
2289,201,24,2701,402,1030.57,95.49,1.0
2290,164,18,2664,328,1030.56,89.76,1.0
2291,133,22,2633,266,1030.52,70.48,1.0
2292,2,15,2502,4,1030.49,60.88,1.0
2293,173,21,2673,346,1030.49,92.76,1.0
2294,202,23,2702,404,1030.48,97.61,1.0
2295,33,19,2533,66,1030.46,80.55,1.0
2296,159,17,2659,318,1030.46,101.15,1.0
2297,130,14,2630,260,1030.43,110.63,1.0
2298,194,17,2694,388,1030.37,100.27,1.0
2299,112,20,2612,224,1030.36,75.51,1.0
2300,132,16,2632,264,1030.35,84.87,1.0
2301,87,23,2587,174,1030.3,64.77,1.0
2302,252,24,2752,504,1030.3,103.19,1.0
2303,234,19,2734,468,1030.28,113.32,1.0
2304,209,25,2709,418,1030.27,85.13,1.0
2305,209,27,2709,418,1030.26,75.02,1.0
2306,25,15,2525,50,1030.24,67.8,1.0
2307,166,14,2666,332,1030.24,94.76,1.0
2308,212,16,2712,424,1030.24,104.52,1.0
2309,230,18,2730,460,1030.22,98.19,1.0
2310,78,21,2578,156,1030.2,77.53,1.0
2311,145,16,2645,290,1030.2,102.14,1.0
2312,243,26,2743,486,1030.2,88.05,1.0
2313,187,22,2687,374,1030.17,85.65,1.0
2314,295,19,2795,590,1030.15,113.4,1.0
2315,66,22,2566,132,1030.08,70.97,1.0
2316,83,22,2583,166,1030.07,70.24,1.0
2317,13,17,2513,26,1030.06,66.86,1.0
2318,37,22,2537,74,1030.06,65.82,1.0
2319,155,23,2655,310,1030.06,83.95,1.0
2320,264,14,2764,528,1030.06,112.9,1.0
2321,60,16,2560,120,1030.04,77.6,1.0
2322,250,19,2750,500,1030.04,120.15,1.0
2323,22,12,2522,44,1029.93,68.68,1.0
2324,112,21,2612,224,1029.93,77.4,1.0
2325,226,14,2726,452,1029.92,118.25,1.0
2326,210,24,2710,420,1029.91,83.07,1.0
2327,66,21,2566,132,1029.88,73.64,1.0
2328,266,27,2766,532,1029.87,87.27,1.0
2329,126,24,2626,252,1029.86,79.65,1.0
2330,83,15,2583,166,1029.84,83.31,1.0
2331,119,17,2619,238,1029.83,99.65,1.0
2332,7,21,2507,14,1029.8,55.46,1.0
2333,111,21,2611,222,1029.8,75.98,1.0
2334,31,19,2531,62,1029.75,63.59,1.0
2335,28,13,2528,56,1029.74,71.32,1.0
2336,258,27,2758,516,1029.71,88.85,1.0
2337,234,18,2734,468,1029.66,104.99,1.0
2338,260,21,2760,520,1029.64,112.44,1.0
2339,42,21,2542,84,1029.62,56.33,1.0
2340,59,21,2559,118,1029.61,65.8,1.0
2341,170,15,2670,340,1029.6,106.01,1.0
2342,216,26,2716,432,1029.58,82.81,1.0
2343,25,20,2525,50,1029.57,66.54,1.0
2344,35,13,2535,70,1029.55,80.57,1.0
2345,255,16,2755,510,1029.54,121.48,1.0
2346,4,15,2504,8,1029.42,60.64,1.0
2347,95,21,2595,190,1029.4,68.42,1.0
2348,170,16,2670,340,1029.4,101.88,1.0
2349,105,23,2605,210,1029.39,72.09,1.0
2350,115,23,2615,230,1029.37,74.63,1.0
2351,44,23,2544,88,1029.36,66.8,1.0
2352,54,19,2554,108,1029.33,79.18,1.0
2353,109,21,2609,218,1029.32,74.91,1.0
2354,267,27,2767,534,1029.32,97.53,1.0
2355,118,24,2618,236,1029.3,70.61,1.0
2356,25,21,2525,50,1029.25,70.36,1.0
2357,109,22,2609,218,1029.23,79.47,1.0
2358,151,24,2651,302,1029.2,85.3,1.0
2359,38,14,2538,76,1029.18,78.56,1.0
2360,160,23,2660,320,1029.12,77.43,1.0
2361,221,26,2721,442,1029.1,79.83,1.0
2362,107,19,2607,214,1029.09,81.91,1.0
2363,244,19,2744,488,1029.08,115.57,1.0
2364,34,17,2534,68,1029.07,66.34,1.0
2365,254,18,2754,508,1029.04,118.27,1.0
2366,278,24,2778,556,1029.04,103.32,1.0
2367,123,15,2623,246,1029.03,98.49,1.0
2368,4,20,2504,8,1028.99,60.04,1.0
2369,65,16,2565,130,1028.88,67.21,1.0
2370,193,25,2693,386,1028.88,90.38,1.0
2371,167,22,2667,334,1028.82,83.27,1.0
2372,138,24,2638,276,1028.8,82.77,1.0
2373,124,20,2624,248,1028.78,87.27,1.0
2374,64,14,2564,128,1028.76,78.13,1.0
2375,202,15,2702,404,1028.75,108.65,1.0
2376,23,22,2523,46,1028.74,67.82,1.0
2377,276,17,2776,552,1028.71,136.18,1.0
2378,16,14,2516,32,1028.69,73.04,1.0
2379,127,23,2627,254,1028.68,71.11,1.0
2380,261,28,2761,522,1028.66,83.24,1.0
2381,119,21,2619,238,1028.62,81.22,1.0
2382,158,21,2658,316,1028.62,79.39,1.0
2383,268,24,2768,536,1028.59,94.79,1.0
2384,111,20,2611,222,1028.55,83.12,1.0
2385,123,14,2623,246,1028.52,92.52,1.0
2386,5,21,2505,10,1028.46,66.96,1.0
2387,2,18,2502,4,1028.43,57.14,1.0
2388,295,20,2795,590,1028.42,99.88,1.0
2389,0,22,2500,0,1028.4,56.18,1.0
2390,47,15,2547,94,1028.38,72.27,1.0
2391,26,14,2526,52,1028.36,73.66,1.0
2392,230,23,2730,460,1028.36,94.64,1.0
2393,40,20,2540,80,1028.34,65.32,1.0
2394,175,21,2675,350,1028.33,104.84,1.0
2395,269,21,2769,538,1028.32,105.48,1.0
2396,49,12,2549,98,1028.29,77.92,1.0
2397,129,19,2629,258,1028.26,85.63,1.0
2398,180,14,2680,360,1028.26,104.6,1.0
2399,203,26,2703,406,1028.25,79.72,1.0
2400,253,14,2753,506,1028.24,111.01,1.0
2401,165,26,2665,330,1028.23,86.78,1.0
2402,59,16,2559,118,1028.18,73.8,1.0
2403,233,15,2733,466,1028.18,115.98,1.0
2404,250,24,2750,500,1028.18,101.01,1.0
2405,143,17,2643,286,1028.16,92.19,1.0
2406,244,18,2744,488,1028.16,109.77,1.0
2407,95,19,2595,190,1028.13,71.7,1.0
2408,58,21,2558,116,1028.11,65.81,1.0
2409,191,23,2691,382,1028.11,82.79,1.0
2410,54,20,2554,108,1028.1,68.5,1.0
2411,5,15,2505,10,1028.1,72.51,1.0
2412,129,15,2629,258,1028.05,98.17,1.0
2413,156,16,2656,312,1028.05,90.19,1.0
2414,51,14,2551,102,1028.04,77.41,1.0
2415,208,25,2708,416,1028.03,88.04,1.0
2416,120,22,2620,240,1028.02,86.44,1.0
2417,57,22,2557,114,1027.94,65.04,1.0
2418,48,14,2548,96,1027.93,78.74,1.0
2419,1,19,2501,2,1027.92,62.26,1.0
2420,65,21,2565,130,1027.9,69.53,1.0
2421,263,27,2763,526,1027.84,89.07,1.0
2422,78,14,2578,156,1027.83,87.92,1.0
2423,75,23,2575,150,1027.78,65.97,1.0
2424,212,25,2712,424,1027.73,91.24,1.0
2425,118,13,2618,236,1027.72,89.88,1.0
2426,254,21,2754,508,1027.69,94.97,1.0
2427,17,22,2517,34,1027.68,51.66,1.0
2428,103,15,2603,206,1027.68,91.77,1.0
2429,244,20,2744,488,1027.68,102.53,1.0
2430,82,15,2582,164,1027.67,89.99,1.0
2431,9,17,2509,18,1027.65,74.25,1.0
2432,277,26,2777,554,1027.63,101.61,1.0
2433,156,23,2656,312,1027.61,79.04,1.0
2434,52,22,2552,104,1027.59,66.22,1.0
2435,211,18,2711,422,1027.53,102.49,1.0
2436,132,22,2632,264,1027.5,73.11,1.0
2437,67,17,2567,134,1027.48,84.21,1.0
2438,53,14,2553,106,1027.47,83.91,1.0
2439,62,22,2562,124,1027.46,66.46,1.0
2440,56,17,2556,112,1027.45,69.08,1.0
2441,265,15,2765,530,1027.39,104.15,1.0
2442,158,20,2658,316,1027.37,83.99,1.0
2443,88,22,2588,176,1027.34,69.25,1.0
2444,240,16,2740,480,1027.32,115.46,1.0
2445,181,13,2681,362,1027.31,107.59,1.0
2446,236,27,2736,472,1027.31,91.5,1.0
2447,44,12,2544,88,1027.29,80.27,1.0
2448,151,23,2651,302,1027.28,85.1,1.0
2449,250,23,2750,500,1027.26,98.86,1.0
2450,77,12,2577,154,1027.24,82.5,1.0
2451,300,17,2800,600,1027.23,114.66,1.0
2452,149,15,2649,298,1027.22,95.99,1.0
2453,239,20,2739,478,1027.22,99.11,1.0
2454,90,23,2590,180,1027.2,76.75,1.0
2455,258,26,2758,516,1027.2,87.95,1.0
2456,93,14,2593,186,1027.19,80.46,1.0
2457,167,23,2667,334,1027.14,88.98,1.0
2458,36,15,2536,72,1027.08,66.81,1.0
2459,140,17,2640,280,1027.08,99.18,1.0
2460,284,27,2784,568,1027.08,101.69,1.0
2461,102,19,2602,204,1027.05,72.26,1.0
2462,289,27,2789,578,1027.05,89.83,1.0
2463,125,15,2625,250,1027.04,92.55,1.0
2464,173,16,2673,346,1026.96,104.82,1.0
2465,5,14,2505,10,1026.93,65.75,1.0
2466,140,20,2640,280,1026.9,81.76,1.0
2467,105,12,2605,210,1026.86,91.63,1.0
2468,272,24,2772,544,1026.86,95.98,1.0
2469,2,16,2502,4,1026.84,56.12,1.0
2470,64,16,2564,128,1026.84,83.7,1.0
2471,292,18,2792,584,1026.84,120.07,1.0
2472,120,15,2620,240,1026.8,89.86,1.0
2473,9,15,2509,18,1026.79,73.62,1.0
2474,114,23,2614,228,1026.77,82.71,1.0
2475,3,14,2503,6,1026.76,63.63,1.0
2476,21,18,2521,42,1026.75,62.09,1.0
2477,43,22,2543,86,1026.72,73.93,1.0
2478,64,21,2564,128,1026.71,81.25,1.0
2479,175,16,2675,350,1026.7,103.76,1.0
2480,138,23,2638,276,1026.7,86.53,1.0
2481,135,23,2635,270,1026.66,89.89,1.0
2482,288,16,2788,576,1026.66,127.9,1.0
2483,97,15,2597,194,1026.64,82.84,1.0
2484,65,15,2565,130,1026.6,78.77,1.0
2485,243,15,2743,486,1026.58,123.09,1.0
2486,222,19,2722,444,1026.55,103.36,1.0
2487,282,27,2782,564,1026.55,97.46,1.0
2488,27,13,2527,54,1026.52,78.07,1.0
2489,253,27,2753,506,1026.5,76.21,1.0
2490,52,20,2552,104,1026.48,70.08,1.0
2491,298,17,2798,596,1026.48,130.71,1.0
2492,109,23,2609,218,1026.46,70.57,1.0
2493,95,18,2595,190,1026.41,79.33,1.0
2494,220,24,2720,440,1026.41,87.97,1.0
2495,174,20,2674,348,1026.39,87.54,1.0
2496,90,24,2590,180,1026.35,70.48,1.0
2497,19,19,2519,38,1026.32,62.72,1.0
2498,116,13,2616,232,1026.26,90.13,1.0
2499,129,16,2629,258,1026.24,108.14,1.0
2500,37,12,2537,74,1026.23,84.6,1.0
2501,48,22,2548,96,1026.23,75.7,1.0
2502,65,20,2565,130,1026.23,71.02,1.0
2503,91,22,2591,182,1026.23,72.65,1.0
2504,117,24,2617,234,1026.22,75.42,1.0
2505,184,15,2684,368,1026.21,100.13,1.0
2506,295,25,2795,590,1026.2,95.44,1.0
2507,59,17,2559,118,1026.19,69.52,1.0
2508,242,26,2742,484,1026.16,87.36,1.0
2509,124,18,2624,248,1026.06,88.72,1.0
2510,1,20,2501,2,1026.04,56.26,1.0
2511,228,16,2728,456,1026.02,113.97,1.0
2512,229,23,2729,458,1026.02,99.9,1.0
2513,6,17,2506,12,1025.99,58.33,1.0
2514,92,15,2592,184,1025.95,81.32,1.0
2515,133,24,2633,266,1025.93,72.62,1.0
2516,285,16,2785,570,1025.92,119.65,1.0
2517,237,17,2737,474,1025.89,111.37,1.0
2518,136,24,2636,272,1025.87,70.98,1.0
2519,4,14,2504,8,1025.86,65.26,1.0
2520,218,14,2718,436,1025.85,118.39,1.0
2521,62,15,2562,124,1025.84,72.15,1.0
2522,286,28,2786,572,1025.82,91.36,1.0
2523,237,25,2737,474,1025.75,86.18,1.0
2524,191,16,2691,382,1025.73,105.51,1.0
2525,269,22,2769,538,1025.72,109.76,1.0
2526,36,21,2536,72,1025.7,63.71,1.0
2527,92,14,2592,184,1025.69,86.14,1.0
2528,41,20,2541,82,1025.66,65.0,1.0
2529,198,23,2698,396,1025.65,84.42,1.0
2530,110,24,2610,220,1025.63,72.73,1.0
2531,68,15,2568,136,1025.62,83.91,1.0
2532,195,15,2695,390,1025.62,101.55,1.0
2533,153,12,2653,306,1025.58,104.63,1.0
2534,227,26,2727,454,1025.58,88.04,1.0
2535,121,13,2621,242,1025.57,92.09,1.0
2536,48,13,2548,96,1025.48,86.62,1.0
2537,118,25,2618,236,1025.48,73.99,1.0
2538,179,25,2679,358,1025.48,80.89,1.0
2539,59,18,2559,118,1025.47,73.25,1.0
2540,269,24,2769,538,1025.47,101.6,1.0
2541,282,17,2782,564,1025.46,111.54,1.0
2542,39,16,2539,78,1025.45,74.37,1.0
2543,178,26,2678,356,1025.43,86.91,1.0
2544,294,27,2794,588,1025.43,97.77,1.0
2545,134,13,2634,268,1025.42,96.53,1.0
2546,288,17,2788,576,1025.41,123.27,1.0
2547,7,13,2507,14,1025.4,59.97,1.0
2548,267,14,2767,534,1025.39,112.66,1.0
2549,40,16,2540,80,1025.36,72.35,1.0
2550,246,16,2746,492,1025.36,111.77,1.0
2551,145,24,2645,290,1025.34,79.46,1.0
2552,85,13,2585,170,1025.33,80.59,1.0
2553,169,21,2669,338,1025.29,92.28,1.0
2554,298,16,2798,596,1025.28,129.84,1.0
2555,219,24,2719,438,1025.27,88.99,1.0
2556,249,20,2749,498,1025.24,93.83,1.0
2557,274,25,2774,548,1025.22,105.37,1.0
2558,142,13,2642,284,1025.21,98.95,1.0
2559,231,14,2731,462,1025.16,109.27,1.0
2560,194,25,2694,388,1025.14,79.19,1.0
2561,222,22,2722,444,1025.13,113.21,1.0
2562,69,16,2569,138,1025.12,77.74,1.0
2563,240,15,2740,480,1025.1,119.53,1.0
2564,270,26,2770,540,1025.1,107.02,1.0
2565,234,16,2734,468,1025.03,111.09,1.0
2566,122,13,2622,244,1025.02,95.48,1.0
2567,99,23,2599,198,1024.98,71.27,1.0
2568,24,22,2524,48,1024.96,63.58,1.0
2569,76,13,2576,152,1024.93,90.05,1.0
2570,51,13,2551,102,1024.88,82.41,1.0
2571,200,20,2700,400,1024.86,103.11,1.0
2572,156,14,2656,312,1024.85,96.86,1.0
2573,102,23,2602,204,1024.84,74.23,1.0
2574,299,16,2799,598,1024.78,130.32,1.0
2575,206,24,2706,412,1024.73,94.68,1.0
2576,89,14,2589,178,1024.71,94.13,1.0
2577,235,26,2735,470,1024.71,85.47,1.0
2578,53,21,2553,106,1024.65,66.06,1.0
2579,201,17,2701,402,1024.63,106.73,1.0
2580,222,21,2722,444,1024.58,96.05,1.0
2581,185,14,2685,370,1024.54,110.22,1.0
2582,27,21,2527,54,1024.47,64.19,1.0
2583,150,19,2650,300,1024.47,100.86,1.0
2584,76,14,2576,152,1024.46,94.29,1.0
2585,215,25,2715,430,1024.37,76.01,1.0
2586,140,18,2640,280,1024.34,95.28,1.0
2587,236,17,2736,472,1024.34,116.72,1.0
2588,161,25,2661,322,1024.29,82.44,1.0
2589,34,15,2534,68,1024.24,77.06,1.0
2590,213,14,2713,426,1024.22,110.84,1.0
2591,50,13,2550,100,1024.18,88.09,1.0
2592,11,22,2511,22,1024.16,57.55,1.0
2593,91,14,2591,182,1024.16,88.66,1.0
2594,108,14,2608,216,1024.12,90.18,1.0
2595,66,13,2566,132,1024.09,85.17,1.0
2596,222,18,2722,444,1024.06,104.98,1.0
2597,274,24,2774,548,1024.05,108.38,1.0
2598,0,21,2500,0,1024.02,54.78,1.0
2599,125,23,2625,250,1024.02,80.2,1.0
2600,33,17,2533,66,1024.0,74.54,1.0
2601,200,22,2700,400,1024.0,87.21,1.0
2602,73,14,2573,146,1023.99,86.57,1.0
2603,185,26,2685,370,1023.96,76.39,1.0
2604,232,15,2732,464,1023.95,120.33,1.0
2605,141,24,2641,282,1023.94,72.95,1.0
2606,143,16,2643,286,1023.94,92.12,1.0
2607,168,25,2668,336,1023.91,91.46,1.0
2608,69,20,2569,138,1023.88,72.75,1.0
2609,230,19,2730,460,1023.88,90.51,1.0
2610,96,13,2596,192,1023.84,97.13,1.0
2611,211,17,2711,422,1023.83,104.27,1.0
2612,59,20,2559,118,1023.82,72.18,1.0
2613,291,15,2791,582,1023.76,127.21,1.0
2614,129,18,2629,258,1023.7,94.54,1.0
2615,139,26,2639,278,1023.7,72.35,1.0
2616,49,23,2549,98,1023.62,60.09,1.0
2617,169,22,2669,338,1023.61,90.81,1.0
2618,55,18,2555,110,1023.6,79.09,1.0
2619,173,24,2673,346,1023.56,89.26,1.0
2620,56,21,2556,112,1023.55,67.73,1.0
2621,171,16,2671,342,1023.53,96.38,1.0
2622,182,24,2682,364,1023.51,82.29,1.0
2623,83,21,2583,166,1023.48,72.5,1.0
2624,189,15,2689,378,1023.48,109.91,1.0
2625,250,18,2750,500,1023.48,119.26,1.0
2626,151,13,2651,302,1023.46,98.66,1.0
2627,143,23,2643,286,1023.46,76.85,1.0
2628,10,22,2510,20,1023.43,55.47,1.0
2629,288,18,2788,576,1023.43,120.41,1.0
2630,1,16,2501,2,1023.39,58.63,1.0
2631,200,19,2700,400,1023.36,111.52,1.0
2632,99,13,2599,198,1023.31,92.62,1.0
2633,130,13,2630,260,1023.28,104.56,1.0
2634,52,21,2552,104,1023.26,67.58,1.0
2635,63,22,2563,126,1023.25,73.87,1.0
2636,100,14,2600,200,1023.24,88.95,1.0
2637,88,16,2588,176,1023.22,77.55,1.0
2638,140,21,2640,280,1023.22,80.97,1.0
2639,189,25,2689,378,1023.2,77.26,1.0
2640,284,16,2784,568,1023.2,124.86,1.0
2641,107,21,2607,214,1023.16,76.15,1.0
2642,225,26,2725,450,1023.16,97.57,1.0
2643,244,16,2744,488,1023.15,113.16,1.0
2644,61,15,2561,122,1023.14,78.5,1.0
2645,35,14,2535,70,1023.13,77.94,1.0
2646,52,14,2552,104,1023.13,77.1,1.0
2647,80,18,2580,160,1023.11,88.42,1.0
2648,108,16,2608,216,1023.05,78.31,1.0
2649,124,21,2624,248,1023.03,84.94,1.0
2650,137,24,2637,274,1023.02,84.06,1.0
2651,97,16,2597,194,1023.0,87.11,1.0
2652,119,18,2619,238,1023.0,90.79,1.0
2653,46,16,2546,92,1022.99,73.02,1.0
2654,282,16,2782,564,1022.99,116.36,1.0
2655,97,17,2597,194,1022.92,78.1,1.0
2656,93,24,2593,186,1022.9,70.72,1.0
2657,243,16,2743,486,1022.83,126.43,1.0
2658,159,21,2659,318,1022.82,90.81,1.0
2659,285,15,2785,570,1022.8,121.96,1.0
2660,106,22,2606,212,1022.79,72.7,1.0
2661,89,23,2589,178,1022.79,77.5,1.0
2662,9,16,2509,18,1022.77,79.17,1.0
2663,84,14,2584,168,1022.75,85.98,1.0
2664,65,18,2565,130,1022.75,69.3,1.0
2665,184,14,2684,368,1022.73,112.04,1.0
2666,1,18,2501,2,1022.72,57.16,1.0
2667,219,23,2719,438,1022.72,93.53,1.0
2668,208,17,2708,416,1022.72,105.04,1.0
2669,292,25,2792,584,1022.72,107.27,1.0
2670,300,28,2800,600,1022.72,93.6,1.0
2671,67,16,2567,134,1022.68,79.41,1.0
2672,237,16,2737,474,1022.66,112.17,1.0
2673,260,24,2760,520,1022.66,104.81,1.0
2674,261,15,2761,522,1022.64,108.43,1.0
2675,42,15,2542,84,1022.62,79.45,1.0
2676,19,20,2519,38,1022.61,61.36,1.0
2677,210,17,2710,420,1022.59,117.73,1.0
2678,220,23,2720,440,1022.56,89.92,1.0
2679,174,22,2674,348,1022.54,94.08,1.0
2680,186,26,2686,372,1022.52,86.18,1.0
2681,119,16,2619,238,1022.49,99.45,1.0
2682,121,23,2621,242,1022.48,77.87,1.0
2683,163,25,2663,326,1022.48,80.7,1.0
2684,263,16,2763,526,1022.48,107.97,1.0
2685,224,27,2724,448,1022.46,85.55,1.0
2686,70,13,2570,140,1022.43,80.51,1.0
2687,269,18,2769,538,1022.4,119.78,1.0
2688,97,21,2597,194,1022.39,72.36,1.0
2689,274,26,2774,548,1022.34,97.16,1.0
2690,64,22,2564,128,1022.33,71.6,1.0
2691,198,16,2698,396,1022.33,96.35,1.0
2692,53,15,2553,106,1022.32,75.01,1.0
2693,39,18,2539,78,1022.3,69.19,1.0
2694,72,22,2572,144,1022.3,81.2,1.0
2695,172,24,2672,344,1022.27,90.89,1.0
2696,219,16,2719,438,1022.25,95.0,1.0
2697,108,15,2608,216,1022.21,87.45,1.0
2698,96,23,2596,192,1022.17,76.44,1.0
2699,31,16,2531,62,1022.16,69.25,1.0
2700,167,24,2667,334,1022.1,87.22,1.0
2701,80,21,2580,160,1022.03,79.21,1.0
2702,104,22,2604,208,1022.02,87.51,1.0
2703,199,14,2699,398,1022.02,105.84,1.0
2704,94,21,2594,188,1021.93,78.85,1.0
2705,19,21,2519,38,1021.92,56.82,1.0
2706,230,25,2730,460,1021.9,82.67,1.0
2707,82,23,2582,164,1021.89,70.47,1.0
2708,192,22,2692,384,1021.89,102.51,1.0
2709,299,15,2799,598,1021.89,130.35,1.0
2710,115,14,2615,230,1021.88,89.54,1.0
2711,16,21,2516,32,1021.84,59.99,1.0
2712,205,16,2705,410,1021.83,117.01,1.0
2713,201,16,2701,402,1021.81,107.98,1.0
2714,244,26,2744,488,1021.8,94.31,1.0
2715,290,27,2790,580,1021.79,89.54,1.0
2716,210,19,2710,420,1021.75,119.83,1.0
2717,293,28,2793,586,1021.75,84.5,1.0
2718,219,25,2719,438,1021.74,91.22,1.0
2719,78,22,2578,156,1021.73,68.35,1.0
2720,192,16,2692,384,1021.73,119.44,1.0
2721,104,20,2604,208,1021.72,85.56,1.0
2722,43,13,2543,86,1021.7,84.11,1.0
2723,192,23,2692,384,1021.64,81.06,1.0
2724,36,14,2536,72,1021.63,73.18,1.0
2725,280,27,2780,560,1021.62,99.68,1.0
2726,276,25,2776,552,1021.57,97.41,1.0
2727,108,23,2608,216,1021.55,76.92,1.0
2728,157,13,2657,314,1021.55,107.06,1.0
2729,55,17,2555,110,1021.54,86.0,1.0
2730,69,15,2569,138,1021.53,76.17,1.0
2731,241,27,2741,482,1021.53,84.23,1.0
2732,290,15,2790,580,1021.52,119.47,1.0
2733,2,17,2502,4,1021.51,59.56,1.0
2734,21,16,2521,42,1021.5,73.12,1.0
2735,158,16,2658,316,1021.48,95.26,1.0
2736,79,13,2579,158,1021.45,82.55,1.0
2737,106,21,2606,212,1021.44,85.54,1.0
2738,68,21,2568,136,1021.41,64.32,1.0
2739,260,26,2760,520,1021.41,99.47,1.0
2740,68,19,2568,136,1021.36,74.65,1.0
2741,39,15,2539,78,1021.35,74.96,1.0
2742,260,18,2760,520,1021.29,112.9,1.0
2743,174,21,2674,348,1021.24,89.34,1.0
2744,8,13,2508,16,1021.22,67.04,1.0
2745,134,25,2634,268,1021.22,78.04,1.0
2746,141,14,2641,282,1021.17,91.86,1.0
2747,248,24,2748,496,1021.11,90.75,1.0
2748,258,28,2758,516,1021.09,85.87,1.0
2749,160,24,2660,320,1021.08,77.05,1.0
2750,228,25,2728,456,1021.08,90.86,1.0
2751,256,26,2756,512,1021.03,92.89,1.0
2752,274,17,2774,548,1021.0,119.3,1.0
2753,92,24,2592,184,1020.95,70.03,1.0
2754,211,16,2711,422,1020.94,117.29,1.0
2755,81,24,2581,162,1020.9,72.85,1.0
2756,67,14,2567,134,1020.9,81.5,1.0
2757,14,22,2514,28,1020.87,57.38,1.0
2758,61,16,2561,122,1020.81,75.69,1.0
2759,58,22,2558,116,1020.79,66.66,1.0
2760,124,17,2624,248,1020.75,88.38,1.0
2761,65,22,2565,130,1020.74,60.36,1.0
2762,159,20,2659,318,1020.71,107.32,1.0
2763,222,20,2722,444,1020.7,104.86,1.0
2764,133,14,2633,266,1020.69,82.96,1.0
2765,270,16,2770,540,1020.66,112.95,1.0
2766,73,22,2573,146,1020.64,83.65,1.0
2767,24,23,2524,48,1020.55,65.2,1.0
2768,14,12,2514,28,1020.52,73.64,1.0
2769,112,23,2612,224,1020.48,78.1,1.0
2770,16,13,2516,32,1020.43,78.97,1.0
2771,108,22,2608,216,1020.43,77.71,1.0
2772,24,13,2524,48,1020.42,80.35,1.0
2773,6,18,2506,12,1020.38,56.38,1.0
2774,254,24,2754,508,1020.37,96.22,1.0
2775,76,23,2576,152,1020.33,67.13,1.0
2776,77,23,2577,154,1020.32,74.01,1.0
2777,278,26,2778,556,1020.27,98.54,1.0
2778,104,21,2604,208,1020.26,85.75,1.0
2779,211,26,2711,422,1020.2,81.7,1.0
2780,159,23,2659,318,1020.17,86.11,1.0
2781,32,19,2532,64,1020.15,66.99,1.0
2782,132,17,2632,264,1020.14,83.83,1.0
2783,154,17,2654,308,1020.1,101.02,1.0
2784,254,22,2754,508,1020.09,113.95,1.0
2785,182,15,2682,364,1020.08,110.93,1.0
2786,207,17,2707,414,1020.01,100.67,1.0
2787,295,18,2795,590,1020.0,120.6,1.0
2788,137,13,2637,274,1019.96,93.22,1.0
2789,125,16,2625,250,1019.96,101.97,1.0
2790,207,24,2707,414,1019.94,92.63,1.0
2791,271,15,2771,542,1019.9,109.68,1.0
2792,269,23,2769,538,1019.86,102.54,1.0
2793,6,19,2506,12,1019.85,57.57,1.0
2794,19,13,2519,38,1019.83,68.7,1.0
2795,279,15,2779,558,1019.82,112.49,1.0
2796,295,17,2795,590,1019.82,110.23,1.0
2797,201,25,2701,402,1019.81,93.21,1.0
2798,248,22,2748,496,1019.78,103.67,1.0
2799,193,14,2693,386,1019.76,118.49,1.0
2800,226,27,2726,452,1019.76,78.28,1.0
2801,175,23,2675,350,1019.7,83.07,1.0
2802,46,15,2546,92,1019.66,64.37,1.0
2803,56,13,2556,112,1019.64,79.45,1.0
2804,287,15,2787,574,1019.64,124.07,1.0
2805,6,16,2506,12,1019.63,59.79,1.0
2806,237,26,2737,474,1019.6,87.35,1.0
2807,139,12,2639,278,1019.58,106.8,1.0
2808,159,18,2659,318,1019.54,95.3,1.0
2809,46,17,2546,92,1019.48,68.22,1.0
2810,170,24,2670,340,1019.45,88.74,1.0
2811,247,16,2747,494,1019.37,117.44,1.0
2812,160,15,2660,320,1019.36,97.46,1.0
2813,275,16,2775,550,1019.33,130.72,1.0
2814,254,20,2754,508,1019.31,114.41,1.0
2815,144,24,2644,288,1019.28,77.98,1.0
2816,2,19,2502,4,1019.26,59.71,1.0
2817,125,14,2625,250,1019.26,99.76,1.0
2818,124,19,2624,248,1019.24,89.83,1.0
2819,146,25,2646,292,1019.22,80.09,1.0
2820,128,24,2628,256,1019.2,75.92,1.0
2821,149,25,2649,298,1019.18,82.53,1.0
2822,200,18,2700,400,1019.18,110.74,1.0
2823,98,14,2598,196,1019.14,91.52,1.0
2824,110,13,2610,220,1019.13,86.22,1.0
2825,69,21,2569,138,1019.12,73.25,1.0
2826,250,17,2750,500,1019.11,123.55,1.0
2827,29,18,2529,58,1019.05,64.24,1.0
2828,203,27,2703,406,1019.02,84.09,1.0
2829,13,15,2513,26,1019.01,71.78,1.0
2830,107,17,2607,214,1019.01,87.64,1.0
2831,292,26,2792,584,1018.99,103.18,1.0
2832,255,27,2755,510,1018.94,86.17,1.0
2833,262,18,2762,524,1018.92,111.87,1.0
2834,277,27,2777,554,1018.87,92.38,1.0
2835,144,14,2644,288,1018.85,94.73,1.0
2836,75,14,2575,150,1018.83,75.92,1.0
2837,54,15,2554,108,1018.81,85.11,1.0
2838,176,25,2676,352,1018.76,80.56,1.0
2839,114,24,2614,228,1018.74,81.36,1.0
2840,197,24,2697,394,1018.72,86.2,1.0
2841,223,26,2723,446,1018.72,84.75,1.0
2842,9,20,2509,18,1018.71,68.88,1.0
2843,53,22,2553,106,1018.69,62.47,1.0
2844,104,15,2604,208,1018.66,82.94,1.0
2845,171,15,2671,342,1018.65,103.81,1.0
2846,65,14,2565,130,1018.58,78.16,1.0
2847,91,23,2591,182,1018.57,75.2,1.0
2848,148,16,2648,296,1018.56,102.27,1.0
2849,159,22,2659,318,1018.56,78.97,1.0
2850,217,26,2717,434,1018.54,81.75,1.0
2851,12,21,2512,24,1018.53,54.4,1.0
2852,58,13,2558,116,1018.53,85.71,1.0
2853,26,13,2526,52,1018.52,72.78,1.0
2854,143,15,2643,286,1018.47,99.88,1.0
2855,224,14,2724,448,1018.46,108.22,1.0
2856,196,13,2696,392,1018.42,108.24,1.0
2857,79,23,2579,158,1018.41,76.08,1.0
2858,124,22,2624,248,1018.33,84.42,1.0
2859,21,14,2521,42,1018.31,74.94,1.0
2860,29,16,2529,58,1018.2,76.16,1.0
2861,1,14,2501,2,1018.2,67.09,1.0
2862,200,23,2700,400,1018.2,93.16,1.0
2863,3,20,2503,6,1018.19,61.21,1.0
2864,106,13,2606,212,1018.07,87.95,1.0
2865,259,28,2759,518,1018.05,88.11,1.0
2866,47,14,2547,94,1018.02,72.89,1.0
2867,54,22,2554,108,1017.98,68.89,1.0
2868,114,15,2614,228,1017.98,99.25,1.0
2869,20,12,2520,40,1017.93,73.76,1.0
2870,123,24,2623,246,1017.92,72.17,1.0
2871,265,28,2765,530,1017.9,84.46,1.0
2872,94,16,2594,188,1017.88,96.05,1.0
2873,112,17,2612,224,1017.88,79.69,1.0
2874,239,24,2739,478,1017.88,88.9,1.0
2875,22,11,2522,44,1017.86,70.6,1.0
2876,188,13,2688,376,1017.86,116.64,1.0
2877,276,26,2776,552,1017.86,110.01,1.0
2878,67,15,2567,134,1017.74,82.1,1.0
2879,136,23,2636,272,1017.74,82.46,1.0
2880,212,26,2712,424,1017.74,90.37,1.0
2881,98,13,2598,196,1017.69,86.15,1.0
2882,150,25,2650,300,1017.69,82.73,1.0
2883,80,20,2580,160,1017.68,83.44,1.0
2884,39,17,2539,78,1017.62,69.1,1.0
2885,70,12,2570,140,1017.62,88.72,1.0
2886,12,14,2512,24,1017.57,68.17,1.0
2887,30,18,2530,60,1017.56,62.19,1.0
2888,264,29,2764,528,1017.55,83.55,1.0
2889,57,13,2557,114,1017.53,83.8,1.0
2890,58,14,2558,116,1017.51,79.94,1.0
2891,213,15,2713,426,1017.51,111.84,1.0
2892,113,13,2613,226,1017.46,94.72,1.0
2893,183,18,2683,366,1017.4,102.17,1.0
2894,111,22,2611,222,1017.37,77.05,1.0
2895,83,14,2583,166,1017.36,89.31,1.0
2896,229,25,2729,458,1017.33,97.65,1.0
2897,29,19,2529,58,1017.32,71.02,1.0
2898,33,16,2533,66,1017.32,72.82,1.0
2899,249,19,2749,498,1017.31,109.65,1.0
2900,94,18,2594,188,1017.29,90.8,1.0
2901,176,14,2676,352,1017.28,105.04,1.0
2902,107,22,2607,214,1017.18,72.38,1.0
2903,174,19,2674,348,1017.16,101.62,1.0
2904,131,13,2631,262,1017.09,104.68,1.0
2905,31,14,2531,62,1017.08,74.95,1.0
2906,295,24,2795,590,1017.07,99.43,1.0
2907,8,12,2508,16,1017.06,74.66,1.0
2908,241,14,2741,482,1017.06,122.43,1.0
2909,281,14,2781,562,1017.06,129.59,1.0
2910,61,21,2561,122,1017.05,62.33,1.0
2911,232,26,2732,464,1017.03,81.05,1.0
2912,236,15,2736,472,1017.03,117.04,1.0
2913,101,23,2601,202,1016.98,81.49,1.0
2914,70,24,2570,140,1016.94,70.59,1.0
2915,200,16,2700,400,1016.93,100.23,1.0
2916,112,22,2612,224,1016.92,76.23,1.0
2917,194,16,2694,388,1016.91,102.65,1.0
2918,271,28,2771,542,1016.89,90.41,1.0
2919,1,13,2501,2,1016.83,64.27,1.0
2920,197,20,2697,394,1016.78,91.9,1.0
2921,135,14,2635,270,1016.76,112.44,1.0
2922,12,13,2512,24,1016.74,67.86,1.0
2923,249,24,2749,498,1016.64,89.46,1.0
2924,68,20,2568,136,1016.57,68.4,1.0
2925,217,15,2717,434,1016.57,106.09,1.0
2926,275,15,2775,550,1016.56,132.82,1.0
2927,260,23,2760,520,1016.54,105.16,1.0
2928,278,27,2778,556,1016.52,96.27,1.0
2929,215,16,2715,430,1016.5,99.63,1.0
2930,22,23,2522,44,1016.48,61.29,1.0
2931,259,14,2759,518,1016.48,123.57,1.0
2932,38,22,2538,76,1016.46,65.42,1.0
2933,97,14,2597,194,1016.46,87.61,1.0
2934,262,20,2762,524,1016.45,117.39,1.0
2935,225,15,2725,450,1016.43,107.8,1.0
2936,129,23,2629,258,1016.41,87.45,1.0
2937,179,15,2679,358,1016.41,106.97,1.0
2938,28,21,2528,56,1016.37,62.18,1.0
2939,41,21,2541,82,1016.35,64.43,1.0
2940,254,17,2754,508,1016.33,115.33,1.0
2941,148,24,2648,296,1016.3,81.84,1.0
2942,35,20,2535,70,1016.27,70.0,1.0
2943,119,15,2619,238,1016.27,99.86,1.0
2944,87,14,2587,174,1016.25,75.31,1.0
2945,229,24,2729,458,1016.24,98.06,1.0
2946,94,20,2594,188,1016.17,88.12,1.0
2947,65,19,2565,130,1016.16,75.02,1.0
2948,295,27,2795,590,1016.09,88.65,1.0
2949,41,14,2541,82,1016.06,81.64,1.0
2950,234,25,2734,468,1016.05,85.95,1.0
2951,48,12,2548,96,1016.04,93.47,1.0
2952,159,24,2659,318,1016.04,83.18,1.0
2953,285,27,2785,570,1016.04,92.42,1.0
2954,104,16,2604,208,1016.02,84.87,1.0
2955,142,14,2642,284,1015.99,96.19,1.0
2956,102,14,2602,204,1015.98,87.98,1.0
2957,95,22,2595,190,1015.96,72.37,1.0
2958,39,20,2539,78,1015.93,60.76,1.0
2959,248,23,2748,496,1015.93,95.58,1.0
2960,169,19,2669,338,1015.88,97.3,1.0
2961,17,12,2517,34,1015.84,72.66,1.0
2962,0,12,2500,0,1015.83,73.41,1.0
2963,85,23,2585,170,1015.83,71.11,1.0
2964,80,17,2580,160,1015.83,84.8,1.0
2965,281,27,2781,562,1015.78,88.98,1.0
2966,4,21,2504,8,1015.76,63.01,1.0
2967,71,11,2571,142,1015.76,86.08,1.0
2968,198,24,2698,396,1015.72,80.34,1.0
2969,131,24,2631,262,1015.7,70.96,1.0
2970,278,19,2778,556,1015.68,121.28,1.0
2971,71,23,2571,142,1015.67,73.82,1.0
2972,233,14,2733,466,1015.66,122.96,1.0
2973,197,16,2697,394,1015.65,103.96,1.0
2974,46,20,2546,92,1015.6,67.53,1.0
2975,257,14,2757,514,1015.53,125.03,1.0
2976,286,15,2786,572,1015.51,124.84,1.0
2977,164,17,2664,328,1015.47,85.61,1.0
2978,244,27,2744,488,1015.45,78.3,1.0
2979,252,15,2752,504,1015.45,114.35,1.0
2980,153,25,2653,306,1015.42,77.29,1.0
2981,138,22,2638,276,1015.37,84.65,1.0
2982,68,17,2568,136,1015.35,73.79,1.0
2983,64,13,2564,128,1015.33,85.22,1.0
2984,298,29,2798,596,1015.28,89.85,1.0
2985,6,20,2506,12,1015.25,53.08,1.0
2986,60,15,2560,120,1015.24,79.62,1.0
2987,274,18,2774,548,1015.24,115.6,1.0
2988,160,25,2660,320,1015.21,73.37,1.0
2989,176,15,2676,352,1015.15,101.78,1.0
2990,46,14,2546,92,1015.14,70.03,1.0
2991,204,18,2704,408,1015.13,103.59,1.0
2992,13,16,2513,26,1015.08,68.85,1.0
2993,31,21,2531,62,1015.06,57.05,1.0
2994,74,14,2574,148,1015.02,90.75,1.0
2995,209,14,2709,418,1015.02,110.34,1.0
2996,273,28,2773,546,1015.02,84.05,1.0
2997,140,23,2640,280,1014.99,74.68,1.0
2998,251,27,2751,502,1014.96,83.76,1.0
2999,248,18,2748,496,1014.95,114.5,1.0
3000,95,15,2595,190,1014.93,89.55,1.0
3001,21,19,2521,42,1014.83,65.62,1.0
3002,42,22,2542,84,1014.82,63.84,1.0
3003,275,14,2775,550,1014.79,127.45,1.0
3004,172,16,2672,344,1014.76,101.9,1.0
3005,247,28,2747,494,1014.76,79.99,1.0
3006,257,28,2757,514,1014.71,87.08,1.0
3007,223,14,2723,446,1014.68,125.6,1.0
3008,235,15,2735,470,1014.68,125.2,1.0
3009,236,16,2736,472,1014.65,111.6,1.0
3010,9,18,2509,18,1014.58,69.74,1.0
3011,278,25,2778,556,1014.53,102.44,1.0
3012,197,17,2697,394,1014.49,99.67,1.0
3013,55,21,2555,110,1014.45,66.88,1.0
3014,38,13,2538,76,1014.38,73.63,1.0
3015,129,22,2629,258,1014.32,90.29,1.0
3016,119,22,2619,238,1014.3,84.73,1.0
3017,295,26,2795,590,1014.25,91.28,1.0
3018,13,19,2513,26,1014.22,64.79,1.0
3019,260,20,2760,520,1014.15,112.2,1.0
3020,229,16,2729,458,1014.08,114.54,1.0
3021,204,23,2704,408,1013.98,90.67,1.0
3022,77,24,2577,154,1013.9,67.39,1.0
3023,150,16,2650,300,1013.9,103.04,1.0
3024,33,21,2533,66,1013.88,77.15,1.0
3025,276,16,2776,552,1013.86,132.03,1.0
3026,103,24,2603,206,1013.82,70.98,1.0
3027,164,24,2664,328,1013.79,76.64,1.0
3028,223,15,2723,446,1013.78,124.31,1.0
3029,51,23,2551,102,1013.75,73.23,1.0
3030,122,24,2622,244,1013.72,79.0,1.0
3031,137,25,2637,274,1013.7,84.41,1.0
3032,154,24,2654,308,1013.7,76.69,1.0
3033,229,17,2729,458,1013.67,112.1,1.0
3034,25,13,2525,50,1013.66,75.33,1.0
3035,246,27,2746,492,1013.66,83.74,1.0
3036,107,16,2607,214,1013.51,76.48,1.0
3037,171,25,2671,342,1013.46,80.51,1.0
3038,250,16,2750,500,1013.46,123.9,1.0
3039,222,17,2722,444,1013.44,117.36,1.0
3040,31,20,2531,62,1013.42,64.2,1.0
3041,173,23,2673,346,1013.39,89.7,1.0
3042,188,27,2688,376,1013.34,70.71,1.0
3043,29,20,2529,58,1013.33,69.81,1.0
3044,186,13,2686,372,1013.28,110.6,1.0
3045,219,15,2719,438,1013.28,109.65,1.0
3046,231,28,2731,462,1013.22,82.93,1.0
3047,156,24,2656,312,1013.2,87.06,1.0
3048,142,24,2642,284,1013.14,74.04,1.0
3049,169,16,2669,338,1013.11,98.67,1.0
3050,254,16,2754,508,1013.11,113.77,1.0
3051,288,26,2788,576,1013.08,100.07,1.0
3052,115,24,2615,230,1013.02,68.5,1.0
3053,165,14,2665,330,1013.01,99.15,1.0
3054,291,27,2791,582,1012.93,87.47,1.0
3055,119,14,2619,238,1012.89,103.82,1.0
3056,27,22,2527,54,1012.84,63.45,1.0
3057,149,14,2649,298,1012.83,102.73,1.0
3058,138,15,2638,276,1012.8,87.79,1.0
3059,86,13,2586,172,1012.76,88.98,1.0
3060,234,17,2734,468,1012.75,108.25,1.0
3061,23,23,2523,46,1012.74,58.05,1.0
3062,263,15,2763,526,1012.74,118.39,1.0
3063,34,14,2534,68,1012.72,70.79,1.0
3064,111,15,2611,222,1012.71,75.28,1.0
3065,96,24,2596,192,1012.7,77.99,1.0
3066,262,25,2762,524,1012.68,88.87,1.0
3067,169,23,2669,338,1012.66,100.1,1.0
3068,158,24,2658,316,1012.64,73.65,1.0
3069,82,14,2582,164,1012.63,88.38,1.0
3070,254,23,2754,508,1012.6,102.38,1.0
3071,13,18,2513,26,1012.56,68.01,1.0
3072,105,24,2605,210,1012.48,68.68,1.0
3073,227,27,2727,454,1012.47,87.86,1.0
3074,43,23,2543,86,1012.43,73.83,1.0
3075,230,24,2730,460,1012.4,84.83,1.0
3076,40,15,2540,80,1012.37,77.74,1.0
3077,47,22,2547,94,1012.17,63.51,1.0
3078,136,15,2636,272,1012.15,99.2,1.0
3079,15,22,2515,30,1012.14,61.06,1.0
3080,50,22,2550,100,1012.12,68.37,1.0
3081,196,26,2696,392,1012.09,84.87,1.0
3082,30,20,2530,60,1012.05,62.66,1.0
3083,272,26,2772,544,1011.95,87.42,1.0
3084,20,22,2520,40,1011.94,68.4,1.0
3085,250,25,2750,500,1011.93,96.0,1.0
3086,42,14,2542,84,1011.91,77.7,1.0
3087,13,14,2513,26,1011.88,68.98,1.0
3088,191,24,2691,382,1011.88,88.85,1.0
3089,3,21,2503,6,1011.84,53.27,1.0
3090,87,24,2587,174,1011.82,63.32,1.0
3091,147,24,2647,294,1011.79,80.25,1.0
3092,119,23,2619,238,1011.78,74.27,1.0
3093,177,26,2677,354,1011.78,81.73,1.0
3094,237,15,2737,474,1011.76,111.5,1.0
3095,90,13,2590,180,1011.72,99.13,1.0
3096,120,23,2620,240,1011.71,78.44,1.0
3097,59,22,2559,118,1011.68,68.82,1.0
3098,136,14,2636,272,1011.67,95.76,1.0
3099,106,23,2606,212,1011.61,71.14,1.0
3100,30,17,2530,60,1011.58,68.88,1.0
3101,168,13,2668,336,1011.57,129.48,1.0
3102,29,14,2529,58,1011.56,71.32,1.0
3103,18,22,2518,36,1011.56,62.67,1.0
3104,234,15,2734,468,1011.54,119.86,1.0
3105,96,12,2596,192,1011.52,99.6,1.0
3106,83,23,2583,166,1011.5,75.33,1.0
3107,238,28,2738,476,1011.5,74.57,1.0
3108,274,27,2774,548,1011.46,101.16,1.0
3109,60,22,2560,120,1011.44,78.3,1.0
3110,35,21,2535,70,1011.41,67.78,1.0
3111,260,19,2760,520,1011.36,115.01,1.0
3112,249,18,2749,498,1011.35,100.11,1.0
3113,182,25,2682,364,1011.32,83.84,1.0
3114,256,15,2756,512,1011.32,112.44,1.0
3115,126,25,2626,252,1011.25,75.9,1.0
3116,133,25,2633,266,1011.24,70.39,1.0
3117,213,26,2713,426,1011.24,87.96,1.0
3118,9,21,2509,18,1011.16,59.29,1.0
3119,128,14,2628,256,1011.13,97.33,1.0
3120,225,16,2725,450,1011.13,124.91,1.0
3121,169,24,2669,338,1011.12,101.65,1.0
3122,82,24,2582,164,1011.09,62.32,1.0
3123,45,24,2545,90,1011.08,62.44,1.0
3124,29,17,2529,58,1011.02,65.62,1.0
3125,66,23,2566,132,1011.02,81.24,1.0
3126,87,13,2587,174,1011.02,82.46,1.0
3127,290,28,2790,580,1011.02,91.94,1.0
3128,94,17,2594,188,1010.96,92.31,1.0
3129,125,24,2625,250,1010.96,71.89,1.0
3130,265,14,2765,530,1010.94,113.11,1.0
3131,17,23,2517,34,1010.92,61.15,1.0
3132,195,26,2695,390,1010.86,91.7,1.0
3133,140,16,2640,280,1010.84,88.52,1.0
3134,183,17,2683,366,1010.8,99.88,1.0
3135,233,27,2733,466,1010.79,91.79,1.0
3136,283,28,2783,566,1010.74,91.36,1.0
3137,68,16,2568,136,1010.7,75.96,1.0
3138,198,25,2698,396,1010.7,84.64,1.0
3139,200,17,2700,400,1010.69,108.93,1.0
3140,259,13,2759,518,1010.69,111.61,1.0
3141,6,15,2506,12,1010.66,61.14,1.0
3142,191,15,2691,382,1010.66,102.04,1.0
3143,175,24,2675,350,1010.63,86.7,1.0
3144,84,22,2584,168,1010.59,80.85,1.0
3145,239,17,2739,478,1010.59,105.59,1.0
3146,162,25,2662,324,1010.58,73.23,1.0
3147,252,27,2752,504,1010.58,92.57,1.0
3148,109,14,2609,218,1010.53,96.27,1.0
3149,282,28,2782,564,1010.52,87.89,1.0
3150,15,12,2515,30,1010.44,71.2,1.0
3151,168,26,2668,336,1010.36,86.88,1.0
3152,289,28,2789,578,1010.35,93.9,1.0
3153,155,14,2655,310,1010.28,92.01,1.0
3154,72,23,2572,144,1010.25,77.23,1.0
3155,41,22,2541,82,1010.24,63.85,1.0
3156,255,15,2755,510,1010.24,124.58,1.0
3157,53,13,2553,106,1010.22,80.59,1.0
3158,102,24,2602,204,1010.18,68.85,1.0
3159,183,22,2683,366,1010.18,94.04,1.0
3160,25,12,2525,50,1010.17,76.51,1.0
3161,273,15,2773,546,1010.1,121.56,1.0
3162,294,28,2794,588,1010.1,87.42,1.0
3163,234,26,2734,468,1010.09,79.63,1.0
3164,268,26,2768,536,1010.08,89.95,1.0
3165,156,25,2656,312,1010.04,74.23,1.0
3166,92,13,2592,184,1010.02,82.97,1.0
3167,39,22,2539,78,1010.01,57.16,1.0
3168,61,22,2561,122,1009.88,68.34,1.0
3169,157,12,2657,314,1009.88,103.43,1.0
3170,145,15,2645,290,1009.83,99.48,1.0
3171,204,22,2704,408,1009.81,89.13,1.0
3172,37,11,2537,74,1009.74,84.56,1.0
3173,101,13,2601,202,1009.74,91.13,1.0
3174,3,13,2503,6,1009.67,64.31,1.0
3175,143,24,2643,286,1009.64,75.22,1.0
3176,242,27,2742,484,1009.63,78.39,1.0
3177,291,14,2791,582,1009.62,129.91,1.0
3178,268,25,2768,536,1009.61,96.36,1.0
3179,80,16,2580,160,1009.59,88.6,1.0
3180,98,24,2598,196,1009.55,84.07,1.0
3181,214,26,2714,428,1009.51,80.99,1.0
3182,190,27,2690,380,1009.5,79.91,1.0
3183,34,21,2534,68,1009.49,64.92,1.0
3184,54,14,2554,108,1009.46,76.4,1.0
3185,268,16,2768,536,1009.46,122.61,1.0
3186,231,13,2731,462,1009.44,116.12,1.0
3187,189,14,2689,378,1009.41,105.73,1.0
3188,30,19,2530,60,1009.39,65.32,1.0
3189,48,23,2548,96,1009.38,70.23,1.0
3190,210,26,2710,420,1009.38,84.11,1.0
3191,230,16,2730,460,1009.38,104.59,1.0
3192,200,24,2700,400,1009.36,88.47,1.0
3193,272,14,2772,544,1009.36,115.44,1.0
3194,79,24,2579,158,1009.35,72.23,1.0
3195,167,25,2667,334,1009.34,84.2,1.0
3196,216,27,2716,432,1009.34,87.92,1.0
3197,206,14,2706,412,1009.33,113.83,1.0
3198,113,25,2613,226,1009.28,66.8,1.0
3199,124,16,2624,248,1009.28,97.85,1.0
3200,183,19,2683,366,1009.26,103.75,1.0
3201,85,12,2585,170,1009.23,85.66,1.0
3202,68,18,2568,136,1009.23,75.17,1.0
3203,256,14,2756,512,1009.23,123.23,1.0
3204,283,16,2783,566,1009.2,127.69,1.0
3205,132,23,2632,264,1009.19,71.51,1.0
3206,187,24,2687,374,1009.19,89.95,1.0
3207,166,13,2666,332,1009.15,98.33,1.0
3208,123,13,2623,246,1009.14,101.87,1.0
3209,218,27,2718,436,1009.13,88.73,1.0
3210,239,19,2739,478,1009.11,111.17,1.0
3211,197,18,2697,394,1009.07,99.91,1.0
3212,112,16,2612,224,1008.95,83.63,1.0
3213,75,24,2575,150,1008.94,60.86,1.0
3214,180,27,2680,360,1008.89,73.98,1.0
3215,62,14,2562,124,1008.83,71.39,1.0
3216,8,22,2508,16,1008.81,64.07,1.0
3217,275,28,2775,550,1008.8,92.99,1.0
3218,135,24,2635,270,1008.76,81.94,1.0
3219,179,14,2679,358,1008.74,95.25,1.0
3220,293,15,2793,586,1008.69,140.63,1.0
3221,127,24,2627,254,1008.67,69.95,1.0
3222,85,24,2585,170,1008.66,71.54,1.0
3223,269,25,2769,538,1008.66,97.51,1.0
3224,2,20,2502,4,1008.65,62.74,1.0
3225,163,26,2663,326,1008.64,81.38,1.0
3226,264,34,2764,528,1008.6,83.41,1.0
3227,109,15,2609,218,1008.57,95.08,1.0
3228,207,15,2707,414,1008.5,102.59,1.0
3229,46,22,2546,92,1008.49,70.63,1.0
3230,228,26,2728,456,1008.49,89.2,1.0
3231,162,13,2662,324,1008.48,115.97,1.0
3232,121,24,2621,242,1008.47,74.81,1.0
3233,215,17,2715,430,1008.46,99.96,1.0
3234,37,23,2537,74,1008.45,63.35,1.0
3235,66,12,2566,132,1008.45,82.01,1.0
3236,31,15,2531,62,1008.4,73.99,1.0
3237,214,14,2714,428,1008.37,107.03,1.0
3238,209,13,2709,418,1008.24,103.1,1.0
3239,221,27,2721,442,1008.23,80.63,1.0
3240,197,19,2697,394,1008.14,90.55,1.0
3241,211,15,2711,422,1008.03,109.44,1.0
3242,279,29,2779,558,1008.02,80.0,1.0
3243,199,13,2699,398,1007.9,110.08,1.0
3244,167,14,2667,334,1007.89,111.29,1.0
3245,73,13,2573,146,1007.86,87.73,1.0
3246,147,15,2647,294,1007.85,101.97,1.0
3247,73,23,2573,146,1007.8,91.66,1.0
3248,169,17,2669,338,1007.8,111.44,1.0
3249,151,25,2651,302,1007.78,68.5,1.0
3250,147,14,2647,294,1007.72,92.79,1.0
3251,153,26,2653,306,1007.7,78.28,1.0
3252,171,26,2671,342,1007.61,76.64,1.0
3253,114,14,2614,228,1007.57,102.41,1.0
3254,166,26,2666,332,1007.57,72.92,1.0
3255,101,12,2601,202,1007.52,94.46,1.0
3256,253,28,2753,506,1007.52,83.62,1.0
3257,91,13,2591,182,1007.51,95.77,1.0
3258,23,11,2523,46,1007.5,78.26,1.0
3259,235,27,2735,470,1007.48,79.4,1.0
3260,206,26,2706,412,1007.46,82.68,1.0
3261,78,13,2578,156,1007.44,95.02,1.0
3262,152,23,2652,304,1007.44,99.8,1.0
3263,205,15,2705,410,1007.42,113.52,1.0
3264,10,11,2510,20,1007.4,78.2,1.0
3265,157,26,2657,314,1007.37,81.59,1.0
3266,32,18,2532,64,1007.34,69.79,1.0
3267,140,15,2640,280,1007.34,87.1,1.0
3268,52,13,2552,104,1007.32,75.13,1.0
3269,118,12,2618,236,1007.3,87.97,1.0
3270,173,25,2673,346,1007.26,78.31,1.0
3271,161,26,2661,322,1007.26,74.93,1.0
3272,272,15,2772,544,1007.26,123.21,1.0
3273,296,17,2796,592,1007.22,120.42,1.0
3274,158,25,2658,316,1007.16,72.01,1.0
3275,286,29,2786,572,1007.11,83.59,1.0
3276,94,19,2594,188,1007.1,81.86,1.0
3277,177,14,2677,354,1007.08,106.59,1.0
3278,67,23,2567,134,1007.07,60.89,1.0
3279,245,16,2745,490,1007.06,116.4,1.0
3280,300,16,2800,600,1007.06,132.34,1.0
3281,284,28,2784,568,1007.04,89.92,1.0
3282,299,29,2799,598,1006.99,81.53,1.0
3283,30,16,2530,60,1006.97,68.68,1.0
3284,57,23,2557,114,1006.94,68.5,1.0
3285,261,29,2761,522,1006.94,91.03,1.0
3286,207,25,2707,414,1006.88,89.5,1.0
3287,40,14,2540,80,1006.86,81.01,1.0
3288,59,23,2559,118,1006.86,60.4,1.0
3289,222,25,2722,444,1006.84,92.86,1.0
3290,213,27,2713,426,1006.83,80.74,1.0
3291,245,27,2745,490,1006.81,99.15,1.0
3292,269,16,2769,538,1006.81,115.72,1.0
3293,46,21,2546,92,1006.78,69.39,1.0
3294,287,13,2787,574,1006.76,119.36,1.0
3295,132,15,2632,264,1006.75,86.91,1.0
3296,7,22,2507,14,1006.72,59.45,1.0
3297,1,21,2501,2,1006.63,54.23,1.0
3298,228,15,2728,456,1006.61,111.19,1.0
3299,287,28,2787,574,1006.6,90.48,1.0
3300,122,25,2622,244,1006.59,69.29,1.0
3301,49,11,2549,98,1006.57,75.1,1.0
3302,267,28,2767,534,1006.52,102.67,1.0
3303,25,22,2525,50,1006.5,62.91,1.0
3304,99,24,2599,198,1006.47,71.37,1.0
3305,296,26,2796,592,1006.47,100.69,1.0
3306,86,24,2586,172,1006.46,65.78,1.0
3307,155,25,2655,310,1006.46,84.16,1.0
3308,232,27,2732,464,1006.46,83.56,1.0
3309,181,27,2681,362,1006.37,77.94,1.0
3310,103,14,2603,206,1006.3,103.23,1.0
3311,278,18,2778,556,1006.26,123.94,1.0
3312,297,28,2797,594,1006.23,94.09,1.0
3313,5,22,2505,10,1006.22,61.37,1.0
3314,222,16,2722,444,1006.22,113.9,1.0
3315,51,12,2551,102,1006.19,83.56,1.0
3316,4,22,2504,8,1006.19,57.36,1.0
3317,173,15,2673,346,1006.18,105.37,1.0
3318,61,13,2561,122,1006.16,80.21,1.0
3319,248,25,2748,496,1006.13,91.38,1.0
3320,6,14,2506,12,1006.07,63.07,1.0
3321,210,16,2710,420,1006.04,107.52,1.0
3322,44,24,2544,88,1005.94,64.41,1.0
3323,204,24,2704,408,1005.94,93.68,1.0
3324,254,25,2754,508,1005.93,97.33,1.0
3325,57,24,2557,114,1005.88,63.72,1.0
3326,174,18,2674,348,1005.83,100.79,1.0
3327,133,13,2633,266,1005.78,107.02,1.0
3328,56,22,2556,112,1005.72,61.4,1.0
3329,32,16,2532,64,1005.7,69.86,1.0
3330,124,15,2624,248,1005.69,95.19,1.0
3331,262,17,2762,524,1005.69,118.72,1.0
3332,21,13,2521,42,1005.59,77.31,1.0
3333,158,15,2658,316,1005.52,93.85,1.0
3334,196,27,2696,392,1005.47,80.63,1.0
3335,16,22,2516,32,1005.46,56.91,1.0
3336,43,12,2543,86,1005.44,83.08,1.0
3337,104,14,2604,208,1005.42,96.97,1.0
3338,260,17,2760,520,1005.4,113.75,1.0
3339,154,16,2654,308,1005.32,100.38,1.0
3340,47,13,2547,94,1005.31,76.91,1.0
3341,50,23,2550,100,1005.27,69.07,1.0
3342,173,26,2673,346,1005.27,80.64,1.0
3343,134,26,2634,268,1005.26,88.31,1.0
3344,62,23,2562,124,1005.24,70.0,1.0
3345,15,11,2515,30,1005.21,74.5,1.0
3346,152,24,2652,304,1005.18,94.28,1.0
3347,217,27,2717,434,1005.17,87.67,1.0
3348,138,25,2638,276,1005.16,76.24,1.0
3349,204,17,2704,408,1005.15,103.22,1.0
3350,149,13,2649,298,1005.14,98.45,1.0
3351,159,19,2659,318,1005.13,97.67,1.0
3352,81,12,2581,162,1005.11,97.01,1.0
3353,93,13,2593,186,1005.1,96.8,1.0
3354,169,18,2669,338,1005.1,108.02,1.0
3355,62,13,2562,124,1005.07,81.74,1.0
3356,117,25,2617,234,1004.97,78.56,1.0
3357,294,15,2794,588,1004.96,122.67,1.0
3358,111,14,2611,222,1004.94,85.76,1.0
3359,102,13,2602,204,1004.93,90.49,1.0
3360,249,25,2749,498,1004.88,97.77,1.0
3361,72,13,2572,144,1004.86,88.15,1.0
3362,116,24,2616,232,1004.84,79.14,1.0
3363,262,26,2762,524,1004.83,93.41,1.0
3364,113,12,2613,226,1004.8,89.21,1.0
3365,160,14,2660,320,1004.74,89.64,1.0
3366,109,24,2609,218,1004.73,72.64,1.0
3367,60,14,2560,120,1004.68,83.6,1.0
3368,141,25,2641,282,1004.68,66.85,1.0
3369,44,11,2544,88,1004.42,78.77,1.0
3370,94,22,2594,188,1004.42,75.67,1.0
3371,175,14,2675,350,1004.4,114.32,1.0
3372,219,26,2719,438,1004.36,78.16,1.0
3373,143,25,2643,286,1004.34,77.52,1.0
3374,89,24,2589,178,1004.32,77.11,1.0
3375,2,14,2502,4,1004.25,70.54,1.0
3376,68,14,2568,136,1004.23,80.31,1.0
3377,40,21,2540,80,1004.17,66.72,1.0
3378,132,14,2632,264,1004.16,88.63,1.0
3379,95,14,2595,190,1004.13,86.71,1.0
3380,111,23,2611,222,1004.13,75.82,1.0
3381,216,14,2716,432,1004.08,112.89,1.0
3382,34,13,2534,68,1004.04,82.37,1.0
3383,227,15,2727,454,1004.0,120.64,1.0
3384,164,16,2664,328,1003.95,100.61,1.0
3385,267,13,2767,534,1003.94,127.9,1.0
3386,84,13,2584,168,1003.87,88.19,1.0
3387,52,23,2552,104,1003.86,64.82,1.0
3388,263,28,2763,526,1003.86,81.43,1.0
3389,208,26,2708,416,1003.85,88.93,1.0
3390,31,22,2531,62,1003.83,66.14,1.0
3391,201,15,2701,402,1003.82,113.29,1.0
3392,26,22,2526,52,1003.76,62.22,1.0
3393,100,13,2600,200,1003.74,87.89,1.0
3394,187,25,2687,374,1003.7,81.85,1.0
3395,174,16,2674,348,1003.61,112.53,1.0
3396,181,12,2681,362,1003.6,112.04,1.0
3397,197,26,2697,394,1003.59,85.64,1.0
3398,91,24,2591,182,1003.58,81.48,1.0
3399,128,13,2628,256,1003.57,88.79,1.0
3400,56,12,2556,112,1003.54,89.96,1.0
3401,208,16,2708,416,1003.5,110.0,1.0
3402,29,21,2529,58,1003.48,72.77,1.0
3403,141,26,2641,282,1003.46,69.74,1.0
3404,39,21,2539,78,1003.43,63.2,1.0
3405,175,25,2675,350,1003.4,93.42,1.0
3406,163,12,2663,326,1003.38,121.15,1.0
3407,140,24,2640,280,1003.37,76.04,1.0
3408,131,25,2631,262,1003.34,76.1,1.0
3409,243,27,2743,486,1003.26,90.29,1.0
3410,65,23,2565,130,1003.25,67.66,1.0
3411,154,25,2654,308,1003.14,75.17,1.0
3412,220,15,2720,440,1003.12,111.93,1.0
3413,296,27,2796,592,1003.09,105.1,1.0
3414,108,24,2608,216,1003.01,76.87,1.0
3415,74,22,2574,148,1003.0,75.09,1.0
3416,72,24,2572,144,1002.95,73.01,1.0
3417,266,28,2766,532,1002.88,83.26,1.0
3418,174,17,2674,348,1002.86,99.16,1.0
3419,2,21,2502,4,1002.83,59.94,1.0
3420,9,13,2509,18,1002.79,76.81,1.0
3421,192,24,2692,384,1002.79,95.45,1.0
3422,253,13,2753,506,1002.79,122.04,1.0
3423,88,23,2588,176,1002.76,67.79,1.0
3424,33,15,2533,66,1002.71,77.8,1.0
3425,100,24,2600,200,1002.69,75.34,1.0
3426,36,22,2536,72,1002.63,61.9,1.0
3427,12,22,2512,24,1002.51,57.27,1.0
3428,80,22,2580,160,1002.5,79.3,1.0
3429,19,22,2519,38,1002.48,54.54,1.0
3430,114,25,2614,228,1002.46,83.09,1.0
3431,148,15,2648,296,1002.42,97.0,1.0
3432,270,27,2770,540,1002.42,94.44,1.0
3433,30,21,2530,60,1002.36,58.45,1.0
3434,239,25,2739,478,1002.34,90.9,1.0
3435,130,25,2630,260,1002.32,85.84,1.0
3436,269,15,2769,538,1002.31,126.45,1.0
3437,120,14,2620,240,1002.3,104.72,1.0
3438,229,26,2729,458,1002.3,98.97,1.0
3439,9,22,2509,18,1002.21,60.46,1.0
3440,61,14,2561,122,1002.14,83.76,1.0
3441,262,16,2762,524,1002.12,117.25,1.0
3442,196,12,2696,392,1002.1,107.01,1.0
3443,199,27,2699,398,1002.1,95.38,1.0
3444,183,21,2683,366,1002.07,101.55,1.0
3445,230,26,2730,460,1002.03,85.78,1.0
3446,21,20,2521,42,1001.97,67.9,1.0
3447,247,15,2747,494,1001.93,115.92,1.0
3448,129,24,2629,258,1001.92,92.58,1.0
3449,204,16,2704,408,1001.77,107.86,1.0
3450,27,12,2527,54,1001.76,78.33,1.0
3451,172,15,2672,344,1001.76,99.65,1.0
3452,146,13,2646,292,1001.72,106.83,1.0
3453,230,15,2730,460,1001.62,105.84,1.0
3454,29,15,2529,58,1001.59,66.22,1.0
3455,74,13,2574,148,1001.59,99.99,1.0
3456,58,23,2558,116,1001.56,69.75,1.0
3457,112,24,2612,224,1001.53,77.42,1.0
3458,75,13,2575,150,1001.5,86.69,1.0
3459,107,15,2607,214,1001.48,85.69,1.0
3460,32,17,2532,64,1001.45,74.21,1.0
3461,208,15,2708,416,1001.38,103.75,1.0
3462,264,43,2764,528,1001.34,82.6,1.0
3463,154,15,2654,308,1001.32,104.47,1.0
3464,220,25,2720,440,1001.32,81.71,1.0
3465,53,23,2553,106,1001.3,62.6,1.0
3466,135,13,2635,270,1001.26,105.38,1.0
3467,6,21,2506,12,1001.18,55.06,1.0
3468,300,15,2800,600,1001.18,136.53,1.0
3469,96,25,2596,192,1001.16,70.2,1.0
3470,129,14,2629,258,1001.16,96.25,1.0
3471,184,26,2684,368,1001.1,84.29,1.0
3472,60,23,2560,120,1000.98,67.55,1.0
3473,115,25,2615,230,1000.98,70.75,1.0
3474,97,22,2597,194,1000.95,76.62,1.0
3475,235,14,2735,470,1000.94,117.56,1.0
3476,285,28,2785,570,1000.9,86.89,1.0
3477,144,25,2644,288,1000.88,78.14,1.0
3478,184,27,2684,368,1000.8,76.23,1.0
3479,128,25,2628,256,1000.75,73.21,1.0
3480,251,15,2751,502,1000.74,113.38,1.0
3481,18,13,2518,36,1000.73,71.02,1.0
3482,193,26,2693,386,1000.72,83.42,1.0
3483,165,13,2665,330,1000.66,110.38,1.0
3484,170,14,2670,340,1000.61,113.45,1.0
3485,31,23,2531,62,1000.6,61.16,1.0
3486,54,23,2554,108,1000.56,65.44,1.0
3487,76,24,2576,152,1000.53,68.91,1.0
3488,114,13,2614,228,1000.5,104.66,1.0
3489,128,26,2628,256,1000.4,70.12,1.0
3490,39,14,2539,78,1000.38,74.89,1.0
3491,175,13,2675,350,1000.36,109.92,1.0
3492,20,23,2520,40,1000.35,57.7,1.0
3493,8,11,2508,16,1000.29,72.99,1.0
3494,269,26,2769,538,1000.29,90.22,1.0
3495,280,16,2780,560,1000.28,119.09,1.0
3496,132,24,2632,264,1000.2,69.4,1.0
3497,88,14,2588,176,1000.18,88.85,1.0
3498,287,14,2787,574,1000.18,131.57,1.0
3499,240,27,2740,480,1000.16,98.25,1.0
3500,57,12,2557,114,1000.14,81.91,1.0
3501,11,23,2511,22,1000.08,61.36,1.0
3502,190,13,2690,380,1000.06,111.22,1.0
3503,101,24,2601,202,1000.02,75.86,1.0
3504,80,15,2580,160,1000.01,87.24,1.0
3505,174,23,2674,348,1000.0,95.95,1.0
3506,291,13,2791,582,1000.0,127.56,1.0
3507,63,23,2563,126,999.95,72.29,1.0
3508,169,25,2669,338,999.92,103.99,1.0
3509,176,13,2676,352,999.9,106.66,1.0
3510,233,28,2733,466,999.88,80.81,1.0
3511,252,14,2752,504,999.87,135.44,1.0
3512,14,23,2514,28,999.84,58.03,1.0
3513,244,28,2744,488,999.82,88.07,1.0
3514,4,13,2504,8,999.79,67.74,1.0
3515,53,12,2553,106,999.77,74.75,1.0
3516,59,14,2559,118,999.73,81.34,1.0
3517,245,15,2745,490,999.7,129.07,1.0
3518,293,14,2793,586,999.7,141.72,1.0
3519,197,25,2697,394,999.65,83.35,1.0
3520,28,22,2528,56,999.55,59.83,1.0
3521,16,12,2516,32,999.5,84.05,1.0
3522,198,15,2698,396,999.5,106.9,1.0
3523,89,13,2589,178,999.46,100.3,1.0
3524,281,28,2781,562,999.45,90.35,1.0
3525,11,11,2511,22,999.42,76.15,1.0
3526,143,14,2643,286,999.42,92.55,1.0
3527,170,25,2670,340,999.37,85.0,1.0
3528,295,28,2795,590,999.33,97.4,1.0
3529,155,24,2655,310,999.26,88.51,1.0
3530,249,17,2749,498,999.22,106.71,1.0
3531,39,13,2539,78,999.15,86.84,1.0
3532,242,28,2742,484,999.15,87.58,1.0
3533,32,21,2532,64,999.14,66.59,1.0
3534,83,13,2583,166,999.13,88.37,1.0
3535,29,13,2529,58,999.1,73.11,1.0
3536,278,17,2778,556,999.1,130.88,1.0
3537,205,27,2705,410,999.02,80.92,1.0
3538,257,13,2757,514,999.02,136.86,1.0
3539,24,12,2524,48,998.99,82.51,1.0
3540,77,11,2577,154,998.89,88.01,1.0
3541,120,13,2620,240,998.84,102.9,1.0
3542,191,25,2691,382,998.81,85.94,1.0
3543,240,14,2740,480,998.64,125.07,1.0
3544,264,44,2764,528,998.64,84.11,1.0
3545,140,14,2640,280,998.57,92.19,1.0
3546,55,16,2555,110,998.56,84.37,1.0
3547,293,29,2793,586,998.56,92.31,1.0
3548,50,12,2550,100,998.55,87.34,1.0
3549,33,14,2533,66,998.47,82.12,1.0
3550,195,14,2695,390,998.44,119.72,1.0
3551,244,15,2744,488,998.44,118.63,1.0
3552,224,13,2724,448,998.34,111.51,1.0
3553,46,23,2546,92,998.32,67.51,1.0
3554,17,11,2517,34,998.26,69.14,1.0
3555,276,15,2776,552,998.13,122.47,1.0
3556,67,13,2567,134,998.09,82.66,1.0
3557,278,16,2778,556,998.07,125.13,1.0
3558,38,23,2538,76,998.04,71.87,1.0
3559,94,15,2594,188,997.98,93.68,1.0
3560,41,13,2541,82,997.95,81.35,1.0
3561,63,14,2563,126,997.93,87.82,1.0
3562,207,16,2707,414,997.9,107.49,1.0
3563,226,28,2726,452,997.9,78.49,1.0
3564,0,11,2500,0,997.88,79.47,1.0
3565,71,24,2571,142,997.87,69.25,1.0
3566,2,13,2502,4,997.73,67.63,1.0
3567,29,22,2529,58,997.71,69.78,1.0
3568,0,23,2500,0,997.71,58.55,1.0
3569,79,12,2579,158,997.68,95.94,1.0
3570,264,42,2764,528,997.65,74.91,1.0
3571,243,14,2743,486,997.58,134.28,1.0
3572,97,13,2597,194,997.51,90.15,1.0
3573,148,25,2648,296,997.5,78.31,1.0
3574,291,28,2791,582,997.5,96.8,1.0
3575,300,29,2800,600,997.44,91.87,1.0
3576,56,23,2556,112,997.39,65.0,1.0
3577,259,29,2759,518,997.39,81.55,1.0
3578,18,23,2518,36,997.28,62.57,1.0
3579,26,12,2526,52,997.28,81.55,1.0
3580,236,28,2736,472,997.27,84.17,1.0
3581,13,20,2513,26,997.26,64.08,1.0
3582,155,13,2655,310,997.22,95.79,1.0
3583,179,26,2679,358,997.18,77.88,1.0
3584,145,14,2645,290,997.14,88.93,1.0
3585,222,14,2722,444,997.12,112.46,1.0
3586,14,11,2514,28,997.1,77.21,1.0
3587,194,15,2694,388,997.1,105.03,1.0
3588,277,15,2777,554,997.08,119.62,1.0
3589,270,15,2770,540,997.0,114.52,1.0
3590,264,30,2764,528,996.99,82.67,1.0
3591,106,12,2606,212,996.94,98.71,1.0
3592,5,13,2505,10,996.93,76.87,1.0
3593,27,23,2527,54,996.9,66.81,1.0
3594,225,27,2725,450,996.9,96.09,1.0
3595,242,15,2742,484,996.89,111.62,1.0
3596,231,29,2731,462,996.88,79.08,1.0
3597,236,14,2736,472,996.81,121.15,1.0
3598,45,12,2545,90,996.76,80.54,1.0
3599,112,15,2612,224,996.73,91.6,1.0
3600,159,16,2659,318,996.71,100.89,1.0
3601,264,36,2764,528,996.68,84.11,1.0
3602,7,12,2507,14,996.67,73.87,1.0
3603,1,22,2501,2,996.64,57.5,1.0
3604,218,13,2718,436,996.63,108.01,1.0
3605,35,22,2535,70,996.62,68.68,1.0
3606,104,23,2604,208,996.62,73.64,1.0
3607,288,27,2788,576,996.61,101.51,1.0
3608,38,12,2538,76,996.58,81.89,1.0
3609,8,23,2508,16,996.54,55.16,1.0
3610,172,25,2672,344,996.54,85.99,1.0
3611,42,13,2542,84,996.53,75.83,1.0
3612,204,15,2704,408,996.44,112.81,1.0
3613,201,26,2701,402,996.43,83.31,1.0
3614,264,32,2764,528,996.4,84.29,1.0
3615,271,14,2771,542,996.38,125.0,1.0
3616,185,27,2685,370,996.33,77.74,1.0
3617,174,24,2674,348,996.32,88.14,1.0
3618,145,25,2645,290,996.28,79.51,1.0
3619,123,25,2623,246,996.24,74.09,1.0
3620,110,25,2610,220,996.16,72.94,1.0
3621,296,18,2796,592,996.11,124.03,1.0
3622,19,23,2519,38,996.08,59.04,1.0
3623,82,12,2582,164,996.08,99.93,1.0
3624,274,16,2774,548,996.08,114.8,1.0
3625,263,14,2763,526,996.06,124.92,1.0
3626,189,26,2689,378,996.01,74.93,1.0
3627,34,22,2534,68,996.0,66.18,1.0
3628,107,14,2607,214,995.9,87.53,1.0
3629,146,26,2646,292,995.9,78.8,1.0
3630,84,23,2584,168,995.88,73.07,1.0
3631,154,14,2654,308,995.87,105.73,1.0
3632,218,28,2718,436,995.81,80.72,1.0
3633,292,17,2792,584,995.78,127.06,1.0
3634,249,26,2749,498,995.77,94.08,1.0
3635,187,15,2687,374,995.74,111.29,1.0
3636,78,23,2578,156,995.72,73.08,1.0
3637,130,12,2630,260,995.72,106.9,1.0
3638,264,37,2764,528,995.72,86.09,1.0
3639,82,13,2582,164,995.71,95.17,1.0
3640,200,25,2700,400,995.7,84.84,1.0
3641,10,23,2510,20,995.69,57.64,1.0
3642,145,26,2645,290,995.69,72.23,1.0
3643,214,27,2714,428,995.69,73.74,1.0
3644,138,14,2638,276,995.68,98.86,1.0
3645,222,15,2722,444,995.68,106.24,1.0
3646,69,13,2569,138,995.66,78.92,1.0
3647,168,27,2668,336,995.65,90.55,1.0
3648,174,15,2674,348,995.63,108.12,1.0
3649,193,13,2693,386,995.62,126.78,1.0
3650,178,13,2678,356,995.6,106.88,1.0
3651,83,12,2583,166,995.58,93.15,1.0
3652,164,15,2664,328,995.5,96.89,1.0
3653,90,25,2590,180,995.49,67.85,1.0
3654,127,13,2627,254,995.45,100.62,1.0
3655,103,13,2603,206,995.42,98.3,1.0
3656,180,13,2680,360,995.42,114.15,1.0
3657,254,26,2754,508,995.42,91.17,1.0
3658,282,15,2782,564,995.39,112.63,1.0
3659,189,13,2689,378,995.37,106.81,1.0
3660,169,26,2669,338,995.34,89.46,1.0
3661,172,14,2672,344,995.32,106.84,1.0
3662,150,15,2650,300,995.22,109.06,1.0
3663,73,12,2573,146,995.17,95.98,1.0
3664,23,24,2523,46,995.16,65.18,1.0
3665,105,11,2605,210,995.16,86.23,1.0
3666,289,16,2789,578,995.16,127.43,1.0
3667,295,16,2795,590,995.15,113.09,1.0
3668,65,13,2565,130,995.08,86.56,1.0
3669,264,40,2764,528,995.03,84.27,1.0
3670,194,26,2694,388,995.0,83.33,1.0
3671,9,23,2509,18,994.98,65.33,1.0
3672,73,24,2573,146,994.96,82.85,1.0
3673,68,22,2568,136,994.94,64.11,1.0
3674,21,21,2521,42,994.83,63.96,1.0
3675,210,15,2710,420,994.83,111.85,1.0
3676,253,29,2753,506,994.82,81.98,1.0
3677,120,24,2620,240,994.8,81.22,1.0
3678,250,15,2750,500,994.8,115.66,1.0
3679,69,22,2569,138,994.72,73.74,1.0
3680,99,12,2599,198,994.72,94.31,1.0
3681,287,29,2787,574,994.72,97.03,1.0
3682,176,26,2676,352,994.68,72.62,1.0
3683,159,25,2659,318,994.62,87.8,1.0
3684,121,25,2621,242,994.61,75.26,1.0
3685,104,24,2604,208,994.6,78.85,1.0
3686,36,13,2536,72,994.58,74.44,1.0
3687,127,25,2627,254,994.56,72.0,1.0
3688,88,24,2588,176,994.54,62.0,1.0
3689,291,29,2791,582,994.54,86.19,1.0
3690,168,12,2668,336,994.43,129.17,1.0
3691,26,23,2526,52,994.37,66.49,1.0
3692,198,26,2698,396,994.35,77.25,1.0
3693,119,24,2619,238,994.34,84.62,1.0
3694,202,14,2702,404,994.23,115.04,1.0
3695,32,20,2532,64,994.22,68.55,1.0
3696,47,23,2547,94,994.22,63.67,1.0
3697,266,14,2766,532,994.19,116.66,1.0
3698,190,12,2690,380,994.15,104.59,1.0
3699,49,24,2549,98,994.12,64.95,1.0
3700,107,23,2607,214,994.12,71.41,1.0
3701,257,29,2757,514,994.08,88.28,1.0
3702,264,41,2764,528,994.06,88.44,1.0
3703,94,23,2594,188,994.05,75.26,1.0
3704,156,26,2656,312,993.99,78.07,1.0
3705,136,25,2636,272,993.92,77.13,1.0
3706,76,12,2576,152,993.9,88.49,1.0
3707,98,25,2598,196,993.85,79.36,1.0
3708,6,13,2506,12,993.84,64.05,1.0
3709,22,10,2522,44,993.84,73.41,1.0
3710,98,12,2598,196,993.83,89.62,1.0
3711,158,14,2658,316,993.77,96.41,1.0
3712,264,31,2764,528,993.77,88.68,1.0
3713,146,12,2646,292,993.7,102.57,1.0
3714,63,12,2563,126,993.69,90.47,1.0
3715,252,28,2752,504,993.69,94.85,1.0
3716,69,14,2569,138,993.45,76.12,1.0
3717,19,12,2519,38,993.41,78.38,1.0
3718,264,13,2764,528,993.39,111.17,1.0
3719,1,12,2501,2,993.32,64.39,1.0
3720,248,17,2748,496,993.23,110.1,1.0
3721,9,14,2509,18,993.19,75.06,1.0
3722,108,13,2608,216,993.14,102.96,1.0
3723,200,15,2700,400,993.13,119.58,1.0
3724,124,23,2624,248,993.06,89.77,1.0
3725,64,12,2564,128,992.86,84.85,1.0
3726,115,13,2615,230,992.86,97.15,1.0
3727,167,13,2667,334,992.84,99.15,1.0
3728,131,26,2631,262,992.82,72.65,1.0
3729,86,12,2586,172,992.8,93.35,1.0
3730,280,28,2780,560,992.79,96.73,1.0
3731,271,29,2771,542,992.77,77.76,1.0
3732,32,14,2532,64,992.76,65.09,1.0
3733,116,25,2616,232,992.75,71.76,1.0
3734,205,14,2705,410,992.74,114.5,1.0
3735,12,12,2512,24,992.72,81.61,1.0
3736,144,13,2644,288,992.69,99.76,1.0
3737,92,25,2592,184,992.62,69.58,1.0
3738,274,15,2774,548,992.62,136.64,1.0
3739,111,24,2611,222,992.53,70.96,1.0
3740,147,25,2647,294,992.52,76.56,1.0
3741,272,27,2772,544,992.51,99.59,1.0
3742,183,16,2683,366,992.5,101.87,1.0
3743,228,27,2728,456,992.46,81.26,1.0
3744,245,28,2745,490,992.46,89.06,1.0
3745,226,13,2726,452,992.31,121.24,1.0
3746,202,25,2702,404,992.24,95.59,1.0
3747,292,16,2792,584,992.2,131.9,1.0
3748,7,23,2507,14,992.19,59.03,1.0
3749,24,24,2524,48,992.18,66.2,1.0
3750,292,27,2792,584,992.17,100.14,1.0
3751,5,23,2505,10,992.14,64.09,1.0
3752,232,14,2732,464,992.13,133.92,1.0
3753,238,13,2738,476,992.11,112.86,1.0
3754,79,25,2579,158,992.09,71.9,1.0
3755,212,27,2712,424,991.96,87.68,1.0
3756,185,13,2685,370,991.94,125.47,1.0
3757,31,13,2531,62,991.85,76.91,1.0
3758,142,25,2642,284,991.82,74.35,1.0
3759,101,11,2601,202,991.81,91.0,1.0
3760,33,22,2533,66,991.77,72.14,1.0
3761,162,12,2662,324,991.75,110.14,1.0
3762,152,14,2652,304,991.72,105.28,1.0
3763,110,12,2610,220,991.69,91.01,1.0
3764,231,12,2731,462,991.69,117.4,1.0
3765,118,26,2618,236,991.56,70.27,1.0
3766,279,14,2779,558,991.54,128.96,1.0
3767,124,14,2624,248,991.52,94.14,1.0
3768,149,26,2649,298,991.47,83.24,1.0
3769,252,13,2752,504,991.45,135.37,1.0
3770,43,11,2543,86,991.4,89.87,1.0
3771,44,25,2544,88,991.4,67.85,1.0
3772,268,15,2768,536,991.38,125.26,1.0
3773,63,24,2563,126,991.36,64.51,1.0
3774,265,29,2765,530,991.36,92.03,1.0
3775,281,13,2781,562,991.3,118.75,1.0
3776,80,14,2580,160,991.27,85.92,1.0
3777,156,13,2656,312,991.22,101.69,1.0
3778,70,11,2570,140,991.17,94.67,1.0
3779,192,15,2692,384,991.12,118.62,1.0
3780,54,13,2554,108,991.05,88.24,1.0
3781,16,11,2516,32,991.04,73.03,1.0
3782,141,13,2641,282,990.97,94.0,1.0
3783,61,23,2561,122,990.92,68.62,1.0
3784,262,27,2762,524,990.92,87.6,1.0
3785,42,23,2542,84,990.9,62.21,1.0
3786,209,28,2709,418,990.86,76.05,1.0
3787,152,13,2652,304,990.85,109.62,1.0
3788,216,13,2716,432,990.85,117.09,1.0
3789,41,23,2541,82,990.81,64.07,1.0
3790,210,27,2710,420,990.73,90.73,1.0
3791,66,24,2566,132,990.72,73.4,1.0
3792,166,27,2666,332,990.69,72.21,1.0
3793,165,27,2665,330,990.67,77.99,1.0
3794,223,13,2723,446,990.66,118.87,1.0
3795,212,14,2712,424,990.64,111.85,1.0
3796,250,26,2750,500,990.6,94.16,1.0
3797,254,15,2754,508,990.58,124.2,1.0
3798,63,13,2563,126,990.53,76.96,1.0
3799,153,11,2653,306,990.52,111.23,1.0
3800,290,29,2790,580,990.5,89.91,1.0
3801,90,12,2590,180,990.49,98.5,1.0
3802,147,13,2647,294,990.48,99.55,1.0
3803,183,23,2683,366,990.42,95.53,1.0
3804,157,27,2657,314,990.39,78.01,1.0
3805,35,12,2535,70,990.36,82.42,1.0
3806,237,27,2737,474,990.36,80.94,1.0
3807,3,12,2503,6,990.24,74.1,1.0
3808,30,14,2530,60,990.08,69.98,1.0
3809,83,24,2583,166,990.06,66.79,1.0
3810,162,26,2662,324,990.04,86.91,1.0
3811,3,22,2503,6,990.03,56.95,1.0
3812,215,26,2715,430,990.03,85.44,1.0
3813,39,23,2539,78,989.86,64.86,1.0
3814,239,26,2739,478,989.8,93.28,1.0
3815,55,22,2555,110,989.77,73.62,1.0
3816,150,26,2650,300,989.74,85.54,1.0
3817,71,25,2571,142,989.73,75.37,1.0
3818,85,25,2585,170,989.67,69.23,1.0
3819,169,15,2669,338,989.67,109.99,1.0
3820,260,15,2760,520,989.64,112.49,1.0
3821,203,28,2703,406,989.55,76.74,1.0
3822,251,28,2751,502,989.53,87.76,1.0
3823,71,10,2571,142,989.52,96.64,1.0
3824,43,24,2543,86,989.51,69.9,1.0
3825,191,13,2691,382,989.42,103.64,1.0
3826,201,14,2701,402,989.4,118.06,1.0
3827,224,28,2724,448,989.4,75.19,1.0
3828,260,27,2760,520,989.37,83.73,1.0
3829,40,13,2540,80,989.36,75.83,1.0
3830,105,25,2605,210,989.31,81.38,1.0
3831,126,13,2626,252,989.27,102.03,1.0
3832,182,14,2682,364,989.23,119.35,1.0
3833,221,15,2721,442,989.19,105.89,1.0
3834,139,11,2639,278,989.18,111.79,1.0
3835,160,13,2660,320,989.15,93.7,1.0
3836,116,12,2616,232,989.14,100.29,1.0
3837,48,24,2548,96,989.12,69.45,1.0
3838,16,23,2516,32,989.05,58.4,1.0
3839,129,25,2629,258,989.04,84.42,1.0
3840,12,23,2512,24,989.03,58.93,1.0
3841,4,12,2504,8,989.01,67.47,1.0
3842,119,13,2619,238,989.01,91.96,1.0
3843,6,22,2506,12,988.96,54.01,1.0
3844,294,29,2794,588,988.96,97.41,1.0
3845,114,12,2614,228,988.94,98.54,1.0
3846,292,28,2792,584,988.93,100.84,1.0
3847,293,30,2793,586,988.93,92.85,1.0
3848,219,14,2719,438,988.86,104.29,1.0
3849,47,12,2547,94,988.85,78.95,1.0
3850,121,12,2621,242,988.85,104.83,1.0
3851,264,38,2764,528,988.85,91.17,1.0
3852,58,12,2558,116,988.84,85.0,1.0
3853,164,25,2664,328,988.81,79.1,1.0
3854,239,16,2739,478,988.8,113.33,1.0
3855,102,25,2602,204,988.77,73.09,1.0
3856,122,12,2622,244,988.68,95.95,1.0
3857,167,26,2667,334,988.53,85.13,1.0
3858,125,25,2625,250,988.52,78.43,1.0
3859,52,12,2552,104,988.51,84.26,1.0
3860,248,16,2748,496,988.5,109.66,1.0
3861,13,13,2513,26,988.48,72.43,1.0
3862,291,34,2791,582,988.43,91.23,1.0
3863,87,12,2587,174,988.41,85.03,1.0
3864,296,16,2796,592,988.38,118.4,1.0
3865,286,14,2786,572,988.33,116.52,1.0
3866,76,25,2576,152,988.29,64.16,1.0
3867,255,28,2755,510,988.27,88.64,1.0
3868,87,25,2587,174,988.26,70.48,1.0
3869,229,27,2729,458,988.24,97.24,1.0
3870,221,14,2721,442,988.2,111.56,1.0
3871,199,12,2699,398,988.18,116.28,1.0
3872,203,14,2703,406,988.11,114.55,1.0
3873,138,26,2638,276,988.05,75.46,1.0
3874,74,23,2574,148,988.01,75.04,1.0
3875,93,25,2593,186,987.98,71.32,1.0
3876,212,15,2712,424,987.98,102.61,1.0
3877,28,12,2528,56,987.95,68.75,1.0
3878,40,22,2540,80,987.9,70.27,1.0
3879,111,13,2611,222,987.9,87.25,1.0
3880,52,24,2552,104,987.88,59.76,1.0
3881,234,27,2734,468,987.84,85.96,1.0
3882,4,23,2504,8,987.82,56.4,1.0
3883,54,12,2554,108,987.78,92.07,1.0
3884,127,12,2627,254,987.77,96.07,1.0
3885,40,12,2540,80,987.72,74.21,1.0
3886,112,14,2612,224,987.71,89.55,1.0
3887,250,27,2750,500,987.71,98.89,1.0
3888,207,26,2707,414,987.61,86.2,1.0
3889,132,25,2632,264,987.57,73.92,1.0
3890,244,17,2744,488,987.54,115.53,1.0
3891,123,26,2623,246,987.52,67.82,1.0
3892,223,27,2723,446,987.5,86.93,1.0
3893,107,24,2607,214,987.49,69.44,1.0
3894,211,27,2711,422,987.49,72.82,1.0
3895,21,12,2521,42,987.48,79.09,1.0
3896,290,14,2790,580,987.47,115.59,1.0
3897,133,12,2633,266,987.46,90.66,1.0
3898,68,23,2568,136,987.35,63.33,1.0
3899,131,12,2631,262,987.34,109.18,1.0
3900,59,13,2559,118,987.3,88.84,1.0
3901,62,24,2562,124,987.29,65.99,1.0
3902,100,25,2600,200,987.29,73.82,1.0
3903,258,12,2758,516,987.27,128.59,1.0
3904,261,14,2761,522,987.26,119.35,1.0
3905,35,23,2535,70,987.24,61.14,1.0
3906,193,27,2693,386,987.22,81.47,1.0
3907,183,20,2683,366,987.17,101.81,1.0
3908,241,13,2741,482,987.16,122.15,1.0
3909,238,29,2738,476,987.15,76.84,1.0
3910,264,39,2764,528,987.09,85.51,1.0
3911,22,24,2522,44,987.06,60.98,1.0
3912,283,29,2783,566,986.98,86.95,1.0
3913,20,11,2520,40,986.96,77.53,1.0
3914,270,28,2770,540,986.95,95.21,1.0
3915,193,12,2693,386,986.94,122.47,1.0
3916,32,15,2532,64,986.89,66.26,1.0
3917,284,29,2784,568,986.89,89.32,1.0
3918,80,23,2580,160,986.88,68.74,1.0
3919,118,11,2618,236,986.83,94.71,1.0
3920,142,26,2642,284,986.83,78.78,1.0
3921,123,12,2623,246,986.8,98.6,1.0
3922,283,15,2783,566,986.74,122.57,1.0
3923,227,14,2727,454,986.63,122.43,1.0
3924,72,12,2572,144,986.58,84.95,1.0
3925,183,24,2683,366,986.54,88.66,1.0
3926,82,25,2582,164,986.52,67.85,1.0
3927,177,13,2677,354,986.5,104.09,1.0
3928,139,27,2639,278,986.49,73.71,1.0
3929,88,13,2588,176,986.46,84.68,1.0
3930,137,26,2637,274,986.44,80.43,1.0
3931,206,27,2706,412,986.43,84.16,1.0
3932,211,14,2711,422,986.36,110.34,1.0
3933,58,24,2558,116,986.29,67.34,1.0
3934,67,24,2567,134,986.29,73.59,1.0
3935,297,15,2797,594,986.27,128.68,1.0
3936,144,26,2644,288,986.25,77.5,1.0
3937,178,27,2678,356,986.24,83.2,1.0
3938,51,24,2551,102,986.23,72.96,1.0
3939,276,27,2776,552,986.22,109.42,1.0
3940,264,45,2764,528,986.14,85.47,1.0
3941,268,27,2768,536,986.07,82.47,1.0
3942,215,27,2715,430,986.02,71.97,1.0
3943,246,14,2746,492,986.0,107.6,1.0
3944,155,26,2655,310,985.97,85.76,1.0
3945,17,24,2517,34,985.96,60.63,1.0
3946,264,35,2764,528,985.87,86.83,1.0
3947,232,28,2732,464,985.86,94.53,1.0
3948,101,25,2601,202,985.76,74.55,1.0
3949,36,23,2536,72,985.71,63.14,1.0
3950,30,22,2530,60,985.7,62.59,1.0
3951,35,11,2535,70,985.69,88.08,1.0
3952,126,26,2626,252,985.66,74.54,1.0
3953,15,23,2515,30,985.61,67.9,1.0
3954,179,13,2679,358,985.55,112.73,1.0
3955,64,23,2564,128,985.54,67.54,1.0
3956,97,23,2597,194,985.53,78.35,1.0
3957,55,23,2555,110,985.52,65.34,1.0
3958,204,25,2704,408,985.48,87.64,1.0
3959,273,29,2773,546,985.48,93.76,1.0
3960,249,16,2749,498,985.47,106.2,1.0
3961,168,11,2668,336,985.42,123.34,1.0
3962,55,15,2555,110,985.36,83.72,1.0
3963,144,12,2644,288,985.34,99.65,1.0
3964,75,12,2575,150,985.31,87.31,1.0
3965,13,21,2513,26,985.27,60.29,1.0
3966,109,25,2609,218,985.23,70.9,1.0
3967,256,13,2756,512,985.21,125.33,1.0
3968,172,26,2672,344,985.2,82.01,1.0
3969,240,28,2740,480,985.16,92.98,1.0
3970,204,14,2704,408,985.15,117.55,1.0
3971,46,13,2546,92,985.13,74.16,1.0
3972,242,14,2742,484,985.06,119.39,1.0
3973,40,23,2540,80,985.02,68.08,1.0
3974,239,27,2739,478,984.9,88.43,1.0
3975,145,13,2645,290,984.88,96.82,1.0
3976,69,23,2569,138,984.87,65.6,1.0
3977,192,26,2692,384,984.82,73.15,1.0
3978,78,24,2578,156,984.8,72.84,1.0
3979,227,28,2727,454,984.79,86.06,1.0
3980,256,27,2756,512,984.78,90.44,1.0
3981,184,13,2684,368,984.72,99.76,1.0
3982,177,27,2677,354,984.68,82.81,1.0
3983,0,24,2500,0,984.67,67.14,1.0
3984,65,12,2565,130,984.66,81.31,1.0
3985,227,13,2727,454,984.65,124.52,1.0
3986,77,25,2577,154,984.62,70.42,1.0
3987,188,28,2688,376,984.57,64.58,1.0
3988,91,12,2591,182,984.53,98.9,1.0
3989,213,13,2713,426,984.52,115.4,1.0
3990,192,25,2692,384,984.42,84.01,1.0
3991,186,27,2686,372,984.42,87.2,1.0
3992,277,28,2777,554,984.42,92.92,1.0
3993,142,12,2642,284,984.34,102.63,1.0
3994,160,26,2660,320,984.3,75.85,1.0
3995,108,25,2608,216,984.28,74.96,1.0
3996,57,25,2557,114,984.26,63.88,1.0
3997,137,12,2637,274,984.25,99.36,1.0
3998,163,27,2663,326,984.21,82.04,1.0
3999,190,28,2690,380,984.11,73.25,1.0
4000,103,25,2603,206,984.09,73.25,1.0
4001,135,12,2635,270,984.08,104.08,1.0
4002,269,27,2769,538,984.02,92.61,1.0
4003,5,12,2505,10,984.0,74.29,1.0
4004,117,11,2617,234,983.91,94.53,1.0
4005,56,11,2556,112,983.9,86.13,1.0
4006,34,23,2534,68,983.79,65.75,1.0
4007,14,24,2514,28,983.77,65.51,1.0
4008,165,12,2665,330,983.76,115.02,1.0
4009,186,12,2686,372,983.76,105.31,1.0
4010,208,27,2708,416,983.68,85.23,1.0
4011,293,38,2793,586,983.68,90.36,1.0
4012,70,25,2570,140,983.62,69.24,1.0
4013,268,14,2768,536,983.56,121.67,1.0
4014,258,14,2758,516,983.56,121.73,1.0
4015,7,11,2507,14,983.54,70.01,1.0
4016,291,31,2791,582,983.5,90.67,1.0
4017,197,15,2697,394,983.46,107.47,1.0
4018,158,26,2658,316,983.43,72.37,1.0
4019,76,11,2576,152,983.42,90.04,1.0
4020,20,24,2520,40,983.41,60.93,1.0
4021,104,25,2604,208,983.38,75.85,1.0
4022,233,13,2733,466,983.38,116.24,1.0
4023,274,28,2774,548,983.34,98.46,1.0
4024,291,36,2791,582,983.28,81.88,1.0
4025,293,33,2793,586,983.27,86.82,1.0
4026,106,24,2606,212,983.26,77.39,1.0
4027,248,27,2748,496,983.26,79.74,1.0
4028,30,23,2530,60,983.25,58.11,1.0
4029,36,12,2536,72,983.24,74.28,1.0
4030,182,13,2682,364,983.24,123.15,1.0
4031,289,29,2789,578,983.24,92.89,1.0
4032,148,26,2648,296,983.22,83.99,1.0
4033,180,28,2680,360,983.15,75.79,1.0
4034,37,24,2537,74,983.14,74.0,1.0
4035,151,26,2651,302,983.13,76.03,1.0
4036,113,26,2613,226,983.12,71.42,1.0
4037,298,15,2798,596,983.09,128.3,1.0
4038,122,26,2622,244,983.06,78.8,1.0
4039,264,33,2764,528,982.95,85.05,1.0
4040,300,14,2800,600,982.93,133.69,1.0
4041,220,26,2720,440,982.92,82.35,1.0
4042,246,28,2746,492,982.84,83.39,1.0
4043,222,26,2722,444,982.81,104.93,1.0
4044,28,23,2528,56,982.71,61.43,1.0
4045,95,13,2595,190,982.68,84.67,1.0
4046,215,15,2715,430,982.64,108.55,1.0
4047,231,31,2731,462,982.62,76.33,1.0
4048,45,25,2545,90,982.57,58.47,1.0
4049,291,39,2791,582,982.54,81.81,1.0
4050,99,25,2599,198,982.52,71.93,1.0
4051,285,14,2785,570,982.49,131.08,1.0
4052,154,13,2654,308,982.44,113.65,1.0
4053,25,23,2525,50,982.39,58.66,1.0
4054,143,13,2643,286,982.33,94.13,1.0
4055,30,15,2530,60,982.32,73.24,1.0
4056,210,28,2710,420,982.32,82.37,1.0
4057,15,10,2515,30,982.3,65.16,1.0
4058,231,41,2731,462,982.2,76.1,1.0
4059,24,11,2524,48,982.19,77.76,1.0
4060,94,14,2594,188,982.14,91.05,1.0
4061,156,27,2656,312,982.14,73.63,1.0
4062,262,28,2762,524,982.03,89.81,1.0
4063,117,26,2617,234,982.01,68.38,1.0
4064,152,25,2652,304,982.0,84.55,1.0
4065,225,14,2725,450,982.0,130.88,1.0
4066,94,24,2594,188,981.99,82.81,1.0
4067,59,24,2559,118,981.98,67.64,1.0
4068,248,26,2748,496,981.94,95.0,1.0
4069,27,11,2527,54,981.85,74.64,1.0
4070,157,11,2657,314,981.8,111.19,1.0
4071,159,15,2659,318,981.78,94.58,1.0
4072,275,29,2775,550,981.78,96.76,1.0
4073,271,13,2771,542,981.75,125.88,1.0
4074,109,13,2609,218,981.74,103.78,1.0
4075,84,12,2584,168,981.73,85.48,1.0
4076,284,14,2784,568,981.7,118.65,1.0
4077,156,12,2656,312,981.68,102.43,1.0
4078,38,24,2538,76,981.58,70.15,1.0
4079,272,28,2772,544,981.56,86.86,1.0
4080,114,26,2614,228,981.49,75.61,1.0
4081,95,23,2595,190,981.48,74.41,1.0
4082,90,11,2590,180,981.46,98.64,1.0
4083,201,27,2701,402,981.45,89.44,1.0
4084,133,26,2633,266,981.43,75.55,1.0
4085,150,14,2650,300,981.32,110.42,1.0
4086,126,12,2626,252,981.3,105.36,1.0
4087,214,13,2714,428,981.29,115.32,1.0
4088,77,10,2577,154,981.28,84.2,1.0
4089,92,12,2592,184,981.25,86.64,1.0
4090,287,44,2787,574,981.24,84.8,1.0
4091,50,11,2550,100,981.23,85.26,1.0
4092,189,27,2689,378,981.2,76.53,1.0
4093,228,14,2728,456,981.14,108.26,1.0
4094,125,13,2625,250,981.13,99.87,1.0
4095,298,35,2798,596,981.04,96.38,1.0
4096,171,14,2671,342,981.01,97.91,1.0
4097,49,10,2549,98,980.99,85.64,1.0
4098,229,15,2729,458,980.97,115.27,1.0
4099,39,12,2539,78,980.93,85.35,1.0
4100,154,26,2654,308,980.83,83.65,1.0
4101,87,11,2587,174,980.81,82.16,1.0
4102,29,12,2529,58,980.8,83.49,1.0
4103,74,12,2574,148,980.8,94.06,1.0
4104,47,24,2547,94,980.79,63.89,1.0
4105,170,12,2670,340,980.76,114.68,1.0
4106,139,10,2639,278,980.76,104.11,1.0
4107,88,12,2588,176,980.71,93.67,1.0
4108,284,15,2784,568,980.7,130.63,1.0
4109,220,14,2720,440,980.69,110.86,1.0
4110,161,12,2661,322,980.66,104.28,1.0
4111,4,11,2504,8,980.63,74.16,1.0
4112,33,13,2533,66,980.62,85.6,1.0
4113,103,12,2603,206,980.59,99.26,1.0
4114,206,13,2706,412,980.55,113.84,1.0
4115,249,27,2749,498,980.48,90.87,1.0
4116,300,33,2800,600,980.45,89.98,1.0
4117,25,11,2525,50,980.38,70.07,1.0
4118,231,35,2731,462,980.38,78.74,1.0
4119,10,24,2510,20,980.34,60.33,1.0
4120,147,26,2647,294,980.31,77.24,1.0
4121,291,38,2791,582,980.3,82.11,1.0
4122,179,12,2679,358,980.25,98.98,1.0
4123,134,12,2634,268,980.24,99.55,1.0
4124,299,40,2799,598,980.19,74.61,1.0
4125,65,24,2565,130,980.17,63.47,1.0
4126,104,13,2604,208,980.17,94.22,1.0
4127,130,26,2630,260,980.08,71.04,1.0
4128,288,15,2788,576,980.06,126.82,1.0
4129,194,27,2694,388,979.99,77.98,1.0
4130,270,14,2770,540,979.98,119.35,1.0
4131,9,12,2509,18,979.97,80.26,1.0
4132,291,42,2791,582,979.84,83.26,1.0
4133,129,13,2629,258,979.78,106.12,1.0
4134,89,12,2589,178,979.75,107.96,1.0
4135,241,28,2741,482,979.75,85.47,1.0
4136,148,14,2648,296,979.73,102.53,1.0
4137,245,14,2745,490,979.72,134.14,1.0
4138,216,28,2716,432,979.64,81.71,1.0
4139,300,40,2800,600,979.62,85.42,1.0
4140,203,13,2703,406,979.61,115.2,1.0
4141,170,26,2670,340,979.47,74.82,1.0
4142,81,25,2581,162,979.44,72.74,1.0
4143,135,25,2635,270,979.43,80.88,1.0
4144,84,11,2584,168,979.42,90.35,1.0
4145,282,29,2782,564,979.42,86.63,1.0
4146,124,13,2624,248,979.37,105.31,1.0
4147,218,12,2718,436,979.37,118.4,1.0
4148,29,23,2529,58,979.35,62.03,1.0
4149,213,28,2713,426,979.35,86.44,1.0
4150,140,25,2640,280,979.34,76.21,1.0
4151,78,12,2578,156,979.33,89.25,1.0
4152,121,26,2621,242,979.33,74.26,1.0
4153,217,28,2717,434,979.33,83.78,1.0
4154,86,25,2586,172,979.32,72.53,1.0
4155,185,28,2685,370,979.32,71.5,1.0
4156,99,11,2599,198,979.28,93.4,1.0
4157,268,28,2768,536,979.28,93.7,1.0
4158,120,25,2620,240,979.26,79.63,1.0
4159,238,12,2738,476,979.18,114.26,1.0
4160,235,28,2735,470,979.12,83.28,1.0
4161,176,27,2676,352,979.08,80.36,1.0
4162,293,42,2793,586,979.04,89.72,1.0
4163,287,38,2787,574,978.89,90.49,1.0
4164,243,13,2743,486,978.84,130.1,1.0
4165,183,15,2683,366,978.77,106.03,1.0
4166,89,25,2589,178,978.75,77.18,1.0
4167,60,12,2560,120,978.66,84.76,1.0
4168,212,28,2712,424,978.61,84.84,1.0
4169,153,27,2653,306,978.54,77.96,1.0
4170,75,25,2575,150,978.48,61.64,1.0
4171,38,11,2538,76,978.46,70.21,1.0
4172,291,32,2791,582,978.38,81.4,1.0
4173,31,12,2531,62,978.36,73.23,1.0
4174,265,41,2765,530,978.3,84.49,1.0
4175,251,14,2751,502,978.24,115.23,1.0
4176,187,26,2687,374,978.2,75.0,1.0
4177,291,44,2791,582,978.09,82.36,1.0
4178,265,13,2765,530,978.05,124.48,1.0
4179,16,10,2516,32,978.04,87.14,1.0
4180,300,34,2800,600,978.0,88.27,1.0
4181,191,14,2691,382,977.98,115.14,1.0
4182,260,14,2760,520,977.97,124.89,1.0
4183,218,29,2718,436,977.96,75.39,1.0
4184,12,24,2512,24,977.95,57.68,1.0
4185,287,35,2787,574,977.92,85.22,1.0
4186,18,12,2518,36,977.84,64.57,1.0
4187,180,12,2680,360,977.78,114.75,1.0
4188,93,26,2593,186,977.75,68.61,1.0
4189,66,11,2566,132,977.75,87.78,1.0
4190,26,11,2526,52,977.7,75.88,1.0
4191,0,10,2500,0,977.68,76.29,1.0
4192,293,44,2793,586,977.64,84.8,1.0
4193,290,34,2790,580,977.61,85.58,1.0
4194,175,26,2675,350,977.6,86.34,1.0
4195,299,34,2799,598,977.56,77.15,1.0
4196,135,26,2635,270,977.5,82.41,1.0
4197,221,28,2721,442,977.49,84.31,1.0
4198,290,31,2790,580,977.48,87.36,1.0
4199,261,43,2761,522,977.43,87.53,1.0
4200,34,12,2534,68,977.38,81.82,1.0
4201,50,24,2550,100,977.34,69.2,1.0
4202,95,24,2595,190,977.34,71.27,1.0
4203,277,14,2777,554,977.32,127.26,1.0
4204,254,27,2754,508,977.3,89.36,1.0
4205,2,12,2502,4,977.18,72.38,1.0
4206,136,13,2636,272,977.15,102.19,1.0
4207,298,32,2798,596,977.13,89.32,1.0
4208,147,12,2647,294,977.12,102.15,1.0
4209,286,41,2786,572,977.09,85.58,1.0
4210,287,41,2787,574,977.05,89.06,1.0
4211,195,13,2695,390,976.96,125.13,1.0
4212,175,12,2675,350,976.86,113.69,1.0
4213,112,25,2612,224,976.82,75.21,1.0
4214,202,13,2702,404,976.81,120.39,1.0
4215,62,12,2562,124,976.78,83.37,1.0
4216,106,25,2606,212,976.75,75.74,1.0
4217,291,37,2791,582,976.75,92.32,1.0
4218,293,43,2793,586,976.75,79.38,1.0
4219,237,14,2737,474,976.7,111.17,1.0
4220,36,24,2536,72,976.68,59.74,1.0
4221,299,43,2799,598,976.68,76.99,1.0
4222,210,14,2710,420,976.67,124.24,1.0
4223,293,39,2793,586,976.54,91.06,1.0
4224,300,44,2800,600,976.53,84.5,1.0
4225,10,10,2510,20,976.52,69.82,1.0
4226,184,12,2684,368,976.51,110.49,1.0
4227,142,11,2642,284,976.48,102.63,1.0
4228,298,14,2798,596,976.46,128.45,1.0
4229,260,28,2760,520,976.44,98.42,1.0
4230,291,40,2791,582,976.44,84.91,1.0
4231,299,41,2799,598,976.42,80.98,1.0
4232,250,13,2750,500,976.38,126.83,1.0
4233,291,43,2791,582,976.37,90.61,1.0
4234,56,24,2556,112,976.36,65.44,1.0
4235,298,39,2798,596,976.33,97.35,1.0
4236,185,12,2685,370,976.3,123.66,1.0
4237,60,24,2560,120,976.29,71.61,1.0
4238,91,25,2591,182,976.28,70.62,1.0
4239,199,28,2699,398,976.25,79.07,1.0
4240,72,25,2572,144,976.22,72.18,1.0
4241,33,12,2533,66,976.21,85.0,1.0
4242,35,24,2535,70,976.12,59.1,1.0
4243,69,24,2569,138,976.12,73.73,1.0
4244,217,14,2717,434,976.02,108.28,1.0
4245,54,24,2554,108,975.98,73.05,1.0
4246,53,24,2553,106,975.96,65.97,1.0
4247,138,12,2638,276,975.95,106.97,1.0
4248,280,15,2780,560,975.9,122.24,1.0
4249,265,38,2765,530,975.89,96.25,1.0
4250,151,12,2651,302,975.88,112.08,1.0
4251,49,25,2549,98,975.83,63.26,1.0
4252,259,12,2759,518,975.82,123.42,1.0
4253,11,24,2511,22,975.8,54.32,1.0
4254,125,12,2625,250,975.8,93.25,1.0
4255,188,12,2688,376,975.76,112.37,1.0
4256,291,30,2791,582,975.76,84.97,1.0
4257,269,28,2769,538,975.74,88.11,1.0
4258,293,37,2793,586,975.74,89.06,1.0
4259,279,30,2779,558,975.69,78.35,1.0
4260,134,27,2634,268,975.67,82.19,1.0
4261,200,26,2700,400,975.66,84.67,1.0
4262,291,35,2791,582,975.66,84.96,1.0
4263,159,26,2659,318,975.63,84.02,1.0
4264,125,26,2625,250,975.6,63.54,1.0
4265,178,12,2678,356,975.6,101.78,1.0
4266,138,13,2638,276,975.56,105.33,1.0
4267,297,14,2797,594,975.56,138.79,1.0
4268,278,15,2778,556,975.55,133.72,1.0
4269,5,24,2505,10,975.5,60.61,1.0
4270,44,10,2544,88,975.49,83.95,1.0
4271,286,33,2786,572,975.44,86.27,1.0
4272,46,12,2546,92,975.38,78.55,1.0
4273,287,34,2787,574,975.38,86.13,1.0
4274,299,31,2799,598,975.38,82.37,1.0
4275,293,41,2793,586,975.36,85.31,1.0
4276,64,24,2564,128,975.34,68.94,1.0
4277,202,26,2702,404,975.29,89.26,1.0
4278,278,28,2778,556,975.26,106.04,1.0
4279,286,37,2786,572,975.26,94.44,1.0
4280,182,26,2682,364,975.23,86.21,1.0
4281,161,27,2661,322,975.22,82.16,1.0
4282,93,12,2593,186,975.18,98.61,1.0
4283,263,13,2763,526,975.17,121.95,1.0
4284,150,13,2650,300,975.15,101.22,1.0
4285,96,26,2596,192,975.07,71.87,1.0
4286,32,22,2532,64,975.06,72.17,1.0
4287,181,28,2681,362,975.05,79.24,1.0
4288,272,13,2772,544,975.01,123.56,1.0
4289,126,11,2626,252,974.97,104.14,1.0
4290,298,33,2798,596,974.94,96.8,1.0
4291,298,31,2798,596,974.91,99.53,1.0
4292,231,43,2731,462,974.9,74.91,1.0
4293,85,11,2585,170,974.88,92.22,1.0
4294,100,12,2600,200,974.86,94.01,1.0
4295,253,38,2753,506,974.84,76.44,1.0
4296,265,42,2765,530,974.84,87.52,1.0
4297,60,13,2560,120,974.82,84.79,1.0
4298,202,27,2702,404,974.81,86.78,1.0
4299,235,13,2735,470,974.79,119.71,1.0
4300,164,26,2664,328,974.78,77.7,1.0
4301,222,13,2722,444,974.74,113.97,1.0
4302,166,12,2666,332,974.68,106.33,1.0
4303,6,23,2506,12,974.67,56.28,1.0
4304,299,39,2799,598,974.67,88.57,1.0
4305,290,30,2790,580,974.65,76.89,1.0
4306,290,32,2790,580,974.63,93.45,1.0
4307,294,14,2794,588,974.63,136.0,1.0
4308,288,28,2788,576,974.62,93.37,1.0
4309,174,25,2674,348,974.61,98.53,1.0
4310,220,27,2720,440,974.61,81.83,1.0
4311,287,36,2787,574,974.61,87.45,1.0
4312,55,13,2555,110,974.58,90.87,1.0
4313,242,29,2742,484,974.5,82.24,1.0
4314,286,39,2786,572,974.5,87.91,1.0
4315,148,13,2648,296,974.48,108.39,1.0
4316,258,13,2758,516,974.45,138.72,1.0
4317,197,27,2697,394,974.43,90.26,1.0
4318,194,14,2694,388,974.38,106.59,1.0
4319,173,14,2673,346,974.32,102.62,1.0
4320,214,12,2714,428,974.24,112.48,1.0
4321,184,11,2684,368,974.21,101.33,1.0
4322,300,43,2800,600,974.18,86.25,1.0
4323,39,24,2539,78,974.17,61.19,1.0
4324,84,24,2584,168,974.14,76.33,1.0
4325,291,41,2791,582,974.14,84.93,1.0
4326,298,40,2798,596,974.03,94.6,1.0
4327,279,41,2779,558,974.02,87.23,1.0
4328,298,42,2798,596,974.01,92.59,1.0
4329,293,40,2793,586,973.93,90.39,1.0
4330,48,11,2548,96,973.92,94.59,1.0
4331,293,32,2793,586,973.92,85.76,1.0
4332,293,36,2793,586,973.92,87.79,1.0
4333,208,14,2708,416,973.9,116.42,1.0
4334,279,43,2779,558,973.85,82.64,1.0
4335,164,14,2664,328,973.82,106.78,1.0
4336,80,13,2580,160,973.8,89.05,1.0
4337,179,27,2679,358,973.74,75.21,1.0
4338,166,28,2666,332,973.69,77.03,1.0
4339,231,44,2731,462,973.67,66.22,1.0
4340,299,42,2799,598,973.67,78.63,1.0
4341,31,24,2531,62,973.66,61.9,1.0
4342,105,10,2605,210,973.62,104.01,1.0
4343,67,12,2567,134,973.6,85.46,1.0
4344,123,27,2623,246,973.59,67.26,1.0
4345,128,12,2628,256,973.54,95.89,1.0
4346,21,22,2521,42,973.52,65.09,1.0
4347,203,12,2703,406,973.52,115.94,1.0
4348,33,23,2533,66,973.49,63.44,1.0
4349,279,42,2779,558,973.43,77.65,1.0
4350,16,24,2516,32,973.4,66.46,1.0
4351,299,30,2799,598,973.39,83.15,1.0
4352,74,11,2574,148,973.32,94.34,1.0
4353,206,28,2706,412,973.31,85.5,1.0
4354,136,26,2636,272,973.28,73.63,1.0
4355,284,13,2784,568,973.27,126.67,1.0
4356,299,38,2799,598,973.26,81.48,1.0
4357,291,33,2791,582,973.25,89.24,1.0
4358,204,26,2704,408,973.22,84.03,1.0
4359,222,28,2722,444,973.21,85.91,1.0
4360,115,12,2615,230,973.2,88.85,1.0
4361,287,39,2787,574,973.17,86.64,1.0
4362,265,31,2765,530,973.14,83.62,1.0
4363,270,29,2770,540,973.12,86.49,1.0
4364,27,24,2527,54,973.11,56.97,1.0
4365,298,38,2798,596,973.09,97.1,1.0
4366,290,35,2790,580,973.05,82.36,1.0
4367,279,39,2779,558,973.04,78.79,1.0
4368,205,28,2705,410,973.01,87.87,1.0
4369,300,41,2800,600,972.99,92.44,1.0
4370,286,40,2786,572,972.98,88.07,1.0
4371,289,15,2789,578,972.98,129.12,1.0
4372,292,15,2792,584,972.98,140.41,1.0
4373,8,10,2508,16,972.97,67.6,1.0
4374,3,23,2503,6,972.94,59.78,1.0
4375,255,14,2755,510,972.94,129.08,1.0
4376,155,12,2655,310,972.85,104.53,1.0
4377,141,27,2641,282,972.82,73.61,1.0
4378,300,42,2800,600,972.73,90.81,1.0
4379,164,13,2664,328,972.72,102.3,1.0
4380,195,27,2695,390,972.7,79.62,1.0
4381,108,26,2608,216,972.66,72.01,1.0
4382,219,27,2719,438,972.65,88.94,1.0
4383,166,11,2666,332,972.62,106.2,1.0
4384,196,28,2696,392,972.62,75.41,1.0
4385,299,37,2799,598,972.6,82.15,1.0
4386,287,32,2787,574,972.54,80.89,1.0
4387,265,30,2765,530,972.42,93.88,1.0
4388,290,37,2790,580,972.41,87.67,1.0
4389,28,11,2528,56,972.4,73.61,1.0
4390,266,13,2766,532,972.28,108.78,1.0
4391,293,31,2793,586,972.26,85.36,1.0
4392,287,37,2787,574,972.2,88.55,1.0
4393,191,26,2691,382,972.19,76.87,1.0
4394,184,28,2684,368,972.16,72.04,1.0
4395,14,10,2514,28,972.15,71.56,1.0
4396,19,11,2519,38,972.13,78.83,1.0
4397,261,34,2761,522,972.12,77.54,1.0
4398,110,11,2610,220,972.11,88.48,1.0
4399,2,22,2502,4,972.06,60.26,1.0
4400,300,38,2800,600,972.05,84.96,1.0
4401,72,11,2572,144,972.02,92.27,1.0
4402,51,11,2551,102,972.01,91.33,1.0
4403,279,40,2779,558,972.0,77.78,1.0
4404,285,29,2785,570,971.96,90.19,1.0
4405,253,39,2753,506,971.94,76.82,1.0
4406,283,14,2783,566,971.9,132.52,1.0
4407,231,38,2731,462,971.89,75.44,1.0
4408,293,35,2793,586,971.86,99.53,1.0
4409,300,35,2800,600,971.76,90.77,1.0
4410,281,29,2781,562,971.75,91.46,1.0
4411,57,11,2557,114,971.73,80.25,1.0
4412,60,25,2560,120,971.71,67.24,1.0
4413,171,27,2671,342,971.61,79.12,1.0
4414,290,41,2790,580,971.61,84.75,1.0
4415,269,14,2769,538,971.59,136.16,1.0
4416,239,28,2739,478,971.56,79.09,1.0
4417,267,29,2767,534,971.55,97.28,1.0
4418,59,12,2559,118,971.54,79.05,1.0
4419,287,30,2787,574,971.54,86.12,1.0
4420,116,11,2616,232,971.52,100.44,1.0
4421,256,28,2756,512,971.52,94.35,1.0
4422,290,43,2790,580,971.52,80.04,1.0
4423,263,29,2763,526,971.51,83.18,1.0
4424,246,13,2746,492,971.48,107.53,1.0
4425,286,13,2786,572,971.48,119.04,1.0
4426,48,25,2548,96,971.46,68.47,1.0
4427,253,34,2753,506,971.45,84.45,1.0
4428,53,11,2553,106,971.4,80.61,1.0
4429,46,24,2546,92,971.4,62.98,1.0
4430,73,11,2573,146,971.35,99.0,1.0
4431,300,39,2800,600,971.33,92.8,1.0
4432,141,12,2641,282,971.26,105.8,1.0
4433,298,43,2798,596,971.26,96.19,1.0
4434,253,37,2753,506,971.18,76.84,1.0
4435,259,39,2759,518,971.18,86.26,1.0
4436,247,29,2747,494,971.14,86.2,1.0
4437,282,14,2782,564,971.13,124.1,1.0
4438,290,42,2790,580,971.1,81.51,1.0
4439,55,14,2555,110,971.07,92.92,1.0
4440,284,34,2784,568,971.06,84.46,1.0
4441,279,44,2779,558,971.06,84.47,1.0
4442,18,24,2518,36,971.04,60.62,1.0
4443,260,16,2760,520,971.03,120.08,1.0
4444,234,14,2734,468,970.96,121.33,1.0
4445,299,14,2799,598,970.95,125.76,1.0
4446,52,11,2552,104,970.94,92.49,1.0
4447,55,24,2555,110,970.91,74.14,1.0
4448,124,24,2624,248,970.9,80.44,1.0
4449,160,12,2660,320,970.89,101.99,1.0
4450,296,28,2796,592,970.88,104.6,1.0
4451,290,36,2790,580,970.86,92.17,1.0
4452,12,11,2512,24,970.83,78.59,1.0
4453,240,13,2740,480,970.8,113.05,1.0
4454,243,28,2743,486,970.8,93.01,1.0
4455,266,29,2766,532,970.78,86.49,1.0
4456,17,10,2517,34,970.74,74.76,1.0
4457,231,33,2731,462,970.73,72.41,1.0
4458,253,40,2753,506,970.73,81.19,1.0
4459,231,39,2731,462,970.69,78.55,1.0
4460,230,13,2730,460,970.68,113.21,1.0
4461,158,13,2658,316,970.66,88.97,1.0
4462,209,12,2709,418,970.65,116.64,1.0
4463,294,13,2794,588,970.65,131.57,1.0
4464,297,29,2797,594,970.63,92.17,1.0
4465,299,44,2799,598,970.58,79.55,1.0
4466,127,26,2627,254,970.51,77.48,1.0
4467,231,32,2731,462,970.49,77.31,1.0
4468,298,44,2798,596,970.49,85.77,1.0
4469,1,11,2501,2,970.48,66.41,1.0
4470,23,10,2523,46,970.48,86.94,1.0
4471,274,14,2774,548,970.48,144.16,1.0
4472,286,44,2786,572,970.46,92.59,1.0
4473,221,13,2721,442,970.4,128.2,1.0
4474,192,14,2692,384,970.34,114.74,1.0
4475,187,14,2687,374,970.34,108.83,1.0
4476,26,24,2526,52,970.32,65.4,1.0
4477,284,35,2784,568,970.32,86.37,1.0
4478,107,13,2607,214,970.3,87.22,1.0
4479,294,38,2794,588,970.28,87.46,1.0
4480,288,14,2788,576,970.26,125.84,1.0
4481,279,37,2779,558,970.25,80.21,1.0
4482,102,26,2602,204,970.24,61.79,1.0
4483,231,45,2731,462,970.22,73.89,1.0
4484,97,24,2597,194,970.19,67.93,1.0
4485,82,11,2582,164,970.16,92.18,1.0
4486,287,42,2787,574,970.13,77.06,1.0
4487,298,30,2798,596,970.13,98.4,1.0
4488,37,10,2537,74,970.12,89.38,1.0
4489,63,25,2563,126,970.1,69.66,1.0
4490,231,34,2731,462,970.04,74.02,1.0
4491,231,37,2731,462,970.02,74.46,1.0
4492,257,12,2757,514,970.02,120.56,1.0
4493,105,26,2605,210,970.0,70.33,1.0
4494,300,36,2800,600,969.96,81.29,1.0
4495,265,34,2765,530,969.9,88.43,1.0
4496,207,27,2707,414,969.84,81.66,1.0
4497,254,28,2754,508,969.84,77.18,1.0
4498,299,35,2799,598,969.84,75.44,1.0
4499,169,14,2669,338,969.81,108.33,1.0
4500,13,12,2513,26,969.8,71.36,1.0
4501,93,11,2593,186,969.78,84.83,1.0
4502,68,13,2568,136,969.74,82.08,1.0
4503,231,40,2731,462,969.74,76.96,1.0
4504,201,13,2701,402,969.65,110.59,1.0
4505,261,41,2761,522,969.64,85.8,1.0
4506,241,12,2741,482,969.6,125.45,1.0
4507,298,41,2798,596,969.6,91.98,1.0
4508,262,15,2762,524,969.59,125.11,1.0
4509,292,14,2792,584,969.58,131.27,1.0
4510,11,10,2511,22,969.47,78.94,1.0
4511,131,27,2631,262,969.47,68.48,1.0
4512,242,13,2742,484,969.47,129.51,1.0
4513,294,32,2794,588,969.45,85.29,1.0
4514,229,28,2729,458,969.43,88.83,1.0
4515,253,33,2753,506,969.42,82.24,1.0
4516,261,37,2761,522,969.36,80.85,1.0
4517,279,31,2779,558,969.32,77.2,1.0
4518,259,36,2759,518,969.31,79.87,1.0
4519,247,14,2747,494,969.3,112.67,1.0
4520,64,11,2564,128,969.23,94.01,1.0
4521,259,40,2759,518,969.15,84.12,1.0
4522,277,13,2777,554,969.1,129.43,1.0
4523,291,45,2791,582,969.08,89.47,1.0
4524,261,40,2761,522,969.06,92.88,1.0
4525,248,15,2748,496,969.04,110.14,1.0
4526,294,44,2794,588,969.0,86.46,1.0
4527,236,29,2736,472,968.93,88.37,1.0
4528,18,11,2518,36,968.89,69.46,1.0
4529,300,31,2800,600,968.89,97.01,1.0
4530,42,12,2542,84,968.83,82.75,1.0
4531,113,11,2613,226,968.82,99.43,1.0
4532,232,13,2732,464,968.79,131.73,1.0
4533,253,42,2753,506,968.79,75.04,1.0
4534,192,27,2692,384,968.75,76.38,1.0
4535,298,37,2798,596,968.74,95.45,1.0
4536,120,26,2620,240,968.71,75.31,1.0
4537,171,13,2671,342,968.71,109.11,1.0
4538,294,34,2794,588,968.68,78.5,1.0
4539,80,24,2580,160,968.67,77.43,1.0
4540,41,12,2541,82,968.62,85.69,1.0
4541,165,28,2665,330,968.59,89.86,1.0
4542,286,35,2786,572,968.52,90.15,1.0
4543,284,43,2784,568,968.51,82.21,1.0
4544,112,26,2612,224,968.5,76.56,1.0
4545,293,34,2793,586,968.48,83.52,1.0
4546,261,44,2761,522,968.47,80.67,1.0
4547,74,24,2574,148,968.42,71.45,1.0
4548,265,36,2765,530,968.42,94.31,1.0
4549,250,14,2750,500,968.39,131.61,1.0
4550,43,10,2543,86,968.38,91.99,1.0
4551,9,11,2509,18,968.38,74.36,1.0
4552,68,24,2568,136,968.32,64.75,1.0
4553,159,14,2659,318,968.31,105.27,1.0
4554,103,26,2603,206,968.3,78.41,1.0
4555,211,13,2711,422,968.3,118.42,1.0
4556,228,28,2728,456,968.23,89.07,1.0
4557,239,15,2739,478,968.2,118.98,1.0
4558,23,25,2523,46,968.18,60.18,1.0
4559,109,12,2609,218,968.12,96.9,1.0
4560,299,33,2799,598,967.97,86.61,1.0
4561,84,25,2584,168,967.96,74.16,1.0
4562,97,12,2597,194,967.96,99.67,1.0
4563,115,26,2615,230,967.91,68.64,1.0
4564,227,29,2727,454,967.89,91.46,1.0
4565,273,39,2773,546,967.87,91.69,1.0
4566,274,13,2774,548,967.84,137.8,1.0
4567,249,28,2749,498,967.81,84.19,1.0
4568,261,39,2761,522,967.75,87.65,1.0
4569,143,26,2643,286,967.7,76.6,1.0
4570,253,41,2753,506,967.7,77.46,1.0
4571,279,35,2779,558,967.63,78.37,1.0
4572,198,14,2698,396,967.62,106.84,1.0
4573,109,26,2609,218,967.59,67.16,1.0
4574,261,36,2761,522,967.58,86.27,1.0
4575,96,11,2596,192,967.57,97.77,1.0
4576,91,11,2591,182,967.56,96.27,1.0
4577,261,38,2761,522,967.55,90.57,1.0
4578,294,40,2794,588,967.47,77.13,1.0
4579,13,22,2513,26,967.44,60.02,1.0
4580,183,25,2683,366,967.44,91.93,1.0
4581,259,42,2759,518,967.44,80.31,1.0
4582,119,25,2619,238,967.39,75.77,1.0
4583,146,27,2646,292,967.38,74.38,1.0
4584,222,27,2722,444,967.36,94.76,1.0
4585,178,28,2678,356,967.34,80.74,1.0
4586,253,43,2753,506,967.34,76.9,1.0
4587,223,28,2723,446,967.31,81.15,1.0
4588,233,29,2733,466,967.24,86.19,1.0
4589,261,32,2761,522,967.24,85.13,1.0
4590,68,12,2568,136,967.2,79.45,1.0
4591,300,32,2800,600,967.18,83.65,1.0
4592,51,25,2551,102,967.14,67.62,1.0
4593,279,36,2779,558,967.14,80.87,1.0
4594,22,25,2522,44,967.04,60.33,1.0
4595,286,45,2786,572,967.04,84.11,1.0
4596,172,27,2672,344,967.02,79.68,1.0
4597,228,13,2728,456,967.02,116.6,1.0
4598,32,23,2532,64,966.98,72.21,1.0
4599,54,25,2554,108,966.98,64.53,1.0
4600,259,33,2759,518,966.97,78.73,1.0
4601,264,46,2764,528,966.96,87.58,1.0
4602,265,12,2765,530,966.95,119.74,1.0
4603,157,28,2657,314,966.94,72.89,1.0
4604,1,23,2501,2,966.86,53.53,1.0
4605,110,26,2610,220,966.86,65.2,1.0
4606,250,28,2750,500,966.86,94.53,1.0
4607,144,27,2644,288,966.85,74.55,1.0
4608,87,26,2587,174,966.84,70.77,1.0
4609,294,31,2794,588,966.82,89.84,1.0
4610,6,12,2506,12,966.78,65.98,1.0
4611,283,34,2783,566,966.76,94.49,1.0
4612,290,33,2790,580,966.72,84.83,1.0
4613,296,15,2796,592,966.72,134.44,1.0
4614,273,14,2773,546,966.69,116.63,1.0
4615,65,11,2565,130,966.63,80.84,1.0
4616,273,34,2773,546,966.58,78.7,1.0
4617,300,37,2800,600,966.55,83.06,1.0
4618,258,29,2758,516,966.47,80.8,1.0
4619,37,25,2537,74,966.44,68.19,1.0
4620,151,27,2651,302,966.44,82.52,1.0
4621,61,24,2561,122,966.41,68.91,1.0
4622,73,25,2573,146,966.39,80.8,1.0
4623,286,42,2786,572,966.37,90.08,1.0
4624,3,11,2503,6,966.36,74.68,1.0
4625,167,12,2667,334,966.36,114.18,1.0
4626,225,28,2725,450,966.36,89.31,1.0
4627,30,12,2530,60,966.33,77.61,1.0
4628,177,28,2677,354,966.33,77.07,1.0
4629,86,26,2586,172,966.32,74.85,1.0
4630,98,11,2598,196,966.3,102.49,1.0
4631,287,31,2787,574,966.29,86.67,1.0
4632,244,14,2744,488,966.24,120.35,1.0
4633,140,13,2640,280,966.2,98.99,1.0
4634,230,14,2730,460,966.2,111.09,1.0
4635,286,34,2786,572,966.17,84.57,1.0
4636,66,25,2566,132,966.16,81.63,1.0
4637,253,44,2753,506,966.16,80.79,1.0
4638,122,11,2622,244,966.15,102.54,1.0
4639,128,27,2628,256,966.14,74.4,1.0
4640,214,28,2714,428,966.14,86.88,1.0
4641,286,43,2786,572,966.14,91.96,1.0
4642,284,37,2784,568,966.09,83.53,1.0
4643,284,39,2784,568,966.08,82.15,1.0
4644,265,33,2765,530,966.07,88.47,1.0
4645,69,12,2569,138,966.06,84.2,1.0
4646,299,36,2799,598,966.04,80.5,1.0
4647,261,30,2761,522,966.01,89.92,1.0
4648,271,36,2771,542,965.99,81.84,1.0
4649,294,39,2794,588,965.98,86.66,1.0
4650,43,25,2543,86,965.97,74.78,1.0
4651,253,30,2753,506,965.96,80.96,1.0
4652,119,12,2619,238,965.94,101.33,1.0
4653,15,24,2515,30,965.93,67.05,1.0
4654,207,14,2707,414,965.93,117.75,1.0
4655,289,30,2789,578,965.92,88.15,1.0
4656,4,24,2504,8,965.9,58.83,1.0
4657,61,12,2561,122,965.89,86.45,1.0
4658,63,11,2563,126,965.84,88.59,1.0
4659,290,45,2790,580,965.84,89.97,1.0
4660,2,23,2502,4,965.8,59.59,1.0
4661,58,11,2558,116,965.78,77.86,1.0
4662,79,11,2579,158,965.77,91.83,1.0
4663,265,35,2765,530,965.77,92.26,1.0
4664,112,13,2612,224,965.76,90.92,1.0
4665,251,29,2751,502,965.75,86.78,1.0
4666,107,25,2607,214,965.72,70.58,1.0
4667,85,26,2585,170,965.7,70.24,1.0
4668,279,33,2779,558,965.68,80.48,1.0
4669,253,35,2753,506,965.67,78.1,1.0
4670,278,29,2778,556,965.67,99.8,1.0
4671,182,27,2682,364,965.61,82.42,1.0
4672,234,28,2734,468,965.61,90.91,1.0
4673,257,37,2757,514,965.61,83.95,1.0
4674,8,24,2508,16,965.6,64.46,1.0
4675,90,26,2590,180,965.58,61.43,1.0
4676,253,31,2753,506,965.58,77.4,1.0
4677,261,33,2761,522,965.49,83.21,1.0
4678,150,27,2650,300,965.48,80.45,1.0
4679,171,12,2671,342,965.47,113.68,1.0
4680,279,32,2779,558,965.47,82.07,1.0
4681,299,13,2799,598,965.43,129.83,1.0
4682,45,11,2545,90,965.42,85.06,1.0
4683,237,28,2737,474,965.39,84.51,1.0
4684,120,12,2620,240,965.35,113.25,1.0
4685,83,25,2583,166,965.31,64.98,1.0
4686,246,12,2746,492,965.26,123.94,1.0
4687,294,30,2794,588,965.24,87.54,1.0
4688,231,30,2731,462,965.22,71.03,1.0
4689,174,14,2674,348,965.21,104.52,1.0
4690,300,30,2800,600,965.17,84.97,1.0
4691,295,29,2795,590,965.16,91.06,1.0
4692,29,11,2529,58,965.15,77.36,1.0
4693,64,25,2564,128,965.14,66.65,1.0
4694,273,38,2773,546,965.14,86.39,1.0
4695,253,36,2753,506,965.13,72.14,1.0
4696,224,29,2724,448,965.12,83.28,1.0
4697,265,32,2765,530,965.09,88.38,1.0
4698,299,32,2799,598,965.06,82.55,1.0
4699,288,13,2788,576,965.04,131.0,1.0
4700,298,34,2798,596,965.01,91.81,1.0
4701,169,13,2669,338,964.98,110.06,1.0
4702,238,31,2738,476,964.96,81.62,1.0
4703,128,11,2628,256,964.92,95.35,1.0
4704,172,13,2672,344,964.9,99.54,1.0
4705,75,26,2575,150,964.85,67.08,1.0
4706,259,32,2759,518,964.83,83.41,1.0
4707,216,12,2716,432,964.8,117.07,1.0
4708,130,11,2630,260,964.78,101.78,1.0
4709,286,36,2786,572,964.75,85.06,1.0
4710,221,12,2721,442,964.67,119.07,1.0
4711,241,29,2741,482,964.65,82.9,1.0
4712,137,27,2637,274,964.63,73.62,1.0
4713,286,32,2786,572,964.62,90.62,1.0
4714,40,11,2540,80,964.6,81.62,1.0
4715,283,39,2783,566,964.6,91.6,1.0
4716,275,13,2775,550,964.59,130.11,1.0
4717,284,33,2784,568,964.58,81.85,1.0
4718,257,31,2757,514,964.57,88.02,1.0
4719,257,40,2757,514,964.55,87.96,1.0
4720,79,26,2579,158,964.54,74.24,1.0
4721,78,25,2578,156,964.53,73.76,1.0
4722,173,27,2673,346,964.5,80.95,1.0
4723,41,24,2541,82,964.49,64.2,1.0
4724,102,12,2602,204,964.48,102.31,1.0
4725,257,41,2757,514,964.46,90.44,1.0
4726,259,31,2759,518,964.44,84.12,1.0
4727,290,38,2790,580,964.44,93.36,1.0
4728,188,11,2688,376,964.42,112.49,1.0
4729,285,38,2785,570,964.39,83.0,1.0
4730,280,29,2780,560,964.39,95.62,1.0
4731,210,13,2710,420,964.38,116.56,1.0
4732,279,34,2779,558,964.38,85.19,1.0
4733,274,29,2774,548,964.37,96.85,1.0
4734,200,14,2700,400,964.36,115.34,1.0
4735,259,37,2759,518,964.35,94.24,1.0
4736,287,33,2787,574,964.34,84.57,1.0
4737,265,40,2765,530,964.33,87.54,1.0
4738,94,13,2594,188,964.28,91.29,1.0
4739,231,42,2731,462,964.24,80.23,1.0
4740,196,29,2696,392,964.23,72.19,1.0
4741,298,45,2798,596,964.2,95.75,1.0
4742,259,43,2759,518,964.19,81.45,1.0
4743,231,36,2731,462,964.18,77.67,1.0
4744,258,35,2758,516,964.18,87.65,1.0
4745,199,11,2699,398,964.17,125.47,1.0
4746,71,9,2571,142,964.14,100.27,1.0
4747,276,28,2776,552,964.09,98.15,1.0
4748,157,10,2657,314,964.08,109.91,1.0
4749,26,10,2526,52,964.0,84.18,1.0
4750,294,37,2794,588,963.98,84.59,1.0
4751,32,13,2532,64,963.93,78.24,1.0
4752,265,37,2765,530,963.93,85.58,1.0
4753,265,44,2765,530,963.89,89.63,1.0
4754,290,39,2790,580,963.86,81.99,1.0
4755,114,27,2614,228,963.82,73.62,1.0
4756,257,39,2757,514,963.8,90.06,1.0
4757,95,12,2595,190,963.78,89.95,1.0
4758,265,39,2765,530,963.78,79.26,1.0
4759,167,27,2667,334,963.72,84.66,1.0
4760,65,25,2565,130,963.68,60.77,1.0
4761,289,37,2789,578,963.68,95.65,1.0
4762,226,12,2726,452,963.66,127.76,1.0
4763,29,24,2529,58,963.62,67.1,1.0
4764,152,26,2652,304,963.59,91.66,1.0
4765,177,12,2677,354,963.59,105.22,1.0
4766,220,13,2720,440,963.59,116.24,1.0
4767,123,11,2623,246,963.57,115.38,1.0
4768,99,26,2599,198,963.56,66.8,1.0
4769,118,27,2618,236,963.52,73.98,1.0
4770,289,34,2789,578,963.47,88.68,1.0
4771,108,12,2608,216,963.45,105.13,1.0
4772,104,26,2604,208,963.45,71.69,1.0
4773,283,31,2783,566,963.44,90.89,1.0
4774,235,29,2735,470,963.38,85.43,1.0
4775,284,44,2784,568,963.38,83.54,1.0
4776,284,42,2784,568,963.37,85.81,1.0
4777,265,43,2765,530,963.36,87.38,1.0
4778,19,24,2519,38,963.35,56.78,1.0
4779,21,11,2521,42,963.28,74.22,1.0
4780,4,10,2504,8,963.28,74.97,1.0
4781,278,36,2778,556,963.25,85.8,1.0
4782,92,26,2592,184,963.23,68.36,1.0
4783,175,27,2675,350,963.22,83.82,1.0
4784,181,11,2681,362,963.12,105.15,1.0
4785,101,26,2601,202,963.1,79.42,1.0
4786,264,48,2764,528,963.09,87.66,1.0
4787,259,38,2759,518,963.09,82.01,1.0
4788,129,12,2629,258,963.08,96.06,1.0
4789,231,11,2731,462,963.06,113.15,1.0
4790,137,11,2637,274,963.05,102.42,1.0
4791,273,30,2773,546,963.05,90.39,1.0
4792,255,29,2755,510,963.02,85.63,1.0
4793,257,34,2757,514,963.02,96.88,1.0
4794,295,15,2795,590,963.02,121.88,1.0
4795,34,24,2534,68,962.95,68.27,1.0
4796,145,12,2645,290,962.94,98.98,1.0
4797,230,27,2730,460,962.94,89.22,1.0
4798,271,41,2771,542,962.92,86.58,1.0
4799,6,11,2506,12,962.84,63.5,1.0
4800,265,45,2765,530,962.84,87.18,1.0
4801,294,35,2794,588,962.82,79.4,1.0
4802,217,29,2717,434,962.77,78.66,1.0
4803,259,30,2759,518,962.75,85.55,1.0
4804,169,27,2669,338,962.74,83.71,1.0
4805,30,24,2530,60,962.68,59.21,1.0
4806,13,11,2513,26,962.68,77.96,1.0
4807,233,43,2733,466,962.67,81.99,1.0
4808,261,42,2761,522,962.62,87.43,1.0
4809,75,11,2575,150,962.61,87.61,1.0
4810,271,12,2771,542,962.58,131.43,1.0
4811,286,30,2786,572,962.56,87.59,1.0
4812,40,24,2540,80,962.5,65.92,1.0
4813,258,36,2758,516,962.5,91.54,1.0
4814,232,29,2732,464,962.48,91.13,1.0
4815,287,43,2787,574,962.46,83.5,1.0
4816,189,12,2689,378,962.45,112.62,1.0
4817,47,11,2547,94,962.4,84.52,1.0
4818,39,11,2539,78,962.35,81.89,1.0
4819,298,36,2798,596,962.35,88.0,1.0
4820,111,25,2611,222,962.34,68.36,1.0
4821,62,11,2562,124,962.31,83.25,1.0
4822,273,37,2773,546,962.29,86.56,1.0
4823,229,13,2729,458,962.27,123.96,1.0
4824,227,12,2727,454,962.22,114.35,1.0
4825,83,11,2583,166,962.2,96.23,1.0
4826,253,45,2753,506,962.15,78.81,1.0
4827,257,32,2757,514,962.15,90.44,1.0
4828,300,45,2800,600,962.12,91.38,1.0
4829,132,26,2632,264,962.1,71.33,1.0
4830,176,12,2676,352,962.04,111.44,1.0
4831,278,30,2778,556,962.0,91.12,1.0
4832,290,44,2790,580,961.91,89.46,1.0
4833,273,33,2773,546,961.88,88.25,1.0
4834,297,43,2797,594,961.78,85.73,1.0
4835,296,29,2796,592,961.76,92.61,1.0
4836,262,14,2762,524,961.75,121.46,1.0
4837,294,41,2794,588,961.71,86.16,1.0
4838,46,11,2546,92,961.68,80.37,1.0
4839,82,10,2582,164,961.68,90.42,1.0
4840,67,25,2567,134,961.67,66.89,1.0
4841,261,31,2761,522,961.58,79.44,1.0
4842,225,12,2725,450,961.53,114.56,1.0
4843,238,44,2738,476,961.48,72.08,1.0
4844,290,40,2790,580,961.46,84.97,1.0
4845,70,26,2570,140,961.44,70.01,1.0
4846,272,29,2772,544,961.44,97.12,1.0
4847,211,28,2711,422,961.4,83.67,1.0
4848,170,13,2670,340,961.39,111.4,1.0
4849,138,27,2638,276,961.37,74.16,1.0
4850,89,11,2589,178,961.35,96.12,1.0
4851,94,25,2594,188,961.3,75.22,1.0
4852,52,25,2552,104,961.29,66.05,1.0
4853,204,13,2704,408,961.19,110.75,1.0
4854,167,11,2667,334,961.16,102.77,1.0
4855,259,34,2759,518,961.16,81.14,1.0
4856,287,45,2787,574,961.15,85.77,1.0
4857,280,14,2780,560,961.14,120.83,1.0
4858,282,34,2782,564,961.07,85.37,1.0
4859,283,37,2783,566,961.0,99.61,1.0
4860,69,25,2569,138,960.99,67.27,1.0
4861,33,24,2533,66,960.92,70.4,1.0
4862,106,11,2606,212,960.92,97.5,1.0
4863,264,47,2764,528,960.91,84.79,1.0
4864,161,11,2661,322,960.88,109.29,1.0
4865,284,30,2784,568,960.86,81.89,1.0
4866,142,27,2642,284,960.82,70.58,1.0
4867,7,24,2507,14,960.77,59.75,1.0
4868,263,37,2763,526,960.74,89.79,1.0
4869,286,38,2786,572,960.72,94.84,1.0
4870,98,26,2598,196,960.71,75.74,1.0
4871,197,14,2697,394,960.66,116.92,1.0
4872,273,13,2773,546,960.64,133.07,1.0
4873,257,38,2757,514,960.63,93.02,1.0
4874,116,26,2616,232,960.62,71.05,1.0
4875,258,32,2758,516,960.6,90.26,1.0
4876,68,25,2568,136,960.56,60.25,1.0
4877,261,35,2761,522,960.56,81.06,1.0
4878,286,31,2786,572,960.55,79.6,1.0
4879,141,11,2641,282,960.52,102.33,1.0
4880,257,33,2757,514,960.47,86.54,1.0
4881,71,26,2571,142,960.46,72.68,1.0
4882,88,25,2588,176,960.46,66.26,1.0
4883,118,10,2618,236,960.45,105.27,1.0
4884,294,36,2794,588,960.44,85.16,1.0
4885,292,29,2792,584,960.42,96.51,1.0
4886,271,37,2771,542,960.37,90.97,1.0
4887,283,36,2783,566,960.32,99.33,1.0
4888,81,11,2581,162,960.26,93.69,1.0
4889,229,14,2729,458,960.2,126.1,1.0
4890,270,35,2770,540,960.15,87.75,1.0
4891,185,29,2685,370,960.14,77.55,1.0
4892,236,13,2736,472,960.13,114.85,1.0
4893,299,45,2799,598,960.1,79.8,1.0
4894,66,10,2566,132,960.04,90.23,1.0
4895,238,37,2738,476,959.97,77.49,1.0
4896,283,33,2783,566,959.96,95.04,1.0
4897,80,12,2580,160,959.88,93.92,1.0
4898,129,26,2629,258,959.88,82.14,1.0
4899,221,29,2721,442,959.86,79.48,1.0
4900,238,33,2738,476,959.86,71.71,1.0
4901,275,12,2775,550,959.81,141.0,1.0
4902,234,13,2734,468,959.76,118.91,1.0
4903,143,12,2643,286,959.73,102.32,1.0
4904,119,26,2619,238,959.71,75.24,1.0
4905,195,28,2695,390,959.71,75.37,1.0
4906,287,40,2787,574,959.65,86.91,1.0
4907,111,12,2611,222,959.64,90.74,1.0
4908,24,25,2524,48,959.6,66.42,1.0
4909,212,13,2712,424,959.6,118.14,1.0
4910,273,44,2773,546,959.6,83.15,1.0
4911,5,11,2505,10,959.56,79.27,1.0
4912,25,10,2525,50,959.54,73.74,1.0
4913,100,26,2600,200,959.54,73.1,1.0
4914,238,40,2738,476,959.51,76.38,1.0
4915,101,10,2601,202,959.49,94.64,1.0
4916,238,39,2738,476,959.47,81.15,1.0
4917,283,30,2783,566,959.43,94.39,1.0
4918,258,43,2758,516,959.41,74.25,1.0
4919,194,13,2694,388,959.4,111.88,1.0
4920,258,33,2758,516,959.38,80.58,1.0
4921,21,23,2521,42,959.36,59.79,1.0
4922,149,27,2649,298,959.28,70.27,1.0
4923,257,35,2757,514,959.25,91.69,1.0
4924,284,38,2784,568,959.25,86.48,1.0
4925,253,32,2753,506,959.18,75.43,1.0
4926,150,12,2650,300,959.14,100.92,1.0
4927,248,14,2748,496,959.14,113.78,1.0
4928,278,34,2778,556,959.13,85.34,1.0
4929,289,32,2789,578,959.1,87.96,1.0
4930,58,25,2558,116,959.08,69.52,1.0
4931,42,24,2542,84,959.07,69.53,1.0
4932,238,43,2738,476,959.06,71.17,1.0
4933,275,42,2775,550,959.05,87.2,1.0
4934,219,28,2719,438,959.04,89.72,1.0
4935,271,34,2771,542,959.01,81.88,1.0
4936,244,13,2744,488,958.95,123.63,1.0
4937,193,28,2693,386,958.94,92.75,1.0
4938,74,25,2574,148,958.9,72.4,1.0
4939,261,13,2761,522,958.88,130.77,1.0
4940,45,10,2545,90,958.84,83.91,1.0
4941,248,28,2748,496,958.84,81.71,1.0
4942,258,40,2758,516,958.84,85.06,1.0
4943,122,27,2622,244,958.83,76.04,1.0
4944,117,10,2617,234,958.79,105.15,1.0
4945,9,24,2509,18,958.73,66.05,1.0
4946,44,26,2544,88,958.7,61.43,1.0
4947,293,13,2793,586,958.66,139.14,1.0
4948,279,46,2779,558,958.61,86.72,1.0
4949,253,12,2753,506,958.6,125.49,1.0
4950,259,44,2759,518,958.57,81.3,1.0
4951,278,37,2778,556,958.57,103.78,1.0
4952,297,40,2797,594,958.56,90.76,1.0
4953,279,38,2779,558,958.54,79.99,1.0
4954,289,41,2789,578,958.54,91.91,1.0
4955,78,11,2578,156,958.42,98.47,1.0
4956,2,11,2502,4,958.36,76.9,1.0
4957,245,29,2745,490,958.36,87.32,1.0
4958,77,26,2577,154,958.34,68.43,1.0
4959,289,42,2789,578,958.28,90.79,1.0
4960,271,35,2771,542,958.2,85.15,1.0
4961,202,12,2702,404,958.12,120.36,1.0
4962,275,30,2775,550,958.07,94.84,1.0
4963,271,32,2771,542,958.02,83.91,1.0
4964,100,10,2600,200,957.99,97.14,1.0
4965,284,40,2784,568,957.93,81.3,1.0
4966,124,25,2624,248,957.92,80.53,1.0
4967,146,11,2646,292,957.87,111.12,1.0
4968,278,38,2778,556,957.86,86.52,1.0
4969,198,27,2698,396,957.85,80.11,1.0
4970,258,38,2758,516,957.82,86.57,1.0
4971,72,26,2572,144,957.81,70.6,1.0
4972,282,13,2782,564,957.8,120.93,1.0
4973,267,12,2767,534,957.76,126.28,1.0
4974,152,12,2652,304,957.72,121.03,1.0
4975,251,13,2751,502,957.7,129.89,1.0
4976,279,45,2779,558,957.7,81.28,1.0
4977,86,11,2586,172,957.6,91.1,1.0
4978,162,27,2662,324,957.59,81.08,1.0
4979,264,12,2764,528,957.58,128.95,1.0
4980,291,46,2791,582,957.56,86.53,1.0
4981,284,32,2784,568,957.55,87.37,1.0
4982,259,35,2759,518,957.54,88.67,1.0
4983,250,29,2750,500,957.53,87.18,1.0
4984,117,27,2617,234,957.52,72.86,1.0
4985,45,26,2545,90,957.51,60.85,1.0
4986,82,26,2582,164,957.5,63.73,1.0
4987,206,12,2706,412,957.46,110.51,1.0
4988,257,45,2757,514,957.42,88.52,1.0
4989,50,10,2550,100,957.41,90.23,1.0
4990,244,30,2744,488,957.39,81.42,1.0
4991,258,31,2758,516,957.35,81.02,1.0
4992,283,38,2783,566,957.31,93.73,1.0
4993,257,43,2757,514,957.26,91.24,1.0
4994,287,46,2787,574,957.26,85.2,1.0
4995,132,12,2632,264,957.25,87.39,1.0
4996,226,29,2726,452,957.25,79.74,1.0
4997,290,13,2790,580,957.23,130.44,1.0
4998,275,44,2775,550,957.22,83.81,1.0
4999,285,44,2785,570,957.22,85.59,1.0
5000,257,42,2757,514,957.18,86.83,1.0
5001,30,13,2530,60,957.16,69.53,1.0
5002,273,42,2773,546,957.15,85.24,1.0
5003,271,44,2771,542,957.13,82.86,1.0
5004,139,28,2639,278,957.11,74.72,1.0
5005,279,12,2779,558,957.11,115.63,1.0
5006,173,13,2673,346,957.07,99.01,1.0
5007,285,13,2785,570,957.07,134.54,1.0
5008,244,38,2744,488,957.04,82.05,1.0
5009,294,42,2794,588,957.02,87.96,1.0
5010,205,13,2705,410,957.01,113.34,1.0
5011,258,42,2758,516,956.92,84.32,1.0
5012,17,25,2517,34,956.9,66.9,1.0
5013,165,11,2665,330,956.9,112.78,1.0
5014,76,26,2576,152,956.88,69.15,1.0
5015,56,25,2556,112,956.74,63.9,1.0
5016,284,31,2784,568,956.74,86.15,1.0
5017,297,32,2797,594,956.72,99.16,1.0
5018,100,11,2600,200,956.71,82.96,1.0
5019,188,29,2688,376,956.64,76.57,1.0
5020,261,45,2761,522,956.57,79.86,1.0
5021,186,11,2686,372,956.56,109.79,1.0
5022,90,10,2590,180,956.51,105.28,1.0
5023,34,11,2534,68,956.48,83.62,1.0
5024,295,32,2795,590,956.4,91.8,1.0
5025,136,12,2636,272,956.38,110.98,1.0
5026,22,9,2522,44,956.34,71.26,1.0
5027,33,11,2533,66,956.32,94.24,1.0
5028,271,43,2771,542,956.32,82.06,1.0
5029,205,12,2705,410,956.31,117.2,1.0
5030,147,11,2647,294,956.3,112.5,1.0
5031,216,29,2716,432,956.29,80.62,1.0
5032,198,13,2698,396,956.28,109.65,1.0
5033,242,41,2742,484,956.25,75.49,1.0
5034,247,13,2747,494,956.23,110.68,1.0
5035,220,28,2720,440,956.2,83.27,1.0
5036,278,42,2778,556,956.2,96.85,1.0
5037,271,45,2771,542,956.19,83.73,1.0
5038,238,42,2738,476,956.18,73.29,1.0
5039,233,32,2733,466,956.18,85.88,1.0
5040,249,15,2749,498,956.17,120.13,1.0
5041,209,29,2709,418,956.15,78.59,1.0
5042,42,25,2542,84,956.14,61.21,1.0
5043,132,13,2632,264,956.13,99.71,1.0
5044,275,34,2775,550,956.12,90.7,1.0
5045,131,11,2631,262,956.1,111.14,1.0
5046,25,24,2525,50,956.07,68.44,1.0
5047,149,12,2649,298,956.07,112.09,1.0
5048,144,11,2644,288,956.06,98.81,1.0
5049,271,42,2771,542,956.01,80.36,1.0
5050,0,9,2500,0,956.0,76.12,1.0
5051,279,13,2779,558,956.0,127.33,1.0
5052,186,28,2686,372,955.94,86.01,1.0
5053,225,13,2725,450,955.91,120.93,1.0
5054,275,40,2775,550,955.9,82.7,1.0
5055,297,39,2797,594,955.88,90.36,1.0
5056,244,36,2744,488,955.86,85.44,1.0
5057,183,26,2683,366,955.84,84.63,1.0
5058,289,35,2789,578,955.84,83.37,1.0
5059,300,46,2800,600,955.78,94.62,1.0
5060,135,27,2635,270,955.77,74.49,1.0
5061,282,42,2782,564,955.77,86.16,1.0
5062,224,12,2724,448,955.7,126.42,1.0
5063,284,36,2784,568,955.67,82.21,1.0
5064,271,31,2771,542,955.67,87.14,1.0
5065,153,10,2653,306,955.62,110.12,1.0
5066,207,28,2707,414,955.57,81.08,1.0
5067,271,39,2771,542,955.56,79.97,1.0
5068,64,10,2564,128,955.55,93.21,1.0
5069,238,30,2738,476,955.48,81.12,1.0
5070,199,29,2699,398,955.41,83.58,1.0
5071,266,33,2766,532,955.38,83.34,1.0
5072,275,35,2775,550,955.36,85.82,1.0
5073,299,46,2799,598,955.34,82.13,1.0
5074,275,37,2775,550,955.31,87.78,1.0
5075,91,10,2591,182,955.3,102.52,1.0
5076,258,39,2758,516,955.24,88.88,1.0
5077,278,39,2778,556,955.22,86.25,1.0
5078,155,27,2655,310,955.2,84.95,1.0
5079,258,37,2758,516,955.17,80.5,1.0
5080,54,10,2554,108,955.13,90.17,1.0
5081,261,12,2761,522,955.12,128.61,1.0
5082,297,31,2797,594,955.12,96.9,1.0
5083,282,44,2782,564,955.11,91.29,1.0
5084,279,48,2779,558,955.11,77.28,1.0
5085,159,27,2659,318,955.09,84.95,1.0
5086,204,27,2704,408,955.09,83.11,1.0
5087,273,43,2773,546,955.08,87.75,1.0
5088,297,36,2797,594,955.08,88.41,1.0
5089,273,35,2773,546,955.07,83.58,1.0
5090,295,39,2795,590,955.07,90.11,1.0
5091,61,11,2561,122,955.05,83.39,1.0
5092,257,44,2757,514,955.05,82.5,1.0
5093,11,25,2511,22,955.03,56.84,1.0
5094,242,32,2742,484,954.99,77.89,1.0
5095,38,10,2538,76,954.96,81.75,1.0
5096,289,33,2789,578,954.96,91.65,1.0
5097,293,45,2793,586,954.95,91.03,1.0
5098,231,47,2731,462,954.94,76.91,1.0
5099,233,35,2733,466,954.94,84.43,1.0
5100,213,12,2713,426,954.88,126.05,1.0
5101,50,25,2550,100,954.86,65.06,1.0
5102,273,32,2773,546,954.86,84.56,1.0
5103,23,9,2523,46,954.82,83.27,1.0
5104,20,10,2520,40,954.8,74.95,1.0
5105,283,40,2783,566,954.74,89.23,1.0
5106,163,11,2663,326,954.73,125.84,1.0
5107,257,36,2757,514,954.72,88.39,1.0
5108,135,11,2635,270,954.68,107.68,1.0
5109,32,12,2532,64,954.66,80.65,1.0
5110,272,12,2772,544,954.63,127.17,1.0
5111,7,10,2507,14,954.56,77.83,1.0
5112,237,13,2737,474,954.52,133.22,1.0
5113,36,11,2536,72,954.51,75.04,1.0
5114,238,41,2738,476,954.43,75.83,1.0
5115,273,31,2773,546,954.42,76.02,1.0
5116,298,46,2798,596,954.41,89.96,1.0
5117,201,28,2701,402,954.4,89.56,1.0
5118,28,24,2528,56,954.38,59.42,1.0
5119,242,44,2742,484,954.34,87.71,1.0
5120,5,10,2505,10,954.32,82.91,1.0
5121,183,14,2683,366,954.3,111.76,1.0
5122,233,39,2733,466,954.24,84.91,1.0
5123,176,28,2676,352,954.19,78.68,1.0
5124,293,12,2793,586,954.19,144.45,1.0
5125,215,14,2715,430,954.18,112.74,1.0
5126,279,47,2779,558,954.16,84.35,1.0
5127,294,46,2794,588,954.16,85.77,1.0
5128,20,25,2520,40,954.15,65.28,1.0
5129,195,12,2695,390,954.15,117.09,1.0
5130,91,26,2591,182,954.13,76.69,1.0
5131,263,12,2763,526,954.1,118.4,1.0
5132,273,36,2773,546,954.08,84.36,1.0
5133,289,43,2789,578,954.04,86.5,1.0
5134,275,41,2775,550,954.0,86.18,1.0
5135,181,10,2681,362,953.99,115.13,1.0
5136,175,28,2675,350,953.98,79.79,1.0
5137,278,43,2778,556,953.97,85.68,1.0
5138,286,46,2786,572,953.96,92.88,1.0
5139,280,31,2780,560,953.95,89.07,1.0
5140,46,25,2546,92,953.91,68.32,1.0
5141,53,25,2553,106,953.86,64.93,1.0
5142,191,27,2691,382,953.83,78.98,1.0
5143,294,45,2794,588,953.81,94.04,1.0
5144,113,10,2613,226,953.79,96.13,1.0
5145,285,41,2785,570,953.78,92.82,1.0
5146,76,10,2576,152,953.74,97.95,1.0
5147,243,29,2743,486,953.74,81.57,1.0
5148,233,42,2733,466,953.73,75.36,1.0
5149,173,12,2673,346,953.7,103.64,1.0
5150,154,27,2654,308,953.65,81.17,1.0
5151,294,43,2794,588,953.56,82.31,1.0
5152,238,34,2738,476,953.55,77.3,1.0
5153,217,13,2717,434,953.48,110.62,1.0
5154,238,38,2738,476,953.46,73.94,1.0
5155,273,41,2773,546,953.46,82.63,1.0
5156,283,35,2783,566,953.43,95.99,1.0
5157,271,33,2771,542,953.39,81.06,1.0
5158,263,40,2763,526,953.36,78.78,1.0
5159,38,25,2538,76,953.34,62.31,1.0
5160,124,12,2624,248,953.29,102.19,1.0
5161,136,27,2636,272,953.24,75.86,1.0
5162,213,29,2713,426,953.23,76.67,1.0
5163,66,26,2566,132,953.21,77.09,1.0
5164,233,36,2733,466,953.19,81.46,1.0
5165,97,25,2597,194,953.15,74.17,1.0
5166,62,25,2562,124,953.14,70.01,1.0
5167,70,10,2570,140,953.14,90.98,1.0
5168,258,34,2758,516,953.09,81.66,1.0
5169,244,29,2744,488,953.08,88.47,1.0
5170,244,35,2744,488,953.06,85.5,1.0
5171,263,38,2763,526,953.06,83.29,1.0
5172,289,38,2789,578,953.04,93.96,1.0
5173,277,29,2777,554,953.03,103.27,1.0
5174,161,28,2661,322,952.98,80.84,1.0
5175,215,28,2715,430,952.98,82.5,1.0
5176,97,11,2597,194,952.94,92.59,1.0
5177,160,27,2660,320,952.91,73.22,1.0
5178,281,41,2781,562,952.9,80.71,1.0
5179,258,41,2758,516,952.86,89.47,1.0
5180,93,27,2593,186,952.85,69.22,1.0
5181,21,10,2521,42,952.84,80.81,1.0
5182,55,12,2555,110,952.82,93.91,1.0
5183,253,47,2753,506,952.82,83.29,1.0
5184,233,30,2733,466,952.81,82.81,1.0
5185,203,29,2703,406,952.78,76.37,1.0
5186,285,34,2785,570,952.76,88.77,1.0
5187,278,31,2778,556,952.73,91.29,1.0
5188,257,30,2757,514,952.72,84.84,1.0
5189,238,35,2738,476,952.71,75.08,1.0
5190,283,42,2783,566,952.68,101.01,1.0
5191,271,46,2771,542,952.68,83.91,1.0
5192,288,29,2788,576,952.68,90.87,1.0
5193,291,47,2791,582,952.68,91.4,1.0
5194,269,29,2769,538,952.66,88.46,1.0
5195,163,28,2663,326,952.65,84.91,1.0
5196,270,13,2770,540,952.64,118.54,1.0
5197,54,11,2554,108,952.62,91.14,1.0
5198,246,29,2746,492,952.6,88.64,1.0
5199,208,28,2708,416,952.58,84.97,1.0
5200,197,13,2697,394,952.54,119.25,1.0
5201,21,24,2521,42,952.53,63.98,1.0
5202,219,29,2719,438,952.42,74.36,1.0
5203,266,41,2766,532,952.39,85.25,1.0
5204,14,25,2514,28,952.34,62.61,1.0
5205,239,14,2739,478,952.34,112.49,1.0
5206,270,34,2770,540,952.34,87.17,1.0
5207,52,10,2552,104,952.32,90.85,1.0
5208,124,26,2624,248,952.3,75.74,1.0
5209,270,32,2770,540,952.26,87.18,1.0
5210,271,30,2771,542,952.26,77.31,1.0
5211,231,46,2731,462,952.25,75.59,1.0
5212,291,12,2791,582,952.25,122.9,1.0
5213,189,28,2689,378,952.24,75.38,1.0
5214,278,32,2778,556,952.21,95.29,1.0
5215,134,11,2634,268,952.2,105.6,1.0
5216,283,45,2783,566,952.2,92.68,1.0
5217,113,27,2613,226,952.13,74.34,1.0
5218,295,33,2795,590,952.13,91.43,1.0
5219,73,10,2573,146,952.12,101.73,1.0
5220,295,35,2795,590,952.1,92.79,1.0
5221,88,11,2588,176,952.08,80.31,1.0
5222,121,27,2621,242,952.06,76.71,1.0
5223,156,11,2656,312,952.06,103.69,1.0
5224,270,39,2770,540,952.03,82.16,1.0
5225,6,10,2506,12,951.92,66.38,1.0
5226,283,43,2783,566,951.9,101.23,1.0
5227,300,13,2800,600,951.9,127.87,1.0
5228,31,11,2531,62,951.88,78.14,1.0
5229,270,43,2770,540,951.88,88.82,1.0
5230,170,27,2670,340,951.84,76.62,1.0
5231,283,41,2783,566,951.83,94.51,1.0
5232,197,28,2697,394,951.65,80.46,1.0
5233,206,29,2706,412,951.58,88.92,1.0
5234,17,9,2517,34,951.53,73.46,1.0
5235,266,37,2766,532,951.52,79.39,1.0
5236,233,40,2733,466,951.51,79.03,1.0
5237,48,10,2548,96,951.46,97.72,1.0
5238,247,43,2747,494,951.46,78.14,1.0
5239,143,27,2643,286,951.44,72.4,1.0
5240,233,44,2733,466,951.44,90.28,1.0
5241,282,33,2782,564,951.43,88.14,1.0
5242,87,10,2587,174,951.41,82.05,1.0
5243,281,42,2781,562,951.39,88.36,1.0
5244,145,27,2645,290,951.38,73.36,1.0
5245,278,35,2778,556,951.35,96.81,1.0
5246,275,36,2775,550,951.32,88.25,1.0
5247,98,10,2598,196,951.29,93.68,1.0
5248,57,26,2557,114,951.18,61.64,1.0
5249,89,26,2589,178,951.16,66.27,1.0
5250,271,40,2771,542,951.12,90.82,1.0
5251,61,25,2561,122,951.09,66.06,1.0
5252,59,11,2559,118,951.05,96.72,1.0
5253,35,10,2535,70,951.04,88.88,1.0
5254,47,25,2547,94,950.94,55.79,1.0
5255,27,25,2527,54,950.9,65.26,1.0
5256,145,11,2645,290,950.86,115.65,1.0
5257,1,24,2501,2,950.81,59.02,1.0
5258,278,14,2778,556,950.81,129.07,1.0
5259,242,34,2742,484,950.75,72.47,1.0
5260,289,31,2789,578,950.75,86.45,1.0
5261,289,36,2789,578,950.74,89.66,1.0
5262,233,34,2733,466,950.72,77.4,1.0
5263,223,12,2723,446,950.71,115.75,1.0
5264,267,39,2767,534,950.71,103.77,1.0
5265,276,13,2776,552,950.7,141.64,1.0
5266,276,29,2776,552,950.7,97.83,1.0
5267,295,42,2795,590,950.68,97.16,1.0
5268,200,27,2700,400,950.64,88.35,1.0
5269,267,37,2767,534,950.64,96.69,1.0
5270,280,34,2780,560,950.64,95.01,1.0
5271,295,37,2795,590,950.64,90.68,1.0
5272,278,44,2778,556,950.61,100.9,1.0
5273,234,12,2734,468,950.55,123.5,1.0
5274,238,45,2738,476,950.54,78.75,1.0
5275,280,33,2780,560,950.47,97.91,1.0
5276,174,13,2674,348,950.46,117.83,1.0
5277,273,40,2773,546,950.44,83.46,1.0
5278,285,45,2785,570,950.42,92.69,1.0
5279,285,30,2785,570,950.4,94.18,1.0
5280,289,44,2789,578,950.38,94.38,1.0
5281,167,28,2667,334,950.36,70.57,1.0
5282,297,44,2797,594,950.36,93.18,1.0
5283,158,27,2658,316,950.34,76.9,1.0
5284,300,47,2800,600,950.33,89.77,1.0
5285,120,11,2620,240,950.31,105.2,1.0
5286,265,11,2765,530,950.28,118.64,1.0
5287,55,25,2555,110,950.26,64.3,1.0
5288,126,27,2626,252,950.23,80.94,1.0
5289,168,10,2668,336,950.11,128.39,1.0
5290,275,39,2775,550,950.08,88.88,1.0
5291,274,39,2774,548,950.07,82.71,1.0
5292,218,11,2718,436,950.04,120.62,1.0
5293,270,42,2770,540,950.03,83.37,1.0
5294,244,32,2744,488,950.02,80.98,1.0
5295,180,29,2680,360,950.01,69.95,1.0
5296,9,10,2509,18,949.98,76.58,1.0
5297,264,49,2764,528,949.95,90.15,1.0
5298,115,11,2615,230,949.93,94.15,1.0
5299,226,41,2726,452,949.86,84.19,1.0
5300,247,34,2747,494,949.8,81.95,1.0
5301,95,25,2595,190,949.76,70.48,1.0
5302,233,31,2733,466,949.76,79.8,1.0
5303,270,41,2770,540,949.76,88.14,1.0
5304,274,37,2774,548,949.75,78.63,1.0
5305,127,11,2627,254,949.72,104.35,1.0
5306,227,35,2727,454,949.71,84.43,1.0
5307,121,11,2621,242,949.7,109.38,1.0
5308,266,12,2766,532,949.64,121.72,1.0
5309,284,41,2784,568,949.62,87.93,1.0
5310,220,12,2720,440,949.61,118.54,1.0
5311,285,37,2785,570,949.6,84.88,1.0
5312,284,12,2784,568,949.57,132.12,1.0
5313,287,12,2787,574,949.49,134.94,1.0
5314,164,27,2664,328,949.48,80.8,1.0
5315,263,30,2763,526,949.48,81.26,1.0
5316,187,27,2687,374,949.44,77.14,1.0
5317,293,46,2793,586,949.43,88.71,1.0
5318,298,13,2798,596,949.43,136.0,1.0
5319,73,26,2573,146,949.41,77.86,1.0
5320,275,33,2775,550,949.38,87.77,1.0
5321,107,12,2607,214,949.36,91.81,1.0
5322,289,39,2789,578,949.36,95.44,1.0
5323,57,10,2557,114,949.33,88.88,1.0
5324,284,45,2784,568,949.32,94.06,1.0
5325,24,10,2524,48,949.28,77.13,1.0
5326,286,12,2786,572,949.23,126.06,1.0
5327,270,44,2770,540,949.23,86.11,1.0
5328,247,31,2747,494,949.22,72.93,1.0
5329,255,13,2755,510,949.21,122.9,1.0
5330,278,41,2778,556,949.12,88.23,1.0
5331,267,31,2767,534,949.09,97.23,1.0
5332,270,31,2770,540,949.09,94.13,1.0
5333,212,12,2712,424,949.08,108.82,1.0
5334,244,34,2744,488,949.08,84.33,1.0
5335,233,33,2733,466,949.01,81.52,1.0
5336,256,29,2756,512,949.01,90.94,1.0
5337,285,42,2785,570,949.01,84.83,1.0
5338,244,44,2744,488,948.96,84.44,1.0
5339,263,39,2763,526,948.92,80.96,1.0
5340,162,11,2662,324,948.88,109.57,1.0
5341,285,33,2785,570,948.88,89.09,1.0
5342,295,40,2795,590,948.86,86.96,1.0
5343,256,12,2756,512,948.81,121.51,1.0
5344,282,43,2782,564,948.81,87.49,1.0
5345,259,46,2759,518,948.73,78.81,1.0
5346,244,39,2744,488,948.69,86.02,1.0
5347,247,39,2747,494,948.68,77.92,1.0
5348,49,26,2549,98,948.62,65.51,1.0
5349,280,43,2780,560,948.62,90.53,1.0
5350,237,29,2737,474,948.54,87.75,1.0
5351,289,40,2789,578,948.49,93.64,1.0
5352,196,11,2696,392,948.44,116.9,1.0
5353,247,33,2747,494,948.43,81.29,1.0
5354,297,45,2797,594,948.35,89.76,1.0
5355,254,29,2754,508,948.33,88.26,1.0
5356,179,28,2679,358,948.32,74.48,1.0
5357,83,26,2583,166,948.27,72.19,1.0
5358,41,11,2541,82,948.26,82.02,1.0
5359,187,12,2687,374,948.24,111.74,1.0
5360,16,25,2516,32,948.23,66.68,1.0
5361,6,24,2506,12,948.22,54.64,1.0
5362,294,33,2794,588,948.19,97.68,1.0
5363,280,39,2780,560,948.12,94.73,1.0
5364,271,38,2771,542,948.11,83.57,1.0
5365,3,10,2503,6,948.06,77.51,1.0
5366,15,9,2515,30,948.0,72.66,1.0
5367,290,46,2790,580,947.95,86.4,1.0
5368,267,34,2767,534,947.93,94.23,1.0
5369,174,26,2674,348,947.9,94.21,1.0
5370,285,39,2785,570,947.9,83.16,1.0
5371,2,24,2502,4,947.86,59.4,1.0
5372,267,32,2767,534,947.82,95.99,1.0
5373,247,37,2747,494,947.81,79.0,1.0
5374,252,29,2752,504,947.77,91.49,1.0
5375,263,42,2763,526,947.76,84.57,1.0
5376,285,40,2785,570,947.76,79.98,1.0
5377,266,30,2766,532,947.75,84.12,1.0
5378,242,36,2742,484,947.74,79.13,1.0
5379,267,43,2767,534,947.72,93.13,1.0
5380,40,25,2540,80,947.7,63.23,1.0
5381,242,40,2742,484,947.66,78.64,1.0
5382,295,41,2795,590,947.66,93.05,1.0
5383,92,11,2592,184,947.64,87.07,1.0
5384,282,35,2782,564,947.55,90.23,1.0
5385,238,32,2738,476,947.44,75.26,1.0
5386,198,28,2698,396,947.39,80.9,1.0
5387,13,23,2513,26,947.36,60.87,1.0
5388,277,40,2777,554,947.34,92.29,1.0
5389,283,13,2783,566,947.31,134.98,1.0
5390,258,44,2758,516,947.3,80.65,1.0
5391,227,38,2727,454,947.28,80.01,1.0
5392,259,41,2759,518,947.27,82.99,1.0
5393,244,42,2744,488,947.26,82.58,1.0
5394,258,30,2758,516,947.26,78.64,1.0
5395,281,44,2781,562,947.25,86.9,1.0
5396,109,11,2609,218,947.24,95.33,1.0
5397,247,30,2747,494,947.24,77.35,1.0
5398,278,33,2778,556,947.18,94.0,1.0
5399,277,39,2777,554,947.17,94.67,1.0
5400,194,28,2694,388,947.16,77.66,1.0
5401,282,36,2782,564,947.16,86.76,1.0
5402,271,47,2771,542,947.16,82.35,1.0
5403,95,26,2595,190,947.15,71.41,1.0
5404,159,13,2659,318,947.12,105.0,1.0
5405,3,24,2503,6,947.07,60.91,1.0
5406,252,12,2752,504,947.06,129.07,1.0
5407,154,28,2654,308,947.05,76.8,1.0
5408,275,38,2775,550,947.05,93.51,1.0
5409,244,40,2744,488,947.04,75.26,1.0
5410,228,12,2728,456,947.02,126.18,1.0
5411,281,30,2781,562,947.01,85.56,1.0
5412,180,11,2680,360,947.0,117.72,1.0
5413,295,43,2795,590,946.99,88.77,1.0
5414,84,10,2584,168,946.95,91.15,1.0
5415,10,25,2510,20,946.92,60.6,1.0
5416,285,31,2785,570,946.92,87.56,1.0
5417,130,27,2630,260,946.88,73.29,1.0
5418,266,38,2766,532,946.88,82.72,1.0
5419,281,12,2781,562,946.8,131.51,1.0
5420,275,31,2775,550,946.76,86.48,1.0
5421,263,32,2763,526,946.75,85.42,1.0
5422,5,25,2505,10,946.67,62.35,1.0
5423,295,30,2795,590,946.67,97.57,1.0
5424,32,24,2532,64,946.66,74.17,1.0
5425,263,35,2763,526,946.66,85.66,1.0
5426,148,27,2648,296,946.65,83.68,1.0
5427,253,46,2753,506,946.62,79.99,1.0
5428,171,28,2671,342,946.6,77.87,1.0
5429,208,29,2708,416,946.59,77.31,1.0
5430,134,28,2634,268,946.58,80.71,1.0
5431,59,25,2559,118,946.57,65.66,1.0
5432,235,32,2735,470,946.57,77.91,1.0
5433,242,12,2742,484,946.57,118.65,1.0
5434,238,36,2738,476,946.54,71.63,1.0
5435,281,45,2781,562,946.5,82.87,1.0
5436,297,37,2797,594,946.44,92.49,1.0
5437,110,10,2610,220,946.4,98.12,1.0
5438,266,31,2766,532,946.4,86.95,1.0
5439,267,36,2767,534,946.35,103.64,1.0
5440,127,27,2627,254,946.33,77.34,1.0
5441,187,13,2687,374,946.32,102.67,1.0
5442,242,30,2742,484,946.31,77.16,1.0
5443,259,47,2759,518,946.27,87.71,1.0
5444,244,37,2744,488,946.24,78.37,1.0
5445,2,10,2502,4,946.21,71.26,1.0
5446,242,31,2742,484,946.21,83.69,1.0
5447,190,29,2690,380,946.16,73.38,1.0
5448,125,27,2625,250,946.14,78.04,1.0
5449,10,9,2510,20,946.13,71.22,1.0
5450,265,47,2765,530,946.1,92.43,1.0
5451,275,43,2775,550,946.09,84.31,1.0
5452,30,25,2530,60,946.05,59.79,1.0
5453,102,11,2602,204,946.0,104.58,1.0
5454,27,10,2527,54,945.98,77.01,1.0
5455,242,38,2742,484,945.96,78.44,1.0
5456,266,42,2766,532,945.94,89.81,1.0
5457,281,31,2781,562,945.94,85.67,1.0
5458,285,43,2785,570,945.89,88.07,1.0
5459,81,10,2581,162,945.88,91.6,1.0
5460,244,31,2744,488,945.88,89.75,1.0
5461,275,32,2775,550,945.85,93.59,1.0
5462,138,11,2638,276,945.84,106.48,1.0
5463,67,11,2567,134,945.82,87.83,1.0
5464,274,38,2774,548,945.81,94.3,1.0
5465,107,26,2607,214,945.8,71.23,1.0
5466,140,26,2640,280,945.76,74.92,1.0
5467,273,45,2773,546,945.76,87.93,1.0
5468,103,11,2603,206,945.74,115.13,1.0
5469,262,29,2762,524,945.71,85.22,1.0
5470,270,33,2770,540,945.69,74.65,1.0
5471,89,10,2589,178,945.68,98.9,1.0
5472,147,27,2647,294,945.68,74.06,1.0
5473,270,36,2770,540,945.66,87.45,1.0
5474,94,11,2594,188,945.64,97.24,1.0
5475,195,11,2695,390,945.64,112.38,1.0
5476,282,38,2782,564,945.62,89.86,1.0
5477,282,30,2782,564,945.58,89.68,1.0
5478,266,35,2766,532,945.56,83.58,1.0
5479,259,45,2759,518,945.54,86.15,1.0
5480,263,33,2763,526,945.52,80.79,1.0
5481,274,32,2774,548,945.52,89.45,1.0
5482,285,35,2785,570,945.52,92.97,1.0
5483,51,26,2551,102,945.5,72.62,1.0
5484,282,37,2782,564,945.5,92.65,1.0
5485,270,40,2770,540,945.44,82.48,1.0
5486,106,26,2606,212,945.42,80.26,1.0
5487,133,27,2633,266,945.42,75.81,1.0
5488,297,34,2797,594,945.42,91.89,1.0
5489,244,33,2744,488,945.4,85.99,1.0
5490,249,14,2749,498,945.36,114.3,1.0
5491,244,43,2744,488,945.33,83.5,1.0
5492,266,39,2766,532,945.25,87.66,1.0
5493,18,10,2518,36,945.24,68.57,1.0
5494,242,42,2742,484,945.24,80.99,1.0
5495,262,13,2762,524,945.22,120.89,1.0
5496,39,25,2539,78,945.21,66.71,1.0
5497,219,13,2719,438,945.21,121.48,1.0
5498,247,41,2747,494,945.16,75.21,1.0
5499,282,32,2782,564,945.14,85.22,1.0
5500,238,46,2738,476,945.13,78.52,1.0
5501,94,12,2594,188,945.12,99.06,1.0
5502,284,46,2784,568,945.12,80.98,1.0
5503,33,10,2533,66,945.07,84.71,1.0
5504,0,25,2500,0,945.07,59.54,1.0
5505,293,47,2793,586,945.07,98.36,1.0
5506,7,25,2507,14,945.0,65.49,1.0
5507,227,34,2727,454,944.96,83.65,1.0
5508,281,33,2781,562,944.96,84.32,1.0
5509,247,44,2747,494,944.95,81.26,1.0
5510,178,11,2678,356,944.93,109.88,1.0
5511,168,28,2668,336,944.91,91.04,1.0
5512,155,11,2655,310,944.9,102.33,1.0
5513,280,30,2780,560,944.84,100.46,1.0
5514,286,48,2786,572,944.78,91.95,1.0
5515,247,42,2747,494,944.72,82.81,1.0
5516,65,26,2565,130,944.67,65.23,1.0
5517,74,10,2574,148,944.66,95.89,1.0
5518,225,11,2725,450,944.66,121.34,1.0
5519,12,10,2512,24,944.61,82.75,1.0
5520,267,40,2767,534,944.54,98.65,1.0
5521,275,45,2775,550,944.54,91.87,1.0
5522,60,11,2560,120,944.52,88.99,1.0
5523,210,29,2710,420,944.51,84.88,1.0
5524,194,12,2694,388,944.49,106.81,1.0
5525,283,44,2783,566,944.49,86.88,1.0
5526,260,13,2760,520,944.47,129.14,1.0
5527,85,10,2585,170,944.46,102.49,1.0
5528,281,34,2781,562,944.44,92.69,1.0
5529,74,26,2574,148,944.42,73.76,1.0
5530,298,47,2798,596,944.38,95.46,1.0
5531,282,40,2782,564,944.36,94.06,1.0
5532,285,36,2785,570,944.34,88.11,1.0
5533,242,37,2742,484,944.33,76.6,1.0
5534,230,28,2730,460,944.22,78.51,1.0
5535,141,28,2641,282,944.21,75.72,1.0
5536,235,12,2735,470,944.17,115.66,1.0
5537,225,29,2725,450,944.16,90.81,1.0
5538,226,39,2726,452,944.15,83.82,1.0
5539,283,47,2783,566,944.14,89.74,1.0
5540,182,12,2682,364,944.13,103.67,1.0
5541,267,33,2767,534,944.09,96.11,1.0
5542,190,11,2690,380,944.06,118.59,1.0
5543,233,41,2733,466,944.06,79.06,1.0
5544,81,26,2581,162,944.04,73.39,1.0
5545,277,42,2777,554,944.04,87.13,1.0
5546,276,14,2776,552,944.01,142.88,1.0
5547,267,35,2767,534,944.0,88.85,1.0
5548,96,10,2596,192,943.97,103.78,1.0
5549,202,28,2702,404,943.97,92.64,1.0
5550,104,12,2604,208,943.88,97.09,1.0
5551,185,11,2685,370,943.88,131.87,1.0
5552,115,10,2615,230,943.82,97.06,1.0
5553,53,26,2553,106,943.8,65.7,1.0
5554,247,32,2747,494,943.8,77.45,1.0
5555,235,42,2735,470,943.78,82.95,1.0
5556,281,39,2781,562,943.76,89.51,1.0
5557,299,12,2799,598,943.74,138.23,1.0
5558,282,41,2782,564,943.7,92.26,1.0
5559,285,32,2785,570,943.7,88.62,1.0
5560,235,30,2735,470,943.68,78.49,1.0
5561,295,31,2795,590,943.66,88.17,1.0
5562,97,26,2597,194,943.64,70.64,1.0
5563,154,12,2654,308,943.6,109.16,1.0
5564,261,47,2761,522,943.54,85.55,1.0
5565,281,43,2781,562,943.53,90.86,1.0
5566,297,35,2797,594,943.53,87.41,1.0
5567,291,48,2791,582,943.51,85.01,1.0
5568,49,9,2549,98,943.49,82.1,1.0
5569,152,11,2652,304,943.49,110.23,1.0
5570,196,43,2696,392,943.46,71.86,1.0
5571,278,40,2778,556,943.42,89.12,1.0
5572,271,11,2771,542,943.36,129.22,1.0
5573,277,41,2777,554,943.34,98.87,1.0
5574,218,32,2718,436,943.33,78.1,1.0
5575,274,42,2774,548,943.32,93.45,1.0
5576,297,30,2797,594,943.3,90.76,1.0
5577,99,27,2599,198,943.29,66.88,1.0
5578,267,45,2767,534,943.22,97.69,1.0
5579,260,29,2760,520,943.19,85.44,1.0
5580,233,37,2733,466,943.17,86.84,1.0
5581,56,10,2556,112,943.14,90.15,1.0
5582,235,39,2735,470,943.13,80.79,1.0
5583,129,11,2629,258,943.1,105.41,1.0
5584,186,29,2686,372,943.07,86.44,1.0
5585,227,43,2727,454,943.04,84.33,1.0
5586,278,45,2778,556,943.04,109.41,1.0
5587,8,25,2508,16,943.02,64.87,1.0
5588,267,30,2767,534,943.02,100.09,1.0
5589,283,46,2783,566,942.95,106.69,1.0
5590,72,10,2572,144,942.92,87.98,1.0
5591,267,44,2767,534,942.88,102.85,1.0
5592,263,44,2763,526,942.88,83.26,1.0
5593,227,39,2727,454,942.85,90.32,1.0
5594,80,25,2580,160,942.84,71.07,1.0
5595,259,48,2759,518,942.84,92.41,1.0
5596,218,44,2718,436,942.82,82.7,1.0
5597,110,27,2610,220,942.77,67.57,1.0
5598,270,37,2770,540,942.72,86.64,1.0
5599,90,27,2590,180,942.66,68.42,1.0
5600,289,14,2789,578,942.55,128.43,1.0
5601,69,11,2569,138,942.54,85.67,1.0
5602,277,35,2777,554,942.54,91.51,1.0
5603,235,38,2735,470,942.51,77.4,1.0
5604,255,32,2755,510,942.39,83.67,1.0
5605,259,11,2759,518,942.34,142.3,1.0
5606,297,41,2797,594,942.34,94.51,1.0
5607,115,27,2615,230,942.33,74.44,1.0
5608,244,41,2744,488,942.33,86.91,1.0
5609,99,10,2599,198,942.32,94.05,1.0
5610,216,11,2716,432,942.28,126.22,1.0
5611,269,36,2769,538,942.27,79.34,1.0
5612,25,25,2525,50,942.22,58.81,1.0
5613,295,38,2795,590,942.22,94.61,1.0
5614,116,27,2616,232,942.1,74.34,1.0
5615,297,42,2797,594,942.06,90.89,1.0
5616,228,29,2728,456,942.05,82.5,1.0
5617,277,31,2777,554,942.04,89.15,1.0
5618,35,25,2535,70,942.02,62.89,1.0
5619,104,27,2604,208,942.02,71.3,1.0
5620,281,40,2781,562,942.0,85.06,1.0
5621,267,41,2767,534,941.97,100.92,1.0
5622,270,38,2770,540,941.97,90.52,1.0
5623,227,37,2727,454,941.96,83.41,1.0
5624,156,28,2656,312,941.94,76.31,1.0
5625,58,10,2558,116,941.92,84.52,1.0
5626,233,38,2733,466,941.92,78.87,1.0
5627,19,10,2519,38,941.89,79.85,1.0
5628,295,34,2795,590,941.88,95.88,1.0
5629,214,11,2714,428,941.86,128.58,1.0
5630,295,36,2795,590,941.85,88.74,1.0
5631,297,33,2797,594,941.84,83.83,1.0
5632,41,25,2541,82,941.72,67.1,1.0
5633,281,37,2781,562,941.7,92.34,1.0
5634,28,10,2528,56,941.69,81.03,1.0
5635,265,46,2765,530,941.69,87.47,1.0
5636,242,33,2742,484,941.68,82.47,1.0
5637,242,43,2742,484,941.68,85.7,1.0
5638,244,45,2744,488,941.68,76.56,1.0
5639,227,36,2727,454,941.66,88.72,1.0
5640,261,46,2761,522,941.64,87.39,1.0
5641,251,37,2751,502,941.61,80.71,1.0
5642,289,45,2789,578,941.6,88.72,1.0
5643,86,10,2586,172,941.58,96.07,1.0
5644,96,27,2596,192,941.58,72.79,1.0
5645,281,35,2781,562,941.52,79.07,1.0
5646,226,38,2726,452,941.47,86.31,1.0
5647,286,47,2786,572,941.44,95.82,1.0
5648,251,35,2751,502,941.38,87.04,1.0
5649,277,38,2777,554,941.38,94.5,1.0
5650,270,45,2770,540,941.38,91.74,1.0
5651,215,13,2715,430,941.33,121.64,1.0
5652,235,36,2735,470,941.28,81.58,1.0
5653,299,47,2799,598,941.23,84.83,1.0
5654,283,32,2783,566,941.2,92.55,1.0
5655,18,25,2518,36,941.18,63.96,1.0
5656,294,47,2794,588,941.15,88.28,1.0
5657,26,25,2526,52,941.12,66.88,1.0
5658,15,25,2515,30,941.1,65.52,1.0
5659,272,42,2772,544,941.1,86.1,1.0
5660,79,10,2579,158,941.08,105.05,1.0
5661,183,27,2683,366,941.07,84.17,1.0
5662,30,11,2530,60,941.04,77.19,1.0
5663,214,29,2714,428,941.04,83.6,1.0
5664,255,34,2755,510,941.04,85.48,1.0
5665,282,45,2782,564,940.98,91.7,1.0
5666,280,41,2780,560,940.98,92.19,1.0
5667,204,28,2704,408,940.97,81.77,1.0
5668,134,10,2634,268,940.95,113.45,1.0
5669,222,12,2722,444,940.94,113.53,1.0
5670,277,33,2777,554,940.94,92.73,1.0
5671,36,25,2536,72,940.9,63.51,1.0
5672,235,31,2735,470,940.87,82.64,1.0
5673,93,10,2593,186,940.86,94.96,1.0
5674,257,47,2757,514,940.86,94.57,1.0
5675,227,41,2727,454,940.85,92.35,1.0
5676,262,44,2762,524,940.82,77.92,1.0
5677,149,28,2649,298,940.81,77.87,1.0
5678,274,31,2774,548,940.81,88.4,1.0
5679,257,46,2757,514,940.8,90.02,1.0
5680,276,33,2776,552,940.7,102.44,1.0
5681,88,10,2588,176,940.68,90.97,1.0
5682,270,30,2770,540,940.67,90.04,1.0
5683,268,29,2768,536,940.66,100.13,1.0
5684,290,47,2790,580,940.65,86.75,1.0
5685,255,31,2755,510,940.55,84.66,1.0
5686,108,27,2608,216,940.54,65.15,1.0
5687,201,12,2701,402,940.54,110.46,1.0
5688,234,29,2734,468,940.52,82.9,1.0
5689,51,10,2551,102,940.46,85.48,1.0
5690,31,25,2531,62,940.44,65.02,1.0
5691,176,11,2676,352,940.44,115.8,1.0
5692,227,31,2727,454,940.44,84.41,1.0
5693,146,28,2646,292,940.4,77.26,1.0
5694,253,11,2753,506,940.39,123.08,1.0
5695,255,44,2755,510,940.37,82.13,1.0
5696,218,30,2718,436,940.36,77.92,1.0
5697,267,42,2767,534,940.36,93.82,1.0
5698,249,29,2749,498,940.34,78.32,1.0
5699,280,42,2780,560,940.33,96.29,1.0
5700,253,48,2753,506,940.29,88.66,1.0
5701,245,13,2745,490,940.25,123.14,1.0
5702,181,29,2681,362,940.18,85.41,1.0
5703,262,39,2762,524,940.18,79.17,1.0
5704,296,42,2796,592,940.12,88.9,1.0
5705,22,26,2522,44,940.11,60.29,1.0
5706,227,40,2727,454,940.1,84.13,1.0
5707,229,12,2729,458,940.04,134.4,1.0
5708,189,11,2689,378,939.99,106.44,1.0
5709,175,11,2675,350,939.98,129.57,1.0
5710,263,36,2763,526,939.98,82.29,1.0
5711,274,30,2774,548,939.97,92.64,1.0
5712,287,47,2787,574,939.96,87.62,1.0
5713,251,12,2751,502,939.95,130.78,1.0
5714,218,33,2718,436,939.94,72.57,1.0
5715,236,12,2736,472,939.91,118.59,1.0
5716,235,43,2735,470,939.9,85.5,1.0
5717,277,43,2777,554,939.84,91.98,1.0
5718,130,10,2630,260,939.78,107.06,1.0
5719,114,10,2614,228,939.74,99.4,1.0
5720,274,44,2774,548,939.74,87.82,1.0
5721,42,11,2542,84,939.73,83.4,1.0
5722,266,32,2766,532,939.7,85.88,1.0
5723,240,29,2740,480,939.68,92.23,1.0
5724,142,28,2642,284,939.57,73.79,1.0
5725,233,12,2733,466,939.57,124.1,1.0
5726,196,41,2696,392,939.56,68.73,1.0
5727,256,40,2756,512,939.49,87.78,1.0
5728,241,11,2741,482,939.48,122.89,1.0
5729,256,33,2756,512,939.46,84.02,1.0
5730,12,25,2512,24,939.45,62.82,1.0
5731,132,27,2632,264,939.45,64.22,1.0
5732,114,11,2614,228,939.44,102.5,1.0
5733,226,31,2726,452,939.36,84.19,1.0
5734,287,48,2787,574,939.36,89.36,1.0
5735,297,38,2797,594,939.36,93.73,1.0
5736,242,35,2742,484,939.26,86.95,1.0
5737,11,9,2511,22,939.24,76.81,1.0
5738,210,12,2710,420,939.21,113.27,1.0
5739,182,28,2682,364,939.18,83.96,1.0
5740,277,45,2777,554,939.16,99.05,1.0
5741,262,31,2762,524,939.14,85.5,1.0
5742,295,44,2795,590,939.09,91.9,1.0
5743,158,12,2658,316,939.08,101.96,1.0
5744,68,11,2568,136,939.06,83.66,1.0
5745,242,39,2742,484,939.06,80.06,1.0
5746,274,33,2774,548,939.06,86.02,1.0
5747,218,31,2718,436,939.0,81.78,1.0
5748,277,37,2777,554,939.0,89.86,1.0
5749,137,28,2637,274,938.98,74.87,1.0
5750,39,10,2539,78,938.92,82.34,1.0
5751,266,40,2766,532,938.92,90.62,1.0
5752,184,29,2684,368,938.86,70.34,1.0
5753,263,31,2763,526,938.86,86.55,1.0
5754,192,13,2692,384,938.74,127.81,1.0
5755,138,10,2638,276,938.73,107.76,1.0
5756,282,31,2782,564,938.71,96.15,1.0
5757,262,35,2762,524,938.69,86.72,1.0
5758,75,27,2575,150,938.66,61.97,1.0
5759,102,27,2602,204,938.66,75.1,1.0
5760,8,9,2508,16,938.63,76.7,1.0
5761,192,28,2692,384,938.62,84.28,1.0
5762,131,28,2631,262,938.6,72.49,1.0
5763,20,9,2520,40,938.58,71.25,1.0
5764,251,39,2751,502,938.58,81.06,1.0
5765,241,44,2741,482,938.52,80.04,1.0
5766,9,25,2509,18,938.48,73.84,1.0
5767,62,26,2562,124,938.44,64.62,1.0
5768,232,30,2732,464,938.44,88.0,1.0
5769,251,30,2751,502,938.42,84.68,1.0
5770,123,10,2623,246,938.41,105.76,1.0
5771,258,11,2758,516,938.39,136.89,1.0
5772,264,50,2764,528,938.37,89.96,1.0
5773,241,45,2741,482,938.36,75.28,1.0
5774,282,39,2782,564,938.34,84.2,1.0
5775,280,36,2780,560,938.34,89.69,1.0
5776,111,26,2611,222,938.31,69.98,1.0
5777,87,27,2587,174,938.25,65.57,1.0
5778,277,30,2777,554,938.24,95.8,1.0
5779,235,40,2735,470,938.23,77.54,1.0
5780,81,27,2581,162,938.15,66.21,1.0
5781,226,36,2726,452,938.14,80.58,1.0
5782,263,43,2763,526,938.12,84.49,1.0
5783,239,29,2739,478,938.07,85.73,1.0
5784,263,34,2763,526,938.04,79.35,1.0
5785,226,32,2726,452,938.01,79.17,1.0
5786,241,34,2741,482,937.96,77.08,1.0
5787,229,29,2729,458,937.95,87.27,1.0
5788,193,11,2693,386,937.91,124.27,1.0
5789,140,12,2640,280,937.78,106.36,1.0
5790,170,11,2670,340,937.77,119.5,1.0
5791,277,44,2777,554,937.76,103.02,1.0
5792,132,11,2632,264,937.75,105.67,1.0
5793,272,35,2772,544,937.75,93.86,1.0
5794,207,12,2707,414,937.74,109.24,1.0
5795,203,30,2703,406,937.73,84.62,1.0
5796,256,39,2756,512,937.69,78.8,1.0
5797,269,39,2769,538,937.69,80.11,1.0
5798,43,26,2543,86,937.65,70.41,1.0
5799,242,45,2742,484,937.62,81.56,1.0
5800,294,12,2794,588,937.59,131.52,1.0
5801,41,10,2541,82,937.58,86.22,1.0
5802,148,12,2648,296,937.58,101.9,1.0
5803,258,45,2758,516,937.58,79.97,1.0
5804,238,47,2738,476,937.56,80.52,1.0
5805,258,46,2758,516,937.56,88.76,1.0
5806,169,12,2669,338,937.53,119.54,1.0
5807,274,35,2774,548,937.51,79.59,1.0
5808,222,29,2722,444,937.49,86.42,1.0
5809,296,36,2796,592,937.44,86.19,1.0
5810,13,24,2513,26,937.43,60.58,1.0
5811,203,39,2703,406,937.43,82.75,1.0
5812,280,37,2780,560,937.41,97.4,1.0
5813,151,11,2651,302,937.37,107.03,1.0
5814,280,38,2780,560,937.37,95.57,1.0
5815,160,28,2660,320,937.34,69.68,1.0
5816,251,33,2751,502,937.32,80.84,1.0
5817,251,43,2751,502,937.31,78.29,1.0
5818,239,13,2739,478,937.3,117.95,1.0
5819,195,29,2695,390,937.25,76.72,1.0
5820,272,43,2772,544,937.24,93.88,1.0
5821,227,33,2727,454,937.21,82.85,1.0
5822,37,26,2537,74,937.2,69.4,1.0
5823,191,12,2691,382,937.2,111.28,1.0
5824,235,34,2735,470,937.2,79.45,1.0
5825,241,37,2741,482,937.17,80.01,1.0
5826,269,32,2769,538,937.17,82.16,1.0
5827,153,28,2653,306,937.16,81.72,1.0
5828,280,44,2780,560,937.16,97.01,1.0
5829,289,47,2789,578,937.15,90.88,1.0
5830,227,30,2727,454,937.11,80.35,1.0
5831,247,40,2747,494,937.11,77.2,1.0
5832,152,27,2652,304,937.08,88.39,1.0
5833,78,10,2578,156,937.06,89.77,1.0
5834,247,35,2747,494,937.04,75.45,1.0
5835,85,27,2585,170,936.99,69.74,1.0
5836,232,39,2732,464,936.98,93.39,1.0
5837,263,41,2763,526,936.92,78.51,1.0
5838,299,48,2799,598,936.92,86.99,1.0
5839,161,10,2661,322,936.9,110.4,1.0
5840,94,26,2594,188,936.88,72.65,1.0
5841,166,10,2666,332,936.83,109.86,1.0
5842,277,36,2777,554,936.82,98.45,1.0
5843,274,43,2774,548,936.81,95.59,1.0
5844,63,26,2563,126,936.77,69.79,1.0
5845,28,25,2528,56,936.76,59.25,1.0
5846,133,11,2633,266,936.76,93.85,1.0
5847,131,10,2631,262,936.74,106.62,1.0
5848,54,26,2554,108,936.71,67.38,1.0
5849,255,38,2755,510,936.62,80.89,1.0
5850,255,41,2755,510,936.6,87.67,1.0
5851,274,36,2774,548,936.59,88.24,1.0
5852,193,29,2693,386,936.56,90.24,1.0
5853,255,45,2755,510,936.55,79.1,1.0
5854,296,45,2796,592,936.55,92.74,1.0
5855,281,32,2781,562,936.53,90.98,1.0
5856,47,26,2547,94,936.48,64.29,1.0
5857,108,11,2608,216,936.39,108.16,1.0
5858,139,9,2639,278,936.38,109.72,1.0
5859,233,46,2733,466,936.32,76.79,1.0
5860,275,46,2775,550,936.28,85.12,1.0
5861,76,27,2576,152,936.27,67.74,1.0
5862,251,34,2751,502,936.27,75.54,1.0
5863,128,10,2628,256,936.26,95.71,1.0
5864,280,40,2780,560,936.25,98.9,1.0
5865,26,9,2526,52,936.19,82.51,1.0
5866,297,13,2797,594,936.19,143.54,1.0
5867,272,41,2772,544,936.18,85.16,1.0
5868,111,11,2611,222,936.17,91.39,1.0
5869,251,38,2751,502,936.16,79.76,1.0
5870,268,13,2768,536,936.15,121.43,1.0
5871,241,41,2741,482,936.14,75.33,1.0
5872,58,26,2558,116,936.11,67.38,1.0
5873,212,29,2712,424,936.05,84.83,1.0
5874,267,38,2767,534,936.04,98.33,1.0
5875,157,29,2657,314,936.01,79.18,1.0
5876,241,31,2741,482,936.0,77.84,1.0
5877,124,11,2624,248,935.96,103.26,1.0
5878,191,28,2691,382,935.96,75.71,1.0
5879,218,40,2718,436,935.94,80.66,1.0
5880,247,12,2747,494,935.87,122.81,1.0
5881,47,10,2547,94,935.84,91.03,1.0
5882,203,38,2703,406,935.84,79.53,1.0
5883,226,42,2726,452,935.84,80.48,1.0
5884,262,33,2762,524,935.84,84.24,1.0
5885,281,38,2781,562,935.84,86.49,1.0
5886,43,9,2543,86,935.81,92.02,1.0
5887,277,34,2777,554,935.8,90.03,1.0
5888,275,47,2775,550,935.79,86.85,1.0
5889,186,10,2686,372,935.78,113.6,1.0
5890,16,9,2516,32,935.75,79.52,1.0
5891,71,27,2571,142,935.74,69.82,1.0
5892,4,9,2504,8,935.68,73.67,1.0
5893,233,45,2733,466,935.67,89.23,1.0
5894,296,39,2796,592,935.66,96.32,1.0
5895,197,12,2697,394,935.6,113.21,1.0
5896,266,44,2766,532,935.59,85.15,1.0
5897,203,41,2703,406,935.55,78.32,1.0
5898,251,36,2751,502,935.51,79.09,1.0
5899,256,38,2756,512,935.44,86.47,1.0
5900,231,48,2731,462,935.42,78.19,1.0
5901,166,29,2666,332,935.38,75.0,1.0
5902,50,26,2550,100,935.36,66.45,1.0
5903,266,36,2766,532,935.36,89.57,1.0
5904,255,39,2755,510,935.3,76.05,1.0
5905,203,42,2703,406,935.24,81.94,1.0
5906,281,36,2781,562,935.24,93.99,1.0
5907,29,10,2529,58,935.2,73.67,1.0
5908,226,33,2726,452,935.2,88.14,1.0
5909,266,43,2766,532,935.2,83.99,1.0
5910,288,34,2788,576,935.2,91.94,1.0
5911,31,10,2531,62,935.19,84.33,1.0
5912,296,43,2796,592,935.19,92.77,1.0
5913,244,46,2744,488,935.18,88.69,1.0
5914,262,32,2762,524,935.18,79.9,1.0
5915,235,45,2735,470,935.08,71.79,1.0
5916,83,10,2583,166,935.07,94.8,1.0
5917,143,11,2643,286,934.99,120.97,1.0
5918,276,37,2776,552,934.99,96.13,1.0
5919,241,43,2741,482,934.98,81.49,1.0
5920,211,12,2711,422,934.96,131.8,1.0
5921,218,42,2718,436,934.96,85.11,1.0
5922,64,26,2564,128,934.95,70.23,1.0
5923,256,35,2756,512,934.92,91.99,1.0
5924,235,35,2735,470,934.9,85.95,1.0
5925,77,9,2577,154,934.89,84.48,1.0
5926,196,38,2696,392,934.88,75.21,1.0
5927,293,48,2793,586,934.84,94.3,1.0
5928,280,32,2780,560,934.8,90.25,1.0
5929,272,30,2772,544,934.8,92.01,1.0
5930,295,45,2795,590,934.8,93.53,1.0
5931,204,12,2704,408,934.78,112.66,1.0
5932,52,26,2552,104,934.72,68.35,1.0
5933,251,31,2751,502,934.72,79.58,1.0
5934,251,32,2751,502,934.68,89.69,1.0
5935,246,35,2746,492,934.66,79.9,1.0
5936,256,32,2756,512,934.66,81.43,1.0
5937,246,32,2746,492,934.63,87.27,1.0
5938,227,45,2727,454,934.61,80.32,1.0
5939,196,36,2696,392,934.6,77.45,1.0
5940,251,44,2751,502,934.58,83.08,1.0
5941,56,26,2556,112,934.56,70.84,1.0
5942,218,37,2718,436,934.56,82.41,1.0
5943,13,10,2513,26,934.54,73.94,1.0
5944,95,11,2595,190,934.54,99.55,1.0
5945,269,42,2769,538,934.52,81.49,1.0
5946,300,48,2800,600,934.52,95.6,1.0
5947,262,30,2762,524,934.5,81.61,1.0
5948,226,30,2726,452,934.49,83.24,1.0
5949,1,10,2501,2,934.48,67.37,1.0
5950,218,41,2718,436,934.48,77.88,1.0
5951,255,37,2755,510,934.45,94.55,1.0
5952,284,11,2784,568,934.44,124.57,1.0
5953,109,27,2609,218,934.43,79.08,1.0
5954,4,25,2504,8,934.4,63.04,1.0
5955,209,11,2709,418,934.4,117.64,1.0
5956,255,42,2755,510,934.34,82.01,1.0
5957,206,11,2706,412,934.32,119.05,1.0
5958,256,42,2756,512,934.3,81.06,1.0
5959,218,43,2718,436,934.27,78.53,1.0
5960,203,44,2703,406,934.23,80.74,1.0
5961,53,10,2553,106,934.22,85.25,1.0
5962,155,28,2655,310,934.22,82.09,1.0
5963,229,38,2729,458,934.2,81.55,1.0
5964,256,31,2756,512,934.17,88.39,1.0
5965,120,27,2620,240,934.09,73.63,1.0
5966,262,43,2762,524,934.08,82.93,1.0
5967,218,38,2718,436,934.02,78.02,1.0
5968,236,30,2736,472,934.02,91.12,1.0
5969,224,34,2724,448,934.0,87.54,1.0
5970,262,38,2762,524,934.0,85.03,1.0
5971,218,34,2718,436,933.99,87.54,1.0
5972,279,49,2779,558,933.88,86.31,1.0
5973,182,11,2682,364,933.78,112.56,1.0
5974,258,47,2758,516,933.78,87.24,1.0
5975,75,10,2575,150,933.72,86.71,1.0
5976,105,27,2605,210,933.71,72.0,1.0
5977,272,37,2772,544,933.68,87.87,1.0
5978,232,38,2732,464,933.66,86.49,1.0
5979,269,45,2769,538,933.62,78.24,1.0
5980,291,49,2791,582,933.54,97.74,1.0
5981,256,43,2756,512,933.52,85.06,1.0
5982,247,36,2747,494,933.51,78.05,1.0
5983,72,27,2572,144,933.5,69.07,1.0
5984,255,36,2755,510,933.45,85.65,1.0
5985,251,40,2751,502,933.44,78.04,1.0
5986,255,43,2755,510,933.44,87.47,1.0
5987,256,34,2756,512,933.42,83.48,1.0
5988,269,44,2769,538,933.42,81.91,1.0
5989,296,14,2796,592,933.41,131.44,1.0
5990,221,37,2721,442,933.38,69.84,1.0
5991,217,12,2717,434,933.37,111.17,1.0
5992,18,9,2518,36,933.34,72.5,1.0
5993,137,10,2637,274,933.34,107.05,1.0
5994,271,48,2771,542,933.33,83.99,1.0
5995,227,44,2727,454,933.32,80.42,1.0
5996,299,49,2799,598,933.32,87.04,1.0
5997,246,38,2746,492,933.3,84.28,1.0
5998,274,41,2774,548,933.28,84.56,1.0
5999,221,41,2721,442,933.27,80.18,1.0
6000,226,44,2726,452,933.25,87.71,1.0
6001,7,9,2507,14,933.24,75.42,1.0
6002,262,37,2762,524,933.24,85.98,1.0
6003,160,11,2660,320,933.23,99.13,1.0
6004,235,37,2735,470,933.2,86.77,1.0
6005,269,37,2769,538,933.1,73.71,1.0
6006,254,41,2754,508,933.09,81.69,1.0
6007,296,30,2796,592,933.07,95.25,1.0
6008,246,41,2746,492,933.06,85.04,1.0
6009,290,12,2790,580,933.03,139.14,1.0
6010,235,44,2735,470,933.01,79.79,1.0
6011,140,11,2640,280,933.0,108.2,1.0
6012,196,42,2696,392,932.95,72.81,1.0
6013,256,36,2756,512,932.92,83.01,1.0
6014,171,11,2671,342,932.9,102.18,1.0
6015,280,35,2780,560,932.89,89.89,1.0
6016,209,36,2709,418,932.87,79.27,1.0
6017,158,28,2658,316,932.81,77.52,1.0
6018,84,26,2584,168,932.8,68.78,1.0
6019,255,40,2755,510,932.8,82.56,1.0
6020,280,45,2780,560,932.78,94.4,1.0
6021,103,27,2603,206,932.76,77.33,1.0
6022,221,40,2721,442,932.76,72.48,1.0
6023,127,10,2627,254,932.75,99.63,1.0
6024,203,43,2703,406,932.75,76.47,1.0
6025,34,25,2534,68,932.71,67.05,1.0
6026,125,11,2625,250,932.71,100.03,1.0
6027,180,10,2680,360,932.7,121.56,1.0
6028,295,13,2795,590,932.67,129.87,1.0
6029,235,41,2735,470,932.66,84.39,1.0
6030,275,48,2775,550,932.66,88.84,1.0
6031,118,9,2618,236,932.52,97.45,1.0
6032,245,43,2745,490,932.52,87.24,1.0
6033,241,33,2741,482,932.48,76.44,1.0
6034,238,11,2738,476,932.38,140.46,1.0
6035,207,13,2707,414,932.37,114.89,1.0
6036,251,41,2751,502,932.35,86.52,1.0
6037,196,34,2696,392,932.34,77.72,1.0
6038,112,27,2612,224,932.26,71.86,1.0
6039,273,46,2773,546,932.26,88.99,1.0
6040,254,43,2754,508,932.22,79.48,1.0
6041,162,10,2662,324,932.19,110.35,1.0
6042,266,45,2766,532,932.18,91.31,1.0
6043,227,42,2727,454,932.16,84.8,1.0
6044,296,35,2796,592,932.15,100.78,1.0
6045,265,49,2765,530,932.12,93.88,1.0
6046,40,10,2540,80,932.11,88.76,1.0
6047,246,31,2746,492,932.1,85.37,1.0
6048,169,28,2669,338,932.09,89.36,1.0
6049,232,35,2732,464,932.06,92.7,1.0
6050,67,26,2567,134,932.05,74.04,1.0
6051,246,34,2746,492,932.03,80.44,1.0
6052,296,44,2796,592,932.03,90.47,1.0
6053,296,40,2796,592,931.96,94.43,1.0
6054,232,40,2732,464,931.9,86.91,1.0
6055,241,39,2741,482,931.9,78.33,1.0
6056,209,34,2709,418,931.83,84.58,1.0
6057,265,48,2765,530,931.81,92.88,1.0
6058,289,46,2789,578,931.75,89.72,1.0
6059,196,45,2696,392,931.74,72.89,1.0
6060,289,13,2789,578,931.74,136.25,1.0
6061,264,11,2764,528,931.73,119.95,1.0
6062,79,27,2579,158,931.72,72.1,1.0
6063,247,38,2747,494,931.72,78.67,1.0
6064,269,38,2769,538,931.71,81.52,1.0
6065,189,29,2689,378,931.69,77.71,1.0
6066,269,41,2769,538,931.65,85.11,1.0
6067,262,42,2762,524,931.58,78.97,1.0
6068,20,26,2520,40,931.56,60.5,1.0
6069,32,11,2532,64,931.54,79.87,1.0
6070,232,43,2732,464,931.54,90.81,1.0
6071,150,28,2650,300,931.52,82.36,1.0
6072,151,28,2651,302,931.51,75.82,1.0
6073,243,36,2743,486,931.48,80.44,1.0
6074,269,31,2769,538,931.46,79.63,1.0
6075,276,31,2776,552,931.44,98.35,1.0
6076,114,28,2614,228,931.43,65.44,1.0
6077,143,28,2643,286,931.43,75.36,1.0
6078,278,13,2778,556,931.36,136.65,1.0
6079,77,27,2577,154,931.3,71.86,1.0
6080,270,12,2770,540,931.29,128.74,1.0
6081,104,11,2604,208,931.28,96.09,1.0
6082,109,10,2609,218,931.27,105.27,1.0
6083,232,41,2732,464,931.25,93.46,1.0
6084,198,12,2698,396,931.23,119.86,1.0
6085,196,35,2696,392,931.21,69.72,1.0
6086,241,35,2741,482,931.21,79.42,1.0
6087,44,27,2544,88,931.2,59.45,1.0
6088,164,28,2664,328,931.2,81.2,1.0
6089,44,9,2544,88,931.16,87.11,1.0
6090,14,9,2514,28,931.16,85.2,1.0
6091,290,48,2790,580,931.16,82.85,1.0
6092,262,34,2762,524,931.14,84.67,1.0
6093,228,11,2728,456,931.1,125.94,1.0
6094,65,10,2565,130,931.09,90.19,1.0
6095,196,33,2696,392,931.07,73.14,1.0
6096,196,39,2696,392,931.06,74.48,1.0
6097,274,45,2774,548,931.06,92.51,1.0
6098,139,29,2639,278,931.04,77.45,1.0
6099,213,39,2713,426,930.97,82.51,1.0
6100,140,27,2640,280,930.96,69.97,1.0
6101,250,38,2750,500,930.95,89.76,1.0
6102,256,44,2756,512,930.95,83.91,1.0
6103,113,28,2613,226,930.94,72.56,1.0
6104,149,11,2649,298,930.9,117.95,1.0
6105,196,30,2696,392,930.88,77.31,1.0
6106,250,31,2750,500,930.84,88.39,1.0
6107,48,26,2548,96,930.78,67.54,1.0
6108,184,10,2684,368,930.71,106.88,1.0
6109,232,34,2732,464,930.66,93.42,1.0
6110,287,11,2787,574,930.66,126.64,1.0
6111,205,29,2705,410,930.64,92.65,1.0
6112,227,32,2727,454,930.63,79.38,1.0
6113,263,45,2763,526,930.61,75.7,1.0
6114,218,36,2718,436,930.59,83.95,1.0
6115,25,9,2525,50,930.56,77.26,1.0
6116,224,41,2724,448,930.56,81.48,1.0
6117,92,27,2592,184,930.54,67.93,1.0
6118,245,38,2745,490,930.54,88.72,1.0
6119,200,13,2700,400,930.52,125.0,1.0
6120,260,33,2760,520,930.52,88.88,1.0
6121,203,40,2703,406,930.51,78.69,1.0
6122,246,44,2746,492,930.51,83.14,1.0
6123,107,11,2607,214,930.5,91.69,1.0
6124,92,10,2592,184,930.49,85.29,1.0
6125,168,29,2668,336,930.46,85.21,1.0
6126,236,44,2736,472,930.44,89.02,1.0
6127,241,32,2741,482,930.43,83.17,1.0
6128,245,33,2745,490,930.4,85.86,1.0
6129,254,14,2754,508,930.38,122.85,1.0
6130,250,40,2750,500,930.38,85.85,1.0
6131,100,27,2600,200,930.37,67.32,1.0
6132,292,43,2792,584,930.35,92.83,1.0
6133,62,10,2562,124,930.33,81.06,1.0
6134,226,43,2726,452,930.26,81.25,1.0
6135,250,32,2750,500,930.26,92.87,1.0
6136,37,9,2537,74,930.25,86.44,1.0
6137,276,34,2776,552,930.25,96.83,1.0
6138,29,25,2529,58,930.22,66.99,1.0
6139,226,45,2726,452,930.22,84.42,1.0
6140,267,11,2767,534,930.2,132.21,1.0
6141,276,42,2776,552,930.19,91.37,1.0
6142,107,27,2607,214,930.16,70.18,1.0
6143,235,33,2735,470,930.16,87.37,1.0
6144,276,35,2776,552,930.16,102.95,1.0
6145,194,29,2694,388,930.15,79.8,1.0
6146,232,44,2732,464,930.15,85.51,1.0
6147,226,34,2726,452,930.14,86.91,1.0
6148,269,35,2769,538,930.12,83.81,1.0
6149,256,37,2756,512,930.09,88.2,1.0
6150,57,27,2557,114,930.06,70.55,1.0
6151,167,10,2667,334,930.02,113.8,1.0
6152,196,40,2696,392,929.98,75.81,1.0
6153,243,42,2743,486,929.96,84.69,1.0
6154,112,12,2612,224,929.91,93.06,1.0
6155,243,30,2743,486,929.9,83.52,1.0
6156,211,29,2711,422,929.88,73.55,1.0
6157,118,28,2618,236,929.87,66.77,1.0
6158,232,33,2732,464,929.83,88.46,1.0
6159,55,11,2555,110,929.82,93.8,1.0
6160,257,48,2757,514,929.82,93.43,1.0
6161,203,11,2703,406,929.76,119.59,1.0
6162,206,30,2706,412,929.72,83.89,1.0
6163,285,47,2785,570,929.72,91.48,1.0
6164,296,33,2796,592,929.71,90.29,1.0
6165,251,42,2751,502,929.7,80.57,1.0
6166,236,39,2736,472,929.69,92.98,1.0
6167,288,43,2788,576,929.69,88.36,1.0
6168,278,46,2778,556,929.65,92.59,1.0
6169,70,9,2570,140,929.64,90.15,1.0
6170,141,10,2641,282,929.61,101.6,1.0
6171,296,32,2796,592,929.61,95.16,1.0
6172,261,48,2761,522,929.57,91.14,1.0
6173,230,12,2730,460,929.55,116.35,1.0
6174,260,40,2760,520,929.54,85.79,1.0
6175,269,34,2769,538,929.53,82.36,1.0
6176,254,42,2754,508,929.52,80.71,1.0
6177,248,29,2748,496,929.51,84.39,1.0
6178,284,47,2784,568,929.5,87.66,1.0
6179,226,35,2726,452,929.48,83.53,1.0
6180,199,40,2699,398,929.43,75.05,1.0
6181,221,31,2721,442,929.41,81.58,1.0
6182,212,33,2712,424,929.38,81.48,1.0
6183,38,9,2538,76,929.37,85.1,1.0
6184,60,26,2560,120,929.35,72.28,1.0
6185,218,39,2718,436,929.28,76.65,1.0
6186,164,12,2664,328,929.23,117.51,1.0
6187,227,11,2727,454,929.23,113.18,1.0
6188,78,26,2578,156,929.22,73.03,1.0
6189,236,36,2736,472,929.21,86.29,1.0
6190,133,28,2633,266,929.16,70.83,1.0
6191,254,33,2754,508,929.14,79.76,1.0
6192,113,9,2613,226,929.1,100.12,1.0
6193,226,40,2726,452,929.1,86.09,1.0
6194,240,12,2740,480,929.08,117.69,1.0
6195,259,49,2759,518,929.08,92.06,1.0
6196,80,11,2580,160,929.05,92.22,1.0
6197,262,40,2762,524,929.05,80.97,1.0
6198,243,38,2743,486,929.02,81.23,1.0
6199,203,37,2703,406,929.0,80.6,1.0
6200,243,12,2743,486,928.99,127.11,1.0
6201,244,12,2744,488,928.99,114.27,1.0
6202,146,10,2646,292,928.98,110.56,1.0
6203,296,31,2796,592,928.98,93.48,1.0
6204,292,38,2792,584,928.97,99.43,1.0
6205,59,26,2559,118,928.96,68.19,1.0
6206,119,11,2619,238,928.92,105.02,1.0
6207,248,13,2748,496,928.92,114.49,1.0
6208,294,48,2794,588,928.92,97.09,1.0
6209,298,49,2798,596,928.92,100.35,1.0
6210,296,37,2796,592,928.87,85.32,1.0
6211,196,31,2696,392,928.86,71.61,1.0
6212,172,28,2672,344,928.76,74.56,1.0
6213,203,35,2703,406,928.72,79.52,1.0
6214,272,40,2772,544,928.6,98.38,1.0
6215,243,35,2743,486,928.55,82.65,1.0
6216,69,10,2569,138,928.54,83.62,1.0
6217,208,13,2708,416,928.54,105.63,1.0
6218,246,42,2746,492,928.52,76.32,1.0
6219,224,44,2724,448,928.5,82.54,1.0
6220,185,34,2685,370,928.38,78.45,1.0
6221,274,40,2774,548,928.38,83.69,1.0
6222,224,36,2724,448,928.34,83.0,1.0
6223,196,37,2696,392,928.32,76.37,1.0
6224,277,47,2777,554,928.3,91.51,1.0
6225,255,30,2755,510,928.28,83.31,1.0
6226,243,33,2743,486,928.25,77.44,1.0
6227,226,37,2726,452,928.24,80.59,1.0
6228,154,11,2654,308,928.2,114.31,1.0
6229,246,39,2746,492,928.2,92.15,1.0
6230,185,38,2685,370,928.17,80.92,1.0
6231,246,36,2746,492,928.16,81.16,1.0
6232,19,25,2519,38,928.14,57.2,1.0
6233,298,48,2798,596,928.1,95.66,1.0
6234,203,36,2703,406,928.08,76.48,1.0
6235,72,9,2572,144,928.03,82.43,1.0
6236,256,41,2756,512,928.02,80.2,1.0
6237,266,34,2766,532,927.97,76.95,1.0
6238,177,29,2677,354,927.94,81.85,1.0
6239,205,11,2705,410,927.94,120.98,1.0
6240,172,12,2672,344,927.92,117.09,1.0
6241,247,45,2747,494,927.92,77.69,1.0
6242,178,29,2678,356,927.9,73.47,1.0
6243,232,42,2732,464,927.9,90.83,1.0
6244,219,12,2719,438,927.86,123.47,1.0
6245,235,11,2735,470,927.84,121.71,1.0
6246,288,32,2788,576,927.81,81.33,1.0
6247,224,11,2724,448,927.8,140.65,1.0
6248,33,25,2533,66,927.76,69.14,1.0
6249,243,40,2743,486,927.75,81.71,1.0
6250,220,29,2720,440,927.74,78.38,1.0
6251,215,29,2715,430,927.74,75.44,1.0
6252,262,36,2762,524,927.74,79.22,1.0
6253,246,40,2746,492,927.73,87.0,1.0
6254,141,29,2641,282,927.72,70.51,1.0
6255,188,42,2688,376,927.66,72.48,1.0
6256,279,50,2779,558,927.62,86.03,1.0
6257,101,27,2601,202,927.58,76.54,1.0
6258,206,42,2706,412,927.58,72.68,1.0
6259,266,46,2766,532,927.58,81.26,1.0
6260,292,31,2792,584,927.58,100.67,1.0
6261,236,42,2736,472,927.56,88.58,1.0
6262,274,34,2774,548,927.54,85.6,1.0
6263,241,38,2741,482,927.53,79.88,1.0
6264,276,41,2776,552,927.53,98.38,1.0
6265,260,34,2760,520,927.51,89.53,1.0
6266,124,27,2624,248,927.5,85.11,1.0
6267,157,9,2657,314,927.48,112.02,1.0
6268,277,32,2777,554,927.45,94.42,1.0
6269,269,33,2769,538,927.42,79.48,1.0
6270,260,38,2760,520,927.4,92.39,1.0
6271,223,29,2723,446,927.37,74.38,1.0
6272,272,34,2772,544,927.36,93.56,1.0
6273,105,9,2605,210,927.33,100.69,1.0
6274,221,38,2721,442,927.33,71.6,1.0
6275,63,10,2563,126,927.29,88.76,1.0
6276,292,36,2792,584,927.29,99.19,1.0
6277,16,26,2516,32,927.27,68.03,1.0
6278,243,31,2743,486,927.24,81.88,1.0
6279,262,41,2762,524,927.24,79.98,1.0
6280,272,32,2772,544,927.2,93.09,1.0
6281,300,12,2800,600,927.18,140.92,1.0
6282,268,40,2768,536,927.16,89.54,1.0
6283,276,45,2776,552,927.15,96.66,1.0
6284,241,42,2741,482,927.08,84.71,1.0
6285,288,36,2788,576,927.08,85.96,1.0
6286,224,38,2724,448,927.06,79.23,1.0
6287,221,11,2721,442,927.04,124.92,1.0
6288,276,38,2776,552,927.04,93.62,1.0
6289,260,32,2760,520,927.0,91.95,1.0
6290,295,14,2795,590,926.96,125.47,1.0
6291,196,44,2696,392,926.88,72.62,1.0
6292,89,27,2589,178,926.82,78.52,1.0
6293,273,12,2773,546,926.82,124.47,1.0
6294,180,31,2680,360,926.76,71.52,1.0
6295,276,40,2776,552,926.76,94.93,1.0
6296,200,28,2700,400,926.72,89.36,1.0
6297,235,47,2735,470,926.72,82.81,1.0
6298,61,10,2561,122,926.71,86.19,1.0
6299,297,47,2797,594,926.71,90.68,1.0
6300,116,10,2616,232,926.7,117.98,1.0
6301,248,42,2748,496,926.7,79.41,1.0
6302,232,31,2732,464,926.68,93.77,1.0
6303,250,41,2750,500,926.68,88.79,1.0
6304,135,10,2635,270,926.67,100.38,1.0
6305,255,33,2755,510,926.64,79.41,1.0
6306,239,38,2739,478,926.61,75.06,1.0
6307,268,32,2768,536,926.61,84.1,1.0
6308,252,34,2752,504,926.59,92.49,1.0
6309,221,45,2721,442,926.55,83.47,1.0
6310,98,27,2598,196,926.54,77.84,1.0
6311,277,12,2777,554,926.54,137.09,1.0
6312,237,44,2737,474,926.53,83.4,1.0
6313,249,13,2749,498,926.52,119.21,1.0
6314,232,37,2732,464,926.5,85.86,1.0
6315,135,28,2635,270,926.46,84.43,1.0
6316,233,11,2733,466,926.46,128.1,1.0
6317,221,43,2721,442,926.45,78.97,1.0
6318,260,31,2760,520,926.44,86.75,1.0
6319,260,39,2760,520,926.39,91.44,1.0
6320,296,34,2796,592,926.39,91.9,1.0
6321,196,32,2696,392,926.38,79.52,1.0
6322,246,37,2746,492,926.37,84.98,1.0
6323,251,45,2751,502,926.37,79.07,1.0
6324,85,9,2585,170,926.36,91.69,1.0
6325,244,11,2744,488,926.31,121.5,1.0
6326,165,29,2665,330,926.26,77.76,1.0
6327,21,25,2521,42,926.19,63.06,1.0
6328,203,31,2703,406,926.19,72.8,1.0
6329,176,29,2676,352,926.16,81.32,1.0
6330,221,32,2721,442,926.15,76.3,1.0
6331,254,39,2754,508,926.14,81.16,1.0
6332,234,34,2734,468,926.12,86.54,1.0
6333,245,36,2745,490,926.12,83.81,1.0
6334,0,8,2500,0,926.1,71.1,1.0
6335,236,40,2736,472,926.1,98.03,1.0
6336,276,30,2776,552,926.1,95.32,1.0
6337,272,44,2772,544,926.09,91.62,1.0
6338,212,44,2712,424,926.04,90.89,1.0
6339,198,29,2698,396,926.03,75.66,1.0
6340,209,35,2709,418,926.02,77.97,1.0
6341,6,25,2506,12,925.98,58.0,1.0
6342,268,44,2768,536,925.94,87.04,1.0
6343,209,30,2709,418,925.91,73.38,1.0
6344,287,49,2787,574,925.89,86.27,1.0
6345,206,40,2706,412,925.88,77.49,1.0
6346,241,30,2741,482,925.88,85.36,1.0
6347,248,43,2748,496,925.86,78.75,1.0
6348,296,41,2796,592,925.86,95.25,1.0
6349,214,38,2714,428,925.85,79.27,1.0
6350,144,28,2644,288,925.83,74.88,1.0
6351,248,33,2748,496,925.83,74.6,1.0
6352,45,9,2545,90,925.82,85.51,1.0
6353,17,26,2517,34,925.8,59.47,1.0
6354,237,30,2737,474,925.79,76.03,1.0
6355,194,11,2694,388,925.75,104.69,1.0
6356,224,42,2724,448,925.74,83.11,1.0
6357,152,28,2652,304,925.7,79.61,1.0
6358,88,26,2588,176,925.67,68.74,1.0
6359,292,13,2792,584,925.67,128.34,1.0
6360,180,42,2680,360,925.64,69.97,1.0
6361,221,36,2721,442,925.64,70.16,1.0
6362,218,46,2718,436,925.64,86.36,1.0
6363,180,36,2680,360,925.62,67.95,1.0
6364,230,29,2730,460,925.62,69.53,1.0
6365,144,10,2644,288,925.61,106.96,1.0
6366,203,32,2703,406,925.6,79.14,1.0
6367,229,44,2729,458,925.58,82.49,1.0
6368,277,46,2777,554,925.55,89.88,1.0
6369,207,29,2707,414,925.5,74.71,1.0
6370,241,40,2741,482,925.45,84.73,1.0
6371,287,50,2787,574,925.45,95.32,1.0
6372,94,10,2594,188,925.44,95.44,1.0
6373,275,49,2775,550,925.42,96.16,1.0
6374,128,28,2628,256,925.41,71.02,1.0
6375,209,40,2709,418,925.4,80.47,1.0
6376,272,36,2772,544,925.39,88.09,1.0
6377,232,36,2732,464,925.38,93.08,1.0
6378,190,35,2690,380,925.37,75.19,1.0
6379,242,47,2742,484,925.36,85.74,1.0
6380,218,35,2718,436,925.34,76.6,1.0
6381,253,49,2753,506,925.32,87.38,1.0
6382,288,44,2788,576,925.32,92.3,1.0
6383,82,27,2582,164,925.29,73.33,1.0
6384,268,43,2768,536,925.29,90.21,1.0
6385,23,26,2523,46,925.28,66.01,1.0
6386,172,11,2672,344,925.28,110.96,1.0
6387,213,41,2713,426,925.26,80.99,1.0
6388,285,46,2785,570,925.26,83.79,1.0
6389,50,9,2550,100,925.24,87.82,1.0
6390,129,27,2629,258,925.24,88.31,1.0
6391,268,30,2768,536,925.23,87.76,1.0
6392,240,38,2740,480,925.2,93.21,1.0
6393,224,31,2724,448,925.19,77.2,1.0
6394,243,39,2743,486,925.19,84.19,1.0
6395,297,46,2797,594,925.19,96.59,1.0
6396,217,31,2717,434,925.17,74.85,1.0
6397,235,46,2735,470,925.17,83.9,1.0
6398,196,46,2696,392,925.15,79.41,1.0
6399,185,44,2685,370,925.15,74.81,1.0
6400,297,12,2797,594,925.15,138.67,1.0
6401,254,40,2754,508,925.12,76.7,1.0
6402,248,36,2748,496,925.11,83.09,1.0
6403,14,26,2514,28,925.1,62.79,1.0
6404,185,30,2685,370,925.1,77.97,1.0
6405,203,34,2703,406,924.98,84.74,1.0
6406,231,49,2731,462,924.96,75.71,1.0
6407,206,43,2706,412,924.92,81.38,1.0
6408,254,31,2754,508,924.92,76.71,1.0
6409,224,33,2724,448,924.9,83.0,1.0
6410,245,32,2745,490,924.9,95.87,1.0
6411,237,37,2737,474,924.89,80.99,1.0
6412,86,27,2586,172,924.88,68.28,1.0
6413,243,37,2743,486,924.88,73.49,1.0
6414,69,26,2569,138,924.86,70.63,1.0
6415,125,28,2625,250,924.84,71.25,1.0
6416,161,29,2661,322,924.83,76.04,1.0
6417,34,10,2534,68,924.78,88.42,1.0
6418,237,38,2737,474,924.74,81.86,1.0
6419,254,37,2754,508,924.74,78.67,1.0
6420,237,43,2737,474,924.72,82.0,1.0
6421,269,43,2769,538,924.71,83.54,1.0
6422,276,44,2776,552,924.7,98.67,1.0
6423,38,26,2538,76,924.69,72.51,1.0
6424,126,28,2626,252,924.69,77.52,1.0
6425,35,9,2535,70,924.66,86.71,1.0
6426,250,37,2750,500,924.65,88.27,1.0
6427,45,27,2545,90,924.62,67.61,1.0
6428,55,26,2555,110,924.58,70.22,1.0
6429,283,48,2783,566,924.52,101.7,1.0
6430,264,51,2764,528,924.5,90.0,1.0
6431,103,10,2603,206,924.49,106.04,1.0
6432,218,45,2718,436,924.49,80.56,1.0
6433,224,40,2724,448,924.48,83.01,1.0
6434,243,41,2743,486,924.48,85.62,1.0
6435,292,44,2792,584,924.48,93.91,1.0
6436,237,42,2737,474,924.46,80.44,1.0
6437,213,38,2713,426,924.44,79.99,1.0
6438,252,30,2752,504,924.39,101.59,1.0
6439,236,38,2736,472,924.37,95.73,1.0
6440,213,44,2713,426,924.36,80.71,1.0
6441,236,32,2736,472,924.36,86.99,1.0
6442,294,49,2794,588,924.36,89.21,1.0
6443,147,28,2647,294,924.34,74.45,1.0
6444,192,12,2692,384,924.32,123.27,1.0
6445,199,32,2699,398,924.32,74.59,1.0
6446,276,32,2776,552,924.29,103.62,1.0
6447,213,37,2713,426,924.28,80.59,1.0
6448,170,28,2670,340,924.27,74.81,1.0
6449,266,47,2766,532,924.25,86.27,1.0
6450,228,42,2728,456,924.24,93.3,1.0
6451,269,40,2769,538,924.24,84.4,1.0
6452,203,33,2703,406,924.22,76.97,1.0
6453,290,49,2790,580,924.22,98.02,1.0
6454,258,48,2758,516,924.17,89.02,1.0
6455,206,36,2706,412,924.15,79.97,1.0
6456,246,43,2746,492,924.15,85.54,1.0
6457,9,9,2509,18,924.13,79.91,1.0
6458,249,37,2749,498,924.09,85.6,1.0
6459,245,40,2745,490,924.08,86.68,1.0
6460,288,41,2788,576,924.08,83.42,1.0
6461,268,38,2768,536,924.06,88.4,1.0
6462,180,39,2680,360,924.0,75.65,1.0
6463,111,10,2611,222,923.98,99.23,1.0
6464,180,33,2680,360,923.98,71.98,1.0
6465,229,43,2729,458,923.98,87.06,1.0
6466,199,31,2699,398,923.95,79.68,1.0
6467,75,9,2575,150,923.88,85.86,1.0
6468,260,35,2760,520,923.83,86.39,1.0
6469,119,27,2619,238,923.82,72.81,1.0
6470,206,31,2706,412,923.82,74.81,1.0
6471,240,30,2740,480,923.81,93.19,1.0
6472,180,44,2680,360,923.74,72.82,1.0
6473,24,26,2524,48,923.73,66.13,1.0
6474,188,37,2688,376,923.73,77.21,1.0
6475,246,45,2746,492,923.7,80.23,1.0
6476,212,30,2712,424,923.66,82.07,1.0
6477,203,45,2703,406,923.66,87.5,1.0
6478,188,30,2688,376,923.62,72.15,1.0
6479,224,39,2724,448,923.62,84.41,1.0
6480,173,28,2673,346,923.61,79.55,1.0
6481,184,43,2684,368,923.6,72.3,1.0
6482,245,44,2745,490,923.6,95.78,1.0
6483,236,31,2736,472,923.58,86.59,1.0
6484,66,27,2566,132,923.57,66.65,1.0
6485,209,43,2709,418,923.55,73.33,1.0
6486,231,10,2731,462,923.5,115.52,1.0
6487,245,39,2745,490,923.45,90.3,1.0
6488,82,9,2582,164,923.39,101.27,1.0
6489,151,10,2651,302,923.36,100.3,1.0
6490,272,11,2772,544,923.32,135.34,1.0
6491,288,33,2788,576,923.32,91.72,1.0
6492,206,38,2706,412,923.3,84.95,1.0
6493,254,38,2754,508,923.3,79.39,1.0
6494,268,34,2768,536,923.29,87.65,1.0
6495,210,44,2710,420,923.28,76.02,1.0
6496,108,10,2608,216,923.26,100.67,1.0
6497,218,48,2718,436,923.24,83.46,1.0
6498,252,11,2752,504,923.23,129.57,1.0
6499,246,30,2746,492,923.22,78.64,1.0
6500,245,31,2745,490,923.19,85.79,1.0
6501,213,30,2713,426,923.18,81.06,1.0
6502,224,30,2724,448,923.18,84.45,1.0
6503,237,33,2737,474,923.16,78.95,1.0
6504,286,49,2786,572,923.16,93.7,1.0
6505,210,30,2710,420,923.15,79.22,1.0
6506,250,44,2750,500,923.15,89.66,1.0
6507,256,30,2756,512,923.12,84.52,1.0
6508,190,33,2690,380,923.04,76.26,1.0
6509,206,39,2706,412,923.04,75.3,1.0
6510,223,11,2723,446,923.03,129.11,1.0
6511,250,35,2750,500,923.01,95.66,1.0
6512,193,10,2693,386,922.99,119.56,1.0
6513,240,44,2740,480,922.98,91.1,1.0
6514,188,44,2688,376,922.95,73.28,1.0
6515,142,10,2642,284,922.94,96.93,1.0
6516,185,10,2685,370,922.93,121.34,1.0
6517,280,47,2780,560,922.92,98.61,1.0
6518,237,31,2737,474,922.91,80.3,1.0
6519,225,42,2725,450,922.88,88.44,1.0
6520,270,47,2770,540,922.88,92.21,1.0
6521,260,43,2760,520,922.85,80.6,1.0
6522,76,9,2576,152,922.82,96.86,1.0
6523,249,30,2749,498,922.79,78.37,1.0
6524,216,39,2716,432,922.78,89.25,1.0
6525,248,40,2748,496,922.77,89.31,1.0
6526,229,39,2729,458,922.76,87.54,1.0
6527,272,31,2772,544,922.76,95.39,1.0
6528,284,48,2784,568,922.75,95.12,1.0
6529,269,13,2769,538,922.73,126.6,1.0
6530,271,49,2771,542,922.73,89.46,1.0
6531,239,31,2739,478,922.72,82.99,1.0
6532,239,35,2739,478,922.71,80.46,1.0
6533,240,39,2740,480,922.7,91.54,1.0
6534,276,39,2776,552,922.67,94.75,1.0
6535,267,46,2767,534,922.66,107.41,1.0
6536,236,37,2736,472,922.64,89.6,1.0
6537,122,10,2622,244,922.63,111.89,1.0
6538,147,10,2647,294,922.63,107.35,1.0
6539,185,32,2685,370,922.62,74.6,1.0
6540,210,35,2710,420,922.52,77.48,1.0
6541,288,38,2788,576,922.48,92.29,1.0
6542,209,42,2709,418,922.47,74.71,1.0
6543,243,43,2743,486,922.47,81.91,1.0
6544,263,46,2763,526,922.47,92.0,1.0
6545,233,47,2733,466,922.46,87.12,1.0
6546,292,35,2792,584,922.46,94.4,1.0
6547,145,10,2645,290,922.45,109.2,1.0
6548,295,47,2795,590,922.45,85.67,1.0
6549,70,27,2570,140,922.41,68.04,1.0
6550,288,42,2788,576,922.41,93.78,1.0
6551,169,11,2669,338,922.4,123.47,1.0
6552,221,30,2721,442,922.37,80.89,1.0
6553,15,26,2515,30,922.34,66.07,1.0
6554,49,27,2549,98,922.33,60.11,1.0
6555,220,44,2720,440,922.33,77.11,1.0
6556,204,11,2704,408,922.33,110.7,1.0
6557,210,42,2710,420,922.29,72.97,1.0
6558,274,46,2774,548,922.29,82.26,1.0
6559,206,32,2706,412,922.28,80.34,1.0
6560,246,33,2746,492,922.28,82.54,1.0
6561,15,8,2515,30,922.26,73.58,1.0
6562,174,27,2674,348,922.23,92.99,1.0
6563,180,43,2680,360,922.23,74.81,1.0
6564,209,37,2709,418,922.22,73.8,1.0
6565,180,30,2680,360,922.21,71.02,1.0
6566,288,40,2788,576,922.2,88.35,1.0
6567,261,49,2761,522,922.18,84.3,1.0
6568,247,46,2747,494,922.17,79.33,1.0
6569,222,11,2722,444,922.12,119.9,1.0
6570,272,39,2772,544,922.12,89.43,1.0
6571,184,42,2684,368,922.09,70.34,1.0
6572,250,36,2750,500,922.08,101.24,1.0
6573,129,10,2629,258,922.04,102.93,1.0
6574,180,35,2680,360,922.04,71.05,1.0
6575,212,39,2712,424,922.03,83.23,1.0
6576,24,9,2524,48,922.02,77.48,1.0
6577,90,9,2590,180,922.01,104.07,1.0
6578,237,12,2737,474,922.01,122.96,1.0
6579,217,34,2717,434,921.98,77.92,1.0
6580,254,13,2754,508,921.97,128.17,1.0
6581,213,45,2713,426,921.96,79.85,1.0
6582,121,28,2621,242,921.92,74.37,1.0
6583,159,28,2659,318,921.92,78.28,1.0
6584,260,36,2760,520,921.92,98.35,1.0
6585,188,32,2688,376,921.91,73.77,1.0
6586,36,10,2536,72,921.89,77.66,1.0
6587,217,33,2717,434,921.87,82.21,1.0
6588,282,47,2782,564,921.85,88.66,1.0
6589,224,43,2724,448,921.76,82.08,1.0
6590,243,32,2743,486,921.74,84.09,1.0
6591,138,28,2638,276,921.73,79.88,1.0
6592,245,35,2745,490,921.73,91.83,1.0
6593,6,9,2506,12,921.72,66.99,1.0
6594,56,9,2556,112,921.66,103.21,1.0
6595,184,34,2684,368,921.66,73.18,1.0
6596,148,28,2648,296,921.64,74.07,1.0
6597,209,44,2709,418,921.62,78.04,1.0
6598,254,30,2754,508,921.61,79.79,1.0
6599,282,12,2782,564,921.61,121.92,1.0
6600,199,30,2699,398,921.6,84.74,1.0
6601,221,33,2721,442,921.59,71.68,1.0
6602,269,30,2769,538,921.59,85.18,1.0
6603,2,25,2502,4,921.58,62.38,1.0
6604,173,11,2673,346,921.55,115.41,1.0
6605,217,45,2717,434,921.54,78.32,1.0
6606,229,30,2729,458,921.54,85.83,1.0
6607,210,37,2710,420,921.46,78.97,1.0
6608,209,31,2709,418,921.45,76.63,1.0
6609,106,10,2606,212,921.43,98.31,1.0
6610,268,41,2768,536,921.42,85.16,1.0
6611,281,46,2781,562,921.4,96.6,1.0
6612,223,39,2723,446,921.35,79.45,1.0
6613,254,36,2754,508,921.34,83.15,1.0
6614,60,10,2560,120,921.33,96.39,1.0
6615,228,31,2728,456,921.33,96.65,1.0
6616,212,36,2712,424,921.31,83.82,1.0
6617,68,26,2568,136,921.27,62.42,1.0
6618,255,47,2755,510,921.26,85.01,1.0
6619,243,44,2743,486,921.24,88.9,1.0
6620,260,41,2760,520,921.24,92.18,1.0
6621,241,36,2741,482,921.23,82.27,1.0
6622,236,43,2736,472,921.18,92.95,1.0
6623,282,46,2782,564,921.16,91.28,1.0
6624,232,32,2732,464,921.15,88.96,1.0
6625,162,28,2662,324,921.14,82.21,1.0
6626,248,30,2748,496,921.14,83.78,1.0
6627,260,42,2760,520,921.1,89.89,1.0
6628,123,28,2623,246,921.07,67.05,1.0
6629,245,37,2745,490,921.07,85.23,1.0
6630,253,50,2753,506,921.04,83.45,1.0
6631,257,49,2757,514,921.04,91.4,1.0
6632,245,30,2745,490,921.03,82.34,1.0
6633,268,45,2768,536,921.01,92.5,1.0
6634,254,32,2754,508,921.0,86.13,1.0
6635,223,37,2723,446,920.95,87.48,1.0
6636,228,40,2728,456,920.93,84.31,1.0
6637,180,38,2680,360,920.91,73.02,1.0
6638,250,12,2750,500,920.91,134.31,1.0
6639,99,9,2599,198,920.88,104.16,1.0
6640,223,36,2723,446,920.88,74.38,1.0
6641,199,44,2699,398,920.83,80.56,1.0
6642,257,11,2757,514,920.82,135.42,1.0
6643,280,46,2780,560,920.81,93.76,1.0
6644,199,41,2699,398,920.8,79.26,1.0
6645,235,48,2735,470,920.76,92.27,1.0
6646,241,46,2741,482,920.75,89.83,1.0
6647,214,44,2714,428,920.74,78.38,1.0
6648,217,38,2717,434,920.73,76.08,1.0
6649,117,28,2617,234,920.67,71.17,1.0
6650,288,31,2788,576,920.65,84.7,1.0
6651,209,33,2709,418,920.64,75.79,1.0
6652,239,34,2739,478,920.63,79.05,1.0
6653,202,11,2702,404,920.61,126.18,1.0
6654,217,40,2717,434,920.61,72.02,1.0
6655,248,31,2748,496,920.6,76.06,1.0
6656,249,32,2749,498,920.59,86.11,1.0
6657,245,34,2745,490,920.58,91.52,1.0
6658,261,11,2761,522,920.57,124.06,1.0
6659,245,42,2745,490,920.54,83.78,1.0
6660,33,9,2533,66,920.52,87.13,1.0
6661,214,33,2714,428,920.52,90.73,1.0
6662,275,11,2775,550,920.52,135.27,1.0
6663,293,49,2793,586,920.42,99.98,1.0
6664,213,40,2713,426,920.4,85.46,1.0
6665,214,41,2714,428,920.38,84.51,1.0
6666,10,26,2510,20,920.37,62.91,1.0
6667,63,9,2563,126,920.34,87.67,1.0
6668,87,9,2587,174,920.31,93.87,1.0
6669,197,29,2697,394,920.3,82.49,1.0
6670,212,37,2712,424,920.3,89.45,1.0
6671,64,9,2564,128,920.29,98.06,1.0
6672,185,42,2685,370,920.27,79.56,1.0
6673,190,34,2690,380,920.26,76.52,1.0
6674,292,40,2792,584,920.26,90.91,1.0
6675,234,37,2734,468,920.25,82.01,1.0
6676,208,42,2708,416,920.22,84.14,1.0
6677,214,30,2714,428,920.21,84.11,1.0
6678,190,10,2690,380,920.15,127.69,1.0
6679,217,30,2717,434,920.14,84.38,1.0
6680,217,44,2717,434,920.14,73.2,1.0
6681,209,41,2709,418,920.11,80.07,1.0
6682,156,29,2656,312,920.1,79.8,1.0
6683,107,10,2607,214,920.08,98.75,1.0
6684,255,35,2755,510,920.06,88.06,1.0
6685,288,37,2788,576,920.06,92.03,1.0
6686,185,40,2685,370,920.05,76.62,1.0
6687,214,43,2714,428,920.05,84.96,1.0
6688,188,40,2688,376,920.02,68.18,1.0
6689,210,31,2710,420,920.02,78.64,1.0
6690,206,37,2706,412,920.01,74.78,1.0
6691,46,26,2546,92,919.99,64.73,1.0
6692,225,33,2725,450,919.98,85.01,1.0
6693,42,10,2542,84,919.97,86.87,1.0
6694,27,26,2527,54,919.92,64.65,1.0
6695,210,40,2710,420,919.91,78.02,1.0
6696,250,42,2750,500,919.9,91.96,1.0
6697,245,41,2745,490,919.89,85.68,1.0
6698,221,44,2721,442,919.87,84.11,1.0
6699,190,31,2690,380,919.86,77.53,1.0
6700,224,32,2724,448,919.85,81.09,1.0
6701,196,10,2696,392,919.84,120.5,1.0
6702,268,39,2768,536,919.79,85.21,1.0
6703,32,25,2532,64,919.78,71.72,1.0
6704,18,26,2518,36,919.78,63.16,1.0
6705,145,28,2645,290,919.78,72.6,1.0
6706,214,34,2714,428,919.77,87.68,1.0
6707,209,39,2709,418,919.76,70.45,1.0
6708,288,30,2788,576,919.73,91.39,1.0
6709,236,35,2736,472,919.72,91.21,1.0
6710,240,42,2740,480,919.72,91.5,1.0
6711,66,9,2566,132,919.66,91.89,1.0
6712,150,11,2650,300,919.66,102.12,1.0
6713,156,10,2656,312,919.66,105.01,1.0
6714,217,35,2717,434,919.64,74.71,1.0
6715,227,47,2727,454,919.64,87.17,1.0
6716,295,46,2795,590,919.64,95.16,1.0
6717,213,34,2713,426,919.63,81.48,1.0
6718,206,34,2706,412,919.62,80.94,1.0
6719,250,43,2750,500,919.61,98.27,1.0
6720,97,10,2597,194,919.58,94.58,1.0
6721,255,46,2755,510,919.58,82.67,1.0
6722,254,35,2754,508,919.57,84.77,1.0
6723,31,26,2531,62,919.54,60.85,1.0
6724,278,48,2778,556,919.54,100.96,1.0
6725,51,9,2551,102,919.53,80.6,1.0
6726,273,47,2773,546,919.52,86.48,1.0
6727,237,40,2737,474,919.5,77.69,1.0
6728,201,29,2701,402,919.48,90.71,1.0
6729,53,9,2553,106,919.47,88.34,1.0
6730,209,32,2709,418,919.47,74.83,1.0
6731,214,39,2714,428,919.42,81.02,1.0
6732,276,36,2776,552,919.42,97.53,1.0
6733,74,27,2574,148,919.38,70.22,1.0
6734,221,34,2721,442,919.37,73.53,1.0
6735,217,42,2717,434,919.37,79.06,1.0
6736,180,40,2680,360,919.36,75.47,1.0
6737,260,37,2760,520,919.36,83.71,1.0
6738,224,37,2724,448,919.32,81.79,1.0
6739,199,10,2699,398,919.3,110.9,1.0
6740,22,8,2522,44,919.29,72.07,1.0
6741,180,41,2680,360,919.29,75.06,1.0
6742,185,45,2685,370,919.29,83.47,1.0
6743,294,11,2794,588,919.26,150.96,1.0
6744,221,47,2721,442,919.25,80.1,1.0
6745,238,49,2738,476,919.25,82.02,1.0
6746,210,39,2710,420,919.23,82.29,1.0
6747,281,47,2781,562,919.19,89.24,1.0
6748,206,35,2706,412,919.17,79.76,1.0
6749,191,11,2691,382,919.13,118.76,1.0
6750,240,43,2740,480,919.13,89.55,1.0
6751,245,12,2745,490,919.13,127.47,1.0
6752,19,9,2519,38,919.11,72.61,1.0
6753,213,11,2713,426,919.11,123.93,1.0
6754,292,32,2792,584,919.11,95.31,1.0
6755,228,35,2728,456,919.1,81.35,1.0
6756,249,40,2749,498,919.1,80.96,1.0
6757,212,32,2712,424,919.08,85.08,1.0
6758,180,32,2680,360,919.07,73.99,1.0
6759,272,45,2772,544,919.07,94.95,1.0
6760,227,46,2727,454,919.06,89.43,1.0
6761,209,38,2709,418,919.05,70.93,1.0
6762,237,36,2737,474,919.05,85.8,1.0
6763,199,37,2699,398,919.04,83.34,1.0
6764,39,9,2539,78,919.02,81.42,1.0
6765,223,44,2723,446,918.97,86.97,1.0
6766,292,39,2792,584,918.97,102.83,1.0
6767,125,10,2625,250,918.96,99.95,1.0
6768,221,39,2721,442,918.96,73.99,1.0
6769,214,32,2714,428,918.92,84.41,1.0
6770,225,43,2725,450,918.89,87.95,1.0
6771,223,41,2723,446,918.87,73.82,1.0
6772,260,44,2760,520,918.82,83.35,1.0
6773,220,35,2720,440,918.8,76.23,1.0
6774,187,28,2687,374,918.79,77.98,1.0
6775,219,35,2719,438,918.78,82.18,1.0
6776,212,40,2712,424,918.78,81.88,1.0
6777,126,10,2626,252,918.77,105.57,1.0
6778,177,11,2677,354,918.76,120.97,1.0
6779,199,42,2699,398,918.76,82.7,1.0
6780,250,30,2750,500,918.76,94.9,1.0
6781,293,50,2793,586,918.76,96.17,1.0
6782,49,8,2549,98,918.75,86.86,1.0
6783,217,41,2717,434,918.73,69.77,1.0
6784,83,27,2583,166,918.72,71.3,1.0
6785,248,38,2748,496,918.72,80.14,1.0
6786,220,36,2720,440,918.7,74.06,1.0
6787,223,32,2723,446,918.68,82.03,1.0
6788,237,39,2737,474,918.67,79.61,1.0
6789,236,33,2736,472,918.67,83.12,1.0
6790,246,11,2746,492,918.62,114.33,1.0
6791,228,37,2728,456,918.61,87.24,1.0
6792,213,35,2713,426,918.6,79.08,1.0
6793,214,31,2714,428,918.58,83.1,1.0
6794,249,38,2749,498,918.58,87.32,1.0
6795,106,27,2606,212,918.52,72.06,1.0
6796,13,25,2513,26,918.51,63.81,1.0
6797,185,37,2685,370,918.51,74.98,1.0
6798,238,48,2738,476,918.48,81.91,1.0
6799,249,31,2749,498,918.48,85.28,1.0
6800,213,33,2713,426,918.46,75.46,1.0
6801,240,41,2740,480,918.46,94.54,1.0
6802,228,44,2728,456,918.45,84.52,1.0
6803,232,12,2732,464,918.45,129.71,1.0
6804,3,25,2503,6,918.43,58.56,1.0
6805,180,37,2680,360,918.42,75.54,1.0
6806,225,34,2725,450,918.42,87.81,1.0
6807,224,35,2724,448,918.42,89.1,1.0
6808,48,9,2548,96,918.41,94.93,1.0
6809,117,9,2617,234,918.38,97.36,1.0
6810,267,47,2767,534,918.38,98.86,1.0
6811,180,34,2680,360,918.35,79.63,1.0
6812,217,37,2717,434,918.35,81.41,1.0
6813,279,51,2779,558,918.3,86.52,1.0
6814,218,47,2718,436,918.29,82.92,1.0
6815,220,11,2720,440,918.28,124.54,1.0
6816,291,50,2791,582,918.28,85.65,1.0
6817,248,35,2748,496,918.26,78.29,1.0
6818,214,40,2714,428,918.21,82.88,1.0
6819,225,44,2725,450,918.2,91.89,1.0
6820,210,32,2710,420,918.19,79.72,1.0
6821,256,46,2756,512,918.15,87.35,1.0
6822,199,34,2699,398,918.14,79.48,1.0
6823,276,43,2776,552,918.13,107.64,1.0
6824,263,11,2763,526,918.13,137.35,1.0
6825,272,46,2772,544,918.07,98.55,1.0
6826,296,38,2796,592,918.04,90.57,1.0
6827,229,41,2729,458,918.03,85.98,1.0
6828,268,36,2768,536,918.0,84.22,1.0
6829,227,48,2727,454,917.99,78.23,1.0
6830,272,38,2772,544,917.98,92.25,1.0
6831,225,41,2725,450,917.94,89.68,1.0
6832,243,34,2743,486,917.94,76.66,1.0
6833,212,34,2712,424,917.92,85.2,1.0
6834,213,36,2713,426,917.91,75.34,1.0
6835,256,45,2756,512,917.91,84.6,1.0
6836,229,34,2729,458,917.9,83.64,1.0
6837,275,50,2775,550,917.9,91.3,1.0
6838,188,35,2688,376,917.89,75.89,1.0
6839,122,28,2622,244,917.88,73.26,1.0
6840,159,12,2659,318,917.86,102.41,1.0
6841,46,10,2546,92,917.85,85.1,1.0
6842,54,27,2554,108,917.8,67.39,1.0
6843,299,50,2799,598,917.79,87.8,1.0
6844,212,31,2712,424,917.76,87.35,1.0
6845,248,39,2748,496,917.76,78.74,1.0
6846,188,36,2688,376,917.73,69.96,1.0
6847,35,26,2535,70,917.72,61.07,1.0
6848,285,12,2785,570,917.72,138.78,1.0
6849,264,52,2764,528,917.71,92.61,1.0
6850,220,32,2720,440,917.68,75.69,1.0
6851,214,37,2714,428,917.68,87.95,1.0
6852,292,37,2792,584,917.67,105.38,1.0
6853,284,49,2784,568,917.64,90.84,1.0
6854,175,29,2675,350,917.58,86.85,1.0
6855,185,35,2685,370,917.58,79.35,1.0
6856,250,39,2750,500,917.56,89.93,1.0
6857,217,39,2717,434,917.54,75.43,1.0
6858,209,45,2709,418,917.53,80.12,1.0
6859,217,32,2717,434,917.5,75.19,1.0
6860,213,31,2713,426,917.49,78.24,1.0
6861,248,34,2748,496,917.48,84.24,1.0
6862,216,34,2716,432,917.43,78.81,1.0
6863,292,41,2792,584,917.4,96.12,1.0
6864,84,9,2584,168,917.36,97.98,1.0
6865,188,43,2688,376,917.36,71.26,1.0
6866,278,47,2778,556,917.36,95.54,1.0
6867,250,45,2750,500,917.32,100.33,1.0
6868,1,9,2501,2,917.24,68.59,1.0
6869,221,42,2721,442,917.24,75.46,1.0
6870,285,48,2785,570,917.22,94.72,1.0
6871,260,30,2760,520,917.21,92.26,1.0
6872,240,11,2740,480,917.16,122.71,1.0
6873,249,43,2749,498,917.16,79.59,1.0
6874,36,26,2536,72,917.15,62.59,1.0
6875,239,41,2739,478,917.13,81.64,1.0
6876,268,33,2768,536,917.13,85.34,1.0
6877,185,33,2685,370,917.1,80.48,1.0
6878,185,39,2685,370,917.1,71.95,1.0
6879,185,43,2685,370,917.1,78.32,1.0
6880,288,45,2788,576,917.09,91.67,1.0
6881,291,11,2791,582,917.08,130.91,1.0
6882,216,41,2716,432,917.05,78.92,1.0
6883,281,48,2781,562,917.03,94.33,1.0
6884,250,34,2750,500,917.01,93.14,1.0
6885,217,36,2717,434,917.0,76.17,1.0
6886,214,45,2714,428,917.0,86.35,1.0
6887,30,10,2530,60,916.97,84.28,1.0
6888,136,28,2636,272,916.97,72.57,1.0
6889,216,30,2716,432,916.9,78.84,1.0
6890,222,42,2722,444,916.88,82.98,1.0
6891,229,33,2729,458,916.86,92.38,1.0
6892,235,49,2735,470,916.83,86.31,1.0
6893,245,46,2745,490,916.83,87.09,1.0
6894,255,12,2755,510,916.81,134.95,1.0
6895,228,30,2728,456,916.8,87.26,1.0
6896,199,35,2699,398,916.79,83.94,1.0
6897,236,41,2736,472,916.79,94.55,1.0
6898,233,48,2733,466,916.76,79.27,1.0
6899,163,10,2663,326,916.74,122.26,1.0
6900,270,46,2770,540,916.72,86.65,1.0
6901,243,45,2743,486,916.69,87.64,1.0
6902,252,31,2752,504,916.64,97.03,1.0
6903,256,11,2756,512,916.61,124.67,1.0
6904,148,11,2648,296,916.6,112.53,1.0
6905,201,11,2701,402,916.56,115.74,1.0
6906,218,10,2718,436,916.52,123.4,1.0
6907,240,36,2740,480,916.52,84.58,1.0
6908,206,45,2706,412,916.5,76.58,1.0
6909,208,11,2708,416,916.49,120.32,1.0
6910,163,29,2663,326,916.48,84.88,1.0
6911,248,32,2748,496,916.48,80.63,1.0
6912,272,33,2772,544,916.48,91.21,1.0
6913,136,11,2636,272,916.42,112.33,1.0
6914,249,33,2749,498,916.42,85.65,1.0
6915,184,37,2684,368,916.37,78.45,1.0
6916,229,37,2729,458,916.36,92.39,1.0
6917,220,34,2720,440,916.34,77.72,1.0
6918,263,48,2763,526,916.34,93.71,1.0
6919,240,34,2740,480,916.32,92.66,1.0
6920,121,10,2621,242,916.27,107.34,1.0
6921,39,26,2539,78,916.25,66.39,1.0
6922,239,32,2739,478,916.25,79.09,1.0
6923,170,10,2670,340,916.24,112.13,1.0
6924,252,37,2752,504,916.23,95.09,1.0
6925,85,28,2585,170,916.21,78.77,1.0
6926,206,33,2706,412,916.21,78.86,1.0
6927,260,45,2760,520,916.19,93.81,1.0
6928,225,37,2725,450,916.18,91.49,1.0
6929,254,44,2754,508,916.18,79.59,1.0
6930,214,36,2714,428,916.17,89.47,1.0
6931,3,9,2503,6,916.16,77.48,1.0
6932,222,34,2722,444,916.14,89.94,1.0
6933,271,50,2771,542,916.12,83.56,1.0
6934,219,44,2719,438,916.07,83.33,1.0
6935,237,34,2737,474,916.06,83.98,1.0
6936,222,35,2722,444,916.06,83.45,1.0
6937,276,47,2776,552,916.05,99.84,1.0
6938,185,31,2685,370,916.01,77.0,1.0
6939,240,32,2740,480,915.95,87.09,1.0
6940,40,26,2540,80,915.94,60.17,1.0
6941,226,46,2726,452,915.88,80.77,1.0
6942,208,12,2708,416,915.84,115.26,1.0
6943,268,42,2768,536,915.84,82.33,1.0
6944,1,25,2501,2,915.83,64.39,1.0
6945,249,34,2749,498,915.83,80.02,1.0
6946,185,46,2685,370,915.82,76.79,1.0
6947,54,9,2554,108,915.8,78.27,1.0
6948,184,41,2684,368,915.77,70.22,1.0
6949,185,36,2685,370,915.77,72.18,1.0
6950,206,41,2706,412,915.77,77.7,1.0
6951,242,46,2742,484,915.72,80.24,1.0
6952,229,40,2729,458,915.71,84.43,1.0
6953,262,45,2762,524,915.67,92.66,1.0
6954,185,41,2685,370,915.66,82.9,1.0
6955,220,43,2720,440,915.61,79.71,1.0
6956,110,28,2610,220,915.56,70.36,1.0
6957,226,48,2726,452,915.56,93.6,1.0
6958,236,45,2736,472,915.52,83.31,1.0
6959,213,32,2713,426,915.51,86.55,1.0
6960,143,10,2643,286,915.48,109.31,1.0
6961,137,9,2637,274,915.47,104.08,1.0
6962,237,41,2737,474,915.47,82.84,1.0
6963,4,26,2504,8,915.46,63.42,1.0
6964,95,10,2595,190,915.45,96.34,1.0
6965,239,46,2739,478,915.44,84.0,1.0
6966,300,49,2800,600,915.44,101.84,1.0
6967,83,9,2583,166,915.43,94.54,1.0
6968,212,42,2712,424,915.36,86.93,1.0
6969,248,45,2748,496,915.36,85.13,1.0
6970,239,39,2739,478,915.34,88.02,1.0
6971,223,30,2723,446,915.32,82.03,1.0
6972,80,26,2580,160,915.3,65.84,1.0
6973,239,12,2739,478,915.28,118.26,1.0
6974,289,49,2789,578,915.28,96.75,1.0
6975,188,31,2688,376,915.24,66.76,1.0
6976,214,42,2714,428,915.24,83.34,1.0
6977,252,36,2752,504,915.24,87.46,1.0
6978,199,43,2699,398,915.19,85.46,1.0
6979,260,12,2760,520,915.18,127.88,1.0
6980,249,41,2749,498,915.17,82.13,1.0
6981,229,31,2729,458,915.16,89.09,1.0
6982,257,50,2757,514,915.16,94.16,1.0
6983,292,42,2792,584,915.16,94.25,1.0
6984,215,36,2715,430,915.04,76.25,1.0
6985,210,43,2710,420,915.03,78.16,1.0
6986,102,10,2602,204,915.02,98.71,1.0
6987,229,36,2729,458,914.99,83.71,1.0
6988,280,13,2780,560,914.96,128.4,1.0
6989,212,38,2712,424,914.93,83.56,1.0
6990,289,48,2789,578,914.93,93.34,1.0
6991,280,48,2780,560,914.9,95.14,1.0
6992,216,33,2716,432,914.85,86.55,1.0
6993,210,36,2710,420,914.81,80.72,1.0
6994,228,41,2728,456,914.81,89.3,1.0
6995,188,39,2688,376,914.8,70.67,1.0
6996,259,50,2759,518,914.78,88.77,1.0
6997,247,47,2747,494,914.76,80.28,1.0
6998,91,27,2591,182,914.73,74.76,1.0
6999,199,33,2699,398,914.73,79.74,1.0
7000,226,11,2726,452,914.71,134.34,1.0
7001,251,47,2751,502,914.69,86.03,1.0
7002,181,30,2681,362,914.65,83.05,1.0
7003,190,40,2690,380,914.62,75.79,1.0
7004,42,26,2542,84,914.58,71.51,1.0
7005,220,41,2720,440,914.56,78.08,1.0
7006,171,29,2671,342,914.52,76.96,1.0
7007,116,28,2616,232,914.51,73.22,1.0
7008,204,29,2704,408,914.51,85.82,1.0
7009,243,46,2743,486,914.51,81.89,1.0
7010,188,38,2688,376,914.5,71.87,1.0
7011,210,34,2710,420,914.46,83.07,1.0
7012,102,28,2602,204,914.45,70.16,1.0
7013,199,36,2699,398,914.45,79.47,1.0
7014,205,31,2705,410,914.44,80.62,1.0
7015,267,49,2767,534,914.42,99.84,1.0
7016,292,30,2792,584,914.39,98.1,1.0
7017,59,10,2559,118,914.38,84.8,1.0
7018,223,45,2723,446,914.38,80.58,1.0
7019,262,12,2762,524,914.38,126.38,1.0
7020,188,45,2688,376,914.34,72.06,1.0
7021,127,28,2627,254,914.33,77.5,1.0
7022,249,35,2749,498,914.32,85.26,1.0
7023,295,12,2795,590,914.32,125.23,1.0
7024,41,26,2541,82,914.31,65.03,1.0
7025,153,9,2653,306,914.26,104.84,1.0
7026,225,30,2725,450,914.26,85.74,1.0
7027,253,51,2753,506,914.22,87.6,1.0
7028,300,50,2800,600,914.21,96.72,1.0
7029,228,34,2728,456,914.2,89.11,1.0
7030,133,10,2633,266,914.17,111.35,1.0
7031,190,39,2690,380,914.14,80.36,1.0
7032,103,28,2603,206,914.13,74.07,1.0
7033,210,38,2710,420,914.12,82.13,1.0
7034,274,49,2774,548,914.09,90.06,1.0
7035,262,46,2762,524,914.08,88.43,1.0
7036,252,32,2752,504,914.06,92.79,1.0
7037,239,37,2739,478,914.05,82.21,1.0
7038,211,38,2711,422,914.02,80.09,1.0
7039,221,35,2721,442,914.0,77.43,1.0
7040,229,11,2729,458,913.98,127.18,1.0
7041,236,34,2736,472,913.96,89.59,1.0
7042,219,39,2719,438,913.95,76.67,1.0
7043,52,27,2552,104,913.92,63.14,1.0
7044,210,45,2710,420,913.92,81.29,1.0
7045,180,45,2680,360,913.91,73.72,1.0
7046,250,46,2750,500,913.9,93.12,1.0
7047,216,38,2716,432,913.88,82.8,1.0
7048,284,50,2784,568,913.86,88.54,1.0
7049,94,27,2594,188,913.82,79.01,1.0
7050,184,33,2684,368,913.8,76.95,1.0
7051,229,35,2729,458,913.8,92.18,1.0
7052,297,48,2797,594,913.77,90.72,1.0
7053,223,34,2723,446,913.72,83.07,1.0
7054,192,29,2692,384,913.71,82.34,1.0
7055,249,36,2749,498,913.71,82.53,1.0
7056,62,27,2562,124,913.68,73.24,1.0
7057,239,42,2739,478,913.68,82.34,1.0
7058,240,31,2740,480,913.68,96.97,1.0
7059,251,46,2751,502,913.66,86.56,1.0
7060,228,43,2728,456,913.65,84.72,1.0
7061,214,35,2714,428,913.62,85.77,1.0
7062,222,41,2722,444,913.62,87.76,1.0
7063,217,43,2717,434,913.59,73.79,1.0
7064,222,36,2722,444,913.59,86.35,1.0
7065,19,26,2519,38,913.58,64.63,1.0
7066,190,32,2690,380,913.45,75.02,1.0
7067,288,35,2788,576,913.44,90.64,1.0
7068,44,8,2544,88,913.42,92.01,1.0
7069,190,43,2690,380,913.42,82.58,1.0
7070,212,11,2712,424,913.41,121.2,1.0
7071,184,32,2684,368,913.4,77.48,1.0
7072,212,35,2712,424,913.39,82.66,1.0
7073,220,40,2720,440,913.37,72.87,1.0
7074,229,32,2729,458,913.35,92.74,1.0
7075,239,40,2739,478,913.34,82.59,1.0
7076,217,46,2717,434,913.32,78.36,1.0
7077,228,36,2728,456,913.29,85.51,1.0
7078,174,12,2674,348,913.28,125.32,1.0
7079,96,9,2596,192,913.26,102.19,1.0
7080,2,9,2502,4,913.22,71.43,1.0
7081,219,36,2719,438,913.22,74.6,1.0
7082,110,9,2610,220,913.21,91.51,1.0
7083,220,38,2720,440,913.2,78.93,1.0
7084,296,46,2796,592,913.2,99.69,1.0
7085,274,47,2774,548,913.15,88.04,1.0
7086,213,46,2713,426,913.14,81.48,1.0
7087,213,42,2713,426,913.11,86.09,1.0
7088,190,41,2690,380,913.1,74.23,1.0
7089,228,38,2728,456,913.1,91.74,1.0
7090,189,33,2689,378,913.07,76.65,1.0
7091,115,28,2615,230,913.04,70.96,1.0
7092,181,9,2681,362,913.02,114.4,1.0
7093,254,34,2754,508,913.01,74.27,1.0
7094,243,47,2743,486,912.97,84.1,1.0
7095,134,29,2634,268,912.94,75.96,1.0
7096,220,30,2720,440,912.9,76.87,1.0
7097,129,28,2629,258,912.87,78.18,1.0
7098,262,47,2762,524,912.87,88.95,1.0
7099,239,36,2739,478,912.84,87.73,1.0
7100,237,35,2737,474,912.82,75.95,1.0
7101,52,9,2552,104,912.81,91.74,1.0
7102,67,10,2567,134,912.77,91.85,1.0
7103,225,38,2725,450,912.77,87.14,1.0
7104,50,27,2550,100,912.75,64.7,1.0
7105,229,42,2729,458,912.75,82.75,1.0
7106,216,35,2716,432,912.74,85.77,1.0
7107,270,49,2770,540,912.7,97.22,1.0
7108,67,27,2567,134,912.69,65.27,1.0
7109,210,41,2710,420,912.69,78.8,1.0
7110,216,42,2716,432,912.69,69.96,1.0
7111,205,37,2705,410,912.68,78.69,1.0
7112,232,45,2732,464,912.68,89.41,1.0
7113,269,46,2769,538,912.68,82.17,1.0
7114,223,40,2723,446,912.67,85.73,1.0
7115,241,47,2741,482,912.65,82.06,1.0
7116,31,9,2531,62,912.64,87.21,1.0
7117,199,38,2699,398,912.63,74.62,1.0
7118,218,49,2718,436,912.61,83.94,1.0
7119,223,35,2723,446,912.61,79.15,1.0
7120,254,45,2754,508,912.6,81.69,1.0
7121,273,48,2773,546,912.6,84.78,1.0
7122,183,28,2683,366,912.58,82.41,1.0
7123,292,34,2792,584,912.58,102.66,1.0
7124,210,46,2710,420,912.57,81.42,1.0
7125,252,33,2752,504,912.56,83.8,1.0
7126,240,45,2740,480,912.54,92.47,1.0
7127,57,9,2557,114,912.52,82.41,1.0
7128,212,41,2712,424,912.52,80.71,1.0
7129,187,11,2687,374,912.48,112.22,1.0
7130,225,40,2725,450,912.47,90.21,1.0
7131,263,47,2763,526,912.45,94.19,1.0
7132,234,36,2734,468,912.43,84.31,1.0
7133,252,42,2752,504,912.41,92.91,1.0
7134,252,40,2752,504,912.38,90.08,1.0
7135,228,33,2728,456,912.37,85.08,1.0
7136,186,40,2686,372,912.34,78.24,1.0
7137,134,9,2634,268,912.32,112.27,1.0
7138,203,47,2703,406,912.32,76.74,1.0
7139,228,39,2728,456,912.31,77.49,1.0
7140,84,27,2584,168,912.28,75.85,1.0
7141,286,50,2786,572,912.26,92.06,1.0
7142,199,39,2699,398,912.24,81.01,1.0
7143,5,9,2505,10,912.22,86.64,1.0
7144,33,26,2533,66,912.2,71.75,1.0
7145,224,45,2724,448,912.2,83.57,1.0
7146,276,12,2776,552,912.2,142.1,1.0
7147,78,27,2578,156,912.19,74.62,1.0
7148,101,9,2601,202,912.07,108.48,1.0
7149,230,38,2730,460,912.05,79.25,1.0
7150,270,48,2770,540,912.05,95.56,1.0
7151,179,29,2679,358,911.99,76.75,1.0
7152,216,31,2716,432,911.98,84.64,1.0
7153,223,31,2723,446,911.98,87.44,1.0
7154,61,26,2561,122,911.96,72.22,1.0
7155,240,35,2740,480,911.96,92.46,1.0
7156,158,11,2658,316,911.94,105.86,1.0
7157,250,33,2750,500,911.94,102.59,1.0
7158,219,30,2719,438,911.93,83.44,1.0
7159,190,36,2690,380,911.92,73.28,1.0
7160,269,47,2769,538,911.92,84.93,1.0
7161,186,38,2686,372,911.9,74.14,1.0
7162,34,26,2534,68,911.88,66.22,1.0
7163,208,41,2708,416,911.86,76.29,1.0
7164,73,9,2573,146,911.82,102.85,1.0
7165,186,41,2686,372,911.8,82.66,1.0
7166,268,37,2768,536,911.79,87.88,1.0
7167,227,49,2727,454,911.78,84.94,1.0
7168,259,10,2759,518,911.77,133.44,1.0
7169,260,46,2760,520,911.77,85.34,1.0
7170,240,33,2740,480,911.76,86.92,1.0
7171,217,11,2717,434,911.74,114.75,1.0
7172,213,43,2713,426,911.74,85.53,1.0
7173,73,27,2573,146,911.73,76.04,1.0
7174,216,44,2716,432,911.7,77.87,1.0
7175,219,31,2719,438,911.69,79.33,1.0
7176,222,31,2722,444,911.69,85.86,1.0
7177,189,30,2689,378,911.64,80.33,1.0
7178,247,48,2747,494,911.58,84.5,1.0
7179,146,29,2646,292,911.55,76.95,1.0
7180,219,37,2719,438,911.55,82.36,1.0
7181,253,10,2753,506,911.53,110.56,1.0
7182,221,46,2721,442,911.49,75.23,1.0
7183,248,44,2748,496,911.44,82.08,1.0
7184,249,45,2749,498,911.37,81.0,1.0
7185,215,41,2715,430,911.33,86.28,1.0
7186,290,11,2790,580,911.32,131.14,1.0
7187,297,11,2797,594,911.32,135.92,1.0
7188,184,31,2684,368,911.28,72.72,1.0
7189,209,46,2709,418,911.28,80.55,1.0
7190,246,46,2746,492,911.28,82.36,1.0
7191,239,44,2739,478,911.23,88.01,1.0
7192,208,43,2708,416,911.22,79.57,1.0
7193,30,26,2530,60,911.15,58.22,1.0
7194,0,26,2500,0,911.14,63.85,1.0
7195,197,44,2697,394,911.14,78.77,1.0
7196,17,8,2517,34,911.13,78.03,1.0
7197,249,39,2749,498,911.1,80.94,1.0
7198,213,47,2713,426,911.07,88.7,1.0
7199,132,28,2632,264,911.05,70.61,1.0
7200,186,31,2686,372,911.03,76.26,1.0
7201,212,43,2712,424,911.0,82.76,1.0
7202,75,28,2575,150,910.98,66.46,1.0
7203,234,44,2734,468,910.98,94.23,1.0
7204,283,49,2783,566,910.98,99.47,1.0
7205,12,26,2512,24,910.94,59.87,1.0
7206,237,32,2737,474,910.94,78.65,1.0
7207,244,47,2744,488,910.93,90.1,1.0
7208,152,10,2652,304,910.91,120.18,1.0
7209,149,10,2649,298,910.87,118.95,1.0
7210,216,43,2716,432,910.86,84.43,1.0
7211,239,33,2739,478,910.84,84.63,1.0
7212,243,11,2743,486,910.84,131.46,1.0
7213,242,49,2742,484,910.83,86.73,1.0
7214,186,36,2686,372,910.82,75.23,1.0
7215,287,51,2787,574,910.82,98.05,1.0
7216,186,30,2686,372,910.81,81.67,1.0
7217,247,49,2747,494,910.8,88.85,1.0
7218,8,26,2508,16,910.78,66.73,1.0
7219,268,31,2768,536,910.75,87.77,1.0
7220,26,26,2526,52,910.73,67.26,1.0
7221,11,26,2511,22,910.72,60.85,1.0
7222,220,31,2720,440,910.72,73.32,1.0
7223,245,45,2745,490,910.72,82.28,1.0
7224,249,44,2749,498,910.68,82.82,1.0
7225,174,28,2674,348,910.66,82.56,1.0
7226,299,11,2799,598,910.65,139.3,1.0
7227,181,42,2681,362,910.64,79.27,1.0
7228,188,41,2688,376,910.63,77.05,1.0
7229,219,38,2719,438,910.63,82.85,1.0
7230,225,45,2725,450,910.61,92.84,1.0
7231,239,30,2739,478,910.58,87.01,1.0
7232,12,9,2512,24,910.54,76.1,1.0
7233,29,26,2529,58,910.51,67.61,1.0
7234,211,35,2711,422,910.48,69.19,1.0
7235,299,51,2799,598,910.42,87.88,1.0
7236,208,30,2708,416,910.4,81.78,1.0
7237,268,35,2768,536,910.4,91.26,1.0
7238,252,43,2752,504,910.35,96.68,1.0
7239,157,34,2657,314,910.3,79.55,1.0
7240,228,32,2728,456,910.3,79.7,1.0
7241,16,8,2516,32,910.27,78.9,1.0
7242,164,11,2664,328,910.25,105.93,1.0
7243,298,50,2798,596,910.24,93.22,1.0
7244,215,39,2715,430,910.18,76.56,1.0
7245,91,9,2591,182,910.16,97.82,1.0
7246,203,46,2703,406,910.16,78.47,1.0
7247,219,41,2719,438,910.11,79.72,1.0
7248,212,45,2712,424,910.1,90.07,1.0
7249,56,27,2556,112,910.04,62.68,1.0
7250,206,46,2706,412,910.03,75.75,1.0
7251,27,9,2527,54,909.99,78.58,1.0
7252,188,10,2688,376,909.98,115.8,1.0
7253,210,33,2710,420,909.98,81.81,1.0
7254,186,32,2686,372,909.97,77.3,1.0
7255,230,31,2730,460,909.94,78.34,1.0
7256,252,44,2752,504,909.94,92.98,1.0
7257,130,28,2630,260,909.89,74.25,1.0
7258,225,36,2725,450,909.88,90.48,1.0
7259,252,41,2752,504,909.86,97.87,1.0
7260,95,27,2595,190,909.84,68.25,1.0
7261,231,50,2731,462,909.84,83.32,1.0
7262,232,46,2732,464,909.84,90.15,1.0
7263,190,37,2690,380,909.76,72.97,1.0
7264,256,47,2756,512,909.73,89.88,1.0
7265,71,8,2571,142,909.68,85.46,1.0
7266,216,40,2716,432,909.67,87.51,1.0
7267,205,40,2705,410,909.62,85.6,1.0
7268,205,38,2705,410,909.6,81.83,1.0
7269,179,11,2679,358,909.59,111.5,1.0
7270,205,34,2705,410,909.56,85.62,1.0
7271,10,8,2510,20,909.54,66.05,1.0
7272,234,32,2734,468,909.54,85.38,1.0
7273,261,50,2761,522,909.53,93.76,1.0
7274,220,39,2720,440,909.52,73.72,1.0
7275,270,50,2770,540,909.51,88.82,1.0
7276,184,40,2684,368,909.44,67.22,1.0
7277,220,33,2720,440,909.39,86.67,1.0
7278,181,36,2681,362,909.38,82.31,1.0
7279,135,9,2635,270,909.37,113.88,1.0
7280,184,36,2684,368,909.33,70.53,1.0
7281,285,11,2785,570,909.33,145.2,1.0
7282,111,27,2611,222,909.32,67.31,1.0
7283,177,10,2677,354,909.32,114.96,1.0
7284,201,33,2701,402,909.24,81.87,1.0
7285,223,33,2723,446,909.24,84.79,1.0
7286,43,8,2543,86,909.22,86.95,1.0
7287,166,30,2666,332,909.22,72.15,1.0
7288,205,41,2705,410,909.19,85.56,1.0
7289,181,44,2681,362,909.18,87.35,1.0
7290,190,38,2690,380,909.18,82.69,1.0
7291,267,48,2767,534,909.16,97.75,1.0
7292,234,35,2734,468,909.12,86.55,1.0
7293,5,26,2505,10,909.1,62.0,1.0
7294,240,37,2740,480,909.09,101.63,1.0
7295,234,33,2734,468,909.02,84.79,1.0
7296,247,11,2747,494,909.02,126.82,1.0
7297,184,38,2684,368,908.98,71.06,1.0
7298,184,35,2684,368,908.97,75.96,1.0
7299,239,43,2739,478,908.96,84.12,1.0
7300,234,42,2734,468,908.94,83.28,1.0
7301,292,45,2792,584,908.94,100.82,1.0
7302,199,45,2699,398,908.92,85.31,1.0
7303,234,11,2734,468,908.89,121.19,1.0
7304,215,42,2715,430,908.84,81.38,1.0
7305,292,33,2792,584,908.83,103.95,1.0
7306,190,42,2690,380,908.75,79.37,1.0
7307,258,49,2758,516,908.72,96.33,1.0
7308,109,9,2609,218,908.69,97.33,1.0
7309,97,27,2597,194,908.64,77.64,1.0
7310,201,38,2701,402,908.58,83.17,1.0
7311,289,12,2789,578,908.55,135.18,1.0
7312,252,35,2752,504,908.53,101.21,1.0
7313,25,8,2525,50,908.52,80.17,1.0
7314,188,34,2688,376,908.52,67.78,1.0
7315,291,52,2791,582,908.49,94.39,1.0
7316,206,44,2706,412,908.48,78.55,1.0
7317,169,29,2669,338,908.46,89.12,1.0
7318,217,47,2717,434,908.45,77.92,1.0
7319,261,51,2761,522,908.45,96.07,1.0
7320,199,46,2699,398,908.44,82.64,1.0
7321,283,11,2783,566,908.44,157.99,1.0
7322,230,35,2730,460,908.43,76.27,1.0
7323,193,30,2693,386,908.37,88.4,1.0
7324,219,34,2719,438,908.37,83.6,1.0
7325,224,46,2724,448,908.37,93.74,1.0
7326,280,49,2780,560,908.37,102.79,1.0
7327,188,33,2688,376,908.36,73.18,1.0
7328,207,11,2707,414,908.36,129.09,1.0
7329,277,11,2777,554,908.36,132.19,1.0
7330,25,26,2525,50,908.28,67.12,1.0
7331,268,12,2768,536,908.27,128.57,1.0
7332,297,49,2797,594,908.2,92.83,1.0
7333,215,32,2715,430,908.17,80.41,1.0
7334,234,40,2734,468,908.15,89.21,1.0
7335,223,42,2723,446,908.14,79.67,1.0
7336,276,46,2776,552,908.14,99.94,1.0
7337,216,32,2716,432,908.09,85.89,1.0
7338,295,49,2795,590,908.03,88.88,1.0
7339,208,33,2708,416,908.02,88.82,1.0
7340,202,29,2702,404,908.01,86.55,1.0
7341,185,47,2685,370,907.98,82.66,1.0
7342,155,29,2655,310,907.97,83.36,1.0
7343,205,30,2705,410,907.96,77.37,1.0
7344,234,38,2734,468,907.96,87.71,1.0
7345,63,27,2563,126,907.95,69.34,1.0
7346,53,27,2553,106,907.94,65.64,1.0
7347,232,48,2732,464,907.91,96.31,1.0
7348,58,27,2558,116,907.88,74.83,1.0
7349,189,36,2689,378,907.81,85.77,1.0
7350,248,37,2748,496,907.78,81.47,1.0
7351,211,11,2711,422,907.77,126.64,1.0
7352,7,26,2507,14,907.76,64.98,1.0
7353,215,43,2715,430,907.75,80.08,1.0
7354,65,27,2565,130,907.74,66.78,1.0
7355,184,39,2684,368,907.7,77.47,1.0
7356,230,11,2730,460,907.7,123.23,1.0
7357,216,36,2716,432,907.69,77.26,1.0
7358,157,44,2657,314,907.68,71.86,1.0
7359,68,10,2568,136,907.62,87.62,1.0
7360,274,11,2774,548,907.62,134.53,1.0
7361,219,40,2719,438,907.61,85.26,1.0
7362,273,11,2773,546,907.6,136.56,1.0
7363,290,50,2790,580,907.6,93.42,1.0
7364,228,45,2728,456,907.57,90.52,1.0
7365,178,10,2678,356,907.55,106.19,1.0
7366,210,11,2710,420,907.52,119.58,1.0
7367,29,9,2529,58,907.5,80.06,1.0
7368,219,45,2719,438,907.48,85.1,1.0
7369,215,40,2715,430,907.48,79.74,1.0
7370,226,47,2726,452,907.48,90.99,1.0
7371,181,38,2681,362,907.46,90.59,1.0
7372,190,45,2690,380,907.46,81.32,1.0
7373,166,31,2666,332,907.45,72.15,1.0
7374,184,44,2684,368,907.45,79.59,1.0
7375,8,8,2508,16,907.44,76.89,1.0
7376,219,42,2719,438,907.42,83.81,1.0
7377,208,45,2708,416,907.42,83.85,1.0
7378,99,28,2599,198,907.41,63.52,1.0
7379,108,28,2608,216,907.4,73.81,1.0
7380,201,35,2701,402,907.38,85.67,1.0
7381,223,43,2723,446,907.37,77.89,1.0
7382,259,51,2759,518,907.37,94.82,1.0
7383,74,9,2574,148,907.33,104.65,1.0
7384,105,28,2605,210,907.32,75.92,1.0
7385,184,30,2684,368,907.3,71.42,1.0
7386,55,10,2555,110,907.28,89.34,1.0
7387,252,38,2752,504,907.26,93.46,1.0
7388,88,27,2588,176,907.24,70.0,1.0
7389,157,35,2657,314,907.21,75.78,1.0
7390,223,38,2723,446,907.19,85.32,1.0
7391,157,41,2657,314,907.12,75.85,1.0
7392,64,27,2564,128,907.08,74.73,1.0
7393,176,34,2676,352,907.0,76.85,1.0
7394,266,48,2766,532,906.99,86.7,1.0
7395,265,51,2765,530,906.95,98.28,1.0
7396,236,47,2736,472,906.94,96.67,1.0
7397,208,36,2708,416,906.92,83.25,1.0
7398,228,10,2728,456,906.92,132.35,1.0
7399,189,37,2689,378,906.89,72.38,1.0
7400,120,10,2620,240,906.87,107.19,1.0
7401,248,41,2748,496,906.87,78.0,1.0
7402,288,39,2788,576,906.83,98.02,1.0
7403,230,33,2730,460,906.81,80.93,1.0
7404,196,47,2696,392,906.79,85.51,1.0
7405,186,34,2686,372,906.76,77.32,1.0
7406,293,11,2793,586,906.74,144.29,1.0
7407,189,31,2689,378,906.69,74.93,1.0
7408,265,50,2765,530,906.66,92.59,1.0
7409,219,33,2719,438,906.65,80.93,1.0
7410,222,32,2722,444,906.62,86.83,1.0
7411,242,48,2742,484,906.62,91.03,1.0
7412,193,31,2693,386,906.6,76.13,1.0
7413,230,40,2730,460,906.6,79.35,1.0
7414,207,44,2707,414,906.59,80.82,1.0
7415,287,52,2787,574,906.57,88.5,1.0
7416,212,46,2712,424,906.54,86.29,1.0
7417,224,47,2724,448,906.54,87.46,1.0
7418,76,28,2576,152,906.53,71.79,1.0
7419,98,9,2598,196,906.53,100.61,1.0
7420,9,26,2509,18,906.48,63.38,1.0
7421,254,46,2754,508,906.48,82.35,1.0
7422,230,39,2730,460,906.47,82.6,1.0
7423,186,35,2686,372,906.46,77.29,1.0
7424,167,29,2667,334,906.42,76.09,1.0
7425,214,46,2714,428,906.42,82.39,1.0
7426,150,29,2650,300,906.37,82.38,1.0
7427,219,32,2719,438,906.34,77.02,1.0
7428,36,9,2536,72,906.31,83.96,1.0
7429,22,27,2522,44,906.29,61.54,1.0
7430,65,9,2565,130,906.29,87.58,1.0
7431,181,34,2681,362,906.26,83.71,1.0
7432,294,51,2794,588,906.26,90.05,1.0
7433,192,11,2692,384,906.25,123.51,1.0
7434,283,12,2783,566,906.23,132.37,1.0
7435,193,39,2693,386,906.22,82.93,1.0
7436,4,8,2504,8,906.21,74.18,1.0
7437,186,42,2686,372,906.19,79.12,1.0
7438,211,42,2711,422,906.17,80.14,1.0
7439,189,35,2689,378,906.16,74.63,1.0
7440,262,48,2762,524,906.09,83.55,1.0
7441,107,28,2607,214,906.06,73.66,1.0
7442,237,45,2737,474,906.06,82.64,1.0
7443,252,39,2752,504,906.05,94.29,1.0
7444,166,40,2666,332,906.03,76.0,1.0
7445,230,30,2730,460,906.03,84.15,1.0
7446,188,46,2688,376,905.94,71.22,1.0
7447,219,43,2719,438,905.94,85.7,1.0
7448,271,51,2771,542,905.94,95.61,1.0
7449,220,37,2720,440,905.91,78.66,1.0
7450,234,31,2734,468,905.88,91.03,1.0
7451,294,52,2794,588,905.86,94.06,1.0
7452,66,8,2566,132,905.83,100.2,1.0
7453,241,10,2741,482,905.82,132.19,1.0
7454,112,28,2612,224,905.8,73.74,1.0
7455,176,10,2676,352,905.77,112.17,1.0
7456,190,30,2690,380,905.77,74.15,1.0
7457,182,29,2682,364,905.72,81.98,1.0
7458,193,44,2693,386,905.71,83.67,1.0
7459,237,46,2737,474,905.71,83.47,1.0
7460,238,51,2738,476,905.7,84.44,1.0
7461,268,46,2768,536,905.64,93.05,1.0
7462,191,29,2691,382,905.63,79.69,1.0
7463,292,12,2792,584,905.61,135.39,1.0
7464,216,37,2716,432,905.6,86.25,1.0
7465,215,35,2715,430,905.58,75.22,1.0
7466,288,47,2788,576,905.52,90.86,1.0
7467,234,43,2734,468,905.5,86.99,1.0
7468,205,39,2705,410,905.48,78.1,1.0
7469,166,32,2666,332,905.46,76.95,1.0
7470,295,48,2795,590,905.44,93.55,1.0
7471,205,43,2705,410,905.37,78.25,1.0
7472,203,10,2703,406,905.36,112.93,1.0
7473,176,31,2676,352,905.34,87.78,1.0
7474,189,41,2689,378,905.34,73.74,1.0
7475,220,45,2720,440,905.31,85.43,1.0
7476,195,10,2695,390,905.28,120.06,1.0
7477,190,46,2690,380,905.28,74.17,1.0
7478,166,39,2666,332,905.23,79.27,1.0
7479,222,40,2722,444,905.23,87.22,1.0
7480,62,9,2562,124,905.22,82.61,1.0
7481,181,35,2681,362,905.2,77.77,1.0
7482,239,45,2739,478,905.2,84.62,1.0
7483,225,31,2725,450,905.18,85.47,1.0
7484,101,28,2601,202,905.17,75.65,1.0
7485,137,29,2637,274,905.12,82.22,1.0
7486,138,9,2638,276,905.11,107.89,1.0
7487,252,10,2752,504,905.07,133.34,1.0
7488,272,47,2772,544,905.07,93.03,1.0
7489,222,33,2722,444,905.06,83.71,1.0
7490,290,51,2790,580,905.06,94.41,1.0
7491,120,28,2620,240,905.05,80.47,1.0
7492,208,44,2708,416,905.04,78.45,1.0
7493,238,52,2738,476,905.04,87.53,1.0
7494,211,34,2711,422,905.0,76.16,1.0
7495,200,12,2700,400,905.0,114.74,1.0
7496,115,9,2615,230,904.99,98.49,1.0
7497,186,37,2686,372,904.94,68.8,1.0
7498,232,47,2732,464,904.92,96.18,1.0
7499,205,44,2705,410,904.91,83.6,1.0
7500,21,26,2521,42,904.84,60.31,1.0
7501,215,38,2715,430,904.82,79.49,1.0
7502,208,38,2708,416,904.81,88.38,1.0
7503,205,36,2705,410,904.8,92.75,1.0
7504,222,38,2722,444,904.78,88.59,1.0
7505,238,50,2738,476,904.76,83.34,1.0
7506,161,38,2661,322,904.74,76.71,1.0
7507,183,13,2683,366,904.74,105.16,1.0
7508,238,10,2738,476,904.65,124.36,1.0
7509,233,50,2733,466,904.65,85.44,1.0
7510,58,9,2558,116,904.62,85.91,1.0
7511,286,51,2786,572,904.62,95.57,1.0
7512,277,48,2777,554,904.61,92.99,1.0
7513,193,40,2693,386,904.6,81.1,1.0
7514,224,48,2724,448,904.58,87.21,1.0
7515,179,10,2679,358,904.57,110.63,1.0
7516,222,43,2722,444,904.51,90.36,1.0
7517,236,48,2736,472,904.51,93.82,1.0
7518,213,48,2713,426,904.49,86.7,1.0
7519,184,45,2684,368,904.47,79.38,1.0
7520,234,30,2734,468,904.46,91.44,1.0
7521,98,28,2598,196,904.43,73.94,1.0
7522,251,48,2751,502,904.43,91.36,1.0
7523,32,26,2532,64,904.42,65.26,1.0
7524,274,48,2774,548,904.38,95.58,1.0
7525,283,50,2783,566,904.35,103.82,1.0
7526,254,47,2754,508,904.34,90.79,1.0
7527,228,47,2728,456,904.3,85.96,1.0
7528,230,37,2730,460,904.3,83.01,1.0
7529,211,10,2711,422,904.28,133.09,1.0
7530,222,39,2722,444,904.23,87.65,1.0
7531,234,41,2734,468,904.22,84.97,1.0
7532,285,50,2785,570,904.17,98.78,1.0
7533,293,10,2793,586,904.17,144.43,1.0
7534,282,48,2782,564,904.16,88.58,1.0
7535,225,35,2725,450,904.12,85.49,1.0
7536,250,47,2750,500,904.12,95.15,1.0
7537,144,29,2644,288,904.1,69.49,1.0
7538,160,29,2660,320,904.07,75.98,1.0
7539,242,11,2742,484,904.07,134.76,1.0
7540,195,34,2695,390,904.06,76.0,1.0
7541,208,35,2708,416,904.0,89.15,1.0
7542,189,42,2689,378,903.96,78.86,1.0
7543,186,44,2686,372,903.94,80.79,1.0
7544,234,39,2734,468,903.91,85.97,1.0
7545,189,43,2689,378,903.89,73.32,1.0
7546,28,26,2528,56,903.76,62.64,1.0
7547,207,41,2707,414,903.73,81.99,1.0
7548,205,35,2705,410,903.68,87.48,1.0
7549,166,41,2666,332,903.67,73.99,1.0
7550,168,9,2668,336,903.66,123.9,1.0
7551,287,10,2787,574,903.62,138.72,1.0
7552,189,38,2689,378,903.58,78.47,1.0
7553,219,46,2719,438,903.56,91.33,1.0
7554,230,34,2730,460,903.45,86.31,1.0
7555,112,11,2612,224,903.43,102.39,1.0
7556,215,44,2715,430,903.42,76.04,1.0
7557,208,32,2708,416,903.39,85.32,1.0
7558,201,44,2701,402,903.39,77.74,1.0
7559,240,40,2740,480,903.39,92.26,1.0
7560,300,51,2800,600,903.38,100.3,1.0
7561,207,38,2707,414,903.37,80.91,1.0
7562,155,10,2655,310,903.36,106.18,1.0
7563,193,35,2693,386,903.36,79.33,1.0
7564,205,45,2705,410,903.36,83.3,1.0
7565,201,36,2701,402,903.35,83.5,1.0
7566,297,50,2797,594,903.32,96.52,1.0
7567,205,32,2705,410,903.28,86.44,1.0
7568,23,8,2523,46,903.27,81.1,1.0
7569,298,11,2798,596,903.26,155.0,1.0
7570,261,10,2761,522,903.24,136.2,1.0
7571,93,28,2593,186,903.23,62.81,1.0
7572,190,44,2690,380,903.23,77.01,1.0
7573,28,9,2528,56,903.2,81.09,1.0
7574,175,10,2675,350,903.2,125.79,1.0
7575,231,51,2731,462,903.2,86.26,1.0
7576,181,39,2681,362,903.16,78.56,1.0
7577,260,47,2760,520,903.16,96.73,1.0
7578,277,50,2777,554,903.14,97.69,1.0
7579,26,8,2526,52,903.13,77.12,1.0
7580,230,42,2730,460,903.13,75.53,1.0
7581,193,36,2693,386,903.11,90.84,1.0
7582,215,33,2715,430,903.1,79.67,1.0
7583,160,10,2660,320,903.06,99.98,1.0
7584,249,42,2749,498,903.04,80.38,1.0
7585,265,10,2765,530,903.02,129.68,1.0
7586,193,45,2693,386,902.98,83.17,1.0
7587,252,46,2752,504,902.98,89.25,1.0
7588,225,39,2725,450,902.97,82.19,1.0
7589,278,49,2778,556,902.97,97.26,1.0
7590,294,50,2794,588,902.94,94.85,1.0
7591,166,44,2666,332,902.93,74.57,1.0
7592,189,10,2689,378,902.92,117.93,1.0
7593,162,29,2662,324,902.91,83.46,1.0
7594,166,33,2666,332,902.88,67.23,1.0
7595,228,46,2728,456,902.84,94.28,1.0
7596,205,33,2705,410,902.83,87.48,1.0
7597,157,33,2657,314,902.81,77.97,1.0
7598,181,32,2681,362,902.79,86.33,1.0
7599,164,29,2664,328,902.76,75.06,1.0
7600,189,32,2689,378,902.74,82.47,1.0
7601,293,51,2793,586,902.7,90.53,1.0
7602,211,40,2711,422,902.69,79.01,1.0
7603,235,50,2735,470,902.69,89.71,1.0
7604,202,39,2702,404,902.59,87.82,1.0
7605,189,45,2689,378,902.55,76.99,1.0
7606,71,28,2571,142,902.54,73.66,1.0
7607,193,32,2693,386,902.53,87.66,1.0
7608,176,42,2676,352,902.52,81.69,1.0
7609,77,8,2577,154,902.48,91.92,1.0
7610,100,9,2600,200,902.48,100.67,1.0
7611,266,49,2766,532,902.46,78.23,1.0
7612,51,27,2551,102,902.42,70.84,1.0
7613,201,34,2701,402,902.41,75.07,1.0
7614,232,11,2732,464,902.4,132.45,1.0
7615,20,8,2520,40,902.39,76.81,1.0
7616,236,46,2736,472,902.38,92.8,1.0
7617,157,36,2657,314,902.32,75.94,1.0
7618,126,29,2626,252,902.31,72.38,1.0
7619,201,39,2701,402,902.3,79.75,1.0
7620,191,10,2691,382,902.24,112.26,1.0
7621,205,42,2705,410,902.23,84.55,1.0
7622,151,29,2651,302,902.2,73.71,1.0
7623,207,36,2707,414,902.19,73.16,1.0
7624,249,46,2749,498,902.19,75.97,1.0
7625,181,31,2681,362,902.15,82.48,1.0
7626,68,27,2568,136,902.13,67.13,1.0
7627,258,50,2758,516,902.1,93.36,1.0
7628,250,11,2750,500,902.08,130.83,1.0
7629,80,10,2580,160,902.06,96.97,1.0
7630,50,8,2550,100,902.05,90.41,1.0
7631,148,29,2648,296,902.04,80.97,1.0
7632,201,41,2701,402,902.02,84.48,1.0
7633,277,49,2777,554,902.02,104.04,1.0
7634,195,43,2695,390,901.99,79.31,1.0
7635,181,43,2681,362,901.97,91.86,1.0
7636,199,47,2699,398,901.97,85.61,1.0
7637,208,31,2708,416,901.95,85.83,1.0
7638,236,49,2736,472,901.94,95.96,1.0
7639,163,37,2663,326,901.9,84.98,1.0
7640,113,29,2613,226,901.86,70.51,1.0
7641,225,32,2725,450,901.85,88.61,1.0
7642,211,36,2711,422,901.82,81.34,1.0
7643,116,9,2616,232,901.76,105.23,1.0
7644,201,30,2701,402,901.76,81.26,1.0
7645,273,49,2773,546,901.74,86.09,1.0
7646,207,43,2707,414,901.72,75.5,1.0
7647,211,33,2711,422,901.71,85.93,1.0
7648,221,10,2721,442,901.7,124.08,1.0
7649,166,43,2666,332,901.65,71.48,1.0
7650,214,47,2714,428,901.65,87.19,1.0
7651,186,39,2686,372,901.64,80.99,1.0
7652,181,40,2681,362,901.63,76.11,1.0
7653,60,27,2560,120,901.61,70.23,1.0
7654,189,40,2689,378,901.6,67.47,1.0
7655,222,45,2722,444,901.5,90.84,1.0
7656,208,39,2708,416,901.47,86.45,1.0
7657,211,31,2711,422,901.44,85.04,1.0
7658,215,12,2715,430,901.4,114.89,1.0
7659,180,46,2680,360,901.38,73.96,1.0
7660,118,29,2618,236,901.36,70.1,1.0
7661,274,12,2774,548,901.36,143.84,1.0
7662,207,32,2707,414,901.34,75.25,1.0
7663,230,41,2730,460,901.29,80.01,1.0
7664,180,47,2680,360,901.25,75.79,1.0
7665,193,38,2693,386,901.23,82.78,1.0
7666,154,29,2654,308,901.22,82.33,1.0
7667,154,10,2654,308,901.19,104.85,1.0
7668,168,33,2668,336,901.16,80.58,1.0
7669,124,28,2624,248,901.14,76.36,1.0
7670,161,9,2661,322,901.13,101.51,1.0
7671,157,37,2657,314,901.11,74.74,1.0
7672,176,38,2676,352,901.1,78.53,1.0
7673,215,34,2715,430,901.1,84.42,1.0
7674,79,9,2579,158,901.09,98.48,1.0
7675,176,36,2676,352,901.08,81.53,1.0
7676,226,49,2726,452,901.08,84.1,1.0
7677,34,9,2534,68,901.04,89.93,1.0
7678,149,29,2649,298,901.03,78.21,1.0
7679,249,12,2749,498,901.0,123.74,1.0
7680,203,48,2703,406,900.98,79.17,1.0
7681,77,28,2577,154,900.92,70.0,1.0
7682,141,9,2641,282,900.91,109.26,1.0
7683,163,42,2663,326,900.9,78.55,1.0
7684,289,50,2789,578,900.88,98.95,1.0
7685,166,36,2666,332,900.85,72.13,1.0
7686,124,10,2624,248,900.84,104.45,1.0
7687,211,32,2711,422,900.84,81.83,1.0
7688,133,29,2633,266,900.83,78.26,1.0
7689,244,49,2744,488,900.83,85.13,1.0
7690,279,52,2779,558,900.83,89.66,1.0
7691,181,45,2681,362,900.8,78.73,1.0
7692,206,10,2706,412,900.8,120.4,1.0
7693,202,31,2702,404,900.79,89.99,1.0
7694,70,28,2570,140,900.78,67.88,1.0
7695,161,32,2661,322,900.78,76.27,1.0
7696,207,39,2707,414,900.74,79.36,1.0
7697,165,10,2665,330,900.73,118.91,1.0
7698,246,47,2746,492,900.73,79.89,1.0
7699,285,49,2785,570,900.73,90.1,1.0
7700,202,42,2702,404,900.7,85.47,1.0
7701,230,43,2730,460,900.66,81.57,1.0
7702,161,41,2661,322,900.6,70.83,1.0
7703,122,9,2622,244,900.59,101.53,1.0
7704,131,9,2631,262,900.58,104.89,1.0
7705,225,10,2725,450,900.58,133.91,1.0
7706,92,28,2592,184,900.56,71.84,1.0
7707,157,31,2657,314,900.54,73.46,1.0
7708,141,34,2641,282,900.5,73.99,1.0
7709,173,29,2673,346,900.5,80.79,1.0
7710,230,32,2730,460,900.5,81.94,1.0
7711,139,8,2639,278,900.49,111.66,1.0
7712,193,42,2693,386,900.49,84.01,1.0
7713,201,42,2701,402,900.49,86.24,1.0
7714,222,37,2722,444,900.48,86.98,1.0
7715,198,32,2698,396,900.45,74.32,1.0
7716,197,38,2697,394,900.4,75.52,1.0
7717,132,10,2632,264,900.36,102.35,1.0
7718,237,11,2737,474,900.36,121.63,1.0
7719,257,10,2757,514,900.36,132.65,1.0
7720,163,38,2663,326,900.35,78.92,1.0
7721,106,9,2606,212,900.34,88.55,1.0
7722,82,28,2582,164,900.3,72.17,1.0
7723,13,9,2513,26,900.27,77.04,1.0
7724,166,35,2666,332,900.24,70.3,1.0
7725,255,48,2755,510,900.24,89.75,1.0
7726,18,8,2518,36,900.23,77.35,1.0
7727,197,30,2697,394,900.22,83.72,1.0
7728,221,48,2721,442,900.22,80.92,1.0
7729,201,31,2701,402,900.2,90.21,1.0
7730,46,9,2546,92,900.18,74.88,1.0
7731,165,42,2665,330,900.18,80.23,1.0
7732,176,40,2676,352,900.17,89.39,1.0
7733,189,34,2689,378,900.15,77.45,1.0
7734,157,42,2657,314,900.14,74.61,1.0
7735,230,36,2730,460,900.14,70.66,1.0
7736,198,39,2698,396,900.1,82.18,1.0
7737,227,50,2727,454,900.1,78.27,1.0
7738,171,10,2671,342,900.09,112.87,1.0
7739,298,12,2798,596,900.08,140.33,1.0
7740,123,9,2623,246,900.06,105.72,1.0
7741,96,28,2596,192,900.02,73.75,1.0
7742,296,13,2796,592,900.0,141.26,1.0
7743,176,35,2676,352,899.96,81.94,1.0
7744,172,29,2672,344,899.95,80.71,1.0
7745,225,46,2725,450,899.92,91.48,1.0
7746,292,46,2792,584,899.92,97.55,1.0
7747,197,31,2697,394,899.91,76.83,1.0
7748,189,39,2689,378,899.91,73.1,1.0
7749,158,29,2658,316,899.9,76.78,1.0
7750,296,48,2796,592,899.86,104.77,1.0
7751,162,9,2662,324,899.85,120.83,1.0
7752,231,9,2731,462,899.84,117.47,1.0
7753,244,48,2744,488,899.84,94.99,1.0
7754,86,28,2586,172,899.81,71.86,1.0
7755,208,46,2708,416,899.78,88.03,1.0
7756,15,27,2515,30,899.72,66.65,1.0
7757,41,9,2541,82,899.71,89.42,1.0
7758,202,41,2702,404,899.63,82.33,1.0
7759,157,43,2657,314,899.59,78.31,1.0
7760,186,33,2686,372,899.52,76.9,1.0
7761,296,47,2796,592,899.52,95.2,1.0
7762,43,27,2543,86,899.5,67.82,1.0
7763,189,44,2689,378,899.48,79.01,1.0
7764,166,42,2666,332,899.46,69.67,1.0
7765,296,12,2796,592,899.46,126.99,1.0
7766,233,49,2733,466,899.44,88.61,1.0
7767,168,32,2668,336,899.32,86.19,1.0
7768,272,48,2772,544,899.31,94.72,1.0
7769,193,34,2693,386,899.29,86.31,1.0
7770,274,50,2774,548,899.29,92.06,1.0
7771,209,47,2709,418,899.23,79.38,1.0
7772,11,8,2511,22,899.22,81.7,1.0
7773,131,29,2631,262,899.22,76.7,1.0
7774,3,8,2503,6,899.18,75.13,1.0
7775,279,11,2779,558,899.18,127.84,1.0
7776,104,10,2604,208,899.16,105.22,1.0
7777,195,32,2695,390,899.16,71.31,1.0
7778,206,47,2706,412,899.16,86.4,1.0
7779,68,9,2568,136,899.1,84.33,1.0
7780,208,37,2708,416,899.04,82.36,1.0
7781,273,51,2773,546,899.0,85.76,1.0
7782,252,45,2752,504,898.96,86.05,1.0
7783,109,28,2609,218,898.95,68.35,1.0
7784,81,28,2581,162,898.9,68.51,1.0
7785,146,9,2646,292,898.88,112.77,1.0
7786,21,9,2521,42,898.84,80.22,1.0
7787,193,37,2693,386,898.84,88.7,1.0
7788,186,43,2686,372,898.84,80.9,1.0
7789,214,48,2714,428,898.83,88.17,1.0
7790,147,29,2647,294,898.81,74.22,1.0
7791,253,52,2753,506,898.78,85.68,1.0
7792,165,45,2665,330,898.75,75.56,1.0
7793,211,41,2711,422,898.65,80.53,1.0
7794,198,31,2698,396,898.63,83.76,1.0
7795,211,43,2711,422,898.55,77.33,1.0
7796,223,46,2723,446,898.54,92.66,1.0
7797,119,28,2619,238,898.48,67.61,1.0
7798,195,41,2695,390,898.46,81.03,1.0
7799,230,44,2730,460,898.45,77.64,1.0
7800,204,39,2704,408,898.42,89.69,1.0
7801,198,34,2698,396,898.39,79.67,1.0
7802,256,48,2756,512,898.39,87.98,1.0
7803,197,40,2697,394,898.34,84.99,1.0
7804,207,37,2707,414,898.34,81.85,1.0
7805,32,10,2532,64,898.33,78.05,1.0
7806,223,10,2723,446,898.3,121.12,1.0
7807,166,37,2666,332,898.28,72.05,1.0
7808,268,47,2768,536,898.28,88.28,1.0
7809,153,29,2653,306,898.25,77.04,1.0
7810,163,30,2663,326,898.19,78.94,1.0
7811,186,45,2686,372,898.19,78.4,1.0
7812,194,34,2694,388,898.18,78.9,1.0
7813,93,9,2593,186,898.14,93.32,1.0
7814,220,42,2720,440,898.14,77.29,1.0
7815,207,34,2707,414,898.13,76.05,1.0
7816,216,10,2716,432,898.11,122.32,1.0
7817,222,44,2722,444,898.09,90.24,1.0
7818,215,37,2715,430,898.08,76.83,1.0
7819,157,30,2657,314,898.06,72.03,1.0
7820,234,46,2734,468,898.05,80.27,1.0
7821,37,8,2537,74,898.02,78.14,1.0
7822,215,45,2715,430,898.0,80.41,1.0
7823,45,8,2545,90,897.94,89.11,1.0
7824,170,29,2670,340,897.9,78.46,1.0
7825,181,41,2681,362,897.9,82.29,1.0
7826,168,39,2668,336,897.88,86.64,1.0
7827,91,28,2591,182,897.85,65.91,1.0
7828,104,28,2604,208,897.85,73.44,1.0
7829,195,35,2695,390,897.83,81.62,1.0
7830,219,11,2719,438,897.81,114.29,1.0
7831,252,47,2752,504,897.81,91.17,1.0
7832,40,27,2540,80,897.8,66.73,1.0
7833,181,37,2681,362,897.8,80.04,1.0
7834,157,32,2657,314,897.79,80.3,1.0
7835,37,27,2537,74,897.78,70.87,1.0
7836,216,45,2716,432,897.69,89.18,1.0
7837,210,47,2710,420,897.67,78.0,1.0
7838,176,30,2676,352,897.66,81.6,1.0
7839,190,47,2690,380,897.66,77.59,1.0
7840,165,33,2665,330,897.64,80.08,1.0
7841,193,41,2693,386,897.61,80.8,1.0
7842,256,10,2756,512,897.58,133.98,1.0
7843,119,10,2619,238,897.57,112.53,1.0
7844,270,11,2770,540,897.57,126.62,1.0
7845,197,42,2697,394,897.56,75.08,1.0
7846,201,32,2701,402,897.55,78.8,1.0
7847,207,40,2707,414,897.54,79.55,1.0
7848,298,51,2798,596,897.53,102.67,1.0
7849,281,11,2781,562,897.5,136.2,1.0
7850,20,27,2520,40,897.49,62.75,1.0
7851,195,31,2695,390,897.48,84.47,1.0
7852,207,42,2707,414,897.43,81.0,1.0
7853,193,33,2693,386,897.42,86.3,1.0
7854,269,48,2769,538,897.42,85.41,1.0
7855,195,44,2695,390,897.4,77.22,1.0
7856,202,40,2702,404,897.4,83.79,1.0
7857,168,40,2668,336,897.39,90.7,1.0
7858,207,30,2707,414,897.36,83.92,1.0
7859,243,48,2743,486,897.31,83.03,1.0
7860,48,27,2548,96,897.27,78.13,1.0
7861,139,39,2639,278,897.27,72.43,1.0
7862,3,26,2503,6,897.18,60.63,1.0
7863,245,11,2745,490,897.17,129.75,1.0
7864,197,36,2697,394,897.15,79.61,1.0
7865,207,45,2707,414,897.15,82.04,1.0
7866,123,29,2623,246,897.13,71.59,1.0
7867,223,47,2723,446,897.12,88.24,1.0
7868,215,31,2715,430,897.09,77.45,1.0
7869,241,48,2741,482,897.06,79.98,1.0
7870,217,48,2717,434,897.03,76.67,1.0
7871,157,40,2657,314,897.02,79.46,1.0
7872,211,44,2711,422,896.99,82.79,1.0
7873,197,32,2697,394,896.97,79.54,1.0
7874,89,28,2589,178,896.93,76.83,1.0
7875,197,39,2697,394,896.93,77.53,1.0
7876,271,10,2771,542,896.93,128.33,1.0
7877,282,49,2782,564,896.91,91.64,1.0
7878,202,33,2702,404,896.9,78.94,1.0
7879,229,45,2729,458,896.88,88.89,1.0
7880,294,53,2794,588,896.88,101.72,1.0
7881,140,28,2640,280,896.85,82.41,1.0
7882,161,36,2661,322,896.82,76.81,1.0
7883,14,8,2514,28,896.81,75.41,1.0
7884,219,47,2719,438,896.81,86.74,1.0
7885,161,40,2661,322,896.73,78.21,1.0
7886,198,41,2698,396,896.72,79.23,1.0
7887,168,30,2668,336,896.7,79.43,1.0
7888,266,11,2766,532,896.67,129.99,1.0
7889,111,28,2611,222,896.64,66.56,1.0
7890,288,46,2788,576,896.64,86.86,1.0
7891,215,30,2715,430,896.61,83.85,1.0
7892,195,30,2695,390,896.56,77.05,1.0
7893,229,46,2729,458,896.54,92.38,1.0
7894,240,46,2740,480,896.54,90.0,1.0
7895,212,47,2712,424,896.53,86.72,1.0
7896,262,49,2762,524,896.49,89.08,1.0
7897,262,50,2762,524,896.45,81.25,1.0
7898,161,39,2661,322,896.42,72.28,1.0
7899,194,36,2694,388,896.41,78.48,1.0
7900,279,53,2779,558,896.41,83.09,1.0
7901,73,8,2573,146,896.4,98.66,1.0
7902,300,52,2800,600,896.38,101.7,1.0
7903,178,38,2678,356,896.36,81.72,1.0
7904,188,47,2688,376,896.36,77.89,1.0
7905,222,30,2722,444,896.36,85.46,1.0
7906,89,9,2589,178,896.3,106.5,1.0
7907,195,36,2695,390,896.27,79.37,1.0
7908,166,38,2666,332,896.25,68.92,1.0
7909,159,11,2659,318,896.21,101.29,1.0
7910,234,45,2734,468,896.21,79.94,1.0
7911,141,33,2641,282,896.2,72.76,1.0
7912,145,29,2645,290,896.15,72.13,1.0
7913,30,9,2530,60,896.14,82.74,1.0
7914,198,35,2698,396,896.05,81.95,1.0
7915,156,40,2656,312,896.03,68.8,1.0
7916,111,9,2611,222,896.02,100.7,1.0
7917,176,44,2676,352,896.0,80.0,1.0
7918,69,9,2569,138,895.98,81.52,1.0
7919,157,46,2657,314,895.98,78.15,1.0
7920,278,12,2778,556,895.95,144.52,1.0
7921,42,9,2542,84,895.94,90.06,1.0
7922,163,40,2663,326,895.94,87.22,1.0
7923,281,49,2781,562,895.89,90.69,1.0
7924,144,9,2644,288,895.88,104.85,1.0
7925,92,9,2592,184,895.87,98.37,1.0
7926,128,29,2628,256,895.86,68.7,1.0
7927,197,45,2697,394,895.85,81.02,1.0
7928,195,33,2695,390,895.84,79.84,1.0
7929,185,9,2685,370,895.83,120.66,1.0
7930,87,28,2587,174,895.81,67.51,1.0
7931,164,10,2664,328,895.76,112.46,1.0
7932,246,49,2746,492,895.74,91.72,1.0
7933,220,46,2720,440,895.71,79.21,1.0
7934,73,28,2573,146,895.7,83.25,1.0
7935,163,31,2663,326,895.67,78.29,1.0
7936,198,44,2698,396,895.65,77.75,1.0
7937,128,9,2628,256,895.64,101.19,1.0
7938,197,37,2697,394,895.62,76.1,1.0
7939,176,39,2676,352,895.61,85.23,1.0
7940,176,32,2676,352,895.59,83.66,1.0
7941,6,26,2506,12,895.56,56.2,1.0
7942,47,27,2547,94,895.56,67.28,1.0
7943,70,8,2570,140,895.54,99.66,1.0
7944,211,39,2711,422,895.36,75.2,1.0
7945,139,37,2639,278,895.34,79.51,1.0
7946,13,26,2513,26,895.32,67.71,1.0
7947,163,35,2663,326,895.32,83.04,1.0
7948,277,51,2777,554,895.3,100.8,1.0
7949,207,35,2707,414,895.24,76.51,1.0
7950,222,47,2722,444,895.2,89.12,1.0
7951,81,9,2581,162,895.19,98.8,1.0
7952,86,9,2586,172,895.19,98.29,1.0
7953,248,12,2748,496,895.19,119.71,1.0
7954,257,51,2757,514,895.12,88.42,1.0
7955,136,10,2636,272,895.1,104.43,1.0
7956,226,10,2726,452,895.08,125.27,1.0
7957,202,32,2702,404,895.06,86.72,1.0
7958,208,40,2708,416,895.05,90.27,1.0
7959,209,10,2709,418,895.03,107.13,1.0
7960,168,44,2668,336,894.98,78.62,1.0
7961,141,31,2641,282,894.97,70.82,1.0
7962,204,30,2704,408,894.94,84.21,1.0
7963,69,27,2569,138,894.81,70.81,1.0
7964,161,44,2661,322,894.79,71.48,1.0
7965,173,10,2673,346,894.78,113.74,1.0
7966,194,39,2694,388,894.75,79.36,1.0
7967,138,29,2638,276,894.74,73.66,1.0
7968,194,44,2694,388,894.72,80.46,1.0
7969,239,47,2739,478,894.7,80.95,1.0
7970,194,38,2694,388,894.64,75.3,1.0
7971,178,31,2678,356,894.6,79.78,1.0
7972,59,9,2559,118,894.58,85.28,1.0
7973,176,37,2676,352,894.58,82.03,1.0
7974,194,30,2694,388,894.57,69.94,1.0
7975,264,53,2764,528,894.54,90.69,1.0
7976,195,40,2695,390,894.5,68.71,1.0
7977,204,41,2704,408,894.48,79.63,1.0
7978,165,32,2665,330,894.38,75.61,1.0
7979,2,8,2502,4,894.37,75.0,1.0
7980,165,35,2665,330,894.36,79.7,1.0
7981,83,28,2583,166,894.35,69.95,1.0
7982,161,37,2661,322,894.34,71.67,1.0
7983,23,27,2523,46,894.32,66.88,1.0
7984,176,46,2676,352,894.32,78.45,1.0
7985,157,39,2657,314,894.3,71.95,1.0
7986,177,30,2677,354,894.27,72.99,1.0
7987,207,31,2707,414,894.22,79.84,1.0
7988,257,52,2757,514,894.22,88.8,1.0
7989,141,39,2641,282,894.21,64.51,1.0
7990,208,34,2708,416,894.15,85.63,1.0
7991,118,8,2618,236,894.08,104.15,1.0
7992,181,46,2681,362,894.06,86.11,1.0
7993,232,50,2732,464,894.06,92.25,1.0
7994,197,33,2697,394,894.04,77.76,1.0
7995,197,35,2697,394,894.03,84.8,1.0
7996,139,35,2639,278,894.02,73.86,1.0
7997,168,34,2668,336,894.0,79.24,1.0
7998,141,35,2641,282,893.95,71.2,1.0
7999,288,12,2788,576,893.94,133.14,1.0
8000,201,10,2701,402,893.93,127.67,1.0
8001,158,10,2658,316,893.9,106.95,1.0
8002,139,33,2639,278,893.89,78.1,1.0
8003,177,35,2677,354,893.87,75.37,1.0
8004,27,27,2527,54,893.86,61.39,1.0
8005,27,8,2527,54,893.85,82.31,1.0
8006,141,43,2641,282,893.83,74.11,1.0
8007,266,50,2766,532,893.8,87.32,1.0
8008,195,45,2695,390,893.76,77.49,1.0
8009,198,42,2698,396,893.72,77.49,1.0
8010,282,50,2782,564,893.7,95.03,1.0
8011,205,10,2705,410,893.69,134.51,1.0
8012,245,47,2745,490,893.68,84.48,1.0
8013,90,8,2590,180,893.66,102.23,1.0
8014,175,32,2675,350,893.63,79.78,1.0
8015,184,46,2684,368,893.63,82.9,1.0
8016,184,47,2684,368,893.6,79.85,1.0
8017,84,28,2584,168,893.58,76.15,1.0
8018,157,38,2657,314,893.57,75.07,1.0
8019,165,37,2665,330,893.5,76.66,1.0
8020,184,48,2684,368,893.48,74.46,1.0
8021,230,45,2730,460,893.48,77.19,1.0
8022,141,42,2641,282,893.46,66.96,1.0
8023,139,36,2639,278,893.45,76.3,1.0
8024,5,8,2505,10,893.42,83.06,1.0
8025,248,47,2748,496,893.42,84.21,1.0
8026,203,49,2703,406,893.39,74.36,1.0
8027,229,47,2729,458,893.38,94.79,1.0
8028,139,41,2639,278,893.36,82.12,1.0
8029,211,37,2711,422,893.35,83.05,1.0
8030,280,51,2780,560,893.35,94.42,1.0
8031,272,50,2772,544,893.31,92.43,1.0
8032,126,9,2626,252,893.3,100.87,1.0
8033,113,8,2613,226,893.28,93.6,1.0
8034,133,9,2633,266,893.27,93.21,1.0
8035,211,30,2711,422,893.24,72.64,1.0
8036,181,33,2681,362,893.22,83.04,1.0
8037,209,48,2709,418,893.22,82.46,1.0
8038,242,50,2742,484,893.21,79.94,1.0
8039,176,33,2676,352,893.2,83.38,1.0
8040,201,45,2701,402,893.19,82.23,1.0
8041,194,32,2694,388,893.17,81.02,1.0
8042,194,41,2694,388,893.17,77.83,1.0
8043,241,49,2741,482,893.17,88.79,1.0
8044,161,42,2661,322,893.15,71.65,1.0
8045,166,45,2666,332,893.14,70.62,1.0
8046,152,29,2652,304,893.13,82.08,1.0
8047,112,10,2612,224,893.12,97.3,1.0
8048,256,49,2756,512,893.09,90.9,1.0
8049,100,28,2600,200,893.06,74.05,1.0
8050,265,52,2765,530,893.05,96.32,1.0
8051,278,51,2778,556,893.04,96.57,1.0
8052,72,28,2572,144,893.01,69.79,1.0
8053,14,27,2514,28,893.0,63.58,1.0
8054,186,46,2686,372,892.93,82.9,1.0
8055,248,46,2748,496,892.87,84.45,1.0
8056,196,48,2696,392,892.83,74.57,1.0
8057,295,50,2795,590,892.82,96.87,1.0
8058,48,8,2548,96,892.81,91.58,1.0
8059,130,9,2630,260,892.78,105.46,1.0
8060,121,29,2621,242,892.77,74.8,1.0
8061,183,12,2683,366,892.76,110.85,1.0
8062,204,40,2704,408,892.75,87.1,1.0
8063,227,10,2727,454,892.74,119.74,1.0
8064,238,54,2738,476,892.72,95.02,1.0
8065,167,31,2667,334,892.69,76.33,1.0
8066,176,41,2676,352,892.69,77.84,1.0
8067,204,34,2704,408,892.68,81.62,1.0
8068,275,51,2775,550,892.68,98.9,1.0
8069,216,48,2716,432,892.67,87.53,1.0
8070,284,51,2784,568,892.67,95.75,1.0
8071,24,27,2524,48,892.66,65.13,1.0
8072,210,48,2710,420,892.66,84.81,1.0
8073,222,46,2722,444,892.65,82.55,1.0
8074,166,34,2666,332,892.64,69.49,1.0
8075,226,50,2726,452,892.64,86.42,1.0
8076,139,30,2639,278,892.62,74.39,1.0
8077,197,41,2697,394,892.62,79.75,1.0
8078,189,47,2689,378,892.62,78.72,1.0
8079,218,51,2718,436,892.6,89.61,1.0
8080,171,41,2671,342,892.53,71.1,1.0
8081,38,27,2538,76,892.52,65.22,1.0
8082,178,37,2678,356,892.52,77.78,1.0
8083,221,49,2721,442,892.5,77.69,1.0
8084,224,10,2724,448,892.49,138.5,1.0
8085,263,49,2763,526,892.47,91.97,1.0
8086,293,52,2793,586,892.45,103.31,1.0
8087,276,48,2776,552,892.44,98.29,1.0
8088,250,49,2750,500,892.41,101.6,1.0
8089,201,43,2701,402,892.37,88.32,1.0
8090,194,43,2694,388,892.34,78.89,1.0
8091,165,31,2665,330,892.3,71.1,1.0
8092,174,29,2674,348,892.3,87.6,1.0
8093,194,33,2694,388,892.25,76.34,1.0
8094,204,31,2704,408,892.24,79.29,1.0
8095,204,43,2704,408,892.24,80.49,1.0
8096,76,8,2576,152,892.19,96.39,1.0
8097,236,11,2736,472,892.18,137.69,1.0
8098,57,28,2557,114,892.17,68.97,1.0
8099,167,44,2667,334,892.17,80.5,1.0
8100,246,10,2746,492,892.14,124.48,1.0
8101,72,8,2572,144,892.13,87.73,1.0
8102,272,49,2772,544,892.06,91.75,1.0
8103,195,38,2695,390,892.05,78.59,1.0
8104,202,36,2702,404,892.05,83.21,1.0
8105,265,53,2765,530,892.02,92.79,1.0
8106,237,47,2737,474,891.99,92.53,1.0
8107,161,35,2661,322,891.94,75.46,1.0
8108,78,9,2578,156,891.92,85.65,1.0
8109,141,36,2641,282,891.9,71.6,1.0
8110,201,37,2701,402,891.86,83.68,1.0
8111,177,9,2677,354,891.81,126.21,1.0
8112,280,12,2780,560,891.79,123.7,1.0
8113,168,35,2668,336,891.78,81.85,1.0
8114,178,32,2678,356,891.78,81.38,1.0
8115,178,30,2678,356,891.74,84.29,1.0
8116,102,9,2602,204,891.72,99.21,1.0
8117,178,40,2678,356,891.71,85.84,1.0
8118,194,40,2694,388,891.69,74.24,1.0
8119,267,10,2767,534,891.66,141.16,1.0
8120,179,42,2679,358,891.63,82.84,1.0
8121,194,37,2694,388,891.63,74.94,1.0
8122,143,29,2643,286,891.62,77.51,1.0
8123,1,8,2501,2,891.58,72.48,1.0
8124,240,47,2740,480,891.55,96.7,1.0
8125,163,46,2663,326,891.48,82.33,1.0
8126,167,34,2667,334,891.45,78.08,1.0
8127,94,9,2594,188,891.43,93.62,1.0
8128,224,52,2724,448,891.42,84.91,1.0
8129,168,31,2668,336,891.4,85.93,1.0
8130,204,10,2704,408,891.4,126.67,1.0
8131,216,47,2716,432,891.37,87.16,1.0
8132,199,49,2699,398,891.35,91.39,1.0
8133,175,30,2675,350,891.34,84.15,1.0
8134,220,48,2720,440,891.33,82.34,1.0
8135,17,27,2517,34,891.31,62.58,1.0
8136,198,40,2698,396,891.31,82.32,1.0
8137,171,44,2671,342,891.29,72.56,1.0
8138,197,34,2697,394,891.27,76.42,1.0
8139,196,51,2696,392,891.25,84.73,1.0
8140,139,38,2639,278,891.23,72.92,1.0
8141,165,34,2665,330,891.22,77.14,1.0
8142,207,33,2707,414,891.17,80.91,1.0
8143,266,51,2766,532,891.09,95.92,1.0
8144,251,49,2751,502,891.06,88.21,1.0
8145,9,8,2509,18,891.04,74.72,1.0
8146,59,27,2559,118,891.03,63.25,1.0
8147,195,39,2695,390,891.03,79.86,1.0
8148,285,51,2785,570,891.0,99.23,1.0
8149,157,45,2657,314,890.97,76.44,1.0
8150,163,41,2663,326,890.97,89.16,1.0
8151,198,38,2698,396,890.94,76.22,1.0
8152,178,35,2678,356,890.9,85.06,1.0
8153,234,47,2734,468,890.89,83.7,1.0
8154,271,52,2771,542,890.86,96.15,1.0
8155,211,45,2711,422,890.84,78.05,1.0
8156,122,29,2622,244,890.8,75.18,1.0
8157,218,50,2718,436,890.8,86.7,1.0
8158,255,49,2755,510,890.79,92.58,1.0
8159,165,40,2665,330,890.78,87.19,1.0
8160,6,8,2506,12,890.7,67.78,1.0
8161,191,41,2691,382,890.7,72.71,1.0
8162,299,52,2799,598,890.67,98.44,1.0
8163,82,8,2582,164,890.63,90.88,1.0
8164,200,29,2700,400,890.59,85.28,1.0
8165,90,28,2590,180,890.56,76.45,1.0
8166,293,53,2793,586,890.54,101.48,1.0
8167,198,11,2698,396,890.53,113.84,1.0
8168,298,52,2798,596,890.53,103.3,1.0
8169,0,7,2500,0,890.52,78.08,1.0
8170,194,42,2694,388,890.49,80.17,1.0
8171,193,43,2693,386,890.48,87.11,1.0
8172,163,33,2663,326,890.47,82.25,1.0
8173,175,33,2675,350,890.47,79.27,1.0
8174,159,29,2659,318,890.46,85.25,1.0
8175,283,51,2783,566,890.43,97.76,1.0
8176,114,9,2614,228,890.42,105.98,1.0
8177,202,38,2702,404,890.42,92.52,1.0
8178,291,51,2791,582,890.42,101.82,1.0
8179,254,12,2754,508,890.41,116.71,1.0
8180,232,49,2732,464,890.38,92.72,1.0
8181,204,37,2704,408,890.36,85.07,1.0
8182,40,9,2540,80,890.3,85.9,1.0
8183,80,27,2580,160,890.27,74.17,1.0
8184,161,34,2661,322,890.22,87.62,1.0
8185,205,46,2705,410,890.21,90.72,1.0
8186,163,34,2663,326,890.14,81.99,1.0
8187,193,9,2693,386,890.14,132.79,1.0
8188,139,31,2639,278,890.13,74.81,1.0
8189,198,37,2698,396,890.13,79.46,1.0
8190,224,49,2724,448,890.13,84.66,1.0
8191,105,29,2605,210,890.12,67.49,1.0
8192,211,46,2711,422,890.1,81.06,1.0
8193,283,10,2783,566,890.08,149.18,1.0
8194,176,43,2676,352,890.07,77.52,1.0
8195,55,27,2555,110,890.06,69.45,1.0
8196,88,9,2588,176,890.06,90.5,1.0
8197,117,29,2617,234,890.06,71.64,1.0
8198,204,32,2704,408,890.04,88.28,1.0
8199,245,48,2745,490,890.02,92.99,1.0
8200,19,8,2519,38,890.0,74.54,1.0
8201,289,11,2789,578,890.0,130.57,1.0
8202,198,30,2698,396,889.97,77.45,1.0
8203,235,51,2735,470,889.94,89.23,1.0
8204,264,55,2764,528,889.92,99.54,1.0
8205,175,38,2675,350,889.9,83.16,1.0
8206,139,44,2639,278,889.9,78.05,1.0
8207,249,48,2749,498,889.9,84.09,1.0
8208,258,51,2758,516,889.89,96.71,1.0
8209,278,50,2778,556,889.89,99.41,1.0
8210,269,49,2769,538,889.88,91.86,1.0
8211,243,49,2743,486,889.85,89.57,1.0
8212,189,46,2689,378,889.82,75.61,1.0
8213,235,10,2735,470,889.82,127.42,1.0
8214,270,51,2770,540,889.82,95.69,1.0
8215,274,51,2774,548,889.76,93.4,1.0
8216,179,31,2679,358,889.7,72.03,1.0
8217,216,46,2716,432,889.68,83.04,1.0
8218,247,50,2747,494,889.63,90.25,1.0
8219,35,8,2535,70,889.56,80.47,1.0
8220,187,29,2687,374,889.56,75.61,1.0
8221,246,48,2746,492,889.54,86.66,1.0
8222,194,31,2694,388,889.48,76.03,1.0
8223,142,9,2642,284,889.46,100.27,1.0
8224,168,41,2668,336,889.44,87.83,1.0
8225,289,51,2789,578,889.44,104.09,1.0
8226,182,10,2682,364,889.42,121.87,1.0
8227,199,9,2699,398,889.42,123.28,1.0
8228,166,9,2666,332,889.3,108.2,1.0
8229,233,51,2733,466,889.27,85.46,1.0
8230,165,44,2665,330,889.26,86.73,1.0
8231,179,9,2679,358,889.22,109.88,1.0
8232,195,37,2695,390,889.2,70.77,1.0
8233,255,50,2755,510,889.17,91.64,1.0
8234,209,49,2709,418,889.16,80.01,1.0
8235,141,32,2641,282,889.14,67.39,1.0
8236,166,46,2666,332,889.14,79.97,1.0
8237,252,48,2752,504,889.14,96.9,1.0
8238,47,9,2547,94,889.13,82.57,1.0
8239,178,39,2678,356,889.12,79.85,1.0
8240,125,9,2625,250,889.11,103.95,1.0
8241,165,43,2665,330,889.09,81.09,1.0
8242,198,43,2698,396,889.03,75.53,1.0
8243,244,51,2744,488,889.03,88.92,1.0
8244,156,44,2656,312,888.96,80.58,1.0
8245,115,29,2615,230,888.93,66.41,1.0
8246,139,34,2639,278,888.93,71.74,1.0
8247,204,42,2704,408,888.88,80.21,1.0
8248,66,28,2566,132,888.8,79.83,1.0
8249,127,29,2627,254,888.8,75.28,1.0
8250,231,52,2731,462,888.8,80.85,1.0
8251,251,11,2751,502,888.8,127.52,1.0
8252,161,33,2661,322,888.76,81.22,1.0
8253,197,47,2697,394,888.73,82.98,1.0
8254,237,48,2737,474,888.73,90.35,1.0
8255,199,48,2699,398,888.7,84.2,1.0
8256,108,9,2608,216,888.61,110.28,1.0
8257,230,46,2730,460,888.57,83.3,1.0
8258,165,36,2665,330,888.52,78.36,1.0
8259,161,43,2661,322,888.46,79.36,1.0
8260,139,32,2639,278,888.46,71.7,1.0
8261,267,50,2767,534,888.4,104.57,1.0
8262,44,28,2544,88,888.39,67.57,1.0
8263,51,8,2551,102,888.38,84.18,1.0
8264,139,42,2639,278,888.37,73.22,1.0
8265,16,27,2516,32,888.36,64.67,1.0
8266,7,8,2507,14,888.34,77.28,1.0
8267,153,8,2653,306,888.32,109.04,1.0
8268,191,30,2691,382,888.3,79.65,1.0
8269,214,10,2714,428,888.27,120.12,1.0
8270,180,48,2680,360,888.25,68.44,1.0
8271,141,40,2641,282,888.24,67.93,1.0
8272,168,42,2668,336,888.2,89.32,1.0
8273,280,52,2780,560,888.2,91.15,1.0
8274,194,45,2694,388,888.19,78.78,1.0
8275,268,11,2768,536,888.19,131.77,1.0
8276,177,43,2677,354,888.16,82.71,1.0
8277,241,50,2741,482,888.12,90.82,1.0
8278,178,45,2678,356,888.1,87.34,1.0
8279,167,43,2667,334,888.1,72.16,1.0
8280,219,48,2719,438,888.0,79.45,1.0
8281,202,43,2702,404,887.94,80.94,1.0
8282,255,11,2755,510,887.94,128.92,1.0
8283,291,53,2791,582,887.87,97.52,1.0
8284,35,27,2535,70,887.84,61.05,1.0
8285,197,11,2697,394,887.84,102.92,1.0
8286,150,10,2650,300,887.82,115.51,1.0
8287,125,29,2625,250,887.79,76.33,1.0
8288,202,44,2702,404,887.79,91.47,1.0
8289,106,28,2606,212,887.78,67.84,1.0
8290,155,32,2655,310,887.77,77.19,1.0
8291,165,39,2665,330,887.76,84.73,1.0
8292,281,50,2781,562,887.75,90.89,1.0
8293,141,30,2641,282,887.72,69.52,1.0
8294,168,36,2668,336,887.72,86.55,1.0
8295,231,53,2731,462,887.72,92.77,1.0
8296,46,27,2546,92,887.71,64.4,1.0
8297,127,9,2627,254,887.7,103.64,1.0
8298,1,26,2501,2,887.66,59.65,1.0
8299,131,8,2631,262,887.63,105.87,1.0
8300,213,49,2713,426,887.61,87.96,1.0
8301,203,51,2703,406,887.6,86.38,1.0
8302,241,51,2741,482,887.52,83.1,1.0
8303,204,38,2704,408,887.5,75.15,1.0
8304,273,50,2773,546,887.44,94.87,1.0
8305,167,32,2667,334,887.38,82.11,1.0
8306,195,42,2695,390,887.38,77.37,1.0
8307,176,45,2676,352,887.35,85.26,1.0
8308,163,39,2663,326,887.34,89.11,1.0
8309,263,51,2763,526,887.32,87.57,1.0
8310,179,43,2679,358,887.3,76.05,1.0
8311,196,49,2696,392,887.3,83.21,1.0
8312,139,45,2639,278,887.22,74.66,1.0
8313,280,50,2780,560,887.22,93.99,1.0
8314,178,43,2678,356,887.2,84.28,1.0
8315,202,45,2702,404,887.18,87.21,1.0
8316,201,40,2701,402,887.17,82.31,1.0
8317,156,30,2656,312,887.16,70.08,1.0
8318,194,35,2694,388,887.15,77.37,1.0
8319,203,50,2703,406,887.13,80.35,1.0
8320,151,9,2651,302,887.1,118.24,1.0
8321,141,45,2641,282,887.08,72.76,1.0
8322,165,38,2665,330,887.08,79.33,1.0
8323,141,44,2641,282,887.06,75.04,1.0
8324,171,30,2671,342,887.03,70.83,1.0
8325,217,50,2717,434,887.02,87.28,1.0
8326,292,48,2792,584,887.01,102.75,1.0
8327,208,48,2708,416,886.99,86.92,1.0
8328,167,42,2667,334,886.94,73.04,1.0
8329,238,53,2738,476,886.94,87.98,1.0
8330,98,29,2598,196,886.92,72.17,1.0
8331,162,37,2662,324,886.9,77.75,1.0
8332,174,11,2674,348,886.9,119.78,1.0
8333,258,52,2758,516,886.89,85.52,1.0
8334,288,48,2788,576,886.89,88.41,1.0
8335,242,52,2742,484,886.86,88.03,1.0
8336,184,49,2684,368,886.83,74.34,1.0
8337,201,46,2701,402,886.83,81.79,1.0
8338,178,36,2678,356,886.82,85.37,1.0
8339,188,9,2688,376,886.82,118.81,1.0
8340,220,10,2720,440,886.81,120.32,1.0
8341,163,32,2663,326,886.76,79.15,1.0
8342,163,45,2663,326,886.76,79.66,1.0
8343,157,8,2657,314,886.74,111.18,1.0
8344,45,28,2545,90,886.73,65.61,1.0
8345,155,44,2655,310,886.71,74.74,1.0
8346,165,30,2665,330,886.7,74.65,1.0
8347,180,50,2680,360,886.69,74.63,1.0
8348,49,7,2549,98,886.67,76.79,1.0
8349,182,38,2682,364,886.66,82.92,1.0
8350,168,38,2668,336,886.62,88.5,1.0
8351,167,45,2667,334,886.6,73.25,1.0
8352,188,49,2688,376,886.56,78.28,1.0
8353,188,48,2688,376,886.55,78.03,1.0
8354,263,10,2763,526,886.54,123.77,1.0
8355,190,49,2690,380,886.51,82.31,1.0
8356,139,43,2639,278,886.5,80.61,1.0
8357,61,9,2561,122,886.45,93.6,1.0
8358,182,31,2682,364,886.45,88.73,1.0
8359,290,52,2790,580,886.44,96.05,1.0
8360,38,8,2538,76,886.37,95.4,1.0
8361,107,9,2607,214,886.36,91.67,1.0
8362,163,44,2663,326,886.36,86.66,1.0
8363,95,28,2595,190,886.34,70.43,1.0
8364,179,39,2679,358,886.33,78.94,1.0
8365,179,44,2679,358,886.33,74.56,1.0
8366,175,35,2675,350,886.27,83.84,1.0
8367,151,40,2651,302,886.21,77.54,1.0
8368,42,27,2542,84,886.19,68.86,1.0
8369,217,49,2717,434,886.19,77.15,1.0
8370,180,49,2680,360,886.15,74.87,1.0
8371,208,47,2708,416,886.11,86.31,1.0
8372,218,53,2718,436,886.08,99.01,1.0
8373,139,40,2639,278,886.05,76.76,1.0
8374,292,47,2792,584,886.05,105.62,1.0
8375,148,10,2648,296,886.04,108.81,1.0
8376,24,8,2524,48,886.03,79.59,1.0
8377,210,10,2710,420,886.02,127.44,1.0
8378,146,39,2646,292,886.01,78.03,1.0
8379,29,8,2529,58,885.97,81.94,1.0
8380,202,46,2702,404,885.97,85.1,1.0
8381,141,38,2641,282,885.93,69.16,1.0
8382,248,48,2748,496,885.93,76.8,1.0
8383,229,10,2729,458,885.88,121.89,1.0
8384,161,31,2661,322,885.86,80.11,1.0
8385,210,49,2710,420,885.86,75.41,1.0
8386,30,27,2530,60,885.85,64.58,1.0
8387,204,35,2704,408,885.85,80.86,1.0
8388,132,29,2632,264,885.82,73.42,1.0
8389,149,9,2649,298,885.82,110.46,1.0
8390,259,52,2759,518,885.8,89.52,1.0
8391,22,7,2522,44,885.75,72.13,1.0
8392,177,38,2677,354,885.75,89.71,1.0
8393,207,47,2707,414,885.72,84.28,1.0
8394,95,9,2595,190,885.71,97.74,1.0
8395,204,33,2704,408,885.7,84.94,1.0
8396,202,35,2702,404,885.68,91.27,1.0
8397,140,10,2640,280,885.67,114.61,1.0
8398,65,28,2565,130,885.63,67.04,1.0
8399,168,43,2668,336,885.62,84.14,1.0
8400,163,43,2663,326,885.59,87.53,1.0
8401,155,9,2655,310,885.52,107.75,1.0
8402,274,10,2774,548,885.52,138.61,1.0
8403,291,54,2791,582,885.52,89.05,1.0
8404,230,47,2730,460,885.51,90.54,1.0
8405,198,33,2698,396,885.48,73.68,1.0
8406,74,28,2574,148,885.47,73.21,1.0
8407,167,37,2667,334,885.45,81.2,1.0
8408,287,53,2787,574,885.42,94.11,1.0
8409,141,37,2641,282,885.41,73.42,1.0
8410,97,9,2597,194,885.4,97.09,1.0
8411,295,51,2795,590,885.4,99.38,1.0
8412,206,50,2706,412,885.35,77.32,1.0
8413,64,8,2564,128,885.33,97.11,1.0
8414,60,9,2560,120,885.31,98.78,1.0
8415,168,45,2668,336,885.31,83.52,1.0
8416,167,36,2667,334,885.31,83.36,1.0
8417,191,40,2691,382,885.3,69.03,1.0
8418,155,30,2655,310,885.29,78.07,1.0
8419,183,29,2683,366,885.22,70.11,1.0
8420,204,36,2704,408,885.21,81.13,1.0
8421,275,52,2775,550,885.2,97.64,1.0
8422,254,48,2754,508,885.19,82.03,1.0
8423,12,27,2512,24,885.17,59.32,1.0
8424,12,8,2512,24,885.16,83.69,1.0
8425,245,49,2745,490,885.14,97.94,1.0
8426,178,34,2678,356,885.12,78.36,1.0
8427,228,48,2728,456,885.11,94.01,1.0
8428,191,34,2691,382,885.05,78.05,1.0
8429,300,11,2800,600,885.01,127.43,1.0
8430,299,53,2799,598,884.99,94.38,1.0
8431,190,48,2690,380,884.96,79.12,1.0
8432,156,39,2656,312,884.94,76.7,1.0
8433,191,45,2691,382,884.92,71.32,1.0
8434,211,47,2711,422,884.89,83.38,1.0
8435,171,36,2671,342,884.88,74.55,1.0
8436,191,43,2691,382,884.85,78.03,1.0
8437,156,37,2656,312,884.84,69.36,1.0
8438,156,32,2656,312,884.83,78.88,1.0
8439,156,35,2656,312,884.83,73.86,1.0
8440,157,48,2657,314,884.78,83.93,1.0
8441,198,36,2698,396,884.73,80.36,1.0
8442,223,48,2723,446,884.67,84.64,1.0
8443,192,41,2692,384,884.63,78.9,1.0
8444,191,31,2691,382,884.61,76.09,1.0
8445,186,9,2686,372,884.61,122.36,1.0
8446,159,37,2659,318,884.58,79.72,1.0
8447,161,45,2661,322,884.56,78.46,1.0
8448,209,50,2709,418,884.56,79.48,1.0
8449,286,52,2786,572,884.52,95.14,1.0
8450,124,9,2624,248,884.5,106.49,1.0
8451,286,11,2786,572,884.46,137.33,1.0
8452,178,44,2678,356,884.38,82.63,1.0
8453,212,49,2712,424,884.36,93.78,1.0
8454,185,48,2685,370,884.28,78.69,1.0
8455,264,10,2764,528,884.28,128.52,1.0
8456,202,37,2702,404,884.24,89.98,1.0
8457,193,46,2693,386,884.18,87.98,1.0
8458,178,42,2678,356,884.14,84.95,1.0
8459,188,50,2688,376,884.1,79.48,1.0
8460,182,40,2682,364,884.08,77.6,1.0
8461,221,50,2721,442,884.08,83.16,1.0
8462,146,37,2646,292,884.04,75.22,1.0
8463,175,39,2675,350,884.04,90.28,1.0
8464,167,40,2667,334,884.0,75.2,1.0
8465,232,51,2732,464,883.97,93.14,1.0
8466,207,46,2707,414,883.94,80.36,1.0
8467,192,39,2692,384,883.9,79.55,1.0
8468,266,52,2766,532,883.85,88.94,1.0
8469,178,33,2678,356,883.83,86.21,1.0
8470,249,47,2749,498,883.8,86.84,1.0
8471,19,27,2519,38,883.78,62.12,1.0
8472,205,48,2705,410,883.76,88.7,1.0
8473,251,50,2751,502,883.74,82.01,1.0
8474,283,52,2783,566,883.65,106.64,1.0
8475,177,44,2677,354,883.61,81.2,1.0
8476,243,51,2743,486,883.58,97.41,1.0
8477,142,29,2642,284,883.54,73.31,1.0
8478,192,33,2692,384,883.54,79.32,1.0
8479,185,49,2685,370,883.52,77.59,1.0
8480,195,46,2695,390,883.5,77.49,1.0
8481,39,27,2539,78,883.46,68.67,1.0
8482,168,37,2668,336,883.44,82.22,1.0
8483,156,36,2656,312,883.41,73.64,1.0
8484,276,49,2776,552,883.4,95.35,1.0
8485,242,10,2742,484,883.36,126.13,1.0
8486,268,48,2768,536,883.33,87.46,1.0
8487,262,11,2762,524,883.28,130.47,1.0
8488,244,50,2744,488,883.27,97.95,1.0
8489,163,36,2663,326,883.25,79.46,1.0
8490,171,9,2671,342,883.22,106.24,1.0
8491,297,52,2797,594,883.22,105.12,1.0
8492,79,8,2579,158,883.21,100.36,1.0
8493,156,33,2656,312,883.2,67.38,1.0
8494,227,51,2727,454,883.2,84.89,1.0
8495,11,27,2511,22,883.19,62.86,1.0
8496,178,41,2678,356,883.18,84.35,1.0
8497,214,50,2714,428,883.14,86.02,1.0
8498,299,54,2799,598,883.13,84.07,1.0
8499,65,8,2565,130,883.12,94.43,1.0
8500,128,8,2628,256,883.07,110.47,1.0
8501,220,47,2720,440,883.07,75.07,1.0
8502,206,48,2706,412,882.96,82.95,1.0
8503,284,52,2784,568,882.96,92.08,1.0
8504,145,9,2645,290,882.95,102.62,1.0
8505,182,35,2682,364,882.87,83.81,1.0
8506,284,10,2784,568,882.87,139.21,1.0
8507,156,43,2656,312,882.8,76.04,1.0
8508,192,44,2692,384,882.77,74.84,1.0
8509,260,50,2760,520,882.77,96.1,1.0
8510,146,31,2646,292,882.76,88.23,1.0
8511,182,34,2682,364,882.68,82.25,1.0
8512,41,27,2541,82,882.65,68.83,1.0
8513,250,48,2750,500,882.6,95.59,1.0
8514,28,27,2528,56,882.56,64.3,1.0
8515,34,27,2534,68,882.56,67.34,1.0
8516,223,49,2723,446,882.56,84.14,1.0
8517,296,49,2796,592,882.56,102.26,1.0
8518,212,50,2712,424,882.43,90.97,1.0
8519,61,27,2561,122,882.42,67.48,1.0
8520,179,32,2679,358,882.41,80.33,1.0
8521,175,42,2675,350,882.41,86.89,1.0
8522,224,50,2724,448,882.41,83.44,1.0
8523,156,42,2656,312,882.4,69.43,1.0
8524,197,43,2697,394,882.37,79.3,1.0
8525,197,46,2697,394,882.34,81.33,1.0
8526,135,29,2635,270,882.32,82.02,1.0
8527,120,29,2620,240,882.3,84.61,1.0
8528,192,43,2692,384,882.3,75.85,1.0
8529,156,45,2656,312,882.2,73.96,1.0
8530,165,41,2665,330,882.19,79.77,1.0
8531,239,49,2739,478,882.15,87.75,1.0
8532,191,35,2691,382,882.11,72.82,1.0
8533,278,11,2778,556,882.06,133.94,1.0
8534,33,8,2533,66,882.05,89.87,1.0
8535,153,40,2653,306,882.05,72.14,1.0
8536,177,32,2677,354,882.03,75.1,1.0
8537,94,28,2594,188,881.99,78.85,1.0
8538,171,37,2671,342,881.99,77.78,1.0
8539,171,34,2671,342,881.98,76.3,1.0
8540,177,42,2677,354,881.96,82.61,1.0
8541,96,8,2596,192,881.95,97.3,1.0
8542,121,9,2621,242,881.92,107.26,1.0
8543,195,47,2695,390,881.92,87.65,1.0
8544,175,44,2675,350,881.83,91.0,1.0
8545,167,46,2667,334,881.82,80.3,1.0
8546,155,36,2655,310,881.81,78.86,1.0
8547,251,10,2751,502,881.8,136.1,1.0
8548,270,52,2770,540,881.77,93.23,1.0
8549,212,10,2712,424,881.76,117.92,1.0
8550,197,10,2697,394,881.74,118.75,1.0
8551,179,40,2679,358,881.72,74.86,1.0
8552,279,54,2779,558,881.69,87.41,1.0
8553,177,40,2677,354,881.64,81.1,1.0
8554,240,48,2740,480,881.61,96.78,1.0
8555,273,52,2773,546,881.61,88.8,1.0
8556,85,8,2585,170,881.57,88.56,1.0
8557,169,30,2669,338,881.53,88.53,1.0
8558,179,33,2679,358,881.5,81.53,1.0
8559,139,46,2639,278,881.5,70.85,1.0
8560,244,10,2744,488,881.5,139.42,1.0
8561,204,45,2704,408,881.49,83.32,1.0
8562,175,45,2675,350,881.48,79.16,1.0
8563,167,41,2667,334,881.47,75.8,1.0
8564,32,9,2532,64,881.44,81.17,1.0
8565,235,52,2735,470,881.44,91.77,1.0
8566,179,35,2679,358,881.39,77.65,1.0
8567,171,45,2671,342,881.38,73.31,1.0
8568,18,27,2518,36,881.36,67.46,1.0
8569,181,8,2681,362,881.35,121.01,1.0
8570,239,48,2739,478,881.34,79.46,1.0
8571,141,41,2641,282,881.31,75.02,1.0
8572,175,43,2675,350,881.29,76.91,1.0
8573,245,10,2745,490,881.28,132.04,1.0
8574,147,9,2647,294,881.27,109.26,1.0
8575,139,47,2639,278,881.27,77.03,1.0
8576,282,11,2782,564,881.27,136.61,1.0
8577,229,48,2729,458,881.25,92.87,1.0
8578,75,8,2575,150,881.24,103.28,1.0
8579,169,33,2669,338,881.16,84.54,1.0
8580,26,27,2526,52,881.15,70.29,1.0
8581,171,39,2671,342,881.15,66.53,1.0
8582,166,47,2666,332,881.15,79.82,1.0
8583,71,7,2571,142,881.12,90.44,1.0
8584,137,43,2637,274,881.12,74.91,1.0
8585,217,51,2717,434,881.1,89.03,1.0
8586,285,52,2785,570,881.07,99.9,1.0
8587,260,48,2760,520,881.05,98.33,1.0
8588,76,29,2576,152,881.02,69.97,1.0
8589,67,28,2567,134,881.01,68.66,1.0
8590,195,48,2695,390,880.99,84.19,1.0
8591,212,48,2712,424,880.92,81.96,1.0
8592,88,28,2588,176,880.9,73.84,1.0
8593,171,42,2671,342,880.9,73.14,1.0
8594,193,48,2693,386,880.89,83.69,1.0
8595,218,52,2718,436,880.88,93.43,1.0
8596,163,9,2663,326,880.87,116.53,1.0
8597,256,50,2756,512,880.85,96.01,1.0
8598,220,49,2720,440,880.84,80.35,1.0
8599,201,47,2701,402,880.81,84.27,1.0
8600,194,46,2694,388,880.77,78.34,1.0
8601,87,8,2587,174,880.75,83.98,1.0
8602,260,49,2760,520,880.72,96.73,1.0
8603,171,32,2671,342,880.71,72.02,1.0
8604,169,35,2669,338,880.7,87.06,1.0
8605,297,51,2797,594,880.7,101.13,1.0
8606,242,53,2742,484,880.68,93.14,1.0
8607,103,9,2603,206,880.66,96.62,1.0
8608,233,10,2733,466,880.66,125.55,1.0
8609,282,51,2782,564,880.66,100.39,1.0
8610,261,52,2761,522,880.63,99.78,1.0
8611,161,30,2661,322,880.62,73.16,1.0
8612,192,45,2692,384,880.61,79.63,1.0
8613,146,32,2646,292,880.59,76.45,1.0
8614,237,49,2737,474,880.59,91.22,1.0
8615,156,41,2656,312,880.58,72.82,1.0
8616,177,41,2677,354,880.54,82.92,1.0
8617,182,41,2682,364,880.53,81.12,1.0
8618,13,8,2513,26,880.52,81.47,1.0
8619,191,44,2691,382,880.5,71.41,1.0
8620,155,33,2655,310,880.47,81.12,1.0
8621,168,46,2668,336,880.46,90.83,1.0
8622,167,39,2667,334,880.45,79.84,1.0
8623,144,39,2644,288,880.42,75.08,1.0
8624,192,36,2692,384,880.42,87.11,1.0
8625,78,28,2578,156,880.38,68.4,1.0
8626,179,38,2679,358,880.36,78.62,1.0
8627,227,52,2727,454,880.36,85.92,1.0
8628,191,39,2691,382,880.3,77.24,1.0
8629,225,48,2725,450,880.26,94.77,1.0
8630,167,38,2667,334,880.24,82.1,1.0
8631,272,51,2772,544,880.23,97.07,1.0
8632,171,40,2671,342,880.22,67.81,1.0
8633,177,45,2677,354,880.22,84.03,1.0
8634,213,50,2713,426,880.21,93.69,1.0
8635,182,42,2682,364,880.19,86.61,1.0
8636,232,10,2732,464,880.11,119.95,1.0
8637,226,51,2726,452,880.09,89.72,1.0
8638,57,8,2557,114,880.05,84.65,1.0
8639,187,10,2687,374,880.03,121.84,1.0
8640,257,53,2757,514,880.01,98.36,1.0
8641,146,34,2646,292,879.95,80.01,1.0
8642,249,49,2749,498,879.94,91.92,1.0
8643,160,9,2660,320,879.92,94.19,1.0
8644,233,52,2733,466,879.89,95.33,1.0
8645,28,8,2528,56,879.76,77.19,1.0
8646,269,50,2769,538,879.76,91.35,1.0
8647,168,47,2668,336,879.71,86.61,1.0
8648,175,37,2675,350,879.66,79.55,1.0
8649,175,47,2675,350,879.61,79.38,1.0
8650,11,7,2511,22,879.57,77.16,1.0
8651,5,27,2505,10,879.53,61.56,1.0
8652,182,33,2682,364,879.52,86.93,1.0
8653,193,47,2693,386,879.51,85.81,1.0
8654,247,51,2747,494,879.51,87.58,1.0
8655,175,40,2675,350,879.5,80.2,1.0
8656,31,8,2531,62,879.47,85.27,1.0
8657,56,8,2556,112,879.46,96.72,1.0
8658,177,33,2677,354,879.46,80.06,1.0
8659,178,46,2678,356,879.46,76.69,1.0
8660,114,29,2614,228,879.44,73.38,1.0
8661,141,47,2641,282,879.42,74.14,1.0
8662,175,46,2675,350,879.4,78.35,1.0
8663,151,31,2651,302,879.39,79.19,1.0
8664,155,42,2655,310,879.38,80.03,1.0
8665,52,8,2552,104,879.37,87.82,1.0
8666,159,40,2659,318,879.36,84.42,1.0
8667,186,48,2686,372,879.26,79.79,1.0
8668,254,50,2754,508,879.19,95.87,1.0
8669,243,10,2743,486,879.18,129.57,1.0
8670,146,44,2646,292,879.17,80.32,1.0
8671,181,47,2681,362,879.12,79.39,1.0
8672,179,34,2679,358,879.11,78.92,1.0
8673,167,30,2667,334,879.1,77.0,1.0
8674,155,37,2655,310,879.09,82.14,1.0
8675,204,44,2704,408,879.07,88.07,1.0
8676,155,43,2655,310,879.03,75.92,1.0
8677,105,8,2605,210,878.96,104.74,1.0
8678,119,9,2619,238,878.96,108.7,1.0
8679,209,9,2709,418,878.94,115.12,1.0
8680,171,43,2671,342,878.92,80.57,1.0
8681,213,51,2713,426,878.91,84.41,1.0
8682,77,7,2577,154,878.89,102.95,1.0
8683,80,9,2580,160,878.89,89.57,1.0
8684,208,49,2708,416,878.84,88.04,1.0
8685,215,47,2715,430,878.84,79.7,1.0
8686,155,40,2655,310,878.82,81.85,1.0
8687,172,10,2672,344,878.81,119.41,1.0
8688,192,38,2692,384,878.79,77.04,1.0
8689,191,36,2691,382,878.78,79.4,1.0
8690,50,28,2550,100,878.77,70.04,1.0
8691,156,46,2656,312,878.75,78.83,1.0
8692,137,37,2637,274,878.72,82.8,1.0
8693,234,48,2734,468,878.71,92.3,1.0
8694,243,50,2743,486,878.71,87.5,1.0
8695,202,10,2702,404,878.7,118.82,1.0
8696,230,48,2730,460,878.7,72.45,1.0
8697,275,10,2775,550,878.7,129.08,1.0
8698,232,52,2732,464,878.67,104.98,1.0
8699,191,38,2691,382,878.65,76.82,1.0
8700,184,50,2684,368,878.64,87.61,1.0
8701,240,10,2740,480,878.63,123.82,1.0
8702,198,45,2698,396,878.62,78.93,1.0
8703,164,42,2664,328,878.61,74.77,1.0
8704,99,8,2599,198,878.57,105.63,1.0
8705,146,33,2646,292,878.53,82.5,1.0
8706,182,43,2682,364,878.52,86.63,1.0
8707,8,7,2508,16,878.49,66.36,1.0
8708,224,51,2724,448,878.49,89.17,1.0
8709,129,29,2629,258,878.45,86.11,1.0
8710,175,31,2675,350,878.45,89.94,1.0
8711,177,34,2677,354,878.44,78.81,1.0
8712,259,54,2759,518,878.44,101.21,1.0
8713,170,32,2670,340,878.42,79.32,1.0
8714,254,49,2754,508,878.4,83.45,1.0
8715,156,31,2656,312,878.39,75.17,1.0
8716,181,48,2681,362,878.38,85.72,1.0
8717,202,34,2702,404,878.36,85.17,1.0
8718,294,10,2794,588,878.34,139.19,1.0
8719,147,34,2647,294,878.33,69.73,1.0
8720,179,36,2679,358,878.32,76.9,1.0
8721,191,32,2691,382,878.3,78.29,1.0
8722,155,34,2655,310,878.27,77.02,1.0
8723,182,45,2682,364,878.25,73.13,1.0
8724,31,27,2531,62,878.24,61.77,1.0
8725,202,30,2702,404,878.24,87.91,1.0
8726,177,36,2677,354,878.23,78.06,1.0
8727,257,54,2757,514,878.19,103.32,1.0
8728,287,55,2787,574,878.19,89.23,1.0
8729,85,29,2585,170,878.16,69.17,1.0
8730,196,50,2696,392,878.11,82.49,1.0
8731,271,53,2771,542,878.11,95.42,1.0
8732,246,50,2746,492,878.1,85.57,1.0
8733,167,35,2667,334,878.08,73.87,1.0
8734,217,10,2717,434,878.04,120.68,1.0
8735,153,33,2653,306,877.94,79.97,1.0
8736,215,46,2715,430,877.94,83.44,1.0
8737,290,10,2790,580,877.94,130.46,1.0
8738,165,46,2665,330,877.93,81.63,1.0
8739,146,30,2646,292,877.92,73.96,1.0
8740,157,47,2657,314,877.88,83.15,1.0
8741,55,9,2555,110,877.86,95.73,1.0
8742,162,30,2662,324,877.85,79.03,1.0
8743,161,46,2661,322,877.84,78.11,1.0
8744,171,38,2671,342,877.8,78.73,1.0
8745,288,11,2788,576,877.79,143.36,1.0
8746,219,10,2719,438,877.77,131.42,1.0
8747,171,46,2671,342,877.74,77.4,1.0
8748,300,54,2800,600,877.74,91.13,1.0
8749,191,37,2691,382,877.68,73.9,1.0
8750,236,51,2736,472,877.68,87.49,1.0
8751,182,36,2682,364,877.65,89.01,1.0
8752,191,42,2691,382,877.63,77.53,1.0
8753,110,29,2610,220,877.62,69.34,1.0
8754,136,29,2636,272,877.61,78.3,1.0
8755,169,40,2669,338,877.58,87.42,1.0
8756,250,50,2750,500,877.58,97.72,1.0
8757,171,31,2671,342,877.55,76.22,1.0
8758,215,11,2715,430,877.55,113.11,1.0
8759,199,50,2699,398,877.53,85.28,1.0
8760,157,49,2657,314,877.51,77.84,1.0
8761,263,50,2763,526,877.44,99.16,1.0
8762,175,41,2675,350,877.38,86.95,1.0
8763,182,37,2682,364,877.36,80.99,1.0
8764,209,51,2709,418,877.34,86.28,1.0
8765,215,48,2715,430,877.34,82.83,1.0
8766,99,29,2599,198,877.33,71.63,1.0
8767,134,32,2634,268,877.28,80.0,1.0
8768,141,46,2641,282,877.23,70.93,1.0
8769,116,29,2616,232,877.19,75.56,1.0
8770,177,37,2677,354,877.18,75.0,1.0
8771,253,53,2753,506,877.18,90.94,1.0
8772,67,9,2567,134,877.16,89.7,1.0
8773,179,41,2679,358,877.15,70.69,1.0
8774,171,35,2671,342,877.07,68.89,1.0
8775,206,49,2706,412,877.07,85.45,1.0
8776,164,37,2664,328,877.05,76.4,1.0
8777,156,38,2656,312,877.04,71.15,1.0
8778,162,38,2662,324,877.04,77.76,1.0
8779,16,7,2516,32,877.02,74.7,1.0
8780,79,28,2579,158,877.02,69.5,1.0
8781,104,9,2604,208,877.02,109.14,1.0
8782,97,28,2597,194,876.98,68.2,1.0
8783,159,44,2659,318,876.97,81.25,1.0
8784,164,40,2664,328,876.96,82.78,1.0
8785,269,51,2769,538,876.96,93.23,1.0
8786,170,9,2670,340,876.93,114.03,1.0
8787,0,27,2500,0,876.92,63.17,1.0
8788,103,29,2603,206,876.9,70.7,1.0
8789,180,9,2680,360,876.89,113.08,1.0
8790,160,41,2660,320,876.86,72.13,1.0
8791,155,35,2655,310,876.84,71.62,1.0
8792,191,33,2691,382,876.83,73.04,1.0
8793,49,28,2549,98,876.82,69.68,1.0
8794,241,9,2741,482,876.8,132.96,1.0
8795,146,41,2646,292,876.78,82.54,1.0
8796,190,9,2690,380,876.77,122.99,1.0
8797,134,37,2634,268,876.72,80.37,1.0
8798,169,42,2669,338,876.62,84.04,1.0
8799,298,53,2798,596,876.52,107.04,1.0
8800,192,42,2692,384,876.5,73.77,1.0
8801,2,26,2502,4,876.46,62.31,1.0
8802,162,41,2662,324,876.4,77.19,1.0
8803,146,40,2646,292,876.37,76.98,1.0
8804,147,41,2647,294,876.34,66.76,1.0
8805,17,7,2517,34,876.32,79.31,1.0
8806,204,47,2704,408,876.32,88.77,1.0
8807,164,33,2664,328,876.3,72.77,1.0
8808,258,10,2758,516,876.3,130.71,1.0
8809,152,39,2652,304,876.26,81.26,1.0
8810,264,56,2764,528,876.22,104.87,1.0
8811,153,44,2653,306,876.18,72.92,1.0
8812,161,48,2661,322,876.14,80.06,1.0
8813,252,49,2752,504,876.1,94.4,1.0
8814,270,53,2770,540,876.1,97.11,1.0
8815,175,36,2675,350,876.01,88.73,1.0
8816,169,32,2669,338,875.98,85.7,1.0
8817,10,7,2510,20,875.96,76.68,1.0
8818,300,53,2800,600,875.96,103.25,1.0
8819,196,9,2696,392,875.93,134.31,1.0
8820,62,28,2562,124,875.9,71.56,1.0
8821,155,38,2655,310,875.87,82.36,1.0
8822,195,49,2695,390,875.87,88.0,1.0
8823,162,36,2662,324,875.86,77.28,1.0
8824,236,50,2736,472,875.83,87.2,1.0
8825,192,40,2692,384,875.8,81.91,1.0
8826,276,50,2776,552,875.74,104.63,1.0
8827,222,10,2722,444,875.73,113.71,1.0
8828,238,55,2738,476,875.7,84.59,1.0
8829,134,42,2634,268,875.68,78.84,1.0
8830,249,11,2749,498,875.66,127.31,1.0
8831,169,31,2669,338,875.6,82.55,1.0
8832,244,52,2744,488,875.58,92.39,1.0
8833,155,39,2655,310,875.53,82.41,1.0
8834,220,51,2720,440,875.52,80.1,1.0
8835,258,53,2758,516,875.51,89.11,1.0
8836,23,7,2523,46,875.5,85.93,1.0
8837,191,47,2691,382,875.5,74.21,1.0
8838,161,8,2661,322,875.46,106.2,1.0
8839,153,38,2653,306,875.45,74.54,1.0
8840,161,49,2661,322,875.41,75.17,1.0
8841,186,47,2686,372,875.37,87.26,1.0
8842,74,8,2574,148,875.34,109.97,1.0
8843,164,36,2664,328,875.34,75.68,1.0
8844,164,38,2664,328,875.34,77.89,1.0
8845,274,52,2774,548,875.34,99.2,1.0
8846,170,34,2670,340,875.33,76.02,1.0
8847,177,31,2677,354,875.32,78.04,1.0
8848,167,33,2667,334,875.31,76.06,1.0
8849,163,49,2663,326,875.27,81.63,1.0
8850,131,34,2631,262,875.24,73.47,1.0
8851,204,46,2704,408,875.24,84.0,1.0
8852,195,9,2695,390,875.22,123.5,1.0
8853,84,8,2584,168,875.2,101.16,1.0
8854,130,29,2630,260,875.2,78.48,1.0
8855,183,38,2683,366,875.2,80.03,1.0
8856,201,48,2701,402,875.17,83.36,1.0
8857,226,52,2726,452,875.08,85.96,1.0
8858,262,52,2762,524,875.05,88.54,1.0
8859,165,47,2665,330,875.03,79.88,1.0
8860,146,35,2646,292,875.02,79.37,1.0
8861,203,52,2703,406,875.01,88.66,1.0
8862,164,41,2664,328,874.99,74.22,1.0
8863,182,30,2682,364,874.97,81.92,1.0
8864,36,27,2536,72,874.92,64.0,1.0
8865,247,10,2747,494,874.91,124.93,1.0
8866,153,42,2653,306,874.9,76.63,1.0
8867,288,49,2788,576,874.89,90.63,1.0
8868,147,31,2647,294,874.87,77.06,1.0
8869,182,46,2682,364,874.87,84.85,1.0
8870,172,31,2672,344,874.86,80.94,1.0
8871,177,39,2677,354,874.86,76.96,1.0
8872,174,39,2674,348,874.86,83.34,1.0
8873,203,9,2703,406,874.86,119.84,1.0
8874,172,45,2672,344,874.78,76.73,1.0
8875,160,44,2660,320,874.78,68.82,1.0
8876,205,49,2705,410,874.78,96.43,1.0
8877,229,49,2729,458,874.75,91.93,1.0
8878,225,47,2725,450,874.74,95.2,1.0
8879,192,31,2692,384,874.72,74.2,1.0
8880,91,8,2591,182,874.67,103.44,1.0
8881,146,38,2646,292,874.66,76.12,1.0
8882,160,38,2660,320,874.61,70.11,1.0
8883,118,33,2618,236,874.56,75.67,1.0
8884,211,48,2711,422,874.56,81.06,1.0
8885,152,37,2652,304,874.54,83.97,1.0
8886,81,8,2581,162,874.52,100.38,1.0
8887,172,32,2672,344,874.52,70.33,1.0
8888,155,31,2655,310,874.46,81.16,1.0
8889,172,39,2672,344,874.46,76.55,1.0
8890,239,11,2739,478,874.46,125.05,1.0
8891,264,54,2764,528,874.42,98.72,1.0
8892,206,9,2706,412,874.41,123.55,1.0
8893,4,7,2504,8,874.4,74.06,1.0
8894,200,11,2700,400,874.4,121.78,1.0
8895,149,39,2649,298,874.39,80.42,1.0
8896,172,44,2672,344,874.37,74.15,1.0
8897,10,27,2510,20,874.35,62.2,1.0
8898,192,34,2692,384,874.35,75.67,1.0
8899,210,50,2710,420,874.34,84.8,1.0
8900,257,9,2757,514,874.34,135.77,1.0
8901,261,53,2761,522,874.34,97.58,1.0
8902,247,52,2747,494,874.32,89.56,1.0
8903,131,36,2631,262,874.28,71.12,1.0
8904,197,48,2697,394,874.28,81.43,1.0
8905,117,8,2617,234,874.23,105.1,1.0
8906,169,37,2669,338,874.22,82.57,1.0
8907,189,49,2689,378,874.2,77.48,1.0
8908,152,9,2652,304,874.19,125.22,1.0
8909,198,46,2698,396,874.18,80.24,1.0
8910,216,9,2716,432,874.18,115.74,1.0
8911,281,51,2781,562,874.16,99.3,1.0
8912,286,53,2786,572,874.15,101.39,1.0
8913,169,38,2669,338,874.14,81.13,1.0
8914,160,30,2660,320,874.1,72.92,1.0
8915,25,27,2525,50,874.09,65.26,1.0
8916,156,34,2656,312,874.09,76.5,1.0
8917,123,8,2623,246,874.08,116.04,1.0
8918,269,12,2769,538,874.08,128.09,1.0
8919,205,47,2705,410,874.07,86.9,1.0
8920,32,27,2532,64,874.04,73.64,1.0
8921,83,8,2583,166,874.04,97.26,1.0
8922,217,52,2717,434,874.04,82.93,1.0
8923,151,35,2651,302,874.03,72.67,1.0
8924,172,30,2672,344,874.03,72.61,1.0
8925,255,51,2755,510,874.01,93.15,1.0
8926,214,49,2714,428,874.0,91.5,1.0
8927,162,43,2662,324,873.94,75.31,1.0
8928,131,37,2631,262,873.93,82.31,1.0
8929,131,38,2631,262,873.91,71.91,1.0
8930,171,33,2671,342,873.89,73.3,1.0
8931,294,54,2794,588,873.89,101.57,1.0
8932,166,49,2666,332,873.88,87.24,1.0
8933,155,41,2655,310,873.86,74.87,1.0
8934,160,39,2660,320,873.85,77.33,1.0
8935,147,42,2647,294,873.83,72.25,1.0
8936,164,34,2664,328,873.83,84.55,1.0
8937,159,33,2659,318,873.79,80.88,1.0
8938,145,37,2645,290,873.77,77.26,1.0
8939,166,48,2666,332,873.74,83.36,1.0
8940,160,33,2660,320,873.73,74.11,1.0
8941,272,10,2772,544,873.72,138.05,1.0
8942,153,34,2653,306,873.71,71.71,1.0
8943,183,31,2683,366,873.7,75.71,1.0
8944,146,36,2646,292,873.64,82.59,1.0
8945,189,9,2689,378,873.62,114.8,1.0
8946,228,49,2728,456,873.62,94.41,1.0
8947,260,51,2760,520,873.62,94.55,1.0
8948,277,52,2777,554,873.62,92.95,1.0
8949,158,35,2658,316,873.61,77.31,1.0
8950,163,47,2663,326,873.56,82.62,1.0
8951,159,41,2659,318,873.56,80.67,1.0
8952,280,53,2780,560,873.56,98.45,1.0
8953,290,54,2790,580,873.56,97.09,1.0
8954,175,34,2675,350,873.5,80.0,1.0
8955,182,32,2682,364,873.49,87.59,1.0
8956,162,31,2662,324,873.48,77.5,1.0
8957,162,33,2662,324,873.47,75.88,1.0
8958,168,8,2668,336,873.46,123.66,1.0
8959,54,28,2554,108,873.4,68.34,1.0
8960,292,49,2792,584,873.39,97.14,1.0
8961,202,49,2702,404,873.36,87.35,1.0
8962,268,10,2768,536,873.34,125.06,1.0
8963,153,35,2653,306,873.33,73.16,1.0
8964,118,30,2618,236,873.32,72.87,1.0
8965,148,33,2648,296,873.3,78.58,1.0
8966,51,28,2551,102,873.29,71.38,1.0
8967,39,8,2539,78,873.18,75.93,1.0
8968,220,50,2720,440,873.18,83.45,1.0
8969,237,10,2737,474,873.18,130.74,1.0
8970,126,31,2626,252,873.16,70.71,1.0
8971,172,40,2672,344,873.16,79.03,1.0
8972,182,44,2682,364,873.16,87.33,1.0
8973,151,44,2651,302,873.13,78.75,1.0
8974,147,38,2647,294,873.11,69.6,1.0
8975,142,34,2642,284,873.1,70.54,1.0
8976,134,31,2634,268,873.08,79.48,1.0
8977,148,42,2648,296,873.08,73.54,1.0
8978,185,50,2685,370,873.06,88.26,1.0
8979,149,34,2649,298,873.04,80.25,1.0
8980,164,30,2664,328,873.01,76.07,1.0
8981,53,28,2553,106,872.98,62.03,1.0
8982,159,45,2659,318,872.98,76.34,1.0
8983,184,9,2684,368,872.98,105.23,1.0
8984,231,54,2731,462,872.97,90.73,1.0
8985,52,28,2552,104,872.96,63.89,1.0
8986,242,51,2742,484,872.94,93.77,1.0
8987,181,50,2681,362,872.93,84.14,1.0
8988,164,32,2664,328,872.92,70.2,1.0
8989,265,54,2765,530,872.92,95.52,1.0
8990,161,47,2661,322,872.91,77.57,1.0
8991,179,37,2679,358,872.89,74.04,1.0
8992,213,10,2713,426,872.87,123.19,1.0
8993,160,42,2660,320,872.86,71.34,1.0
8994,216,49,2716,432,872.86,88.74,1.0
8995,124,29,2624,248,872.84,74.55,1.0
8996,192,32,2692,384,872.83,79.23,1.0
8997,172,36,2672,344,872.8,74.15,1.0
8998,63,28,2563,126,872.74,70.81,1.0
8999,153,41,2653,306,872.74,76.03,1.0
9000,295,11,2795,590,872.74,128.48,1.0
9001,259,53,2759,518,872.69,96.63,1.0
9002,147,32,2647,294,872.66,72.06,1.0
9003,159,43,2659,318,872.66,84.04,1.0
9004,246,51,2746,492,872.66,86.39,1.0
9005,109,29,2609,218,872.64,66.93,1.0
9006,56,28,2556,112,872.62,70.41,1.0
9007,98,8,2598,196,872.55,98.14,1.0
9008,153,43,2653,306,872.52,81.99,1.0
9009,210,51,2710,420,872.52,86.05,1.0
9010,222,48,2722,444,872.5,93.13,1.0
9011,151,37,2651,302,872.48,81.74,1.0
9012,170,39,2670,340,872.48,74.32,1.0
9013,63,8,2563,126,872.47,93.32,1.0
9014,54,8,2554,108,872.46,92.6,1.0
9015,162,42,2662,324,872.45,72.57,1.0
9016,29,27,2529,58,872.27,70.05,1.0
9017,164,39,2664,328,872.27,83.18,1.0
9018,144,43,2644,288,872.26,73.85,1.0
9019,169,47,2669,338,872.25,87.41,1.0
9020,151,42,2651,302,872.24,82.0,1.0
9021,184,51,2684,368,872.23,80.65,1.0
9022,64,28,2564,128,872.21,68.44,1.0
9023,137,30,2637,274,872.18,76.68,1.0
9024,147,33,2647,294,872.16,78.52,1.0
9025,287,54,2787,574,872.15,94.81,1.0
9026,160,32,2660,320,872.14,78.78,1.0
9027,147,44,2647,294,872.09,75.8,1.0
9028,146,43,2646,292,872.06,76.65,1.0
9029,202,48,2702,404,872.02,90.05,1.0
9030,279,55,2779,558,872.0,98.81,1.0
9031,4,27,2504,8,871.95,63.74,1.0
9032,118,35,2618,236,871.95,71.39,1.0
9033,292,11,2792,584,871.95,136.4,1.0
9034,276,51,2776,552,871.93,96.77,1.0
9035,15,7,2515,30,871.9,77.78,1.0
9036,185,51,2685,370,871.86,86.31,1.0
9037,159,35,2659,318,871.85,82.02,1.0
9038,92,29,2592,184,871.84,66.62,1.0
9039,153,37,2653,306,871.84,78.42,1.0
9040,147,30,2647,294,871.84,83.89,1.0
9041,87,29,2587,174,871.8,72.0,1.0
9042,164,45,2664,328,871.8,73.2,1.0
9043,53,8,2553,106,871.78,88.45,1.0
9044,118,32,2618,236,871.78,72.48,1.0
9045,172,35,2672,344,871.77,75.51,1.0
9046,192,10,2692,384,871.74,120.92,1.0
9047,149,33,2649,298,871.71,71.83,1.0
9048,137,34,2637,274,871.69,77.63,1.0
9049,170,41,2670,340,871.66,85.82,1.0
9050,146,42,2646,292,871.59,80.87,1.0
9051,218,9,2718,436,871.55,119.35,1.0
9052,159,30,2659,318,871.54,81.29,1.0
9053,172,33,2672,344,871.52,76.96,1.0
9054,192,35,2692,384,871.51,86.78,1.0
9055,148,35,2648,296,871.5,79.24,1.0
9056,133,34,2633,266,871.49,70.11,1.0
9057,162,32,2662,324,871.49,80.73,1.0
9058,290,53,2790,580,871.49,97.04,1.0
9059,153,30,2653,306,871.48,76.53,1.0
9060,169,39,2669,338,871.45,86.75,1.0
9061,131,45,2631,262,871.44,72.17,1.0
9062,176,9,2676,352,871.39,124.07,1.0
9063,162,35,2662,324,871.38,77.22,1.0
9064,167,9,2667,334,871.36,124.18,1.0
9065,143,9,2643,286,871.3,114.15,1.0
9066,156,47,2656,312,871.29,75.4,1.0
9067,153,32,2653,306,871.27,80.88,1.0
9068,149,44,2649,298,871.27,77.37,1.0
9069,134,34,2634,268,871.26,85.08,1.0
9070,131,30,2631,262,871.26,73.71,1.0
9071,100,8,2600,200,871.25,96.32,1.0
9072,299,55,2799,598,871.22,91.86,1.0
9073,86,8,2586,172,871.2,96.68,1.0
9074,152,34,2652,304,871.2,83.14,1.0
9075,126,40,2626,252,871.18,72.08,1.0
9076,182,39,2682,364,871.18,79.94,1.0
9077,168,48,2668,336,871.14,85.96,1.0
9078,140,29,2640,280,871.13,71.46,1.0
9079,138,33,2638,276,871.12,68.51,1.0
9080,131,44,2631,262,871.08,76.15,1.0
9081,151,34,2651,302,871.08,84.34,1.0
9082,183,11,2683,366,871.08,119.33,1.0
9083,221,52,2721,442,871.08,84.56,1.0
9084,260,11,2760,520,871.06,125.61,1.0
9085,199,51,2699,398,870.98,82.6,1.0
9086,133,45,2633,266,870.96,76.34,1.0
9087,8,27,2508,16,870.95,66.48,1.0
9088,151,41,2651,302,870.94,90.41,1.0
9089,200,38,2700,400,870.93,80.49,1.0
9090,278,52,2778,556,870.93,100.81,1.0
9091,159,34,2659,318,870.9,74.22,1.0
9092,159,42,2659,318,870.83,82.97,1.0
9093,268,49,2768,536,870.8,88.66,1.0
9094,151,45,2651,302,870.78,77.49,1.0
9095,179,45,2679,358,870.78,76.48,1.0
9096,192,37,2692,384,870.78,80.9,1.0
9097,164,44,2664,328,870.77,79.04,1.0
9098,230,10,2730,460,870.76,130.2,1.0
9099,145,44,2645,290,870.75,75.98,1.0
9100,160,31,2660,320,870.72,77.53,1.0
9101,253,54,2753,506,870.71,91.6,1.0
9102,134,40,2634,268,870.7,73.55,1.0
9103,162,40,2662,324,870.69,83.81,1.0
9104,170,44,2670,340,870.68,77.61,1.0
9105,179,30,2679,358,870.67,75.02,1.0
9106,228,9,2728,456,870.67,125.48,1.0
9107,60,28,2560,120,870.6,68.07,1.0
9108,134,33,2634,268,870.6,83.23,1.0
9109,154,33,2654,308,870.56,77.93,1.0
9110,82,29,2582,164,870.55,66.82,1.0
9111,21,8,2521,42,870.54,79.27,1.0
9112,196,52,2696,392,870.54,83.52,1.0
9113,191,46,2691,382,870.53,70.81,1.0
9114,232,53,2732,464,870.51,101.95,1.0
9115,134,8,2634,268,870.48,112.72,1.0
9116,134,39,2634,268,870.45,83.89,1.0
9117,240,49,2740,480,870.45,94.89,1.0
9118,265,55,2765,530,870.4,92.6,1.0
9119,131,43,2631,262,870.35,74.07,1.0
9120,192,30,2692,384,870.35,83.08,1.0
9121,24,7,2524,48,870.34,87.89,1.0
9122,190,50,2690,380,870.34,79.67,1.0
9123,58,8,2558,116,870.32,88.12,1.0
9124,138,43,2638,276,870.32,75.07,1.0
9125,37,28,2537,74,870.27,68.23,1.0
9126,172,42,2672,344,870.26,75.89,1.0
9127,43,28,2543,86,870.24,69.39,1.0
9128,78,8,2578,156,870.24,97.11,1.0
9129,109,8,2609,218,870.24,105.75,1.0
9130,21,27,2521,42,870.23,68.25,1.0
9131,153,39,2653,306,870.21,74.13,1.0
9132,219,49,2719,438,870.18,86.07,1.0
9133,170,30,2670,340,870.15,73.53,1.0
9134,254,11,2754,508,870.13,123.93,1.0
9135,165,9,2665,330,870.12,112.18,1.0
9136,118,38,2618,236,870.11,69.72,1.0
9137,164,43,2664,328,870.1,78.42,1.0
9138,156,9,2656,312,870.08,108.65,1.0
9139,169,48,2669,338,870.08,82.33,1.0
9140,13,27,2513,26,870.05,67.56,1.0
9141,144,36,2644,288,870.01,82.73,1.0
9142,168,49,2668,336,869.97,86.49,1.0
9143,137,38,2637,274,869.94,77.06,1.0
9144,131,33,2631,262,869.92,69.5,1.0
9145,172,41,2672,344,869.9,74.14,1.0
9146,198,10,2698,396,869.88,119.02,1.0
9147,182,47,2682,364,869.87,80.31,1.0
9148,134,43,2634,268,869.84,80.57,1.0
9149,194,47,2694,388,869.82,84.05,1.0
9150,177,47,2677,354,869.8,84.69,1.0
9151,123,44,2623,246,869.79,71.96,1.0
9152,159,10,2659,318,869.78,115.51,1.0
9153,153,31,2653,306,869.76,80.46,1.0
9154,20,28,2520,40,869.75,62.58,1.0
9155,174,30,2674,348,869.75,83.44,1.0
9156,174,35,2674,348,869.74,81.85,1.0
9157,203,53,2703,406,869.74,85.51,1.0
9158,142,8,2642,284,869.72,111.76,1.0
9159,169,45,2669,338,869.71,79.46,1.0
9160,153,36,2653,306,869.7,78.04,1.0
9161,169,41,2669,338,869.7,85.34,1.0
9162,147,40,2647,294,869.67,73.01,1.0
9163,223,50,2723,446,869.66,85.08,1.0
9164,149,41,2649,298,869.65,77.88,1.0
9165,160,46,2660,320,869.54,76.66,1.0
9166,131,35,2631,262,869.51,79.56,1.0
9167,131,32,2631,262,869.5,80.41,1.0
9168,213,52,2713,426,869.5,81.46,1.0
9169,149,30,2649,298,869.46,75.73,1.0
9170,22,28,2522,44,869.45,64.36,1.0
9171,75,29,2575,150,869.43,73.13,1.0
9172,172,38,2672,344,869.42,74.71,1.0
9173,59,8,2559,118,869.4,89.22,1.0
9174,224,53,2724,448,869.35,87.68,1.0
9175,144,42,2644,288,869.34,71.97,1.0
9176,169,46,2669,338,869.32,86.85,1.0
9177,211,49,2711,422,869.32,84.73,1.0
9178,151,36,2651,302,869.31,89.68,1.0
9179,149,37,2649,298,869.3,79.67,1.0
9180,137,36,2637,274,869.27,76.21,1.0
9181,248,11,2748,496,869.26,136.63,1.0
9182,134,44,2634,268,869.25,85.64,1.0
9183,9,27,2509,18,869.24,65.27,1.0
9184,137,44,2637,274,869.22,77.7,1.0
9185,146,45,2646,292,869.2,72.46,1.0
9186,175,9,2675,350,869.19,133.61,1.0
9187,163,48,2663,326,869.17,84.73,1.0
9188,131,42,2631,262,869.16,71.05,1.0
9189,148,44,2648,296,869.11,82.46,1.0
9190,283,53,2783,566,869.1,112.47,1.0
9191,170,31,2670,340,869.09,76.89,1.0
9192,154,38,2654,308,869.08,74.43,1.0
9193,276,11,2776,552,869.08,134.41,1.0
9194,164,46,2664,328,869.06,77.39,1.0
9195,131,39,2631,262,869.01,77.1,1.0
9196,30,8,2530,60,869.0,78.27,1.0
9197,154,31,2654,308,868.98,78.85,1.0
9198,62,8,2562,124,868.96,79.98,1.0
9199,172,43,2672,344,868.94,77.7,1.0
9200,256,51,2756,512,868.92,91.93,1.0
9201,266,10,2766,532,868.92,129.64,1.0
9202,110,8,2610,220,868.86,96.58,1.0
9203,137,42,2637,274,868.85,79.87,1.0
9204,14,7,2514,28,868.83,76.33,1.0
9205,2,7,2502,4,868.79,78.61,1.0
9206,190,51,2690,380,868.79,86.51,1.0
9207,50,7,2550,100,868.77,79.44,1.0
9208,107,29,2607,214,868.72,68.25,1.0
9209,126,42,2626,252,868.72,80.79,1.0
9210,160,37,2660,320,868.69,74.19,1.0
9211,147,43,2647,294,868.67,77.36,1.0
9212,7,27,2507,14,868.66,67.36,1.0
9213,162,39,2662,324,868.65,79.57,1.0
9214,275,53,2775,550,868.61,94.59,1.0
9215,157,50,2657,314,868.58,85.06,1.0
9216,173,33,2673,346,868.57,77.72,1.0
9217,174,43,2674,348,868.54,83.59,1.0
9218,183,40,2683,366,868.54,81.35,1.0
9219,170,35,2670,340,868.53,78.09,1.0
9220,177,46,2677,354,868.46,83.9,1.0
9221,225,9,2725,450,868.43,136.32,1.0
9222,266,53,2766,532,868.41,88.62,1.0
9223,164,31,2664,328,868.37,75.78,1.0
9224,155,47,2655,310,868.35,81.4,1.0
9225,279,10,2779,558,868.34,132.11,1.0
9226,152,43,2652,304,868.32,80.07,1.0
9227,144,33,2644,288,868.3,78.49,1.0
9228,285,53,2785,570,868.3,102.68,1.0
9229,160,36,2660,320,868.27,72.45,1.0
9230,145,39,2645,290,868.26,75.12,1.0
9231,261,54,2761,522,868.26,97.03,1.0
9232,186,50,2686,372,868.25,83.04,1.0
9233,133,46,2633,266,868.16,72.14,1.0
9234,296,50,2796,592,868.16,100.77,1.0
9235,176,48,2676,352,868.14,89.26,1.0
9236,151,39,2651,302,868.13,84.48,1.0
9237,178,49,2678,356,868.13,88.05,1.0
9238,208,51,2708,416,868.12,91.44,1.0
9239,103,8,2603,206,868.1,105.58,1.0
9240,131,41,2631,262,868.1,78.85,1.0
9241,118,39,2618,236,868.08,73.24,1.0
9242,142,39,2642,284,868.08,71.57,1.0
9243,147,36,2647,294,868.07,74.61,1.0
9244,132,9,2632,264,868.06,108.07,1.0
9245,126,37,2626,252,868.06,69.83,1.0
9246,162,45,2662,324,868.06,76.59,1.0
9247,298,10,2798,596,868.06,131.16,1.0
9248,126,36,2626,252,868.05,70.97,1.0
9249,158,36,2658,316,868.04,81.23,1.0
9250,176,47,2676,352,868.04,76.29,1.0
9251,160,34,2660,320,868.04,79.76,1.0
9252,180,51,2680,360,868.04,85.19,1.0
9253,145,41,2645,290,867.92,76.05,1.0
9254,237,50,2737,474,867.92,85.68,1.0
9255,172,37,2672,344,867.91,80.4,1.0
9256,134,35,2634,268,867.89,86.09,1.0
9257,150,9,2650,300,867.89,120.69,1.0
9258,68,28,2568,136,867.87,67.11,1.0
9259,169,36,2669,338,867.85,80.85,1.0
9260,148,31,2648,296,867.84,82.87,1.0
9261,239,50,2739,478,867.84,88.07,1.0
9262,133,36,2633,266,867.82,66.58,1.0
9263,133,31,2633,266,867.81,73.77,1.0
9264,279,56,2779,558,867.8,96.78,1.0
9265,235,54,2735,470,867.78,95.09,1.0
9266,230,49,2730,460,867.77,83.17,1.0
9267,251,51,2751,502,867.74,91.2,1.0
9268,36,8,2536,72,867.66,88.52,1.0
9269,248,49,2748,496,867.65,89.02,1.0
9270,133,37,2633,266,867.62,71.07,1.0
9271,89,29,2589,178,867.61,74.5,1.0
9272,89,8,2589,178,867.57,115.43,1.0
9273,181,49,2681,362,867.57,87.65,1.0
9274,118,42,2618,236,867.55,69.99,1.0
9275,38,7,2538,76,867.52,87.74,1.0
9276,238,9,2738,476,867.5,119.84,1.0
9277,133,42,2633,266,867.48,74.15,1.0
9278,151,32,2651,302,867.47,75.0,1.0
9279,267,51,2767,534,867.47,101.42,1.0
9280,159,38,2659,318,867.46,82.25,1.0
9281,152,38,2652,304,867.44,76.82,1.0
9282,214,9,2714,428,867.43,128.97,1.0
9283,198,47,2698,396,867.38,81.57,1.0
9284,133,43,2633,266,867.37,70.29,1.0
9285,59,28,2559,118,867.34,69.65,1.0
9286,144,44,2644,288,867.3,78.23,1.0
9287,241,52,2741,482,867.29,91.73,1.0
9288,138,38,2638,276,867.28,75.35,1.0
9289,288,51,2788,576,867.28,100.16,1.0
9290,144,40,2644,288,867.26,70.73,1.0
9291,93,8,2593,186,867.23,102.16,1.0
9292,160,45,2660,320,867.2,74.98,1.0
9293,60,8,2560,120,867.19,93.36,1.0
9294,133,39,2633,266,867.19,64.4,1.0
9295,200,32,2700,400,867.18,87.45,1.0
9296,240,50,2740,480,867.18,92.7,1.0
9297,295,52,2795,590,867.18,96.07,1.0
9298,69,28,2569,138,867.17,69.2,1.0
9299,238,56,2738,476,867.16,95.92,1.0
9300,179,46,2679,358,867.13,85.05,1.0
9301,207,48,2707,414,867.13,92.27,1.0
9302,20,7,2520,40,867.11,82.83,1.0
9303,104,29,2604,208,867.1,73.14,1.0
9304,169,9,2669,338,867.1,128.46,1.0
9305,183,33,2683,366,867.09,75.02,1.0
9306,265,9,2765,530,867.07,125.69,1.0
9307,170,43,2670,340,867.04,73.5,1.0
9308,123,40,2623,246,867.02,68.38,1.0
9309,235,53,2735,470,867.01,98.84,1.0
9310,263,52,2763,526,867.01,97.52,1.0
9311,178,48,2678,356,867.0,86.43,1.0
9312,178,9,2678,356,866.96,112.7,1.0
9313,159,32,2659,318,866.96,82.08,1.0
9314,158,34,2658,316,866.94,81.59,1.0
9315,262,51,2762,524,866.94,88.94,1.0
9316,115,42,2615,230,866.9,72.82,1.0
9317,90,29,2590,180,866.88,74.85,1.0
9318,131,31,2631,262,866.88,76.29,1.0
9319,112,9,2612,224,866.84,96.24,1.0
9320,154,39,2654,308,866.82,76.53,1.0
9321,294,55,2794,588,866.81,94.2,1.0
9322,44,7,2544,88,866.8,86.16,1.0
9323,47,8,2547,94,866.78,86.15,1.0
9324,134,30,2634,268,866.78,82.67,1.0
9325,145,30,2645,290,866.75,78.87,1.0
9326,149,31,2649,298,866.75,72.53,1.0
9327,160,40,2660,320,866.75,76.5,1.0
9328,77,29,2577,154,866.72,68.91,1.0
9329,199,8,2699,398,866.7,117.61,1.0
9330,118,37,2618,236,866.66,71.08,1.0
9331,133,30,2633,266,866.66,68.84,1.0
9332,123,34,2623,246,866.66,66.15,1.0
9333,133,8,2633,266,866.64,111.06,1.0
9334,144,31,2644,288,866.64,79.61,1.0
9335,193,50,2693,386,866.62,88.66,1.0
9336,126,32,2626,252,866.59,78.43,1.0
9337,149,42,2649,298,866.58,80.16,1.0
9338,235,9,2735,470,866.53,128.2,1.0
9339,144,30,2644,288,866.52,74.36,1.0
9340,148,30,2648,296,866.5,76.54,1.0
9341,278,53,2778,556,866.49,115.33,1.0
9342,189,48,2689,378,866.48,83.73,1.0
9343,145,32,2645,290,866.47,77.87,1.0
9344,234,10,2734,468,866.43,140.19,1.0
9345,174,10,2674,348,866.4,130.23,1.0
9346,169,44,2669,338,866.39,85.26,1.0
9347,112,29,2612,224,866.36,79.28,1.0
9348,145,42,2645,290,866.34,72.7,1.0
9349,148,40,2648,296,866.3,82.81,1.0
9350,152,42,2652,304,866.28,81.45,1.0
9351,151,38,2651,302,866.25,84.75,1.0
9352,119,29,2619,238,866.24,73.79,1.0
9353,289,52,2789,578,866.23,95.14,1.0
9354,148,45,2648,296,866.22,78.87,1.0
9355,183,41,2683,366,866.18,81.62,1.0
9356,173,46,2673,346,866.14,78.92,1.0
9357,174,31,2674,348,866.12,84.86,1.0
9358,170,40,2670,340,866.11,87.57,1.0
9359,102,29,2602,204,866.09,67.79,1.0
9360,141,49,2641,282,866.09,74.29,1.0
9361,151,30,2651,302,866.07,80.59,1.0
9362,133,41,2633,266,866.06,74.36,1.0
9363,202,47,2702,404,866.06,93.31,1.0
9364,252,50,2752,504,866.01,97.11,1.0
9365,135,36,2635,270,865.99,82.71,1.0
9366,191,9,2691,382,865.99,112.26,1.0
9367,245,51,2745,490,865.99,96.96,1.0
9368,6,27,2506,12,865.96,56.34,1.0
9369,178,50,2678,356,865.93,83.97,1.0
9370,152,36,2652,304,865.88,81.98,1.0
9371,267,52,2767,534,865.88,99.33,1.0
9372,33,27,2533,66,865.86,72.95,1.0
9373,139,48,2639,278,865.86,84.67,1.0
9374,134,38,2634,268,865.8,80.48,1.0
9375,262,53,2762,524,865.8,96.96,1.0
9376,221,51,2721,442,865.79,90.59,1.0
9377,106,8,2606,212,865.78,110.53,1.0
9378,162,46,2662,324,865.76,81.37,1.0
9379,224,9,2724,448,865.76,127.84,1.0
9380,179,47,2679,358,865.75,73.09,1.0
9381,1,27,2501,2,865.74,60.09,1.0
9382,18,7,2518,36,865.69,77.86,1.0
9383,143,44,2643,286,865.69,73.2,1.0
9384,243,52,2743,486,865.64,88.5,1.0
9385,138,44,2638,276,865.63,71.37,1.0
9386,298,54,2798,596,865.59,100.11,1.0
9387,135,41,2635,270,865.57,85.58,1.0
9388,165,49,2665,330,865.56,83.22,1.0
9389,118,31,2618,236,865.54,73.1,1.0
9390,176,49,2676,352,865.53,84.63,1.0
9391,118,40,2618,236,865.51,70.49,1.0
9392,200,33,2700,400,865.51,84.52,1.0
9393,133,32,2633,266,865.5,71.65,1.0
9394,224,54,2724,448,865.5,89.38,1.0
9395,169,10,2669,338,865.49,118.59,1.0
9396,126,33,2626,252,865.48,77.72,1.0
9397,41,8,2541,82,865.45,92.8,1.0
9398,116,39,2616,232,865.44,79.92,1.0
9399,151,43,2651,302,865.42,80.33,1.0
9400,250,51,2750,500,865.41,102.7,1.0
9401,118,34,2618,236,865.4,73.67,1.0
9402,281,53,2781,562,865.4,103.98,1.0
9403,154,35,2654,308,865.35,82.66,1.0
9404,201,49,2701,402,865.3,91.2,1.0
9405,219,50,2719,438,865.28,82.56,1.0
9406,170,36,2670,340,865.26,74.67,1.0
9407,68,8,2568,136,865.23,87.38,1.0
9408,138,35,2638,276,865.19,80.89,1.0
9409,138,8,2638,276,865.17,112.43,1.0
9410,131,40,2631,262,865.16,71.3,1.0
9411,183,43,2683,366,865.16,85.04,1.0
9412,173,38,2673,346,865.15,82.26,1.0
9413,108,29,2608,216,865.14,71.45,1.0
9414,150,33,2650,300,865.14,81.1,1.0
9415,126,35,2626,252,865.12,70.41,1.0
9416,118,41,2618,236,865.09,70.29,1.0
9417,179,48,2679,358,865.08,76.22,1.0
9418,237,9,2737,474,865.06,127.22,1.0
9419,299,10,2799,598,865.06,136.26,1.0
9420,152,41,2652,304,865.04,73.98,1.0
9421,144,41,2644,288,865.04,72.04,1.0
9422,200,30,2700,400,865.02,79.64,1.0
9423,159,39,2659,318,865.01,83.76,1.0
9424,187,34,2687,374,865.01,75.82,1.0
9425,183,44,2683,366,864.99,79.85,1.0
9426,291,10,2791,582,864.98,126.4,1.0
9427,120,9,2620,240,864.94,113.61,1.0
9428,123,41,2623,246,864.94,71.55,1.0
9429,160,43,2660,320,864.94,76.86,1.0
9430,145,34,2645,290,864.92,79.02,1.0
9431,173,34,2673,346,864.89,77.31,1.0
9432,126,38,2626,252,864.88,71.42,1.0
9433,154,44,2654,308,864.87,76.67,1.0
9434,45,7,2545,90,864.85,81.29,1.0
9435,239,52,2739,478,864.83,95.89,1.0
9436,154,30,2654,308,864.82,87.75,1.0
9437,248,50,2748,496,864.8,87.03,1.0
9438,88,8,2588,176,864.79,97.8,1.0
9439,187,32,2687,374,864.79,77.97,1.0
9440,207,10,2707,414,864.78,120.05,1.0
9441,174,42,2674,348,864.76,80.21,1.0
9442,151,33,2651,302,864.75,84.92,1.0
9443,253,9,2753,506,864.74,122.6,1.0
9444,142,33,2642,284,864.73,75.44,1.0
9445,128,40,2628,256,864.7,74.21,1.0
9446,147,39,2647,294,864.68,71.1,1.0
9447,266,54,2766,532,864.67,92.84,1.0
9448,149,36,2649,298,864.59,80.86,1.0
9449,169,43,2669,338,864.58,88.74,1.0
9450,148,36,2648,296,864.55,80.71,1.0
9451,137,35,2637,274,864.54,77.27,1.0
9452,144,32,2644,288,864.54,75.51,1.0
9453,186,49,2686,372,864.53,84.73,1.0
9454,126,39,2626,252,864.52,81.4,1.0
9455,159,31,2659,318,864.52,83.25,1.0
9456,259,55,2759,518,864.52,108.44,1.0
9457,286,54,2786,572,864.52,103.59,1.0
9458,154,43,2654,308,864.5,76.51,1.0
9459,138,42,2638,276,864.5,81.43,1.0
9460,281,52,2781,562,864.47,102.59,1.0
9461,165,48,2665,330,864.46,87.2,1.0
9462,143,33,2643,286,864.39,73.38,1.0
9463,164,35,2664,328,864.38,79.21,1.0
9464,162,34,2662,324,864.37,75.64,1.0
9465,254,51,2754,508,864.35,91.05,1.0
9466,172,46,2672,344,864.3,73.96,1.0
9467,173,42,2673,346,864.29,78.99,1.0
9468,170,45,2670,340,864.28,74.67,1.0
9469,271,9,2771,542,864.24,125.81,1.0
9470,249,50,2749,498,864.18,89.64,1.0
9471,191,48,2691,382,864.17,80.91,1.0
9472,126,30,2626,252,864.16,77.13,1.0
9473,149,38,2649,298,864.09,68.95,1.0
9474,138,40,2638,276,864.03,77.98,1.0
9475,200,40,2700,400,864.01,82.2,1.0
9476,268,50,2768,536,863.99,92.36,1.0
9477,204,48,2704,408,863.98,82.31,1.0
9478,206,52,2706,412,863.98,87.34,1.0
9479,158,40,2658,316,863.97,79.63,1.0
9480,227,53,2727,454,863.96,95.72,1.0
9481,133,33,2633,266,863.9,71.3,1.0
9482,148,41,2648,296,863.9,75.57,1.0
9483,134,41,2634,268,863.88,85.61,1.0
9484,158,30,2658,316,863.88,77.02,1.0
9485,146,46,2646,292,863.87,80.72,1.0
9486,255,10,2755,510,863.87,120.94,1.0
9487,137,32,2637,274,863.85,73.64,1.0
9488,166,51,2666,332,863.84,82.39,1.0
9489,159,36,2659,318,863.84,80.14,1.0
9490,158,33,2658,316,863.81,75.04,1.0
9491,118,44,2618,236,863.77,70.81,1.0
9492,152,31,2652,304,863.76,85.81,1.0
9493,226,53,2726,452,863.76,83.73,1.0
9494,277,54,2777,554,863.72,104.16,1.0
9495,144,38,2644,288,863.7,76.62,1.0
9496,138,31,2638,276,863.69,77.22,1.0
9497,137,33,2637,274,863.68,75.21,1.0
9498,157,52,2657,314,863.68,78.7,1.0
9499,34,8,2534,68,863.66,83.5,1.0
9500,221,9,2721,442,863.66,125.44,1.0
9501,236,52,2736,472,863.62,88.05,1.0
9502,86,29,2586,172,863.6,74.87,1.0
9503,272,52,2772,544,863.59,93.47,1.0
9504,150,35,2650,300,863.58,81.71,1.0
9505,113,40,2613,226,863.56,72.32,1.0
9506,183,36,2683,366,863.55,79.71,1.0
9507,113,33,2613,226,863.54,76.73,1.0
9508,149,40,2649,298,863.5,76.57,1.0
9509,158,42,2658,316,863.5,75.87,1.0
9510,174,34,2674,348,863.5,80.52,1.0
9511,200,42,2700,400,863.5,78.57,1.0
9512,168,51,2668,336,863.47,87.79,1.0
9513,170,38,2670,340,863.43,79.49,1.0
9514,269,52,2769,538,863.43,93.57,1.0
9515,152,32,2652,304,863.4,81.19,1.0
9516,187,37,2687,374,863.4,86.03,1.0
9517,287,56,2787,574,863.4,101.72,1.0
9518,26,7,2526,52,863.36,81.44,1.0
9519,123,35,2623,246,863.35,68.14,1.0
9520,183,30,2683,366,863.35,78.95,1.0
9521,263,53,2763,526,863.35,96.06,1.0
9522,133,35,2633,266,863.33,73.37,1.0
9523,137,40,2637,274,863.33,80.78,1.0
9524,139,50,2639,278,863.33,80.42,1.0
9525,274,53,2774,548,863.32,101.13,1.0
9526,40,8,2540,80,863.31,91.29,1.0
9527,155,46,2655,310,863.3,82.91,1.0
9528,145,40,2645,290,863.3,84.28,1.0
9529,147,37,2647,294,863.29,79.52,1.0
9530,81,29,2581,162,863.27,78.2,1.0
9531,250,52,2750,500,863.26,100.65,1.0
9532,126,43,2626,252,863.24,70.22,1.0
9533,297,53,2797,594,863.24,97.02,1.0
9534,123,36,2623,246,863.22,68.99,1.0
9535,123,42,2623,246,863.22,71.57,1.0
9536,9,7,2509,18,863.21,79.25,1.0
9537,200,34,2700,400,863.18,83.38,1.0
9538,37,7,2537,74,863.13,86.42,1.0
9539,153,48,2653,306,863.12,83.06,1.0
9540,150,45,2650,300,863.1,80.15,1.0
9541,123,37,2623,246,863.08,64.28,1.0
9542,128,43,2628,256,863.08,75.73,1.0
9543,144,8,2644,288,863.05,92.84,1.0
9544,115,33,2615,230,863.04,70.52,1.0
9545,137,41,2637,274,863.04,77.95,1.0
9546,200,36,2700,400,863.04,82.43,1.0
9547,43,7,2543,86,863.03,94.66,1.0
9548,148,32,2648,296,863.0,77.26,1.0
9549,169,34,2669,338,862.99,84.07,1.0
9550,160,35,2660,320,862.98,72.51,1.0
9551,256,52,2756,512,862.98,88.37,1.0
9552,137,39,2637,274,862.97,83.36,1.0
9553,128,34,2628,256,862.93,73.04,1.0
9554,237,51,2737,474,862.87,90.34,1.0
9555,135,38,2635,270,862.84,82.8,1.0
9556,147,45,2647,294,862.84,74.49,1.0
9557,294,56,2794,588,862.84,103.1,1.0
9558,170,42,2670,340,862.8,78.42,1.0
9559,225,49,2725,450,862.76,89.26,1.0
9560,188,51,2688,376,862.75,83.68,1.0
9561,129,9,2629,258,862.74,110.58,1.0
9562,143,39,2643,286,862.74,77.36,1.0
9563,158,9,2658,316,862.74,112.96,1.0
9564,289,53,2789,578,862.73,110.58,1.0
9565,221,53,2721,442,862.72,85.26,1.0
9566,147,35,2647,294,862.64,74.98,1.0
9567,96,29,2596,192,862.6,77.54,1.0
9568,206,51,2706,412,862.57,95.29,1.0
9569,170,37,2670,340,862.51,78.3,1.0
9570,126,41,2626,252,862.5,77.4,1.0
9571,233,9,2733,466,862.5,131.04,1.0
9572,154,37,2654,308,862.48,83.12,1.0
9573,209,53,2709,418,862.48,81.95,1.0
9574,173,35,2673,346,862.43,81.35,1.0
9575,167,47,2667,334,862.43,79.27,1.0
9576,216,50,2716,432,862.43,85.0,1.0
9577,148,43,2648,296,862.42,80.53,1.0
9578,123,32,2623,246,862.41,75.15,1.0
9579,163,8,2663,326,862.41,112.2,1.0
9580,40,28,2540,80,862.39,67.32,1.0
9581,193,49,2693,386,862.35,87.41,1.0
9582,286,55,2786,572,862.32,100.94,1.0
9583,149,32,2649,298,862.31,78.72,1.0
9584,192,48,2692,384,862.31,78.08,1.0
9585,205,9,2705,410,862.29,118.51,1.0
9586,149,43,2649,298,862.28,80.27,1.0
9587,183,39,2683,366,862.28,73.32,1.0
9588,286,10,2786,572,862.27,142.91,1.0
9589,152,30,2652,304,862.26,84.99,1.0
9590,183,34,2683,366,862.26,74.73,1.0
9591,162,44,2662,324,862.24,79.04,1.0
9592,137,45,2637,274,862.21,78.46,1.0
9593,93,29,2593,186,862.2,69.68,1.0
9594,128,36,2628,256,862.2,78.2,1.0
9595,204,49,2704,408,862.19,87.15,1.0
9596,133,40,2633,266,862.17,68.88,1.0
9597,113,45,2613,226,862.16,70.16,1.0
9598,208,50,2708,416,862.15,86.88,1.0
9599,133,38,2633,266,862.14,68.78,1.0
9600,154,32,2654,308,862.14,80.11,1.0
9601,115,35,2615,230,862.13,66.21,1.0
9602,138,45,2638,276,862.11,77.84,1.0
9603,150,37,2650,300,862.1,84.4,1.0
9604,142,40,2642,284,862.07,72.87,1.0
9605,246,52,2746,492,862.05,87.82,1.0
9606,256,9,2756,512,862.03,126.07,1.0
9607,162,8,2662,324,862.02,118.94,1.0
9608,101,29,2601,202,862.01,75.15,1.0
9609,138,32,2638,276,862.01,78.34,1.0
9610,131,46,2631,262,861.99,77.09,1.0
9611,138,41,2638,276,861.98,67.71,1.0
9612,46,8,2546,92,861.94,85.21,1.0
9613,141,8,2641,282,861.94,106.54,1.0
9614,200,44,2700,400,861.92,82.07,1.0
9615,71,29,2571,142,861.91,69.42,1.0
9616,143,32,2643,286,861.9,76.43,1.0
9617,152,44,2652,304,861.86,82.6,1.0
9618,126,34,2626,252,861.85,79.07,1.0
9619,187,31,2687,374,861.85,73.71,1.0
9620,214,51,2714,428,861.84,88.29,1.0
9621,135,44,2635,270,861.81,77.0,1.0
9622,259,9,2759,518,861.78,128.37,1.0
9623,133,44,2633,266,861.77,69.13,1.0
9624,187,39,2687,374,861.74,77.13,1.0
9625,142,31,2642,284,861.72,76.85,1.0
9626,158,39,2658,316,861.72,85.7,1.0
9627,174,41,2674,348,861.72,85.24,1.0
9628,212,52,2712,424,861.71,95.66,1.0
9629,145,33,2645,290,861.69,74.58,1.0
9630,187,38,2687,374,861.68,82.27,1.0
9631,171,47,2671,342,861.67,67.95,1.0
9632,183,37,2683,366,861.67,74.24,1.0
9633,140,34,2640,280,861.65,73.13,1.0
9634,135,32,2635,270,861.6,84.5,1.0
9635,219,51,2719,438,861.59,83.14,1.0
9636,231,55,2731,462,861.57,83.94,1.0
9637,154,41,2654,308,861.56,75.9,1.0
9638,282,53,2782,564,861.56,97.65,1.0
9639,164,49,2664,328,861.54,79.7,1.0
9640,143,41,2643,286,861.53,77.64,1.0
9641,173,41,2673,346,861.53,83.04,1.0
9642,173,43,2673,346,861.51,81.62,1.0
9643,128,44,2628,256,861.46,72.21,1.0
9644,138,37,2638,276,861.45,75.11,1.0
9645,253,55,2753,506,861.41,94.45,1.0
9646,180,52,2680,360,861.36,79.19,1.0
9647,273,53,2773,546,861.36,99.97,1.0
9648,257,55,2757,514,861.35,101.38,1.0
9649,115,36,2615,230,861.33,66.62,1.0
9650,144,37,2644,288,861.31,77.8,1.0
9651,228,51,2728,456,861.3,84.56,1.0
9652,156,8,2656,312,861.28,113.94,1.0
9653,46,28,2546,92,861.27,68.34,1.0
9654,158,32,2658,316,861.24,81.71,1.0
9655,178,47,2678,356,861.22,77.7,1.0
9656,271,54,2771,542,861.21,101.18,1.0
9657,144,35,2644,288,861.2,74.65,1.0
9658,145,38,2645,290,861.2,71.41,1.0
9659,167,48,2667,334,861.2,83.43,1.0
9660,174,37,2674,348,861.14,81.53,1.0
9661,27,28,2527,54,861.12,66.92,1.0
9662,42,8,2542,84,861.11,87.24,1.0
9663,123,39,2623,246,861.07,69.26,1.0
9664,137,31,2637,274,861.04,80.78,1.0
9665,202,51,2702,404,861.02,92.17,1.0
9666,206,53,2706,412,861.01,90.0,1.0
9667,122,8,2622,244,861.0,119.43,1.0
9668,233,53,2733,466,861.0,89.98,1.0
9669,141,48,2641,282,860.99,74.85,1.0
9670,106,29,2606,212,860.98,66.56,1.0
9671,142,38,2642,284,860.98,70.74,1.0
9672,144,46,2644,288,860.98,80.68,1.0
9673,172,34,2672,344,860.93,75.66,1.0
9674,226,9,2726,452,860.93,141.55,1.0
9675,247,53,2747,494,860.92,90.1,1.0
9676,173,32,2673,346,860.89,83.3,1.0
9677,211,50,2711,422,860.84,82.79,1.0
9678,123,46,2623,246,860.8,73.53,1.0
9679,273,10,2773,546,860.76,131.29,1.0
9680,48,28,2548,96,860.74,72.86,1.0
9681,198,50,2698,396,860.72,84.47,1.0
9682,192,46,2692,384,860.66,81.93,1.0
9683,209,52,2709,418,860.65,81.54,1.0
9684,288,50,2788,576,860.64,90.3,1.0
9685,61,8,2561,122,860.6,90.85,1.0
9686,150,34,2650,300,860.58,84.75,1.0
9687,113,38,2613,226,860.54,70.93,1.0
9688,142,35,2642,284,860.54,68.02,1.0
9689,211,9,2711,422,860.52,129.76,1.0
9690,83,29,2583,166,860.48,69.68,1.0
9691,231,8,2731,462,860.48,126.32,1.0
9692,150,44,2650,300,860.47,79.9,1.0
9693,64,7,2564,128,860.45,92.86,1.0
9694,128,39,2628,256,860.45,78.75,1.0
9695,245,50,2745,490,860.45,90.81,1.0
9696,128,35,2628,256,860.43,75.59,1.0
9697,149,45,2649,298,860.4,88.0,1.0
9698,170,33,2670,340,860.4,78.14,1.0
9699,215,50,2715,430,860.39,85.34,1.0
9700,174,33,2674,348,860.37,87.22,1.0
9701,251,53,2751,502,860.36,92.18,1.0
9702,123,33,2623,246,860.35,72.79,1.0
9703,115,34,2615,230,860.34,72.12,1.0
9704,158,37,2658,316,860.34,83.93,1.0
9705,183,32,2683,366,860.34,75.94,1.0
9706,212,9,2712,424,860.27,116.07,1.0
9707,144,34,2644,288,860.26,74.8,1.0
9708,215,49,2715,430,860.25,85.97,1.0
9709,70,29,2570,140,860.24,81.12,1.0
9710,118,43,2618,236,860.24,75.22,1.0
9711,208,10,2708,416,860.24,122.22,1.0
9712,218,54,2718,436,860.24,103.62,1.0
9713,217,54,2717,434,860.2,85.26,1.0
9714,113,39,2613,226,860.19,72.97,1.0
9715,61,28,2561,122,860.13,72.17,1.0
9716,105,44,2605,210,860.12,78.41,1.0
9717,244,53,2744,488,860.12,90.78,1.0
9718,164,47,2664,328,860.1,80.49,1.0
9719,134,36,2634,268,860.08,83.4,1.0
9720,201,9,2701,402,860.08,133.17,1.0
9721,275,54,2775,550,860.07,102.88,1.0
9722,116,31,2616,232,860.05,75.3,1.0
9723,159,47,2659,318,860.05,75.28,1.0
9724,161,50,2661,322,860.05,82.38,1.0
9725,230,50,2730,460,860.05,83.89,1.0
9726,123,30,2623,246,860.03,76.57,1.0
9727,143,31,2643,286,859.96,85.32,1.0
9728,200,41,2700,400,859.96,79.92,1.0
9729,270,10,2770,540,859.96,132.49,1.0
9730,148,37,2648,296,859.95,81.73,1.0
9731,152,40,2652,304,859.94,87.62,1.0
9732,2,27,2502,4,859.93,67.27,1.0
9733,70,7,2570,140,859.92,100.2,1.0
9734,193,51,2693,386,859.92,90.69,1.0
9735,190,52,2690,380,859.91,85.67,1.0
9736,155,45,2655,310,859.89,76.98,1.0
9737,242,54,2742,484,859.88,77.87,1.0
9738,280,54,2780,560,859.84,97.55,1.0
9739,202,50,2702,404,859.81,94.79,1.0
9740,158,38,2658,316,859.8,75.8,1.0
9741,113,34,2613,226,859.78,72.97,1.0
9742,121,42,2621,242,859.77,70.86,1.0
9743,282,52,2782,564,859.76,92.33,1.0
9744,269,53,2769,538,859.74,90.61,1.0
9745,154,42,2654,308,859.72,77.32,1.0
9746,134,45,2634,268,859.7,80.25,1.0
9747,183,42,2683,366,859.7,83.9,1.0
9748,25,7,2525,50,859.68,79.52,1.0
9749,116,36,2616,232,859.64,73.75,1.0
9750,181,53,2681,362,859.64,88.94,1.0
9751,142,41,2642,284,859.62,69.98,1.0
9752,173,37,2673,346,859.59,80.0,1.0
9753,166,50,2666,332,859.58,80.96,1.0
9754,142,45,2642,284,859.51,73.0,1.0
9755,145,31,2645,290,859.5,75.21,1.0
9756,200,10,2700,400,859.5,112.7,1.0
9757,114,39,2614,228,859.49,71.59,1.0
9758,116,38,2616,232,859.49,73.71,1.0
9759,189,51,2689,378,859.48,82.29,1.0
9760,92,8,2592,184,859.47,103.48,1.0
9761,118,36,2618,236,859.45,73.07,1.0
9762,174,36,2674,348,859.44,83.96,1.0
9763,240,52,2740,480,859.42,90.31,1.0
9764,145,36,2645,290,859.41,80.81,1.0
9765,126,44,2626,252,859.4,77.51,1.0
9766,261,9,2761,522,859.4,142.86,1.0
9767,212,51,2712,424,859.37,96.57,1.0
9768,189,50,2689,378,859.35,80.01,1.0
9769,200,39,2700,400,859.35,81.81,1.0
9770,0,6,2500,0,859.3,77.84,1.0
9771,283,54,2783,566,859.3,112.48,1.0
9772,101,8,2601,202,859.28,96.19,1.0
9773,127,39,2627,254,859.28,72.62,1.0
9774,192,47,2692,384,859.25,84.12,1.0
9775,200,37,2700,400,859.24,79.85,1.0
9776,128,37,2628,256,859.23,72.6,1.0
9777,187,40,2687,374,859.23,83.93,1.0
9778,137,8,2637,274,859.11,113.67,1.0
9779,196,53,2696,392,859.07,83.41,1.0
9780,159,46,2659,318,859.06,78.51,1.0
9781,128,30,2628,256,859.05,74.8,1.0
9782,200,35,2700,400,859.04,73.2,1.0
9783,174,32,2674,348,859.03,86.14,1.0
9784,152,35,2652,304,859.0,87.14,1.0
9785,97,29,2597,194,858.99,80.11,1.0
9786,279,57,2779,558,858.99,102.9,1.0
9787,148,34,2648,296,858.96,81.49,1.0
9788,47,28,2547,94,858.91,66.21,1.0
9789,128,41,2628,256,858.9,74.94,1.0
9790,277,53,2777,554,858.9,102.8,1.0
9791,235,55,2735,470,858.89,104.13,1.0
9792,138,30,2638,276,858.88,75.15,1.0
9793,118,46,2618,236,858.85,76.86,1.0
9794,173,45,2673,346,858.83,81.1,1.0
9795,128,46,2628,256,858.82,75.1,1.0
9796,152,46,2652,304,858.82,88.28,1.0
9797,132,42,2632,264,858.81,72.46,1.0
9798,123,31,2623,246,858.8,70.67,1.0
9799,116,33,2616,232,858.79,73.46,1.0
9800,113,46,2613,226,858.68,73.17,1.0
9801,18,28,2518,36,858.67,63.38,1.0
9802,223,51,2723,446,858.67,91.57,1.0
9803,135,39,2635,270,858.66,76.45,1.0
9804,236,10,2736,472,858.65,131.76,1.0
9805,143,40,2643,286,858.63,80.35,1.0
9806,153,46,2653,306,858.62,81.39,1.0
9807,199,52,2699,398,858.62,85.78,1.0
9808,300,55,2800,600,858.51,96.46,1.0
9809,158,41,2658,316,858.5,82.67,1.0
9810,113,37,2613,226,858.48,75.37,1.0
9811,150,41,2650,300,858.48,87.05,1.0
9812,149,35,2649,298,858.48,71.56,1.0
9813,239,51,2739,478,858.47,86.96,1.0
9814,58,28,2558,116,858.46,67.86,1.0
9815,250,10,2750,500,858.46,133.23,1.0
9816,222,49,2722,444,858.42,94.22,1.0
9817,80,28,2580,160,858.41,70.82,1.0
9818,187,44,2687,374,858.38,76.9,1.0
9819,125,43,2625,250,858.36,77.03,1.0
9820,147,47,2647,294,858.36,80.13,1.0
9821,289,10,2789,578,858.35,149.82,1.0
9822,123,47,2623,246,858.32,67.54,1.0
9823,148,39,2648,296,858.31,70.68,1.0
9824,200,31,2700,400,858.27,78.89,1.0
9825,14,28,2514,28,858.22,64.48,1.0
9826,114,35,2614,228,858.22,73.74,1.0
9827,183,45,2683,366,858.21,79.57,1.0
9828,142,30,2642,284,858.19,74.46,1.0
9829,173,31,2673,346,858.17,77.18,1.0
9830,290,55,2790,580,858.15,98.46,1.0
9831,114,40,2614,228,858.1,72.88,1.0
9832,170,46,2670,340,858.1,83.28,1.0
9833,115,37,2615,230,858.07,68.31,1.0
9834,219,52,2719,438,858.06,89.2,1.0
9835,293,54,2793,586,858.02,104.99,1.0
9836,121,33,2621,242,858.01,79.45,1.0
9837,173,30,2673,346,858.01,81.14,1.0
9838,187,30,2687,374,858.01,79.25,1.0
9839,113,42,2613,226,857.94,69.95,1.0
9840,128,42,2628,256,857.93,71.9,1.0
9841,113,41,2613,226,857.92,71.66,1.0
9842,174,40,2674,348,857.92,84.94,1.0
9843,161,51,2661,322,857.91,82.97,1.0
9844,187,36,2687,374,857.91,76.26,1.0
9845,147,46,2647,294,857.89,77.83,1.0
9846,281,10,2781,562,857.89,132.25,1.0
9847,160,8,2660,320,857.86,102.33,1.0
9848,145,45,2645,290,857.84,73.36,1.0
9849,158,43,2658,316,857.84,83.44,1.0
9850,284,53,2784,568,857.83,93.46,1.0
9851,165,50,2665,330,857.82,86.49,1.0
9852,144,45,2644,288,857.81,75.58,1.0
9853,197,50,2697,394,857.79,82.34,1.0
9854,113,36,2613,226,857.78,73.94,1.0
9855,200,43,2700,400,857.78,85.71,1.0
9856,196,55,2696,392,857.76,95.27,1.0
9857,116,35,2616,232,857.73,72.94,1.0
9858,255,52,2755,510,857.72,97.67,1.0
9859,254,10,2754,508,857.71,123.06,1.0
9860,113,35,2613,226,857.7,74.71,1.0
9861,252,51,2752,504,857.66,93.83,1.0
9862,246,53,2746,492,857.65,94.97,1.0
9863,123,38,2623,246,857.64,75.21,1.0
9864,135,43,2635,270,857.62,79.77,1.0
9865,205,50,2705,410,857.61,92.19,1.0
9866,136,30,2636,272,857.58,71.56,1.0
9867,153,45,2653,306,857.57,79.28,1.0
9868,122,36,2622,244,857.55,75.08,1.0
9869,184,53,2684,368,857.52,76.71,1.0
9870,105,33,2605,210,857.5,68.52,1.0
9871,138,36,2638,276,857.5,76.93,1.0
9872,137,48,2637,274,857.47,83.86,1.0
9873,135,35,2635,270,857.41,83.3,1.0
9874,143,43,2643,286,857.41,77.5,1.0
9875,39,28,2539,78,857.4,69.98,1.0
9876,157,51,2657,314,857.37,89.28,1.0
9877,187,45,2687,374,857.37,82.12,1.0
9878,66,29,2566,132,857.36,79.03,1.0
9879,150,39,2650,300,857.36,82.53,1.0
9880,234,49,2734,468,857.29,99.41,1.0
9881,188,52,2688,376,857.28,80.98,1.0
9882,245,52,2745,490,857.24,93.99,1.0
9883,217,53,2717,434,857.23,83.41,1.0
9884,194,10,2694,388,857.2,121.71,1.0
9885,143,42,2643,286,857.18,76.79,1.0
9886,115,44,2615,230,857.17,68.47,1.0
9887,131,47,2631,262,857.15,76.46,1.0
9888,184,52,2684,368,857.14,85.59,1.0
9889,281,54,2781,562,857.13,99.84,1.0
9890,84,29,2584,168,857.07,74.95,1.0
9891,299,56,2799,598,857.05,98.22,1.0
9892,75,7,2575,150,857.04,90.09,1.0
9893,234,50,2734,468,857.04,89.05,1.0
9894,228,50,2728,456,856.98,95.95,1.0
9895,35,28,2535,70,856.96,65.95,1.0
9896,114,43,2614,228,856.96,78.97,1.0
9897,121,41,2621,242,856.96,76.93,1.0
9898,126,46,2626,252,856.96,75.92,1.0
9899,253,56,2753,506,856.92,104.62,1.0
9900,295,53,2795,590,856.92,93.59,1.0
9901,150,42,2650,300,856.91,76.61,1.0
9902,126,45,2626,252,856.88,82.14,1.0
9903,113,7,2613,226,856.86,98.45,1.0
9904,143,38,2643,286,856.82,78.84,1.0
9905,118,47,2618,236,856.75,70.11,1.0
9906,138,46,2638,276,856.75,73.83,1.0
9907,144,48,2644,288,856.73,76.24,1.0
9908,145,43,2645,290,856.73,74.4,1.0
9909,115,30,2615,230,856.72,72.16,1.0
9910,249,51,2749,498,856.68,88.27,1.0
9911,27,7,2527,54,856.65,90.82,1.0
9912,114,32,2614,228,856.62,76.18,1.0
9913,114,33,2614,228,856.62,72.15,1.0
9914,146,48,2646,292,856.62,81.14,1.0
9915,105,30,2605,210,856.57,71.03,1.0
9916,105,39,2605,210,856.57,71.44,1.0
9917,201,51,2701,402,856.53,86.01,1.0
9918,73,29,2573,146,856.51,76.13,1.0
9919,163,50,2663,326,856.51,90.8,1.0
9920,174,9,2674,348,856.51,118.32,1.0
9921,150,31,2650,300,856.49,85.82,1.0
9922,135,31,2635,270,856.47,77.54,1.0
9923,138,39,2638,276,856.41,71.68,1.0
9924,125,41,2625,250,856.4,74.35,1.0
9925,145,35,2645,290,856.4,72.67,1.0
9926,138,34,2638,276,856.4,79.92,1.0
9927,139,49,2639,278,856.37,83.95,1.0
9928,113,32,2613,226,856.36,74.1,1.0
9929,118,45,2618,236,856.36,79.97,1.0
9930,197,49,2697,394,856.35,94.95,1.0
9931,113,31,2613,226,856.32,72.58,1.0
9932,126,48,2626,252,856.3,78.44,1.0
9933,143,36,2643,286,856.3,88.23,1.0
9934,233,54,2733,466,856.28,95.22,1.0
9935,180,53,2680,360,856.26,81.33,1.0
9936,115,31,2615,230,856.25,71.91,1.0
9937,173,36,2673,346,856.22,78.12,1.0
9938,117,31,2617,234,856.2,77.76,1.0
9939,125,42,2625,250,856.2,79.1,1.0
9940,232,55,2732,464,856.2,108.2,1.0
9941,16,28,2516,32,856.16,66.24,1.0
9942,271,55,2771,542,856.16,96.35,1.0
9943,243,53,2743,486,856.15,88.11,1.0
9944,141,51,2641,282,856.14,66.77,1.0
9945,198,48,2698,396,856.11,84.68,1.0
9946,150,38,2650,300,856.09,82.25,1.0
9947,187,41,2687,374,856.09,78.73,1.0
9948,181,7,2681,362,856.08,108.46,1.0
9949,171,48,2671,342,856.07,79.71,1.0
9950,100,29,2600,200,856.05,70.68,1.0
9951,183,35,2683,366,856.05,84.17,1.0
9952,173,44,2673,346,856.03,86.53,1.0
9953,134,47,2634,268,856.02,81.84,1.0
9954,234,51,2734,468,856.02,94.51,1.0
9955,151,47,2651,302,855.97,83.95,1.0
9956,288,52,2788,576,855.94,98.09,1.0
9957,291,9,2791,582,855.93,131.04,1.0
9958,105,42,2605,210,855.92,68.82,1.0
9959,117,36,2617,234,855.92,80.33,1.0
9960,154,9,2654,308,855.92,115.57,1.0
9961,152,45,2652,304,855.92,87.74,1.0
9962,149,47,2649,298,855.91,86.77,1.0
9963,24,28,2524,48,855.9,72.37,1.0
9964,116,37,2616,232,855.9,77.33,1.0
9965,185,52,2685,370,855.9,82.14,1.0
9966,136,43,2636,272,855.88,77.39,1.0
9967,231,56,2731,462,855.86,97.29,1.0
9968,55,28,2555,110,855.82,72.63,1.0
9969,116,40,2616,232,855.76,75.97,1.0
9970,12,7,2512,24,855.74,75.33,1.0
9971,154,45,2654,308,855.74,80.28,1.0
9972,261,56,2761,522,855.74,95.09,1.0
9973,23,28,2523,46,855.72,66.84,1.0
9974,87,7,2587,174,855.71,96.68,1.0
9975,260,52,2760,520,855.71,102.85,1.0
9976,151,46,2651,302,855.7,82.75,1.0
9977,191,49,2691,382,855.7,84.88,1.0
9978,142,37,2642,284,855.66,72.88,1.0
9979,159,49,2659,318,855.66,90.16,1.0
9980,116,32,2616,232,855.64,78.7,1.0
9981,115,8,2615,230,855.62,104.57,1.0
9982,136,34,2636,272,855.62,72.86,1.0
9983,158,44,2658,316,855.62,84.14,1.0
9984,210,52,2710,420,855.58,80.37,1.0
9985,152,33,2652,304,855.53,85.16,1.0
9986,154,36,2654,308,855.52,81.28,1.0
9987,174,45,2674,348,855.52,83.12,1.0
9988,251,52,2751,502,855.51,93.14,1.0
9989,300,10,2800,600,855.47,135.37,1.0
9990,34,28,2534,68,855.46,63.56,1.0
9991,57,7,2557,114,855.44,92.18,1.0
9992,213,9,2713,426,855.39,130.59,1.0
9993,121,43,2621,242,855.35,73.46,1.0
9994,143,30,2643,286,855.35,76.56,1.0
9995,148,46,2648,296,855.32,80.75,1.0
9996,105,37,2605,210,855.24,71.02,1.0
9997,186,51,2686,372,855.24,88.25,1.0
9998,282,10,2782,564,855.24,135.27,1.0
9999,115,38,2615,230,855.23,71.73,1.0
10000,286,56,2786,572,855.23,108.98,1.0
10001,144,47,2644,288,855.2,84.4,1.0
10002,226,54,2726,452,855.2,93.21,1.0
10003,142,43,2642,284,855.19,71.15,1.0
10004,135,37,2635,270,855.18,85.01,1.0
10005,150,32,2650,300,855.18,86.19,1.0
10006,215,10,2715,430,855.18,114.8,1.0
10007,164,48,2664,328,855.16,82.05,1.0
10008,140,30,2640,280,855.14,69.38,1.0
10009,128,32,2628,256,855.04,67.07,1.0
10010,291,56,2791,582,855.03,98.94,1.0
10011,156,50,2656,312,855.02,77.24,1.0
10012,128,31,2628,256,855.01,72.28,1.0
10013,122,32,2622,244,854.98,78.85,1.0
10014,185,8,2685,370,854.95,118.29,1.0
10015,126,8,2626,252,854.9,105.08,1.0
10016,160,47,2660,320,854.88,77.66,1.0
10017,42,28,2542,84,854.84,70.8,1.0
10018,51,7,2551,102,854.83,91.14,1.0
10019,76,7,2576,152,854.83,92.5,1.0
10020,122,37,2622,244,854.83,77.5,1.0
10021,22,6,2522,44,854.8,70.25,1.0
10022,150,30,2650,300,854.8,80.96,1.0
10023,108,8,2608,216,854.78,109.96,1.0
10024,116,46,2616,232,854.78,73.97,1.0
10025,123,45,2623,246,854.78,71.01,1.0
10026,179,49,2679,358,854.78,81.23,1.0
10027,90,7,2590,180,854.76,98.84,1.0
10028,115,46,2615,230,854.75,70.56,1.0
10029,132,44,2632,264,854.75,78.64,1.0
10030,125,45,2625,250,854.72,75.46,1.0
10031,175,48,2675,350,854.71,83.27,1.0
10032,169,50,2669,338,854.7,91.7,1.0
10033,194,48,2694,388,854.68,77.13,1.0
10034,126,47,2626,252,854.67,77.05,1.0
10035,162,49,2662,324,854.65,79.12,1.0
10036,252,9,2752,504,854.64,144.62,1.0
10037,252,52,2752,504,854.59,102.49,1.0
10038,270,54,2770,540,854.57,105.89,1.0
10039,121,35,2621,242,854.56,79.94,1.0
10040,130,37,2630,260,854.56,76.48,1.0
10041,113,44,2613,226,854.54,67.36,1.0
10042,114,8,2614,228,854.54,111.17,1.0
10043,163,52,2663,326,854.52,89.92,1.0
10044,228,52,2728,456,854.51,99.58,1.0
10045,3,7,2503,6,854.5,74.79,1.0
10046,105,46,2605,210,854.5,73.58,1.0
10047,91,29,2591,182,854.48,74.02,1.0
10048,122,35,2622,244,854.48,77.81,1.0
10049,132,35,2632,264,854.47,75.54,1.0
10050,156,48,2656,312,854.46,75.31,1.0
10051,127,31,2627,254,854.4,77.54,1.0
10052,17,28,2517,34,854.36,65.86,1.0
10053,114,30,2614,228,854.35,76.01,1.0
10054,290,9,2790,580,854.34,130.27,1.0
10055,116,41,2616,232,854.32,79.25,1.0
10056,122,42,2622,244,854.32,78.86,1.0
10057,291,55,2791,582,854.26,97.58,1.0
10058,55,8,2555,110,854.2,87.54,1.0
10059,195,51,2695,390,854.19,89.88,1.0
10060,113,30,2613,226,854.17,78.17,1.0
10061,257,56,2757,514,854.15,106.43,1.0
10062,116,8,2616,232,854.14,104.87,1.0
10063,293,9,2793,586,854.14,143.05,1.0
10064,1,7,2501,2,854.12,71.63,1.0
10065,142,32,2642,284,854.12,73.49,1.0
10066,44,29,2544,88,854.1,75.79,1.0
10067,136,41,2636,272,854.07,79.98,1.0
10068,128,33,2628,256,854.04,69.69,1.0
10069,150,40,2650,300,854.03,86.38,1.0
10070,140,41,2640,280,854.02,70.04,1.0
10071,38,28,2538,76,854.0,66.42,1.0
10072,178,51,2678,356,854.0,90.68,1.0
10073,162,50,2662,324,854.0,85.68,1.0
10074,190,8,2690,380,854.0,131.82,1.0
10075,240,51,2740,480,853.98,97.81,1.0
10076,79,29,2579,158,853.97,73.22,1.0
10077,199,53,2699,398,853.97,96.98,1.0
10078,114,31,2614,228,853.95,73.88,1.0
10079,187,42,2687,374,853.94,77.55,1.0
10080,147,48,2647,294,853.93,79.73,1.0
10081,154,40,2654,308,853.91,75.84,1.0
10082,125,32,2625,250,853.91,73.06,1.0
10083,115,48,2615,230,853.9,75.8,1.0
10084,216,52,2716,432,853.9,94.95,1.0
10085,127,44,2627,254,853.88,79.74,1.0
10086,114,37,2614,228,853.86,77.28,1.0
10087,150,43,2650,300,853.82,78.15,1.0
10088,66,7,2566,132,853.78,98.67,1.0
10089,113,47,2613,226,853.77,72.67,1.0
10090,229,50,2729,458,853.76,97.53,1.0
10091,135,40,2635,270,853.75,82.38,1.0
10092,160,48,2660,320,853.71,76.69,1.0
10093,264,9,2764,528,853.7,133.57,1.0
10094,189,52,2689,378,853.66,79.43,1.0
10095,237,52,2737,474,853.6,88.75,1.0
10096,187,43,2687,374,853.56,79.21,1.0
10097,243,9,2743,486,853.54,132.61,1.0
10098,41,28,2541,82,853.52,74.98,1.0
10099,162,48,2662,324,853.52,74.63,1.0
10100,115,39,2615,230,853.5,65.17,1.0
10101,117,37,2617,234,853.49,76.86,1.0
10102,79,7,2579,158,853.47,96.81,1.0
10103,148,38,2648,296,853.47,80.61,1.0
10104,127,30,2627,254,853.44,77.82,1.0
10105,201,50,2701,402,853.38,85.31,1.0
10106,105,41,2605,210,853.33,71.24,1.0
10107,133,48,2633,266,853.3,69.37,1.0
10108,123,43,2623,246,853.3,74.08,1.0
10109,198,49,2698,396,853.3,81.58,1.0
10110,127,35,2627,254,853.29,79.63,1.0
10111,150,36,2650,300,853.28,75.78,1.0
10112,116,42,2616,232,853.27,75.39,1.0
10113,5,7,2505,10,853.25,82.8,1.0
10114,207,49,2707,414,853.2,82.24,1.0
10115,150,46,2650,300,853.19,79.4,1.0
10116,244,54,2744,488,853.18,100.53,1.0
10117,136,38,2636,272,853.17,80.59,1.0
10118,137,46,2637,274,853.16,78.75,1.0
10119,274,54,2774,548,853.16,99.31,1.0
10120,182,48,2682,364,853.15,83.64,1.0
10121,174,44,2674,348,853.14,83.06,1.0
10122,115,40,2615,230,853.11,70.14,1.0
10123,127,36,2627,254,853.11,80.12,1.0
10124,111,29,2611,222,853.08,64.55,1.0
10125,121,31,2621,242,853.08,76.6,1.0
10126,189,8,2689,378,853.07,108.13,1.0
10127,214,52,2714,428,853.07,86.94,1.0
10128,128,38,2628,256,853.05,68.58,1.0
10129,167,49,2667,334,853.0,80.39,1.0
10130,130,30,2630,260,852.99,80.37,1.0
10131,125,36,2625,250,852.95,72.59,1.0
10132,122,30,2622,244,852.94,78.67,1.0
10133,220,52,2720,440,852.9,84.33,1.0
10134,143,34,2643,286,852.88,80.54,1.0
10135,169,49,2669,338,852.86,88.67,1.0
10136,174,46,2674,348,852.84,82.02,1.0
10137,143,45,2643,286,852.78,76.18,1.0
10138,136,37,2636,272,852.76,78.63,1.0
10139,173,40,2673,346,852.76,80.98,1.0
10140,270,55,2770,540,852.74,101.72,1.0
10141,114,36,2614,228,852.7,78.41,1.0
10142,142,42,2642,284,852.7,71.6,1.0
10143,210,53,2710,420,852.69,84.97,1.0
10144,232,9,2732,464,852.66,130.97,1.0
10145,191,51,2691,382,852.64,82.12,1.0
10146,142,46,2642,284,852.62,77.43,1.0
10147,111,8,2611,222,852.6,104.11,1.0
10148,122,40,2622,244,852.59,74.38,1.0
10149,174,38,2674,348,852.59,76.41,1.0
10150,3,27,2503,6,852.58,64.66,1.0
10151,194,49,2694,388,852.58,79.07,1.0
10152,136,42,2636,272,852.57,83.79,1.0
10153,221,54,2721,442,852.57,83.17,1.0
10154,241,53,2741,482,852.57,88.24,1.0
10155,230,51,2730,460,852.54,83.36,1.0
10156,114,42,2614,228,852.52,74.47,1.0
10157,125,37,2625,250,852.52,75.13,1.0
10158,118,48,2618,236,852.49,76.71,1.0
10159,241,54,2741,482,852.49,87.26,1.0
10160,114,38,2614,228,852.47,77.49,1.0
10161,105,43,2605,210,852.45,64.38,1.0
10162,237,53,2737,474,852.45,98.34,1.0
10163,298,55,2798,596,852.45,96.5,1.0
10164,132,32,2632,264,852.43,82.57,1.0
10165,187,35,2687,374,852.42,82.64,1.0
10166,122,34,2622,244,852.41,82.38,1.0
10167,246,9,2746,492,852.4,122.53,1.0
10168,143,35,2643,286,852.38,84.49,1.0
10169,115,43,2615,230,852.37,75.64,1.0
10170,173,39,2673,346,852.32,84.02,1.0
10171,272,53,2772,544,852.29,95.66,1.0
10172,104,8,2604,208,852.28,101.48,1.0
10173,130,34,2630,260,852.28,82.97,1.0
10174,6,7,2506,12,852.27,64.41,1.0
10175,113,48,2613,226,852.22,74.05,1.0
10176,114,34,2614,228,852.22,73.02,1.0
10177,105,36,2605,210,852.19,71.05,1.0
10178,116,43,2616,232,852.15,73.96,1.0
10179,155,50,2655,310,852.13,83.56,1.0
10180,140,36,2640,280,852.09,72.51,1.0
10181,147,49,2647,294,852.08,69.8,1.0
10182,142,44,2642,284,852.04,72.93,1.0
10183,222,50,2722,444,852.04,86.87,1.0
10184,287,57,2787,574,852.04,101.87,1.0
10185,117,40,2617,234,852.03,74.76,1.0
10186,168,50,2668,336,851.99,90.9,1.0
10187,213,53,2713,426,851.96,84.12,1.0
10188,197,51,2697,394,851.93,77.88,1.0
10189,148,48,2648,296,851.9,76.54,1.0
10190,117,38,2617,234,851.88,77.31,1.0
10191,223,52,2723,446,851.87,95.4,1.0
10192,174,47,2674,348,851.86,83.15,1.0
10193,117,41,2617,234,851.81,72.85,1.0
10194,32,8,2532,64,851.8,85.98,1.0
10195,122,41,2622,244,851.8,76.55,1.0
10196,145,46,2645,290,851.79,74.12,1.0
10197,115,41,2615,230,851.78,72.91,1.0
10198,203,55,2703,406,851.77,81.2,1.0
10199,163,51,2663,326,851.7,93.04,1.0
10200,56,7,2556,112,851.62,92.9,1.0
10201,129,32,2629,258,851.62,78.74,1.0
10202,149,46,2649,298,851.58,79.88,1.0
10203,141,50,2641,282,851.57,82.73,1.0
10204,162,47,2662,324,851.56,83.34,1.0
10205,173,47,2673,346,851.54,80.7,1.0
10206,214,53,2714,428,851.54,94.92,1.0
10207,211,51,2711,422,851.52,88.84,1.0
10208,225,52,2725,450,851.48,89.75,1.0
10209,154,34,2654,308,851.43,75.63,1.0
10210,133,47,2633,266,851.42,71.61,1.0
10211,181,51,2681,362,851.42,93.21,1.0
10212,290,56,2790,580,851.42,99.16,1.0
10213,195,50,2695,390,851.41,81.67,1.0
10214,127,41,2627,254,851.37,75.68,1.0
10215,117,43,2617,234,851.34,79.16,1.0
10216,134,46,2634,268,851.34,81.33,1.0
10217,125,31,2625,250,851.33,71.89,1.0
10218,131,48,2631,262,851.32,70.74,1.0
10219,127,32,2627,254,851.3,75.25,1.0
10220,57,29,2557,114,851.24,68.85,1.0
10221,177,49,2677,354,851.23,85.46,1.0
10222,130,8,2630,260,851.2,105.54,1.0
10223,146,51,2646,292,851.2,81.21,1.0
10224,292,50,2792,584,851.18,102.68,1.0
10225,116,45,2616,232,851.17,77.13,1.0
10226,29,7,2529,58,851.16,76.74,1.0
10227,139,51,2639,278,851.16,81.08,1.0
10228,256,53,2756,512,851.16,107.71,1.0
10229,229,52,2729,458,851.15,93.05,1.0
10230,132,33,2632,264,851.14,74.4,1.0
10231,155,48,2655,310,851.13,85.37,1.0
10232,269,54,2769,538,851.13,96.58,1.0
10233,159,48,2659,318,851.1,87.46,1.0
10234,13,7,2513,26,851.08,85.58,1.0
10235,284,9,2784,568,851.08,134.34,1.0
10236,127,37,2627,254,851.07,81.02,1.0
10237,115,45,2615,230,850.99,71.77,1.0
10238,132,36,2632,264,850.98,75.45,1.0
10239,188,53,2688,376,850.95,84.13,1.0
10240,204,50,2704,408,850.92,84.25,1.0
10241,117,48,2617,234,850.9,72.42,1.0
10242,121,30,2621,242,850.9,78.96,1.0
10243,136,36,2636,272,850.86,75.97,1.0
10244,203,54,2703,406,850.85,87.24,1.0
10245,267,9,2767,534,850.85,145.22,1.0
10246,144,49,2644,288,850.8,76.99,1.0
10247,297,54,2797,594,850.77,97.04,1.0
10248,7,7,2507,14,850.73,78.22,1.0
10249,117,44,2617,234,850.71,75.19,1.0
10250,53,7,2553,106,850.66,85.01,1.0
10251,258,54,2758,516,850.64,91.52,1.0
10252,276,52,2776,552,850.63,102.29,1.0
10253,158,45,2658,316,850.62,81.98,1.0
10254,205,52,2705,410,850.61,96.26,1.0
10255,277,10,2777,554,850.56,138.85,1.0
10256,268,52,2768,536,850.55,100.53,1.0
10257,136,31,2636,272,850.5,74.55,1.0
10258,225,50,2725,450,850.5,101.92,1.0
10259,172,48,2672,344,850.48,89.35,1.0
10260,294,57,2794,588,850.44,99.83,1.0
10261,175,51,2675,350,850.41,84.29,1.0
10262,130,44,2630,260,850.38,80.16,1.0
10263,132,30,2632,264,850.35,73.53,1.0
10264,94,8,2594,188,850.34,108.95,1.0
10265,121,34,2621,242,850.32,78.04,1.0
10266,107,8,2607,214,850.28,101.26,1.0
10267,30,28,2530,60,850.27,63.09,1.0
10268,121,37,2621,242,850.25,74.89,1.0
10269,254,53,2754,508,850.22,96.16,1.0
10270,117,35,2617,234,850.2,73.65,1.0
10271,268,51,2768,536,850.2,94.71,1.0
10272,297,10,2797,594,850.2,130.78,1.0
10273,285,10,2785,570,850.18,160.41,1.0
10274,248,51,2748,496,850.12,95.76,1.0
10275,155,49,2655,310,850.11,78.77,1.0
10276,170,47,2670,340,850.11,75.22,1.0
10277,121,44,2621,242,850.08,80.78,1.0
10278,125,38,2625,250,850.08,79.37,1.0
10279,76,36,2576,152,850.04,76.69,1.0
10280,259,57,2759,518,849.97,91.19,1.0
10281,152,47,2652,304,849.96,85.0,1.0
10282,247,54,2747,494,849.96,91.56,1.0
10283,171,49,2671,342,849.94,82.44,1.0
10284,159,9,2659,318,849.94,122.51,1.0
10285,229,51,2729,458,849.94,97.8,1.0
10286,190,53,2690,380,849.92,83.81,1.0
10287,125,33,2625,250,849.91,80.89,1.0
10288,127,43,2627,254,849.9,79.55,1.0
10289,225,51,2725,450,849.87,95.65,1.0
10290,210,9,2710,420,849.85,133.58,1.0
10291,172,47,2672,344,849.82,82.82,1.0
10292,262,54,2762,524,849.79,88.97,1.0
10293,142,36,2642,284,849.78,71.02,1.0
10294,143,47,2643,286,849.78,73.71,1.0
10295,105,32,2605,210,849.74,68.4,1.0
10296,117,32,2617,234,849.74,72.98,1.0
10297,35,7,2535,70,849.71,87.42,1.0
10298,135,30,2635,270,849.68,89.47,1.0
10299,184,54,2684,368,849.68,83.9,1.0
10300,146,49,2646,292,849.64,84.07,1.0
10301,15,28,2515,30,849.62,71.89,1.0
10302,177,48,2677,354,849.62,78.4,1.0
10303,117,42,2617,234,849.6,75.17,1.0
10304,116,34,2616,232,849.56,70.78,1.0
10305,122,33,2622,244,849.56,81.56,1.0
10306,129,44,2629,258,849.55,84.1,1.0
10307,187,46,2687,374,849.52,77.67,1.0
10308,127,42,2627,254,849.46,79.06,1.0
10309,296,11,2796,592,849.46,132.07,1.0
10310,36,28,2536,72,849.44,63.08,1.0
10311,50,29,2550,100,849.4,72.42,1.0
10312,196,54,2696,392,849.4,90.18,1.0
10313,105,38,2605,210,849.37,73.2,1.0
10314,105,34,2605,210,849.34,70.14,1.0
10315,138,47,2638,276,849.31,83.14,1.0
10316,118,49,2618,236,849.3,80.1,1.0
10317,116,30,2616,232,849.27,80.39,1.0
10318,121,39,2621,242,849.24,75.12,1.0
10319,116,44,2616,232,849.2,72.95,1.0
10320,193,8,2693,386,849.14,120.4,1.0
10321,175,49,2675,350,849.06,88.81,1.0
10322,124,8,2624,248,849.05,106.28,1.0
10323,72,7,2572,144,849.0,93.56,1.0
10324,234,9,2734,468,849.0,125.02,1.0
10325,263,54,2763,526,848.98,98.15,1.0
10326,171,8,2671,342,848.94,103.5,1.0
10327,187,33,2687,374,848.94,76.08,1.0
10328,129,40,2629,258,848.92,82.75,1.0
10329,135,33,2635,270,848.92,78.29,1.0
10330,72,29,2572,144,848.9,75.92,1.0
10331,121,32,2621,242,848.89,83.29,1.0
10332,96,7,2596,192,848.88,94.13,1.0
10333,114,44,2614,228,848.88,71.96,1.0
10334,233,55,2733,466,848.87,92.47,1.0
10335,130,40,2630,260,848.84,80.59,1.0
10336,140,31,2640,280,848.84,69.38,1.0
10337,117,39,2617,234,848.83,70.24,1.0
10338,215,51,2715,430,848.78,90.16,1.0
10339,132,41,2632,264,848.76,81.79,1.0
10340,135,8,2635,270,848.76,117.76,1.0
10341,136,32,2636,272,848.74,73.39,1.0
10342,112,8,2612,224,848.71,107.36,1.0
10343,142,47,2642,284,848.7,69.69,1.0
10344,238,8,2738,476,848.7,123.29,1.0
10345,115,47,2615,230,848.69,71.28,1.0
10346,168,52,2668,336,848.69,95.46,1.0
10347,132,43,2632,264,848.66,75.86,1.0
10348,117,46,2617,234,848.65,78.76,1.0
10349,76,39,2576,152,848.61,78.22,1.0
10350,128,45,2628,256,848.61,74.13,1.0
10351,163,53,2663,326,848.61,88.02,1.0
10352,285,54,2785,570,848.61,98.9,1.0
10353,115,32,2615,230,848.6,69.83,1.0
10354,129,43,2629,258,848.59,79.12,1.0
10355,130,33,2630,260,848.57,73.18,1.0
10356,216,53,2716,432,848.49,90.29,1.0
10357,128,47,2628,256,848.48,74.62,1.0
10358,117,30,2617,234,848.41,72.32,1.0
10359,31,28,2531,62,848.38,66.07,1.0
10360,158,31,2658,316,848.38,78.89,1.0
10361,154,46,2654,308,848.36,81.06,1.0
10362,248,52,2748,496,848.36,91.72,1.0
10363,140,40,2640,280,848.31,72.24,1.0
10364,218,56,2718,436,848.31,87.5,1.0
10365,181,52,2681,362,848.3,93.9,1.0
10366,136,35,2636,272,848.26,77.42,1.0
10367,127,46,2627,254,848.26,72.76,1.0
10368,261,55,2761,522,848.22,102.12,1.0
10369,231,57,2731,462,848.21,96.86,1.0
10370,207,50,2707,414,848.16,84.43,1.0
10371,102,8,2602,204,848.15,104.04,1.0
10372,54,7,2554,108,848.14,93.27,1.0
10373,229,9,2729,458,848.14,120.12,1.0
10374,105,31,2605,210,848.08,79.36,1.0
10375,122,39,2622,244,848.06,80.15,1.0
10376,165,51,2665,330,848.05,88.8,1.0
10377,220,53,2720,440,848.0,85.27,1.0
10378,175,50,2675,350,847.97,87.14,1.0
10379,125,40,2625,250,847.96,76.3,1.0
10380,140,43,2640,280,847.96,81.18,1.0
10381,279,9,2779,558,847.92,135.93,1.0
10382,80,8,2580,160,847.91,99.32,1.0
10383,154,47,2654,308,847.91,77.53,1.0
10384,135,42,2635,270,847.88,86.15,1.0
10385,193,52,2693,386,847.87,92.0,1.0
10386,139,52,2639,278,847.85,88.67,1.0
10387,204,52,2704,408,847.84,85.47,1.0
10388,130,38,2630,260,847.76,77.63,1.0
10389,147,8,2647,294,847.74,118.79,1.0
10390,30,7,2530,60,847.7,72.17,1.0
10391,127,40,2627,254,847.7,75.2,1.0
10392,283,55,2783,566,847.7,100.63,1.0
10393,269,11,2769,538,847.68,135.33,1.0
10394,292,51,2792,584,847.64,101.14,1.0
10395,260,53,2760,520,847.63,96.74,1.0
10396,113,43,2613,226,847.6,72.68,1.0
10397,129,35,2629,258,847.59,76.06,1.0
10398,11,28,2511,22,847.58,62.56,1.0
10399,122,43,2622,244,847.58,82.0,1.0
10400,114,41,2614,228,847.57,79.73,1.0
10401,230,52,2730,460,847.55,81.2,1.0
10402,125,30,2625,250,847.52,70.48,1.0
10403,295,54,2795,590,847.52,101.35,1.0
10404,153,47,2653,306,847.51,76.63,1.0
10405,145,8,2645,290,847.41,106.89,1.0
10406,105,35,2605,210,847.4,66.05,1.0
10407,132,37,2632,264,847.38,81.95,1.0
10408,69,8,2569,138,847.37,87.3,1.0
10409,207,51,2707,414,847.37,92.53,1.0
10410,127,33,2627,254,847.35,82.53,1.0
10411,250,53,2750,500,847.34,101.37,1.0
10412,95,29,2595,190,847.33,67.6,1.0
10413,135,45,2635,270,847.32,74.32,1.0
10414,274,9,2774,548,847.3,137.97,1.0
10415,232,54,2732,464,847.26,106.83,1.0
10416,174,48,2674,348,847.2,81.92,1.0
10417,267,53,2767,534,847.18,98.52,1.0
10418,136,39,2636,272,847.13,76.81,1.0
10419,41,7,2541,82,847.1,87.24,1.0
10420,146,8,2646,292,847.1,116.12,1.0
10421,186,52,2686,372,847.1,84.63,1.0
10422,292,52,2792,584,847.09,109.97,1.0
10423,74,29,2574,148,847.07,69.27,1.0
10424,132,38,2632,264,847.07,77.49,1.0
10425,141,52,2641,282,847.07,74.68,1.0
10426,296,51,2796,592,847.06,105.04,1.0
10427,205,51,2705,410,847.05,85.7,1.0
10428,31,7,2531,62,847.02,86.16,1.0
10429,121,38,2621,242,847.02,75.73,1.0
10430,147,50,2647,294,847.01,76.83,1.0
10431,114,46,2614,228,847.0,75.25,1.0
10432,130,31,2630,260,847.0,77.3,1.0
10433,94,29,2594,188,846.99,79.67,1.0
10434,137,47,2637,274,846.99,80.03,1.0
10435,184,8,2684,368,846.92,114.57,1.0
10436,260,10,2760,520,846.91,125.38,1.0
10437,188,8,2688,376,846.9,116.3,1.0
10438,103,34,2603,206,846.89,73.21,1.0
10439,76,40,2576,152,846.88,70.22,1.0
10440,97,8,2597,194,846.8,105.49,1.0
10441,122,38,2622,244,846.8,77.43,1.0
10442,125,34,2625,250,846.79,77.21,1.0
10443,140,32,2640,280,846.75,70.92,1.0
10444,140,37,2640,280,846.73,77.92,1.0
10445,78,29,2578,156,846.71,70.07,1.0
10446,125,39,2625,250,846.69,77.99,1.0
10447,216,51,2716,432,846.69,88.92,1.0
10448,129,41,2629,258,846.68,83.6,1.0
10449,293,56,2793,586,846.62,101.55,1.0
10450,148,47,2648,296,846.6,74.92,1.0
10451,235,56,2735,470,846.5,92.97,1.0
10452,127,45,2627,254,846.44,75.15,1.0
10453,285,55,2785,570,846.42,102.6,1.0
10454,284,54,2784,568,846.4,104.2,1.0
10455,180,8,2680,360,846.39,124.5,1.0
10456,204,51,2704,408,846.38,85.28,1.0
10457,242,55,2742,484,846.37,97.48,1.0
10458,117,7,2617,234,846.36,99.89,1.0
10459,156,49,2656,312,846.36,78.81,1.0
10460,227,9,2727,454,846.35,126.05,1.0
10461,143,37,2643,286,846.34,71.48,1.0
10462,265,57,2765,530,846.34,104.21,1.0
10463,176,50,2676,352,846.31,84.83,1.0
10464,24,6,2524,48,846.27,77.81,1.0
10465,227,55,2727,454,846.23,93.71,1.0
10466,263,9,2763,526,846.22,126.43,1.0
10467,255,53,2755,510,846.19,95.69,1.0
10468,146,47,2646,292,846.17,78.96,1.0
10469,257,57,2757,514,846.16,102.59,1.0
10470,256,54,2756,512,846.15,102.8,1.0
10471,296,52,2796,592,846.14,95.63,1.0
10472,76,31,2576,152,846.12,66.61,1.0
10473,110,44,2610,220,846.11,69.94,1.0
10474,182,9,2682,364,846.09,115.47,1.0
10475,154,48,2654,308,846.08,75.46,1.0
10476,136,46,2636,272,846.07,81.35,1.0
10477,223,9,2723,446,846.04,126.84,1.0
10478,132,31,2632,264,846.0,79.86,1.0
10479,182,49,2682,364,845.96,83.68,1.0
10480,127,8,2627,254,845.94,107.09,1.0
10481,130,45,2630,260,845.92,78.71,1.0
10482,130,32,2630,260,845.89,80.24,1.0
10483,105,40,2605,210,845.86,65.97,1.0
10484,172,9,2672,344,845.85,122.56,1.0
10485,83,7,2583,166,845.82,95.6,1.0
10486,295,10,2795,590,845.82,132.61,1.0
10487,136,44,2636,272,845.78,68.82,1.0
10488,192,9,2692,384,845.78,128.54,1.0
10489,211,52,2711,422,845.77,83.89,1.0
10490,279,58,2779,558,845.76,89.42,1.0
10491,173,9,2673,346,845.75,125.44,1.0
10492,49,29,2549,98,845.73,70.17,1.0
10493,136,33,2636,272,845.67,75.22,1.0
10494,183,47,2683,366,845.67,80.41,1.0
10495,150,47,2650,300,845.66,84.33,1.0
10496,130,43,2630,260,845.63,75.26,1.0
10497,187,9,2687,374,845.63,122.34,1.0
10498,202,52,2702,404,845.61,87.17,1.0
10499,262,10,2762,524,845.55,138.99,1.0
10500,140,38,2640,280,845.53,70.01,1.0
10501,265,56,2765,530,845.5,102.06,1.0
10502,278,54,2778,556,845.5,105.75,1.0
10503,212,53,2712,424,845.49,88.17,1.0
10504,114,45,2614,228,845.48,76.72,1.0
10505,158,46,2658,316,845.46,82.09,1.0
10506,117,45,2617,234,845.45,73.54,1.0
10507,244,55,2744,488,845.44,95.93,1.0
10508,28,28,2528,56,845.41,69.01,1.0
10509,125,44,2625,250,845.4,76.78,1.0
10510,183,46,2683,366,845.33,80.49,1.0
10511,129,38,2629,258,845.3,80.46,1.0
10512,45,29,2545,90,845.27,65.08,1.0
10513,274,55,2774,548,845.22,101.53,1.0
10514,267,54,2767,534,845.21,104.85,1.0
10515,218,55,2718,436,845.2,90.89,1.0
10516,67,29,2567,134,845.17,73.48,1.0
10517,121,8,2621,242,845.09,114.12,1.0
10518,184,55,2684,368,845.09,90.7,1.0
10519,28,7,2528,56,845.08,87.74,1.0
10520,238,58,2738,476,845.07,98.23,1.0
10521,167,50,2667,334,845.06,75.75,1.0
10522,53,29,2553,106,845.04,72.32,1.0
10523,281,55,2781,562,845.04,108.01,1.0
10524,238,57,2738,476,845.03,98.54,1.0
10525,129,33,2629,258,845.02,88.18,1.0
10526,258,56,2758,516,845.02,97.62,1.0
10527,296,53,2796,592,845.02,98.65,1.0
10528,76,43,2576,152,845.0,68.45,1.0
10529,110,36,2610,220,845.0,74.93,1.0
10530,110,45,2610,220,845.0,74.41,1.0
10531,178,53,2678,356,845.0,89.81,1.0
10532,117,34,2617,234,844.99,72.12,1.0
10533,157,54,2657,314,844.99,89.65,1.0
10534,129,36,2629,258,844.98,86.61,1.0
10535,114,47,2614,228,844.95,81.25,1.0
10536,103,45,2603,206,844.92,75.16,1.0
10537,236,53,2736,472,844.91,95.7,1.0
10538,130,42,2630,260,844.89,80.04,1.0
10539,33,7,2533,66,844.87,85.62,1.0
10540,286,57,2786,572,844.84,105.72,1.0
10541,76,33,2576,152,844.76,75.6,1.0
10542,103,32,2603,206,844.71,72.3,1.0
10543,156,51,2656,312,844.7,84.49,1.0
10544,224,56,2724,448,844.7,97.15,1.0
10545,105,7,2605,210,844.69,103.54,1.0
10546,110,33,2610,220,844.69,72.01,1.0
10547,59,7,2559,118,844.68,97.48,1.0
10548,103,38,2603,206,844.67,77.52,1.0
10549,224,55,2724,448,844.66,95.7,1.0
10550,252,53,2752,504,844.63,99.03,1.0
10551,129,42,2629,258,844.62,85.38,1.0
10552,252,54,2752,504,844.61,100.12,1.0
10553,135,34,2635,270,844.59,83.63,1.0
10554,98,32,2598,196,844.49,73.99,1.0
10555,153,49,2653,306,844.48,78.66,1.0
10556,171,50,2671,342,844.48,86.0,1.0
10557,247,9,2747,494,844.48,123.89,1.0
10558,166,52,2666,332,844.46,88.72,1.0
10559,197,9,2697,394,844.45,112.4,1.0
10560,294,9,2794,588,844.45,143.32,1.0
10561,73,7,2573,146,844.44,93.1,1.0
10562,258,55,2758,516,844.41,93.9,1.0
10563,122,44,2622,244,844.4,81.3,1.0
10564,175,52,2675,350,844.4,89.35,1.0
10565,167,51,2667,334,844.38,79.34,1.0
10566,259,56,2759,518,844.38,96.76,1.0
10567,103,40,2603,206,844.36,77.4,1.0
10568,110,30,2610,220,844.34,69.96,1.0
10569,121,40,2621,242,844.28,70.81,1.0
10570,140,9,2640,280,844.26,113.38,1.0
10571,272,9,2772,544,844.26,131.13,1.0
10572,227,54,2727,454,844.19,87.67,1.0
10573,146,50,2646,292,844.16,78.54,1.0
10574,110,39,2610,220,844.14,76.24,1.0
10575,185,53,2685,370,844.14,86.33,1.0
10576,105,45,2605,210,844.06,67.89,1.0
10577,250,54,2750,500,844.04,96.74,1.0
10578,110,35,2610,220,844.02,73.07,1.0
10579,122,31,2622,244,843.98,73.6,1.0
10580,222,51,2722,444,843.98,97.84,1.0
10581,85,7,2585,170,843.97,96.24,1.0
10582,21,7,2521,42,843.96,80.55,1.0
10583,173,48,2673,346,843.9,79.68,1.0
10584,179,50,2679,358,843.9,84.73,1.0
10585,115,49,2615,230,843.88,71.11,1.0
10586,184,56,2684,368,843.86,87.53,1.0
10587,65,29,2565,130,843.84,67.27,1.0
10588,132,40,2632,264,843.79,70.16,1.0
10589,133,51,2633,266,843.79,74.13,1.0
10590,234,52,2734,468,843.72,90.23,1.0
10591,93,38,2593,186,843.71,65.04,1.0
10592,134,49,2634,268,843.7,89.81,1.0
10593,244,9,2744,488,843.68,129.95,1.0
10594,82,7,2582,164,843.67,94.05,1.0
10595,39,7,2539,78,843.66,78.41,1.0
10596,180,54,2680,360,843.64,85.66,1.0
10597,136,40,2636,272,843.62,83.08,1.0
10598,149,8,2649,298,843.62,123.72,1.0
10599,140,42,2640,280,843.62,72.18,1.0
10600,275,55,2775,550,843.58,100.16,1.0
10601,206,8,2706,412,843.57,119.14,1.0
10602,103,30,2603,206,843.48,69.59,1.0
10603,140,35,2640,280,843.42,69.53,1.0
10604,155,52,2655,310,843.38,86.04,1.0
10605,124,32,2624,248,843.37,73.99,1.0
10606,10,28,2510,20,843.36,63.7,1.0
10607,136,45,2636,272,843.3,76.43,1.0
10608,213,54,2713,426,843.3,87.13,1.0
10609,103,46,2603,206,843.28,77.19,1.0
10610,217,55,2717,434,843.26,88.92,1.0
10611,129,31,2629,258,843.24,78.99,1.0
10612,161,52,2661,322,843.21,82.81,1.0
10613,103,37,2603,206,843.2,76.36,1.0
10614,129,37,2629,258,843.2,85.82,1.0
10615,254,52,2754,508,843.13,93.54,1.0
10616,125,35,2625,250,843.1,81.31,1.0
10617,154,49,2654,308,843.07,85.27,1.0
10618,186,8,2686,372,843.07,118.36,1.0
10619,127,34,2627,254,843.06,73.95,1.0
10620,210,54,2710,420,843.06,92.68,1.0
10621,130,39,2630,260,843.02,74.68,1.0
10622,132,46,2632,264,843.0,74.55,1.0
10623,156,52,2656,312,842.99,80.97,1.0
10624,130,36,2630,260,842.88,77.6,1.0
10625,140,33,2640,280,842.86,71.88,1.0
10626,93,39,2593,186,842.84,67.39,1.0
10627,245,53,2745,490,842.8,98.53,1.0
10628,103,33,2603,206,842.78,74.54,1.0
10629,110,34,2610,220,842.76,67.63,1.0
10630,117,47,2617,234,842.76,70.07,1.0
10631,138,50,2638,276,842.76,74.4,1.0
10632,76,34,2576,152,842.72,75.52,1.0
10633,117,33,2617,234,842.72,75.58,1.0
10634,241,55,2741,482,842.71,94.55,1.0
10635,189,53,2689,378,842.69,84.67,1.0
10636,127,38,2627,254,842.68,80.25,1.0
10637,229,53,2729,458,842.68,100.87,1.0
10638,149,50,2649,298,842.67,81.67,1.0
10639,151,48,2651,302,842.64,80.45,1.0
10640,110,37,2610,220,842.62,70.65,1.0
10641,168,54,2668,336,842.62,101.44,1.0
10642,201,53,2701,402,842.61,90.25,1.0
10643,120,32,2620,240,842.59,78.95,1.0
10644,121,36,2621,242,842.59,81.88,1.0
10645,164,50,2664,328,842.56,85.01,1.0
10646,93,42,2593,186,842.52,70.48,1.0
10647,269,55,2769,538,842.5,90.28,1.0
10648,46,7,2546,92,842.48,90.87,1.0
10649,212,54,2712,424,842.47,97.82,1.0
10650,103,36,2603,206,842.45,71.78,1.0
10651,200,45,2700,400,842.44,78.05,1.0
10652,26,28,2526,52,842.42,67.81,1.0
10653,129,8,2629,258,842.41,110.57,1.0
10654,129,34,2629,258,842.4,80.64,1.0
10655,146,53,2646,292,842.34,84.94,1.0
10656,140,39,2640,280,842.34,75.63,1.0
10657,118,50,2618,236,842.27,76.51,1.0
10658,205,53,2705,410,842.24,97.93,1.0
10659,197,53,2697,394,842.22,92.54,1.0
10660,169,52,2669,338,842.21,94.19,1.0
10661,110,41,2610,220,842.18,71.65,1.0
10662,203,8,2703,406,842.18,105.67,1.0
10663,222,53,2722,444,842.17,100.04,1.0
10664,126,49,2626,252,842.12,84.9,1.0
10665,118,7,2618,236,842.1,109.56,1.0
10666,136,9,2636,272,842.02,112.11,1.0
10667,77,6,2577,154,841.98,90.26,1.0
10668,67,8,2567,134,841.95,96.28,1.0
10669,176,51,2676,352,841.95,90.12,1.0
10670,98,30,2598,196,841.93,78.23,1.0
10671,203,56,2703,406,841.93,95.62,1.0
10672,239,53,2739,478,841.72,98.13,1.0
10673,240,53,2740,480,841.69,85.58,1.0
10674,99,35,2599,198,841.67,74.51,1.0
10675,167,8,2667,334,841.66,112.9,1.0
10676,219,53,2719,438,841.64,87.31,1.0
10677,133,49,2633,266,841.54,68.19,1.0
10678,165,8,2665,330,841.54,130.17,1.0
10679,37,29,2537,74,841.53,71.48,1.0
10680,130,35,2630,260,841.48,76.03,1.0
10681,122,46,2622,244,841.47,79.34,1.0
10682,276,10,2776,552,841.47,150.13,1.0
10683,130,41,2630,260,841.46,82.09,1.0
10684,0,28,2500,0,841.37,60.47,1.0
10685,135,47,2635,270,841.36,86.29,1.0
10686,158,48,2658,316,841.33,84.03,1.0
10687,101,35,2601,202,841.32,72.47,1.0
10688,234,53,2734,468,841.32,91.87,1.0
10689,212,55,2712,424,841.31,93.53,1.0
10690,125,46,2625,250,841.29,74.42,1.0
10691,162,51,2662,324,841.27,86.76,1.0
10692,129,30,2629,258,841.26,90.33,1.0
10693,188,55,2688,376,841.24,85.58,1.0
10694,163,54,2663,326,841.22,87.97,1.0
10695,200,46,2700,400,841.22,83.0,1.0
10696,110,42,2610,220,841.19,74.56,1.0
10697,76,37,2576,152,841.18,72.64,1.0
10698,135,50,2635,270,841.16,92.23,1.0
10699,93,36,2593,186,841.14,70.73,1.0
10700,104,42,2604,208,841.14,74.96,1.0
10701,151,49,2651,302,841.14,84.26,1.0
10702,152,8,2652,304,841.14,115.94,1.0
10703,296,54,2796,592,841.12,99.28,1.0
10704,76,44,2576,152,841.05,67.83,1.0
10705,137,49,2637,274,841.03,86.65,1.0
10706,140,45,2640,280,841.02,72.38,1.0
10707,76,41,2576,152,840.99,70.11,1.0
10708,206,55,2706,412,840.99,89.29,1.0
10709,266,55,2766,532,840.98,108.27,1.0
10710,176,52,2676,352,840.97,91.83,1.0
10711,110,32,2610,220,840.94,73.46,1.0
10712,99,38,2599,198,840.92,79.96,1.0
10713,76,38,2576,152,840.87,71.46,1.0
10714,19,7,2519,38,840.85,75.65,1.0
10715,185,54,2685,370,840.83,97.56,1.0
10716,103,39,2603,206,840.82,73.33,1.0
10717,133,50,2633,266,840.82,73.09,1.0
10718,206,54,2706,412,840.8,94.05,1.0
10719,280,55,2780,560,840.78,96.53,1.0
10720,129,39,2629,258,840.77,80.69,1.0
10721,85,45,2585,170,840.71,78.6,1.0
10722,90,43,2590,180,840.69,73.83,1.0
10723,103,43,2603,206,840.69,76.39,1.0
10724,143,8,2643,286,840.68,103.55,1.0
10725,145,47,2645,290,840.67,75.41,1.0
10726,284,55,2784,568,840.67,106.48,1.0
10727,276,53,2776,552,840.66,101.39,1.0
10728,63,29,2563,126,840.64,78.16,1.0
10729,164,9,2664,328,840.62,114.66,1.0
10730,191,50,2691,382,840.61,80.0,1.0
10731,116,48,2616,232,840.6,81.67,1.0
10732,81,43,2581,162,840.59,80.09,1.0
10733,273,54,2773,546,840.57,96.13,1.0
10734,138,48,2638,276,840.54,77.53,1.0
10735,199,54,2699,398,840.52,90.01,1.0
10736,202,9,2702,404,840.49,135.24,1.0
10737,182,50,2682,364,840.46,87.38,1.0
10738,153,7,2653,306,840.45,108.45,1.0
10739,142,48,2642,284,840.41,80.57,1.0
10740,144,52,2644,288,840.41,78.74,1.0
10741,115,51,2615,230,840.37,73.46,1.0
10742,233,56,2733,466,840.36,97.5,1.0
10743,108,37,2608,216,840.31,71.47,1.0
10744,54,29,2554,108,840.3,73.48,1.0
10745,90,32,2590,180,840.28,72.92,1.0
10746,131,49,2631,262,840.27,79.89,1.0
10747,76,30,2576,152,840.23,70.47,1.0
10748,47,7,2547,94,840.18,76.18,1.0
10749,246,54,2746,492,840.18,81.74,1.0
10750,103,41,2603,206,840.16,63.96,1.0
10751,204,9,2704,408,840.15,120.0,1.0
10752,122,45,2622,244,840.1,80.9,1.0
10753,51,29,2551,102,840.07,72.37,1.0
10754,99,44,2599,198,840.06,73.97,1.0
10755,299,57,2799,598,840.0,99.95,1.0
10756,141,53,2641,282,839.98,79.27,1.0
10757,153,50,2653,306,839.97,86.04,1.0
10758,95,8,2595,190,839.96,100.82,1.0
10759,152,50,2652,304,839.96,93.97,1.0
10760,102,44,2602,204,839.93,68.79,1.0
10761,103,42,2603,206,839.91,77.19,1.0
10762,179,8,2679,358,839.91,114.1,1.0
10763,228,53,2728,456,839.91,92.17,1.0
10764,76,42,2576,152,839.9,72.57,1.0
10765,65,7,2565,130,839.9,97.68,1.0
10766,187,48,2687,374,839.88,77.2,1.0
10767,255,54,2755,510,839.88,97.58,1.0
10768,196,56,2696,392,839.87,95.16,1.0
10769,183,49,2683,366,839.87,82.03,1.0
10770,262,55,2762,524,839.86,95.71,1.0
10771,148,9,2648,296,839.85,114.88,1.0
10772,271,56,2771,542,839.77,102.19,1.0
10773,132,39,2632,264,839.71,79.76,1.0
10774,116,49,2616,232,839.7,86.5,1.0
10775,162,52,2662,324,839.7,75.01,1.0
10776,161,53,2661,322,839.68,88.15,1.0
10777,221,55,2721,442,839.67,95.02,1.0
10778,4,6,2504,8,839.63,69.36,1.0
10779,128,48,2628,256,839.63,78.37,1.0
10780,208,9,2708,416,839.63,124.88,1.0
10781,93,34,2593,186,839.61,66.22,1.0
10782,158,47,2658,316,839.52,83.2,1.0
10783,123,48,2623,246,839.46,76.73,1.0
10784,125,8,2625,250,839.46,114.05,1.0
10785,109,36,2609,218,839.45,69.23,1.0
10786,125,48,2625,250,839.44,83.33,1.0
10787,194,51,2694,388,839.43,88.71,1.0
10788,168,53,2668,336,839.42,93.04,1.0
10789,134,48,2634,268,839.3,87.63,1.0
10790,250,9,2750,500,839.28,132.33,1.0
10791,282,54,2782,564,839.28,95.25,1.0
10792,25,28,2525,50,839.26,62.01,1.0
10793,264,58,2764,528,839.25,113.44,1.0
10794,250,55,2750,500,839.24,108.79,1.0
10795,154,50,2654,308,839.22,84.3,1.0
10796,164,52,2664,328,839.21,82.79,1.0
10797,85,40,2585,170,839.2,74.59,1.0
10798,154,51,2654,308,839.18,88.08,1.0
10799,103,44,2603,206,839.16,74.13,1.0
10800,96,33,2596,192,839.14,82.42,1.0
10801,266,56,2766,532,839.14,99.43,1.0
10802,102,43,2602,204,839.13,73.64,1.0
10803,155,51,2655,310,839.13,81.71,1.0
10804,143,48,2643,286,839.08,77.21,1.0
10805,130,48,2630,260,839.07,84.96,1.0
10806,295,55,2795,590,839.03,98.69,1.0
10807,119,8,2619,238,839.02,109.63,1.0
10808,90,37,2590,180,838.96,77.77,1.0
10809,12,28,2512,24,838.93,67.79,1.0
10810,99,30,2599,198,838.93,68.75,1.0
10811,132,8,2632,264,838.93,116.37,1.0
10812,93,30,2593,186,838.92,67.53,1.0
10813,124,30,2624,248,838.92,81.03,1.0
10814,110,40,2610,220,838.9,68.88,1.0
10815,98,7,2598,196,838.9,103.51,1.0
10816,98,39,2598,196,838.9,71.69,1.0
10817,77,34,2577,154,838.88,74.4,1.0
10818,148,49,2648,296,838.88,81.55,1.0
10819,36,7,2536,72,838.84,89.26,1.0
10820,101,38,2601,202,838.82,70.25,1.0
10821,99,43,2599,198,838.8,73.11,1.0
10822,88,29,2588,176,838.74,74.13,1.0
10823,132,48,2632,264,838.69,80.72,1.0
10824,151,50,2651,302,838.66,77.82,1.0
10825,132,45,2632,264,838.63,80.41,1.0
10826,233,8,2733,466,838.63,116.6,1.0
10827,246,55,2746,492,838.62,98.31,1.0
10828,143,46,2643,286,838.6,79.66,1.0
10829,93,40,2593,186,838.55,66.85,1.0
10830,198,52,2698,396,838.37,87.58,1.0
10831,167,52,2667,334,838.36,86.51,1.0
10832,256,55,2756,512,838.36,103.29,1.0
10833,19,28,2519,38,838.34,67.52,1.0
10834,170,50,2670,340,838.34,81.32,1.0
10835,183,48,2683,366,838.34,84.8,1.0
10836,138,49,2638,276,838.27,80.54,1.0
10837,109,44,2609,218,838.25,71.74,1.0
10838,77,37,2577,154,838.22,72.62,1.0
10839,103,35,2603,206,838.22,76.11,1.0
10840,129,47,2629,258,838.22,82.75,1.0
10841,297,55,2797,594,838.19,103.02,1.0
10842,244,57,2744,488,838.18,99.56,1.0
10843,77,44,2577,154,838.17,73.39,1.0
10844,60,29,2560,120,838.16,72.2,1.0
10845,131,50,2631,262,838.16,77.73,1.0
10846,177,8,2677,354,838.13,118.57,1.0
10847,157,53,2657,314,838.11,90.14,1.0
10848,109,39,2609,218,838.1,69.23,1.0
10849,178,52,2678,356,838.1,92.53,1.0
10850,147,51,2647,294,838.08,83.5,1.0
10851,160,49,2660,320,838.04,79.41,1.0
10852,133,53,2633,266,838.03,74.74,1.0
10853,109,37,2609,218,837.99,72.91,1.0
10854,152,48,2652,304,837.98,82.82,1.0
10855,220,54,2720,440,837.98,94.51,1.0
10856,172,8,2672,344,837.97,108.41,1.0
10857,85,37,2585,170,837.94,75.22,1.0
10858,226,55,2726,452,837.93,86.73,1.0
10859,29,28,2529,58,837.92,67.92,1.0
10860,175,8,2675,350,837.9,115.71,1.0
10861,103,31,2603,206,837.89,74.0,1.0
10862,123,50,2623,246,837.88,78.26,1.0
10863,26,6,2526,52,837.87,79.92,1.0
10864,108,41,2608,216,837.85,73.61,1.0
10865,242,56,2742,484,837.81,95.36,1.0
10866,85,32,2585,170,837.77,72.72,1.0
10867,132,34,2632,264,837.75,81.66,1.0
10868,116,50,2616,232,837.74,81.27,1.0
10869,173,49,2673,346,837.74,85.7,1.0
10870,93,37,2593,186,837.67,73.03,1.0
10871,110,31,2610,220,837.66,71.2,1.0
10872,103,48,2603,206,837.66,68.45,1.0
10873,256,56,2756,512,837.6,95.39,1.0
10874,157,7,2657,314,837.59,113.29,1.0
10875,105,47,2605,210,837.53,70.46,1.0
10876,211,53,2711,422,837.51,88.85,1.0
10877,86,37,2586,172,837.48,73.2,1.0
10878,161,54,2661,322,837.48,84.32,1.0
10879,280,11,2780,560,837.47,138.69,1.0
10880,16,6,2516,32,837.46,85.04,1.0
10881,192,49,2692,384,837.46,86.06,1.0
10882,270,9,2770,540,837.42,118.41,1.0
10883,215,52,2715,430,837.37,90.0,1.0
10884,37,6,2537,74,837.36,88.49,1.0
10885,193,53,2693,386,837.36,103.29,1.0
10886,251,54,2751,502,837.34,91.67,1.0
10887,149,49,2649,298,837.33,79.24,1.0
10888,81,7,2581,162,837.31,91.64,1.0
10889,172,49,2672,344,837.25,82.18,1.0
10890,52,29,2552,104,837.22,69.08,1.0
10891,208,52,2708,416,837.2,89.33,1.0
10892,110,43,2610,220,837.18,73.76,1.0
10893,187,47,2687,374,837.15,85.96,1.0
10894,273,9,2773,546,837.15,140.01,1.0
10895,85,36,2585,170,837.14,66.55,1.0
10896,121,45,2621,242,837.13,76.51,1.0
10897,76,35,2576,152,837.12,70.97,1.0
10898,102,41,2602,204,837.08,71.12,1.0
10899,63,7,2563,126,836.94,92.21,1.0
10900,194,50,2694,388,836.94,83.81,1.0
10901,123,7,2623,246,836.92,106.91,1.0
10902,126,51,2626,252,836.92,78.11,1.0
10903,201,52,2701,402,836.92,87.15,1.0
10904,298,57,2798,596,836.88,103.65,1.0
10905,166,53,2666,332,836.85,84.48,1.0
10906,205,54,2705,410,836.82,100.53,1.0
10907,299,58,2799,598,836.82,99.09,1.0
10908,87,35,2587,174,836.79,68.82,1.0
10909,142,49,2642,284,836.79,74.01,1.0
10910,5,28,2505,10,836.78,63.58,1.0
10911,267,55,2767,534,836.77,112.13,1.0
10912,108,44,2608,216,836.74,77.19,1.0
10913,102,31,2602,204,836.74,70.43,1.0
10914,217,56,2717,434,836.74,93.92,1.0
10915,264,57,2764,528,836.72,102.38,1.0
10916,102,35,2602,204,836.69,67.09,1.0
10917,144,50,2644,288,836.69,76.86,1.0
10918,101,34,2601,202,836.62,74.42,1.0
10919,96,32,2596,192,836.61,68.81,1.0
10920,96,41,2596,192,836.6,73.86,1.0
10921,14,6,2514,28,836.56,76.27,1.0
10922,223,53,2723,446,836.56,97.21,1.0
10923,208,53,2708,416,836.55,92.74,1.0
10924,200,47,2700,400,836.55,92.85,1.0
10925,11,6,2511,22,836.54,77.31,1.0
10926,74,7,2574,148,836.52,102.13,1.0
10927,195,52,2695,390,836.51,84.68,1.0
10928,108,32,2608,216,836.48,76.45,1.0
10929,134,50,2634,268,836.44,78.76,1.0
10930,144,51,2644,288,836.41,80.65,1.0
10931,101,36,2601,202,836.4,77.39,1.0
10932,143,49,2643,286,836.4,80.58,1.0
10933,99,45,2599,198,836.39,68.36,1.0
10934,76,46,2576,152,836.38,71.5,1.0
10935,300,56,2800,600,836.38,102.86,1.0
10936,159,50,2659,318,836.37,89.82,1.0
10937,113,49,2613,226,836.36,80.22,1.0
10938,128,50,2628,256,836.32,87.67,1.0
10939,122,49,2622,244,836.31,84.35,1.0
10940,166,8,2666,332,836.31,111.47,1.0
10941,92,41,2592,184,836.3,63.51,1.0
10942,127,47,2627,254,836.3,75.04,1.0
10943,230,53,2730,460,836.27,92.08,1.0
10944,93,7,2593,186,836.26,101.04,1.0
10945,101,43,2601,202,836.26,73.68,1.0
10946,265,58,2765,530,836.24,104.53,1.0
10947,85,41,2585,170,836.22,73.96,1.0
10948,102,36,2602,204,836.22,70.68,1.0
10949,101,32,2601,202,836.22,77.73,1.0
10950,33,28,2533,66,836.21,67.67,1.0
10951,239,10,2739,478,836.19,118.99,1.0
10952,186,54,2686,372,836.16,85.32,1.0
10953,139,7,2639,278,836.14,104.95,1.0
10954,120,42,2620,240,836.12,79.42,1.0
10955,124,34,2624,248,836.12,71.06,1.0
10956,124,39,2624,248,836.08,75.73,1.0
10957,188,54,2688,376,836.06,82.61,1.0
10958,153,52,2653,306,836.04,86.53,1.0
10959,173,50,2673,346,836.02,80.87,1.0
10960,94,7,2594,188,835.98,101.8,1.0
10961,109,7,2609,218,835.98,99.18,1.0
10962,99,41,2599,198,835.97,78.29,1.0
10963,86,33,2586,172,835.96,78.3,1.0
10964,200,48,2700,400,835.91,79.92,1.0
10965,85,44,2585,170,835.88,73.44,1.0
10966,288,53,2788,576,835.82,97.7,1.0
10967,7,28,2507,14,835.8,65.16,1.0
10968,124,37,2624,248,835.8,79.16,1.0
10969,180,55,2680,360,835.8,86.96,1.0
10970,76,49,2576,152,835.78,75.22,1.0
10971,153,51,2653,306,835.78,87.92,1.0
10972,162,53,2662,324,835.73,80.94,1.0
10973,90,36,2590,180,835.72,76.78,1.0
10974,109,42,2609,218,835.69,77.48,1.0
10975,90,34,2590,180,835.66,77.49,1.0
10976,109,31,2609,218,835.64,71.03,1.0
10977,1,28,2501,2,835.63,63.56,1.0
10978,164,51,2664,328,835.62,84.04,1.0
10979,64,29,2564,128,835.58,71.0,1.0
10980,219,54,2719,438,835.57,95.34,1.0
10981,161,7,2661,322,835.56,121.64,1.0
10982,236,54,2736,472,835.5,97.86,1.0
10983,85,34,2585,170,835.47,73.72,1.0
10984,90,30,2590,180,835.47,77.4,1.0
10985,242,9,2742,484,835.46,135.08,1.0
10986,85,39,2585,170,835.44,78.98,1.0
10987,87,30,2587,174,835.44,68.48,1.0
10988,136,48,2636,272,835.39,82.41,1.0
10989,121,47,2621,242,835.38,81.94,1.0
10990,217,9,2717,434,835.38,123.19,1.0
10991,249,52,2749,498,835.38,86.94,1.0
10992,115,50,2615,230,835.37,74.24,1.0
10993,86,44,2586,172,835.36,78.17,1.0
10994,105,48,2605,210,835.34,67.33,1.0
10995,140,46,2640,280,835.31,74.32,1.0
10996,276,54,2776,552,835.31,102.95,1.0
10997,157,55,2657,314,835.28,89.16,1.0
10998,201,54,2701,402,835.28,96.46,1.0
10999,87,42,2587,174,835.26,76.28,1.0
11000,114,51,2614,228,835.26,82.3,1.0
11001,109,35,2609,218,835.2,71.87,1.0
11002,84,7,2584,168,835.19,87.77,1.0
11003,137,50,2637,274,835.19,80.8,1.0
11004,102,33,2602,204,835.15,74.41,1.0
11005,293,55,2793,586,835.14,106.25,1.0
11006,138,52,2638,276,835.11,75.8,1.0
11007,85,35,2585,170,835.1,70.22,1.0
11008,93,43,2593,186,835.07,63.55,1.0
11009,76,32,2576,152,835.04,75.12,1.0
11010,77,35,2577,154,835.03,73.02,1.0
11011,149,48,2649,298,835.03,80.63,1.0
11012,177,50,2677,354,835.03,81.93,1.0
11013,85,33,2585,170,835.02,79.21,1.0
11014,216,54,2716,432,835.02,88.97,1.0
11015,124,45,2624,248,835.0,78.02,1.0
11016,235,57,2735,470,835.0,100.9,1.0
11017,23,6,2523,46,834.98,83.64,1.0
11018,99,31,2599,198,834.95,81.06,1.0
11019,140,44,2640,280,834.91,74.5,1.0
11020,289,54,2789,578,834.89,101.42,1.0
11021,170,48,2670,340,834.88,79.33,1.0
11022,163,55,2663,326,834.88,99.24,1.0
11023,135,46,2635,270,834.87,79.67,1.0
11024,86,43,2586,172,834.86,79.67,1.0
11025,109,41,2609,218,834.81,72.15,1.0
11026,108,38,2608,216,834.77,73.24,1.0
11027,127,48,2627,254,834.74,84.39,1.0
11028,255,55,2755,510,834.74,95.66,1.0
11029,283,56,2783,566,834.74,113.26,1.0
11030,285,56,2785,570,834.74,97.17,1.0
11031,120,8,2620,240,834.73,108.37,1.0
11032,109,38,2609,218,834.72,72.15,1.0
11033,130,46,2630,260,834.72,81.05,1.0
11034,155,53,2655,310,834.72,80.94,1.0
11035,179,51,2679,358,834.72,80.89,1.0
11036,120,40,2620,240,834.7,81.05,1.0
11037,179,52,2679,358,834.68,88.1,1.0
11038,99,32,2599,198,834.64,77.47,1.0
11039,89,41,2589,178,834.58,77.62,1.0
11040,265,59,2765,530,834.56,103.34,1.0
11041,237,54,2737,474,834.53,92.82,1.0
11042,76,45,2576,152,834.46,76.22,1.0
11043,149,52,2649,298,834.46,92.47,1.0
11044,99,39,2599,198,834.44,73.49,1.0
11045,227,56,2727,454,834.43,92.04,1.0
11046,77,30,2577,154,834.4,66.45,1.0
11047,129,45,2629,258,834.4,82.41,1.0
11048,122,48,2622,244,834.38,83.65,1.0
11049,108,30,2608,216,834.36,71.94,1.0
11050,87,37,2587,174,834.36,69.32,1.0
11051,272,55,2772,544,834.33,98.61,1.0
11052,175,53,2675,350,834.32,85.7,1.0
11053,109,40,2609,218,834.29,70.12,1.0
11054,239,55,2739,478,834.29,97.0,1.0
11055,32,28,2532,64,834.26,73.08,1.0
11056,200,9,2700,400,834.26,117.93,1.0
11057,99,42,2599,198,834.24,73.45,1.0
11058,89,37,2589,178,834.2,79.82,1.0
11059,275,56,2775,550,834.09,99.17,1.0
11060,116,7,2616,232,834.07,112.3,1.0
11061,275,9,2775,550,834.04,136.86,1.0
11062,126,50,2626,252,834.03,78.06,1.0
11063,77,36,2577,154,834.02,69.51,1.0
11064,102,30,2602,204,833.97,68.52,1.0
11065,169,53,2669,338,833.96,84.47,1.0
11066,103,47,2603,206,833.92,71.97,1.0
11067,248,10,2748,496,833.89,117.14,1.0
11068,98,34,2598,196,833.88,77.71,1.0
11069,101,7,2601,202,833.87,102.95,1.0
11070,117,49,2617,234,833.85,73.17,1.0
11071,239,54,2739,478,833.84,94.07,1.0
11072,86,45,2586,172,833.8,72.61,1.0
11073,165,53,2665,330,833.8,92.81,1.0
11074,210,55,2710,420,833.79,89.29,1.0
11075,102,38,2602,204,833.72,67.02,1.0
11076,148,51,2648,296,833.7,82.48,1.0
11077,248,53,2748,496,833.7,97.23,1.0
11078,124,41,2624,248,833.67,78.95,1.0
11079,183,50,2683,366,833.65,88.29,1.0
11080,278,55,2778,556,833.63,98.31,1.0
11081,85,31,2585,170,833.6,63.66,1.0
11082,142,50,2642,284,833.6,76.95,1.0
11083,42,7,2542,84,833.58,86.61,1.0
11084,99,7,2599,198,833.58,97.99,1.0
11085,261,57,2761,522,833.58,102.92,1.0
11086,130,47,2630,260,833.55,78.16,1.0
11087,120,36,2620,240,833.54,75.69,1.0
11088,98,38,2598,196,833.52,68.65,1.0
11089,48,7,2548,96,833.51,90.07,1.0
11090,160,51,2660,320,833.51,78.53,1.0
11091,85,43,2585,170,833.49,75.63,1.0
11092,98,35,2598,196,833.49,79.01,1.0
11093,281,56,2781,562,833.48,103.91,1.0
11094,144,7,2644,288,833.47,109.84,1.0
11095,207,52,2707,414,833.47,94.17,1.0
11096,227,8,2727,454,833.46,114.42,1.0
11097,160,50,2660,320,833.45,79.37,1.0
11098,124,35,2624,248,833.42,82.42,1.0
11099,150,8,2650,300,833.4,116.73,1.0
11100,287,9,2787,574,833.4,139.84,1.0
11101,230,9,2730,460,833.38,129.7,1.0
11102,101,47,2601,202,833.37,83.43,1.0
11103,274,56,2774,548,833.31,102.61,1.0
11104,121,46,2621,242,833.29,80.64,1.0
11105,104,38,2604,208,833.28,76.71,1.0
11106,99,36,2599,198,833.28,71.12,1.0
11107,190,54,2690,380,833.28,87.09,1.0
11108,101,31,2601,202,833.25,72.14,1.0
11109,92,33,2592,184,833.22,74.49,1.0
11110,138,51,2638,276,833.22,80.14,1.0
11111,282,55,2782,564,833.22,103.44,1.0
11112,104,40,2604,208,833.2,80.76,1.0
11113,104,32,2604,208,833.19,75.97,1.0
11114,70,33,2570,140,833.16,74.57,1.0
11115,89,40,2589,178,833.16,75.06,1.0
11116,272,54,2772,544,833.15,104.26,1.0
11117,102,32,2602,204,833.13,73.89,1.0
11118,101,39,2601,202,833.01,77.43,1.0
11119,104,36,2604,208,833.0,77.2,1.0
11120,250,56,2750,500,832.99,102.09,1.0
11121,77,39,2577,154,832.94,69.73,1.0
11122,87,39,2587,174,832.94,72.21,1.0
11123,102,45,2602,204,832.94,77.62,1.0
11124,176,8,2676,352,832.94,120.25,1.0
11125,209,55,2709,418,832.92,92.55,1.0
11126,152,49,2652,304,832.91,86.82,1.0
11127,77,33,2577,154,832.9,70.98,1.0
11128,181,54,2681,362,832.9,92.18,1.0
11129,134,51,2634,268,832.89,80.63,1.0
11130,148,50,2648,296,832.87,82.6,1.0
11131,46,29,2546,92,832.86,70.08,1.0
11132,69,29,2569,138,832.86,65.95,1.0
11133,101,40,2601,202,832.84,78.29,1.0
11134,165,52,2665,330,832.84,86.77,1.0
11135,263,55,2763,526,832.82,97.75,1.0
11136,81,30,2581,162,832.8,78.11,1.0
11137,96,31,2596,192,832.78,75.61,1.0
11138,155,8,2655,310,832.78,117.93,1.0
11139,62,7,2562,124,832.76,89.39,1.0
11140,251,55,2751,502,832.76,95.78,1.0
11141,125,49,2625,250,832.75,82.41,1.0
11142,98,40,2598,196,832.73,85.3,1.0
11143,288,10,2788,576,832.7,136.81,1.0
11144,135,49,2635,270,832.69,82.55,1.0
11145,92,7,2592,184,832.68,94.6,1.0
11146,266,57,2766,532,832.66,99.86,1.0
11147,77,38,2577,154,832.65,73.6,1.0
11148,13,28,2513,26,832.63,65.13,1.0
11149,221,56,2721,442,832.62,88.06,1.0
11150,92,39,2592,184,832.61,72.86,1.0
11151,99,37,2599,198,832.61,74.37,1.0
11152,172,50,2672,344,832.61,85.94,1.0
11153,232,56,2732,464,832.6,113.5,1.0
11154,108,45,2608,216,832.59,81.81,1.0
11155,99,40,2599,198,832.58,68.97,1.0
11156,108,34,2608,216,832.57,82.29,1.0
11157,102,42,2602,204,832.53,73.87,1.0
11158,93,45,2593,186,832.51,72.5,1.0
11159,215,53,2715,430,832.51,93.64,1.0
11160,110,38,2610,220,832.42,73.25,1.0
11161,131,51,2631,262,832.39,79.44,1.0
11162,199,55,2699,398,832.39,94.13,1.0
11163,77,43,2577,154,832.38,77.12,1.0
11164,151,51,2651,302,832.37,86.32,1.0
11165,85,30,2585,170,832.36,77.69,1.0
11166,89,32,2589,178,832.28,74.8,1.0
11167,75,33,2575,150,832.24,75.63,1.0
11168,77,47,2577,154,832.24,74.01,1.0
11169,109,33,2609,218,832.24,72.99,1.0
11170,157,56,2657,314,832.24,82.77,1.0
11171,186,53,2686,372,832.24,93.61,1.0
11172,192,50,2692,384,832.19,80.77,1.0
11173,106,36,2606,212,832.15,69.64,1.0
11174,271,57,2771,542,832.15,97.29,1.0
11175,245,9,2745,490,832.14,136.21,1.0
11176,209,54,2709,418,832.12,84.99,1.0
11177,296,10,2796,592,832.1,133.91,1.0
11178,62,29,2562,124,832.09,67.51,1.0
11179,113,50,2613,226,832.08,76.5,1.0
11180,259,58,2759,518,832.08,108.84,1.0
11181,86,30,2586,172,832.06,71.52,1.0
11182,192,51,2692,384,832.02,79.86,1.0
11183,238,59,2738,476,832.02,95.33,1.0
11184,134,7,2634,268,832.0,107.27,1.0
11185,86,32,2586,172,831.97,74.59,1.0
11186,101,42,2601,202,831.97,72.43,1.0
11187,141,54,2641,282,831.96,77.59,1.0
11188,118,52,2618,236,831.94,76.39,1.0
11189,198,51,2698,396,831.94,91.29,1.0
11190,9,28,2509,18,831.93,67.72,1.0
11191,273,55,2773,546,831.92,100.52,1.0
11192,226,8,2726,452,831.89,127.92,1.0
11193,225,8,2725,450,831.86,130.89,1.0
11194,92,31,2592,184,831.85,72.57,1.0
11195,218,57,2718,436,831.84,89.59,1.0
11196,237,55,2737,474,831.84,90.36,1.0
11197,91,7,2591,182,831.83,93.2,1.0
11198,114,48,2614,228,831.81,75.96,1.0
11199,135,48,2635,270,831.76,81.98,1.0
11200,290,57,2790,580,831.76,109.74,1.0
11201,120,33,2620,240,831.75,74.57,1.0
11202,170,8,2670,340,831.75,118.2,1.0
11203,122,50,2622,244,831.74,89.41,1.0
11204,196,8,2696,392,831.73,132.31,1.0
11205,114,49,2614,228,831.7,84.47,1.0
11206,122,47,2622,244,831.7,78.84,1.0
11207,130,49,2630,260,831.7,85.22,1.0
11208,171,51,2671,342,831.7,81.79,1.0
11209,75,44,2575,150,831.68,75.57,1.0
11210,98,43,2598,196,831.66,82.16,1.0
11211,89,36,2589,178,831.64,74.7,1.0
11212,244,56,2744,488,831.64,102.06,1.0
11213,104,43,2604,208,831.63,67.32,1.0
11214,101,44,2601,202,831.63,77.39,1.0
11215,145,48,2645,290,831.63,82.54,1.0
11216,261,58,2761,522,831.59,109.53,1.0
11217,108,33,2608,216,831.57,76.29,1.0
11218,93,41,2593,186,831.56,69.76,1.0
11219,132,47,2632,264,831.56,75.41,1.0
11220,225,53,2725,450,831.56,102.82,1.0
11221,222,9,2722,444,831.56,130.15,1.0
11222,85,42,2585,170,831.55,69.59,1.0
11223,6,28,2506,12,831.54,62.17,1.0
11224,110,46,2610,220,831.54,74.47,1.0
11225,92,45,2592,184,831.53,74.4,1.0
11226,90,33,2590,180,831.52,76.8,1.0
11227,98,42,2598,196,831.48,72.91,1.0
11228,124,47,2624,248,831.47,75.71,1.0
11229,108,43,2608,216,831.44,75.09,1.0
11230,119,39,2619,238,831.38,79.0,1.0
11231,281,9,2781,562,831.36,149.29,1.0
11232,289,9,2789,578,831.34,145.16,1.0
11233,89,44,2589,178,831.32,84.62,1.0
11234,99,33,2599,198,831.3,70.48,1.0
11235,86,39,2586,172,831.27,76.62,1.0
11236,204,53,2704,408,831.24,91.68,1.0
11237,229,54,2729,458,831.24,103.58,1.0
11238,90,44,2590,180,831.22,70.67,1.0
11239,93,46,2593,186,831.16,70.99,1.0
11240,96,37,2596,192,831.09,73.71,1.0
11241,97,36,2597,194,831.09,71.88,1.0
11242,268,53,2768,536,831.08,94.18,1.0
11243,90,45,2590,180,831.06,74.25,1.0
11244,104,39,2604,208,831.06,72.4,1.0
11245,196,57,2696,392,831.06,98.72,1.0
11246,184,57,2684,368,831.01,92.61,1.0
11247,133,52,2633,266,830.94,75.59,1.0
11248,149,51,2649,298,830.94,80.27,1.0
11249,123,49,2623,246,830.92,74.86,1.0
11250,138,54,2638,276,830.92,81.0,1.0
11251,285,9,2785,570,830.92,151.6,1.0
11252,102,40,2602,204,830.91,70.14,1.0
11253,202,53,2702,404,830.9,88.55,1.0
11254,218,8,2718,436,830.9,127.78,1.0
11255,255,56,2755,510,830.87,100.97,1.0
11256,92,34,2592,184,830.86,67.12,1.0
11257,240,9,2740,480,830.85,131.77,1.0
11258,147,52,2647,294,830.84,86.09,1.0
11259,178,55,2678,356,830.84,95.65,1.0
11260,124,33,2624,248,830.83,81.79,1.0
11261,87,33,2587,174,830.8,69.63,1.0
11262,297,56,2797,594,830.75,110.5,1.0
11263,89,30,2589,178,830.68,74.82,1.0
11264,154,52,2654,308,830.68,81.93,1.0
11265,175,54,2675,350,830.65,89.61,1.0
11266,97,37,2597,194,830.61,70.04,1.0
11267,108,40,2608,216,830.6,77.07,1.0
11268,77,32,2577,154,830.57,71.58,1.0
11269,102,37,2602,204,830.57,69.08,1.0
11270,127,49,2627,254,830.57,75.34,1.0
11271,202,55,2702,404,830.57,90.48,1.0
11272,93,31,2593,186,830.56,71.19,1.0
11273,75,37,2575,150,830.52,76.95,1.0
11274,92,43,2592,184,830.52,76.1,1.0
11275,89,34,2589,178,830.52,72.3,1.0
11276,117,50,2617,234,830.52,78.21,1.0
11277,225,54,2725,450,830.52,101.73,1.0
11278,96,36,2596,192,830.5,69.32,1.0
11279,298,56,2798,596,830.48,114.89,1.0
11280,261,59,2761,522,830.47,101.35,1.0
11281,211,54,2711,422,830.44,90.06,1.0
11282,98,37,2598,196,830.43,72.3,1.0
11283,8,28,2508,16,830.42,72.46,1.0
11284,158,49,2658,316,830.42,80.77,1.0
11285,169,8,2669,338,830.42,120.24,1.0
11286,93,32,2593,186,830.4,69.98,1.0
11287,120,41,2620,240,830.4,79.14,1.0
11288,124,42,2624,248,830.4,80.09,1.0
11289,140,47,2640,280,830.39,71.75,1.0
11290,92,35,2592,184,830.33,71.35,1.0
11291,116,47,2616,232,830.32,78.15,1.0
11292,131,52,2631,262,830.32,80.53,1.0
11293,81,34,2581,162,830.3,72.47,1.0
11294,102,34,2602,204,830.27,70.57,1.0
11295,109,43,2609,218,830.25,70.51,1.0
11296,87,38,2587,174,830.24,72.28,1.0
11297,70,32,2570,140,830.2,73.77,1.0
11298,182,51,2682,364,830.19,86.67,1.0
11299,108,31,2608,216,830.16,76.76,1.0
11300,215,54,2715,430,830.11,95.01,1.0
11301,96,34,2596,192,830.1,78.84,1.0
11302,49,6,2549,98,830.07,86.3,1.0
11303,90,35,2590,180,830.07,79.29,1.0
11304,114,50,2614,228,830.06,84.02,1.0
11305,92,36,2592,184,830.05,75.24,1.0
11306,87,43,2587,174,830.01,72.02,1.0
11307,143,50,2643,286,830.01,79.53,1.0
11308,60,7,2560,120,830.0,91.72,1.0
11309,112,36,2612,224,830.0,68.83,1.0
11310,96,44,2596,192,830.0,73.06,1.0
11311,145,49,2645,290,829.98,81.56,1.0
11312,247,55,2747,494,829.98,99.78,1.0
11313,22,29,2522,44,829.95,68.74,1.0
11314,101,37,2601,202,829.92,65.58,1.0
11315,124,36,2624,248,829.92,78.6,1.0
11316,77,42,2577,154,829.91,66.18,1.0
11317,109,34,2609,218,829.88,74.26,1.0
11318,104,46,2604,208,829.82,76.23,1.0
11319,268,54,2768,536,829.82,100.85,1.0
11320,284,57,2784,568,829.78,105.46,1.0
11321,17,6,2517,34,829.76,76.42,1.0
11322,104,31,2604,208,829.76,70.91,1.0
11323,182,53,2682,364,829.75,103.67,1.0
11324,139,54,2639,278,829.74,82.42,1.0
11325,278,10,2778,556,829.72,153.9,1.0
11326,251,9,2751,502,829.7,129.13,1.0
11327,131,7,2631,262,829.63,108.03,1.0
11328,150,49,2650,300,829.63,83.43,1.0
11329,77,45,2577,154,829.62,74.02,1.0
11330,101,33,2601,202,829.62,69.72,1.0
11331,87,46,2587,174,829.6,72.7,1.0
11332,86,35,2586,172,829.58,74.21,1.0
11333,254,54,2754,508,829.57,90.14,1.0
11334,119,32,2619,238,829.56,76.22,1.0
11335,292,53,2792,584,829.55,116.84,1.0
11336,142,7,2642,284,829.52,97.48,1.0
11337,208,54,2708,416,829.52,90.53,1.0
11338,212,8,2712,424,829.52,139.43,1.0
11339,249,53,2749,498,829.51,98.87,1.0
11340,123,52,2623,246,829.46,81.33,1.0
11341,178,8,2678,356,829.46,118.63,1.0
11342,86,31,2586,172,829.45,78.68,1.0
11343,89,42,2589,178,829.4,79.72,1.0
11344,83,39,2583,166,829.34,74.77,1.0
11345,118,51,2618,236,829.32,81.1,1.0
11346,125,50,2625,250,829.23,78.38,1.0
11347,40,7,2540,80,829.22,87.51,1.0
11348,81,44,2581,162,829.2,71.84,1.0
11349,173,52,2673,346,829.19,82.88,1.0
11350,177,52,2677,354,829.18,82.55,1.0
11351,119,45,2619,238,829.15,76.76,1.0
11352,90,40,2590,180,829.14,79.39,1.0
11353,120,38,2620,240,829.13,85.16,1.0
11354,90,31,2590,180,829.12,77.42,1.0
11355,286,58,2786,572,829.11,110.08,1.0
11356,159,52,2659,318,829.09,88.1,1.0
11357,68,29,2568,136,829.06,72.09,1.0
11358,77,31,2577,154,829.04,77.48,1.0
11359,70,31,2570,140,829.02,73.36,1.0
11360,76,47,2576,152,829.01,66.4,1.0
11361,93,33,2593,186,828.99,71.08,1.0
11362,50,6,2550,100,828.98,88.92,1.0
11363,120,39,2620,240,828.98,80.67,1.0
11364,124,38,2624,248,828.98,75.75,1.0
11365,102,39,2602,204,828.96,69.98,1.0
11366,104,35,2604,208,828.96,76.94,1.0
11367,194,52,2694,388,828.96,85.85,1.0
11368,120,34,2620,240,828.94,76.21,1.0
11369,8,6,2508,16,828.91,82.73,1.0
11370,240,54,2740,480,828.91,95.62,1.0
11371,109,30,2609,218,828.88,72.18,1.0
11372,170,52,2670,340,828.87,83.74,1.0
11373,126,52,2626,252,828.84,70.23,1.0
11374,15,6,2515,30,828.81,75.26,1.0
11375,236,9,2736,472,828.81,142.16,1.0
11376,277,56,2777,554,828.81,106.28,1.0
11377,92,40,2592,184,828.78,71.79,1.0
11378,100,41,2600,200,828.78,72.09,1.0
11379,245,54,2745,490,828.77,100.3,1.0
11380,120,45,2620,240,828.76,74.28,1.0
11381,108,39,2608,216,828.75,71.09,1.0
11382,214,8,2714,428,828.75,130.3,1.0
11383,275,57,2775,550,828.73,105.68,1.0
11384,99,34,2599,198,828.71,73.4,1.0
11385,260,55,2760,520,828.7,87.32,1.0
11386,85,46,2585,170,828.69,77.05,1.0
11387,80,29,2580,160,828.66,68.24,1.0
11388,214,54,2714,428,828.66,91.71,1.0
11389,77,40,2577,154,828.64,76.22,1.0
11390,124,44,2624,248,828.64,75.35,1.0
11391,102,46,2602,204,828.62,69.2,1.0
11392,280,56,2780,560,828.62,108.92,1.0
11393,151,52,2651,302,828.61,85.32,1.0
11394,101,41,2601,202,828.51,69.17,1.0
11395,197,52,2697,394,828.5,90.87,1.0
11396,93,48,2593,186,828.45,74.96,1.0
11397,96,38,2596,192,828.42,72.42,1.0
11398,89,31,2589,178,828.4,81.61,1.0
11399,127,50,2627,254,828.37,81.21,1.0
11400,240,55,2740,480,828.33,101.03,1.0
11401,291,57,2791,582,828.31,104.77,1.0
11402,104,7,2604,208,828.3,101.99,1.0
11403,129,46,2629,258,828.27,79.48,1.0
11404,75,35,2575,150,828.26,75.1,1.0
11405,247,56,2747,494,828.23,99.52,1.0
11406,106,30,2606,212,828.22,74.41,1.0
11407,258,57,2758,516,828.22,107.45,1.0
11408,219,55,2719,438,828.21,97.65,1.0
11409,68,7,2568,136,828.2,83.82,1.0
11410,86,38,2586,172,828.19,71.11,1.0
11411,115,52,2615,230,828.19,73.03,1.0
11412,112,41,2612,224,828.16,80.9,1.0
11413,44,6,2544,88,828.11,86.5,1.0
11414,87,40,2587,174,828.08,71.5,1.0
11415,92,42,2592,184,828.07,73.94,1.0
11416,243,54,2743,486,828.05,94.3,1.0
11417,118,54,2618,236,828.04,73.76,1.0
11418,112,33,2612,224,828.0,75.6,1.0
11419,198,9,2698,396,827.99,118.88,1.0
11420,170,49,2670,340,827.98,83.75,1.0
11421,203,57,2703,406,827.98,102.11,1.0
11422,75,38,2575,150,827.97,71.95,1.0
11423,58,29,2558,116,827.94,65.95,1.0
11424,168,7,2668,336,827.92,121.87,1.0
11425,120,31,2620,240,827.91,82.04,1.0
11426,92,37,2592,184,827.9,68.03,1.0
11427,87,32,2587,174,827.9,72.89,1.0
11428,75,30,2575,150,827.88,78.03,1.0
11429,124,43,2624,248,827.88,75.5,1.0
11430,99,46,2599,198,827.86,73.33,1.0
11431,142,51,2642,284,827.85,81.62,1.0
11432,104,41,2604,208,827.83,71.59,1.0
11433,77,41,2577,154,827.82,70.59,1.0
11434,109,45,2609,218,827.81,69.35,1.0
11435,93,35,2593,186,827.8,69.37,1.0
11436,105,49,2605,210,827.8,79.61,1.0
11437,86,40,2586,172,827.76,68.07,1.0
11438,108,42,2608,216,827.76,70.86,1.0
11439,289,55,2789,578,827.76,103.17,1.0
11440,137,7,2637,274,827.74,111.0,1.0
11441,253,57,2753,506,827.7,99.91,1.0
11442,100,7,2600,200,827.68,96.63,1.0
11443,77,46,2577,154,827.66,78.87,1.0
11444,89,46,2589,178,827.66,81.19,1.0
11445,122,51,2622,244,827.65,82.51,1.0
11446,119,41,2619,238,827.64,79.88,1.0
11447,96,43,2596,192,827.63,77.34,1.0
11448,156,54,2656,312,827.63,86.88,1.0
11449,75,40,2575,150,827.6,78.53,1.0
11450,112,34,2612,224,827.54,74.23,1.0
11451,236,55,2736,472,827.54,98.06,1.0
11452,59,29,2559,118,827.53,70.7,1.0
11453,90,42,2590,180,827.53,69.24,1.0
11454,100,33,2600,200,827.51,64.69,1.0
11455,166,54,2666,332,827.51,80.46,1.0
11456,277,55,2777,554,827.5,97.91,1.0
11457,100,42,2600,200,827.48,66.99,1.0
11458,76,48,2576,152,827.47,75.28,1.0
11459,125,47,2625,250,827.47,82.21,1.0
11460,98,41,2598,196,827.42,75.03,1.0
11461,170,51,2670,340,827.42,84.35,1.0
11462,93,44,2593,186,827.4,65.48,1.0
11463,105,50,2605,210,827.36,72.12,1.0
11464,222,52,2722,444,827.36,99.85,1.0
11465,284,56,2784,568,827.36,97.72,1.0
11466,214,55,2714,428,827.35,101.93,1.0
11467,21,28,2521,42,827.34,67.87,1.0
11468,98,36,2598,196,827.34,76.38,1.0
11469,282,9,2782,564,827.34,131.45,1.0
11470,295,56,2795,590,827.32,97.72,1.0
11471,70,40,2570,140,827.3,71.81,1.0
11472,81,40,2581,162,827.28,74.65,1.0
11473,112,37,2612,224,827.26,70.93,1.0
11474,177,51,2677,354,827.26,85.2,1.0
11475,81,33,2581,162,827.25,70.99,1.0
11476,92,44,2592,184,827.23,73.75,1.0
11477,100,40,2600,200,827.23,72.51,1.0
11478,293,57,2793,586,827.22,103.22,1.0
11479,203,58,2703,406,827.21,90.38,1.0
11480,119,36,2619,238,827.2,79.46,1.0
11481,154,53,2654,308,827.16,87.67,1.0
11482,271,8,2771,542,827.16,131.25,1.0
11483,220,55,2720,440,827.14,85.69,1.0
11484,89,35,2589,178,827.13,80.82,1.0
11485,87,45,2587,174,827.12,75.22,1.0
11486,10,6,2510,20,827.1,71.46,1.0
11487,134,52,2634,268,827.08,90.95,1.0
11488,109,32,2609,218,827.02,72.1,1.0
11489,206,56,2706,412,827.0,95.19,1.0
11490,82,30,2582,164,826.99,70.56,1.0
11491,182,52,2682,364,826.99,84.69,1.0
11492,213,55,2713,426,826.97,91.69,1.0
11493,129,49,2629,258,826.96,89.01,1.0
11494,189,54,2689,378,826.96,81.54,1.0
11495,87,41,2587,174,826.95,71.37,1.0
11496,115,7,2615,230,826.89,109.61,1.0
11497,20,29,2520,40,826.88,62.7,1.0
11498,283,57,2783,566,826.83,104.44,1.0
11499,96,45,2596,192,826.82,79.64,1.0
11500,262,56,2762,524,826.82,95.01,1.0
11501,278,56,2778,556,826.77,99.69,1.0
11502,101,30,2601,202,826.76,74.83,1.0
11503,137,51,2637,274,826.74,85.71,1.0
11504,81,38,2581,162,826.72,78.73,1.0
11505,82,40,2582,164,826.72,70.97,1.0
11506,73,38,2573,146,826.71,73.23,1.0
11507,34,7,2534,68,826.7,79.59,1.0
11508,105,51,2605,210,826.7,74.2,1.0
11509,110,47,2610,220,826.69,75.21,1.0
11510,241,56,2741,482,826.68,97.85,1.0
11511,139,55,2639,278,826.67,81.71,1.0
11512,107,44,2607,214,826.6,72.52,1.0
11513,169,51,2669,338,826.59,84.01,1.0
11514,82,43,2582,164,826.58,68.86,1.0
11515,90,38,2590,180,826.58,72.69,1.0
11516,90,41,2590,180,826.58,75.6,1.0
11517,120,35,2620,240,826.58,81.73,1.0
11518,120,30,2620,240,826.56,82.32,1.0
11519,81,36,2581,162,826.52,74.38,1.0
11520,92,38,2592,184,826.52,70.33,1.0
11521,152,51,2652,304,826.5,83.93,1.0
11522,194,9,2694,388,826.5,122.51,1.0
11523,294,58,2794,588,826.5,111.16,1.0
11524,92,32,2592,184,826.48,75.94,1.0
11525,106,7,2606,212,826.48,105.19,1.0
11526,228,54,2728,456,826.46,98.04,1.0
11527,127,51,2627,254,826.43,79.44,1.0
11528,87,47,2587,174,826.42,68.67,1.0
11529,71,36,2571,142,826.4,71.47,1.0
11530,150,48,2650,300,826.38,85.4,1.0
11531,246,8,2746,492,826.37,115.94,1.0
11532,213,56,2713,426,826.34,96.0,1.0
11533,108,35,2608,216,826.28,70.85,1.0
11534,174,49,2674,348,826.26,83.68,1.0
11535,128,49,2628,256,826.24,76.23,1.0
11536,71,45,2571,142,826.22,73.5,1.0
11537,75,34,2575,150,826.2,80.71,1.0
11538,98,33,2598,196,826.18,77.52,1.0
11539,181,56,2681,362,826.16,97.84,1.0
11540,273,57,2773,546,826.16,96.94,1.0
11541,104,44,2604,208,826.14,70.47,1.0
11542,207,9,2707,414,826.14,144.85,1.0
11543,126,7,2626,252,826.11,113.65,1.0
11544,185,55,2685,370,826.07,91.34,1.0
11545,124,31,2624,248,826.0,79.4,1.0
11546,163,7,2663,326,826.0,121.87,1.0
11547,140,48,2640,280,826.0,79.51,1.0
11548,276,55,2776,552,826.0,107.32,1.0
11549,61,7,2561,122,825.94,94.16,1.0
11550,70,43,2570,140,825.94,70.3,1.0
11551,100,36,2600,200,825.94,70.1,1.0
11552,169,54,2669,338,825.94,92.09,1.0
11553,112,38,2612,224,825.91,74.51,1.0
11554,106,35,2606,212,825.9,74.76,1.0
11555,254,55,2754,508,825.9,93.59,1.0
11556,100,37,2600,200,825.88,71.21,1.0
11557,136,47,2636,272,825.86,78.73,1.0
11558,198,53,2698,396,825.86,91.29,1.0
11559,87,44,2587,174,825.85,73.97,1.0
11560,87,36,2587,174,825.84,69.45,1.0
11561,178,54,2678,356,825.84,99.23,1.0
11562,55,7,2555,110,825.81,91.04,1.0
11563,2,28,2502,4,825.8,69.96,1.0
11564,56,29,2556,112,825.8,69.26,1.0
11565,181,55,2681,362,825.79,98.02,1.0
11566,188,56,2688,376,825.78,88.25,1.0
11567,107,30,2607,214,825.75,69.12,1.0
11568,143,51,2643,286,825.75,79.92,1.0
11569,75,36,2575,150,825.74,80.53,1.0
11570,253,58,2753,506,825.73,99.33,1.0
11571,72,38,2572,144,825.72,69.55,1.0
11572,116,51,2616,232,825.69,80.93,1.0
11573,70,34,2570,140,825.67,71.62,1.0
11574,86,7,2586,172,825.66,102.02,1.0
11575,139,56,2639,278,825.6,88.12,1.0
11576,75,45,2575,150,825.59,70.84,1.0
11577,147,53,2647,294,825.58,79.84,1.0
11578,228,8,2728,456,825.58,137.67,1.0
11579,82,32,2582,164,825.57,66.67,1.0
11580,97,34,2597,194,825.57,72.57,1.0
11581,96,39,2596,192,825.56,70.86,1.0
11582,45,6,2545,90,825.51,84.0,1.0
11583,227,58,2727,454,825.51,105.86,1.0
11584,110,7,2610,220,825.48,100.27,1.0
11585,89,43,2589,178,825.48,76.81,1.0
11586,86,47,2586,172,825.45,80.74,1.0
11587,75,41,2575,150,825.44,71.37,1.0
11588,104,33,2604,208,825.42,77.18,1.0
11589,81,35,2581,162,825.41,72.94,1.0
11590,89,39,2589,178,825.36,73.47,1.0
11591,193,54,2693,386,825.35,99.75,1.0
11592,187,50,2687,374,825.35,83.55,1.0
11593,292,10,2792,584,825.35,140.47,1.0
11594,75,43,2575,150,825.31,75.57,1.0
11595,209,56,2709,418,825.25,90.57,1.0
11596,263,56,2763,526,825.25,100.91,1.0
11597,100,43,2600,200,825.2,77.96,1.0
11598,213,8,2713,426,825.18,135.26,1.0
11599,90,39,2590,180,825.16,73.4,1.0
11600,124,40,2624,248,825.16,79.76,1.0
11601,287,58,2787,574,825.16,103.72,1.0
11602,156,53,2656,312,825.15,82.54,1.0
11603,57,6,2557,114,825.14,90.81,1.0
11604,82,36,2582,164,825.14,70.22,1.0
11605,119,33,2619,238,825.1,77.84,1.0
11606,82,45,2582,164,825.04,66.17,1.0
11607,98,44,2598,196,825.03,75.93,1.0
11608,82,39,2582,164,825.02,72.43,1.0
11609,106,40,2606,212,825.01,75.89,1.0
11610,300,57,2800,600,825.0,104.74,1.0
11611,144,53,2644,288,824.99,85.74,1.0
11612,97,41,2597,194,824.98,72.99,1.0
11613,97,30,2597,194,824.96,77.86,1.0
11614,146,52,2646,292,824.94,84.08,1.0
11615,75,42,2575,150,824.93,71.76,1.0
11616,98,31,2598,196,824.89,78.15,1.0
11617,274,57,2774,548,824.89,106.26,1.0
11618,82,35,2582,164,824.87,69.97,1.0
11619,153,53,2653,306,824.86,86.71,1.0
11620,100,44,2600,200,824.85,69.41,1.0
11621,246,57,2746,492,824.82,99.55,1.0
11622,82,34,2582,164,824.81,77.16,1.0
11623,113,51,2613,226,824.78,72.39,1.0
11624,85,38,2585,170,824.74,75.75,1.0
11625,117,51,2617,234,824.72,71.34,1.0
11626,70,35,2570,140,824.68,72.55,1.0
11627,187,49,2687,374,824.67,82.54,1.0
11628,100,30,2600,200,824.6,74.1,1.0
11629,119,34,2619,238,824.59,71.31,1.0
11630,106,34,2606,212,824.55,76.13,1.0
11631,103,49,2603,206,824.55,74.62,1.0
11632,86,42,2586,172,824.52,73.17,1.0
11633,73,39,2573,146,824.52,75.15,1.0
11634,119,37,2619,238,824.51,74.42,1.0
11635,195,53,2695,390,824.45,89.29,1.0
11636,257,59,2757,514,824.45,111.59,1.0
11637,96,30,2596,192,824.44,79.74,1.0
11638,108,46,2608,216,824.43,74.98,1.0
11639,20,6,2520,40,824.42,83.93,1.0
11640,75,31,2575,150,824.34,69.47,1.0
11641,177,53,2677,354,824.34,87.59,1.0
11642,268,9,2768,536,824.34,135.46,1.0
11643,120,46,2620,240,824.33,75.92,1.0
11644,108,36,2608,216,824.31,68.1,1.0
11645,95,32,2595,190,824.29,69.51,1.0
11646,136,49,2636,272,824.29,83.4,1.0
11647,184,59,2684,368,824.27,92.71,1.0
11648,4,28,2504,8,824.24,64.3,1.0
11649,286,9,2786,572,824.2,131.41,1.0
11650,82,42,2582,164,824.19,76.3,1.0
11651,139,53,2639,278,824.19,90.1,1.0
11652,195,8,2695,390,824.18,125.64,1.0
11653,77,48,2577,154,824.15,79.0,1.0
11654,134,53,2634,268,824.13,92.49,1.0
11655,270,56,2770,540,824.1,101.34,1.0
11656,38,6,2538,76,824.08,87.38,1.0
11657,242,57,2742,484,824.08,98.95,1.0
11658,294,59,2794,588,824.04,100.52,1.0
11659,104,34,2604,208,824.01,79.83,1.0
11660,96,42,2596,192,823.95,74.93,1.0
11661,223,54,2723,446,823.94,91.58,1.0
11662,216,55,2716,432,823.93,97.8,1.0
11663,100,35,2600,200,823.92,72.32,1.0
11664,119,43,2619,238,823.9,78.28,1.0
11665,179,53,2679,358,823.89,87.77,1.0
11666,121,49,2621,242,823.88,82.13,1.0
11667,168,57,2668,336,823.87,100.52,1.0
11668,76,54,2576,152,823.84,74.62,1.0
11669,99,47,2599,198,823.84,75.04,1.0
11670,200,49,2700,400,823.79,86.38,1.0
11671,81,31,2581,162,823.78,74.45,1.0
11672,227,57,2727,454,823.78,93.55,1.0
11673,24,29,2524,48,823.77,71.67,1.0
11674,112,31,2612,224,823.74,70.93,1.0
11675,272,56,2772,544,823.74,97.17,1.0
11676,71,30,2571,142,823.7,73.14,1.0
11677,97,45,2597,194,823.7,75.94,1.0
11678,290,58,2790,580,823.69,103.68,1.0
11679,71,6,2571,142,823.65,99.92,1.0
11680,161,56,2661,322,823.65,87.76,1.0
11681,234,8,2734,468,823.64,125.99,1.0
11682,264,59,2764,528,823.62,100.0,1.0
11683,260,54,2760,520,823.62,98.11,1.0
11684,89,45,2589,178,823.61,73.77,1.0
11685,89,33,2589,178,823.6,81.67,1.0
11686,100,31,2600,200,823.59,72.7,1.0
11687,175,55,2675,350,823.58,86.78,1.0
11688,55,29,2555,110,823.56,70.86,1.0
11689,76,52,2576,152,823.52,76.26,1.0
11690,81,42,2581,162,823.52,75.4,1.0
11691,204,54,2704,408,823.51,85.88,1.0
11692,95,37,2595,190,823.5,65.97,1.0
11693,146,55,2646,292,823.43,84.26,1.0
11694,83,45,2583,166,823.4,65.63,1.0
11695,97,35,2597,194,823.4,73.21,1.0
11696,112,44,2612,224,823.36,72.3,1.0
11697,81,37,2581,162,823.35,79.25,1.0
11698,210,56,2710,420,823.35,89.18,1.0
11699,5,6,2505,10,823.34,82.39,1.0
11700,96,46,2596,192,823.34,86.32,1.0
11701,161,55,2661,322,823.31,85.54,1.0
11702,89,38,2589,178,823.28,85.8,1.0
11703,172,51,2672,344,823.27,80.44,1.0
11704,191,8,2691,382,823.26,113.83,1.0
11705,164,53,2664,328,823.25,86.97,1.0
11706,224,57,2724,448,823.25,101.46,1.0
11707,92,30,2592,184,823.24,72.84,1.0
11708,119,40,2619,238,823.22,78.36,1.0
11709,243,55,2743,486,823.18,103.82,1.0
11710,87,31,2587,174,823.17,65.14,1.0
11711,87,34,2587,174,823.17,70.8,1.0
11712,96,47,2596,192,823.12,81.45,1.0
11713,98,45,2598,196,823.11,79.15,1.0
11714,38,29,2538,76,823.1,77.13,1.0
11715,2,6,2502,4,823.04,71.61,1.0
11716,69,7,2569,138,823.04,92.79,1.0
11717,86,36,2586,172,823.03,72.22,1.0
11718,109,47,2609,218,823.03,77.33,1.0
11719,231,60,2731,462,823.02,109.86,1.0
11720,97,32,2597,194,822.95,71.22,1.0
11721,112,40,2612,224,822.94,70.18,1.0
11722,79,45,2579,158,822.92,78.32,1.0
11723,97,33,2597,194,822.87,68.44,1.0
11724,137,52,2637,274,822.87,91.52,1.0
11725,212,57,2712,424,822.86,98.02,1.0
11726,112,30,2612,224,822.83,81.64,1.0
11727,81,32,2581,162,822.81,74.06,1.0
11728,86,34,2586,172,822.73,79.74,1.0
11729,112,42,2612,224,822.72,76.87,1.0
11730,70,45,2570,140,822.69,74.03,1.0
11731,162,54,2662,324,822.69,81.62,1.0
11732,106,38,2606,212,822.67,73.48,1.0
11733,111,35,2611,222,822.65,71.51,1.0
11734,151,8,2651,302,822.58,115.33,1.0
11735,86,46,2586,172,822.56,77.75,1.0
11736,279,59,2779,558,822.56,96.82,1.0
11737,111,38,2611,222,822.55,72.84,1.0
11738,100,45,2600,200,822.5,73.69,1.0
11739,145,51,2645,290,822.49,77.17,1.0
11740,252,55,2752,504,822.46,99.73,1.0
11741,159,51,2659,318,822.44,81.81,1.0
11742,43,29,2543,86,822.43,74.22,1.0
11743,72,30,2572,144,822.43,68.96,1.0
11744,258,9,2758,516,822.42,138.91,1.0
11745,201,8,2701,402,822.41,120.96,1.0
11746,93,47,2593,186,822.4,71.87,1.0
11747,104,30,2604,208,822.4,77.3,1.0
11748,156,56,2656,312,822.4,86.06,1.0
11749,111,32,2611,222,822.38,73.74,1.0
11750,101,46,2601,202,822.36,84.51,1.0
11751,230,54,2730,460,822.33,86.52,1.0
11752,245,55,2745,490,822.32,97.71,1.0
11753,128,7,2628,256,822.29,95.92,1.0
11754,100,34,2600,200,822.28,72.21,1.0
11755,112,35,2612,224,822.23,72.2,1.0
11756,95,33,2595,190,822.2,69.1,1.0
11757,109,46,2609,218,822.17,78.56,1.0
11758,46,6,2546,92,822.12,86.71,1.0
11759,75,46,2575,150,822.11,74.08,1.0
11760,71,46,2571,142,822.1,76.79,1.0
11761,97,39,2597,194,822.08,76.03,1.0
11762,52,7,2552,104,822.06,96.01,1.0
11763,95,42,2595,190,822.06,72.56,1.0
11764,32,7,2532,64,822.04,83.13,1.0
11765,83,42,2583,166,822.03,75.68,1.0
11766,119,44,2619,238,822.03,75.21,1.0
11767,141,7,2641,282,822.03,106.66,1.0
11768,168,55,2668,336,822.03,92.21,1.0
11769,138,7,2638,276,822.0,113.43,1.0
11770,269,10,2769,538,821.97,121.81,1.0
11771,71,31,2571,142,821.96,81.72,1.0
11772,70,39,2570,140,821.94,76.05,1.0
11773,165,54,2665,330,821.91,78.95,1.0
11774,266,9,2766,532,821.91,128.86,1.0
11775,66,46,2566,132,821.88,76.78,1.0
11776,146,54,2646,292,821.87,87.7,1.0
11777,81,41,2581,162,821.86,76.27,1.0
11778,257,8,2757,514,821.86,137.85,1.0
11779,222,54,2722,444,821.83,93.36,1.0
11780,70,37,2570,140,821.82,77.5,1.0
11781,234,55,2734,468,821.82,95.03,1.0
11782,249,55,2749,498,821.82,98.84,1.0
11783,202,54,2702,404,821.8,91.34,1.0
11784,91,33,2591,182,821.75,76.97,1.0
11785,111,39,2611,222,821.74,75.89,1.0
11786,57,36,2557,114,821.72,71.86,1.0
11787,223,55,2723,446,821.72,92.52,1.0
11788,155,54,2655,310,821.71,81.16,1.0
11789,123,51,2623,246,821.7,75.67,1.0
11790,47,29,2547,94,821.68,68.43,1.0
11791,138,53,2638,276,821.62,83.73,1.0
11792,190,56,2690,380,821.62,78.53,1.0
11793,70,44,2570,140,821.59,70.37,1.0
11794,73,43,2573,146,821.58,80.78,1.0
11795,82,44,2582,164,821.56,63.81,1.0
11796,296,55,2796,592,821.53,107.3,1.0
11797,188,57,2688,376,821.52,82.92,1.0
11798,281,57,2781,562,821.5,104.17,1.0
11799,283,58,2783,566,821.49,107.32,1.0
11800,297,57,2797,594,821.49,109.46,1.0
11801,163,56,2663,326,821.48,92.38,1.0
11802,45,40,2545,90,821.47,62.26,1.0
11803,190,55,2690,380,821.47,88.36,1.0
11804,96,40,2596,192,821.46,81.34,1.0
11805,27,6,2527,54,821.44,90.39,1.0
11806,83,37,2583,166,821.41,73.18,1.0
11807,57,37,2557,114,821.39,69.73,1.0
11808,57,32,2557,114,821.38,69.72,1.0
11809,85,47,2585,170,821.36,74.59,1.0
11810,82,37,2582,164,821.35,67.91,1.0
11811,200,50,2700,400,821.3,84.9,1.0
11812,112,45,2612,224,821.28,77.63,1.0
11813,199,57,2699,398,821.26,93.03,1.0
11814,90,48,2590,180,821.25,73.34,1.0
11815,118,53,2618,236,821.25,75.57,1.0
11816,192,52,2692,384,821.2,82.54,1.0
11817,222,55,2722,444,821.2,98.62,1.0
11818,71,47,2571,142,821.18,73.89,1.0
11819,98,46,2598,196,821.18,73.04,1.0
11820,70,36,2570,140,821.16,74.39,1.0
11821,81,39,2581,162,821.13,71.87,1.0
11822,233,57,2733,466,821.09,93.7,1.0
11823,82,38,2582,164,821.06,70.89,1.0
11824,71,44,2571,142,821.02,78.41,1.0
11825,241,8,2741,482,821.01,147.71,1.0
11826,145,50,2645,290,821.0,79.41,1.0
11827,267,8,2767,534,820.99,145.21,1.0
11828,119,35,2619,238,820.96,76.14,1.0
11829,86,41,2586,172,820.92,72.32,1.0
11830,107,31,2607,214,820.91,66.02,1.0
11831,101,48,2601,202,820.86,74.74,1.0
11832,176,53,2676,352,820.82,96.74,1.0
11833,209,57,2709,418,820.81,94.43,1.0
11834,88,7,2588,176,820.79,91.91,1.0
11835,106,43,2606,212,820.77,67.83,1.0
11836,107,41,2607,214,820.74,69.2,1.0
11837,172,52,2672,344,820.74,90.38,1.0
11838,102,47,2602,204,820.7,77.01,1.0
11839,95,36,2595,190,820.69,74.04,1.0
11840,209,8,2709,418,820.65,125.71,1.0
11841,107,35,2607,214,820.64,69.13,1.0
11842,92,47,2592,184,820.63,70.53,1.0
11843,150,50,2650,300,820.63,89.0,1.0
11844,82,33,2582,164,820.62,73.84,1.0
11845,235,59,2735,470,820.62,96.78,1.0
11846,235,8,2735,470,820.61,128.74,1.0
11847,226,56,2726,452,820.58,105.95,1.0
11848,76,51,2576,152,820.56,72.99,1.0
11849,97,43,2597,194,820.56,73.78,1.0
11850,77,50,2577,154,820.55,82.22,1.0
11851,107,36,2607,214,820.52,67.77,1.0
11852,108,7,2608,216,820.52,108.12,1.0
11853,300,9,2800,600,820.48,146.13,1.0
11854,106,44,2606,212,820.44,78.75,1.0
11855,121,48,2621,242,820.44,87.49,1.0
11856,72,35,2572,144,820.41,79.56,1.0
11857,73,35,2573,146,820.37,75.77,1.0
11858,71,38,2571,142,820.35,72.09,1.0
11859,106,31,2606,212,820.35,78.41,1.0
11860,83,31,2583,166,820.33,73.57,1.0
11861,171,54,2671,342,820.33,89.79,1.0
11862,273,56,2773,546,820.3,94.77,1.0
11863,70,38,2570,140,820.24,78.53,1.0
11864,234,54,2734,468,820.17,88.29,1.0
11865,131,53,2631,262,820.14,84.17,1.0
11866,136,51,2636,272,820.13,78.5,1.0
11867,61,29,2561,122,820.12,70.55,1.0
11868,71,42,2571,142,820.11,68.62,1.0
11869,127,7,2627,254,820.11,103.04,1.0
11870,75,39,2575,150,820.09,73.9,1.0
11871,73,34,2573,146,820.08,80.76,1.0
11872,116,52,2616,232,820.07,89.73,1.0
11873,245,56,2745,490,820.04,100.29,1.0
11874,114,7,2614,228,820.03,111.45,1.0
11875,148,52,2648,296,820.03,83.07,1.0
11876,83,35,2583,166,820.0,77.46,1.0
11877,185,7,2685,370,820.0,124.06,1.0
11878,106,32,2606,212,819.98,69.92,1.0
11879,66,39,2566,132,819.98,75.37,1.0
11880,119,31,2619,238,819.96,80.7,1.0
11881,70,42,2570,140,819.95,77.19,1.0
11882,191,52,2691,382,819.93,82.52,1.0
11883,71,37,2571,142,819.92,71.76,1.0
11884,185,56,2685,370,819.92,87.12,1.0
11885,106,37,2606,212,819.9,73.48,1.0
11886,283,9,2783,566,819.9,155.35,1.0
11887,112,43,2612,224,819.88,73.58,1.0
11888,120,43,2620,240,819.85,76.49,1.0
11889,106,41,2606,212,819.82,68.59,1.0
11890,83,38,2583,166,819.78,70.83,1.0
11891,106,42,2606,212,819.78,68.63,1.0
11892,18,6,2518,36,819.72,77.38,1.0
11893,171,52,2671,342,819.7,79.38,1.0
11894,291,58,2791,582,819.68,103.05,1.0
11895,84,44,2584,168,819.67,81.55,1.0
11896,287,59,2787,574,819.67,96.36,1.0
11897,1,6,2501,2,819.63,76.82,1.0
11898,107,40,2607,214,819.63,67.51,1.0
11899,266,58,2766,532,819.61,97.04,1.0
11900,298,9,2798,596,819.6,136.45,1.0
11901,257,58,2757,514,819.55,107.34,1.0
11902,124,48,2624,248,819.54,87.87,1.0
11903,183,51,2683,366,819.5,87.55,1.0
11904,82,46,2582,164,819.49,72.74,1.0
11905,104,47,2604,208,819.49,75.67,1.0
11906,240,8,2740,480,819.49,130.1,1.0
11907,297,9,2797,594,819.48,146.01,1.0
11908,124,46,2624,248,819.46,72.79,1.0
11909,239,56,2739,478,819.46,99.65,1.0
11910,43,6,2543,86,819.44,93.28,1.0
11911,111,36,2611,222,819.42,71.99,1.0
11912,100,39,2600,200,819.4,80.1,1.0
11913,195,54,2695,390,819.4,85.03,1.0
11914,184,58,2684,368,819.4,93.6,1.0
11915,122,7,2622,244,819.39,108.58,1.0
11916,73,36,2573,146,819.36,78.02,1.0
11917,129,48,2629,258,819.34,90.87,1.0
11918,76,50,2576,152,819.33,70.24,1.0
11919,152,55,2652,304,819.33,89.2,1.0
11920,73,37,2573,146,819.3,79.5,1.0
11921,109,48,2609,218,819.28,69.9,1.0
11922,97,42,2597,194,819.28,72.72,1.0
11923,158,8,2658,316,819.28,111.49,1.0
11924,205,55,2705,410,819.28,91.92,1.0
11925,100,38,2600,200,819.27,71.15,1.0
11926,159,54,2659,318,819.26,90.25,1.0
11927,197,54,2697,394,819.21,96.85,1.0
11928,57,43,2557,114,819.19,77.82,1.0
11929,108,47,2608,216,819.18,76.86,1.0
11930,253,8,2753,506,819.18,128.34,1.0
11931,84,39,2584,168,819.15,75.29,1.0
11932,171,53,2671,342,819.14,89.64,1.0
11933,201,55,2701,402,819.12,95.72,1.0
11934,73,44,2573,146,819.1,73.47,1.0
11935,111,31,2611,222,819.06,77.76,1.0
11936,215,9,2715,430,819.04,121.31,1.0
11937,71,43,2571,142,819.03,76.18,1.0
11938,140,8,2640,280,819.02,104.61,1.0
11939,137,53,2637,274,818.99,85.45,1.0
11940,66,33,2566,132,818.98,79.43,1.0
11941,106,33,2606,212,818.94,71.63,1.0
11942,78,37,2578,156,818.91,71.84,1.0
11943,158,50,2658,316,818.88,85.28,1.0
11944,84,41,2584,168,818.86,70.73,1.0
11945,89,47,2589,178,818.85,77.31,1.0
11946,72,44,2572,144,818.84,74.17,1.0
11947,82,41,2582,164,818.83,69.19,1.0
11948,96,35,2596,192,818.78,77.64,1.0
11949,147,54,2647,294,818.78,83.71,1.0
11950,271,58,2771,542,818.78,100.35,1.0
11951,107,42,2607,214,818.77,76.73,1.0
11952,79,38,2579,158,818.74,76.94,1.0
11953,238,60,2738,476,818.74,94.13,1.0
11954,57,42,2557,114,818.73,74.33,1.0
11955,231,58,2731,462,818.72,94.32,1.0
11956,148,8,2648,296,818.7,115.36,1.0
11957,71,41,2571,142,818.69,72.08,1.0
11958,97,31,2597,194,818.69,73.01,1.0
11959,103,50,2603,206,818.68,79.22,1.0
11960,144,55,2644,288,818.68,87.44,1.0
11961,198,54,2698,396,818.68,94.99,1.0
11962,158,51,2658,316,818.63,83.02,1.0
11963,110,49,2610,220,818.62,70.26,1.0
11964,66,36,2566,132,818.57,68.89,1.0
11965,180,56,2680,360,818.56,85.94,1.0
11966,99,51,2599,198,818.55,81.91,1.0
11967,247,57,2747,494,818.54,96.25,1.0
11968,97,44,2597,194,818.53,77.52,1.0
11969,206,57,2706,412,818.5,95.64,1.0
11970,49,35,2549,98,818.49,73.09,1.0
11971,111,7,2611,222,818.49,106.5,1.0
11972,71,40,2571,142,818.47,66.67,1.0
11973,150,51,2650,300,818.45,91.35,1.0
11974,3,6,2503,6,818.43,78.1,1.0
11975,132,49,2632,264,818.43,80.65,1.0
11976,246,56,2746,492,818.42,106.26,1.0
11977,15,29,2515,30,818.41,70.57,1.0
11978,57,30,2557,114,818.38,71.31,1.0
11979,95,34,2595,190,818.36,73.21,1.0
11980,79,41,2579,158,818.36,80.84,1.0
11981,117,52,2617,234,818.36,82.57,1.0
11982,111,42,2611,222,818.34,73.04,1.0
11983,71,34,2571,142,818.32,79.79,1.0
11984,199,56,2699,398,818.3,93.52,1.0
11985,243,56,2743,486,818.29,101.76,1.0
11986,104,45,2604,208,818.28,76.74,1.0
11987,221,57,2721,442,818.28,94.03,1.0
11988,289,56,2789,578,818.24,110.2,1.0
11989,95,43,2595,190,818.22,68.26,1.0
11990,93,49,2593,186,818.21,67.21,1.0
11991,100,32,2600,200,818.21,75.68,1.0
11992,220,9,2720,440,818.21,127.41,1.0
11993,133,55,2633,266,818.2,81.35,1.0
11994,41,29,2541,82,818.17,68.69,1.0
11995,84,35,2584,168,818.17,76.47,1.0
11996,48,29,2548,96,818.16,73.0,1.0
11997,262,57,2762,524,818.15,94.85,1.0
11998,119,38,2619,238,818.13,78.53,1.0
11999,133,54,2633,266,818.13,78.84,1.0
12000,30,6,2530,60,818.1,79.85,1.0
12001,113,54,2613,226,818.09,72.02,1.0
12002,73,32,2573,146,818.06,80.52,1.0
12003,75,47,2575,150,818.05,81.72,1.0
12004,97,40,2597,194,817.99,74.69,1.0
12005,160,52,2660,320,817.99,89.12,1.0
12006,196,59,2696,392,817.97,88.92,1.0
12007,188,58,2688,376,817.96,86.63,1.0
12008,120,37,2620,240,817.94,77.38,1.0
12009,39,29,2539,78,817.93,63.56,1.0
12010,111,37,2611,222,817.93,72.0,1.0
12011,122,53,2622,244,817.93,85.68,1.0
12012,70,41,2570,140,817.91,78.57,1.0
12013,102,49,2602,204,817.89,70.54,1.0
12014,252,57,2752,504,817.87,106.93,1.0
12015,183,10,2683,366,817.83,121.62,1.0
12016,112,47,2612,224,817.82,76.34,1.0
12017,57,34,2557,114,817.8,69.79,1.0
12018,70,30,2570,140,817.8,76.2,1.0
12019,74,38,2574,148,817.79,74.47,1.0
12020,111,44,2611,222,817.79,77.84,1.0
12021,231,59,2731,462,817.79,98.99,1.0
12022,219,9,2719,438,817.78,125.2,1.0
12023,298,58,2798,596,817.78,116.79,1.0
12024,285,57,2785,570,817.76,106.48,1.0
12025,75,32,2575,150,817.72,72.26,1.0
12026,40,29,2540,80,817.7,69.35,1.0
12027,221,8,2721,442,817.68,136.94,1.0
12028,267,58,2767,534,817.67,116.98,1.0
12029,83,34,2583,166,817.66,73.76,1.0
12030,66,30,2566,132,817.64,78.61,1.0
12031,89,48,2589,178,817.63,76.57,1.0
12032,101,45,2601,202,817.62,72.17,1.0
12033,57,41,2557,114,817.6,68.1,1.0
12034,97,38,2597,194,817.58,65.3,1.0
12035,86,49,2586,172,817.56,78.45,1.0
12036,128,51,2628,256,817.54,82.32,1.0
12037,157,57,2657,314,817.54,92.84,1.0
12038,66,32,2566,132,817.52,80.58,1.0
12039,235,58,2735,470,817.48,100.48,1.0
12040,103,52,2603,206,817.46,76.43,1.0
12041,297,58,2797,594,817.46,119.86,1.0
12042,118,55,2618,236,817.44,83.08,1.0
12043,135,52,2635,270,817.44,89.93,1.0
12044,73,42,2573,146,817.4,77.0,1.0
12045,130,50,2630,260,817.39,83.63,1.0
12046,249,10,2749,498,817.39,124.05,1.0
12047,72,36,2572,144,817.38,73.91,1.0
12048,129,50,2629,258,817.35,86.02,1.0
12049,299,9,2799,598,817.35,142.27,1.0
12050,45,34,2545,90,817.34,66.86,1.0
12051,70,6,2570,140,817.34,99.85,1.0
12052,95,31,2595,190,817.33,68.75,1.0
12053,86,48,2586,172,817.31,79.89,1.0
12054,82,47,2582,164,817.27,73.57,1.0
12055,99,48,2599,198,817.26,65.4,1.0
12056,112,46,2612,224,817.2,77.37,1.0
12057,92,46,2592,184,817.18,69.68,1.0
12058,3,28,2503,6,817.16,66.26,1.0
12059,78,30,2578,156,817.16,73.59,1.0
12060,176,55,2676,352,817.16,92.53,1.0
12061,191,54,2691,382,817.15,82.27,1.0
12062,87,48,2587,174,817.14,74.96,1.0
12063,294,60,2794,588,817.14,115.78,1.0
12064,107,32,2607,214,817.13,76.68,1.0
12065,111,34,2611,222,817.12,63.5,1.0
12066,122,52,2622,244,817.11,83.78,1.0
12067,107,33,2607,214,817.08,68.66,1.0
12068,173,8,2673,346,817.08,121.77,1.0
12069,89,7,2589,178,817.07,105.97,1.0
12070,91,42,2591,182,817.06,72.07,1.0
12071,83,44,2583,166,817.04,79.31,1.0
12072,107,38,2607,214,817.04,64.99,1.0
12073,87,50,2587,174,817.03,76.75,1.0
12074,190,57,2690,380,817.02,86.65,1.0
12075,216,8,2716,432,817.02,127.11,1.0
12076,16,29,2516,32,817.0,70.65,1.0
12077,123,53,2623,246,816.98,77.74,1.0
12078,84,36,2584,168,816.95,72.84,1.0
12079,71,39,2571,142,816.91,81.84,1.0
12080,113,6,2613,226,816.9,107.86,1.0
12081,186,55,2686,372,816.88,85.66,1.0
12082,83,46,2583,166,816.85,72.21,1.0
12083,223,57,2723,446,816.85,96.73,1.0
12084,83,36,2583,166,816.84,71.6,1.0
12085,268,55,2768,536,816.82,98.19,1.0
12086,156,55,2656,312,816.81,92.0,1.0
12087,83,43,2583,166,816.8,72.02,1.0
12088,90,46,2590,180,816.78,76.89,1.0
12089,110,48,2610,220,816.78,72.56,1.0
12090,181,57,2681,362,816.78,100.45,1.0
12091,91,35,2591,182,816.76,76.62,1.0
12092,174,50,2674,348,816.74,84.34,1.0
12093,106,45,2606,212,816.73,71.92,1.0
12094,87,49,2587,174,816.72,70.22,1.0
12095,120,47,2620,240,816.68,82.2,1.0
12096,152,52,2652,304,816.68,87.18,1.0
12097,193,55,2693,386,816.68,94.12,1.0
12098,95,44,2595,190,816.61,68.95,1.0
12099,74,36,2574,148,816.61,71.35,1.0
12100,73,40,2573,146,816.6,72.77,1.0
12101,193,56,2693,386,816.57,99.76,1.0
12102,103,51,2603,206,816.53,74.59,1.0
12103,95,35,2595,190,816.51,70.54,1.0
12104,288,54,2788,576,816.49,94.15,1.0
12105,107,45,2607,214,816.48,66.09,1.0
12106,121,50,2621,242,816.46,80.41,1.0
12107,57,38,2557,114,816.45,66.28,1.0
12108,71,48,2571,142,816.43,78.66,1.0
12109,259,60,2759,518,816.43,103.92,1.0
12110,81,46,2581,162,816.42,72.21,1.0
12111,167,54,2667,334,816.39,87.63,1.0
12112,49,37,2549,98,816.37,68.1,1.0
12113,79,43,2579,158,816.34,77.68,1.0
12114,279,60,2779,558,816.34,99.19,1.0
12115,85,49,2585,170,816.3,77.8,1.0
12116,66,40,2566,132,816.28,75.49,1.0
12117,136,50,2636,272,816.28,82.95,1.0
12118,132,50,2632,264,816.27,87.19,1.0
12119,135,51,2635,270,816.27,83.09,1.0
12120,73,41,2573,146,816.25,73.87,1.0
12121,107,43,2607,214,816.25,70.71,1.0
12122,57,39,2557,114,816.24,73.38,1.0
12123,151,53,2651,302,816.21,86.9,1.0
12124,201,56,2701,402,816.21,105.37,1.0
12125,211,55,2711,422,816.2,93.08,1.0
12126,78,42,2578,156,816.19,70.35,1.0
12127,44,38,2544,88,816.18,76.64,1.0
12128,45,32,2545,90,816.18,65.18,1.0
12129,71,35,2571,142,816.18,73.71,1.0
12130,141,55,2641,282,816.15,87.24,1.0
12131,139,57,2639,278,816.13,82.14,1.0
12132,196,58,2696,392,816.13,95.5,1.0
12133,162,55,2662,324,816.1,86.02,1.0
12134,229,55,2729,458,816.07,102.27,1.0
12135,203,59,2703,406,816.06,94.71,1.0
12136,232,57,2732,464,816.05,108.44,1.0
12137,42,29,2542,84,816.04,68.41,1.0
12138,111,43,2611,222,816.03,72.06,1.0
12139,102,48,2602,204,816.01,76.85,1.0
12140,57,44,2557,114,816.0,75.6,1.0
12141,107,39,2607,214,815.99,67.5,1.0
12142,159,8,2659,318,815.96,120.41,1.0
12143,72,32,2572,144,815.94,74.91,1.0
12144,194,53,2694,388,815.94,85.73,1.0
12145,45,44,2545,90,815.92,67.64,1.0
12146,91,40,2591,182,815.88,72.87,1.0
12147,147,55,2647,294,815.8,84.35,1.0
12148,114,52,2614,228,815.74,75.81,1.0
12149,81,45,2581,162,815.73,76.84,1.0
12150,105,52,2605,210,815.73,81.74,1.0
12151,79,44,2579,158,815.73,85.27,1.0
12152,73,45,2573,146,815.7,79.43,1.0
12153,285,58,2785,570,815.7,101.78,1.0
12154,173,51,2673,346,815.68,84.22,1.0
12155,79,40,2579,158,815.67,80.0,1.0
12156,191,53,2691,382,815.66,81.6,1.0
12157,156,7,2656,312,815.65,109.24,1.0
12158,99,49,2599,198,815.64,75.97,1.0
12159,136,8,2636,272,815.61,111.06,1.0
12160,111,33,2611,222,815.6,69.71,1.0
12161,79,31,2579,158,815.59,79.95,1.0
12162,255,57,2755,510,815.58,98.32,1.0
12163,199,7,2699,398,815.54,116.81,1.0
12164,45,39,2545,90,815.52,70.57,1.0
12165,51,6,2551,102,815.41,84.68,1.0
12166,115,53,2615,230,815.4,79.59,1.0
12167,35,29,2535,70,815.39,72.13,1.0
12168,6,6,2506,12,815.35,69.35,1.0
12169,120,44,2620,240,815.35,81.47,1.0
12170,129,52,2629,258,815.33,91.97,1.0
12171,66,41,2566,132,815.32,81.53,1.0
12172,127,53,2627,254,815.3,85.88,1.0
12173,74,6,2574,148,815.28,92.94,1.0
12174,65,31,2565,130,815.28,75.41,1.0
12175,131,55,2631,262,815.26,78.24,1.0
12176,75,48,2575,150,815.25,72.52,1.0
12177,129,51,2629,258,815.24,86.05,1.0
12178,163,57,2663,326,815.22,89.19,1.0
12179,23,29,2523,46,815.2,71.5,1.0
12180,153,54,2653,306,815.2,89.7,1.0
12181,121,51,2621,242,815.18,76.04,1.0
12182,34,29,2534,68,815.16,69.32,1.0
12183,111,45,2611,222,815.16,69.13,1.0
12184,106,48,2606,212,815.14,76.35,1.0
12185,221,58,2721,442,815.07,91.97,1.0
12186,125,52,2625,250,815.06,82.64,1.0
12187,83,40,2583,166,815.01,66.13,1.0
12188,176,54,2676,352,815.0,90.46,1.0
12189,160,53,2660,320,814.99,84.28,1.0
12190,228,56,2728,456,814.97,102.87,1.0
12191,207,54,2707,414,814.96,89.18,1.0
12192,119,42,2619,238,814.95,79.39,1.0
12193,82,31,2582,164,814.94,71.45,1.0
12194,192,53,2692,384,814.94,89.38,1.0
12195,57,40,2557,114,814.86,70.68,1.0
12196,57,45,2557,114,814.86,72.33,1.0
12197,135,7,2635,270,814.86,110.06,1.0
12198,7,6,2507,14,814.84,73.5,1.0
12199,107,34,2607,214,814.82,68.77,1.0
12200,282,56,2782,564,814.8,107.33,1.0
12201,79,37,2579,158,814.76,76.75,1.0
12202,166,56,2666,332,814.74,90.06,1.0
12203,84,42,2584,168,814.69,78.19,1.0
12204,167,7,2667,334,814.68,115.43,1.0
12205,49,40,2549,98,814.67,75.64,1.0
12206,180,57,2680,360,814.66,85.94,1.0
12207,31,29,2531,62,814.62,67.33,1.0
12208,9,6,2509,18,814.61,76.12,1.0
12209,72,41,2572,144,814.6,72.25,1.0
12210,192,54,2692,384,814.6,90.54,1.0
12211,70,46,2570,140,814.59,73.24,1.0
12212,160,54,2660,320,814.59,89.35,1.0
12213,251,56,2751,502,814.58,102.44,1.0
12214,49,42,2549,98,814.55,72.65,1.0
12215,259,59,2759,518,814.52,104.68,1.0
12216,83,41,2583,166,814.5,75.45,1.0
12217,84,38,2584,168,814.5,81.83,1.0
12218,155,55,2655,310,814.49,90.38,1.0
12219,106,46,2606,212,814.46,77.02,1.0
12220,101,49,2601,202,814.46,77.99,1.0
12221,96,50,2596,192,814.32,79.35,1.0
12222,58,7,2558,116,814.28,87.35,1.0
12223,208,55,2708,416,814.28,95.1,1.0
12224,95,38,2595,190,814.26,71.19,1.0
12225,112,39,2612,224,814.25,74.9,1.0
12226,131,54,2631,262,814.2,85.66,1.0
12227,121,7,2621,242,814.18,97.94,1.0
12228,240,56,2740,480,814.18,95.73,1.0
12229,95,40,2595,190,814.16,66.18,1.0
12230,225,55,2725,450,814.15,98.14,1.0
12231,71,33,2571,142,814.14,74.58,1.0
12232,212,56,2712,424,814.14,101.15,1.0
12233,166,55,2666,332,814.13,80.13,1.0
12234,79,34,2579,158,814.1,77.14,1.0
12235,81,48,2581,162,814.09,77.99,1.0
12236,109,49,2609,218,814.09,81.1,1.0
12237,127,52,2627,254,814.09,84.51,1.0
12238,223,8,2723,446,814.08,130.76,1.0
12239,91,43,2591,182,814.06,72.57,1.0
12240,167,53,2667,334,814.05,90.97,1.0
12241,111,41,2611,222,814.04,70.84,1.0
12242,107,46,2607,214,814.03,69.02,1.0
12243,73,33,2573,146,813.98,75.8,1.0
12244,80,7,2580,160,813.98,101.47,1.0
12245,189,55,2689,378,813.98,92.48,1.0
12246,70,47,2570,140,813.96,74.19,1.0
12247,109,51,2609,218,813.96,75.32,1.0
12248,207,55,2707,414,813.96,93.25,1.0
12249,57,48,2557,114,813.94,78.11,1.0
12250,84,40,2584,168,813.93,81.75,1.0
12251,168,56,2668,336,813.92,97.53,1.0
12252,182,8,2682,364,813.92,120.19,1.0
12253,232,8,2732,464,813.9,135.31,1.0
12254,49,41,2549,98,813.87,67.93,1.0
12255,79,33,2579,158,813.87,84.3,1.0
12256,107,37,2607,214,813.86,61.01,1.0
12257,72,33,2572,144,813.85,71.62,1.0
12258,83,30,2583,166,813.84,66.93,1.0
12259,207,53,2707,414,813.84,90.6,1.0
12260,158,52,2658,316,813.81,81.77,1.0
12261,102,50,2602,204,813.79,80.06,1.0
12262,233,58,2733,466,813.79,102.82,1.0
12263,84,30,2584,168,813.78,78.05,1.0
12264,85,48,2585,170,813.78,73.95,1.0
12265,91,44,2591,182,813.77,77.5,1.0
12266,115,54,2615,230,813.74,78.59,1.0
12267,175,56,2675,350,813.74,96.4,1.0
12268,244,58,2744,488,813.74,101.96,1.0
12269,247,58,2747,494,813.74,92.51,1.0
12270,100,46,2600,200,813.73,69.41,1.0
12271,73,31,2573,146,813.72,80.37,1.0
12272,84,32,2584,168,813.7,79.74,1.0
12273,66,43,2566,132,813.68,74.33,1.0
12274,186,7,2686,372,813.68,121.74,1.0
12275,187,51,2687,374,813.67,86.77,1.0
12276,214,56,2714,428,813.67,96.41,1.0
12277,260,9,2760,520,813.66,134.67,1.0
12278,248,54,2748,496,813.64,93.87,1.0
12279,241,57,2741,482,813.63,104.94,1.0
12280,263,58,2763,526,813.63,101.32,1.0
12281,197,8,2697,394,813.56,125.89,1.0
12282,14,29,2514,28,813.53,67.15,1.0
12283,83,48,2583,166,813.53,66.83,1.0
12284,219,56,2719,438,813.51,101.49,1.0
12285,273,58,2773,546,813.51,105.07,1.0
12286,79,32,2579,158,813.5,76.34,1.0
12287,159,53,2659,318,813.46,86.9,1.0
12288,113,53,2613,226,813.44,76.94,1.0
12289,124,49,2624,248,813.42,80.59,1.0
12290,57,35,2557,114,813.35,68.68,1.0
12291,79,35,2579,158,813.34,77.22,1.0
12292,71,32,2571,142,813.32,73.11,1.0
12293,72,39,2572,144,813.32,78.96,1.0
12294,66,47,2566,132,813.3,70.82,1.0
12295,53,6,2553,106,813.28,86.89,1.0
12296,170,53,2670,340,813.28,92.09,1.0
12297,261,8,2761,522,813.28,127.05,1.0
12298,119,46,2619,238,813.27,78.49,1.0
12299,95,41,2595,190,813.26,75.18,1.0
12300,94,37,2594,188,813.21,77.02,1.0
12301,143,52,2643,286,813.2,94.03,1.0
12302,119,47,2619,238,813.17,78.77,1.0
12303,287,60,2787,574,813.16,98.74,1.0
12304,110,51,2610,220,813.13,77.77,1.0
12305,143,54,2643,286,813.11,87.35,1.0
12306,162,56,2662,324,813.1,90.98,1.0
12307,72,31,2572,144,813.09,75.02,1.0
12308,49,45,2549,98,813.08,67.47,1.0
12309,79,39,2579,158,813.08,72.7,1.0
12310,146,56,2646,292,813.08,87.8,1.0
12311,146,7,2646,292,813.07,115.47,1.0
12312,116,53,2616,232,813.06,85.44,1.0
12313,97,46,2597,194,813.02,71.95,1.0
12314,276,56,2776,552,813.01,101.37,1.0
12315,180,7,2680,360,812.99,124.41,1.0
12316,111,30,2611,222,812.98,67.51,1.0
12317,152,7,2652,304,812.97,119.25,1.0
12318,152,54,2652,304,812.97,82.78,1.0
12319,183,9,2683,366,812.96,126.09,1.0
12320,83,32,2583,166,812.94,76.6,1.0
12321,103,7,2603,206,812.94,112.49,1.0
12322,299,59,2799,598,812.93,101.87,1.0
12323,223,56,2723,446,812.9,100.79,1.0
12324,88,38,2588,176,812.86,70.57,1.0
12325,78,33,2578,156,812.82,72.49,1.0
12326,154,8,2654,308,812.82,109.08,1.0
12327,49,43,2549,98,812.8,70.56,1.0
12328,104,37,2604,208,812.78,65.57,1.0
12329,96,49,2596,192,812.78,80.67,1.0
12330,125,51,2625,250,812.76,83.48,1.0
12331,104,48,2604,208,812.73,76.06,1.0
12332,228,55,2728,456,812.73,107.43,1.0
12333,45,38,2545,90,812.69,65.54,1.0
12334,248,9,2748,496,812.68,125.0,1.0
12335,72,42,2572,144,812.67,76.09,1.0
12336,45,43,2545,90,812.61,69.33,1.0
12337,145,52,2645,290,812.58,83.38,1.0
12338,254,56,2754,508,812.57,98.4,1.0
12339,83,47,2583,166,812.53,69.39,1.0
12340,77,49,2577,154,812.5,76.75,1.0
12341,152,53,2652,304,812.48,102.01,1.0
12342,270,57,2770,540,812.48,103.74,1.0
12343,44,42,2544,88,812.47,70.31,1.0
12344,57,46,2557,114,812.46,71.05,1.0
12345,190,7,2690,380,812.46,129.83,1.0
12346,29,6,2529,58,812.43,78.33,1.0
12347,21,6,2521,42,812.43,77.22,1.0
12348,77,54,2577,154,812.43,82.74,1.0
12349,90,49,2590,180,812.43,81.38,1.0
12350,269,56,2769,538,812.39,95.63,1.0
12351,110,50,2610,220,812.37,83.2,1.0
12352,111,40,2611,222,812.36,75.74,1.0
12353,300,58,2800,600,812.34,105.43,1.0
12354,83,33,2583,166,812.25,72.62,1.0
12355,189,56,2689,378,812.24,88.88,1.0
12356,177,55,2677,354,812.21,88.38,1.0
12357,44,30,2544,88,812.15,76.47,1.0
12358,95,39,2595,190,812.14,72.77,1.0
12359,66,37,2566,132,812.12,78.48,1.0
12360,66,44,2566,132,812.11,70.06,1.0
12361,19,6,2519,38,812.04,70.58,1.0
12362,137,55,2637,274,812.04,92.21,1.0
12363,142,52,2642,284,812.0,78.63,1.0
12364,92,48,2592,184,811.96,76.9,1.0
12365,81,47,2581,162,811.94,77.98,1.0
12366,72,45,2572,144,811.93,67.94,1.0
12367,78,7,2578,156,811.93,99.88,1.0
12368,139,6,2639,278,811.92,113.1,1.0
12369,217,57,2717,434,811.92,87.99,1.0
12370,49,33,2549,98,811.91,64.34,1.0
12371,284,58,2784,568,811.91,111.22,1.0
12372,78,34,2578,156,811.86,74.42,1.0
12373,108,48,2608,216,811.86,69.56,1.0
12374,185,57,2685,370,811.79,96.75,1.0
12375,49,47,2549,98,811.77,73.73,1.0
12376,95,30,2595,190,811.7,68.78,1.0
12377,45,35,2545,90,811.67,65.76,1.0
12378,135,53,2635,270,811.65,84.24,1.0
12379,27,29,2527,54,811.63,73.93,1.0
12380,49,39,2549,98,811.63,66.49,1.0
12381,154,54,2654,308,811.62,92.76,1.0
12382,66,42,2566,132,811.61,73.81,1.0
12383,279,8,2779,558,811.6,140.81,1.0
12384,107,49,2607,214,811.58,71.54,1.0
12385,220,56,2720,440,811.58,88.03,1.0
12386,78,44,2578,156,811.55,70.91,1.0
12387,31,6,2531,62,811.54,86.73,1.0
12388,91,36,2591,182,811.54,74.57,1.0
12389,107,47,2607,214,811.54,77.85,1.0
12390,122,55,2622,244,811.52,92.14,1.0
12391,159,55,2659,318,811.49,92.32,1.0
12392,98,51,2598,196,811.47,77.15,1.0
12393,194,54,2694,388,811.47,87.78,1.0
12394,72,48,2572,144,811.44,76.86,1.0
12395,230,55,2730,460,811.43,86.84,1.0
12396,179,7,2679,358,811.4,114.75,1.0
12397,33,29,2533,66,811.37,65.29,1.0
12398,12,6,2512,24,811.33,85.05,1.0
12399,113,52,2613,226,811.32,80.51,1.0
12400,104,49,2604,208,811.31,77.93,1.0
12401,127,54,2627,254,811.31,90.32,1.0
12402,49,34,2549,98,811.29,77.24,1.0
12403,78,40,2578,156,811.28,76.59,1.0
12404,50,43,2550,100,811.26,76.8,1.0
12405,226,57,2726,452,811.26,102.67,1.0
12406,91,47,2591,182,811.24,78.42,1.0
12407,82,6,2582,164,811.22,96.51,1.0
12408,110,52,2610,220,811.19,81.08,1.0
12409,149,55,2649,298,811.16,90.89,1.0
12410,224,8,2724,448,811.16,142.48,1.0
12411,183,52,2683,366,811.15,86.48,1.0
12412,93,50,2593,186,811.14,72.42,1.0
12413,44,32,2544,88,811.11,74.42,1.0
12414,177,54,2677,354,811.11,89.65,1.0
12415,108,49,2608,216,811.09,79.66,1.0
12416,18,29,2518,36,811.05,63.31,1.0
12417,148,53,2648,296,811.02,89.63,1.0
12418,173,53,2673,346,810.98,84.15,1.0
12419,119,30,2619,238,810.96,74.71,1.0
12420,213,57,2713,426,810.96,96.12,1.0
12421,211,56,2711,422,810.95,91.62,1.0
12422,50,42,2550,100,810.93,66.86,1.0
12423,153,55,2653,306,810.92,88.0,1.0
12424,286,59,2786,572,810.92,111.41,1.0
12425,91,30,2591,182,810.9,77.68,1.0
12426,35,6,2535,70,810.88,84.67,1.0
12427,91,34,2591,182,810.88,79.28,1.0
12428,222,56,2722,444,810.88,99.26,1.0
12429,126,53,2626,252,810.84,77.22,1.0
12430,295,57,2795,590,810.84,99.79,1.0
12431,28,29,2528,56,810.83,68.41,1.0
12432,45,42,2545,90,810.8,71.09,1.0
12433,156,57,2656,312,810.78,91.58,1.0
12434,259,7,2759,518,810.78,130.62,1.0
12435,82,51,2582,164,810.72,68.92,1.0
12436,66,31,2566,132,810.72,69.94,1.0
12437,100,47,2600,200,810.7,70.09,1.0
12438,90,47,2590,180,810.69,74.41,1.0
12439,144,54,2644,288,810.66,83.97,1.0
12440,256,57,2756,512,810.64,97.26,1.0
12441,66,35,2566,132,810.6,80.48,1.0
12442,79,42,2579,158,810.6,77.74,1.0
12443,104,51,2604,208,810.57,87.5,1.0
12444,72,34,2572,144,810.54,71.67,1.0
12445,120,48,2620,240,810.48,72.66,1.0
12446,142,54,2642,284,810.44,85.96,1.0
12447,262,9,2762,524,810.43,140.57,1.0
12448,160,7,2660,320,810.42,108.22,1.0
12449,76,53,2576,152,810.38,78.26,1.0
12450,103,53,2603,206,810.37,76.31,1.0
12451,297,59,2797,594,810.36,102.65,1.0
12452,104,50,2604,208,810.35,71.65,1.0
12453,65,43,2565,130,810.31,68.64,1.0
12454,44,35,2544,88,810.3,69.46,1.0
12455,57,51,2557,114,810.3,70.27,1.0
12456,179,55,2679,358,810.3,83.35,1.0
12457,45,36,2545,90,810.29,69.73,1.0
12458,124,52,2624,248,810.29,87.75,1.0
12459,289,57,2789,578,810.28,105.53,1.0
12460,34,6,2534,68,810.26,72.83,1.0
12461,44,31,2544,88,810.23,73.03,1.0
12462,111,46,2611,222,810.23,75.9,1.0
12463,45,37,2545,90,810.19,71.22,1.0
12464,79,36,2579,158,810.19,76.53,1.0
12465,87,6,2587,174,810.19,100.03,1.0
12466,145,53,2645,290,810.19,84.09,1.0
12467,0,5,2500,0,810.17,76.45,1.0
12468,81,49,2581,162,810.16,79.51,1.0
12469,112,48,2612,224,810.16,76.59,1.0
12470,126,55,2626,252,810.13,82.94,1.0
12471,186,56,2686,372,810.12,87.76,1.0
12472,98,49,2598,196,810.11,79.89,1.0
12473,84,33,2584,168,810.07,80.48,1.0
12474,77,52,2577,154,810.05,78.84,1.0
12475,44,51,2544,88,810.04,75.25,1.0
12476,91,31,2591,182,809.96,79.74,1.0
12477,250,57,2750,500,809.95,108.52,1.0
12478,88,44,2588,176,809.94,70.24,1.0
12479,216,56,2716,432,809.93,94.8,1.0
12480,234,56,2734,468,809.93,101.14,1.0
12481,44,37,2544,88,809.9,73.0,1.0
12482,50,38,2550,100,809.88,67.98,1.0
12483,118,6,2618,236,809.88,105.33,1.0
12484,57,33,2557,114,809.87,73.5,1.0
12485,78,31,2578,156,809.82,74.6,1.0
12486,102,51,2602,204,809.82,70.57,1.0
12487,229,8,2729,458,809.82,123.11,1.0
12488,74,43,2574,148,809.81,84.92,1.0
12489,169,55,2669,338,809.8,93.97,1.0
12490,300,59,2800,600,809.78,102.12,1.0
12491,49,31,2549,98,809.75,73.72,1.0
12492,91,45,2591,182,809.73,76.58,1.0
12493,75,49,2575,150,809.72,77.37,1.0
12494,223,58,2723,446,809.7,101.24,1.0
12495,210,8,2710,420,809.68,132.6,1.0
12496,97,47,2597,194,809.67,68.98,1.0
12497,124,50,2624,248,809.67,85.3,1.0
12498,45,48,2545,90,809.65,69.87,1.0
12499,140,49,2640,280,809.64,84.19,1.0
12500,93,51,2593,186,809.62,74.18,1.0
12501,106,39,2606,212,809.62,70.76,1.0
12502,286,60,2786,572,809.62,115.95,1.0
12503,281,58,2781,562,809.61,110.64,1.0
12504,76,6,2576,152,809.54,97.43,1.0
12505,65,6,2565,130,809.54,88.64,1.0
12506,78,35,2578,156,809.52,67.31,1.0
12507,85,51,2585,170,809.51,82.31,1.0
12508,222,8,2722,444,809.5,124.23,1.0
12509,96,48,2596,192,809.49,78.92,1.0
12510,254,9,2754,508,809.48,141.91,1.0
12511,128,52,2628,256,809.47,78.76,1.0
12512,72,37,2572,144,809.44,76.3,1.0
12513,264,8,2764,528,809.35,129.39,1.0
12514,17,29,2517,34,809.33,72.07,1.0
12515,214,57,2714,428,809.33,96.6,1.0
12516,263,57,2763,526,809.28,114.55,1.0
12517,114,55,2614,228,809.26,82.99,1.0
12518,89,49,2589,178,809.24,80.39,1.0
12519,73,30,2573,146,809.23,82.79,1.0
12520,100,50,2600,200,809.23,69.96,1.0
12521,174,51,2674,348,809.19,90.54,1.0
12522,91,41,2591,182,809.18,73.11,1.0
12523,204,8,2704,408,809.18,125.12,1.0
12524,292,55,2792,584,809.18,105.06,1.0
12525,0,29,2500,0,809.17,69.0,1.0
12526,88,33,2588,176,809.17,70.82,1.0
12527,78,32,2578,156,809.16,73.61,1.0
12528,140,51,2640,280,809.16,80.4,1.0
12529,260,56,2760,520,809.16,94.66,1.0
12530,141,56,2641,282,809.15,85.45,1.0
12531,133,57,2633,266,809.12,82.32,1.0
12532,210,58,2710,420,809.12,99.92,1.0
12533,79,30,2579,158,809.1,77.69,1.0
12534,72,47,2572,144,809.08,68.2,1.0
12535,117,54,2617,234,809.07,84.41,1.0
12536,72,40,2572,144,809.05,69.1,1.0
12537,132,52,2632,264,809.05,85.97,1.0
12538,296,56,2796,592,809.04,107.62,1.0
12539,155,56,2655,310,809.02,88.58,1.0
12540,282,57,2782,564,809.02,102.53,1.0
12541,218,58,2718,436,808.96,94.29,1.0
12542,103,54,2603,206,808.95,74.71,1.0
12543,276,9,2776,552,808.94,153.15,1.0
12544,108,50,2608,216,808.92,80.23,1.0
12545,149,54,2649,298,808.91,87.55,1.0
12546,78,38,2578,156,808.89,71.06,1.0
12547,292,54,2792,584,808.83,107.32,1.0
12548,112,49,2612,224,808.82,81.84,1.0
12549,73,46,2573,146,808.8,78.58,1.0
12550,88,43,2588,176,808.8,68.36,1.0
12551,259,8,2759,518,808.78,143.91,1.0
12552,160,55,2660,320,808.76,87.92,1.0
12553,82,48,2582,164,808.67,74.31,1.0
12554,96,6,2596,192,808.65,106.37,1.0
12555,91,32,2591,182,808.6,76.04,1.0
12556,84,31,2584,168,808.59,79.48,1.0
12557,202,56,2702,404,808.59,94.85,1.0
12558,216,57,2716,432,808.58,98.66,1.0
12559,72,46,2572,144,808.57,72.34,1.0
12560,94,34,2594,188,808.56,76.7,1.0
12561,101,50,2601,202,808.56,79.95,1.0
12562,98,47,2598,196,808.56,73.8,1.0
12563,227,59,2727,454,808.56,94.36,1.0
12564,88,34,2588,176,808.52,71.6,1.0
12565,112,32,2612,224,808.51,84.27,1.0
12566,98,48,2598,196,808.51,74.22,1.0
12567,45,30,2545,90,808.5,72.28,1.0
12568,50,37,2550,100,808.5,76.97,1.0
12569,133,56,2633,266,808.5,80.59,1.0
12570,197,55,2697,394,808.48,94.44,1.0
12571,49,30,2549,98,808.45,74.66,1.0
12572,78,45,2578,156,808.45,71.49,1.0
12573,74,41,2574,148,808.44,72.67,1.0
12574,191,56,2691,382,808.42,94.63,1.0
12575,101,51,2601,202,808.38,73.52,1.0
12576,114,53,2614,228,808.38,76.42,1.0
12577,50,33,2550,100,808.35,68.48,1.0
12578,244,8,2744,488,808.35,129.37,1.0
12579,278,57,2778,556,808.34,100.32,1.0
12580,272,58,2772,544,808.3,107.84,1.0
12581,133,7,2633,266,808.26,106.17,1.0
12582,88,36,2588,176,808.25,74.58,1.0
12583,116,55,2616,232,808.25,82.09,1.0
12584,204,55,2704,408,808.23,95.1,1.0
12585,263,59,2763,526,808.22,115.28,1.0
12586,267,57,2767,534,808.2,115.07,1.0
12587,155,57,2655,310,808.19,92.09,1.0
12588,74,45,2574,148,808.15,71.76,1.0
12589,74,33,2574,148,808.14,83.87,1.0
12590,65,44,2565,130,808.14,66.55,1.0
12591,184,7,2684,368,808.12,122.21,1.0
12592,105,55,2605,210,808.11,77.97,1.0
12593,77,51,2577,154,808.1,71.77,1.0
12594,67,7,2567,134,808.07,99.27,1.0
12595,179,54,2679,358,808.06,86.26,1.0
12596,274,58,2774,548,808.06,110.63,1.0
12597,76,55,2576,152,808.04,79.94,1.0
12598,116,54,2616,232,808.04,86.06,1.0
12599,243,57,2743,486,807.96,96.44,1.0
12600,91,38,2591,182,807.94,71.24,1.0
12601,172,53,2672,344,807.94,87.97,1.0
12602,109,50,2609,218,807.9,72.9,1.0
12603,95,46,2595,190,807.88,75.39,1.0
12604,79,46,2579,158,807.88,79.67,1.0
12605,78,43,2578,156,807.84,73.18,1.0
12606,205,56,2705,410,807.84,94.58,1.0
12607,210,57,2710,420,807.84,98.03,1.0
12608,45,46,2545,90,807.82,71.47,1.0
12609,26,29,2526,52,807.81,66.66,1.0
12610,148,54,2648,296,807.8,82.77,1.0
12611,204,56,2704,408,807.76,94.54,1.0
12612,45,45,2545,90,807.74,66.91,1.0
12613,45,33,2545,90,807.73,70.16,1.0
12614,13,6,2513,26,807.66,74.82,1.0
12615,166,7,2666,332,807.66,111.57,1.0
12616,187,53,2687,374,807.65,85.44,1.0
12617,88,37,2588,176,807.61,72.35,1.0
12618,10,29,2510,20,807.6,72.96,1.0
12619,298,59,2798,596,807.56,121.35,1.0
12620,84,43,2584,168,807.53,70.4,1.0
12621,44,33,2544,88,807.5,68.17,1.0
12622,91,39,2591,182,807.5,76.95,1.0
12623,149,7,2649,298,807.47,115.42,1.0
12624,224,58,2724,448,807.44,99.26,1.0
12625,213,58,2713,426,807.43,92.3,1.0
12626,256,8,2756,512,807.42,119.56,1.0
12627,53,33,2553,106,807.4,67.72,1.0
12628,211,8,2711,422,807.39,126.45,1.0
12629,56,6,2556,112,807.38,99.31,1.0
12630,145,7,2645,290,807.38,113.81,1.0
12631,36,6,2536,72,807.36,90.24,1.0
12632,114,54,2614,228,807.36,83.52,1.0
12633,120,50,2620,240,807.33,80.3,1.0
12634,178,58,2678,356,807.29,92.23,1.0
12635,219,8,2719,438,807.29,128.38,1.0
12636,118,58,2618,236,807.28,90.01,1.0
12637,163,58,2663,326,807.28,102.2,1.0
12638,275,58,2775,550,807.26,99.3,1.0
12639,242,58,2742,484,807.22,103.03,1.0
12640,51,31,2551,102,807.18,64.14,1.0
12641,258,58,2758,516,807.18,101.53,1.0
12642,94,44,2594,188,807.16,77.36,1.0
12643,66,34,2566,132,807.16,76.87,1.0
12644,49,38,2549,98,807.15,74.75,1.0
12645,106,47,2606,212,807.15,75.21,1.0
12646,101,52,2601,202,807.14,77.01,1.0
12647,299,60,2799,598,807.13,103.83,1.0
12648,220,57,2720,440,807.08,91.03,1.0
12649,157,58,2657,314,807.05,88.74,1.0
12650,89,50,2589,178,807.04,82.77,1.0
12651,215,55,2715,430,807.04,97.13,1.0
12652,44,45,2544,88,807.03,73.29,1.0
12653,265,8,2765,530,807.02,135.47,1.0
12654,49,44,2549,98,807.01,69.14,1.0
12655,130,54,2630,260,807.0,85.0,1.0
12656,192,8,2692,384,806.99,130.54,1.0
12657,119,49,2619,238,806.97,81.57,1.0
12658,36,29,2536,72,806.96,71.42,1.0
12659,65,40,2565,130,806.96,70.57,1.0
12660,57,49,2557,114,806.94,71.53,1.0
12661,39,6,2539,78,806.91,80.64,1.0
12662,88,45,2588,176,806.91,68.6,1.0
12663,271,59,2771,542,806.91,95.81,1.0
12664,286,8,2786,572,806.89,128.22,1.0
12665,130,53,2630,260,806.88,96.83,1.0
12666,113,55,2613,226,806.85,80.55,1.0
12667,91,37,2591,182,806.84,74.62,1.0
12668,123,54,2623,246,806.83,77.77,1.0
12669,92,49,2592,184,806.82,82.57,1.0
12670,44,40,2544,88,806.78,72.7,1.0
12671,44,46,2544,88,806.78,67.89,1.0
12672,237,8,2737,474,806.77,134.1,1.0
12673,84,46,2584,168,806.76,80.78,1.0
12674,50,35,2550,100,806.75,72.51,1.0
12675,170,54,2670,340,806.72,89.21,1.0
12676,140,50,2640,280,806.7,74.66,1.0
12677,12,29,2512,24,806.68,72.84,1.0
12678,78,41,2578,156,806.68,77.87,1.0
12679,74,40,2574,148,806.65,86.27,1.0
12680,281,59,2781,562,806.65,108.24,1.0
12681,84,34,2584,168,806.64,81.81,1.0
12682,134,54,2634,268,806.64,94.18,1.0
12683,125,53,2625,250,806.58,82.15,1.0
12684,60,33,2560,120,806.54,77.69,1.0
12685,84,45,2584,168,806.54,76.29,1.0
12686,187,52,2687,374,806.54,82.96,1.0
12687,258,59,2758,516,806.53,104.57,1.0
12688,49,32,2549,98,806.52,72.99,1.0
12689,67,33,2567,134,806.49,69.31,1.0
12690,65,37,2565,130,806.47,73.61,1.0
12691,74,44,2574,148,806.46,77.93,1.0
12692,107,7,2607,214,806.46,108.57,1.0
12693,67,38,2567,134,806.45,71.14,1.0
12694,71,52,2571,142,806.43,78.39,1.0
12695,88,30,2588,176,806.43,65.08,1.0
12696,261,60,2761,522,806.43,106.28,1.0
12697,146,58,2646,292,806.41,93.26,1.0
12698,164,8,2664,328,806.41,112.04,1.0
12699,65,30,2565,130,806.4,68.59,1.0
12700,66,45,2566,132,806.39,70.63,1.0
12701,65,39,2565,130,806.38,69.66,1.0
12702,121,52,2621,242,806.37,80.48,1.0
12703,193,7,2693,386,806.36,133.44,1.0
12704,255,58,2755,510,806.36,96.79,1.0
12705,94,40,2594,188,806.35,73.53,1.0
12706,97,48,2597,194,806.35,74.76,1.0
12707,249,54,2749,498,806.28,98.03,1.0
12708,273,8,2773,546,806.27,137.87,1.0
12709,66,6,2566,132,806.23,98.69,1.0
12710,237,56,2737,474,806.22,97.29,1.0
12711,105,53,2605,210,806.21,78.07,1.0
12712,44,34,2544,88,806.19,75.3,1.0
12713,239,9,2739,478,806.19,127.94,1.0
12714,65,34,2565,130,806.17,69.49,1.0
12715,277,57,2777,554,806.14,108.32,1.0
12716,44,48,2544,88,806.12,70.54,1.0
12717,63,38,2563,126,806.12,72.69,1.0
12718,88,32,2588,176,806.11,67.86,1.0
12719,84,49,2584,168,806.1,79.51,1.0
12720,267,56,2767,534,806.06,112.41,1.0
12721,125,7,2625,250,806.04,107.98,1.0
12722,226,58,2726,452,806.03,99.8,1.0
12723,74,42,2574,148,806.0,78.02,1.0
12724,233,7,2733,466,805.98,137.65,1.0
12725,76,57,2576,152,805.96,83.06,1.0
12726,117,53,2617,234,805.96,75.77,1.0
12727,256,58,2756,512,805.96,112.73,1.0
12728,50,39,2550,100,805.94,82.33,1.0
12729,64,39,2564,128,805.94,71.52,1.0
12730,218,59,2718,436,805.92,97.84,1.0
12731,67,44,2567,134,805.9,72.55,1.0
12732,280,10,2780,560,805.88,136.91,1.0
12733,211,57,2711,422,805.85,92.39,1.0
12734,70,50,2570,140,805.77,71.37,1.0
12735,161,58,2661,322,805.72,87.98,1.0
12736,236,56,2736,472,805.71,104.41,1.0
12737,44,39,2544,88,805.66,75.69,1.0
12738,86,52,2586,172,805.66,75.26,1.0
12739,53,40,2553,106,805.63,72.01,1.0
12740,45,47,2545,90,805.62,71.05,1.0
12741,103,55,2603,206,805.62,79.57,1.0
12742,64,34,2564,128,805.61,74.99,1.0
12743,78,36,2578,156,805.61,75.45,1.0
12744,113,56,2613,226,805.6,76.29,1.0
12745,194,55,2694,388,805.58,98.63,1.0
12746,198,55,2698,396,805.55,92.97,1.0
12747,44,53,2544,88,805.52,76.6,1.0
12748,283,60,2783,566,805.52,117.66,1.0
12749,252,56,2752,504,805.48,101.24,1.0
12750,50,34,2550,100,805.46,70.21,1.0
12751,175,57,2675,350,805.38,95.95,1.0
12752,52,6,2552,104,805.37,91.71,1.0
12753,79,48,2579,158,805.36,85.72,1.0
12754,157,60,2657,314,805.34,96.71,1.0
12755,63,36,2563,126,805.28,72.36,1.0
12756,65,42,2565,130,805.28,67.71,1.0
12757,66,38,2566,132,805.26,77.44,1.0
12758,138,55,2638,276,805.23,84.28,1.0
12759,265,60,2765,530,805.22,110.54,1.0
12760,44,44,2544,88,805.21,70.77,1.0
12761,119,48,2619,238,805.2,73.26,1.0
12762,232,58,2732,464,805.2,103.49,1.0
12763,50,32,2550,100,805.18,68.95,1.0
12764,94,43,2594,188,805.18,80.86,1.0
12765,212,58,2712,424,805.14,98.56,1.0
12766,270,58,2770,540,805.12,99.4,1.0
12767,70,51,2570,140,805.1,77.45,1.0
12768,57,31,2557,114,805.09,71.5,1.0
12769,70,49,2570,140,805.09,73.88,1.0
12770,264,60,2764,528,805.09,113.45,1.0
12771,99,50,2599,198,805.05,75.26,1.0
12772,67,35,2567,134,805.04,67.06,1.0
12773,77,55,2577,154,805.01,73.4,1.0
12774,71,50,2571,142,805.0,74.87,1.0
12775,119,7,2619,238,804.98,107.04,1.0
12776,142,53,2642,284,804.97,85.91,1.0
12777,165,55,2665,330,804.96,95.6,1.0
12778,96,51,2596,192,804.95,81.32,1.0
12779,130,7,2630,260,804.93,114.29,1.0
12780,63,42,2563,126,804.91,67.5,1.0
12781,16,5,2516,32,804.9,78.1,1.0
12782,44,43,2544,88,804.87,73.97,1.0
12783,74,31,2574,148,804.87,77.66,1.0
12784,183,53,2683,366,804.86,88.66,1.0
12785,53,30,2553,106,804.84,69.3,1.0
12786,65,32,2565,130,804.82,72.08,1.0
12787,162,58,2662,324,804.82,93.75,1.0
12788,126,54,2626,252,804.77,89.34,1.0
12789,162,57,2662,324,804.77,81.25,1.0
12790,263,8,2763,526,804.7,129.45,1.0
12791,75,6,2575,150,804.69,107.84,1.0
12792,65,36,2565,130,804.65,70.48,1.0
12793,167,56,2667,334,804.63,86.13,1.0
12794,72,43,2572,144,804.62,68.1,1.0
12795,87,52,2587,174,804.59,76.44,1.0
12796,111,47,2611,222,804.58,69.83,1.0
12797,239,58,2739,478,804.57,97.34,1.0
12798,171,55,2671,342,804.54,88.77,1.0
12799,57,47,2557,114,804.5,75.08,1.0
12800,64,30,2564,128,804.48,74.13,1.0
12801,249,56,2749,498,804.48,90.13,1.0
12802,86,50,2586,172,804.4,75.38,1.0
12803,196,60,2696,392,804.4,98.36,1.0
12804,44,49,2544,88,804.37,76.06,1.0
12805,44,41,2544,88,804.32,71.91,1.0
12806,44,52,2544,88,804.32,75.64,1.0
12807,220,8,2720,440,804.29,125.84,1.0
12808,130,51,2630,260,804.28,83.6,1.0
12809,251,57,2751,502,804.22,95.83,1.0
12810,266,59,2766,532,804.18,94.17,1.0
12811,86,53,2586,172,804.15,79.85,1.0
12812,63,39,2563,126,804.11,75.73,1.0
12813,127,55,2627,254,804.11,88.62,1.0
12814,70,48,2570,140,804.1,74.21,1.0
12815,63,33,2563,126,804.1,73.17,1.0
12816,54,30,2554,108,804.05,71.58,1.0
12817,82,50,2582,164,804.04,75.39,1.0
12818,164,55,2664,328,804.04,86.96,1.0
12819,195,55,2695,390,804.0,89.86,1.0
12820,102,7,2602,204,803.98,103.55,1.0
12821,190,58,2690,380,803.96,90.74,1.0
12822,53,37,2553,106,803.93,72.75,1.0
12823,206,59,2706,412,803.86,101.21,1.0
12824,253,59,2753,506,803.82,108.98,1.0
12825,118,56,2618,236,803.8,80.91,1.0
12826,129,7,2629,258,803.8,109.3,1.0
12827,128,53,2628,256,803.79,86.22,1.0
12828,242,59,2742,484,803.79,95.73,1.0
12829,44,50,2544,88,803.74,71.27,1.0
12830,82,49,2582,164,803.74,76.5,1.0
12831,132,7,2632,264,803.74,101.54,1.0
12832,25,6,2525,50,803.64,82.01,1.0
12833,130,52,2630,260,803.64,86.33,1.0
12834,269,58,2769,538,803.64,100.21,1.0
12835,51,39,2551,102,803.63,70.71,1.0
12836,219,57,2719,438,803.63,95.48,1.0
12837,199,58,2699,398,803.61,95.16,1.0
12838,139,58,2639,278,803.6,93.36,1.0
12839,65,41,2565,130,803.58,72.01,1.0
12840,150,52,2650,300,803.58,77.95,1.0
12841,29,29,2529,58,803.57,71.03,1.0
12842,5,29,2505,10,803.55,68.53,1.0
12843,79,47,2579,158,803.52,83.87,1.0
12844,238,7,2738,476,803.52,129.96,1.0
12845,51,41,2551,102,803.49,76.05,1.0
12846,240,57,2740,480,803.49,104.72,1.0
12847,287,8,2787,574,803.48,147.77,1.0
12848,79,49,2579,158,803.46,75.17,1.0
12849,97,49,2597,194,803.46,79.47,1.0
12850,141,57,2641,282,803.43,84.16,1.0
12851,64,42,2564,128,803.41,76.94,1.0
12852,74,35,2574,148,803.39,75.45,1.0
12853,67,40,2567,134,803.39,72.22,1.0
12854,99,6,2599,198,803.39,100.45,1.0
12855,111,48,2611,222,803.36,83.59,1.0
12856,251,8,2751,502,803.35,131.14,1.0
12857,107,48,2607,214,803.34,75.69,1.0
12858,93,52,2593,186,803.33,66.12,1.0
12859,88,40,2588,176,803.33,72.62,1.0
12860,24,5,2524,48,803.3,82.15,1.0
12861,28,6,2528,56,803.29,84.04,1.0
12862,253,60,2753,506,803.24,106.43,1.0
12863,84,37,2584,168,803.22,78.12,1.0
12864,158,53,2658,316,803.22,86.06,1.0
12865,206,7,2706,412,803.22,123.97,1.0
12866,87,53,2587,174,803.18,76.93,1.0
12867,11,29,2511,22,803.16,64.36,1.0
12868,272,57,2772,544,803.16,112.55,1.0
12869,137,57,2637,274,803.14,85.38,1.0
12870,158,54,2658,316,803.13,87.67,1.0
12871,50,41,2550,100,803.12,73.6,1.0
12872,95,47,2595,190,803.12,69.31,1.0
12873,71,51,2571,142,803.1,74.11,1.0
12874,94,36,2594,188,803.09,73.85,1.0
12875,63,30,2563,126,803.08,66.55,1.0
12876,120,51,2620,240,803.02,85.78,1.0
12877,167,58,2667,334,803.02,97.98,1.0
12878,217,58,2717,434,803.0,91.66,1.0
12879,146,57,2646,292,802.99,85.81,1.0
12880,226,59,2726,452,802.97,100.95,1.0
12881,53,44,2553,106,802.89,67.72,1.0
12882,153,6,2653,306,802.88,111.4,1.0
12883,95,45,2595,190,802.85,72.72,1.0
12884,178,56,2678,356,802.85,92.24,1.0
12885,202,8,2702,404,802.85,123.85,1.0
12886,153,56,2653,306,802.84,94.5,1.0
12887,206,58,2706,412,802.83,101.39,1.0
12888,44,36,2544,88,802.78,73.84,1.0
12889,67,34,2567,134,802.76,68.23,1.0
12890,278,9,2778,556,802.76,134.91,1.0
12891,65,33,2565,130,802.75,68.32,1.0
12892,53,41,2553,106,802.7,69.75,1.0
12893,215,8,2715,430,802.7,123.02,1.0
12894,64,41,2564,128,802.66,74.18,1.0
12895,94,42,2594,188,802.65,85.83,1.0
12896,111,49,2611,222,802.63,73.56,1.0
12897,74,37,2574,148,802.6,73.5,1.0
12898,90,51,2590,180,802.6,81.58,1.0
12899,256,59,2756,512,802.6,105.05,1.0
12900,283,59,2783,566,802.59,114.45,1.0
12901,170,55,2670,340,802.57,92.45,1.0
12902,87,51,2587,174,802.54,79.26,1.0
12903,125,55,2625,250,802.52,79.15,1.0
12904,248,56,2748,496,802.52,103.09,1.0
12905,88,42,2588,176,802.51,68.18,1.0
12906,149,53,2649,298,802.51,93.61,1.0
12907,95,48,2595,190,802.48,70.93,1.0
12908,161,57,2661,322,802.46,91.7,1.0
12909,63,44,2563,126,802.45,68.74,1.0
12910,209,58,2709,418,802.45,98.08,1.0
12911,75,50,2575,150,802.44,77.37,1.0
12912,255,9,2755,510,802.44,133.64,1.0
12913,288,56,2788,576,802.43,108.69,1.0
12914,88,39,2588,176,802.42,76.14,1.0
12915,246,58,2746,492,802.42,98.34,1.0
12916,183,54,2683,366,802.38,88.81,1.0
12917,73,50,2573,146,802.31,87.94,1.0
12918,57,50,2557,114,802.24,75.0,1.0
12919,277,9,2777,554,802.22,131.7,1.0
12920,193,57,2693,386,802.21,99.72,1.0
12921,248,55,2748,496,802.2,90.55,1.0
12922,225,56,2725,450,802.16,103.39,1.0
12923,21,29,2521,42,802.12,66.99,1.0
12924,44,47,2544,88,802.11,75.09,1.0
12925,88,41,2588,176,802.11,66.67,1.0
12926,51,38,2551,102,802.1,69.41,1.0
12927,196,7,2696,392,802.09,127.97,1.0
12928,215,56,2715,430,802.06,95.82,1.0
12929,108,52,2608,216,802.05,87.15,1.0
12930,51,43,2551,102,802.04,73.0,1.0
12931,143,53,2643,286,802.04,84.92,1.0
12932,53,32,2553,106,802.03,74.05,1.0
12933,49,48,2549,98,802.0,72.94,1.0
12934,68,6,2568,136,802.0,87.63,1.0
12935,163,59,2663,326,801.96,97.38,1.0
12936,198,8,2698,396,801.95,119.29,1.0
12937,291,59,2791,582,801.92,106.93,1.0
12938,54,37,2554,108,801.9,68.51,1.0
12939,63,35,2563,126,801.9,70.37,1.0
12940,280,57,2780,560,801.86,110.16,1.0
12941,74,30,2574,148,801.83,71.04,1.0
12942,50,40,2550,100,801.82,72.0,1.0
12943,63,34,2563,126,801.82,71.49,1.0
12944,67,31,2567,134,801.8,66.42,1.0
12945,68,30,2568,136,801.79,68.88,1.0
12946,50,30,2550,100,801.78,68.6,1.0
12947,120,49,2620,240,801.78,80.69,1.0
12948,94,32,2594,188,801.74,80.26,1.0
12949,98,6,2598,196,801.74,101.37,1.0
12950,169,57,2669,338,801.69,102.72,1.0
12951,37,34,2537,74,801.68,75.19,1.0
12952,45,41,2545,90,801.67,67.95,1.0
12953,91,46,2591,182,801.67,86.48,1.0
12954,181,58,2681,362,801.66,101.56,1.0
12955,82,52,2582,164,801.64,72.55,1.0
12956,232,59,2732,464,801.64,112.28,1.0
12957,200,51,2700,400,801.62,93.63,1.0
12958,167,57,2667,334,801.59,87.28,1.0
12959,74,34,2574,148,801.56,75.22,1.0
12960,74,39,2574,148,801.56,70.36,1.0
12961,59,6,2559,118,801.5,91.68,1.0
12962,93,53,2593,186,801.5,77.27,1.0
12963,50,44,2550,100,801.48,68.33,1.0
12964,65,45,2565,130,801.47,72.97,1.0
12965,94,45,2594,188,801.43,75.4,1.0
12966,170,7,2670,340,801.42,115.93,1.0
12967,85,6,2585,170,801.4,98.33,1.0
12968,88,31,2588,176,801.4,65.25,1.0
12969,269,57,2769,538,801.4,97.79,1.0
12970,94,41,2594,188,801.38,79.79,1.0
12971,94,38,2594,188,801.33,75.29,1.0
12972,248,57,2748,496,801.31,100.49,1.0
12973,33,6,2533,66,801.3,88.81,1.0
12974,178,7,2678,356,801.26,120.67,1.0
12975,77,53,2577,154,801.22,72.46,1.0
12976,151,54,2651,302,801.22,90.97,1.0
12977,118,57,2618,236,801.17,85.34,1.0
12978,189,57,2689,378,801.17,94.14,1.0
12979,100,48,2600,200,801.16,73.97,1.0
12980,156,58,2656,312,801.1,85.59,1.0
12981,173,54,2673,346,801.1,84.3,1.0
12982,67,42,2567,134,801.09,71.03,1.0
12983,214,58,2714,428,801.08,102.77,1.0
12984,293,58,2793,586,801.08,110.32,1.0
12985,85,50,2585,170,801.07,77.77,1.0
12986,129,54,2629,258,801.06,93.86,1.0
12987,252,58,2752,504,801.06,111.43,1.0
12988,53,43,2553,106,801.03,70.38,1.0
12989,174,52,2674,348,801.03,88.61,1.0
12990,50,46,2550,100,801.02,71.39,1.0
12991,97,51,2597,194,800.94,73.07,1.0
12992,240,58,2740,480,800.94,108.33,1.0
12993,51,37,2551,102,800.92,69.49,1.0
12994,113,57,2613,226,800.9,81.99,1.0
12995,72,6,2572,144,800.89,101.66,1.0
12996,60,36,2560,120,800.88,75.16,1.0
12997,49,46,2549,98,800.86,69.28,1.0
12998,90,50,2590,180,800.86,74.43,1.0
12999,245,57,2745,490,800.85,119.33,1.0
13000,141,58,2641,282,800.81,87.55,1.0
13001,182,54,2682,364,800.81,91.18,1.0
13002,53,47,2553,106,800.79,73.57,1.0
13003,86,6,2586,172,800.78,102.23,1.0
13004,194,8,2694,388,800.78,112.42,1.0
13005,174,8,2674,348,800.77,121.88,1.0
13006,45,31,2545,90,800.74,65.0,1.0
13007,89,53,2589,178,800.74,83.28,1.0
13008,115,55,2615,230,800.72,86.22,1.0
13009,14,5,2514,28,800.71,75.08,1.0
13010,94,30,2594,188,800.7,77.96,1.0
13011,75,51,2575,150,800.68,76.77,1.0
13012,247,8,2747,494,800.68,128.48,1.0
13013,184,60,2684,368,800.66,92.05,1.0
13014,164,54,2664,328,800.65,87.32,1.0
13015,74,32,2574,148,800.64,79.72,1.0
13016,64,46,2564,128,800.64,77.99,1.0
13017,135,54,2635,270,800.63,84.79,1.0
13018,94,39,2594,188,800.61,73.9,1.0
13019,137,56,2637,274,800.59,94.62,1.0
13020,260,57,2760,520,800.58,101.86,1.0
13021,239,57,2739,478,800.5,98.72,1.0
13022,51,40,2551,102,800.49,66.47,1.0
13023,71,49,2571,142,800.46,80.97,1.0
13024,58,33,2558,116,800.45,74.46,1.0
13025,108,51,2608,216,800.45,81.86,1.0
13026,50,36,2550,100,800.42,76.23,1.0
13027,42,6,2542,84,800.41,88.19,1.0
13028,186,57,2686,372,800.4,95.59,1.0
13029,219,58,2719,438,800.37,98.11,1.0
13030,205,57,2705,410,800.36,94.77,1.0
13031,178,57,2678,356,800.34,96.89,1.0
13032,224,60,2724,448,800.34,94.15,1.0
13033,276,57,2776,552,800.34,111.09,1.0
13034,262,58,2762,524,800.33,96.55,1.0
13035,150,54,2650,300,800.32,84.43,1.0
13036,65,35,2565,130,800.3,63.21,1.0
13037,217,8,2717,434,800.28,119.07,1.0
13038,137,54,2637,274,800.27,88.6,1.0
13039,51,48,2551,102,800.26,74.56,1.0
13040,157,59,2657,314,800.24,97.2,1.0
13041,115,57,2615,230,800.22,83.0,1.0
13042,13,29,2513,26,800.21,67.92,1.0
13043,22,5,2522,44,800.19,79.98,1.0
13044,49,51,2549,98,800.19,72.68,1.0
13045,64,35,2564,128,800.18,75.02,1.0
13046,132,51,2632,264,800.16,83.57,1.0
13047,61,31,2561,122,800.13,69.86,1.0
13048,53,48,2553,106,800.06,70.68,1.0
13049,229,57,2729,458,800.03,105.54,1.0
13050,277,58,2777,554,800.03,109.5,1.0
13051,51,33,2551,102,800.02,76.35,1.0
13052,92,50,2592,184,800.01,72.66,1.0
13053,166,57,2666,332,800.01,88.07,1.0
13054,176,56,2676,352,800.01,98.39,1.0
13055,63,43,2563,126,799.99,75.41,1.0
13056,213,59,2713,426,799.99,101.95,1.0
13057,167,55,2667,334,799.9,87.11,1.0
13058,229,56,2729,458,799.88,103.57,1.0
13059,67,30,2567,134,799.87,71.35,1.0
13060,255,59,2755,510,799.87,103.4,1.0
13061,99,52,2599,198,799.81,84.36,1.0
13062,64,43,2564,128,799.79,80.4,1.0
13063,116,56,2616,232,799.78,86.08,1.0
13064,224,59,2724,448,799.75,97.32,1.0
13065,51,35,2551,102,799.73,67.06,1.0
13066,83,51,2583,166,799.73,73.85,1.0
13067,74,47,2574,148,799.68,77.13,1.0
13068,117,55,2617,234,799.68,75.18,1.0
13069,104,52,2604,208,799.65,81.05,1.0
13070,177,56,2677,354,799.63,93.61,1.0
13071,191,55,2691,382,799.63,80.84,1.0
13072,47,6,2547,94,799.62,82.98,1.0
13073,85,53,2585,170,799.61,81.36,1.0
13074,65,38,2565,130,799.58,74.72,1.0
13075,50,47,2550,100,799.56,71.16,1.0
13076,54,6,2554,108,799.55,89.32,1.0
13077,85,54,2585,170,799.52,74.73,1.0
13078,115,56,2615,230,799.49,75.3,1.0
13079,106,50,2606,212,799.43,76.01,1.0
13080,288,55,2788,576,799.39,101.1,1.0
13081,37,39,2537,74,799.36,72.25,1.0
13082,30,29,2530,60,799.32,70.45,1.0
13083,177,7,2677,354,799.32,121.3,1.0
13084,294,8,2794,588,799.28,146.15,1.0
13085,60,40,2560,120,799.26,68.15,1.0
13086,68,40,2568,136,799.26,70.07,1.0
13087,86,51,2586,172,799.25,82.6,1.0
13088,73,6,2573,146,799.19,93.79,1.0
13089,280,58,2780,560,799.19,111.79,1.0
13090,64,31,2564,128,799.18,78.68,1.0
13091,195,56,2695,390,799.18,92.53,1.0
13092,84,47,2584,168,799.17,78.87,1.0
13093,298,8,2798,596,799.16,155.68,1.0
13094,49,50,2549,98,799.14,67.41,1.0
13095,78,46,2578,156,799.12,73.95,1.0
13096,66,53,2566,132,799.08,85.63,1.0
13097,148,56,2648,296,799.08,91.51,1.0
13098,214,7,2714,428,799.08,129.29,1.0
13099,155,58,2655,310,799.07,94.73,1.0
13100,207,8,2707,414,799.07,140.57,1.0
13101,54,36,2554,108,799.06,74.09,1.0
13102,67,32,2567,134,799.04,72.9,1.0
13103,244,59,2744,488,799.04,105.69,1.0
13104,53,38,2553,106,799.01,71.62,1.0
13105,173,55,2673,346,799.01,87.03,1.0
13106,73,51,2573,146,798.99,79.25,1.0
13107,94,31,2594,188,798.97,71.58,1.0
13108,83,6,2583,166,798.96,95.98,1.0
13109,84,50,2584,168,798.94,75.91,1.0
13110,100,49,2600,200,798.91,70.12,1.0
13111,195,57,2695,390,798.89,95.42,1.0
13112,67,47,2567,134,798.87,72.09,1.0
13113,145,54,2645,290,798.85,85.94,1.0
13114,53,34,2553,106,798.84,74.64,1.0
13115,174,53,2674,348,798.84,100.78,1.0
13116,84,48,2584,168,798.82,77.29,1.0
13117,40,6,2540,80,798.81,96.06,1.0
13118,205,8,2705,410,798.81,133.02,1.0
13119,51,30,2551,102,798.79,75.09,1.0
13120,54,41,2554,108,798.79,67.95,1.0
13121,63,37,2563,126,798.76,69.88,1.0
13122,94,33,2594,188,798.74,74.83,1.0
13123,112,50,2612,224,798.73,79.51,1.0
13124,160,56,2660,320,798.71,91.34,1.0
13125,63,40,2563,126,798.7,70.45,1.0
13126,64,37,2564,128,798.7,74.55,1.0
13127,202,57,2702,404,798.7,100.49,1.0
13128,45,53,2545,90,798.68,72.46,1.0
13129,53,42,2553,106,798.66,70.11,1.0
13130,124,7,2624,248,798.66,109.51,1.0
13131,25,29,2525,50,798.64,64.46,1.0
13132,134,55,2634,268,798.64,93.67,1.0
13133,221,59,2721,442,798.64,102.16,1.0
13134,53,39,2553,106,798.62,74.06,1.0
13135,62,44,2562,124,798.61,73.7,1.0
13136,269,9,2769,538,798.61,135.97,1.0
13137,166,58,2666,332,798.52,93.27,1.0
13138,251,58,2751,502,798.47,103.1,1.0
13139,61,35,2561,122,798.46,71.29,1.0
13140,85,52,2585,170,798.46,76.08,1.0
13141,126,57,2626,252,798.46,88.38,1.0
13142,271,60,2771,542,798.46,98.01,1.0
13143,121,53,2621,242,798.42,89.58,1.0
13144,121,54,2621,242,798.42,83.01,1.0
13145,236,57,2736,472,798.41,97.92,1.0
13146,243,8,2743,486,798.39,130.16,1.0
13147,103,56,2603,206,798.36,84.63,1.0
13148,120,7,2620,240,798.36,110.68,1.0
13149,67,39,2567,134,798.33,74.63,1.0
13150,97,50,2597,194,798.33,80.01,1.0
13151,136,54,2636,272,798.33,90.52,1.0
13152,72,53,2572,144,798.32,76.57,1.0
13153,150,53,2650,300,798.32,91.2,1.0
13154,231,7,2731,462,798.32,128.22,1.0
13155,64,32,2564,128,798.31,76.17,1.0
13156,218,60,2718,436,798.3,94.1,1.0
13157,79,6,2579,158,798.26,97.3,1.0
13158,54,31,2554,108,798.24,68.78,1.0
13159,91,48,2591,182,798.23,75.14,1.0
13160,274,8,2774,548,798.23,144.95,1.0
13161,74,48,2574,148,798.22,81.96,1.0
13162,98,50,2598,196,798.22,80.45,1.0
13163,53,36,2553,106,798.21,71.94,1.0
13164,102,53,2602,204,798.19,82.82,1.0
13165,41,6,2541,82,798.18,90.76,1.0
13166,70,52,2570,140,798.17,70.02,1.0
13167,216,59,2716,432,798.17,103.66,1.0
13168,64,44,2564,128,798.15,67.35,1.0
13169,66,48,2566,132,798.12,75.5,1.0
13170,99,53,2599,198,798.11,78.39,1.0
13171,134,6,2634,268,798.1,108.4,1.0
13172,83,50,2583,166,798.08,76.54,1.0
13173,290,59,2790,580,798.08,104.67,1.0
13174,49,36,2549,98,798.06,71.83,1.0
13175,153,57,2653,306,798.04,92.36,1.0
13176,295,9,2795,590,798.04,130.32,1.0
13177,64,33,2564,128,798.03,72.94,1.0
13178,53,45,2553,106,798.02,70.46,1.0
13179,54,38,2554,108,798.02,69.22,1.0
13180,188,59,2688,376,798.01,89.13,1.0
13181,70,53,2570,140,798.0,80.83,1.0
13182,92,51,2592,184,798.0,80.44,1.0
13183,73,48,2573,146,797.97,81.19,1.0
13184,109,52,2609,218,797.97,72.82,1.0
13185,86,54,2586,172,797.93,84.85,1.0
13186,201,57,2701,402,797.91,98.53,1.0
13187,54,35,2554,108,797.89,67.38,1.0
13188,80,44,2580,160,797.89,72.1,1.0
13189,266,8,2766,532,797.87,131.14,1.0
13190,89,52,2589,178,797.83,81.29,1.0
13191,61,33,2561,122,797.77,73.33,1.0
13192,19,29,2519,38,797.76,70.67,1.0
13193,67,43,2567,134,797.75,73.96,1.0
13194,67,41,2567,134,797.74,67.76,1.0
13195,64,6,2564,128,797.73,99.87,1.0
13196,50,31,2550,100,797.71,66.62,1.0
13197,54,40,2554,108,797.7,69.35,1.0
13198,274,59,2774,548,797.7,108.87,1.0
13199,51,45,2551,102,797.69,68.05,1.0
13200,229,58,2729,458,797.68,106.85,1.0
13201,94,6,2594,188,797.66,98.84,1.0
13202,151,56,2651,302,797.66,94.17,1.0
13203,118,59,2618,236,797.64,87.06,1.0
13204,109,54,2609,218,797.63,82.54,1.0
13205,100,51,2600,200,797.62,70.53,1.0
13206,63,47,2563,126,797.61,71.22,1.0
13207,67,36,2567,134,797.61,71.08,1.0
13208,54,33,2554,108,797.58,75.77,1.0
13209,45,52,2545,90,797.57,76.21,1.0
13210,105,54,2605,210,797.56,81.28,1.0
13211,95,7,2595,190,797.54,108.36,1.0
13212,105,57,2605,210,797.53,78.81,1.0
13213,65,46,2565,130,797.51,69.46,1.0
13214,113,58,2613,226,797.51,82.54,1.0
13215,69,30,2569,138,797.5,69.65,1.0
13216,126,56,2626,252,797.5,80.19,1.0
13217,78,48,2578,156,797.48,72.36,1.0
13218,80,36,2580,160,797.48,75.29,1.0
13219,246,7,2746,492,797.42,124.66,1.0
13220,94,35,2594,188,797.37,77.53,1.0
13221,90,6,2590,180,797.32,94.39,1.0
13222,122,54,2622,244,797.3,80.89,1.0
13223,225,58,2725,450,797.3,101.58,1.0
13224,64,45,2564,128,797.28,76.3,1.0
13225,188,7,2688,376,797.27,119.13,1.0
13226,45,49,2545,90,797.26,70.47,1.0
13227,80,31,2580,160,797.25,71.63,1.0
13228,172,54,2672,344,797.24,93.08,1.0
13229,125,54,2625,250,797.22,79.83,1.0
13230,262,59,2762,524,797.19,106.33,1.0
13231,230,8,2730,460,797.16,122.39,1.0
13232,76,58,2576,152,797.15,76.67,1.0
13233,230,57,2730,460,797.13,95.0,1.0
13234,45,50,2545,90,797.1,69.56,1.0
13235,77,57,2577,154,797.06,77.3,1.0
13236,48,6,2548,96,797.05,97.47,1.0
13237,262,60,2762,524,797.05,106.06,1.0
13238,68,44,2568,136,797.04,66.2,1.0
13239,199,59,2699,398,797.04,105.58,1.0
13240,237,57,2737,474,796.99,113.14,1.0
13241,243,58,2743,486,796.98,109.05,1.0
13242,51,46,2551,102,796.97,75.42,1.0
13243,68,35,2568,136,796.95,71.94,1.0
13244,107,50,2607,214,796.88,72.02,1.0
13245,54,32,2554,108,796.84,74.46,1.0
13246,78,49,2578,156,796.84,78.12,1.0
13247,4,5,2504,8,796.8,71.93,1.0
13248,119,51,2619,238,796.78,80.44,1.0
13249,61,44,2561,122,796.77,73.76,1.0
13250,293,60,2793,586,796.76,119.56,1.0
13251,76,56,2576,152,796.71,80.53,1.0
13252,64,36,2564,128,796.71,75.76,1.0
13253,72,49,2572,144,796.68,71.53,1.0
13254,147,7,2647,294,796.64,120.31,1.0
13255,171,57,2671,342,796.62,87.66,1.0
13256,138,57,2638,276,796.6,89.74,1.0
13257,298,60,2798,596,796.6,110.24,1.0
13258,62,41,2562,124,796.59,69.3,1.0
13259,62,34,2562,124,796.58,68.22,1.0
13260,123,55,2623,246,796.57,77.98,1.0
13261,58,6,2558,116,796.56,81.88,1.0
13262,62,6,2562,124,796.54,89.65,1.0
13263,78,39,2578,156,796.54,76.1,1.0
13264,73,49,2573,146,796.52,83.22,1.0
13265,51,32,2551,102,796.51,68.16,1.0
13266,51,42,2551,102,796.48,72.76,1.0
13267,68,31,2568,136,796.44,68.03,1.0
13268,200,52,2700,400,796.42,82.59,1.0
13269,8,29,2508,16,796.41,75.65,1.0
13270,100,54,2600,200,796.38,77.52,1.0
13271,69,40,2569,138,796.36,69.03,1.0
13272,68,46,2568,136,796.36,65.4,1.0
13273,100,6,2600,200,796.36,101.28,1.0
13274,58,43,2558,116,796.33,68.32,1.0
13275,54,46,2554,108,796.3,71.81,1.0
13276,146,59,2646,292,796.28,90.32,1.0
13277,198,56,2698,396,796.28,100.39,1.0
13278,75,52,2575,150,796.26,77.62,1.0
13279,60,41,2560,120,796.25,79.56,1.0
13280,197,56,2697,394,796.23,95.19,1.0
13281,67,37,2567,134,796.22,69.52,1.0
13282,89,54,2589,178,796.22,80.45,1.0
13283,129,53,2629,258,796.21,87.23,1.0
13284,49,5,2549,98,796.2,85.93,1.0
13285,89,51,2589,178,796.2,78.23,1.0
13286,151,55,2651,302,796.19,99.37,1.0
13287,126,58,2626,252,796.18,93.36,1.0
13288,140,52,2640,280,796.15,75.17,1.0
13289,90,52,2590,180,796.14,80.09,1.0
13290,91,50,2591,182,796.13,77.3,1.0
13291,154,55,2654,308,796.12,93.24,1.0
13292,161,6,2661,322,796.11,119.9,1.0
13293,51,34,2551,102,796.08,68.88,1.0
13294,290,60,2790,580,796.08,108.6,1.0
13295,104,53,2604,208,796.07,84.35,1.0
13296,131,56,2631,262,796.07,88.47,1.0
13297,241,58,2741,482,796.06,101.95,1.0
13298,37,45,2537,74,796.03,70.37,1.0
13299,171,56,2671,342,796.03,88.66,1.0
13300,179,56,2679,358,796.01,93.69,1.0
13301,37,41,2537,74,796.0,72.9,1.0
13302,275,59,2775,550,796.0,107.9,1.0
13303,152,56,2652,304,795.98,84.81,1.0
13304,128,55,2628,256,795.97,87.38,1.0
13305,121,55,2621,242,795.95,77.78,1.0
13306,63,31,2563,126,795.94,76.04,1.0
13307,72,52,2572,144,795.93,75.28,1.0
13308,88,35,2588,176,795.92,65.79,1.0
13309,71,55,2571,142,795.9,77.97,1.0
13310,136,52,2636,272,795.89,87.31,1.0
13311,159,56,2659,318,795.88,89.16,1.0
13312,75,53,2575,150,795.85,74.83,1.0
13313,96,53,2596,192,795.84,76.32,1.0
13314,91,49,2591,182,795.82,78.39,1.0
13315,54,44,2554,108,795.81,66.31,1.0
13316,49,49,2549,98,795.78,73.56,1.0
13317,60,39,2560,120,795.75,69.54,1.0
13318,101,54,2601,202,795.75,79.71,1.0
13319,135,56,2635,270,795.74,89.82,1.0
13320,66,50,2566,132,795.69,79.51,1.0
13321,144,56,2644,288,795.69,83.29,1.0
13322,45,51,2545,90,795.68,70.26,1.0
13323,80,41,2580,160,795.67,78.41,1.0
13324,88,46,2588,176,795.62,73.36,1.0
13325,177,57,2677,354,795.62,92.56,1.0
13326,162,7,2662,324,795.62,129.24,1.0
13327,68,32,2568,136,795.55,68.34,1.0
13328,90,55,2590,180,795.54,84.35,1.0
13329,257,60,2757,514,795.54,101.2,1.0
13330,63,32,2563,126,795.51,73.81,1.0
13331,93,54,2593,186,795.5,78.27,1.0
13332,96,52,2596,192,795.4,73.47,1.0
13333,136,53,2636,272,795.39,85.85,1.0
13334,176,57,2676,352,795.39,98.17,1.0
13335,291,8,2791,582,795.39,134.01,1.0
13336,147,56,2647,294,795.38,89.97,1.0
13337,203,60,2703,406,795.38,92.77,1.0
13338,53,51,2553,106,795.35,71.36,1.0
13339,53,31,2553,106,795.34,67.4,1.0
13340,72,50,2572,144,795.34,73.69,1.0
13341,67,48,2567,134,795.34,71.21,1.0
13342,74,46,2574,148,795.33,75.7,1.0
13343,117,6,2617,234,795.33,101.29,1.0
13344,293,8,2793,586,795.33,150.89,1.0
13345,49,53,2549,98,795.32,73.53,1.0
13346,95,49,2595,190,795.32,73.56,1.0
13347,83,55,2583,166,795.32,73.71,1.0
13348,235,60,2735,470,795.32,100.91,1.0
13349,155,7,2655,310,795.28,122.31,1.0
13350,165,56,2665,330,795.28,98.6,1.0
13351,189,58,2689,378,795.26,89.21,1.0
13352,70,54,2570,140,795.25,77.98,1.0
13353,220,58,2720,440,795.25,100.36,1.0
13354,78,47,2578,156,795.21,74.67,1.0
13355,201,59,2701,402,795.18,100.67,1.0
13356,100,53,2600,200,795.15,76.76,1.0
13357,185,58,2685,370,795.12,94.76,1.0
13358,68,41,2568,136,795.1,69.25,1.0
13359,102,52,2602,204,795.1,73.01,1.0
13360,113,59,2613,226,795.1,84.44,1.0
13361,226,60,2726,452,795.09,109.92,1.0
13362,58,30,2558,116,795.07,66.57,1.0
13363,67,46,2567,134,795.06,72.89,1.0
13364,100,52,2600,200,795.06,72.66,1.0
13365,100,55,2600,200,795.04,77.3,1.0
13366,241,59,2741,482,795.04,101.82,1.0
13367,50,45,2550,100,795.0,77.3,1.0
13368,68,43,2568,136,794.99,79.04,1.0
13369,124,51,2624,248,794.99,85.74,1.0
13370,68,42,2568,136,794.92,74.9,1.0
13371,84,51,2584,168,794.88,79.78,1.0
13372,203,7,2703,406,794.88,124.55,1.0
13373,17,5,2517,34,794.86,71.68,1.0
13374,213,60,2713,426,794.81,105.7,1.0
13375,227,60,2727,454,794.81,104.69,1.0
13376,95,50,2595,190,794.8,80.12,1.0
13377,81,50,2581,162,794.8,78.79,1.0
13378,143,56,2643,286,794.76,91.93,1.0
13379,53,50,2553,106,794.73,70.53,1.0
13380,45,54,2545,90,794.72,76.72,1.0
13381,133,58,2633,266,794.72,84.44,1.0
13382,32,6,2532,64,794.71,86.36,1.0
13383,9,29,2509,18,794.7,72.62,1.0
13384,114,56,2614,228,794.7,88.12,1.0
13385,68,38,2568,136,794.68,71.55,1.0
13386,135,55,2635,270,794.67,91.93,1.0
13387,169,56,2669,338,794.65,91.27,1.0
13388,192,56,2692,384,794.65,95.27,1.0
13389,63,41,2563,126,794.64,70.7,1.0
13390,80,34,2580,160,794.64,72.76,1.0
13391,60,44,2560,120,794.62,76.56,1.0
13392,123,56,2623,246,794.6,84.78,1.0
13393,144,58,2644,288,794.57,84.87,1.0
13394,79,51,2579,158,794.54,79.42,1.0
13395,112,51,2612,224,794.53,75.11,1.0
13396,168,58,2668,336,794.53,94.93,1.0
13397,63,48,2563,126,794.52,72.32,1.0
13398,94,46,2594,188,794.48,77.86,1.0
13399,64,38,2564,128,794.48,74.52,1.0
13400,143,55,2643,286,794.45,88.09,1.0
13401,64,40,2564,128,794.4,75.99,1.0
13402,86,55,2586,172,794.39,85.23,1.0
13403,79,50,2579,158,794.38,78.92,1.0
13404,80,33,2580,160,794.37,75.0,1.0
13405,101,53,2601,202,794.37,82.45,1.0
13406,68,36,2568,136,794.36,66.28,1.0
13407,154,56,2654,308,794.35,90.85,1.0
13408,187,8,2687,374,794.35,124.78,1.0
13409,54,43,2554,108,794.3,69.8,1.0
13410,44,54,2544,88,794.28,76.59,1.0
13411,69,36,2569,138,794.24,69.89,1.0
13412,60,35,2560,120,794.22,73.53,1.0
13413,62,32,2562,124,794.22,66.1,1.0
13414,247,60,2747,494,794.22,98.06,1.0
13415,51,36,2551,102,794.21,71.08,1.0
13416,292,56,2792,584,794.2,112.82,1.0
13417,237,58,2737,474,794.19,96.62,1.0
13418,87,55,2587,174,794.16,77.87,1.0
13419,161,60,2661,322,794.16,98.87,1.0
13420,181,59,2681,362,794.16,102.68,1.0
13421,158,7,2658,316,794.11,106.46,1.0
13422,53,46,2553,106,794.07,72.47,1.0
13423,150,55,2650,300,794.07,86.74,1.0
13424,148,58,2648,296,794.06,87.79,1.0
13425,59,44,2559,118,794.03,70.34,1.0
13426,65,51,2565,130,794.02,76.76,1.0
13427,81,52,2581,162,794.0,76.65,1.0
13428,63,46,2563,126,794.0,74.83,1.0
13429,106,49,2606,212,794.0,74.39,1.0
13430,46,31,2546,92,793.98,68.53,1.0
13431,111,51,2611,222,793.96,76.79,1.0
13432,139,59,2639,278,793.95,90.24,1.0
13433,270,8,2770,540,793.9,137.65,1.0
13434,60,43,2560,120,793.88,68.05,1.0
13435,95,52,2595,190,793.88,80.08,1.0
13436,165,57,2665,330,793.88,97.99,1.0
13437,176,7,2676,352,793.88,115.6,1.0
13438,110,53,2610,220,793.83,76.69,1.0
13439,37,37,2537,74,793.81,71.47,1.0
13440,77,5,2577,154,793.8,86.94,1.0
13441,60,31,2560,120,793.76,76.77,1.0
13442,171,58,2671,342,793.76,85.61,1.0
13443,110,6,2610,220,793.72,93.93,1.0
13444,50,48,2550,100,793.68,73.15,1.0
13445,107,51,2607,214,793.56,73.35,1.0
13446,97,7,2597,194,793.55,104.57,1.0
13447,58,38,2558,116,793.46,67.18,1.0
13448,84,52,2584,168,793.44,80.15,1.0
13449,24,43,2524,48,793.43,74.61,1.0
13450,63,6,2563,126,793.42,98.03,1.0
13451,51,44,2551,102,793.41,66.31,1.0
13452,73,47,2573,146,793.41,85.54,1.0
13453,57,52,2557,114,793.39,72.06,1.0
13454,71,54,2571,142,793.37,84.78,1.0
13455,138,56,2638,276,793.34,87.33,1.0
13456,250,59,2750,500,793.34,106.81,1.0
13457,59,41,2559,118,793.33,67.82,1.0
13458,95,51,2595,190,793.3,75.43,1.0
13459,132,53,2632,264,793.3,77.78,1.0
13460,207,56,2707,414,793.26,105.16,1.0
13461,180,58,2680,360,793.25,100.83,1.0
13462,72,51,2572,144,793.23,72.94,1.0
13463,268,56,2768,536,793.23,98.24,1.0
13464,295,58,2795,590,793.23,105.46,1.0
13465,37,35,2537,74,793.22,76.81,1.0
13466,62,39,2562,124,793.21,69.74,1.0
13467,87,56,2587,174,793.18,76.76,1.0
13468,254,58,2754,508,793.17,108.81,1.0
13469,71,53,2571,142,793.14,78.08,1.0
13470,132,54,2632,264,793.13,84.18,1.0
13471,201,58,2701,402,793.11,98.63,1.0
13472,116,58,2616,232,793.08,88.31,1.0
13473,120,52,2620,240,793.05,82.48,1.0
13474,61,32,2561,122,793.04,78.11,1.0
13475,63,45,2563,126,793.02,76.39,1.0
13476,164,56,2664,328,793.01,86.28,1.0
13477,270,59,2770,540,793.0,109.55,1.0
13478,82,53,2582,164,792.99,71.55,1.0
13479,109,53,2609,218,792.97,78.54,1.0
13480,292,9,2792,584,792.95,140.97,1.0
13481,171,7,2671,342,792.94,112.93,1.0
13482,86,57,2586,172,792.9,90.62,1.0
13483,69,35,2569,138,792.89,70.43,1.0
13484,52,38,2552,104,792.88,75.14,1.0
13485,272,8,2772,544,792.87,141.34,1.0
13486,174,54,2674,348,792.8,94.61,1.0
13487,205,58,2705,410,792.79,103.48,1.0
13488,90,54,2590,180,792.78,81.28,1.0
13489,65,47,2565,130,792.75,74.78,1.0
13490,60,34,2560,120,792.74,67.52,1.0
13491,242,8,2742,484,792.72,136.01,1.0
13492,105,6,2605,210,792.69,107.78,1.0
13493,62,30,2562,124,792.67,74.14,1.0
13494,208,8,2708,416,792.67,128.04,1.0
13495,62,38,2562,124,792.64,75.04,1.0
13496,260,8,2760,520,792.64,132.83,1.0
13497,105,56,2605,210,792.63,80.07,1.0
13498,142,56,2642,284,792.58,91.85,1.0
13499,79,52,2579,158,792.56,82.71,1.0
13500,156,60,2656,312,792.56,92.48,1.0
13501,66,57,2566,132,792.55,79.25,1.0
13502,68,34,2568,136,792.52,65.66,1.0
13503,73,52,2573,146,792.49,75.93,1.0
13504,46,43,2546,92,792.48,72.12,1.0
13505,81,51,2581,162,792.47,77.18,1.0
13506,252,8,2752,504,792.47,132.98,1.0
13507,127,56,2627,254,792.45,88.39,1.0
13508,123,57,2623,246,792.43,81.95,1.0
13509,59,31,2559,118,792.36,77.67,1.0
13510,250,58,2750,500,792.36,107.27,1.0
13511,61,41,2561,122,792.34,76.81,1.0
13512,264,7,2764,528,792.34,129.56,1.0
13513,293,59,2793,586,792.34,108.55,1.0
13514,117,56,2617,234,792.32,84.22,1.0
13515,116,60,2616,232,792.3,89.77,1.0
13516,2,5,2502,4,792.26,82.75,1.0
13517,60,46,2560,120,792.26,76.84,1.0
13518,53,35,2553,106,792.23,70.08,1.0
13519,49,55,2549,98,792.23,72.06,1.0
13520,60,42,2560,120,792.18,68.0,1.0
13521,80,37,2580,160,792.15,78.42,1.0
13522,283,8,2783,566,792.15,148.28,1.0
13523,262,8,2762,524,792.14,123.3,1.0
13524,118,60,2618,236,792.13,91.13,1.0
13525,175,7,2675,350,792.12,116.89,1.0
13526,61,34,2561,122,792.05,69.74,1.0
13527,216,58,2716,432,792.05,99.46,1.0
13528,254,57,2754,508,792.05,102.01,1.0
13529,22,40,2522,44,792.04,66.67,1.0
13530,62,43,2562,124,792.04,75.16,1.0
13531,242,60,2742,484,792.01,105.34,1.0
13532,116,57,2616,232,792.0,91.14,1.0
13533,83,49,2583,166,791.96,68.34,1.0
13534,68,33,2568,136,791.96,66.44,1.0
13535,267,59,2767,534,791.96,120.64,1.0
13536,244,60,2744,488,791.95,102.13,1.0
13537,49,54,2549,98,791.94,81.63,1.0
13538,32,29,2532,64,791.92,69.67,1.0
13539,60,45,2560,120,791.92,73.61,1.0
13540,106,52,2606,212,791.89,83.26,1.0
13541,122,56,2622,244,791.89,83.97,1.0
13542,60,38,2560,120,791.86,69.95,1.0
13543,62,47,2562,124,791.86,67.74,1.0
13544,168,59,2668,336,791.86,97.38,1.0
13545,211,58,2711,422,791.86,102.45,1.0
13546,45,57,2545,90,791.83,77.02,1.0
13547,60,48,2560,120,791.82,72.04,1.0
13548,87,54,2587,174,791.81,85.5,1.0
13549,148,55,2648,296,791.8,85.26,1.0
13550,228,7,2728,456,791.77,137.56,1.0
13551,297,60,2797,594,791.77,115.48,1.0
13552,112,7,2612,224,791.76,103.06,1.0
13553,56,41,2556,112,791.75,74.84,1.0
13554,56,33,2556,112,791.72,74.43,1.0
13555,65,48,2565,130,791.7,74.21,1.0
13556,99,54,2599,198,791.7,81.69,1.0
13557,1,29,2501,2,791.69,68.29,1.0
13558,46,44,2546,92,791.68,67.84,1.0
13559,149,60,2649,298,791.66,94.99,1.0
13560,52,39,2552,104,791.64,70.11,1.0
13561,52,32,2552,104,791.62,75.07,1.0
13562,46,42,2546,92,791.62,65.3,1.0
13563,99,55,2599,198,791.6,88.72,1.0
13564,69,31,2569,138,791.58,75.16,1.0
13565,54,34,2554,108,791.47,72.67,1.0
13566,214,60,2714,428,791.4,99.16,1.0
13567,107,52,2607,214,791.35,79.01,1.0
13568,37,32,2537,74,791.33,73.24,1.0
13569,136,55,2636,272,791.28,86.21,1.0
13570,234,57,2734,468,791.28,100.72,1.0
13571,74,49,2574,148,791.27,79.96,1.0
13572,230,56,2730,460,791.25,90.88,1.0
13573,44,56,2544,88,791.21,79.65,1.0
13574,112,52,2612,224,791.2,78.44,1.0
13575,37,40,2537,74,791.18,83.95,1.0
13576,59,37,2559,118,791.14,71.4,1.0
13577,69,33,2569,138,791.14,71.6,1.0
13578,69,44,2569,138,791.13,69.38,1.0
13579,112,53,2612,224,791.13,80.09,1.0
13580,134,57,2634,268,791.13,85.85,1.0
13581,156,59,2656,312,791.08,101.41,1.0
13582,204,58,2704,408,791.08,102.91,1.0
13583,54,42,2554,108,791.06,72.1,1.0
13584,62,33,2562,124,791.01,70.17,1.0
13585,37,5,2537,74,790.96,83.89,1.0
13586,169,58,2669,338,790.96,103.74,1.0
13587,56,38,2556,112,790.95,74.97,1.0
13588,22,36,2522,44,790.92,67.27,1.0
13589,94,47,2594,188,790.89,77.99,1.0
13590,11,5,2511,22,790.88,79.92,1.0
13591,62,37,2562,124,790.87,76.7,1.0
13592,69,34,2569,138,790.84,77.72,1.0
13593,59,40,2559,118,790.8,76.47,1.0
13594,61,40,2561,122,790.78,66.97,1.0
13595,37,43,2537,74,790.73,73.86,1.0
13596,168,6,2668,336,790.73,124.66,1.0
13597,62,40,2562,124,790.66,71.89,1.0
13598,101,6,2601,202,790.66,108.15,1.0
13599,46,41,2546,92,790.65,67.44,1.0
13600,127,57,2627,254,790.64,90.26,1.0
13601,222,57,2722,444,790.64,104.42,1.0
13602,96,56,2596,192,790.61,83.08,1.0
13603,247,59,2747,494,790.6,99.57,1.0
13604,51,47,2551,102,790.55,73.25,1.0
13605,148,57,2648,296,790.55,89.04,1.0
13606,130,55,2630,260,790.53,88.74,1.0
13607,268,8,2768,536,790.48,129.64,1.0
13608,76,60,2576,152,790.46,83.89,1.0
13609,44,5,2544,88,790.45,84.72,1.0
13610,172,55,2672,344,790.44,91.76,1.0
13611,120,53,2620,240,790.42,85.96,1.0
13612,228,59,2728,456,790.42,101.16,1.0
13613,209,59,2709,418,790.39,100.48,1.0
13614,103,6,2603,206,790.36,108.77,1.0
13615,140,53,2640,280,790.36,81.14,1.0
13616,60,47,2560,120,790.3,73.27,1.0
13617,37,44,2537,74,790.27,71.71,1.0
13618,22,35,2522,44,790.27,73.56,1.0
13619,61,6,2561,122,790.26,90.67,1.0
13620,217,60,2717,434,790.25,97.5,1.0
13621,59,34,2559,118,790.24,69.28,1.0
13622,60,37,2560,120,790.24,76.54,1.0
13623,83,53,2583,166,790.24,71.87,1.0
13624,111,50,2611,222,790.24,79.2,1.0
13625,175,58,2675,350,790.23,93.7,1.0
13626,85,55,2585,170,790.2,83.57,1.0
13627,96,55,2596,192,790.2,84.09,1.0
13628,58,32,2558,116,790.18,77.01,1.0
13629,64,50,2564,128,790.17,73.47,1.0
13630,46,39,2546,92,790.13,71.63,1.0
13631,61,37,2561,122,790.13,69.91,1.0
13632,67,45,2567,134,790.12,80.7,1.0
13633,52,42,2552,104,790.1,68.66,1.0
13634,59,42,2559,118,790.09,72.07,1.0
13635,50,52,2550,100,790.06,74.04,1.0
13636,129,55,2629,258,790.04,86.18,1.0
13637,136,56,2636,272,790.02,89.38,1.0
13638,81,54,2581,162,789.98,85.84,1.0
13639,97,53,2597,194,789.98,80.19,1.0
13640,210,7,2710,420,789.95,117.77,1.0
13641,239,8,2739,478,789.94,119.3,1.0
13642,160,58,2660,320,789.92,98.79,1.0
13643,80,32,2580,160,789.9,66.73,1.0
13644,80,39,2580,160,789.88,73.99,1.0
13645,84,6,2584,168,789.87,97.46,1.0
13646,77,56,2577,154,789.81,80.14,1.0
13647,169,7,2669,338,789.77,122.23,1.0
13648,208,57,2708,416,789.77,101.34,1.0
13649,78,52,2578,156,789.72,82.91,1.0
13650,66,49,2566,132,789.7,83.73,1.0
13651,128,54,2628,256,789.7,80.4,1.0
13652,66,52,2566,132,789.69,77.81,1.0
13653,147,59,2647,294,789.68,88.54,1.0
13654,58,35,2558,116,789.66,67.34,1.0
13655,164,57,2664,328,789.65,88.83,1.0
13656,60,32,2560,120,789.64,77.42,1.0
13657,56,39,2556,112,789.63,69.31,1.0
13658,54,39,2554,108,789.61,67.11,1.0
13659,131,57,2631,262,789.59,94.14,1.0
13660,24,31,2524,48,789.57,72.48,1.0
13661,109,55,2609,218,789.57,82.78,1.0
13662,69,42,2569,138,789.56,78.5,1.0
13663,192,55,2692,384,789.54,92.6,1.0
13664,49,52,2549,98,789.51,74.84,1.0
13665,152,57,2652,304,789.51,92.79,1.0
13666,188,60,2688,376,789.5,93.98,1.0
13667,93,59,2593,186,789.49,77.39,1.0
13668,55,44,2555,110,789.46,73.6,1.0
13669,59,32,2559,118,789.46,67.99,1.0
13670,58,40,2558,116,789.45,69.1,1.0
13671,151,57,2651,302,789.42,96.03,1.0
13672,59,38,2559,118,789.41,71.01,1.0
13673,209,7,2709,418,789.4,126.69,1.0
13674,149,57,2649,298,789.36,97.31,1.0
13675,61,43,2561,122,789.35,72.51,1.0
13676,15,5,2515,30,789.34,74.63,1.0
13677,133,60,2633,266,789.3,87.56,1.0
13678,88,48,2588,176,789.29,72.0,1.0
13679,80,43,2580,160,789.28,73.38,1.0
13680,110,55,2610,220,789.23,79.44,1.0
13681,152,58,2652,304,789.23,94.25,1.0
13682,85,56,2585,170,789.21,87.12,1.0
13683,103,57,2603,206,789.2,87.59,1.0
13684,91,51,2591,182,789.18,80.74,1.0
13685,212,59,2712,424,789.18,109.48,1.0
13686,71,5,2571,142,789.17,95.11,1.0
13687,54,48,2554,108,789.11,75.32,1.0
13688,98,54,2598,196,789.11,82.98,1.0
13689,22,37,2522,44,789.08,72.69,1.0
13690,108,53,2608,216,789.08,86.93,1.0
13691,48,41,2548,96,789.06,74.73,1.0
13692,93,6,2593,186,789.06,105.09,1.0
13693,100,57,2600,200,789.06,76.56,1.0
13694,135,57,2635,270,789.05,92.35,1.0
13695,58,44,2558,116,789.02,74.59,1.0
13696,46,35,2546,92,789.0,71.77,1.0
13697,183,55,2683,366,788.99,98.77,1.0
13698,45,59,2545,90,788.98,76.89,1.0
13699,201,7,2701,402,788.98,123.28,1.0
13700,266,60,2766,532,788.94,104.02,1.0
13701,80,42,2580,160,788.92,76.04,1.0
13702,237,59,2737,474,788.92,102.17,1.0
13703,52,35,2552,104,788.9,76.19,1.0
13704,105,58,2605,210,788.89,88.31,1.0
13705,150,7,2650,300,788.89,112.29,1.0
13706,59,36,2559,118,788.88,66.35,1.0
13707,119,50,2619,238,788.88,82.28,1.0
13708,197,57,2697,394,788.84,100.72,1.0
13709,285,59,2785,570,788.84,107.84,1.0
13710,24,45,2524,48,788.82,76.55,1.0
13711,91,6,2591,182,788.82,103.0,1.0
13712,284,59,2784,568,788.8,98.08,1.0
13713,139,60,2639,278,788.78,88.42,1.0
13714,122,57,2622,244,788.77,92.78,1.0
13715,229,59,2729,458,788.76,112.01,1.0
13716,165,7,2665,330,788.74,114.4,1.0
13717,154,58,2654,308,788.73,90.05,1.0
13718,22,38,2522,44,788.71,69.61,1.0
13719,285,8,2785,570,788.7,141.91,1.0
13720,64,52,2564,128,788.68,78.42,1.0
13721,185,59,2685,370,788.63,104.33,1.0
13722,66,51,2566,132,788.6,74.65,1.0
13723,140,56,2640,280,788.53,85.49,1.0
13724,44,55,2544,88,788.51,81.85,1.0
13725,149,56,2649,298,788.51,90.21,1.0
13726,50,49,2550,100,788.5,74.71,1.0
13727,56,35,2556,112,788.49,70.82,1.0
13728,119,53,2619,238,788.48,83.54,1.0
13729,63,51,2563,126,788.47,74.69,1.0
13730,145,55,2645,290,788.46,85.27,1.0
13731,58,31,2558,116,788.44,71.26,1.0
13732,98,52,2598,196,788.43,75.91,1.0
13733,52,40,2552,104,788.39,70.33,1.0
13734,52,41,2552,104,788.39,68.75,1.0
13735,22,41,2522,44,788.38,69.57,1.0
13736,61,36,2561,122,788.38,73.72,1.0
13737,80,47,2580,160,788.38,77.98,1.0
13738,111,52,2611,222,788.38,85.16,1.0
13739,52,33,2552,104,788.36,73.39,1.0
13740,80,38,2580,160,788.36,75.44,1.0
13741,7,29,2507,14,788.34,65.53,1.0
13742,77,58,2577,154,788.32,86.02,1.0
13743,65,50,2565,130,788.23,73.26,1.0
13744,24,32,2524,48,788.19,73.36,1.0
13745,37,36,2537,74,788.19,72.22,1.0
13746,101,55,2601,202,788.17,89.08,1.0
13747,141,59,2641,282,788.14,89.01,1.0
13748,154,57,2654,308,788.12,87.19,1.0
13749,56,36,2556,112,788.11,75.99,1.0
13750,61,30,2561,122,788.08,72.54,1.0
13751,73,53,2573,146,788.03,78.53,1.0
13752,288,9,2788,576,787.99,135.33,1.0
13753,140,54,2640,280,787.93,86.07,1.0
13754,58,34,2558,116,787.87,72.21,1.0
13755,56,43,2556,112,787.86,77.44,1.0
13756,210,59,2710,420,787.84,90.87,1.0
13757,227,7,2727,454,787.83,136.81,1.0
13758,52,44,2552,104,787.78,73.65,1.0
13759,117,57,2617,234,787.78,88.55,1.0
13760,185,60,2685,370,787.78,97.89,1.0
13761,62,36,2562,124,787.77,67.75,1.0
13762,206,60,2706,412,787.74,110.45,1.0
13763,37,38,2537,74,787.72,73.3,1.0
13764,46,37,2546,92,787.72,72.61,1.0
13765,74,52,2574,148,787.72,74.27,1.0
13766,125,57,2625,250,787.71,76.58,1.0
13767,88,49,2588,176,787.65,75.08,1.0
13768,108,54,2608,216,787.63,79.94,1.0
13769,107,53,2607,214,787.62,70.23,1.0
13770,80,49,2580,160,787.62,74.45,1.0
13771,228,58,2728,456,787.62,104.85,1.0
13772,58,39,2558,116,787.58,73.62,1.0
13773,58,45,2558,116,787.58,69.73,1.0
13774,137,58,2637,274,787.56,90.99,1.0
13775,249,9,2749,498,787.56,130.2,1.0
13776,37,31,2537,74,787.54,79.62,1.0
13777,119,52,2619,238,787.54,86.63,1.0
13778,55,41,2555,110,787.5,66.94,1.0
13779,277,59,2777,554,787.47,114.39,1.0
13780,58,36,2558,116,787.45,65.99,1.0
13781,69,43,2569,138,787.43,73.26,1.0
13782,55,35,2555,110,787.42,74.64,1.0
13783,58,41,2558,116,787.41,75.57,1.0
13784,94,48,2594,188,787.4,79.4,1.0
13785,68,37,2568,136,787.4,72.11,1.0
13786,61,46,2561,122,787.37,75.63,1.0
13787,62,46,2562,124,787.36,71.96,1.0
13788,6,29,2506,12,787.33,66.47,1.0
13789,49,57,2549,98,787.33,75.03,1.0
13790,97,52,2597,194,787.33,73.79,1.0
13791,76,59,2576,152,787.32,82.77,1.0
13792,78,50,2578,156,787.3,78.31,1.0
13793,37,33,2537,74,787.29,74.56,1.0
13794,60,6,2560,120,787.28,100.33,1.0
13795,176,58,2676,352,787.28,97.44,1.0
13796,220,59,2720,440,787.28,105.99,1.0
13797,71,56,2571,142,787.25,75.44,1.0
13798,72,55,2572,144,787.25,78.56,1.0
13799,22,30,2522,44,787.24,75.35,1.0
13800,102,54,2602,204,787.24,77.49,1.0
13801,56,30,2556,112,787.22,80.22,1.0
13802,163,60,2663,326,787.2,93.78,1.0
13803,193,58,2693,386,787.2,108.93,1.0
13804,59,39,2559,118,787.19,74.35,1.0
13805,236,8,2736,472,787.16,139.27,1.0
13806,291,60,2791,582,787.16,122.09,1.0
13807,98,55,2598,196,787.14,88.84,1.0
13808,153,58,2653,306,787.13,98.31,1.0
13809,282,58,2782,564,787.11,103.88,1.0
13810,67,51,2567,134,787.08,75.42,1.0
13811,228,57,2728,456,787.07,104.41,1.0
13812,69,38,2569,138,787.06,67.39,1.0
13813,80,45,2580,160,787.06,72.93,1.0
13814,55,33,2555,110,787.05,77.96,1.0
13815,22,34,2522,44,787.04,79.04,1.0
13816,89,55,2589,178,787.03,86.63,1.0
13817,289,58,2789,578,787.02,109.9,1.0
13818,202,58,2702,404,786.92,104.45,1.0
13819,278,58,2778,556,786.92,109.02,1.0
13820,24,39,2524,48,786.89,65.21,1.0
13821,173,7,2673,346,786.87,115.6,1.0
13822,147,57,2647,294,786.85,87.41,1.0
13823,52,49,2552,104,786.82,72.34,1.0
13824,54,45,2554,108,786.82,79.99,1.0
13825,145,56,2645,290,786.8,81.83,1.0
13826,269,59,2769,538,786.8,105.58,1.0
13827,170,57,2670,340,786.79,92.02,1.0
13828,46,30,2546,92,786.75,68.81,1.0
13829,69,39,2569,138,786.75,74.26,1.0
13830,163,6,2663,326,786.74,116.12,1.0
13831,281,8,2781,562,786.67,149.82,1.0
13832,167,59,2667,334,786.64,86.39,1.0
13833,55,43,2555,110,786.63,75.81,1.0
13834,182,55,2682,364,786.63,90.28,1.0
13835,60,30,2560,120,786.6,74.8,1.0
13836,37,30,2537,74,786.59,74.46,1.0
13837,224,7,2724,448,786.58,130.33,1.0
13838,71,57,2571,142,786.51,82.74,1.0
13839,45,55,2545,90,786.5,78.36,1.0
13840,219,59,2719,438,786.49,98.65,1.0
13841,135,58,2635,270,786.48,95.79,1.0
13842,207,57,2707,414,786.44,94.48,1.0
13843,61,38,2561,122,786.42,72.44,1.0
13844,157,6,2657,314,786.42,121.63,1.0
13845,88,47,2588,176,786.41,69.86,1.0
13846,22,43,2522,44,786.4,67.76,1.0
13847,39,35,2539,78,786.39,69.12,1.0
13848,131,58,2631,262,786.38,89.94,1.0
13849,50,50,2550,100,786.37,77.85,1.0
13850,37,42,2537,74,786.35,74.24,1.0
13851,56,49,2556,112,786.35,73.3,1.0
13852,52,31,2552,104,786.34,73.39,1.0
13853,70,55,2570,140,786.34,79.18,1.0
13854,144,59,2644,288,786.34,95.76,1.0
13855,84,55,2584,168,786.26,79.23,1.0
13856,131,6,2631,262,786.26,112.16,1.0
13857,52,30,2552,104,786.25,69.15,1.0
13858,92,52,2592,184,786.2,82.82,1.0
13859,245,58,2745,490,786.2,106.97,1.0
13860,95,53,2595,190,786.18,78.71,1.0
13861,56,34,2556,112,786.16,77.46,1.0
13862,290,8,2790,580,786.16,132.54,1.0
13863,96,57,2596,192,786.13,84.27,1.0
13864,48,40,2548,96,786.11,76.53,1.0
13865,72,56,2572,144,786.1,81.24,1.0
13866,125,56,2625,250,786.1,90.05,1.0
13867,20,5,2520,40,786.08,75.92,1.0
13868,69,45,2569,138,786.08,69.38,1.0
13869,190,60,2690,380,786.06,91.58,1.0
13870,48,44,2548,96,786.04,80.91,1.0
13871,195,7,2695,390,786.04,115.35,1.0
13872,52,36,2552,104,786.03,73.01,1.0
13873,94,51,2594,188,786.03,90.0,1.0
13874,22,42,2522,44,786.0,65.44,1.0
13875,90,53,2590,180,785.99,80.51,1.0
13876,249,57,2749,498,785.98,92.73,1.0
13877,144,57,2644,288,785.96,88.26,1.0
13878,180,59,2680,360,785.96,94.34,1.0
13879,10,5,2510,20,785.94,77.58,1.0
13880,59,35,2559,118,785.92,72.29,1.0
13881,160,57,2660,320,785.9,93.4,1.0
13882,214,59,2714,428,785.9,107.58,1.0
13883,83,52,2583,166,785.87,74.97,1.0
13884,61,45,2561,122,785.86,76.5,1.0
13885,48,39,2548,96,785.85,75.68,1.0
13886,104,54,2604,208,785.81,82.86,1.0
13887,63,50,2563,126,785.8,79.91,1.0
13888,110,54,2610,220,785.8,82.82,1.0
13889,83,54,2583,166,785.77,80.24,1.0
13890,39,32,2539,78,785.76,68.13,1.0
13891,124,54,2624,248,785.76,83.33,1.0
13892,276,58,2776,552,785.75,112.92,1.0
13893,22,33,2522,44,785.74,71.38,1.0
13894,178,60,2678,356,785.74,92.74,1.0
13895,22,31,2522,44,785.73,72.29,1.0
13896,82,55,2582,164,785.72,79.75,1.0
13897,89,6,2589,178,785.72,106.68,1.0
13898,208,56,2708,416,785.71,103.35,1.0
13899,40,41,2540,80,785.7,74.38,1.0
13900,89,57,2589,178,785.66,91.66,1.0
13901,57,54,2557,114,785.64,75.01,1.0
13902,187,55,2687,374,785.62,88.3,1.0
13903,133,59,2633,266,785.61,79.87,1.0
13904,79,53,2579,158,785.56,83.86,1.0
13905,5,5,2505,10,785.5,75.42,1.0
13906,73,54,2573,146,785.5,81.96,1.0
13907,71,59,2571,142,785.49,77.57,1.0
13908,243,59,2743,486,785.49,103.4,1.0
13909,61,42,2561,122,785.48,68.86,1.0
13910,80,30,2580,160,785.48,69.37,1.0
13911,58,46,2558,116,785.45,69.6,1.0
13912,109,58,2609,218,785.45,79.85,1.0
13913,278,60,2778,556,785.42,108.96,1.0
13914,186,58,2686,372,785.41,97.12,1.0
13915,81,53,2581,162,785.4,78.83,1.0
13916,122,59,2622,244,785.4,94.55,1.0
13917,200,53,2700,400,785.37,84.87,1.0
13918,81,6,2581,162,785.36,103.62,1.0
13919,170,56,2670,340,785.36,101.59,1.0
13920,178,59,2678,356,785.36,97.64,1.0
13921,74,53,2574,148,785.35,75.73,1.0
13922,189,59,2689,378,785.31,98.44,1.0
13923,295,59,2795,590,785.29,101.12,1.0
13924,47,42,2547,94,785.28,75.14,1.0
13925,52,45,2552,104,785.27,67.49,1.0
13926,124,56,2624,248,785.26,87.83,1.0
13927,66,55,2566,132,785.24,82.54,1.0
13928,104,6,2604,208,785.24,98.95,1.0
13929,40,42,2540,80,785.22,74.89,1.0
13930,189,7,2689,378,785.22,117.95,1.0
13931,176,59,2676,352,785.21,98.05,1.0
13932,52,37,2552,104,785.2,69.71,1.0
13933,253,7,2753,506,785.18,128.2,1.0
13934,46,33,2546,92,785.16,68.66,1.0
13935,62,35,2562,124,785.15,74.13,1.0
13936,189,60,2689,378,785.12,96.36,1.0
13937,48,34,2548,96,785.1,76.98,1.0
13938,50,5,2550,100,785.09,85.45,1.0
13939,58,42,2558,116,785.09,70.29,1.0
13940,72,54,2572,144,785.09,74.03,1.0
13941,54,51,2554,108,785.08,78.99,1.0
13942,284,8,2784,568,785.07,143.36,1.0
13943,74,51,2574,148,785.04,78.42,1.0
13944,48,37,2548,96,785.03,76.93,1.0
13945,56,48,2556,112,785.03,69.94,1.0
13946,126,59,2626,252,785.02,91.94,1.0
13947,132,55,2632,264,785.0,89.11,1.0
13948,134,56,2634,268,784.99,90.34,1.0
13949,22,45,2522,44,784.97,73.47,1.0
13950,284,60,2784,568,784.97,112.94,1.0
13951,57,57,2557,114,784.95,77.75,1.0
13952,216,60,2716,432,784.91,100.34,1.0
13953,48,42,2548,96,784.89,78.64,1.0
13954,90,57,2590,180,784.89,80.05,1.0
13955,45,5,2545,90,784.87,92.89,1.0
13956,173,57,2673,346,784.86,98.27,1.0
13957,199,60,2699,398,784.86,100.41,1.0
13958,296,9,2796,592,784.84,147.36,1.0
13959,38,35,2538,76,784.82,73.38,1.0
13960,56,32,2556,112,784.82,69.89,1.0
13961,109,6,2609,218,784.8,103.22,1.0
13962,23,30,2523,46,784.76,65.55,1.0
13963,23,41,2523,46,784.76,70.7,1.0
13964,96,58,2596,192,784.76,84.89,1.0
13965,69,6,2569,138,784.75,89.07,1.0
13966,24,47,2524,48,784.7,69.65,1.0
13967,37,47,2537,74,784.69,76.19,1.0
13968,137,6,2637,274,784.67,111.1,1.0
13969,69,32,2569,138,784.66,73.34,1.0
13970,105,59,2605,210,784.64,76.35,1.0
13971,24,30,2524,48,784.63,78.93,1.0
13972,64,49,2564,128,784.63,73.78,1.0
13973,212,7,2712,424,784.61,129.61,1.0
13974,24,46,2524,48,784.54,73.1,1.0
13975,62,45,2562,124,784.54,70.08,1.0
13976,124,53,2624,248,784.54,89.19,1.0
13977,182,56,2682,364,784.54,94.09,1.0
13978,37,50,2537,74,784.52,75.65,1.0
13979,46,32,2546,92,784.52,68.46,1.0
13980,22,32,2522,44,784.52,62.48,1.0
13981,67,49,2567,134,784.52,71.76,1.0
13982,300,60,2800,600,784.52,111.16,1.0
13983,48,38,2548,96,784.48,75.49,1.0
13984,52,34,2552,104,784.46,74.95,1.0
13985,94,50,2594,188,784.46,77.62,1.0
13986,268,57,2768,536,784.42,110.12,1.0
13987,50,51,2550,100,784.41,71.2,1.0
13988,93,55,2593,186,784.41,76.52,1.0
13989,74,50,2574,148,784.41,74.98,1.0
13990,182,57,2682,364,784.41,98.47,1.0
13991,215,58,2715,430,784.41,105.6,1.0
13992,200,8,2700,400,784.39,125.07,1.0
13993,55,40,2555,110,784.36,77.91,1.0
13994,180,60,2680,360,784.33,99.25,1.0
13995,217,59,2717,434,784.33,100.32,1.0
13996,116,59,2616,232,784.3,87.61,1.0
13997,101,56,2601,202,784.28,88.47,1.0
13998,26,5,2526,52,784.27,86.11,1.0
13999,56,46,2556,112,784.27,73.56,1.0
14000,39,38,2539,78,784.26,67.59,1.0
14001,35,43,2535,70,784.24,78.86,1.0
14002,59,46,2559,118,784.24,70.12,1.0
14003,221,60,2721,442,784.23,93.28,1.0
14004,4,29,2504,8,784.22,71.56,1.0
14005,121,57,2621,242,784.2,79.78,1.0
14006,39,37,2539,78,784.18,68.81,1.0
14007,93,56,2593,186,784.15,75.04,1.0
14008,187,54,2687,374,784.12,85.97,1.0
14009,233,60,2733,466,784.12,102.88,1.0
14010,282,8,2782,564,784.12,141.77,1.0
14011,62,42,2562,124,784.1,71.9,1.0
14012,68,49,2568,136,784.09,70.43,1.0
14013,16,48,2516,32,784.08,79.31,1.0
14014,249,58,2749,498,784.06,93.66,1.0
14015,73,55,2573,146,784.03,85.61,1.0
14016,221,7,2721,442,784.01,123.23,1.0
14017,222,58,2722,444,784.0,113.44,1.0
14018,38,32,2538,76,783.99,69.18,1.0
14019,22,47,2522,44,783.99,68.71,1.0
14020,56,31,2556,112,783.98,68.55,1.0
14021,69,37,2569,138,783.93,75.9,1.0
14022,175,59,2675,350,783.87,105.04,1.0
14023,241,60,2741,482,783.87,104.63,1.0
14024,116,6,2616,232,783.86,111.93,1.0
14025,192,57,2692,384,783.86,95.85,1.0
14026,278,59,2778,556,783.86,107.46,1.0
14027,45,56,2545,90,783.85,74.09,1.0
14028,23,45,2523,46,783.83,74.57,1.0
14029,86,58,2586,172,783.82,81.73,1.0
14030,98,53,2598,196,783.81,82.99,1.0
14031,57,55,2557,114,783.76,79.98,1.0
14032,255,8,2755,510,783.72,136.31,1.0
14033,48,35,2548,96,783.71,78.43,1.0
14034,246,59,2746,492,783.7,110.07,1.0
14035,1,5,2501,2,783.68,76.25,1.0
14036,165,58,2665,330,783.68,95.79,1.0
14037,251,59,2751,502,783.68,96.6,1.0
14038,230,58,2730,460,783.67,93.33,1.0
14039,53,49,2553,106,783.66,67.45,1.0
14040,94,49,2594,188,783.64,82.38,1.0
14041,254,59,2754,508,783.64,110.41,1.0
14042,40,30,2540,80,783.63,78.08,1.0
14043,208,58,2708,416,783.59,95.07,1.0
14044,110,56,2610,220,783.56,88.59,1.0
14045,220,60,2720,440,783.54,95.58,1.0
14046,143,57,2643,286,783.53,92.77,1.0
14047,272,60,2772,544,783.53,107.48,1.0
14048,142,55,2642,284,783.51,88.81,1.0
14049,173,56,2673,346,783.51,87.19,1.0
14050,39,31,2539,78,783.5,67.1,1.0
14051,51,50,2551,102,783.48,73.19,1.0
14052,53,52,2553,106,783.48,74.49,1.0
14053,288,58,2788,576,783.48,110.56,1.0
14054,151,7,2651,302,783.46,117.49,1.0
14055,53,54,2553,106,783.42,73.06,1.0
14056,46,38,2546,92,783.4,79.2,1.0
14057,62,31,2562,124,783.38,69.52,1.0
14058,149,58,2649,298,783.38,87.75,1.0
14059,245,8,2745,490,783.38,135.87,1.0
14060,285,60,2785,570,783.37,115.84,1.0
14061,158,55,2658,316,783.36,88.89,1.0
14062,245,59,2745,490,783.33,101.14,1.0
14063,65,49,2565,130,783.32,69.33,1.0
14064,22,50,2522,44,783.24,74.25,1.0
14065,48,32,2548,96,783.24,69.51,1.0
14066,68,45,2568,136,783.24,71.28,1.0
14067,40,39,2540,80,783.22,69.07,1.0
14068,233,59,2733,466,783.22,105.08,1.0
14069,279,7,2779,558,783.22,137.0,1.0
14070,106,53,2606,212,783.2,80.01,1.0
14071,96,54,2596,192,783.2,78.98,1.0
14072,88,6,2588,176,783.19,100.39,1.0
14073,43,43,2543,86,783.18,77.69,1.0
14074,46,46,2546,92,783.18,72.52,1.0
14075,46,45,2546,92,783.14,68.36,1.0
14076,255,60,2755,510,783.12,107.87,1.0
14077,6,5,2506,12,783.11,72.32,1.0
14078,84,54,2584,168,783.11,82.06,1.0
14079,38,5,2538,76,783.09,93.42,1.0
14080,59,48,2559,118,783.09,76.72,1.0
14081,80,35,2580,160,783.09,82.54,1.0
14082,112,54,2612,224,783.09,80.59,1.0
14083,272,59,2772,544,783.09,108.65,1.0
14084,63,52,2563,126,783.08,81.92,1.0
14085,38,37,2538,76,783.07,74.54,1.0
14086,260,58,2760,520,783.03,104.84,1.0
14087,57,5,2557,114,783.02,86.84,1.0
14088,23,52,2523,46,782.98,76.34,1.0
14089,194,56,2694,388,782.98,98.56,1.0
14090,51,53,2551,102,782.96,77.72,1.0
14091,54,49,2554,108,782.95,68.63,1.0
14092,79,54,2579,158,782.87,89.8,1.0
14093,35,41,2535,70,782.86,69.99,1.0
14094,179,57,2679,358,782.86,94.21,1.0
14095,114,57,2614,228,782.84,84.75,1.0
14096,133,6,2633,266,782.8,110.94,1.0
14097,46,47,2546,92,782.78,66.31,1.0
14098,38,41,2538,76,782.75,66.02,1.0
14099,223,7,2723,446,782.75,116.84,1.0
14100,60,49,2560,120,782.73,73.35,1.0
14101,27,5,2527,54,782.72,81.7,1.0
14102,47,30,2547,94,782.71,73.71,1.0
14103,23,37,2523,46,782.7,74.51,1.0
14104,48,36,2548,96,782.69,79.7,1.0
14105,297,8,2797,594,782.69,130.59,1.0
14106,59,47,2559,118,782.67,73.96,1.0
14107,39,48,2539,78,782.63,72.06,1.0
14108,52,43,2552,104,782.62,71.53,1.0
14109,90,56,2590,180,782.62,82.8,1.0
14110,155,59,2655,310,782.61,101.04,1.0
14111,89,56,2589,178,782.6,90.78,1.0
14112,40,37,2540,80,782.59,70.31,1.0
14113,296,57,2796,592,782.59,115.84,1.0
14114,55,30,2555,110,782.57,76.81,1.0
14115,61,47,2561,122,782.56,67.67,1.0
14116,132,56,2632,264,782.56,82.98,1.0
14117,55,42,2555,110,782.51,81.17,1.0
14118,24,44,2524,48,782.5,72.6,1.0
14119,148,59,2648,296,782.48,92.49,1.0
14120,59,33,2559,118,782.46,73.68,1.0
14121,190,59,2690,380,782.46,89.67,1.0
14122,109,57,2609,218,782.45,83.08,1.0
14123,47,43,2547,94,782.44,70.31,1.0
14124,35,32,2535,70,782.43,70.79,1.0
14125,50,57,2550,100,782.43,75.57,1.0
14126,2,29,2502,4,782.42,69.69,1.0
14127,55,38,2555,110,782.42,69.87,1.0
14128,289,59,2789,578,782.42,110.32,1.0
14129,140,55,2640,280,782.36,79.48,1.0
14130,39,47,2539,78,782.34,68.4,1.0
14131,68,39,2568,136,782.34,68.93,1.0
14132,106,51,2606,212,782.32,77.51,1.0
14133,27,47,2527,54,782.31,68.38,1.0
14134,239,59,2739,478,782.3,105.89,1.0
14135,250,60,2750,500,782.29,111.06,1.0
14136,22,55,2522,44,782.27,73.3,1.0
14137,159,57,2659,318,782.27,96.19,1.0
14138,200,54,2700,400,782.25,89.79,1.0
14139,113,60,2613,226,782.24,84.57,1.0
14140,121,56,2621,242,782.24,84.32,1.0
14141,46,40,2546,92,782.22,74.16,1.0
14142,69,46,2569,138,782.22,70.24,1.0
14143,35,36,2535,70,782.2,72.2,1.0
14144,38,36,2538,76,782.17,63.35,1.0
14145,20,36,2520,40,782.16,71.52,1.0
14146,22,48,2522,44,782.16,74.45,1.0
14147,69,47,2569,138,782.12,68.82,1.0
14148,161,59,2661,322,782.11,92.88,1.0
14149,59,45,2559,118,782.1,74.82,1.0
14150,65,52,2565,130,782.1,71.46,1.0
14151,82,56,2582,164,782.08,79.38,1.0
14152,56,44,2556,112,782.06,71.78,1.0
14153,236,59,2736,472,781.96,109.31,1.0
14154,108,55,2608,216,781.94,85.76,1.0
14155,281,60,2781,562,781.94,111.5,1.0
14156,35,44,2535,70,781.9,70.09,1.0
14157,55,31,2555,110,781.9,77.04,1.0
14158,46,36,2546,92,781.88,67.04,1.0
14159,84,53,2584,168,781.86,75.77,1.0
14160,69,41,2569,138,781.85,69.74,1.0
14161,138,6,2638,276,781.85,111.68,1.0
14162,22,44,2522,44,781.81,71.94,1.0
14163,54,52,2554,108,781.8,75.11,1.0
14164,38,45,2538,76,781.79,74.19,1.0
14165,22,39,2522,44,781.78,70.78,1.0
14166,66,54,2566,132,781.74,83.14,1.0
14167,39,34,2539,78,781.72,68.47,1.0
14168,144,60,2644,288,781.71,92.75,1.0
14169,8,5,2508,16,781.7,73.24,1.0
14170,177,58,2677,354,781.67,94.52,1.0
14171,240,59,2740,480,781.67,99.0,1.0
14172,123,6,2623,246,781.66,109.68,1.0
14173,39,33,2539,78,781.63,71.28,1.0
14174,37,48,2537,74,781.62,74.26,1.0
14175,70,57,2570,140,781.62,83.61,1.0
14176,39,43,2539,78,781.59,70.18,1.0
14177,80,46,2580,160,781.58,77.06,1.0
14178,102,56,2602,204,781.5,74.23,1.0
14179,18,5,2518,36,781.48,75.31,1.0
14180,38,42,2538,76,781.44,67.11,1.0
14181,75,57,2575,150,781.42,79.2,1.0
14182,63,49,2563,126,781.42,72.53,1.0
14183,88,50,2588,176,781.42,72.67,1.0
14184,64,47,2564,128,781.39,75.94,1.0
14185,75,54,2575,150,781.33,90.78,1.0
14186,24,36,2524,48,781.27,68.35,1.0
14187,48,31,2548,96,781.27,79.65,1.0
14188,56,45,2556,112,781.26,73.94,1.0
14189,145,57,2645,290,781.26,90.36,1.0
14190,86,56,2586,172,781.2,78.0,1.0
14191,40,36,2540,80,781.18,75.87,1.0
14192,123,58,2623,246,781.18,90.06,1.0
14193,38,44,2538,76,781.17,71.0,1.0
14194,106,6,2606,212,781.16,102.21,1.0
14195,3,29,2503,6,781.15,70.66,1.0
14196,55,32,2555,110,781.14,70.86,1.0
14197,56,42,2556,112,781.12,73.38,1.0
14198,225,57,2725,450,781.1,102.13,1.0
14199,50,53,2550,100,781.03,76.83,1.0
14200,102,55,2602,204,781.03,76.94,1.0
14201,204,57,2704,408,780.99,91.42,1.0
14202,216,7,2716,432,780.99,143.19,1.0
14203,95,55,2595,190,780.98,78.4,1.0
14204,258,8,2758,516,780.96,142.77,1.0
14205,252,59,2752,504,780.95,114.28,1.0
14206,234,58,2734,468,780.9,106.74,1.0
14207,40,38,2540,80,780.87,73.38,1.0
14208,39,36,2539,78,780.81,66.49,1.0
14209,24,34,2524,48,780.8,68.03,1.0
14210,48,33,2548,96,780.79,74.04,1.0
14211,92,6,2592,184,780.78,102.69,1.0
14212,80,40,2580,160,780.77,71.64,1.0
14213,87,58,2587,174,780.76,83.44,1.0
14214,99,56,2599,198,780.72,82.97,1.0
14215,58,37,2558,116,780.7,67.52,1.0
14216,59,43,2559,118,780.69,74.26,1.0
14217,111,53,2611,222,780.67,75.51,1.0
14218,44,59,2544,88,780.66,78.02,1.0
14219,87,57,2587,174,780.62,81.07,1.0
14220,23,42,2523,46,780.6,68.1,1.0
14221,205,59,2705,410,780.6,97.8,1.0
14222,53,53,2553,106,780.59,78.21,1.0
14223,154,7,2654,308,780.57,118.84,1.0
14224,38,30,2538,76,780.54,70.51,1.0
14225,68,48,2568,136,780.54,67.88,1.0
14226,52,47,2552,104,780.53,78.11,1.0
14227,43,33,2543,86,780.5,77.19,1.0
14228,57,53,2557,114,780.45,73.47,1.0
14229,81,55,2581,162,780.43,80.05,1.0
14230,24,37,2524,48,780.42,75.53,1.0
14231,52,48,2552,104,780.42,75.02,1.0
14232,148,7,2648,296,780.42,121.28,1.0
14233,47,32,2547,94,780.4,69.83,1.0
14234,191,58,2691,382,780.39,86.31,1.0
14235,67,6,2567,134,780.37,91.44,1.0
14236,22,46,2522,44,780.35,67.94,1.0
14237,273,59,2773,546,780.34,105.78,1.0
14238,257,7,2757,514,780.33,147.81,1.0
14239,104,55,2604,208,780.31,78.91,1.0
14240,115,58,2615,230,780.29,90.35,1.0
14241,39,40,2539,78,780.27,69.35,1.0
14242,24,38,2524,48,780.26,70.99,1.0
14243,130,56,2630,260,780.26,91.09,1.0
14244,52,50,2552,104,780.2,70.47,1.0
14245,61,39,2561,122,780.2,73.41,1.0
14246,71,60,2571,142,780.2,85.01,1.0
14247,55,37,2555,110,780.19,74.19,1.0
14248,104,56,2604,208,780.19,85.42,1.0
14249,40,48,2540,80,780.13,77.42,1.0
14250,58,47,2558,116,780.08,68.29,1.0
14251,40,43,2540,80,780.06,72.26,1.0
14252,48,50,2548,96,780.05,77.58,1.0
14253,40,35,2540,80,780.01,75.43,1.0
14254,63,54,2563,126,779.98,74.93,1.0
14255,18,34,2518,36,779.96,68.34,1.0
14256,155,60,2655,310,779.92,98.45,1.0
14257,172,7,2672,344,779.92,115.69,1.0
14258,80,6,2580,160,779.88,108.3,1.0
14259,48,46,2548,96,779.83,71.96,1.0
14260,212,60,2712,424,779.83,103.53,1.0
14261,47,34,2547,94,779.8,73.01,1.0
14262,59,30,2559,118,779.8,74.36,1.0
14263,99,57,2599,198,779.79,79.79,1.0
14264,140,7,2640,280,779.79,111.72,1.0
14265,46,49,2546,92,779.78,75.44,1.0
14266,210,60,2710,420,779.78,104.33,1.0
14267,27,41,2527,54,779.76,67.01,1.0
14268,50,54,2550,100,779.76,75.14,1.0
14269,122,6,2622,244,779.76,112.63,1.0
14270,292,57,2792,584,779.74,112.59,1.0
14271,39,42,2539,78,779.73,71.03,1.0
14272,42,40,2542,84,779.72,71.01,1.0
14273,47,39,2547,94,779.72,74.35,1.0
14274,201,60,2701,402,779.72,105.26,1.0
14275,27,31,2527,54,779.71,68.62,1.0
14276,47,41,2547,94,779.71,71.0,1.0
14277,110,58,2610,220,779.65,82.2,1.0
14278,129,56,2629,258,779.63,92.78,1.0
14279,136,7,2636,272,779.62,113.51,1.0
14280,41,38,2541,82,779.6,70.97,1.0
14281,75,55,2575,150,779.6,75.57,1.0
14282,193,59,2693,386,779.6,100.58,1.0
14283,275,8,2775,550,779.59,136.29,1.0
14284,76,5,2576,152,779.56,93.31,1.0
14285,234,7,2734,468,779.55,140.85,1.0
14286,142,6,2642,284,779.54,110.79,1.0
14287,143,7,2643,286,779.54,115.55,1.0
14288,191,59,2691,382,779.51,96.39,1.0
14289,47,35,2547,94,779.46,76.75,1.0
14290,24,35,2524,48,779.44,77.76,1.0
14291,16,35,2516,32,779.43,76.99,1.0
14292,94,52,2594,188,779.43,78.5,1.0
14293,172,56,2672,344,779.43,91.11,1.0
14294,40,33,2540,80,779.41,79.82,1.0
14295,111,54,2611,222,779.4,77.98,1.0
14296,20,45,2520,40,779.38,70.71,1.0
14297,39,30,2539,78,779.37,68.02,1.0
14298,167,60,2667,334,779.35,91.95,1.0
14299,56,37,2556,112,779.31,73.58,1.0
14300,64,51,2564,128,779.31,82.88,1.0
14301,127,59,2627,254,779.31,86.4,1.0
14302,23,39,2523,46,779.29,72.74,1.0
14303,183,56,2683,366,779.28,93.58,1.0
14304,74,54,2574,148,779.27,76.23,1.0
14305,62,50,2562,124,779.26,74.41,1.0
14306,150,57,2650,300,779.25,89.02,1.0
14307,41,42,2541,82,779.23,76.18,1.0
14308,24,42,2524,48,779.23,73.77,1.0
14309,38,31,2538,76,779.23,73.39,1.0
14310,15,35,2515,30,779.22,67.31,1.0
14311,194,57,2694,388,779.22,96.52,1.0
14312,22,51,2522,44,779.21,69.48,1.0
14313,49,58,2549,98,779.2,84.63,1.0
14314,55,6,2555,110,779.2,91.0,1.0
14315,79,55,2579,158,779.19,84.82,1.0
14316,97,56,2597,194,779.19,74.94,1.0
14317,35,39,2535,70,779.18,73.6,1.0
14318,24,41,2524,48,779.18,74.15,1.0
14319,250,8,2750,500,779.13,136.71,1.0
14320,95,54,2595,190,779.12,83.36,1.0
14321,43,48,2543,86,779.11,72.48,1.0
14322,43,38,2543,86,779.1,79.97,1.0
14323,24,50,2524,48,779.09,75.24,1.0
14324,120,55,2620,240,779.08,87.19,1.0
14325,40,44,2540,80,779.05,69.84,1.0
14326,186,59,2686,372,779.05,97.13,1.0
14327,51,56,2551,102,779.04,73.86,1.0
14328,44,58,2544,88,779.01,78.97,1.0
14329,23,33,2523,46,779.01,70.98,1.0
14330,56,47,2556,112,779.01,72.06,1.0
14331,37,46,2537,74,778.99,77.2,1.0
14332,57,58,2557,114,778.96,73.53,1.0
14333,60,52,2560,120,778.96,77.51,1.0
14334,43,39,2543,86,778.94,70.85,1.0
14335,23,35,2523,46,778.93,71.82,1.0
14336,94,53,2594,188,778.93,78.6,1.0
14337,40,34,2540,80,778.91,73.05,1.0
14338,23,31,2523,46,778.88,71.23,1.0
14339,275,60,2775,550,778.86,106.59,1.0
14340,286,7,2786,572,778.86,137.08,1.0
14341,23,36,2523,46,778.83,71.02,1.0
14342,47,44,2547,94,778.76,75.6,1.0
14343,60,50,2560,120,778.75,75.55,1.0
14344,60,51,2560,120,778.75,75.56,1.0
14345,183,8,2683,366,778.75,122.07,1.0
14346,280,59,2780,560,778.75,109.47,1.0
14347,20,40,2520,40,778.73,71.85,1.0
14348,47,37,2547,94,778.73,68.7,1.0
14349,45,58,2545,90,778.7,73.56,1.0
14350,48,47,2548,96,778.67,79.44,1.0
14351,22,53,2522,44,778.64,72.85,1.0
14352,50,55,2550,100,778.64,78.02,1.0
14353,158,56,2658,316,778.64,86.19,1.0
14354,38,34,2538,76,778.62,66.69,1.0
14355,120,54,2620,240,778.61,86.21,1.0
14356,114,6,2614,228,778.6,117.43,1.0
14357,35,35,2535,70,778.59,69.1,1.0
14358,156,6,2656,312,778.59,112.69,1.0
14359,68,52,2568,136,778.56,67.75,1.0
14360,35,30,2535,70,778.55,70.48,1.0
14361,56,50,2556,112,778.54,70.54,1.0
14362,181,60,2681,362,778.53,93.51,1.0
14363,146,60,2646,292,778.51,95.92,1.0
14364,57,59,2557,114,778.5,74.63,1.0
14365,43,30,2543,86,778.48,76.08,1.0
14366,43,5,2543,86,778.47,87.09,1.0
14367,72,58,2572,144,778.46,78.66,1.0
14368,107,54,2607,214,778.46,79.43,1.0
14369,88,51,2588,176,778.46,69.36,1.0
14370,168,60,2668,336,778.44,104.74,1.0
14371,35,40,2535,70,778.41,68.49,1.0
14372,3,5,2503,6,778.38,72.43,1.0
14373,38,40,2538,76,778.37,69.63,1.0
14374,60,54,2560,120,778.35,74.87,1.0
14375,69,50,2569,138,778.35,72.4,1.0
14376,68,47,2568,136,778.35,71.15,1.0
14377,23,32,2523,46,778.34,74.71,1.0
14378,138,58,2638,276,778.34,92.3,1.0
14379,147,58,2647,294,778.33,91.3,1.0
14380,164,7,2664,328,778.33,112.47,1.0
14381,181,6,2681,362,778.32,119.58,1.0
14382,44,57,2544,88,778.3,76.39,1.0
14383,17,47,2517,34,778.3,70.31,1.0
14384,43,44,2543,86,778.28,72.82,1.0
14385,24,49,2524,48,778.28,74.17,1.0
14386,38,39,2538,76,778.26,68.19,1.0
14387,38,43,2538,76,778.26,78.98,1.0
14388,215,57,2715,430,778.25,100.26,1.0
14389,271,7,2771,542,778.25,144.03,1.0
14390,15,45,2515,30,778.24,76.05,1.0
14391,78,51,2578,156,778.24,78.04,1.0
14392,93,57,2593,186,778.21,82.44,1.0
14393,20,38,2520,40,778.19,72.83,1.0
14394,35,42,2535,70,778.16,70.58,1.0
14395,115,6,2615,230,778.15,99.45,1.0
14396,37,51,2537,74,778.14,71.15,1.0
14397,56,40,2556,112,778.14,75.68,1.0
14398,79,56,2579,158,778.14,84.47,1.0
14399,109,56,2609,218,778.14,85.36,1.0
14400,70,56,2570,140,778.13,77.36,1.0
14401,43,42,2543,86,778.12,70.45,1.0
14402,100,58,2600,200,778.12,82.28,1.0
14403,22,49,2522,44,778.11,75.54,1.0
14404,55,36,2555,110,778.1,73.33,1.0
14405,23,54,2523,46,778.05,77.86,1.0
14406,209,60,2709,418,778.04,98.21,1.0
14407,46,34,2546,92,778.02,65.63,1.0
14408,54,47,2554,108,778.02,72.5,1.0
14409,92,54,2592,184,778.02,85.64,1.0
14410,126,6,2626,252,778.02,116.11,1.0
14411,38,33,2538,76,778.01,72.3,1.0
14412,291,7,2791,582,777.99,154.01,1.0
14413,17,44,2517,34,777.98,67.9,1.0
14414,39,44,2539,78,777.97,71.91,1.0
14415,24,48,2524,48,777.96,72.52,1.0
14416,113,5,2613,226,777.96,106.11,1.0
14417,166,60,2666,332,777.95,87.89,1.0
14418,17,46,2517,34,777.93,72.61,1.0
14419,24,52,2524,48,777.84,71.64,1.0
14420,20,43,2520,40,777.82,66.52,1.0
14421,17,35,2517,34,777.82,69.65,1.0
14422,64,48,2564,128,777.82,72.1,1.0
14423,38,38,2538,76,777.75,74.23,1.0
14424,86,59,2586,172,777.74,82.62,1.0
14425,51,54,2551,102,777.68,76.71,1.0
14426,22,56,2522,44,777.67,74.49,1.0
14427,119,56,2619,238,777.67,80.21,1.0
14428,230,59,2730,460,777.67,90.01,1.0
14429,82,57,2582,164,777.6,77.53,1.0
14430,49,59,2549,98,777.59,77.53,1.0
14431,73,56,2573,146,777.59,89.84,1.0
14432,174,55,2674,348,777.54,95.13,1.0
14433,296,58,2796,592,777.53,110.02,1.0
14434,41,48,2541,82,777.52,76.27,1.0
14435,59,51,2559,118,777.52,73.13,1.0
14436,145,58,2645,290,777.52,92.48,1.0
14437,40,31,2540,80,777.51,74.17,1.0
14438,55,39,2555,110,777.48,68.36,1.0
14439,37,49,2537,74,777.46,73.17,1.0
14440,51,52,2551,102,777.45,69.94,1.0
14441,145,6,2645,290,777.44,116.94,1.0
14442,175,60,2675,350,777.42,101.24,1.0
14443,35,47,2535,70,777.4,72.45,1.0
14444,251,60,2751,502,777.37,96.76,1.0
14445,48,30,2548,96,777.35,78.25,1.0
14446,24,33,2524,48,777.32,72.63,1.0
14447,169,59,2669,338,777.32,95.73,1.0
14448,191,57,2691,382,777.32,95.98,1.0
14449,162,6,2662,324,777.3,118.79,1.0
14450,263,60,2763,526,777.25,112.62,1.0
14451,35,38,2535,70,777.24,76.65,1.0
14452,153,60,2653,306,777.24,93.69,1.0
14453,23,46,2523,46,777.23,74.22,1.0
14454,58,48,2558,116,777.2,68.22,1.0
14455,108,6,2608,216,777.2,117.89,1.0
14456,51,51,2551,102,777.17,70.01,1.0
14457,104,58,2604,208,777.14,83.06,1.0
14458,289,8,2789,578,777.14,133.96,1.0
14459,103,58,2603,206,777.13,92.74,1.0
14460,111,6,2611,222,777.13,102.56,1.0
14461,288,57,2788,576,777.08,107.28,1.0
14462,43,35,2543,86,777.06,74.68,1.0
14463,22,54,2522,44,777.06,75.01,1.0
14464,101,57,2601,202,777.06,82.19,1.0
14465,202,59,2702,404,777.05,98.86,1.0
14466,51,49,2551,102,777.04,77.95,1.0
14467,55,34,2555,110,777.04,73.73,1.0
14468,68,50,2568,136,777.04,71.13,1.0
14469,186,60,2686,372,777.02,101.67,1.0
14470,83,56,2583,166,777.01,80.33,1.0
14471,65,53,2565,130,777.01,72.61,1.0
14472,23,38,2523,46,776.99,71.27,1.0
14473,88,53,2588,176,776.98,80.25,1.0
14474,229,60,2729,458,776.83,107.62,1.0
14475,132,57,2632,264,776.82,89.02,1.0
14476,183,57,2683,366,776.81,85.06,1.0
14477,39,41,2539,78,776.79,68.49,1.0
14478,62,52,2562,124,776.78,72.82,1.0
14479,106,55,2606,212,776.78,79.71,1.0
14480,71,58,2571,142,776.76,81.74,1.0
14481,197,7,2697,394,776.7,113.69,1.0
14482,217,7,2717,434,776.7,135.71,1.0
14483,260,59,2760,520,776.68,117.93,1.0
14484,43,37,2543,86,776.66,85.91,1.0
14485,47,36,2547,94,776.66,77.08,1.0
14486,80,50,2580,160,776.66,72.84,1.0
14487,101,58,2601,202,776.63,78.9,1.0
14488,39,45,2539,78,776.6,72.27,1.0
14489,119,54,2619,238,776.6,85.07,1.0
14490,18,42,2518,36,776.59,74.65,1.0
14491,166,59,2666,332,776.58,94.42,1.0
14492,20,42,2520,40,776.56,67.68,1.0
14493,0,58,2500,0,776.52,66.0,1.0
14494,95,6,2595,190,776.48,101.18,1.0
14495,86,60,2586,172,776.46,84.67,1.0
14496,43,40,2543,86,776.43,84.8,1.0
14497,97,54,2597,194,776.41,88.45,1.0
14498,27,32,2527,54,776.4,76.16,1.0
14499,41,36,2541,82,776.37,76.28,1.0
14500,61,48,2561,122,776.35,74.12,1.0
14501,103,59,2603,206,776.35,88.02,1.0
14502,56,52,2556,112,776.32,76.98,1.0
14503,59,49,2559,118,776.32,71.77,1.0
14504,27,38,2527,54,776.3,70.51,1.0
14505,27,50,2527,54,776.29,71.52,1.0
14506,40,45,2540,80,776.25,73.92,1.0
14507,24,40,2524,48,776.25,71.98,1.0
14508,92,53,2592,184,776.25,82.99,1.0
14509,117,58,2617,234,776.23,84.13,1.0
14510,27,44,2527,54,776.21,72.39,1.0
14511,15,32,2515,30,776.2,68.8,1.0
14512,44,60,2544,88,776.18,85.49,1.0
14513,162,59,2662,324,776.1,98.06,1.0
14514,159,58,2659,318,776.1,92.41,1.0
14515,205,60,2705,410,776.09,108.39,1.0
14516,138,59,2638,276,776.08,88.99,1.0
14517,23,5,2523,46,776.02,82.66,1.0
14518,9,5,2509,18,775.99,68.33,1.0
14519,23,48,2523,46,775.99,67.03,1.0
14520,241,7,2741,482,775.98,126.97,1.0
14521,78,6,2578,156,775.97,98.44,1.0
14522,55,45,2555,110,775.96,74.71,1.0
14523,142,57,2642,284,775.96,92.56,1.0
14524,229,7,2729,458,775.94,124.0,1.0
14525,69,48,2569,138,775.93,71.66,1.0
14526,48,48,2548,96,775.87,75.4,1.0
14527,18,45,2518,36,775.85,70.57,1.0
14528,37,58,2537,74,775.85,78.24,1.0
14529,282,59,2782,564,775.84,113.83,1.0
14530,265,7,2765,530,775.82,147.6,1.0
14531,53,55,2553,106,775.8,70.68,1.0
14532,24,53,2524,48,775.76,81.09,1.0
14533,125,6,2625,250,775.76,110.78,1.0
14534,51,5,2551,102,775.75,81.6,1.0
14535,27,36,2527,54,775.74,78.76,1.0
14536,68,53,2568,136,775.74,78.94,1.0
14537,211,59,2711,422,775.74,96.07,1.0
14538,81,56,2581,162,775.73,80.86,1.0
14539,46,50,2546,92,775.72,74.14,1.0
14540,127,6,2627,254,775.68,105.19,1.0
14541,43,45,2543,86,775.67,76.12,1.0
14542,77,59,2577,154,775.67,81.4,1.0
14543,151,58,2651,302,775.67,90.32,1.0
14544,17,45,2517,34,775.64,67.81,1.0
14545,57,56,2557,114,775.63,77.8,1.0
14546,78,53,2578,156,775.63,72.62,1.0
14547,98,57,2598,196,775.61,82.34,1.0
14548,93,60,2593,186,775.6,91.36,1.0
14549,67,52,2567,134,775.59,73.56,1.0
14550,20,32,2520,40,775.57,69.48,1.0
14551,22,57,2522,44,775.56,80.39,1.0
14552,84,56,2584,168,775.54,82.67,1.0
14553,16,34,2516,32,775.5,68.58,1.0
14554,91,52,2591,182,775.47,84.43,1.0
14555,234,59,2734,468,775.4,104.55,1.0
14556,239,60,2739,478,775.39,94.14,1.0
14557,300,8,2800,600,775.39,140.97,1.0
14558,24,59,2524,48,775.38,69.15,1.0
14559,296,59,2796,592,775.35,111.77,1.0
14560,80,48,2580,160,775.34,81.22,1.0
14561,137,60,2637,274,775.3,86.98,1.0
14562,177,59,2677,354,775.3,84.93,1.0
14563,39,49,2539,78,775.29,76.1,1.0
14564,69,49,2569,138,775.24,72.47,1.0
14565,114,58,2614,228,775.24,94.45,1.0
14566,23,34,2523,46,775.2,66.46,1.0
14567,23,51,2523,46,775.18,82.29,1.0
14568,52,46,2552,104,775.15,69.37,1.0
14569,48,43,2548,96,775.14,76.64,1.0
14570,117,59,2617,234,775.13,83.48,1.0
14571,134,58,2634,268,775.12,97.2,1.0
14572,88,52,2588,176,775.08,77.91,1.0
14573,17,51,2517,34,775.04,66.76,1.0
14574,17,39,2517,34,774.99,70.08,1.0
14575,82,54,2582,164,774.99,76.44,1.0
14576,27,39,2527,54,774.98,74.63,1.0
14577,121,58,2621,242,774.96,93.23,1.0
14578,58,52,2558,116,774.94,73.66,1.0
14579,179,58,2679,358,774.94,94.73,1.0
14580,35,37,2535,70,774.9,66.32,1.0
14581,55,50,2555,110,774.87,73.73,1.0
14582,31,38,2531,62,774.82,75.2,1.0
14583,75,58,2575,150,774.82,82.86,1.0
14584,169,60,2669,338,774.81,103.3,1.0
14585,31,47,2531,62,774.77,69.92,1.0
14586,213,7,2713,426,774.76,126.94,1.0
14587,43,41,2543,86,774.75,73.48,1.0
14588,232,60,2732,464,774.74,112.03,1.0
14589,54,50,2554,108,774.72,73.04,1.0
14590,40,40,2540,80,774.71,75.95,1.0
14591,18,35,2518,36,774.65,67.65,1.0
14592,16,42,2516,32,774.61,71.93,1.0
14593,62,48,2562,124,774.59,75.51,1.0
14594,108,57,2608,216,774.54,85.85,1.0
14595,16,41,2516,32,774.51,77.12,1.0
14596,144,6,2644,288,774.51,104.79,1.0
14597,68,51,2568,136,774.5,78.73,1.0
14598,40,32,2540,80,774.48,72.08,1.0
14599,122,58,2622,244,774.48,93.64,1.0
14600,93,58,2593,186,774.44,88.3,1.0
14601,47,46,2547,94,774.43,68.7,1.0
14602,47,31,2547,94,774.41,65.88,1.0
14603,77,60,2577,154,774.4,86.71,1.0
14604,254,8,2754,508,774.32,140.37,1.0
14605,40,46,2540,80,774.25,70.31,1.0
14606,236,58,2736,472,774.24,108.25,1.0
14607,21,5,2521,42,774.23,77.61,1.0
14608,274,60,2774,548,774.23,104.67,1.0
14609,202,60,2702,404,774.22,102.53,1.0
14610,50,58,2550,100,774.21,82.72,1.0
14611,147,6,2647,294,774.2,116.65,1.0
14612,138,60,2638,276,774.2,85.56,1.0
14613,276,59,2776,552,774.2,116.24,1.0
14614,183,58,2683,366,774.19,92.42,1.0
14615,57,60,2557,114,774.16,72.2,1.0
14616,27,37,2527,54,774.14,70.47,1.0
14617,123,59,2623,246,774.14,89.77,1.0
14618,292,58,2792,584,774.13,120.98,1.0
14619,149,59,2649,298,774.11,90.81,1.0
14620,17,34,2517,34,774.1,68.09,1.0
14621,208,59,2708,416,774.1,100.78,1.0
14622,67,50,2567,134,774.08,72.7,1.0
14623,182,59,2682,364,774.08,102.63,1.0
14624,31,30,2531,62,774.01,67.74,1.0
14625,19,5,2519,38,774.0,76.06,1.0
14626,35,31,2535,70,773.99,67.78,1.0
14627,18,46,2518,36,773.98,73.21,1.0
14628,53,56,2553,106,773.96,69.63,1.0
14629,7,5,2507,14,773.91,84.77,1.0
14630,47,40,2547,94,773.91,69.89,1.0
14631,14,30,2514,28,773.89,66.78,1.0
14632,125,59,2625,250,773.88,90.91,1.0
14633,39,39,2539,78,773.87,69.56,1.0
14634,47,47,2547,94,773.86,72.18,1.0
14635,122,60,2622,244,773.85,98.49,1.0
14636,69,51,2569,138,773.81,72.05,1.0
14637,198,57,2698,396,773.81,94.54,1.0
14638,49,56,2549,98,773.8,80.95,1.0
14639,197,58,2697,394,773.76,91.97,1.0
14640,58,50,2558,116,773.75,72.28,1.0
14641,128,56,2628,256,773.74,82.62,1.0
14642,46,51,2546,92,773.68,68.73,1.0
14643,17,37,2517,34,773.67,69.98,1.0
14644,33,46,2533,66,773.64,71.58,1.0
14645,114,59,2614,228,773.64,92.57,1.0
14646,108,56,2608,216,773.62,81.17,1.0
14647,194,58,2694,388,773.62,99.49,1.0
14648,20,35,2520,40,773.6,71.1,1.0
14649,31,45,2531,62,773.55,69.15,1.0
14650,41,45,2541,82,773.54,74.15,1.0
14651,48,51,2548,96,773.54,77.26,1.0
14652,164,59,2664,328,773.51,90.0,1.0
14653,18,39,2518,36,773.49,63.64,1.0
14654,49,60,2549,98,773.49,77.7,1.0
14655,38,49,2538,76,773.45,71.29,1.0
14656,37,52,2537,74,773.4,78.69,1.0
14657,130,57,2630,260,773.4,95.62,1.0
14658,74,55,2574,148,773.39,78.12,1.0
14659,28,32,2528,56,773.38,67.53,1.0
14660,96,60,2596,192,773.37,89.45,1.0
14661,27,42,2527,54,773.36,72.9,1.0
14662,38,48,2538,76,773.36,71.09,1.0
14663,65,54,2565,130,773.34,79.21,1.0
14664,104,59,2604,208,773.34,83.42,1.0
14665,137,59,2637,274,773.33,81.72,1.0
14666,105,60,2605,210,773.31,89.19,1.0
14667,26,33,2526,52,773.28,74.22,1.0
14668,164,58,2664,328,773.28,86.36,1.0
14669,207,59,2707,414,773.27,99.76,1.0
14670,43,31,2543,86,773.26,77.93,1.0
14671,72,57,2572,144,773.26,74.88,1.0
14672,66,56,2566,132,773.26,79.13,1.0
14673,145,59,2645,290,773.23,96.34,1.0
14674,35,50,2535,70,773.22,67.94,1.0
14675,245,60,2745,490,773.21,108.49,1.0
14676,55,46,2555,110,773.2,74.02,1.0
14677,0,57,2500,0,773.19,69.14,1.0
14678,204,59,2704,408,773.19,97.27,1.0
14679,129,57,2629,258,773.16,89.46,1.0
14680,24,60,2524,48,773.14,83.04,1.0
14681,17,30,2517,34,773.14,67.25,1.0
14682,21,42,2521,42,773.13,75.29,1.0
14683,26,44,2526,52,773.11,68.53,1.0
14684,31,36,2531,62,773.1,69.11,1.0
14685,52,51,2552,104,773.09,68.62,1.0
14686,131,59,2631,262,773.08,83.67,1.0
14687,27,45,2527,54,773.06,72.48,1.0
14688,16,37,2516,32,773.06,65.55,1.0
14689,47,38,2547,94,773.05,69.26,1.0
14690,23,50,2523,46,773.05,73.47,1.0
14691,170,58,2670,340,773.04,98.5,1.0
14692,194,59,2694,388,773.04,96.21,1.0
14693,55,48,2555,110,773.02,70.69,1.0
14694,62,49,2562,124,773.01,63.74,1.0
14695,234,60,2734,468,773.0,100.24,1.0
14696,39,52,2539,78,772.98,75.24,1.0
14697,26,35,2526,52,772.98,76.83,1.0
14698,29,5,2529,58,772.96,78.39,1.0
14699,94,54,2594,188,772.94,88.24,1.0
14700,68,54,2568,136,772.94,75.67,1.0
14701,42,38,2542,84,772.92,63.66,1.0
14702,17,40,2517,34,772.92,71.18,1.0
14703,41,32,2541,82,772.9,72.46,1.0
14704,33,39,2533,66,772.8,70.6,1.0
14705,28,38,2528,56,772.78,69.98,1.0
14706,249,8,2749,498,772.77,129.47,1.0
14707,260,60,2760,520,772.77,96.47,1.0
14708,53,58,2553,106,772.74,78.51,1.0
14709,31,44,2531,62,772.72,68.88,1.0
14710,218,7,2718,436,772.7,137.51,1.0
14711,20,31,2520,40,772.69,68.46,1.0
14712,39,46,2539,78,772.68,64.58,1.0
14713,24,55,2524,48,772.66,77.55,1.0
14714,95,56,2595,190,772.66,85.69,1.0
14715,19,30,2519,38,772.65,74.53,1.0
14716,36,38,2536,72,772.65,70.9,1.0
14717,27,46,2527,54,772.62,72.44,1.0
14718,124,55,2624,248,772.61,86.67,1.0
14719,20,47,2520,40,772.6,73.8,1.0
14720,18,36,2518,36,772.59,72.79,1.0
14721,38,47,2538,76,772.55,71.25,1.0
14722,174,56,2674,348,772.53,97.63,1.0
14723,56,51,2556,112,772.5,74.55,1.0
14724,106,56,2606,212,772.48,76.15,1.0
14725,187,56,2687,374,772.48,93.69,1.0
14726,40,50,2540,80,772.46,71.29,1.0
14727,258,60,2758,516,772.46,105.71,1.0
14728,41,35,2541,82,772.45,70.71,1.0
14729,33,40,2533,66,772.44,64.62,1.0
14730,111,55,2611,222,772.44,83.42,1.0
14731,31,31,2531,62,772.42,71.06,1.0
14732,106,59,2606,212,772.42,83.01,1.0
14733,182,58,2682,364,772.42,96.53,1.0
14734,177,60,2677,354,772.4,105.11,1.0
14735,39,5,2539,78,772.39,78.72,1.0
14736,20,39,2520,40,772.36,76.23,1.0
14737,36,33,2536,72,772.36,69.85,1.0
14738,128,57,2628,256,772.36,84.07,1.0
14739,24,54,2524,48,772.33,78.53,1.0
14740,23,44,2523,46,772.29,65.96,1.0
14741,64,5,2564,128,772.29,92.95,1.0
14742,0,52,2500,0,772.28,72.02,1.0
14743,115,59,2615,230,772.26,87.88,1.0
14744,31,42,2531,62,772.25,71.71,1.0
14745,20,52,2520,40,772.24,71.14,1.0
14746,159,7,2659,318,772.24,130.79,1.0
14747,20,37,2520,40,772.22,69.96,1.0
14748,261,7,2761,522,772.22,143.13,1.0
14749,24,58,2524,48,772.14,77.3,1.0
14750,63,53,2563,126,772.14,81.5,1.0
14751,22,58,2522,44,772.13,73.17,1.0
14752,78,54,2578,156,772.08,81.83,1.0
14753,43,50,2543,86,772.07,77.22,1.0
14754,85,57,2585,170,772.07,80.69,1.0
14755,143,58,2643,286,772.07,84.67,1.0
14756,18,43,2518,36,772.06,68.3,1.0
14757,15,33,2515,30,772.06,70.27,1.0
14758,38,50,2538,76,772.04,75.68,1.0
14759,18,38,2518,36,772.03,66.45,1.0
14760,228,60,2728,456,772.0,101.54,1.0
14761,0,50,2500,0,771.98,71.28,1.0
14762,13,5,2513,26,771.98,74.95,1.0
14763,10,44,2510,20,771.98,67.61,1.0
14764,17,60,2517,34,771.97,74.1,1.0
14765,91,54,2591,182,771.97,88.73,1.0
14766,41,30,2541,82,771.96,72.27,1.0
14767,59,53,2559,118,771.93,74.14,1.0
14768,282,60,2782,564,771.93,118.24,1.0
14769,73,57,2573,146,771.92,82.38,1.0
14770,23,49,2523,46,771.91,64.71,1.0
14771,25,5,2525,50,771.9,73.22,1.0
14772,53,59,2553,106,771.9,79.39,1.0
14773,83,57,2583,166,771.9,74.53,1.0
14774,42,39,2542,84,771.89,69.56,1.0
14775,60,53,2560,120,771.89,72.65,1.0
14776,43,51,2543,86,771.88,76.87,1.0
14777,243,60,2743,486,771.88,110.78,1.0
14778,18,32,2518,36,771.86,65.67,1.0
14779,31,40,2531,62,771.78,71.0,1.0
14780,81,59,2581,162,771.77,86.44,1.0
14781,17,33,2517,34,771.76,68.09,1.0
14782,16,32,2516,32,771.75,74.47,1.0
14783,0,38,2500,0,771.73,75.04,1.0
14784,66,58,2566,132,771.71,87.64,1.0
14785,142,59,2642,284,771.7,89.25,1.0
14786,15,57,2515,30,771.69,77.5,1.0
14787,131,60,2631,262,771.68,82.44,1.0
14788,14,40,2514,28,771.63,72.73,1.0
14789,11,33,2511,22,771.62,69.67,1.0
14790,16,49,2516,32,771.59,77.35,1.0
14791,54,57,2554,108,771.58,81.86,1.0
14792,290,7,2790,580,771.57,138.33,1.0
14793,53,57,2553,106,771.56,77.97,1.0
14794,54,53,2554,108,771.55,72.84,1.0
14795,14,48,2514,28,771.53,69.1,1.0
14796,93,5,2593,186,771.53,104.99,1.0
14797,27,40,2527,54,771.52,72.45,1.0
14798,41,37,2541,82,771.52,82.47,1.0
14799,41,49,2541,82,771.52,78.4,1.0
14800,59,50,2559,118,771.49,78.93,1.0
14801,88,56,2588,176,771.48,76.47,1.0
14802,17,43,2517,34,771.47,75.76,1.0
14803,97,6,2597,194,771.46,103.44,1.0
14804,153,59,2653,306,771.46,92.62,1.0
14805,179,59,2679,358,771.46,94.8,1.0
14806,41,40,2541,82,771.45,72.47,1.0
14807,54,54,2554,108,771.44,74.55,1.0
14808,55,51,2555,110,771.44,80.84,1.0
14809,270,7,2770,540,771.43,139.94,1.0
14810,167,6,2667,334,771.4,116.64,1.0
14811,198,58,2698,396,771.39,97.76,1.0
14812,27,43,2527,54,771.38,70.53,1.0
14813,40,47,2540,80,771.37,65.52,1.0
14814,35,46,2535,70,771.36,68.46,1.0
14815,289,60,2789,578,771.35,113.01,1.0
14816,104,57,2604,208,771.34,82.66,1.0
14817,223,59,2723,446,771.34,107.6,1.0
14818,35,34,2535,70,771.32,71.42,1.0
14819,87,60,2587,174,771.31,79.61,1.0
14820,42,36,2542,84,771.3,71.55,1.0
14821,41,46,2541,82,771.3,69.56,1.0
14822,48,45,2548,96,771.3,71.41,1.0
14823,31,39,2531,62,771.19,71.01,1.0
14824,100,56,2600,200,771.19,83.42,1.0
14825,23,40,2523,46,771.18,71.76,1.0
14826,17,52,2517,34,771.17,71.24,1.0
14827,107,55,2607,214,771.16,81.14,1.0
14828,199,6,2699,398,771.15,122.05,1.0
14829,11,47,2511,22,771.12,78.49,1.0
14830,29,38,2529,58,771.07,68.76,1.0
14831,41,53,2541,82,771.07,75.41,1.0
14832,16,52,2516,32,771.07,72.21,1.0
14833,48,53,2548,96,771.07,74.33,1.0
14834,39,50,2539,78,771.04,70.54,1.0
14835,35,33,2535,70,770.98,73.27,1.0
14836,29,33,2529,58,770.96,67.45,1.0
14837,20,46,2520,40,770.96,75.65,1.0
14838,26,45,2526,52,770.96,76.85,1.0
14839,140,57,2640,280,770.91,85.97,1.0
14840,17,41,2517,34,770.89,66.98,1.0
14841,31,32,2531,62,770.87,69.74,1.0
14842,23,47,2523,46,770.85,71.89,1.0
14843,42,46,2542,84,770.84,72.59,1.0
14844,47,50,2547,94,770.84,74.35,1.0
14845,12,5,2512,24,770.83,68.5,1.0
14846,162,60,2662,324,770.83,78.8,1.0
14847,23,59,2523,46,770.78,72.59,1.0
14848,16,40,2516,32,770.76,76.44,1.0
14849,27,48,2527,54,770.74,64.88,1.0
14850,266,7,2766,532,770.73,128.68,1.0
14851,43,34,2543,86,770.7,73.63,1.0
14852,14,43,2514,28,770.7,73.48,1.0
14853,52,52,2552,104,770.7,74.5,1.0
14854,43,49,2543,86,770.69,78.07,1.0
14855,17,50,2517,34,770.69,71.53,1.0
14856,84,58,2584,168,770.69,84.63,1.0
14857,192,58,2692,384,770.69,91.96,1.0
14858,43,32,2543,86,770.68,78.05,1.0
14859,43,36,2543,86,770.62,76.47,1.0
14860,41,41,2541,82,770.62,74.57,1.0
14861,128,6,2628,256,770.62,114.25,1.0
14862,16,30,2516,32,770.6,70.65,1.0
14863,22,52,2522,44,770.57,70.44,1.0
14864,170,59,2670,340,770.56,101.29,1.0
14865,89,58,2589,178,770.55,89.5,1.0
14866,35,51,2535,70,770.54,74.53,1.0
14867,14,36,2514,28,770.53,69.53,1.0
14868,193,60,2693,386,770.53,99.43,1.0
14869,15,38,2515,30,770.51,66.59,1.0
14870,198,59,2698,396,770.51,96.88,1.0
14871,252,60,2752,504,770.51,112.67,1.0
14872,102,6,2602,204,770.5,101.21,1.0
14873,211,7,2711,422,770.5,131.9,1.0
14874,184,6,2684,368,770.48,120.22,1.0
14875,29,45,2529,58,770.46,68.11,1.0
14876,110,59,2610,220,770.46,84.61,1.0
14877,246,60,2746,492,770.46,100.7,1.0
14878,0,34,2500,0,770.43,68.77,1.0
14879,18,31,2518,36,770.42,67.08,1.0
14880,18,44,2518,36,770.42,66.98,1.0
14881,129,58,2629,258,770.42,98.99,1.0
14882,81,57,2581,162,770.4,86.11,1.0
14883,15,41,2515,30,770.39,67.13,1.0
14884,240,60,2740,480,770.36,105.36,1.0
14885,41,34,2541,82,770.32,70.65,1.0
14886,86,5,2586,172,770.3,101.83,1.0
14887,41,33,2541,82,770.28,72.62,1.0
14888,172,57,2672,344,770.28,94.71,1.0
14889,72,60,2572,144,770.27,79.4,1.0
14890,47,33,2547,94,770.25,76.0,1.0
14891,90,60,2590,180,770.25,86.32,1.0
14892,40,49,2540,80,770.24,79.54,1.0
14893,79,57,2579,158,770.24,81.04,1.0
14894,31,37,2531,62,770.22,70.78,1.0
14895,27,30,2527,54,770.2,72.0,1.0
14896,16,44,2516,32,770.19,72.77,1.0
14897,230,60,2730,460,770.19,106.59,1.0
14898,92,56,2592,184,770.18,81.39,1.0
14899,17,48,2517,34,770.17,70.62,1.0
14900,62,51,2562,124,770.16,71.57,1.0
14901,256,7,2756,512,770.16,135.28,1.0
14902,17,59,2517,34,770.12,68.93,1.0
14903,15,37,2515,30,770.09,68.74,1.0
14904,98,56,2598,196,770.06,81.85,1.0
14905,18,47,2518,36,770.04,66.62,1.0
14906,130,58,2630,260,770.04,93.45,1.0
14907,10,40,2510,20,770.02,63.18,1.0
14908,48,49,2548,96,770.02,76.16,1.0
14909,123,60,2623,246,770.02,92.12,1.0
14910,142,58,2642,284,770.02,94.9,1.0
14911,31,34,2531,62,770.0,67.42,1.0
14912,23,57,2523,46,769.99,75.31,1.0
14913,16,51,2516,32,769.98,70.89,1.0
14914,61,52,2561,122,769.98,73.89,1.0
14915,182,60,2682,364,769.95,102.18,1.0
14916,267,60,2767,534,769.94,117.08,1.0
14917,17,53,2517,34,769.93,71.19,1.0
14918,83,58,2583,166,769.93,89.63,1.0
14919,14,34,2514,28,769.91,71.33,1.0
14920,17,31,2517,34,769.91,67.93,1.0
14921,31,35,2531,62,769.88,70.87,1.0
14922,50,56,2550,100,769.88,89.29,1.0
14923,248,8,2748,496,769.85,130.4,1.0
14924,55,47,2555,110,769.82,79.28,1.0
14925,16,38,2516,32,769.81,72.94,1.0
14926,17,42,2517,34,769.81,66.33,1.0
14927,15,44,2515,30,769.8,69.95,1.0
14928,31,46,2531,62,769.79,63.63,1.0
14929,34,41,2534,68,769.78,65.36,1.0
14930,14,46,2514,28,769.78,73.93,1.0
14931,256,60,2756,512,769.77,102.6,1.0
14932,15,43,2515,30,769.76,66.57,1.0
14933,58,53,2558,116,769.75,76.56,1.0
14934,165,60,2665,330,769.74,106.59,1.0
14935,15,36,2515,30,769.72,74.9,1.0
14936,16,33,2516,32,769.7,72.43,1.0
14937,84,57,2584,168,769.68,78.84,1.0
14938,94,55,2594,188,769.65,89.24,1.0
14939,240,7,2740,480,769.65,125.57,1.0
14940,160,59,2660,320,769.63,94.05,1.0
14941,0,45,2500,0,769.61,74.48,1.0
14942,54,5,2554,108,769.57,90.02,1.0
14943,140,58,2640,280,769.57,80.42,1.0
14944,30,36,2530,60,769.56,68.86,1.0
14945,82,58,2582,164,769.56,77.69,1.0
14946,43,46,2543,86,769.53,75.6,1.0
14947,34,35,2534,68,769.51,68.74,1.0
14948,200,55,2700,400,769.51,95.36,1.0
14949,33,30,2533,66,769.5,80.53,1.0
14950,40,51,2540,80,769.5,75.15,1.0
14951,15,34,2515,30,769.49,70.5,1.0
14952,141,6,2641,282,769.49,115.65,1.0
14953,135,6,2635,270,769.48,113.91,1.0
14954,69,52,2569,138,769.47,78.41,1.0
14955,119,55,2619,238,769.46,84.4,1.0
14956,15,53,2515,30,769.4,75.24,1.0
14957,20,30,2520,40,769.39,74.96,1.0
14958,43,47,2543,86,769.38,73.94,1.0
14959,74,58,2574,148,769.38,86.54,1.0
14960,63,55,2563,126,769.35,79.19,1.0
14961,17,38,2517,34,769.34,73.93,1.0
14962,109,59,2609,218,769.27,77.51,1.0
14963,24,56,2524,48,769.26,80.74,1.0
14964,31,43,2531,62,769.25,70.0,1.0
14965,37,53,2537,74,769.25,74.31,1.0
14966,58,51,2558,116,769.25,69.8,1.0
14967,64,54,2564,128,769.23,77.89,1.0
14968,24,57,2524,48,769.18,69.96,1.0
14969,127,58,2627,254,769.15,92.36,1.0
14970,0,37,2500,0,769.11,64.21,1.0
14971,17,36,2517,34,769.11,70.76,1.0
14972,176,60,2676,352,769.08,96.17,1.0
14973,11,43,2511,22,769.02,73.53,1.0
14974,62,57,2562,124,769.02,80.4,1.0
14975,70,58,2570,140,769.02,84.67,1.0
14976,29,41,2529,58,769.0,72.46,1.0
14977,33,31,2533,66,769.0,72.11,1.0
14978,23,43,2523,46,769.0,65.95,1.0
14979,112,55,2612,224,769.0,81.14,1.0
14980,152,59,2652,304,769.0,94.15,1.0
14981,67,53,2567,134,768.99,68.75,1.0
14982,56,53,2556,112,768.96,70.4,1.0
14983,26,34,2526,52,768.91,71.81,1.0
14984,237,60,2737,474,768.91,100.37,1.0
14985,26,36,2526,52,768.9,73.18,1.0
14986,83,59,2583,166,768.9,88.84,1.0
14987,26,47,2526,52,768.88,72.11,1.0
14988,248,58,2748,496,768.86,107.23,1.0
14989,101,59,2601,202,768.85,75.38,1.0
14990,27,35,2527,54,768.8,68.12,1.0
14991,120,56,2620,240,768.78,91.68,1.0
14992,91,57,2591,182,768.69,90.78,1.0
14993,26,42,2526,52,768.68,71.55,1.0
14994,58,49,2558,116,768.68,76.84,1.0
14995,17,58,2517,34,768.65,72.32,1.0
14996,132,6,2632,264,768.64,108.01,1.0
14997,165,59,2665,330,768.63,95.88,1.0
14998,27,33,2527,54,768.62,79.07,1.0
14999,80,51,2580,160,768.57,75.83,1.0
15000,67,56,2567,134,768.56,76.27,1.0
15001,142,60,2642,284,768.56,97.16,1.0
15002,33,45,2533,66,768.51,75.85,1.0
15003,150,58,2650,300,768.5,82.42,1.0
15004,237,7,2737,474,768.5,138.29,1.0
15005,55,54,2555,110,768.49,77.43,1.0
15006,42,44,2542,84,768.48,72.49,1.0
15007,42,41,2542,84,768.44,73.19,1.0
15008,186,6,2686,372,768.44,127.64,1.0
15009,33,33,2533,66,768.43,75.61,1.0
15010,39,51,2539,78,768.42,71.37,1.0
15011,97,57,2597,194,768.42,82.11,1.0
15012,53,60,2553,106,768.39,75.18,1.0
15013,0,48,2500,0,768.36,67.57,1.0
15014,15,42,2515,30,768.35,71.48,1.0
15015,15,46,2515,30,768.35,71.72,1.0
15016,84,60,2584,168,768.3,83.52,1.0
15017,20,34,2520,40,768.28,66.14,1.0
15018,66,59,2566,132,768.27,83.99,1.0
15019,33,35,2533,66,768.26,73.55,1.0
15020,29,40,2529,58,768.24,70.32,1.0
15021,119,57,2619,238,768.24,90.65,1.0
15022,154,59,2654,308,768.24,97.58,1.0
15023,97,55,2597,194,768.23,80.44,1.0
15024,35,45,2535,70,768.22,80.26,1.0
15025,15,52,2515,30,768.22,67.08,1.0
15026,17,32,2517,34,768.21,75.72,1.0
15027,42,42,2542,84,768.2,76.67,1.0
15028,74,56,2574,148,768.19,81.34,1.0
15029,11,37,2511,22,768.15,71.45,1.0
15030,16,31,2516,32,768.13,64.74,1.0
15031,59,5,2559,118,768.12,98.24,1.0
15032,98,59,2598,196,768.12,87.89,1.0
15033,171,59,2671,342,768.11,97.59,1.0
15034,72,5,2572,144,768.1,95.39,1.0
15035,198,7,2698,396,768.09,116.49,1.0
15036,65,55,2565,130,768.07,83.95,1.0
15037,42,30,2542,84,768.06,72.31,1.0
15038,16,36,2516,32,768.06,66.66,1.0
15039,293,7,2793,586,768.05,140.16,1.0
15040,273,60,2773,546,768.03,111.31,1.0
15041,30,39,2530,60,768.01,67.09,1.0
15042,124,57,2624,248,768.01,90.84,1.0
15043,103,60,2603,206,768.0,85.31,1.0
15044,20,44,2520,40,767.99,68.7,1.0
15045,33,34,2533,66,767.98,75.2,1.0
15046,63,56,2563,126,767.98,74.06,1.0
15047,26,30,2526,52,767.95,76.62,1.0
15048,28,31,2528,56,767.91,75.98,1.0
15049,54,55,2554,108,767.9,82.53,1.0
15050,110,57,2610,220,767.86,83.33,1.0
15051,91,53,2591,182,767.84,89.11,1.0
15052,41,51,2541,82,767.82,81.2,1.0
15053,92,57,2592,184,767.79,79.95,1.0
15054,219,60,2719,438,767.76,101.8,1.0
15055,35,48,2535,70,767.74,70.64,1.0
15056,20,48,2520,40,767.71,69.48,1.0
15057,66,5,2566,132,767.7,97.47,1.0
15058,61,51,2561,122,767.69,77.7,1.0
15059,208,7,2708,416,767.69,124.32,1.0
15060,36,43,2536,72,767.66,73.15,1.0
15061,17,49,2517,34,767.62,74.02,1.0
15062,37,55,2537,74,767.61,78.15,1.0
15063,28,47,2528,56,767.56,72.87,1.0
15064,23,53,2523,46,767.56,73.55,1.0
15065,67,54,2567,134,767.56,72.78,1.0
15066,173,58,2673,346,767.56,96.14,1.0
15067,15,50,2515,30,767.55,69.29,1.0
15068,10,35,2510,20,767.54,73.92,1.0
15069,225,59,2725,450,767.51,109.08,1.0
15070,16,39,2516,32,767.5,73.07,1.0
15071,16,45,2516,32,767.5,72.37,1.0
15072,16,53,2516,32,767.5,70.91,1.0
15073,21,40,2521,42,767.45,67.0,1.0
15074,41,50,2541,82,767.44,66.73,1.0
15075,26,31,2526,52,767.44,71.98,1.0
15076,95,57,2595,190,767.44,78.13,1.0
15077,18,49,2518,36,767.43,70.23,1.0
15078,23,55,2523,46,767.42,72.16,1.0
15079,0,59,2500,0,767.4,66.52,1.0
15080,46,48,2546,92,767.4,75.22,1.0
15081,47,48,2547,94,767.38,75.03,1.0
15082,31,33,2531,62,767.37,65.54,1.0
15083,100,59,2600,200,767.37,85.07,1.0
15084,28,34,2528,56,767.36,70.47,1.0
15085,47,45,2547,94,767.35,71.37,1.0
15086,22,60,2522,44,767.34,77.49,1.0
15087,56,57,2556,112,767.34,85.62,1.0
15088,151,59,2651,302,767.31,98.47,1.0
15089,75,59,2575,150,767.27,86.83,1.0
15090,0,51,2500,0,767.25,75.32,1.0
15091,204,7,2704,408,767.25,127.23,1.0
15092,33,36,2533,66,767.24,71.86,1.0
15093,191,7,2691,382,767.22,127.81,1.0
15094,115,60,2615,230,767.18,84.09,1.0
15095,35,49,2535,70,767.17,70.66,1.0
15096,80,53,2580,160,767.16,74.04,1.0
15097,18,51,2518,36,767.14,71.04,1.0
15098,92,55,2592,184,767.12,84.66,1.0
15099,267,7,2767,534,767.12,154.7,1.0
15100,29,34,2529,58,767.1,67.16,1.0
15101,42,43,2542,84,767.1,71.63,1.0
15102,107,6,2607,214,767.09,98.62,1.0
15103,10,39,2510,20,767.08,65.64,1.0
15104,42,50,2542,84,767.06,74.31,1.0
15105,48,52,2548,96,767.04,77.9,1.0
15106,20,49,2520,40,766.96,70.48,1.0
15107,11,49,2511,22,766.92,71.74,1.0
15108,89,59,2589,178,766.92,92.19,1.0
15109,15,54,2515,30,766.86,70.22,1.0
15110,15,30,2515,30,766.84,73.26,1.0
15111,65,58,2565,130,766.83,81.2,1.0
15112,67,55,2567,134,766.82,74.25,1.0
15113,79,58,2579,158,766.8,87.28,1.0
15114,34,43,2534,68,766.79,66.96,1.0
15115,80,52,2580,160,766.78,79.78,1.0
15116,26,40,2526,52,766.76,69.74,1.0
15117,121,6,2621,242,766.74,109.03,1.0
15118,29,37,2529,58,766.73,67.42,1.0
15119,36,32,2536,72,766.72,75.32,1.0
15120,159,59,2659,318,766.7,97.22,1.0
15121,18,57,2518,36,766.64,75.29,1.0
15122,18,40,2518,36,766.62,70.87,1.0
15123,0,32,2500,0,766.59,76.6,1.0
15124,20,41,2520,40,766.58,67.76,1.0
15125,28,43,2528,56,766.56,75.69,1.0
15126,11,57,2511,22,766.54,70.65,1.0
15127,68,55,2568,136,766.54,73.81,1.0
15128,73,58,2573,146,766.52,92.71,1.0
15129,90,59,2590,180,766.52,96.97,1.0
15130,99,58,2599,198,766.52,83.23,1.0
15131,15,51,2515,30,766.51,72.67,1.0
15132,248,59,2748,496,766.5,103.71,1.0
15133,150,59,2650,300,766.48,93.86,1.0
15134,106,54,2606,212,766.45,76.58,1.0
15135,41,31,2541,82,766.44,70.89,1.0
15136,14,50,2514,28,766.41,68.94,1.0
15137,41,44,2541,82,766.34,71.26,1.0
15138,21,44,2521,42,766.33,72.3,1.0
15139,129,6,2629,258,766.33,118.78,1.0
15140,42,34,2542,84,766.32,71.38,1.0
15141,30,45,2530,60,766.32,74.23,1.0
15142,15,31,2515,30,766.31,68.94,1.0
15143,30,32,2530,60,766.24,62.26,1.0
15144,23,58,2523,46,766.24,75.84,1.0
15145,90,58,2590,180,766.24,88.51,1.0
15146,280,60,2780,560,766.24,115.94,1.0
15147,112,6,2612,224,766.22,105.15,1.0
15148,0,44,2500,0,766.21,75.25,1.0
15149,106,58,2606,212,766.21,80.0,1.0
15150,28,30,2528,56,766.2,74.91,1.0
15151,41,47,2541,82,766.19,74.69,1.0
15152,16,47,2516,32,766.18,71.7,1.0
15153,16,58,2516,32,766.16,84.75,1.0
15154,46,54,2546,92,766.16,78.41,1.0
15155,31,41,2531,62,766.14,67.72,1.0
15156,21,45,2521,42,766.14,66.65,1.0
15157,61,49,2561,122,766.14,73.71,1.0
15158,268,59,2768,536,766.13,99.68,1.0
15159,99,60,2599,198,766.12,89.12,1.0
15160,269,8,2769,538,766.12,137.96,1.0
15161,21,32,2521,42,766.11,67.94,1.0
15162,35,5,2535,70,766.08,75.75,1.0
15163,28,37,2528,56,766.07,70.65,1.0
15164,29,35,2529,58,766.07,69.55,1.0
15165,59,55,2559,118,766.07,73.19,1.0
15166,34,31,2534,68,766.04,76.0,1.0
15167,25,48,2525,50,765.96,75.01,1.0
15168,36,42,2536,72,765.95,71.46,1.0
15169,23,56,2523,46,765.95,77.5,1.0
15170,52,53,2552,104,765.94,74.52,1.0
15171,11,30,2511,22,765.93,75.64,1.0
15172,15,48,2515,30,765.93,59.77,1.0
15173,28,46,2528,56,765.92,74.15,1.0
15174,72,59,2572,144,765.91,85.35,1.0
15175,88,55,2588,176,765.89,90.78,1.0
15176,33,32,2533,66,765.87,67.49,1.0
15177,73,5,2573,146,765.87,99.97,1.0
15178,252,7,2752,504,765.84,139.89,1.0
15179,15,47,2515,30,765.82,72.65,1.0
15180,34,34,2534,68,765.81,70.35,1.0
15181,14,37,2514,28,765.8,73.09,1.0
15182,99,59,2599,198,765.8,86.82,1.0
15183,152,60,2652,304,765.76,90.15,1.0
15184,43,54,2543,86,765.75,78.82,1.0
15185,85,59,2585,170,765.75,78.52,1.0
15186,37,56,2537,74,765.72,77.68,1.0
15187,29,48,2529,58,765.7,72.47,1.0
15188,28,50,2528,56,765.67,73.46,1.0
15189,15,55,2515,30,765.67,67.26,1.0
15190,62,54,2562,124,765.63,80.36,1.0
15191,119,58,2619,238,765.63,87.61,1.0
15192,67,57,2567,134,765.62,73.14,1.0
15193,42,32,2542,84,765.58,68.86,1.0
15194,42,35,2542,84,765.58,63.1,1.0
15195,11,40,2511,22,765.58,70.35,1.0
15196,222,59,2722,444,765.58,116.1,1.0
15197,195,58,2695,390,765.56,93.91,1.0
15198,10,45,2510,20,765.54,73.09,1.0
15199,36,48,2536,72,765.53,77.36,1.0
15200,226,7,2726,452,765.53,120.22,1.0
15201,85,58,2585,170,765.52,82.83,1.0
15202,178,6,2678,356,765.5,124.31,1.0
15203,28,33,2528,56,765.49,67.6,1.0
15204,30,40,2530,60,765.49,66.59,1.0
15205,38,46,2538,76,765.47,72.1,1.0
15206,36,45,2536,72,765.46,69.28,1.0
15207,16,57,2516,32,765.45,74.48,1.0
15208,28,45,2528,56,765.42,72.01,1.0
15209,143,59,2643,286,765.41,94.44,1.0
15210,16,50,2516,32,765.38,76.17,1.0
15211,0,49,2500,0,765.37,71.01,1.0
15212,14,32,2514,28,765.34,71.45,1.0
15213,0,36,2500,0,765.28,70.07,1.0
15214,248,60,2748,496,765.28,101.88,1.0
15215,236,60,2736,472,765.26,112.38,1.0
15216,65,56,2565,130,765.25,79.21,1.0
15217,35,53,2535,70,765.2,69.65,1.0
15218,40,53,2540,80,765.2,72.53,1.0
15219,89,60,2589,178,765.18,87.53,1.0
15220,19,39,2519,38,765.16,73.42,1.0
15221,299,8,2799,598,765.16,145.12,1.0
15222,59,56,2559,118,765.13,77.32,1.0
15223,36,53,2536,72,765.12,72.06,1.0
15224,10,48,2510,20,765.12,78.27,1.0
15225,141,60,2641,282,765.12,94.83,1.0
15226,45,60,2545,90,765.1,74.26,1.0
15227,31,5,2531,62,765.06,76.44,1.0
15228,46,53,2546,92,765.06,73.86,1.0
15229,47,54,2547,94,765.06,70.78,1.0
15230,197,59,2697,394,765.05,95.01,1.0
15231,21,33,2521,42,765.02,64.94,1.0
15232,82,59,2582,164,764.97,82.66,1.0
15233,28,35,2528,56,764.96,69.58,1.0
15234,27,52,2527,54,764.92,72.2,1.0
15235,33,37,2533,66,764.92,72.34,1.0
15236,56,55,2556,112,764.92,78.26,1.0
15237,27,34,2527,54,764.91,70.55,1.0
15238,10,37,2510,20,764.9,66.14,1.0
15239,28,44,2528,56,764.89,73.04,1.0
15240,18,53,2518,36,764.89,70.04,1.0
15241,36,41,2536,72,764.89,77.69,1.0
15242,38,52,2538,76,764.88,74.5,1.0
15243,15,59,2515,30,764.83,70.42,1.0
15244,0,46,2500,0,764.8,67.37,1.0
15245,147,60,2647,294,764.77,96.15,1.0
15246,121,59,2621,242,764.72,90.11,1.0
15247,205,7,2705,410,764.72,136.06,1.0
15248,26,43,2526,52,764.71,72.2,1.0
15249,10,38,2510,20,764.69,69.61,1.0
15250,26,48,2526,52,764.64,73.46,1.0
15251,174,57,2674,348,764.64,98.6,1.0
15252,36,37,2536,72,764.62,73.32,1.0
15253,14,38,2514,28,764.61,72.68,1.0
15254,22,59,2522,44,764.58,74.47,1.0
15255,48,55,2548,96,764.58,80.26,1.0
15256,75,60,2575,150,764.58,85.47,1.0
15257,25,30,2525,50,764.57,69.35,1.0
15258,84,59,2584,168,764.57,87.37,1.0
15259,36,5,2536,72,764.56,87.03,1.0
15260,29,39,2529,58,764.55,74.83,1.0
15261,33,43,2533,66,764.53,72.91,1.0
15262,135,59,2635,270,764.51,96.95,1.0
15263,222,60,2722,444,764.51,106.41,1.0
15264,16,43,2516,32,764.5,72.55,1.0
15265,64,55,2564,128,764.5,77.43,1.0
15266,10,30,2510,20,764.47,72.54,1.0
15267,26,37,2526,52,764.44,74.86,1.0
15268,28,40,2528,56,764.42,69.37,1.0
15269,10,36,2510,20,764.42,66.19,1.0
15270,10,59,2510,20,764.42,69.66,1.0
15271,23,60,2523,46,764.39,79.19,1.0
15272,0,42,2500,0,764.36,67.33,1.0
15273,0,54,2500,0,764.36,71.3,1.0
15274,53,5,2553,106,764.36,90.53,1.0
15275,58,54,2558,116,764.36,71.66,1.0
15276,62,56,2562,124,764.35,72.07,1.0
15277,16,60,2516,32,764.33,73.75,1.0
15278,17,54,2517,34,764.32,73.12,1.0
15279,88,54,2588,176,764.31,76.58,1.0
15280,30,31,2530,60,764.29,74.6,1.0
15281,100,60,2600,200,764.29,81.27,1.0
15282,0,55,2500,0,764.27,65.67,1.0
15283,24,51,2524,48,764.22,75.32,1.0
15284,81,58,2581,162,764.22,82.44,1.0
15285,64,53,2564,128,764.21,74.74,1.0
15286,31,49,2531,62,764.18,64.95,1.0
15287,59,52,2559,118,764.17,86.91,1.0
15288,146,6,2646,292,764.15,115.15,1.0
15289,192,59,2692,384,764.14,92.26,1.0
15290,33,5,2533,66,764.12,83.89,1.0
15291,82,5,2582,164,764.12,97.54,1.0
15292,30,5,2530,60,764.11,76.95,1.0
15293,277,60,2777,554,764.09,108.59,1.0
15294,126,60,2626,252,764.04,96.11,1.0
15295,11,31,2511,22,764.03,71.15,1.0
15296,18,58,2518,36,763.98,74.18,1.0
15297,14,39,2514,28,763.98,77.04,1.0
15298,295,60,2795,590,763.97,118.55,1.0
15299,61,50,2561,122,763.96,75.76,1.0
15300,11,48,2511,22,763.95,71.77,1.0
15301,50,60,2550,100,763.95,86.44,1.0
15302,34,47,2534,68,763.92,73.35,1.0
15303,38,51,2538,76,763.91,73.51,1.0
15304,33,47,2533,66,763.9,72.24,1.0
15305,51,58,2551,102,763.9,72.93,1.0
15306,11,45,2511,22,763.9,69.51,1.0
15307,15,56,2515,30,763.9,68.14,1.0
15308,29,36,2529,58,763.89,74.59,1.0
15309,59,54,2559,118,763.85,72.77,1.0
15310,14,53,2514,28,763.84,70.7,1.0
15311,34,45,2534,68,763.83,74.09,1.0
15312,41,43,2541,82,763.83,69.56,1.0
15313,16,46,2516,32,763.82,69.5,1.0
15314,134,59,2634,268,763.78,100.36,1.0
15315,125,58,2625,250,763.67,93.56,1.0
15316,29,31,2529,58,763.66,69.2,1.0
15317,21,53,2521,42,763.66,77.19,1.0
15318,27,51,2527,54,763.65,70.29,1.0
15319,87,59,2587,174,763.65,82.25,1.0
15320,42,33,2542,84,763.64,72.7,1.0
15321,56,58,2556,112,763.64,75.5,1.0
15322,187,57,2687,374,763.64,88.96,1.0
15323,11,35,2511,22,763.63,71.21,1.0
15324,88,57,2588,176,763.61,73.63,1.0
15325,10,41,2510,20,763.6,67.22,1.0
15326,82,60,2582,164,763.55,74.45,1.0
15327,21,36,2521,42,763.53,67.34,1.0
15328,135,60,2635,270,763.53,100.18,1.0
15329,29,43,2529,58,763.5,72.66,1.0
15330,55,52,2555,110,763.49,78.85,1.0
15331,56,56,2556,112,763.49,72.12,1.0
15332,28,48,2528,56,763.45,71.05,1.0
15333,29,46,2529,58,763.44,72.59,1.0
15334,40,52,2540,80,763.44,77.48,1.0
15335,51,55,2551,102,763.43,78.84,1.0
15336,46,52,2546,92,763.43,71.8,1.0
15337,195,60,2695,390,763.41,109.38,1.0
15338,207,58,2707,414,763.41,96.45,1.0
15339,26,56,2526,52,763.4,77.57,1.0
15340,36,31,2536,72,763.37,70.51,1.0
15341,128,59,2628,256,763.34,83.64,1.0
15342,28,41,2528,56,763.33,75.87,1.0
15343,128,58,2628,256,763.31,83.53,1.0
15344,96,5,2596,192,763.29,103.23,1.0
15345,31,51,2531,62,763.28,72.31,1.0
15346,0,60,2500,0,763.28,67.76,1.0
15347,11,38,2511,22,763.28,71.95,1.0
15348,61,53,2561,122,763.28,80.87,1.0
15349,96,59,2596,192,763.23,82.29,1.0
15350,33,41,2533,66,763.22,76.24,1.0
15351,26,39,2526,52,763.22,72.4,1.0
15352,150,56,2650,300,763.2,87.75,1.0
15353,134,60,2634,268,763.13,100.08,1.0
15354,34,38,2534,68,763.12,74.5,1.0
15355,10,51,2510,20,763.12,69.07,1.0
15356,112,56,2612,224,763.09,91.38,1.0
15357,0,43,2500,0,763.08,74.1,1.0
15358,25,35,2525,50,763.07,72.78,1.0
15359,42,37,2542,84,763.05,74.98,1.0
15360,18,33,2518,36,763.04,67.58,1.0
15361,117,60,2617,234,763.04,84.85,1.0
15362,28,5,2528,56,763.03,84.1,1.0
15363,10,32,2510,20,763.02,76.39,1.0
15364,37,54,2537,74,763.01,81.8,1.0
15365,140,59,2640,280,763.01,85.04,1.0
15366,15,40,2515,30,762.99,65.26,1.0
15367,110,60,2610,220,762.96,87.14,1.0
15368,68,56,2568,136,762.94,75.65,1.0
15369,14,33,2514,28,762.93,71.91,1.0
15370,15,39,2515,30,762.93,63.47,1.0
15371,30,30,2530,60,762.9,73.07,1.0
15372,19,42,2519,38,762.89,69.99,1.0
15373,32,42,2532,64,762.87,71.01,1.0
15374,75,56,2575,150,762.85,78.57,1.0
15375,33,44,2533,66,762.82,70.74,1.0
15376,36,40,2536,72,762.82,64.76,1.0
15377,180,6,2680,360,762.82,125.6,1.0
15378,62,53,2562,124,762.81,70.65,1.0
15379,43,52,2543,86,762.78,74.51,1.0
15380,30,42,2530,60,762.78,68.4,1.0
15381,25,42,2525,50,762.77,74.42,1.0
15382,81,60,2581,162,762.74,87.92,1.0
15383,19,40,2519,38,762.73,71.87,1.0
15384,11,41,2511,22,762.72,67.07,1.0
15385,30,43,2530,60,762.7,67.64,1.0
15386,29,32,2529,58,762.69,72.42,1.0
15387,0,39,2500,0,762.68,68.1,1.0
15388,36,35,2536,72,762.68,70.33,1.0
15389,37,57,2537,74,762.64,74.42,1.0
15390,46,55,2546,92,762.63,76.19,1.0
15391,34,36,2534,68,762.61,67.08,1.0
15392,34,33,2534,68,762.6,71.31,1.0
15393,15,49,2515,30,762.58,69.9,1.0
15394,98,60,2598,196,762.56,91.14,1.0
15395,143,60,2643,286,762.56,88.42,1.0
15396,18,30,2518,36,762.52,70.89,1.0
15397,36,30,2536,72,762.5,67.14,1.0
15398,34,50,2534,68,762.48,69.97,1.0
15399,18,37,2518,36,762.47,72.84,1.0
15400,67,58,2567,134,762.42,79.93,1.0
15401,10,33,2510,20,762.41,74.77,1.0
15402,112,57,2612,224,762.4,83.61,1.0
15403,30,37,2530,60,762.39,68.6,1.0
15404,114,60,2614,228,762.34,89.59,1.0
15405,47,52,2547,94,762.31,79.79,1.0
15406,48,5,2548,96,762.28,89.6,1.0
15407,14,44,2514,28,762.27,78.45,1.0
15408,14,31,2514,28,762.26,69.47,1.0
15409,74,57,2574,148,762.25,84.12,1.0
15410,14,52,2514,28,762.24,72.26,1.0
15411,21,41,2521,42,762.24,74.21,1.0
15412,0,56,2500,0,762.22,65.74,1.0
15413,27,54,2527,54,762.21,74.71,1.0
15414,66,60,2566,132,762.21,92.84,1.0
15415,10,46,2510,20,762.19,72.89,1.0
15416,40,57,2540,80,762.18,76.67,1.0
15417,25,43,2525,50,762.18,70.64,1.0
15418,64,57,2564,128,762.14,83.43,1.0
15419,14,55,2514,28,762.11,72.65,1.0
15420,19,43,2519,38,762.1,71.66,1.0
15421,51,57,2551,102,762.03,74.43,1.0
15422,10,31,2510,20,762.03,67.3,1.0
15423,107,57,2607,214,762.03,77.43,1.0
15424,204,60,2704,408,762.01,104.05,1.0
15425,42,31,2542,84,762.0,73.87,1.0
15426,27,57,2527,54,761.99,77.08,1.0
15427,170,60,2670,340,761.96,97.96,1.0
15428,244,7,2744,488,761.94,136.52,1.0
15429,41,52,2541,82,761.93,81.47,1.0
15430,63,58,2563,126,761.93,81.61,1.0
15431,225,7,2725,450,761.93,118.83,1.0
15432,29,42,2529,58,761.91,66.04,1.0
15433,16,54,2516,32,761.9,72.75,1.0
15434,33,55,2533,66,761.88,75.01,1.0
15435,111,56,2611,222,761.88,82.39,1.0
15436,70,59,2570,140,761.85,85.93,1.0
15437,73,59,2573,146,761.85,87.18,1.0
15438,63,57,2563,126,761.84,81.94,1.0
15439,30,34,2530,60,761.82,72.93,1.0
15440,220,7,2720,440,761.82,125.2,1.0
15441,74,59,2574,148,761.79,87.8,1.0
15442,21,49,2521,42,761.78,72.74,1.0
15443,11,59,2511,22,761.77,76.38,1.0
15444,47,49,2547,94,761.76,74.35,1.0
15445,20,53,2520,40,761.74,72.29,1.0
15446,27,49,2527,54,761.73,73.17,1.0
15447,28,57,2528,56,761.72,72.48,1.0
15448,40,54,2540,80,761.72,77.54,1.0
15449,27,56,2527,54,761.66,72.03,1.0
15450,27,55,2527,54,761.64,70.71,1.0
15451,26,41,2526,52,761.63,68.34,1.0
15452,34,32,2534,68,761.62,70.67,1.0
15453,14,58,2514,28,761.62,73.1,1.0
15454,29,44,2529,58,761.58,73.61,1.0
15455,164,60,2664,328,761.55,83.99,1.0
15456,27,58,2527,54,761.54,76.52,1.0
15457,20,33,2520,40,761.54,75.27,1.0
15458,26,54,2526,52,761.51,73.98,1.0
15459,0,41,2500,0,761.48,72.75,1.0
15460,17,55,2517,34,761.48,69.05,1.0
15461,182,7,2682,364,761.47,122.84,1.0
15462,25,45,2525,50,761.46,68.13,1.0
15463,39,54,2539,78,761.44,72.94,1.0
15464,47,51,2547,94,761.44,73.82,1.0
15465,36,39,2536,72,761.42,71.9,1.0
15466,25,39,2525,50,761.41,74.84,1.0
15467,79,59,2579,158,761.41,84.13,1.0
15468,10,43,2510,20,761.4,72.64,1.0
15469,33,38,2533,66,761.36,72.68,1.0
15470,25,41,2525,50,761.36,77.92,1.0
15471,36,34,2536,72,761.36,70.96,1.0
15472,187,7,2687,374,761.32,119.79,1.0
15473,10,42,2510,20,761.28,66.44,1.0
15474,80,54,2580,160,761.25,79.65,1.0
15475,194,60,2694,388,761.24,95.39,1.0
15476,26,49,2526,52,761.22,80.51,1.0
15477,19,32,2519,38,761.13,75.67,1.0
15478,35,57,2535,70,761.12,75.93,1.0
15479,11,52,2511,22,761.1,71.71,1.0
15480,14,51,2514,28,761.09,64.95,1.0
15481,98,58,2598,196,761.08,86.96,1.0
15482,127,60,2627,254,761.08,93.3,1.0
15483,19,51,2519,38,761.04,69.28,1.0
15484,42,47,2542,84,761.03,77.09,1.0
15485,20,57,2520,40,761.03,79.99,1.0
15486,35,52,2535,70,761.0,74.13,1.0
15487,30,38,2530,60,760.97,70.61,1.0
15488,33,42,2533,66,760.97,69.59,1.0
15489,17,57,2517,34,760.97,70.85,1.0
15490,160,6,2660,320,760.97,113.52,1.0
15491,16,56,2516,32,760.94,75.47,1.0
15492,215,59,2715,430,760.94,97.65,1.0
15493,60,55,2560,120,760.91,78.51,1.0
15494,35,55,2535,70,760.82,73.1,1.0
15495,20,50,2520,40,760.8,69.58,1.0
15496,64,59,2564,128,760.79,84.42,1.0
15497,11,54,2511,22,760.77,70.31,1.0
15498,31,55,2531,62,760.75,74.23,1.0
15499,26,38,2526,52,760.75,74.25,1.0
15500,249,59,2749,498,760.72,105.37,1.0
15501,30,35,2530,60,760.69,63.97,1.0
15502,27,53,2527,54,760.68,72.88,1.0
15503,269,60,2769,538,760.67,108.64,1.0
15504,14,42,2514,28,760.64,65.21,1.0
15505,5,34,2505,10,760.62,75.73,1.0
15506,26,50,2526,52,760.6,77.45,1.0
15507,11,53,2511,22,760.59,79.81,1.0
15508,0,31,2500,0,760.58,70.86,1.0
15509,41,39,2541,82,760.56,71.51,1.0
15510,12,48,2512,24,760.56,66.85,1.0
15511,187,58,2687,374,760.5,88.42,1.0
15512,263,7,2763,526,760.46,135.91,1.0
15513,18,48,2518,36,760.44,67.83,1.0
15514,245,7,2745,490,760.42,135.49,1.0
15515,48,56,2548,96,760.4,73.41,1.0
15516,33,51,2533,66,760.39,71.33,1.0
15517,27,60,2527,54,760.38,72.75,1.0
15518,42,49,2542,84,760.36,76.1,1.0
15519,21,39,2521,42,760.35,72.26,1.0
15520,102,58,2602,204,760.35,87.14,1.0
15521,230,7,2730,460,760.35,131.82,1.0
15522,8,41,2508,16,760.32,71.7,1.0
15523,8,34,2508,16,760.3,76.27,1.0
15524,20,54,2520,40,760.29,79.67,1.0
15525,40,56,2540,80,760.28,84.7,1.0
15526,14,47,2514,28,760.27,74.79,1.0
15527,43,53,2543,86,760.23,82.01,1.0
15528,11,50,2511,22,760.22,71.39,1.0
15529,70,60,2570,140,760.22,85.18,1.0
15530,56,54,2556,112,760.16,77.4,1.0
15531,34,46,2534,68,760.15,71.07,1.0
15532,29,52,2529,58,760.13,68.42,1.0
15533,54,56,2554,108,760.05,75.88,1.0
15534,31,48,2531,62,760.04,70.72,1.0
15535,11,32,2511,22,760.03,68.2,1.0
15536,11,42,2511,22,760.01,63.3,1.0
15537,47,5,2547,94,759.96,90.35,1.0
15538,91,56,2591,182,759.94,91.13,1.0
15539,12,38,2512,24,759.91,72.57,1.0
15540,5,55,2505,10,759.9,72.51,1.0
15541,31,50,2531,62,759.88,72.28,1.0
15542,222,7,2722,444,759.86,143.97,1.0
15543,107,58,2607,214,759.85,86.68,1.0
15544,20,55,2520,40,759.8,75.89,1.0
15545,152,6,2652,304,759.8,126.67,1.0
15546,28,42,2528,56,759.77,70.51,1.0
15547,132,58,2632,264,759.76,88.1,1.0
15548,32,41,2532,64,759.72,72.05,1.0
15549,215,60,2715,430,759.71,98.62,1.0
15550,107,56,2607,214,759.67,78.65,1.0
15551,28,51,2528,56,759.65,71.08,1.0
15552,194,7,2694,388,759.65,122.03,1.0
15553,20,51,2520,40,759.6,71.25,1.0
15554,232,7,2732,464,759.58,136.71,1.0
15555,121,60,2621,242,759.53,84.27,1.0
15556,179,60,2679,358,759.53,104.13,1.0
15557,30,33,2530,60,759.52,65.58,1.0
15558,219,7,2719,438,759.51,131.21,1.0
15559,238,6,2738,476,759.51,123.63,1.0
15560,20,60,2520,40,759.5,69.68,1.0
15561,14,41,2514,28,759.46,63.65,1.0
15562,52,5,2552,104,759.46,86.52,1.0
15563,51,59,2551,102,759.41,78.62,1.0
15564,11,34,2511,22,759.4,71.0,1.0
15565,5,48,2505,10,759.4,75.14,1.0
15566,243,7,2743,486,759.4,126.05,1.0
15567,28,39,2528,56,759.39,71.33,1.0
15568,15,60,2515,30,759.38,70.29,1.0
15569,59,57,2559,118,759.37,80.42,1.0
15570,21,31,2521,42,759.36,68.67,1.0
15571,65,59,2565,130,759.36,83.7,1.0
15572,148,60,2648,296,759.34,97.67,1.0
15573,5,46,2505,10,759.31,78.82,1.0
15574,154,60,2654,308,759.27,97.32,1.0
15575,10,57,2510,20,759.25,69.66,1.0
15576,42,51,2542,84,759.24,77.42,1.0
15577,21,30,2521,42,759.24,71.92,1.0
15578,28,49,2528,56,759.2,73.86,1.0
15579,75,5,2575,150,759.2,93.73,1.0
15580,34,44,2534,68,759.19,70.53,1.0
15581,39,55,2539,78,759.17,68.77,1.0
15582,55,49,2555,110,759.16,68.62,1.0
15583,211,60,2711,422,759.13,98.57,1.0
15584,5,33,2505,10,759.12,73.29,1.0
15585,88,58,2588,176,759.11,87.01,1.0
15586,12,35,2512,24,759.1,70.64,1.0
15587,111,57,2611,222,759.07,80.09,1.0
15588,26,59,2526,52,759.01,75.96,1.0
15589,200,58,2700,400,759.0,93.96,1.0
15590,104,60,2604,208,758.98,89.33,1.0
15591,21,48,2521,42,758.96,79.82,1.0
15592,70,5,2570,140,758.96,96.72,1.0
15593,292,60,2792,584,758.95,114.78,1.0
15594,34,40,2534,68,758.91,69.87,1.0
15595,29,47,2529,58,758.89,62.72,1.0
15596,25,38,2525,50,758.88,72.97,1.0
15597,47,55,2547,94,758.88,82.82,1.0
15598,34,49,2534,68,758.87,72.8,1.0
15599,42,45,2542,84,758.86,70.22,1.0
15600,0,30,2500,0,758.86,72.82,1.0
15601,21,50,2521,42,758.85,70.29,1.0
15602,60,56,2560,120,758.85,79.72,1.0
15603,48,54,2548,96,758.83,82.98,1.0
15604,11,51,2511,22,758.82,71.5,1.0
15605,46,5,2546,92,758.81,88.52,1.0
15606,61,54,2561,122,758.81,74.76,1.0
15607,68,58,2568,136,758.81,75.17,1.0
15608,38,54,2538,76,758.8,80.27,1.0
15609,30,50,2530,60,758.79,74.72,1.0
15610,25,44,2525,50,758.79,74.72,1.0
15611,34,39,2534,68,758.78,72.45,1.0
15612,39,56,2539,78,758.76,74.24,1.0
15613,0,35,2500,0,758.75,69.5,1.0
15614,151,60,2651,302,758.73,96.54,1.0
15615,29,30,2529,58,758.71,68.88,1.0
15616,278,8,2778,556,758.69,151.08,1.0
15617,12,30,2512,24,758.68,69.07,1.0
15618,35,54,2535,70,758.64,78.81,1.0
15619,19,45,2519,38,758.64,71.5,1.0
15620,31,54,2531,62,758.6,72.03,1.0
15621,80,55,2580,160,758.6,77.24,1.0
15622,120,57,2620,240,758.56,92.46,1.0
15623,276,60,2776,552,758.56,112.84,1.0
15624,58,55,2558,116,758.51,80.08,1.0
15625,12,41,2512,24,758.5,67.39,1.0
15626,61,55,2561,122,758.5,77.98,1.0
15627,107,60,2607,214,758.44,81.34,1.0
15628,87,5,2587,174,758.42,95.82,1.0
15629,102,57,2602,204,758.42,84.11,1.0
15630,42,53,2542,84,758.41,80.23,1.0
15631,276,8,2776,552,758.39,145.71,1.0
15632,270,60,2770,540,758.36,113.95,1.0
15633,34,30,2534,68,758.35,70.6,1.0
15634,26,55,2526,52,758.35,75.52,1.0
15635,28,36,2528,56,758.34,72.3,1.0
15636,21,56,2521,42,758.34,72.22,1.0
15637,65,60,2565,130,758.34,89.96,1.0
15638,10,55,2510,20,758.33,74.57,1.0
15639,14,54,2514,28,758.31,72.63,1.0
15640,21,47,2521,42,758.3,72.5,1.0
15641,223,60,2723,446,758.28,104.6,1.0
15642,39,59,2539,78,758.27,83.58,1.0
15643,55,53,2555,110,758.26,77.76,1.0
15644,62,5,2562,124,758.26,91.33,1.0
15645,0,40,2500,0,758.25,69.1,1.0
15646,18,41,2518,36,758.14,69.35,1.0
15647,25,33,2525,50,758.13,71.81,1.0
15648,46,56,2546,92,758.12,71.24,1.0
15649,85,60,2585,170,758.11,87.26,1.0
15650,26,32,2526,52,758.02,73.01,1.0
15651,106,60,2606,212,758.02,84.05,1.0
15652,18,50,2518,36,758.01,69.99,1.0
15653,30,41,2530,60,758.0,70.41,1.0
15654,26,53,2526,52,758.0,76.62,1.0
15655,8,42,2508,16,758.0,71.81,1.0
15656,158,57,2658,316,757.98,96.67,1.0
15657,94,57,2594,188,757.94,85.82,1.0
15658,31,52,2531,62,757.93,72.26,1.0
15659,36,36,2536,72,757.93,73.91,1.0
15660,52,55,2552,104,757.92,80.5,1.0
15661,69,53,2569,138,757.91,79.84,1.0
15662,0,53,2500,0,757.86,75.74,1.0
15663,10,53,2510,20,757.85,66.94,1.0
15664,30,49,2530,60,757.8,69.63,1.0
15665,249,60,2749,498,757.79,101.74,1.0
15666,174,7,2674,348,757.77,116.24,1.0
15667,129,60,2629,258,757.75,101.36,1.0
15668,83,60,2583,166,757.74,80.79,1.0
15669,12,40,2512,24,757.72,76.52,1.0
15670,262,7,2762,524,757.72,138.62,1.0
15671,33,48,2533,66,757.7,74.12,1.0
15672,12,43,2512,24,757.68,70.11,1.0
15673,195,59,2695,390,757.66,93.89,1.0
15674,32,5,2532,64,757.64,79.98,1.0
15675,275,7,2775,550,757.64,136.9,1.0
15676,10,50,2510,20,757.63,73.5,1.0
15677,8,48,2508,16,757.63,79.65,1.0
15678,25,31,2525,50,757.62,65.32,1.0
15679,90,5,2590,180,757.62,106.72,1.0
15680,254,60,2754,508,757.6,102.23,1.0
15681,100,5,2600,200,757.58,99.04,1.0
15682,37,60,2537,74,757.5,80.6,1.0
15683,11,58,2511,22,757.49,73.12,1.0
15684,21,43,2521,42,757.45,72.2,1.0
15685,124,58,2624,248,757.43,105.52,1.0
15686,268,58,2768,536,757.42,110.29,1.0
15687,15,58,2515,30,757.38,73.0,1.0
15688,111,58,2611,222,757.38,90.43,1.0
15689,36,44,2536,72,757.37,70.28,1.0
15690,14,60,2514,28,757.36,73.11,1.0
15691,108,59,2608,216,757.34,90.29,1.0
15692,38,53,2538,76,757.33,75.47,1.0
15693,19,48,2519,38,757.28,80.49,1.0
15694,11,39,2511,22,757.26,68.67,1.0
15695,120,6,2620,240,757.23,114.59,1.0
15696,36,47,2536,72,757.21,74.19,1.0
15697,21,35,2521,42,757.16,70.53,1.0
15698,5,38,2505,10,757.16,77.51,1.0
15699,33,57,2533,66,757.14,78.45,1.0
15700,19,37,2519,38,757.14,74.85,1.0
15701,73,60,2573,146,757.14,87.13,1.0
15702,29,51,2529,58,757.12,80.59,1.0
15703,18,60,2518,36,757.12,75.67,1.0
15704,19,47,2519,38,757.11,72.58,1.0
15705,192,7,2692,384,757.1,131.53,1.0
15706,14,57,2514,28,757.08,75.59,1.0
15707,274,7,2774,548,757.03,135.15,1.0
15708,18,54,2518,36,757.02,70.85,1.0
15709,11,46,2511,22,757.0,70.8,1.0
15710,145,60,2645,290,756.94,97.0,1.0
15711,43,55,2543,86,756.93,74.94,1.0
15712,284,7,2784,568,756.92,142.06,1.0
15713,30,52,2530,60,756.9,72.74,1.0
15714,32,43,2532,64,756.89,69.43,1.0
15715,33,50,2533,66,756.89,76.24,1.0
15716,251,7,2751,502,756.89,127.32,1.0
15717,46,57,2546,92,756.88,77.44,1.0
15718,119,59,2619,238,756.87,87.64,1.0
15719,200,56,2700,400,756.87,104.51,1.0
15720,13,32,2513,26,756.84,65.03,1.0
15721,58,56,2558,116,756.84,80.29,1.0
15722,0,47,2500,0,756.82,67.57,1.0
15723,12,44,2512,24,756.82,73.12,1.0
15724,92,58,2592,184,756.78,84.83,1.0
15725,132,59,2632,264,756.76,85.94,1.0
15726,52,54,2552,104,756.75,85.17,1.0
15727,52,56,2552,104,756.75,84.97,1.0
15728,48,58,2548,96,756.75,79.36,1.0
15729,78,56,2578,156,756.75,84.29,1.0
15730,36,51,2536,72,756.74,77.31,1.0
15731,19,50,2519,38,756.7,70.16,1.0
15732,14,45,2514,28,756.7,68.85,1.0
15733,40,55,2540,80,756.69,74.4,1.0
15734,196,6,2696,392,756.69,126.9,1.0
15735,208,60,2708,416,756.69,104.78,1.0
15736,18,55,2518,36,756.68,70.87,1.0
15737,30,47,2530,60,756.67,72.29,1.0
15738,30,48,2530,60,756.66,67.22,1.0
15739,33,49,2533,66,756.64,65.42,1.0
15740,203,6,2703,406,756.64,117.15,1.0
15741,136,57,2636,272,756.6,99.48,1.0
15742,32,34,2532,64,756.59,70.22,1.0
15743,14,59,2514,28,756.59,70.87,1.0
15744,109,60,2609,218,756.59,84.3,1.0
15745,4,50,2504,8,756.54,64.8,1.0
15746,10,58,2510,20,756.52,77.0,1.0
15747,21,37,2521,42,756.47,69.61,1.0
15748,69,55,2569,138,756.46,74.63,1.0
15749,143,6,2643,286,756.41,106.99,1.0
15750,16,55,2516,32,756.4,72.94,1.0
15751,42,5,2542,84,756.39,89.1,1.0
15752,8,49,2508,16,756.38,71.67,1.0
15753,13,52,2513,26,756.37,68.55,1.0
15754,56,5,2556,112,756.32,91.57,1.0
15755,11,56,2511,22,756.31,70.88,1.0
15756,91,55,2591,182,756.31,83.17,1.0
15757,18,52,2518,36,756.3,71.6,1.0
15758,8,31,2508,16,756.26,72.5,1.0
15759,119,6,2619,238,756.24,100.29,1.0
15760,296,8,2796,592,756.2,130.25,1.0
15761,5,58,2505,10,756.18,75.29,1.0
15762,32,47,2532,64,756.14,70.83,1.0
15763,13,39,2513,26,756.14,65.82,1.0
15764,36,46,2536,72,756.11,75.65,1.0
15765,67,59,2567,134,756.08,76.11,1.0
15766,30,46,2530,60,756.07,75.27,1.0
15767,5,32,2505,10,756.06,70.61,1.0
15768,12,37,2512,24,756.02,72.84,1.0
15769,32,36,2532,64,755.95,72.08,1.0
15770,8,60,2508,16,755.93,77.03,1.0
15771,33,54,2533,66,755.92,71.55,1.0
15772,10,34,2510,20,755.92,73.5,1.0
15773,33,56,2533,66,755.9,76.71,1.0
15774,41,56,2541,82,755.9,86.5,1.0
15775,52,57,2552,104,755.9,80.91,1.0
15776,83,5,2583,166,755.89,95.19,1.0
15777,25,51,2525,50,755.86,69.87,1.0
15778,26,58,2526,52,755.85,73.33,1.0
15779,60,57,2560,120,755.84,78.93,1.0
15780,5,52,2505,10,755.83,74.49,1.0
15781,107,59,2607,214,755.81,80.57,1.0
15782,33,52,2533,66,755.8,71.27,1.0
15783,8,50,2508,16,755.77,76.49,1.0
15784,202,7,2702,404,755.72,139.48,1.0
15785,43,56,2543,86,755.69,78.32,1.0
15786,19,44,2519,38,755.67,70.63,1.0
15787,19,56,2519,38,755.66,72.03,1.0
15788,13,46,2513,26,755.65,70.41,1.0
15789,130,6,2630,260,755.65,120.99,1.0
15790,21,38,2521,42,755.64,68.13,1.0
15791,55,56,2555,110,755.6,77.72,1.0
15792,300,7,2800,600,755.57,127.03,1.0
15793,34,51,2534,68,755.56,77.5,1.0
15794,50,59,2550,100,755.56,80.15,1.0
15795,33,53,2533,66,755.54,72.96,1.0
15796,21,52,2521,42,755.54,72.54,1.0
15797,25,50,2525,50,755.52,73.07,1.0
15798,155,6,2655,310,755.52,121.77,1.0
15799,26,52,2526,52,755.5,79.28,1.0
15800,175,6,2675,350,755.5,125.84,1.0
15801,280,9,2780,560,755.5,143.46,1.0
15802,4,49,2504,8,755.48,75.13,1.0
15803,20,56,2520,40,755.44,71.8,1.0
15804,98,5,2598,196,755.44,99.18,1.0
15805,74,5,2574,148,755.42,95.79,1.0
15806,20,58,2520,40,755.39,72.74,1.0
15807,40,58,2540,80,755.39,84.1,1.0
15808,8,51,2508,16,755.37,70.11,1.0
15809,56,59,2556,112,755.34,83.45,1.0
15810,102,60,2602,204,755.34,84.43,1.0
15811,12,36,2512,24,755.32,73.09,1.0
15812,101,60,2601,202,755.32,91.07,1.0
15813,292,59,2792,584,755.28,120.01,1.0
15814,39,58,2539,78,755.26,73.15,1.0
15815,42,48,2542,84,755.21,74.35,1.0
15816,13,44,2513,26,755.21,71.28,1.0
15817,136,58,2636,272,755.2,96.71,1.0
15818,55,55,2555,110,755.19,71.88,1.0
15819,54,58,2554,108,755.16,80.07,1.0
15820,30,44,2530,60,755.15,73.79,1.0
15821,35,56,2535,70,755.12,85.26,1.0
15822,39,53,2539,78,755.06,72.49,1.0
15823,10,54,2510,20,754.99,68.96,1.0
15824,14,35,2514,28,754.98,72.27,1.0
15825,26,46,2526,52,754.95,82.3,1.0
15826,69,56,2569,138,754.95,77.29,1.0
15827,94,56,2594,188,754.94,94.88,1.0
15828,34,42,2534,68,754.9,68.93,1.0
15829,25,49,2525,50,754.9,73.98,1.0
15830,32,35,2532,64,754.88,72.35,1.0
15831,4,44,2504,8,754.87,66.36,1.0
15832,41,60,2541,82,754.85,76.88,1.0
15833,106,57,2606,212,754.85,83.9,1.0
15834,11,36,2511,22,754.84,70.6,1.0
15835,103,5,2603,206,754.81,105.79,1.0
15836,5,53,2505,10,754.8,74.38,1.0
15837,32,33,2532,64,754.75,80.04,1.0
15838,19,34,2519,38,754.71,70.9,1.0
15839,12,46,2512,24,754.67,78.33,1.0
15840,10,47,2510,20,754.66,70.87,1.0
15841,64,60,2564,128,754.65,86.06,1.0
15842,160,60,2660,320,754.65,99.08,1.0
15843,11,44,2511,22,754.64,72.01,1.0
15844,19,36,2519,38,754.61,69.23,1.0
15845,8,44,2508,16,754.54,67.41,1.0
15846,191,60,2691,382,754.53,99.01,1.0
15847,10,49,2510,20,754.51,70.81,1.0
15848,60,58,2560,120,754.51,71.99,1.0
15849,108,58,2608,216,754.47,82.27,1.0
15850,108,60,2608,216,754.47,89.93,1.0
15851,216,6,2716,432,754.46,130.08,1.0
15852,97,58,2597,194,754.42,87.32,1.0
15853,20,59,2520,40,754.41,73.18,1.0
15854,19,46,2519,38,754.4,73.63,1.0
15855,12,47,2512,24,754.4,71.98,1.0
15856,21,54,2521,42,754.4,70.19,1.0
15857,61,56,2561,122,754.38,81.9,1.0
15858,200,7,2700,400,754.36,132.18,1.0
15859,11,60,2511,22,754.3,76.25,1.0
15860,268,60,2768,536,754.3,112.46,1.0
15861,39,60,2539,78,754.27,85.94,1.0
15862,91,59,2591,182,754.27,84.97,1.0
15863,19,33,2519,38,754.24,70.06,1.0
15864,225,60,2725,450,754.24,109.13,1.0
15865,5,43,2505,10,754.23,71.3,1.0
15866,149,6,2649,298,754.22,119.17,1.0
15867,25,36,2525,50,754.21,68.5,1.0
15868,120,59,2620,240,754.19,93.0,1.0
15869,5,44,2505,10,754.17,70.04,1.0
15870,5,54,2505,10,754.17,72.9,1.0
15871,14,49,2514,28,754.16,64.63,1.0
15872,52,60,2552,104,754.14,83.49,1.0
15873,92,59,2592,184,754.14,82.58,1.0
15874,8,53,2508,16,754.09,76.5,1.0
15875,4,42,2504,8,754.09,63.17,1.0
15876,124,59,2624,248,754.06,93.98,1.0
15877,176,6,2676,352,754.05,108.58,1.0
15878,12,45,2512,24,754.02,68.36,1.0
15879,34,37,2534,68,753.97,69.57,1.0
15880,25,40,2525,50,753.95,70.26,1.0
15881,12,53,2512,24,753.95,78.32,1.0
15882,5,35,2505,10,753.94,76.04,1.0
15883,0,33,2500,0,753.92,65.72,1.0
15884,16,59,2516,32,753.91,73.87,1.0
15885,19,31,2519,38,753.89,72.67,1.0
15886,62,58,2562,124,753.88,74.98,1.0
15887,78,55,2578,156,753.85,83.42,1.0
15888,18,59,2518,36,753.76,69.44,1.0
15889,7,38,2507,14,753.76,71.76,1.0
15890,64,56,2564,128,753.76,83.93,1.0
15891,5,37,2505,10,753.74,69.5,1.0
15892,25,37,2525,50,753.72,70.28,1.0
15893,7,46,2507,14,753.7,73.08,1.0
15894,58,59,2558,116,753.67,81.3,1.0
15895,94,58,2594,188,753.67,85.43,1.0
15896,166,6,2666,332,753.62,112.73,1.0
15897,117,5,2617,234,753.61,98.88,1.0
15898,8,39,2508,16,753.53,73.13,1.0
15899,92,60,2592,184,753.53,88.91,1.0
15900,39,57,2539,78,753.51,72.49,1.0
15901,65,57,2565,130,753.49,76.32,1.0
15902,188,6,2688,376,753.46,118.7,1.0
15903,12,31,2512,24,753.44,69.77,1.0
15904,18,56,2518,36,753.43,72.78,1.0
15905,25,32,2525,50,753.42,74.18,1.0
15906,48,57,2548,96,753.42,87.15,1.0
15907,29,49,2529,58,753.41,75.61,1.0
15908,94,5,2594,188,753.38,105.72,1.0
15909,1,35,2501,2,753.36,69.31,1.0
15910,21,55,2521,42,753.36,68.0,1.0
15911,68,57,2568,136,753.31,77.54,1.0
15912,37,59,2537,74,753.28,76.9,1.0
15913,120,58,2620,240,753.24,100.42,1.0
15914,46,60,2546,92,753.2,80.54,1.0
15915,6,32,2506,12,753.18,70.77,1.0
15916,13,43,2513,26,753.17,64.55,1.0
15917,10,56,2510,20,753.17,70.05,1.0
15918,59,58,2559,118,753.15,79.54,1.0
15919,7,31,2507,14,753.12,75.44,1.0
15920,140,60,2640,280,753.11,86.48,1.0
15921,5,42,2505,10,753.09,75.32,1.0
15922,13,41,2513,26,753.07,72.24,1.0
15923,198,60,2698,396,753.07,106.56,1.0
15924,157,5,2657,314,753.04,103.79,1.0
15925,7,30,2507,14,753.03,70.4,1.0
15926,13,42,2513,26,753.0,70.34,1.0
15927,124,6,2624,248,753.0,109.24,1.0
15928,42,57,2542,84,752.98,78.72,1.0
15929,40,60,2540,80,752.97,83.08,1.0
15930,33,59,2533,66,752.95,73.04,1.0
15931,17,56,2517,34,752.95,72.27,1.0
15932,193,6,2693,386,752.92,127.05,1.0
15933,60,60,2560,120,752.9,78.26,1.0
15934,8,33,2508,16,752.88,76.39,1.0
15935,8,38,2508,16,752.88,69.19,1.0
15936,172,58,2672,344,752.85,98.49,1.0
15937,173,59,2673,346,752.85,95.86,1.0
15938,12,39,2512,24,752.79,69.08,1.0
15939,95,58,2595,190,752.78,70.46,1.0
15940,7,33,2507,14,752.73,67.33,1.0
15941,13,48,2513,26,752.69,68.94,1.0
15942,38,56,2538,76,752.69,80.54,1.0
15943,19,57,2519,38,752.68,72.15,1.0
15944,10,60,2510,20,752.68,75.3,1.0
15945,19,41,2519,38,752.67,73.22,1.0
15946,129,59,2629,258,752.67,94.97,1.0
15947,25,47,2525,50,752.62,70.06,1.0
15948,26,51,2526,52,752.61,74.55,1.0
15949,36,49,2536,72,752.61,73.71,1.0
15950,27,59,2527,54,752.59,75.69,1.0
15951,8,30,2508,16,752.59,70.83,1.0
15952,35,58,2535,70,752.54,78.04,1.0
15953,21,34,2521,42,752.52,71.74,1.0
15954,62,60,2562,124,752.52,78.47,1.0
15955,19,38,2519,38,752.51,70.06,1.0
15956,11,55,2511,22,752.5,69.74,1.0
15957,47,53,2547,94,752.5,75.04,1.0
15958,9,30,2509,18,752.46,73.25,1.0
15959,32,44,2532,64,752.44,73.32,1.0
15960,55,57,2555,110,752.44,83.5,1.0
15961,32,31,2532,64,752.41,67.99,1.0
15962,36,50,2536,72,752.4,69.34,1.0
15963,43,58,2543,86,752.39,85.22,1.0
15964,41,5,2541,82,752.35,94.03,1.0
15965,58,58,2558,116,752.34,77.11,1.0
15966,29,56,2529,58,752.32,76.95,1.0
15967,32,45,2532,64,752.3,69.36,1.0
15968,25,34,2525,50,752.27,71.32,1.0
15969,85,5,2585,170,752.26,97.33,1.0
15970,172,59,2672,344,752.24,94.71,1.0
15971,214,6,2714,428,752.23,127.57,1.0
15972,43,59,2543,86,752.2,83.36,1.0
15973,8,47,2508,16,752.17,76.86,1.0
15974,97,59,2597,194,752.17,82.89,1.0
15975,150,60,2650,300,752.17,91.33,1.0
15976,1,60,2501,2,752.16,74.96,1.0
15977,12,58,2512,24,752.16,79.04,1.0
15978,132,60,2632,264,752.14,89.28,1.0
15979,19,53,2519,38,752.13,74.61,1.0
15980,2,46,2502,4,752.13,70.27,1.0
15981,5,59,2505,10,752.1,75.43,1.0
15982,118,5,2618,236,752.09,112.46,1.0
15983,12,54,2512,24,752.08,75.45,1.0
15984,183,59,2683,366,752.06,102.22,1.0
15985,63,59,2563,126,752.02,82.74,1.0
15986,250,7,2750,500,752.0,143.93,1.0
15987,8,54,2508,16,751.98,68.84,1.0
15988,292,8,2792,584,751.94,130.53,1.0
15989,56,60,2556,112,751.88,79.24,1.0
15990,8,36,2508,16,751.82,69.22,1.0
15991,287,7,2787,574,751.75,148.24,1.0
15992,19,35,2519,38,751.74,71.8,1.0
15993,2,35,2502,4,751.74,74.12,1.0
15994,30,51,2530,60,751.69,71.52,1.0
15995,43,57,2543,86,751.68,83.27,1.0
15996,13,40,2513,26,751.64,69.55,1.0
15997,174,58,2674,348,751.64,97.11,1.0
15998,69,58,2569,138,751.61,82.16,1.0
15999,12,33,2512,24,751.6,71.48,1.0
16000,26,60,2526,52,751.53,76.92,1.0
16001,38,57,2538,76,751.53,74.27,1.0
16002,29,50,2529,58,751.46,77.24,1.0
16003,289,7,2789,578,751.46,133.02,1.0
16004,38,58,2538,76,751.44,82.63,1.0
16005,8,37,2508,16,751.44,70.06,1.0
16006,4,32,2504,8,751.43,74.0,1.0
16007,32,32,2532,64,751.4,69.96,1.0
16008,4,46,2504,8,751.4,68.2,1.0
16009,19,52,2519,38,751.39,70.03,1.0
16010,7,48,2507,14,751.38,76.69,1.0
16011,12,42,2512,24,751.33,74.08,1.0
16012,69,54,2569,138,751.3,81.18,1.0
16013,91,58,2591,182,751.3,96.54,1.0
16014,19,54,2519,38,751.28,77.12,1.0
16015,26,57,2526,52,751.24,73.15,1.0
16016,12,32,2512,24,751.24,70.0,1.0
16017,177,6,2677,354,751.21,118.6,1.0
16018,28,52,2528,56,751.2,69.03,1.0
16019,79,60,2579,158,751.17,86.56,1.0
16020,58,57,2558,116,751.16,78.83,1.0
16021,2,43,2502,4,751.14,72.4,1.0
16022,8,46,2508,16,751.13,70.12,1.0
16023,5,49,2505,10,751.11,73.08,1.0
16024,7,44,2507,14,751.09,68.68,1.0
16025,63,5,2563,126,751.08,90.07,1.0
16026,6,51,2506,12,751.06,66.22,1.0
16027,5,39,2505,10,751.06,69.85,1.0
16028,64,58,2564,128,751.05,88.48,1.0
16029,36,54,2536,72,751.03,78.36,1.0
16030,7,57,2507,14,751.02,72.55,1.0
16031,4,51,2504,8,751.0,71.06,1.0
16032,51,60,2551,102,750.96,79.68,1.0
16033,112,59,2612,224,750.93,88.46,1.0
16034,288,59,2788,576,750.75,120.23,1.0
16035,3,40,2503,6,750.74,66.48,1.0
16036,14,56,2514,28,750.73,70.44,1.0
16037,130,59,2630,260,750.73,105.28,1.0
16038,32,40,2532,64,750.71,66.56,1.0
16039,32,51,2532,64,750.7,72.45,1.0
16040,52,59,2552,104,750.7,83.26,1.0
16041,8,57,2508,16,750.68,77.02,1.0
16042,3,33,2503,6,750.68,74.46,1.0
16043,207,7,2707,414,750.68,129.63,1.0
16044,1,54,2501,2,750.67,70.77,1.0
16045,36,52,2536,72,750.66,72.01,1.0
16046,1,41,2501,2,750.64,69.11,1.0
16047,31,56,2531,62,750.6,70.78,1.0
16048,81,5,2581,162,750.6,95.22,1.0
16049,136,60,2636,272,750.6,85.51,1.0
16050,34,55,2534,68,750.59,73.37,1.0
16051,112,58,2612,224,750.57,84.49,1.0
16052,197,60,2697,394,750.57,100.63,1.0
16053,12,56,2512,24,750.56,73.47,1.0
16054,31,53,2531,62,750.54,74.52,1.0
16055,52,58,2552,104,750.52,80.74,1.0
16056,110,5,2610,220,750.5,106.88,1.0
16057,5,60,2505,10,750.49,75.86,1.0
16058,35,59,2535,70,750.47,75.49,1.0
16059,62,55,2562,124,750.47,76.6,1.0
16060,29,55,2529,58,750.43,67.43,1.0
16061,189,6,2689,378,750.41,108.04,1.0
16062,8,35,2508,16,750.4,75.13,1.0
16063,46,59,2546,92,750.29,74.12,1.0
16064,7,37,2507,14,750.24,71.2,1.0
16065,42,55,2542,84,750.23,73.77,1.0
16066,29,57,2529,58,750.19,76.19,1.0
16067,6,35,2506,12,750.16,61.24,1.0
16068,13,31,2513,26,750.14,68.39,1.0
16069,25,46,2525,50,750.11,73.2,1.0
16070,9,38,2509,18,750.1,67.09,1.0
16071,236,7,2736,472,750.1,139.18,1.0
16072,5,36,2505,10,750.09,76.91,1.0
16073,102,59,2602,204,750.09,85.52,1.0
16074,294,7,2794,588,750.08,136.3,1.0
16075,4,52,2504,8,750.07,68.56,1.0
16076,28,56,2528,56,750.06,79.62,1.0
16077,21,57,2521,42,750.06,67.93,1.0
16078,13,47,2513,26,750.05,67.59,1.0
16079,5,30,2505,10,749.99,70.91,1.0
16080,7,32,2507,14,749.96,79.4,1.0
16081,88,60,2588,176,749.96,86.28,1.0
16082,4,30,2504,8,749.95,69.56,1.0
16083,171,60,2671,342,749.89,94.02,1.0
16084,19,59,2519,38,749.88,74.14,1.0
16085,3,54,2503,6,749.85,71.04,1.0
16086,235,7,2735,470,749.85,144.95,1.0
16087,13,30,2513,26,749.84,69.26,1.0
16088,34,52,2534,68,749.83,68.73,1.0
16089,7,40,2507,14,749.8,65.41,1.0
16090,19,55,2519,38,749.79,73.77,1.0
16091,8,32,2508,16,749.79,67.96,1.0
16092,12,57,2512,24,749.77,76.13,1.0
16093,2,41,2502,4,749.72,75.41,1.0
16094,54,60,2554,108,749.68,80.89,1.0
16095,21,46,2521,42,749.67,68.08,1.0
16096,28,55,2528,56,749.62,70.95,1.0
16097,5,51,2505,10,749.62,75.97,1.0
16098,78,57,2578,156,749.61,78.14,1.0
16099,173,60,2673,346,749.59,98.08,1.0
16100,200,57,2700,400,749.58,98.2,1.0
16101,30,54,2530,60,749.53,74.31,1.0
16102,13,53,2513,26,749.52,71.7,1.0
16103,7,43,2507,14,749.51,68.19,1.0
16104,12,50,2512,24,749.48,75.66,1.0
16105,7,45,2507,14,749.48,76.79,1.0
16106,32,48,2532,64,749.46,76.45,1.0
16107,7,39,2507,14,749.45,73.46,1.0
16108,6,43,2506,12,749.41,69.54,1.0
16109,13,54,2513,26,749.4,73.32,1.0
16110,47,59,2547,94,749.4,76.76,1.0
16111,124,60,2624,248,749.4,100.01,1.0
16112,31,59,2531,62,749.37,74.93,1.0
16113,2,54,2502,4,749.34,73.85,1.0
16114,272,7,2772,544,749.32,146.83,1.0
16115,32,30,2532,64,749.29,72.08,1.0
16116,10,52,2510,20,749.29,73.82,1.0
16117,7,42,2507,14,749.28,74.84,1.0
16118,21,58,2521,42,749.28,73.53,1.0
16119,4,37,2504,8,749.28,72.2,1.0
16120,4,41,2504,8,749.27,63.97,1.0
16121,47,56,2547,94,749.26,72.47,1.0
16122,68,59,2568,136,749.05,77.67,1.0
16123,9,43,2509,18,749.03,76.42,1.0
16124,1,42,2501,2,749.02,71.43,1.0
16125,42,58,2542,84,748.98,78.76,1.0
16126,13,45,2513,26,748.96,70.34,1.0
16127,4,45,2504,8,748.96,66.14,1.0
16128,32,49,2532,64,748.94,75.52,1.0
16129,74,60,2574,148,748.94,87.36,1.0
16130,9,47,2509,18,748.92,76.05,1.0
16131,9,34,2509,18,748.88,71.19,1.0
16132,125,60,2625,250,748.87,91.61,1.0
16133,13,38,2513,26,748.8,70.7,1.0
16134,95,60,2595,190,748.74,88.08,1.0
16135,34,54,2534,68,748.7,69.94,1.0
16136,206,6,2706,412,748.68,140.17,1.0
16137,165,6,2665,330,748.67,120.35,1.0
16138,119,60,2619,238,748.6,79.06,1.0
16139,5,40,2505,10,748.57,75.96,1.0
16140,34,48,2534,68,748.52,71.13,1.0
16141,55,58,2555,110,748.49,81.37,1.0
16142,136,59,2636,272,748.49,93.3,1.0
16143,33,58,2533,66,748.43,66.93,1.0
16144,1,37,2501,2,748.43,74.28,1.0
16145,128,60,2628,256,748.43,87.39,1.0
16146,32,50,2532,64,748.4,73.87,1.0
16147,79,5,2579,158,748.4,99.16,1.0
16148,40,59,2540,80,748.39,78.39,1.0
16149,105,5,2605,210,748.34,106.08,1.0
16150,60,59,2560,120,748.3,77.08,1.0
16151,172,6,2672,344,748.28,116.86,1.0
16152,207,60,2707,414,748.25,92.67,1.0
16153,12,52,2512,24,748.24,75.32,1.0
16154,168,5,2668,336,748.24,128.97,1.0
16155,13,34,2513,26,748.22,65.57,1.0
16156,1,38,2501,2,748.15,71.07,1.0
16157,30,53,2530,60,748.13,69.97,1.0
16158,33,60,2533,66,748.13,78.52,1.0
16159,32,46,2532,64,748.12,70.3,1.0
16160,9,32,2509,18,748.05,71.46,1.0
16161,35,60,2535,70,748.04,74.38,1.0
16162,5,31,2505,10,748.04,75.4,1.0
16163,158,58,2658,316,748.04,91.4,1.0
16164,61,5,2561,122,748.02,97.37,1.0
16165,1,57,2501,2,747.95,73.48,1.0
16166,47,58,2547,94,747.95,82.83,1.0
16167,2,60,2502,4,747.92,72.71,1.0
16168,8,58,2508,16,747.9,77.91,1.0
16169,40,5,2540,80,747.88,92.62,1.0
16170,80,59,2580,160,747.88,80.4,1.0
16171,6,46,2506,12,747.87,65.16,1.0
16172,80,56,2580,160,747.85,79.34,1.0
16173,4,36,2504,8,747.75,66.37,1.0
16174,9,58,2509,18,747.74,73.54,1.0
16175,8,59,2508,16,747.74,76.2,1.0
16176,3,36,2503,6,747.72,75.22,1.0
16177,13,50,2513,26,747.66,67.36,1.0
16178,46,58,2546,92,747.66,73.33,1.0
16179,201,6,2701,402,747.61,136.07,1.0
16180,29,53,2529,58,747.6,68.23,1.0
16181,2,37,2502,4,747.58,72.84,1.0
16182,21,51,2521,42,747.57,71.54,1.0
16183,9,49,2509,18,747.56,75.05,1.0
16184,183,60,2683,366,747.56,95.16,1.0
16185,13,33,2513,26,747.53,74.71,1.0
16186,7,52,2507,14,747.53,75.8,1.0
16187,9,56,2509,18,747.5,72.97,1.0
16188,41,55,2541,82,747.49,70.34,1.0
16189,28,59,2528,56,747.48,72.41,1.0
16190,19,58,2519,38,747.48,67.43,1.0
16191,41,58,2541,82,747.4,81.95,1.0
16192,8,43,2508,16,747.4,77.87,1.0
16193,3,43,2503,6,747.39,73.89,1.0
16194,6,36,2506,12,747.35,62.58,1.0
16195,2,44,2502,4,747.33,69.38,1.0
16196,7,53,2507,14,747.32,70.26,1.0
16197,13,56,2513,26,747.28,76.75,1.0
16198,7,59,2507,14,747.28,77.75,1.0
16199,179,6,2679,358,747.28,123.5,1.0
16200,297,7,2797,594,747.27,144.67,1.0
16201,42,52,2542,84,747.26,68.75,1.0
16202,4,35,2504,8,747.26,68.12,1.0
16203,42,54,2542,84,747.23,69.79,1.0
16204,41,54,2541,82,747.22,74.58,1.0
16205,8,52,2508,16,747.21,73.19,1.0
16206,6,48,2506,12,747.17,69.93,1.0
16207,78,58,2578,156,747.15,78.67,1.0
16208,42,59,2542,84,747.13,78.93,1.0
16209,13,36,2513,26,747.13,69.9,1.0
16210,34,59,2534,68,747.12,75.99,1.0
16211,252,6,2752,504,747.12,149.39,1.0
16212,1,40,2501,2,746.97,73.32,1.0
16213,7,35,2507,14,746.96,72.64,1.0
16214,268,7,2768,536,746.96,132.17,1.0
16215,42,56,2542,84,746.94,72.22,1.0
16216,6,34,2506,12,746.93,64.79,1.0
16217,174,59,2674,348,746.93,103.74,1.0
16218,12,55,2512,24,746.88,75.47,1.0
16219,25,54,2525,50,746.84,76.25,1.0
16220,99,5,2599,198,746.81,97.96,1.0
16221,2,33,2502,4,746.78,67.58,1.0
16222,228,6,2728,456,746.78,131.16,1.0
16223,68,5,2568,136,746.74,88.14,1.0
16224,12,49,2512,24,746.72,74.63,1.0
16225,3,45,2503,6,746.72,68.05,1.0
16226,108,5,2608,216,746.72,110.51,1.0
16227,32,39,2532,64,746.68,66.41,1.0
16228,6,39,2506,12,746.66,70.59,1.0
16229,277,8,2777,554,746.66,145.41,1.0
16230,150,6,2650,300,746.62,122.58,1.0
16231,4,38,2504,8,746.61,70.33,1.0
16232,67,60,2567,134,746.55,78.57,1.0
16233,259,6,2759,518,746.53,142.62,1.0
16234,9,44,2509,18,746.52,70.28,1.0
16235,5,56,2505,10,746.5,70.61,1.0
16236,231,6,2731,462,746.47,127.67,1.0
16237,213,6,2713,426,746.37,131.48,1.0
16238,139,5,2639,278,746.35,114.8,1.0
16239,185,6,2685,370,746.35,123.58,1.0
16240,9,48,2509,18,746.19,66.08,1.0
16241,1,53,2501,2,746.17,73.45,1.0
16242,12,34,2512,24,746.16,69.43,1.0
16243,61,58,2561,122,746.06,76.59,1.0
16244,2,31,2502,4,746.05,77.47,1.0
16245,47,57,2547,94,746.05,75.51,1.0
16246,63,60,2563,126,746.04,77.83,1.0
16247,65,5,2565,130,746.04,91.57,1.0
16248,296,60,2796,592,746.02,109.19,1.0
16249,1,36,2501,2,745.99,68.81,1.0
16250,7,51,2507,14,745.98,73.54,1.0
16251,7,34,2507,14,745.97,77.29,1.0
16252,6,37,2506,12,745.95,69.18,1.0
16253,32,37,2532,64,745.94,70.23,1.0
16254,5,45,2505,10,745.93,68.69,1.0
16255,94,59,2594,188,745.93,92.26,1.0
16256,215,7,2715,430,745.9,131.97,1.0
16257,8,40,2508,16,745.86,67.49,1.0
16258,9,39,2509,18,745.85,70.93,1.0
16259,32,38,2532,64,745.84,72.88,1.0
16260,172,60,2672,344,745.84,95.0,1.0
16261,217,6,2717,434,745.83,124.7,1.0
16262,1,56,2501,2,745.82,71.32,1.0
16263,1,43,2501,2,745.8,70.15,1.0
16264,192,60,2692,384,745.8,100.55,1.0
16265,4,43,2504,8,745.79,69.17,1.0
16266,1,31,2501,2,745.77,66.97,1.0
16267,69,59,2569,138,745.74,75.71,1.0
16268,1,48,2501,2,745.71,66.7,1.0
16269,158,59,2658,316,745.7,95.0,1.0
16270,298,7,2798,596,745.69,140.4,1.0
16271,28,53,2528,56,745.68,69.65,1.0
16272,29,58,2529,58,745.67,69.56,1.0
16273,13,51,2513,26,745.66,70.64,1.0
16274,7,36,2507,14,745.65,75.16,1.0
16275,4,57,2504,8,745.65,69.36,1.0
16276,13,37,2513,26,745.58,71.09,1.0
16277,38,55,2538,76,745.55,71.68,1.0
16278,1,44,2501,2,745.53,71.04,1.0
16279,130,60,2630,260,745.52,101.16,1.0
16280,5,57,2505,10,745.5,75.36,1.0
16281,8,45,2508,16,745.48,70.39,1.0
16282,30,55,2530,60,745.44,79.28,1.0
16283,1,33,2501,2,745.44,71.02,1.0
16284,2,32,2502,4,745.38,77.08,1.0
16285,9,54,2509,18,745.38,70.6,1.0
16286,25,57,2525,50,745.33,72.99,1.0
16287,2,49,2502,4,745.31,75.75,1.0
16288,6,30,2506,12,745.25,69.59,1.0
16289,61,59,2561,122,745.24,74.93,1.0
16290,2,40,2502,4,745.21,77.43,1.0
16291,9,50,2509,18,745.2,75.98,1.0
16292,2,34,2502,4,745.18,72.68,1.0
16293,61,57,2561,122,745.18,82.21,1.0
16294,94,60,2594,188,745.18,97.96,1.0
16295,8,56,2508,16,745.16,74.2,1.0
16296,7,50,2507,14,744.99,70.57,1.0
16297,36,56,2536,72,744.97,69.88,1.0
16298,13,55,2513,26,744.96,76.7,1.0
16299,4,33,2504,8,744.94,67.92,1.0
16300,32,56,2532,64,744.93,73.16,1.0
16301,12,51,2512,24,744.92,72.77,1.0
16302,59,59,2559,118,744.92,82.66,1.0
16303,54,59,2554,108,744.9,82.12,1.0
16304,1,47,2501,2,744.86,69.41,1.0
16305,2,36,2502,4,744.86,73.06,1.0
16306,3,46,2503,6,744.86,65.54,1.0
16307,1,30,2501,2,744.85,74.81,1.0
16308,1,32,2501,2,744.85,72.31,1.0
16309,280,8,2780,560,744.81,149.87,1.0
16310,5,50,2505,10,744.75,66.05,1.0
16311,6,40,2506,12,744.74,68.21,1.0
16312,19,49,2519,38,744.71,68.08,1.0
16313,34,57,2534,68,744.7,78.94,1.0
16314,88,59,2588,176,744.65,83.03,1.0
16315,1,51,2501,2,744.64,73.87,1.0
16316,41,59,2541,82,744.55,81.36,1.0
16317,1,50,2501,2,744.54,73.0,1.0
16318,4,31,2504,8,744.54,75.98,1.0
16319,48,59,2548,96,744.52,84.81,1.0
16320,58,5,2558,116,744.52,92.21,1.0
16321,25,55,2525,50,744.44,71.88,1.0
16322,62,59,2562,124,744.42,82.56,1.0
16323,242,7,2742,484,744.42,131.68,1.0
16324,32,52,2532,64,744.37,72.86,1.0
16325,1,45,2501,2,744.32,73.39,1.0
16326,3,59,2503,6,744.29,72.88,1.0
16327,9,57,2509,18,744.27,72.35,1.0
16328,7,41,2507,14,744.26,71.62,1.0
16329,38,59,2538,76,744.23,74.02,1.0
16330,60,5,2560,120,744.19,95.06,1.0
16331,6,44,2506,12,744.17,63.46,1.0
16332,3,31,2503,6,744.16,71.87,1.0
16333,2,39,2502,4,744.14,74.13,1.0
16334,36,59,2536,72,744.13,70.74,1.0
16335,2,56,2502,4,744.11,76.53,1.0
16336,25,60,2525,50,744.07,77.97,1.0
16337,247,7,2747,494,744.04,131.12,1.0
16338,25,56,2525,50,744.02,78.4,1.0
16339,158,60,2658,316,744.0,100.17,1.0
16340,2,45,2502,4,743.96,79.66,1.0
16341,36,55,2536,72,743.94,79.8,1.0
16342,13,35,2513,26,743.92,67.18,1.0
16343,38,60,2538,76,743.89,78.41,1.0
16344,4,60,2504,8,743.89,70.64,1.0
16345,13,58,2513,26,743.76,74.19,1.0
16346,154,6,2654,308,743.73,114.87,1.0
16347,9,41,2509,18,743.68,80.04,1.0
16348,25,53,2525,50,743.62,72.51,1.0
16349,59,60,2559,118,743.62,82.33,1.0
16350,140,6,2640,280,743.58,111.94,1.0
16351,31,58,2531,62,743.54,76.29,1.0
16352,61,60,2561,122,743.54,79.42,1.0
16353,89,5,2589,178,743.48,101.38,1.0
16354,29,54,2529,58,743.47,76.85,1.0
16355,4,34,2504,8,743.44,67.74,1.0
16356,258,7,2758,516,743.36,133.12,1.0
16357,106,5,2606,212,743.35,93.27,1.0
16358,48,60,2548,96,743.34,89.55,1.0
16359,5,47,2505,10,743.27,71.08,1.0
16360,2,52,2502,4,743.2,73.68,1.0
16361,278,7,2778,556,743.2,143.47,1.0
16362,2,30,2502,4,743.17,78.71,1.0
16363,9,40,2509,18,743.07,76.2,1.0
16364,171,6,2671,342,743.04,114.58,1.0
16365,5,41,2505,10,742.94,79.7,1.0
16366,1,46,2501,2,742.93,71.11,1.0
16367,13,60,2513,26,742.88,77.07,1.0
16368,9,45,2509,18,742.88,71.74,1.0
16369,34,56,2534,68,742.79,67.93,1.0
16370,136,6,2636,272,742.79,118.92,1.0
16371,255,7,2755,510,742.76,124.44,1.0
16372,9,46,2509,18,742.72,70.24,1.0
16373,4,47,2504,8,742.63,69.99,1.0
16374,260,7,2760,520,742.6,131.58,1.0
16375,78,59,2578,156,742.57,74.87,1.0
16376,6,42,2506,12,742.54,69.16,1.0
16377,68,60,2568,136,742.54,73.64,1.0
16378,120,60,2620,240,742.48,89.27,1.0
16379,249,7,2749,498,742.47,126.84,1.0
16380,21,59,2521,42,742.41,74.1,1.0
16381,69,57,2569,138,742.39,81.74,1.0
16382,32,58,2532,64,742.36,74.77,1.0
16383,159,60,2659,318,742.36,91.68,1.0
16384,7,54,2507,14,742.35,71.31,1.0
16385,3,42,2503,6,742.25,66.96,1.0
16386,9,42,2509,18,742.22,81.16,1.0
16387,28,54,2528,56,742.16,71.42,1.0
16388,58,60,2558,116,742.16,84.29,1.0
16389,32,55,2532,64,742.11,76.69,1.0
16390,6,60,2506,12,742.02,68.38,1.0
16391,104,5,2604,208,742.02,102.97,1.0
16392,36,57,2536,72,742.01,74.61,1.0
16393,6,45,2506,12,741.9,67.76,1.0
16394,3,44,2503,6,741.82,73.09,1.0
16395,7,49,2507,14,741.78,72.93,1.0
16396,25,59,2525,50,741.73,74.17,1.0
16397,158,6,2658,316,741.69,110.11,1.0
16398,265,6,2765,530,741.58,136.89,1.0
16399,151,6,2651,302,741.57,113.21,1.0
16400,3,52,2503,6,741.56,73.81,1.0
16401,34,53,2534,68,741.54,76.62,1.0
16402,111,60,2611,222,741.54,87.16,1.0
16403,2,50,2502,4,741.5,70.27,1.0
16404,4,53,2504,8,741.5,74.34,1.0
16405,2,38,2502,4,741.48,74.72,1.0
16406,9,51,2509,18,741.48,70.95,1.0
16407,6,49,2506,12,741.42,67.22,1.0
16408,34,60,2534,68,741.37,70.44,1.0
16409,9,60,2509,18,741.36,71.58,1.0
16410,6,41,2506,12,741.34,63.94,1.0
16411,25,52,2525,50,741.31,71.55,1.0
16412,1,59,2501,2,741.3,69.51,1.0
16413,3,37,2503,6,741.28,67.3,1.0
16414,273,7,2773,546,741.28,133.12,1.0
16415,1,39,2501,2,741.26,71.27,1.0
16416,9,31,2509,18,741.23,72.65,1.0
16417,7,55,2507,14,741.2,71.44,1.0
16418,2,55,2502,4,741.15,76.99,1.0
16419,55,5,2555,110,741.15,94.55,1.0
16420,4,40,2504,8,741.15,68.54,1.0
16421,9,59,2509,18,741.06,68.05,1.0
16422,6,53,2506,12,741.0,67.25,1.0
16423,9,37,2509,18,740.96,79.72,1.0
16424,4,56,2504,8,740.96,67.24,1.0
16425,30,57,2530,60,740.88,76.51,1.0
16426,2,48,2502,4,740.86,74.31,1.0
16427,97,60,2597,194,740.81,90.5,1.0
16428,253,6,2753,506,740.81,137.98,1.0
16429,3,34,2503,6,740.8,68.17,1.0
16430,3,30,2503,6,740.77,71.13,1.0
16431,1,58,2501,2,740.74,72.81,1.0
16432,9,36,2509,18,740.71,70.95,1.0
16433,9,33,2509,18,740.7,71.12,1.0
16434,8,55,2508,16,740.68,77.21,1.0
16435,30,56,2530,60,740.66,75.0,1.0
16436,6,57,2506,12,740.66,69.2,1.0
16437,29,59,2529,58,740.61,78.84,1.0
16438,4,39,2504,8,740.58,67.21,1.0
16439,2,42,2502,4,740.55,73.29,1.0
16440,7,58,2507,14,740.49,76.13,1.0
16441,1,55,2501,2,740.47,71.5,1.0
16442,7,47,2507,14,740.34,74.05,1.0
16443,13,49,2513,26,740.33,69.78,1.0
16444,9,52,2509,18,740.3,72.43,1.0
16445,4,59,2504,8,740.3,73.44,1.0
16446,6,55,2506,12,740.27,70.57,1.0
16447,6,58,2506,12,740.26,69.21,1.0
16448,3,35,2503,6,740.21,76.79,1.0
16449,134,5,2634,268,740.18,117.79,1.0
16450,6,47,2506,12,740.1,65.21,1.0
16451,6,52,2506,12,740.05,67.61,1.0
16452,47,60,2547,94,739.98,73.89,1.0
16453,55,60,2555,110,739.89,84.26,1.0
16454,4,48,2504,8,739.88,68.01,1.0
16455,84,5,2584,168,739.85,101.8,1.0
16456,13,57,2513,26,739.8,68.82,1.0
16457,55,59,2555,110,739.76,78.73,1.0
16458,7,56,2507,14,739.71,73.61,1.0
16459,32,53,2532,64,739.7,73.23,1.0
16460,3,48,2503,6,739.69,71.92,1.0
16461,41,57,2541,82,739.68,82.59,1.0
16462,13,59,2513,26,739.63,77.79,1.0
16463,135,5,2635,270,739.62,114.97,1.0
16464,2,57,2502,4,739.6,78.15,1.0
16465,170,6,2670,340,739.57,119.26,1.0
16466,34,5,2534,68,739.48,88.33,1.0
16467,195,6,2695,390,739.42,134.18,1.0
16468,3,41,2503,6,739.35,69.33,1.0
16469,129,5,2629,258,739.33,124.35,1.0
16470,9,35,2509,18,739.32,70.15,1.0
16471,80,60,2580,160,739.31,85.39,1.0
16472,12,59,2512,24,739.3,73.0,1.0
16473,95,59,2595,190,739.3,83.49,1.0
16474,6,54,2506,12,739.29,68.08,1.0
16475,28,60,2528,56,739.28,76.75,1.0
16476,1,52,2501,2,739.23,68.43,1.0
16477,91,5,2591,182,739.18,97.46,1.0
16478,7,60,2507,14,739.12,71.71,1.0
16479,187,59,2687,374,739.11,94.46,1.0
16480,3,47,2503,6,738.98,72.1,1.0
16481,28,58,2528,56,738.92,77.92,1.0
16482,174,60,2674,348,738.92,101.41,1.0
16483,4,58,2504,8,738.86,66.82,1.0
16484,295,8,2795,590,738.8,142.68,1.0
16485,80,57,2580,160,738.74,87.28,1.0
16486,69,5,2569,138,738.72,95.05,1.0
16487,21,60,2521,42,738.68,76.94,1.0
16488,31,60,2531,62,738.65,78.21,1.0
16489,288,60,2788,576,738.63,114.07,1.0
16490,2,51,2502,4,738.52,72.07,1.0
16491,111,59,2611,222,738.52,79.83,1.0
16492,2,47,2502,4,738.49,68.12,1.0
16493,4,54,2504,8,738.49,68.93,1.0
16494,115,5,2615,230,738.46,100.86,1.0
16495,3,60,2503,6,738.35,68.85,1.0
16496,6,50,2506,12,738.34,64.56,1.0
16497,12,60,2512,24,738.17,69.41,1.0
16498,112,60,2612,224,738.16,88.82,1.0
16499,30,60,2530,60,738.15,77.8,1.0
16500,42,60,2542,84,738.12,71.79,1.0
16501,6,59,2506,12,738.0,66.46,1.0
16502,34,58,2534,68,737.85,80.72,1.0
16503,2,53,2502,4,737.76,76.18,1.0
16504,101,5,2601,202,737.76,99.6,1.0
16505,25,58,2525,50,737.75,73.42,1.0
16506,3,51,2503,6,737.62,70.67,1.0
16507,69,60,2569,138,737.62,82.78,1.0
16508,109,5,2609,218,737.49,99.1,1.0
16509,43,60,2543,86,737.45,78.84,1.0
16510,267,6,2767,534,737.45,153.62,1.0
16511,3,39,2503,6,737.42,69.11,1.0
16512,2,58,2502,4,737.4,77.85,1.0
16513,6,38,2506,12,737.37,65.71,1.0
16514,9,55,2509,18,737.28,80.56,1.0
16515,30,58,2530,60,737.1,75.01,1.0
16516,30,59,2530,60,737.1,76.35,1.0
16517,190,6,2690,380,737.08,122.21,1.0
16518,212,6,2712,424,737.03,126.51,1.0
16519,271,6,2771,542,736.96,128.72,1.0
16520,6,33,2506,12,736.9,69.22,1.0
16521,3,53,2503,6,736.88,75.18,1.0
16522,3,49,2503,6,736.79,71.31,1.0
16523,261,6,2761,522,736.68,136.74,1.0
16524,200,59,2700,400,736.67,100.4,1.0
16525,232,6,2732,464,736.66,142.06,1.0
16526,31,57,2531,62,736.62,74.51,1.0
16527,78,5,2578,156,736.62,92.44,1.0
16528,3,55,2503,6,736.54,72.33,1.0
16529,3,58,2503,6,736.52,72.9,1.0
16530,116,5,2616,232,736.52,113.9,1.0
16531,3,32,2503,6,736.48,70.26,1.0
16532,91,60,2591,182,736.48,91.56,1.0
16533,282,7,2782,564,736.31,138.53,1.0
16534,1,34,2501,2,736.26,75.2,1.0
16535,29,60,2529,58,736.15,78.27,1.0
16536,239,7,2739,478,735.92,125.19,1.0
16537,123,5,2623,246,735.86,105.68,1.0
16538,114,5,2614,228,735.5,110.89,1.0
16539,224,6,2724,448,735.49,146.75,1.0
16540,88,5,2588,176,735.41,89.45,1.0
16541,92,5,2592,184,735.38,108.0,1.0
16542,6,31,2506,12,735.26,66.43,1.0
16543,1,49,2501,2,735.25,65.47,1.0
16544,3,50,2503,6,735.22,71.75,1.0
16545,227,6,2727,454,735.21,137.93,1.0
16546,137,5,2637,274,735.14,106.5,1.0
16547,6,56,2506,12,734.98,69.08,1.0
16548,4,55,2504,8,734.74,73.36,1.0
16549,32,60,2532,64,734.59,76.14,1.0
16550,2,59,2502,4,734.54,79.01,1.0
16551,229,6,2729,458,734.52,131.76,1.0
16552,163,5,2663,326,734.04,126.12,1.0
16553,223,6,2723,446,733.86,133.65,1.0
16554,220,6,2720,440,733.84,126.93,1.0
16555,153,5,2653,306,733.55,126.77,1.0
16556,3,38,2503,6,733.53,69.37,1.0
16557,32,54,2532,64,733.41,69.19,1.0
16558,194,6,2694,388,733.35,116.03,1.0
16559,299,7,2799,598,733.31,146.31,1.0
16560,244,6,2744,488,733.18,133.98,1.0
16561,133,5,2633,266,732.8,109.27,1.0
16562,78,60,2578,156,732.78,86.66,1.0
16563,19,60,2519,38,732.76,70.55,1.0
16564,226,6,2726,452,732.65,132.79,1.0
16565,233,6,2733,466,732.61,140.85,1.0
16566,234,6,2734,468,732.4,136.83,1.0
16567,148,6,2648,296,732.06,119.91,1.0
16568,80,58,2580,160,731.87,89.98,1.0
16569,218,6,2718,436,731.6,129.63,1.0
16570,141,5,2641,282,731.54,121.33,1.0
16571,128,5,2628,256,731.24,110.04,1.0
16572,285,7,2785,570,731.12,145.64,1.0
16573,142,5,2642,284,731.06,106.47,1.0
16574,183,7,2683,366,731.05,119.98,1.0
16575,211,6,2711,422,730.98,134.27,1.0
16576,67,5,2567,134,730.87,91.07,1.0
16577,36,60,2536,72,730.79,82.75,1.0
16578,32,59,2532,64,730.65,75.47,1.0
16579,146,5,2646,292,730.64,120.43,1.0
16580,9,53,2509,18,730.63,71.42,1.0
16581,210,6,2710,420,730.08,132.43,1.0
16582,281,7,2781,562,730.02,151.63,1.0
16583,283,7,2783,566,730.0,138.55,1.0
16584,173,6,2673,346,729.79,116.86,1.0
16585,102,5,2602,204,729.69,100.33,1.0
16586,184,5,2684,368,729.47,114.49,1.0
16587,3,56,2503,6,729.22,70.82,1.0
16588,107,5,2607,214,729.02,97.59,1.0
16589,126,5,2626,252,728.97,112.22,1.0
16590,36,58,2536,72,728.56,81.28,1.0
16591,180,5,2680,360,728.32,119.5,1.0
16592,191,6,2691,382,727.98,117.36,1.0
16593,131,5,2631,262,727.88,114.71,1.0
16594,209,6,2709,418,727.69,125.93,1.0
16595,155,5,2655,310,727.52,106.76,1.0
16596,3,57,2503,6,727.51,72.82,1.0
16597,122,5,2622,244,727.5,118.01,1.0
16598,208,6,2708,416,727.36,123.76,1.0
16599,169,6,2669,338,727.35,121.11,1.0
16600,32,57,2532,64,726.86,78.68,1.0
16601,187,60,2687,374,726.81,100.89,1.0
16602,277,7,2777,554,726.63,134.56,1.0
16603,256,6,2756,512,726.1,129.2,1.0
16604,288,8,2788,576,726.05,134.15,1.0
16605,225,6,2725,450,725.78,124.79,1.0
16606,221,6,2721,442,725.51,116.19,1.0
16607,200,6,2700,400,725.45,117.09,1.0
16608,174,6,2674,348,724.52,130.16,1.0
16609,237,6,2737,474,724.31,119.15,1.0
16610,240,6,2740,480,724.11,132.72,1.0
16611,138,5,2638,276,724.02,104.39,1.0
16612,236,6,2736,472,723.84,136.07,1.0
16613,181,5,2681,362,723.67,130.11,1.0
16614,205,6,2705,410,723.51,139.17,1.0
16615,161,5,2661,322,723.35,119.47,1.0
16616,284,6,2784,568,723.2,134.07,1.0
16617,197,6,2697,394,723.11,120.88,1.0
16618,111,5,2611,222,723.08,104.81,1.0
16619,159,6,2659,318,722.0,110.82,1.0
16620,97,5,2597,194,721.31,114.04,1.0
16621,254,7,2754,508,720.75,129.53,1.0
16622,287,6,2787,574,720.67,140.78,1.0
16623,182,6,2682,364,720.5,124.0,1.0
16624,295,7,2795,590,719.79,143.3,1.0
16625,164,6,2664,328,719.74,121.36,1.0
16626,241,6,2741,482,719.7,144.99,1.0
16627,286,6,2786,572,719.22,141.89,1.0
16628,264,6,2764,528,719.12,148.48,1.0
16629,144,5,2644,288,719.08,109.32,1.0
16630,121,5,2621,242,719.02,114.84,1.0
16631,246,6,2746,492,718.56,124.45,1.0
16632,160,5,2660,320,718.49,106.15,1.0
16633,189,5,2689,378,718.47,112.83,1.0
16634,127,5,2627,254,718.38,117.52,1.0
16635,199,5,2699,398,718.15,118.26,1.0
16636,230,6,2730,460,717.69,127.29,1.0
16637,152,5,2652,304,717.54,122.04,1.0
16638,248,7,2748,496,717.54,124.75,1.0
16639,200,60,2700,400,717.47,106.39,1.0
16640,276,7,2776,552,717.42,142.51,1.0
16641,293,6,2793,586,717.1,143.38,1.0
16642,95,5,2595,190,716.53,99.23,1.0
16643,238,5,2738,476,716.49,128.52,1.0
16644,143,5,2643,286,716.46,115.65,1.0
16645,279,6,2779,558,716.06,137.9,1.0
16646,266,6,2766,532,715.72,137.73,1.0
16647,112,5,2612,224,715.68,107.65,1.0
16648,149,5,2649,298,715.47,118.45,1.0
16649,130,5,2630,260,715.27,113.88,1.0
16650,257,6,2757,514,715.24,139.02,1.0
16651,80,5,2580,160,714.99,102.6,1.0
16652,147,5,2647,294,714.53,107.0,1.0
16653,175,5,2675,350,713.91,125.42,1.0
16654,245,6,2745,490,713.88,128.89,1.0
16655,186,5,2686,372,713.08,127.73,1.0
16656,178,5,2678,356,712.88,117.78,1.0
16657,204,6,2704,408,712.66,126.21,1.0
16658,187,6,2687,374,712.58,126.25,1.0
16659,290,6,2790,580,712.51,136.23,1.0
16660,119,5,2619,238,712.43,114.26,1.0
16661,272,6,2772,544,711.52,137.18,1.0
16662,166,5,2666,332,711.42,124.56,1.0
16663,203,5,2703,406,711.18,126.12,1.0
16664,263,6,2763,526,710.96,125.72,1.0
16665,171,5,2671,342,710.9,115.18,1.0
16666,167,5,2667,334,710.9,109.53,1.0
16667,192,6,2692,384,710.84,125.96,1.0
16668,145,5,2645,290,710.8,119.36,1.0
16669,247,6,2747,494,710.47,137.53,1.0
16670,270,6,2770,540,710.14,138.05,1.0
16671,219,6,2719,438,709.63,126.02,1.0
16672,156,5,2656,312,709.52,113.26,1.0
16673,235,6,2735,470,708.81,146.08,1.0
16674,294,6,2794,588,708.47,158.71,1.0
16675,188,5,2688,376,707.92,125.38,1.0
16676,291,6,2791,582,707.76,128.8,1.0
16677,268,6,2768,536,707.24,135.33,1.0
16678,251,6,2751,502,706.97,130.47,1.0
16679,273,6,2773,546,706.47,137.23,1.0
16680,124,5,2624,248,706.42,117.77,1.0
16681,202,6,2702,404,706.36,133.76,1.0
16682,125,5,2625,250,706.2,112.77,1.0
16683,255,6,2755,510,704.83,143.08,1.0
16684,288,7,2788,576,704.67,145.52,1.0
16685,243,6,2743,486,704.48,125.73,1.0
16686,165,5,2665,330,704.42,120.46,1.0
16687,193,5,2693,386,704.18,128.72,1.0
16688,176,5,2676,352,704.1,128.2,1.0
16689,274,6,2774,548,703.89,137.28,1.0
16690,214,5,2714,428,703.68,130.42,1.0
16691,206,5,2706,412,703.66,134.84,1.0
16692,292,7,2792,584,703.16,153.02,1.0
16693,198,6,2698,396,702.87,115.71,1.0
16694,196,5,2696,392,701.88,120.19,1.0
16695,242,6,2742,484,701.76,136.04,1.0
16696,132,5,2632,264,701.46,116.7,1.0
16697,140,5,2640,280,701.41,101.81,1.0
16698,190,5,2690,380,700.95,123.23,1.0
16699,162,5,2662,324,700.25,108.28,1.0
16700,235,5,2735,470,700.21,134.55,1.0
16701,216,5,2716,432,700.12,121.0,1.0
16702,299,6,2799,598,700.12,144.65,1.0
16703,120,5,2620,240,699.8,109.41,1.0
16704,221,5,2721,442,699.54,137.99,1.0
16705,151,5,2651,302,699.4,114.15,1.0
16706,280,7,2780,560,699.2,148.24,1.0
16707,275,6,2775,550,699.09,134.26,1.0
16708,222,6,2722,444,699.08,136.79,1.0
16709,185,5,2685,370,698.12,127.36,1.0
16710,285,6,2785,570,697.19,138.26,1.0
16711,253,5,2753,506,697.11,134.51,1.0
16712,262,6,2762,524,696.59,140.76,1.0
16713,258,6,2758,516,696.2,136.6,1.0
16714,159,5,2659,318,696.16,115.13,1.0
16715,202,5,2702,404,695.36,136.52,1.0
16716,170,5,2670,340,695.22,121.87,1.0
16717,296,7,2796,592,695.21,141.55,1.0
16718,209,5,2709,418,694.64,124.41,1.0
16719,232,5,2732,464,694.25,145.44,1.0
16720,218,5,2718,436,694.22,134.92,1.0
16721,169,5,2669,338,694.12,116.67,1.0
16722,173,5,2673,346,694.03,109.0,1.0
16723,207,6,2707,414,693.54,141.74,1.0
16724,177,5,2677,354,693.44,123.1,1.0
16725,277,6,2777,554,693.43,155.04,1.0
16726,136,5,2636,272,693.2,105.74,1.0
16727,158,5,2658,316,692.82,112.97,1.0
16728,183,6,2683,366,692.72,121.1,1.0
16729,201,5,2701,402,691.66,131.07,1.0
16730,300,6,2800,600,691.29,150.64,1.0
16731,226,5,2726,452,691.0,129.96,1.0
16732,212,5,2712,424,690.72,134.33,1.0
16733,164,5,2664,328,690.59,119.7,1.0
16734,278,6,2778,556,690.49,142.54,1.0
16735,148,5,2648,296,689.92,115.24,1.0
16736,249,6,2749,498,688.8,137.1,1.0
16737,182,5,2682,364,688.23,130.58,1.0
16738,227,5,2727,454,688.22,136.4,1.0
16739,154,5,2654,308,687.96,133.44,1.0
16740,259,5,2759,518,687.82,143.01,1.0
16741,213,5,2713,426,686.96,135.02,1.0
16742,231,5,2731,462,686.74,131.3,1.0
16743,260,6,2760,520,686.6,139.78,1.0
16744,150,5,2650,300,686.55,109.95,1.0
16745,239,6,2739,478,685.5,131.2,1.0
16746,250,6,2750,500,685.39,143.81,1.0
16747,271,5,2771,542,685.35,145.37,1.0
16748,230,5,2730,460,685.34,125.84,1.0
16749,210,5,2710,420,684.43,133.1,1.0
16750,265,5,2765,530,684.29,139.87,1.0
16751,211,5,2711,422,684.22,123.88,1.0
16752,281,6,2781,562,683.94,136.26,1.0
16753,215,6,2715,430,683.69,129.26,1.0
16754,269,7,2769,538,683.38,141.93,1.0
16755,195,5,2695,390,682.91,139.03,1.0
16756,217,5,2717,434,682.8,130.56,1.0
16757,240,5,2740,480,682.66,136.15,1.0
16758,179,5,2679,358,682.64,118.45,1.0
16759,208,5,2708,416,682.14,128.22,1.0
16760,297,6,2797,594,681.98,141.01,1.0
16761,191,5,2691,382,680.64,121.68,1.0
16762,292,6,2792,584,680.56,131.96,1.0
16763,298,6,2798,596,680.54,140.94,1.0
16764,267,5,2767,534,680.01,135.18,1.0
16765,279,5,2779,558,679.2,138.66,1.0
16766,172,5,2672,344,678.94,119.86,1.0
16767,248,6,2748,496,678.5,132.45,1.0
16768,234,5,2734,468,678.1,128.67,1.0
16769,225,5,2725,450,677.75,122.19,1.0
16770,289,6,2789,578,676.96,139.23,1.0
16771,229,5,2729,458,676.87,126.9,1.0
16772,187,5,2687,374,676.66,122.05,1.0
16773,205,5,2705,410,676.49,135.82,1.0
16774,223,5,2723,446,676.22,135.97,1.0
16775,198,5,2698,396,674.98,133.01,1.0
16776,194,5,2694,388,674.46,119.24,1.0
16777,282,6,2782,564,674.24,144.31,1.0
16778,256,5,2756,512,674.18,140.87,1.0
16779,257,5,2757,514,673.74,143.82,0.996
16780,291,5,2791,582,673.71,133.31,1.0
16781,241,5,2741,482,673.34,141.5,1.0
16782,220,5,2720,440,672.8,126.51,1.0
16783,283,6,2783,566,672.72,159.18,1.0
16784,254,6,2754,508,672.3,124.93,1.0
16785,246,5,2746,492,670.38,142.34,1.0
16786,183,5,2683,366,670.22,143.6,1.0
16787,266,5,2766,532,669.95,136.09,1.0
16788,295,6,2795,590,669.26,146.76,1.0
16789,242,5,2742,484,669.11,126.89,1.0
16790,215,5,2715,430,668.86,139.27,1.0
16791,276,6,2776,552,668.85,139.31,1.0
16792,224,5,2724,448,668.78,139.94,1.0
16793,219,5,2719,438,668.57,130.31,1.0
16794,261,5,2761,522,668.17,141.59,1.0
16795,275,5,2775,550,668.13,147.29,1.0
16796,296,6,2796,592,667.85,153.8,1.0
16797,250,5,2750,500,667.5,140.86,1.0
16798,174,5,2674,348,667.4,123.49,1.0
16799,286,5,2786,572,667.39,140.89,1.0
16800,293,5,2793,586,667.16,138.74,1.0
16801,192,5,2692,384,666.94,120.14,1.0
16802,228,5,2728,456,666.8,139.91,1.0
16803,245,5,2745,490,666.46,141.19,1.0
16804,237,5,2737,474,665.3,137.25,1.0
16805,236,5,2736,472,664.4,140.12,1.0
16806,233,5,2733,466,663.94,142.05,1.0
16807,263,5,2763,526,663.92,130.61,1.0
16808,251,5,2751,502,662.77,122.49,1.0
16809,204,5,2704,408,662.76,126.03,1.0
16810,244,5,2744,488,662.6,142.27,1.0
16811,197,5,2697,394,662.34,120.52,1.0
16812,270,5,2770,540,662.31,131.81,1.0
16813,258,5,2758,516,662.08,137.69,1.0
16814,290,5,2790,580,660.69,141.69,1.0
16815,294,5,2794,588,660.68,144.94,1.0
16816,247,5,2747,494,660.6,134.7,1.0
16817,269,6,2769,538,660.37,152.79,1.0
16818,287,5,2787,574,659.38,144.29,1.0
16819,243,5,2743,486,659.32,135.59,1.0
16820,284,5,2784,568,657.18,129.0,1.0
16821,200,5,2700,400,656.89,129.2,1.0
16822,272,5,2772,544,656.78,147.78,1.0
16823,207,5,2707,414,656.68,133.95,1.0
16824,282,5,2782,564,655.4,137.84,1.0
16825,264,5,2764,528,654.64,154.22,1.0
16826,288,6,2788,576,651.9,142.15,1.0
16827,255,5,2755,510,649.75,142.45,1.0
16828,274,5,2774,548,648.53,138.68,1.0
16829,222,5,2722,444,648.17,138.63,1.0
16830,262,5,2762,524,648.06,132.98,1.0
16831,285,5,2785,570,647.96,143.04,1.0
16832,252,5,2752,504,646.72,135.14,1.0
16833,289,5,2789,578,646.64,133.76,1.0
16834,278,5,2778,556,646.38,155.15,1.0
16835,273,5,2773,546,645.17,142.95,1.0
16836,281,5,2781,562,643.17,136.55,1.0
16837,300,5,2800,600,641.92,143.55,1.0
16838,239,5,2739,478,641.48,129.53,1.0
16839,299,5,2799,598,641.44,141.3,1.0
16840,260,5,2760,520,640.94,131.47,1.0
16841,280,6,2780,560,639.84,140.37,1.0
16842,268,5,2768,536,639.0,129.63,1.0
16843,298,5,2798,596,637.06,139.26,1.0
16844,297,5,2797,594,636.28,138.31,1.0
16845,248,5,2748,496,632.4,130.16,1.0
16846,269,5,2769,538,631.7,146.63,1.0
16847,283,5,2783,566,628.5,169.14,0.996
16848,277,5,2777,554,627.6,147.0,1.0
16849,249,5,2749,498,627.38,131.92,1.0
16850,276,5,2776,552,626.96,146.63,1.0
16851,295,5,2795,590,620.99,156.01,1.0
16852,288,5,2788,576,619.81,148.83,1.0
16853,280,5,2780,560,614.5,153.57,1.0
16854,292,5,2792,584,614.14,145.69,1.0
16855,296,5,2796,592,614.08,135.12,1.0
16856,254,5,2754,508,611.73,140.37,1.0
