rank,x,h,start_apples,thorns,mean_remaining,std_remaining,win_rate
1,240,29,2740,480,427.86,0.0,1.0
2,235,29,2735,470,409.29,0.0,1.0
3,220,45,2720,440,389.52,0.0,1.0
4,220,37,2720,440,377.33,0.0,1.0
5,215,29,2715,430,375.75,0.0,1.0
6,205,37,2705,410,371.37,0.0,1.0
7,200,47,2700,400,368.12,0.0,1.0
8,200,31,2700,400,363.17,0.0,1.0
9,236,29,2736,472,354.5,0.0,1.0
10,226,28,2726,452,351.49,0.0,1.0
11,226,27,2726,452,344.31,0.0,1.0
12,216,28,2716,432,344.16,0.0,1.0
13,200,29,2700,400,342.79,0.0,1.0
14,200,27,2700,400,333.77,0.0,1.0
15,216,27,2716,432,332.78,0.0,1.0
16,214,28,2714,428,328.25,0.0,1.0
17,211,29,2711,422,323.88,0.0,1.0
18,200,15,2700,400,306.93,0.0,1.0
19,211,31,2711,422,300.54,0.0,1.0
20,210,29,2710,420,297.21,0.0,1.0
21,210,31,2710,420,292.16,0.0,1.0
22,210,27,2710,420,284.22,0.0,1.0
23,210,24,2710,420,228.13,0.0,1.0
24,210,19,2710,420,93.8,0.0,1.0
25,183,17,2683,366,1101.47,106.72,1.0
26,252,18,2752,504,1101.44,108.64,1.0
27,256,17,2756,512,1100.8,124.93,1.0
28,290,21,2790,580,1100.34,116.37,1.0
29,287,24,2787,574,1100.34,99.96,1.0
30,299,22,2799,598,1100.32,103.94,1.0
31,256,22,2756,512,1100.28,101.15,1.0
32,143,18,2643,286,1100.24,94.27,1.0
33,222,22,2722,444,1100.07,90.35,1.0
34,290,25,2790,580,1099.82,97.62,1.0
35,290,19,2790,580,1099.71,114.15,1.0
36,299,23,2799,598,1098.93,103.0,1.0
37,296,21,2796,592,1098.54,107.7,1.0
38,256,19,2756,512,1097.94,105.88,1.0
39,85,18,2585,170,1097.71,85.45,1.0
40,296,20,2796,592,1097.3,104.39,1.0
41,178,19,2678,356,1097.13,107.49,1.0
42,204,23,2704,408,1096.97,90.34,1.0
43,204,19,2704,408,1096.96,100.41,1.0
44,227,22,2727,454,1096.51,96.86,1.0
45,148,17,2648,296,1096.48,82.43,1.0
46,296,19,2796,592,1095.81,112.62,1.0
47,252,23,2752,504,1095.19,104.69,1.0
48,148,20,2648,296,1095.07,66.51,1.0
49,178,20,2678,356,1094.99,110.5,1.0
50,172,19,2672,344,1094.94,89.08,1.0
51,263,21,2763,526,1094.9,106.61,1.0
52,287,22,2787,574,1094.36,107.85,1.0
53,290,23,2790,580,1093.96,100.65,1.0
54,143,19,2643,286,1093.95,84.34,1.0
55,290,24,2790,580,1093.79,103.57,1.0
56,222,18,2722,444,1093.77,111.92,1.0
57,143,17,2643,286,1093.71,95.78,1.0
58,173,19,2673,346,1093.44,93.45,1.0
59,143,20,2643,286,1093.09,80.52,1.0
60,227,23,2727,454,1093.05,89.31,1.0
61,239,20,2739,478,1092.9,108.09,1.0
62,199,19,2699,398,1092.72,91.64,1.0
63,178,16,2678,356,1092.7,96.77,1.0
64,178,21,2678,356,1092.54,95.12,1.0
65,222,16,2722,444,1092.36,114.51,1.0
66,278,22,2778,556,1092.13,106.23,1.0
67,239,17,2739,478,1091.99,109.17,1.0
68,239,18,2739,478,1091.97,109.98,1.0
69,135,17,2635,270,1091.89,84.13,1.0
70,263,20,2763,526,1091.61,106.06,1.0
71,177,22,2677,354,1091.54,82.23,1.0
72,296,23,2796,592,1091.52,98.94,1.0
73,224,20,2724,448,1091.34,99.8,1.0
74,299,25,2799,598,1091.3,101.02,1.0
75,214,21,2714,428,1091.2,92.57,1.0
76,172,21,2672,344,1091.08,99.97,1.0
77,289,24,2789,578,1091.04,98.49,1.0
78,199,17,2699,398,1090.87,91.06,1.0
79,60,15,2560,120,1090.64,77.39,1.0
80,184,19,2684,368,1090.52,106.47,1.0
81,183,21,2683,366,1090.14,85.17,1.0
82,256,20,2756,512,1090.1,111.2,1.0
83,263,23,2763,526,1090.09,106.52,1.0
84,224,23,2724,448,1090.08,88.77,1.0
85,200,18,2700,400,1090.01,89.73,1.0
86,299,24,2799,598,1089.98,92.59,1.0
87,177,21,2677,354,1089.94,81.86,1.0
88,178,17,2678,356,1089.75,100.84,1.0
89,299,26,2799,598,1089.62,93.1,1.0
90,178,22,2678,356,1089.57,96.72,1.0
91,60,18,2560,120,1089.23,81.84,1.0
92,231,22,2731,462,1089.12,85.38,1.0
93,290,20,2790,580,1088.78,115.21,1.0
94,278,23,2778,556,1088.73,92.22,1.0
95,287,21,2787,574,1088.71,111.17,1.0
96,183,16,2683,366,1088.59,95.45,1.0
97,60,16,2560,120,1088.52,77.27,1.0
98,182,20,2682,364,1088.42,88.25,1.0
99,183,22,2683,366,1088.34,89.41,1.0
100,277,20,2777,554,1088.18,92.69,1.0
101,158,21,2658,316,1088.16,93.73,1.0
102,256,24,2756,512,1088.08,98.41,1.0
103,54,18,2554,108,1087.68,75.05,1.0
104,239,21,2739,478,1087.68,101.88,1.0
105,256,18,2756,512,1087.56,119.08,1.0
106,287,18,2787,574,1087.36,111.89,1.0
107,227,24,2727,454,1087.34,83.48,1.0
108,158,20,2658,316,1087.17,92.79,1.0
109,148,18,2648,296,1087.08,83.98,1.0
110,227,21,2727,454,1087.04,96.01,1.0
111,224,21,2724,448,1086.93,101.29,1.0
112,239,23,2739,478,1086.89,94.83,1.0
113,227,20,2727,454,1086.7,100.19,1.0
114,283,21,2783,566,1086.69,115.77,1.0
115,85,17,2585,170,1086.65,85.2,1.0
116,284,23,2784,568,1086.46,90.06,1.0
117,33,19,2533,66,1086.17,58.28,1.0
118,148,19,2648,296,1086.14,78.86,1.0
119,25,17,2525,50,1086.07,65.54,1.0
120,113,18,2613,226,1086.02,81.7,1.0
121,199,20,2699,398,1086.0,84.68,1.0
122,194,20,2694,388,1085.98,82.41,1.0
123,291,22,2791,582,1085.98,104.28,1.0
124,2,15,2502,4,1085.86,70.72,1.0
125,125,19,2625,250,1085.86,77.79,1.0
126,229,20,2729,458,1085.74,106.6,1.0
127,278,20,2778,556,1085.68,95.66,1.0
128,239,22,2739,478,1085.65,94.31,1.0
129,199,21,2699,398,1085.59,92.99,1.0
130,104,18,2604,208,1085.54,87.94,1.0
131,85,16,2585,170,1085.52,92.77,1.0
132,290,26,2790,580,1085.51,95.89,1.0
133,193,22,2693,386,1085.16,101.15,1.0
134,180,20,2680,360,1085.14,85.42,1.0
135,289,22,2789,578,1085.09,101.61,1.0
136,263,22,2763,526,1084.73,99.34,1.0
137,67,18,2567,134,1084.58,77.33,1.0
138,129,18,2629,258,1084.58,82.68,1.0
139,287,25,2787,574,1084.52,102.54,1.0
140,54,17,2554,108,1084.38,82.42,1.0
141,200,20,2700,400,1084.38,84.19,1.0
142,287,20,2787,574,1084.33,113.01,1.0
143,135,16,2635,270,1084.31,87.25,1.0
144,256,16,2756,512,1084.31,111.89,1.0
145,126,20,2626,252,1084.28,80.17,1.0
146,233,21,2733,466,1084.26,103.25,1.0
147,276,21,2776,552,1084.26,103.28,1.0
148,184,18,2684,368,1084.12,97.52,1.0
149,277,22,2777,554,1084.04,103.54,1.0
150,184,20,2684,368,1084.03,95.49,1.0
151,126,21,2626,252,1083.89,86.58,1.0
152,85,20,2585,170,1083.81,80.07,1.0
153,167,20,2667,334,1083.48,83.66,1.0
154,167,21,2667,334,1083.39,80.89,1.0
155,200,19,2700,400,1083.32,92.2,1.0
156,138,17,2638,276,1083.19,86.59,1.0
157,177,20,2677,354,1083.14,88.27,1.0
158,237,21,2737,474,1083.1,111.76,1.0
159,299,20,2799,598,1083.02,126.9,1.0
160,287,17,2787,574,1083.01,109.48,1.0
161,173,20,2673,346,1083.0,96.15,1.0
162,292,20,2792,584,1082.94,108.38,1.0
163,180,21,2680,360,1082.9,72.06,1.0
164,140,18,2640,280,1082.88,87.67,1.0
165,60,17,2560,120,1082.86,76.93,1.0
166,224,24,2724,448,1082.8,92.03,1.0
167,278,19,2778,556,1082.8,105.5,1.0
168,294,22,2794,588,1082.74,109.65,1.0
169,291,21,2791,582,1082.64,115.72,1.0
170,222,24,2722,444,1082.62,78.15,1.0
171,119,18,2619,238,1082.46,83.38,1.0
172,116,21,2616,232,1082.46,70.81,1.0
173,248,21,2748,496,1082.46,90.48,1.0
174,260,20,2760,520,1082.3,106.08,1.0
175,183,23,2683,366,1082.15,82.3,1.0
176,180,17,2680,360,1082.14,92.26,1.0
177,285,24,2785,570,1082.1,106.68,1.0
178,239,24,2739,478,1082.05,82.31,1.0
179,129,20,2629,258,1081.98,82.04,1.0
180,237,23,2737,474,1081.97,109.22,1.0
181,153,17,2653,306,1081.79,95.53,1.0
182,219,20,2719,438,1081.79,93.66,1.0
183,54,19,2554,108,1081.78,67.84,1.0
184,100,17,2600,200,1081.66,83.93,1.0
185,211,17,2711,422,1081.53,101.47,1.0
186,28,18,2528,56,1081.34,67.61,1.0
187,292,22,2792,584,1081.23,101.4,1.0
188,291,20,2791,582,1081.2,113.93,1.0
189,204,24,2704,408,1081.16,94.64,1.0
190,28,17,2528,56,1081.09,70.45,1.0
191,193,21,2693,386,1081.09,95.38,1.0
192,268,21,2768,536,1080.92,95.38,1.0
193,277,21,2777,554,1080.82,110.07,1.0
194,278,21,2778,556,1080.75,102.59,1.0
195,33,16,2533,66,1080.74,67.58,1.0
196,298,20,2798,596,1080.72,106.69,1.0
197,177,23,2677,354,1080.71,73.62,1.0
198,25,16,2525,50,1080.7,66.59,1.0
199,113,19,2613,226,1080.61,83.89,1.0
200,246,20,2746,492,1080.56,101.81,1.0
201,25,18,2525,50,1080.38,59.36,1.0
202,219,19,2719,438,1080.38,87.69,1.0
203,298,21,2798,596,1080.32,107.17,1.0
204,289,23,2789,578,1080.31,92.38,1.0
205,255,21,2755,510,1080.28,96.81,1.0
206,299,21,2799,598,1080.26,109.59,1.0
207,200,21,2700,400,1080.24,82.3,1.0
208,146,18,2646,292,1080.18,82.32,1.0
209,224,19,2724,448,1080.16,105.29,1.0
210,288,20,2788,576,1080.13,102.07,1.0
211,33,18,2533,66,1080.1,63.05,1.0
212,265,21,2765,530,1080.1,106.37,1.0
213,288,19,2788,576,1080.1,109.15,1.0
214,138,18,2638,276,1080.09,93.78,1.0
215,278,18,2778,556,1080.08,106.9,1.0
216,239,19,2739,478,1080.05,119.86,1.0
217,138,19,2638,276,1079.92,92.81,1.0
218,194,18,2694,388,1079.91,97.01,1.0
219,194,22,2694,388,1079.86,82.9,1.0
220,263,24,2763,526,1079.82,98.9,1.0
221,241,22,2741,482,1079.77,90.83,1.0
222,148,21,2648,296,1079.76,79.84,1.0
223,172,18,2672,344,1079.73,98.7,1.0
224,287,23,2787,574,1079.72,119.14,1.0
225,148,22,2648,296,1079.69,73.72,1.0
226,180,18,2680,360,1079.62,83.63,1.0
227,291,19,2791,582,1079.59,118.86,1.0
228,248,19,2748,496,1079.57,103.66,1.0
229,274,23,2774,548,1079.51,98.1,1.0
230,263,25,2763,526,1079.24,85.31,1.0
231,246,21,2746,492,1079.16,108.14,1.0
232,88,18,2588,176,1078.98,77.86,1.0
233,208,19,2708,416,1078.86,92.71,1.0
234,245,21,2745,490,1078.8,96.11,1.0
235,193,20,2693,386,1078.77,96.94,1.0
236,233,22,2733,466,1078.77,93.99,1.0
237,199,23,2699,398,1078.73,77.83,1.0
238,241,18,2741,482,1078.7,104.51,1.0
239,246,22,2746,492,1078.59,105.61,1.0
240,149,20,2649,298,1078.58,98.37,1.0
241,199,16,2699,398,1078.56,104.39,1.0
242,246,18,2746,492,1078.45,109.66,1.0
243,231,23,2731,462,1078.43,89.13,1.0
244,203,21,2703,406,1078.41,87.83,1.0
245,195,19,2695,390,1078.31,92.59,1.0
246,194,17,2694,388,1078.28,99.48,1.0
247,143,16,2643,286,1078.26,96.85,1.0
248,274,22,2774,548,1078.2,95.76,1.0
249,237,18,2737,474,1078.14,119.7,1.0
250,100,16,2600,200,1078.06,78.05,1.0
251,277,23,2777,554,1078.03,108.5,1.0
252,231,21,2731,462,1077.96,84.13,1.0
253,121,20,2621,242,1077.95,84.82,1.0
254,143,21,2643,286,1077.94,76.21,1.0
255,276,23,2776,552,1077.9,101.36,1.0
256,173,21,2673,346,1077.85,84.6,1.0
257,165,21,2665,330,1077.84,92.74,1.0
258,119,21,2619,238,1077.79,75.39,1.0
259,223,21,2723,446,1077.76,99.45,1.0
260,294,23,2794,588,1077.71,98.9,1.0
261,272,19,2772,544,1077.68,107.8,1.0
262,300,23,2800,600,1077.63,100.05,1.0
263,33,17,2533,66,1077.61,65.71,1.0
264,138,20,2638,276,1077.6,83.95,1.0
265,290,18,2790,580,1077.58,134.04,1.0
266,167,22,2667,334,1077.52,72.72,1.0
267,190,19,2690,380,1077.44,96.8,1.0
268,30,17,2530,60,1077.38,73.58,1.0
269,279,20,2779,558,1077.31,109.4,1.0
270,140,21,2640,280,1077.28,78.81,1.0
271,240,21,2740,480,1077.26,91.34,1.0
272,113,17,2613,226,1077.21,88.18,1.0
273,173,17,2673,346,1077.15,94.88,1.0
274,241,20,2741,482,1077.15,98.73,1.0
275,180,19,2680,360,1077.08,77.12,1.0
276,289,19,2789,578,1077.03,105.0,1.0
277,214,20,2714,428,1077.01,98.59,1.0
278,231,20,2731,462,1076.99,84.63,1.0
279,224,18,2724,448,1076.95,110.6,1.0
280,285,21,2785,570,1076.92,99.7,1.0
281,199,18,2699,398,1076.91,102.65,1.0
282,172,17,2672,344,1076.84,97.16,1.0
283,83,18,2583,166,1076.61,76.65,1.0
284,33,15,2533,66,1076.6,67.46,1.0
285,246,24,2746,492,1076.58,94.64,1.0
286,41,17,2541,82,1076.55,68.02,1.0
287,143,22,2643,286,1076.49,82.98,1.0
288,118,19,2618,236,1076.48,78.28,1.0
289,252,17,2752,504,1076.45,111.11,1.0
290,129,17,2629,258,1076.33,86.45,1.0
291,276,22,2776,552,1076.33,100.48,1.0
292,113,16,2613,226,1076.2,88.54,1.0
293,118,20,2618,236,1076.18,85.26,1.0
294,177,16,2677,354,1076.07,86.68,1.0
295,241,19,2741,482,1076.05,107.56,1.0
296,205,20,2705,410,1075.98,91.37,1.0
297,273,19,2773,546,1075.92,108.86,1.0
298,256,25,2756,512,1075.91,97.91,1.0
299,119,20,2619,238,1075.88,81.77,1.0
300,247,24,2747,494,1075.8,98.98,1.0
301,247,20,2747,494,1075.66,104.75,1.0
302,270,20,2770,540,1075.62,107.46,1.0
303,284,24,2784,568,1075.52,99.38,1.0
304,237,22,2737,474,1075.49,111.61,1.0
305,200,22,2700,400,1075.43,84.26,1.0
306,187,18,2687,374,1075.42,103.3,1.0
307,204,18,2704,408,1075.38,99.74,1.0
308,255,20,2755,510,1075.37,102.4,1.0
309,71,19,2571,142,1075.33,79.01,1.0
310,246,23,2746,492,1075.28,101.96,1.0
311,149,21,2649,298,1075.26,84.04,1.0
312,180,22,2680,360,1075.26,83.03,1.0
313,260,21,2760,520,1075.26,104.81,1.0
314,60,19,2560,120,1075.23,75.73,1.0
315,71,18,2571,142,1075.17,76.21,1.0
316,54,16,2554,108,1075.11,84.88,1.0
317,76,19,2576,152,1074.98,75.16,1.0
318,276,20,2776,552,1074.8,97.48,1.0
319,245,20,2745,490,1074.78,106.44,1.0
320,121,18,2621,242,1074.61,86.85,1.0
321,200,24,2700,400,1074.58,76.54,1.0
322,288,23,2788,576,1074.53,93.07,1.0
323,232,21,2732,464,1074.47,107.57,1.0
324,30,16,2530,60,1074.46,76.68,1.0
325,231,18,2731,462,1074.46,88.64,1.0
326,208,18,2708,416,1074.44,106.46,1.0
327,119,17,2619,238,1074.4,91.89,1.0
328,182,18,2682,364,1074.4,98.02,1.0
329,193,19,2693,386,1074.4,109.15,1.0
330,180,16,2680,360,1074.39,89.32,1.0
331,285,22,2785,570,1074.35,107.22,1.0
332,173,16,2673,346,1074.26,97.12,1.0
333,138,21,2638,276,1074.23,86.09,1.0
334,253,23,2753,506,1074.22,86.08,1.0
335,227,18,2727,454,1074.17,103.91,1.0
336,289,21,2789,578,1074.11,110.24,1.0
337,285,19,2785,570,1074.08,106.51,1.0
338,28,16,2528,56,1074.04,71.76,1.0
339,28,19,2528,56,1074.02,66.46,1.0
340,193,18,2693,386,1073.97,107.71,1.0
341,279,19,2779,558,1073.95,98.47,1.0
342,90,18,2590,180,1073.91,78.79,1.0
343,125,18,2625,250,1073.89,84.8,1.0
344,205,19,2705,410,1073.84,89.25,1.0
345,118,17,2618,236,1073.82,88.46,1.0
346,300,20,2800,600,1073.76,120.42,1.0
347,184,17,2684,368,1073.64,110.24,1.0
348,298,22,2798,596,1073.42,106.95,1.0
349,205,22,2705,410,1073.34,81.64,1.0
350,16,17,2516,32,1073.28,65.46,1.0
351,232,20,2732,464,1073.23,104.6,1.0
352,233,20,2733,466,1073.2,97.98,1.0
353,83,17,2583,166,1072.96,86.05,1.0
354,62,16,2562,124,1072.94,87.73,1.0
355,107,18,2607,214,1072.93,82.3,1.0
356,222,25,2722,444,1072.82,81.19,1.0
357,231,19,2731,462,1072.82,88.92,1.0
358,263,26,2763,526,1072.81,87.9,1.0
359,83,19,2583,166,1072.8,81.81,1.0
360,219,18,2719,438,1072.64,95.85,1.0
361,205,21,2705,410,1072.63,81.85,1.0
362,273,20,2773,546,1072.63,110.46,1.0
363,118,21,2618,236,1072.6,88.01,1.0
364,242,22,2742,484,1072.6,117.85,1.0
365,285,25,2785,570,1072.6,97.17,1.0
366,150,18,2650,300,1072.57,98.33,1.0
367,237,19,2737,474,1072.55,124.84,1.0
368,2,16,2502,4,1072.54,65.54,1.0
369,247,19,2747,494,1072.53,102.25,1.0
370,288,25,2788,576,1072.52,99.02,1.0
371,116,19,2616,232,1072.5,82.68,1.0
372,289,26,2789,578,1072.5,90.0,1.0
373,30,18,2530,60,1072.43,66.97,1.0
374,126,17,2626,252,1072.4,81.78,1.0
375,165,18,2665,330,1072.39,92.92,1.0
376,227,19,2727,454,1072.35,107.2,1.0
377,163,21,2663,326,1072.3,86.47,1.0
378,247,21,2747,494,1072.29,106.94,1.0
379,26,16,2526,52,1072.26,70.31,1.0
380,104,17,2604,208,1072.12,86.53,1.0
381,140,20,2640,280,1072.04,84.9,1.0
382,190,21,2690,380,1071.82,89.1,1.0
383,246,19,2746,492,1071.81,93.2,1.0
384,85,19,2585,170,1071.75,95.57,1.0
385,190,20,2690,380,1071.71,84.82,1.0
386,206,21,2706,412,1071.71,88.53,1.0
387,248,22,2748,496,1071.68,92.55,1.0
388,126,18,2626,252,1071.54,80.39,1.0
389,149,22,2649,298,1071.52,84.06,1.0
390,212,19,2712,424,1071.52,98.98,1.0
391,215,17,2715,430,1071.36,102.86,1.0
392,223,22,2723,446,1071.35,99.75,1.0
393,153,18,2653,306,1071.32,93.94,1.0
394,227,17,2727,454,1071.27,103.84,1.0
395,135,19,2635,270,1071.06,84.71,1.0
396,203,22,2703,406,1071.03,94.95,1.0
397,299,27,2799,598,1071.02,87.68,1.0
398,222,17,2722,444,1070.88,112.82,1.0
399,135,21,2635,270,1070.86,76.63,1.0
400,199,22,2699,398,1070.81,92.15,1.0
401,289,25,2789,578,1070.79,96.58,1.0
402,116,16,2616,232,1070.68,83.31,1.0
403,2,14,2502,4,1070.65,70.28,1.0
404,167,19,2667,334,1070.62,84.0,1.0
405,125,17,2625,250,1070.6,76.73,1.0
406,140,16,2640,280,1070.58,83.42,1.0
407,248,20,2748,496,1070.54,106.64,1.0
408,81,18,2581,162,1070.49,80.02,1.0
409,277,19,2777,554,1070.47,96.29,1.0
410,263,19,2763,526,1070.44,119.75,1.0
411,203,19,2703,406,1070.32,93.9,1.0
412,124,20,2624,248,1070.3,69.0,1.0
413,137,19,2637,274,1070.26,83.8,1.0
414,138,16,2638,276,1070.25,102.78,1.0
415,33,20,2533,66,1070.24,63.62,1.0
416,263,18,2763,526,1070.24,120.16,1.0
417,88,19,2588,176,1070.23,71.4,1.0
418,165,20,2665,330,1070.2,89.94,1.0
419,129,19,2629,258,1070.18,87.0,1.0
420,112,20,2612,224,1070.16,75.23,1.0
421,162,21,2662,324,1070.09,96.26,1.0
422,260,19,2760,520,1070.09,110.65,1.0
423,104,16,2604,208,1070.04,89.07,1.0
424,137,17,2637,274,1070.04,82.88,1.0
425,215,18,2715,430,1070.03,103.66,1.0
426,162,20,2662,324,1070.01,92.2,1.0
427,26,17,2526,52,1069.98,69.67,1.0
428,98,19,2598,196,1069.98,79.28,1.0
429,194,21,2694,388,1069.96,85.43,1.0
430,204,25,2704,408,1069.94,89.82,1.0
431,113,20,2613,226,1069.88,78.33,1.0
432,277,17,2777,554,1069.86,111.53,1.0
433,292,23,2792,584,1069.84,97.89,1.0
434,262,22,2762,524,1069.83,95.09,1.0
435,278,24,2778,556,1069.82,85.1,1.0
436,265,22,2765,530,1069.76,97.54,1.0
437,242,21,2742,484,1069.74,118.94,1.0
438,264,19,2764,528,1069.72,100.84,1.0
439,62,17,2562,124,1069.67,85.72,1.0
440,242,18,2742,484,1069.6,112.46,1.0
441,174,18,2674,348,1069.59,89.83,1.0
442,200,23,2700,400,1069.58,75.24,1.0
443,251,20,2751,502,1069.54,114.33,1.0
444,284,22,2784,568,1069.54,103.78,1.0
445,135,18,2635,270,1069.53,90.41,1.0
446,246,17,2746,492,1069.53,108.94,1.0
447,167,18,2667,334,1069.52,91.53,1.0
448,184,21,2684,368,1069.52,104.06,1.0
449,253,22,2753,506,1069.5,86.92,1.0
450,245,23,2745,490,1069.47,95.8,1.0
451,79,18,2579,158,1069.41,87.11,1.0
452,215,22,2715,430,1069.4,89.46,1.0
453,119,22,2619,238,1069.25,78.16,1.0
454,206,20,2706,412,1069.23,91.73,1.0
455,177,24,2677,354,1069.14,74.52,1.0
456,2,17,2502,4,1069.01,67.88,1.0
457,54,20,2554,108,1068.98,69.78,1.0
458,25,19,2525,50,1068.96,64.62,1.0
459,270,21,2770,540,1068.96,95.76,1.0
460,62,19,2562,124,1068.95,71.51,1.0
461,169,21,2669,338,1068.91,89.07,1.0
462,183,15,2683,366,1068.91,109.67,1.0
463,195,20,2695,390,1068.91,92.55,1.0
464,181,21,2681,362,1068.86,89.78,1.0
465,140,19,2640,280,1068.84,81.19,1.0
466,158,19,2658,316,1068.83,87.91,1.0
467,239,16,2739,478,1068.81,113.15,1.0
468,200,17,2700,400,1068.78,97.46,1.0
469,296,18,2796,592,1068.73,122.59,1.0
470,102,18,2602,204,1068.63,78.1,1.0
471,203,20,2703,406,1068.55,90.35,1.0
472,233,19,2733,466,1068.55,102.92,1.0
473,137,18,2637,274,1068.5,89.79,1.0
474,140,22,2640,280,1068.5,74.88,1.0
475,172,20,2672,344,1068.5,89.94,1.0
476,219,23,2719,438,1068.49,82.98,1.0
477,276,24,2776,552,1068.46,95.91,1.0
478,283,20,2783,566,1068.45,121.04,1.0
479,184,16,2684,368,1068.44,105.5,1.0
480,47,17,2547,94,1068.4,64.08,1.0
481,206,22,2706,412,1068.4,89.48,1.0
482,277,18,2777,554,1068.36,105.1,1.0
483,135,22,2635,270,1068.35,73.91,1.0
484,211,23,2711,422,1068.35,89.61,1.0
485,283,19,2783,566,1068.31,112.39,1.0
486,41,18,2541,82,1068.27,70.99,1.0
487,202,19,2702,404,1068.25,97.56,1.0
488,102,17,2602,204,1068.23,84.92,1.0
489,229,22,2729,458,1068.2,91.24,1.0
490,300,21,2800,600,1068.2,110.44,1.0
491,289,20,2789,578,1068.16,122.27,1.0
492,230,19,2730,460,1068.11,101.94,1.0
493,268,23,2768,536,1068.11,99.3,1.0
494,300,25,2800,600,1068.07,98.55,1.0
495,12,17,2512,24,1068.06,63.01,1.0
496,253,20,2753,506,1067.99,96.58,1.0
497,178,24,2678,356,1067.98,93.66,1.0
498,211,22,2711,422,1067.94,91.42,1.0
499,290,17,2790,580,1067.94,126.88,1.0
500,182,19,2682,364,1067.91,90.1,1.0
501,231,24,2731,462,1067.89,78.73,1.0
502,181,20,2681,362,1067.78,91.09,1.0
503,29,16,2529,58,1067.75,67.38,1.0
504,43,16,2543,86,1067.6,78.4,1.0
505,276,19,2776,552,1067.59,97.24,1.0
506,119,19,2619,238,1067.54,83.41,1.0
507,294,21,2794,588,1067.52,104.48,1.0
508,177,17,2677,354,1067.5,84.74,1.0
509,272,20,2772,544,1067.5,110.67,1.0
510,284,18,2784,568,1067.49,111.68,1.0
511,277,24,2777,554,1067.48,109.28,1.0
512,255,22,2755,510,1067.47,103.37,1.0
513,116,20,2616,232,1067.46,81.31,1.0
514,173,22,2673,346,1067.38,79.06,1.0
515,288,22,2788,576,1067.35,98.63,1.0
516,148,16,2648,296,1067.34,97.12,1.0
517,162,19,2662,324,1067.32,110.98,1.0
518,211,19,2711,422,1067.31,99.34,1.0
519,284,21,2784,568,1067.26,116.63,1.0
520,140,17,2640,280,1067.19,89.24,1.0
521,73,18,2573,146,1067.13,70.83,1.0
522,276,17,2776,552,1067.13,102.91,1.0
523,165,19,2665,330,1067.07,94.55,1.0
524,116,22,2616,232,1067.06,74.77,1.0
525,29,17,2529,58,1066.95,67.82,1.0
526,279,21,2779,558,1066.91,103.72,1.0
527,2,18,2502,4,1066.88,69.29,1.0
528,110,20,2610,220,1066.88,87.92,1.0
529,242,25,2742,484,1066.87,102.57,1.0
530,174,19,2674,348,1066.82,87.9,1.0
531,232,22,2732,464,1066.82,103.4,1.0
532,288,24,2788,576,1066.8,105.38,1.0
533,199,24,2699,398,1066.68,84.56,1.0
534,126,19,2626,252,1066.59,79.54,1.0
535,202,17,2702,404,1066.56,94.09,1.0
536,238,20,2738,476,1066.52,100.33,1.0
537,294,24,2794,588,1066.52,96.47,1.0
538,110,18,2610,220,1066.51,93.83,1.0
539,163,20,2663,326,1066.48,96.19,1.0
540,219,22,2719,438,1066.42,89.1,1.0
541,43,17,2543,86,1066.4,74.23,1.0
542,85,15,2585,170,1066.38,88.65,1.0
543,266,22,2766,532,1066.38,93.55,1.0
544,279,22,2779,558,1066.37,96.87,1.0
545,129,21,2629,258,1066.33,83.15,1.0
546,219,21,2719,438,1066.27,87.34,1.0
547,284,20,2784,568,1066.22,97.35,1.0
548,19,17,2519,38,1066.16,73.23,1.0
549,135,20,2635,270,1066.14,80.91,1.0
550,24,17,2524,48,1066.09,65.32,1.0
551,76,20,2576,152,1066.07,67.83,1.0
552,265,20,2765,530,1066.05,103.59,1.0
553,16,15,2516,32,1066.04,68.6,1.0
554,67,17,2567,134,1066.03,74.36,1.0
555,284,25,2784,568,1065.93,93.15,1.0
556,265,26,2765,530,1065.89,83.79,1.0
557,226,18,2726,452,1065.86,92.93,1.0
558,245,18,2745,490,1065.79,103.42,1.0
559,228,21,2728,456,1065.76,92.35,1.0
560,288,21,2788,576,1065.75,102.85,1.0
561,113,22,2613,226,1065.74,78.75,1.0
562,147,18,2647,294,1065.7,89.71,1.0
563,187,16,2687,374,1065.65,101.93,1.0
564,162,22,2662,324,1065.64,87.39,1.0
565,124,19,2624,248,1065.57,68.9,1.0
566,180,23,2680,360,1065.43,83.39,1.0
567,107,20,2607,214,1065.42,85.58,1.0
568,247,22,2747,494,1065.42,108.84,1.0
569,41,16,2541,82,1065.38,65.62,1.0
570,260,18,2760,520,1065.36,113.34,1.0
571,148,23,2648,296,1065.3,75.42,1.0
572,294,20,2794,588,1065.29,109.67,1.0
573,98,20,2598,196,1065.27,81.06,1.0
574,255,23,2755,510,1065.22,93.15,1.0
575,268,24,2768,536,1065.21,95.88,1.0
576,12,15,2512,24,1065.19,68.24,1.0
577,250,21,2750,500,1065.19,110.18,1.0
578,252,16,2752,504,1065.18,110.55,1.0
579,242,23,2742,484,1065.07,111.54,1.0
580,104,19,2604,208,1065.02,73.12,1.0
581,299,19,2799,598,1065.01,114.93,1.0
582,54,21,2554,108,1064.95,71.28,1.0
583,179,18,2679,358,1064.82,96.2,1.0
584,89,18,2589,178,1064.81,80.31,1.0
585,141,19,2641,282,1064.8,83.95,1.0
586,67,19,2567,134,1064.75,72.62,1.0
587,281,20,2781,562,1064.74,95.76,1.0
588,41,19,2541,82,1064.68,65.87,1.0
589,116,17,2616,232,1064.6,94.48,1.0
590,174,20,2674,348,1064.6,90.95,1.0
591,224,16,2724,448,1064.54,118.26,1.0
592,194,23,2694,388,1064.53,83.19,1.0
593,24,16,2524,48,1064.5,68.6,1.0
594,241,23,2741,482,1064.49,94.56,1.0
595,90,16,2590,180,1064.48,82.14,1.0
596,94,17,2594,188,1064.48,82.89,1.0
597,225,22,2725,450,1064.44,88.18,1.0
598,124,21,2624,248,1064.4,73.43,1.0
599,259,19,2759,518,1064.38,97.16,1.0
600,85,21,2585,170,1064.36,83.72,1.0
601,150,19,2650,300,1064.33,94.52,1.0
602,123,21,2623,246,1064.32,88.44,1.0
603,241,21,2741,482,1064.32,97.63,1.0
604,160,19,2660,320,1064.3,86.21,1.0
605,202,16,2702,404,1064.26,99.64,1.0
606,285,20,2785,570,1064.14,108.0,1.0
607,271,21,2771,542,1064.12,96.78,1.0
608,274,21,2774,548,1064.1,106.54,1.0
609,254,21,2754,508,1064.05,101.12,1.0
610,60,14,2560,120,1064.0,86.27,1.0
611,299,18,2799,598,1064.0,119.77,1.0
612,233,18,2733,466,1063.99,103.52,1.0
613,270,23,2770,540,1063.99,98.91,1.0
614,251,19,2751,502,1063.98,107.4,1.0
615,28,15,2528,56,1063.96,77.16,1.0
616,182,22,2682,364,1063.96,85.38,1.0
617,62,18,2562,124,1063.95,77.51,1.0
618,88,17,2588,176,1063.95,75.59,1.0
619,227,25,2727,454,1063.9,87.11,1.0
620,202,18,2702,404,1063.86,104.57,1.0
621,220,20,2720,440,1063.83,101.58,1.0
622,126,16,2626,252,1063.8,89.68,1.0
623,129,16,2629,258,1063.8,84.29,1.0
624,183,14,2683,366,1063.78,101.72,1.0
625,187,17,2687,374,1063.78,104.68,1.0
626,208,21,2708,416,1063.78,92.39,1.0
627,285,23,2785,570,1063.7,105.57,1.0
628,146,21,2646,292,1063.68,91.75,1.0
629,245,24,2745,490,1063.66,96.61,1.0
630,296,24,2796,592,1063.65,104.39,1.0
631,276,18,2776,552,1063.64,109.71,1.0
632,300,22,2800,600,1063.63,103.41,1.0
633,273,21,2773,546,1063.53,101.43,1.0
634,138,22,2638,276,1063.51,82.52,1.0
635,292,21,2792,584,1063.48,108.62,1.0
636,71,17,2571,142,1063.4,85.1,1.0
637,236,20,2736,472,1063.38,98.06,1.0
638,83,16,2583,166,1063.23,81.18,1.0
639,238,19,2738,476,1063.22,99.85,1.0
640,207,19,2707,414,1063.2,103.41,1.0
641,89,17,2589,178,1063.19,80.01,1.0
642,153,16,2653,306,1063.16,102.78,1.0
643,231,17,2731,462,1063.12,92.5,1.0
644,181,22,2681,362,1063.1,84.72,1.0
645,248,18,2748,496,1063.06,106.1,1.0
646,238,24,2738,476,1063.04,87.15,1.0
647,69,17,2569,138,1063.0,81.08,1.0
648,215,20,2715,430,1062.95,99.31,1.0
649,88,20,2588,176,1062.9,72.58,1.0
650,118,18,2618,236,1062.83,86.63,1.0
651,164,16,2664,328,1062.83,100.44,1.0
652,125,16,2625,250,1062.82,88.38,1.0
653,71,20,2571,142,1062.81,79.31,1.0
654,139,19,2639,278,1062.8,87.48,1.0
655,80,18,2580,160,1062.79,80.04,1.0
656,23,19,2523,46,1062.76,64.07,1.0
657,189,20,2689,378,1062.76,87.83,1.0
658,171,20,2671,342,1062.72,87.08,1.0
659,28,20,2528,56,1062.7,69.01,1.0
660,183,24,2683,366,1062.68,83.74,1.0
661,239,25,2739,478,1062.6,90.8,1.0
662,60,20,2560,120,1062.59,73.96,1.0
663,220,19,2720,440,1062.57,105.69,1.0
664,223,19,2723,446,1062.57,101.82,1.0
665,248,24,2748,496,1062.57,100.59,1.0
666,211,25,2711,422,1062.53,86.95,1.0
667,25,15,2525,50,1062.5,71.62,1.0
668,76,21,2576,152,1062.48,71.26,1.0
669,107,19,2607,214,1062.48,84.95,1.0
670,217,21,2717,434,1062.47,93.62,1.0
671,67,16,2567,134,1062.42,76.71,1.0
672,112,19,2612,224,1062.41,83.32,1.0
673,107,17,2607,214,1062.39,86.57,1.0
674,211,21,2711,422,1062.38,89.51,1.0
675,179,20,2679,358,1062.35,91.59,1.0
676,206,23,2706,412,1062.29,92.96,1.0
677,253,24,2753,506,1062.26,84.07,1.0
678,143,15,2643,286,1062.21,102.73,1.0
679,113,21,2613,226,1062.18,79.35,1.0
680,195,21,2695,390,1062.11,91.67,1.0
681,214,22,2714,428,1062.1,96.46,1.0
682,108,17,2608,216,1062.02,82.18,1.0
683,264,22,2764,528,1061.96,88.35,1.0
684,300,24,2800,600,1061.96,95.66,1.0
685,260,22,2760,520,1061.88,110.47,1.0
686,30,19,2530,60,1061.86,67.95,1.0
687,265,19,2765,530,1061.81,113.09,1.0
688,265,24,2765,530,1061.78,91.22,1.0
689,211,18,2711,422,1061.74,105.58,1.0
690,222,26,2722,444,1061.66,86.85,1.0
691,111,19,2611,222,1061.56,80.9,1.0
692,126,23,2626,252,1061.56,73.22,1.0
693,255,19,2755,510,1061.55,106.23,1.0
694,23,18,2523,46,1061.51,66.34,1.0
695,79,17,2579,158,1061.51,84.27,1.0
696,140,23,2640,280,1061.48,69.86,1.0
697,28,14,2528,56,1061.47,69.25,1.0
698,242,24,2742,484,1061.45,109.37,1.0
699,202,20,2702,404,1061.42,97.56,1.0
700,167,23,2667,334,1061.38,82.07,1.0
701,93,21,2593,186,1061.34,72.29,1.0
702,287,16,2787,574,1061.27,116.58,1.0
703,283,22,2783,566,1061.24,124.51,1.0
704,228,19,2728,456,1061.23,99.62,1.0
705,205,18,2705,410,1061.2,95.36,1.0
706,126,22,2626,252,1061.19,74.09,1.0
707,69,19,2569,138,1061.16,80.99,1.0
708,76,18,2576,152,1061.13,71.36,1.0
709,283,23,2783,566,1061.12,111.02,1.0
710,217,19,2717,434,1061.09,90.53,1.0
711,194,16,2694,388,1061.02,99.31,1.0
712,146,19,2646,292,1060.98,92.2,1.0
713,300,19,2800,600,1060.97,118.67,1.0
714,102,19,2602,204,1060.92,76.37,1.0
715,169,19,2669,338,1060.92,87.24,1.0
716,92,20,2592,184,1060.9,78.09,1.0
717,193,23,2693,386,1060.9,93.29,1.0
718,121,19,2621,242,1060.87,83.24,1.0
719,16,16,2516,32,1060.86,64.96,1.0
720,182,21,2682,364,1060.81,84.94,1.0
721,264,21,2764,528,1060.81,98.94,1.0
722,250,23,2750,500,1060.73,105.16,1.0
723,245,22,2745,490,1060.68,94.6,1.0
724,14,19,2514,28,1060.66,61.47,1.0
725,232,18,2732,464,1060.62,101.69,1.0
726,147,19,2647,294,1060.6,90.5,1.0
727,238,25,2738,476,1060.56,92.67,1.0
728,181,18,2681,362,1060.54,97.55,1.0
729,125,20,2625,250,1060.51,76.02,1.0
730,268,20,2768,536,1060.51,104.83,1.0
731,274,20,2774,548,1060.47,106.02,1.0
732,158,17,2658,316,1060.46,101.88,1.0
733,89,19,2589,178,1060.44,81.32,1.0
734,12,16,2512,24,1060.35,65.71,1.0
735,232,19,2732,464,1060.33,109.48,1.0
736,262,19,2762,524,1060.3,98.55,1.0
737,275,20,2775,550,1060.3,122.56,1.0
738,163,19,2663,326,1060.28,95.56,1.0
739,276,25,2776,552,1060.28,95.46,1.0
740,164,17,2664,328,1060.24,92.9,1.0
741,178,23,2678,356,1060.15,99.88,1.0
742,250,24,2750,500,1060.13,95.22,1.0
743,43,15,2543,86,1060.04,82.02,1.0
744,79,19,2579,158,1060.01,81.62,1.0
745,225,18,2725,450,1060.0,108.54,1.0
746,200,16,2700,400,1059.98,101.98,1.0
747,247,18,2747,494,1059.98,105.12,1.0
748,33,14,2533,66,1059.96,70.03,1.0
749,47,15,2547,94,1059.96,74.52,1.0
750,215,21,2715,430,1059.96,80.88,1.0
751,116,18,2616,232,1059.94,89.11,1.0
752,16,18,2516,32,1059.93,65.89,1.0
753,85,22,2585,170,1059.93,74.41,1.0
754,121,17,2621,242,1059.92,91.43,1.0
755,160,20,2660,320,1059.88,85.82,1.0
756,47,20,2547,94,1059.86,60.7,1.0
757,26,18,2526,52,1059.86,64.02,1.0
758,268,19,2768,536,1059.84,108.56,1.0
759,150,20,2650,300,1059.83,98.5,1.0
760,30,20,2530,60,1059.8,61.2,1.0
761,137,20,2637,274,1059.79,82.85,1.0
762,279,17,2779,558,1059.79,114.21,1.0
763,80,19,2580,160,1059.76,85.67,1.0
764,205,17,2705,410,1059.75,94.18,1.0
765,179,19,2679,358,1059.74,93.36,1.0
766,254,17,2754,508,1059.74,108.35,1.0
767,15,17,2515,30,1059.73,65.71,1.0
768,226,20,2726,452,1059.73,96.79,1.0
769,254,19,2754,508,1059.68,100.73,1.0
770,206,24,2706,412,1059.64,88.96,1.0
771,278,25,2778,556,1059.62,87.45,1.0
772,114,16,2614,228,1059.6,84.51,1.0
773,73,17,2573,146,1059.59,79.21,1.0
774,147,20,2647,294,1059.58,86.65,1.0
775,171,21,2671,342,1059.54,91.46,1.0
776,264,20,2764,528,1059.53,96.34,1.0
777,83,20,2583,166,1059.52,75.89,1.0
778,275,19,2775,550,1059.51,109.89,1.0
779,206,18,2706,412,1059.47,92.34,1.0
780,14,18,2514,28,1059.4,61.9,1.0
781,218,19,2718,436,1059.4,101.82,1.0
782,242,20,2742,484,1059.4,117.38,1.0
783,270,22,2770,540,1059.4,95.01,1.0
784,30,15,2530,60,1059.36,73.74,1.0
785,82,18,2582,164,1059.36,75.66,1.0
786,19,18,2519,38,1059.35,65.11,1.0
787,189,22,2689,378,1059.34,86.19,1.0
788,109,18,2609,218,1059.28,83.07,1.0
789,169,20,2669,338,1059.18,95.22,1.0
790,271,23,2771,542,1059.18,86.93,1.0
791,15,18,2515,30,1059.17,59.91,1.0
792,208,22,2708,416,1059.09,94.34,1.0
793,113,15,2613,226,1059.06,95.57,1.0
794,274,19,2774,548,1059.05,101.33,1.0
795,158,22,2658,316,1059.0,87.92,1.0
796,147,21,2647,294,1058.97,78.95,1.0
797,253,25,2753,506,1058.96,79.87,1.0
798,244,21,2744,488,1058.95,107.42,1.0
799,268,22,2768,536,1058.89,98.84,1.0
800,203,16,2703,406,1058.87,115.36,1.0
801,158,23,2658,316,1058.86,89.24,1.0
802,291,18,2791,582,1058.86,124.0,1.0
803,108,18,2608,216,1058.76,76.2,1.0
804,43,19,2543,86,1058.74,69.67,1.0
805,72,17,2572,144,1058.73,78.4,1.0
806,81,20,2581,162,1058.69,69.34,1.0
807,178,15,2678,356,1058.69,94.52,1.0
808,141,18,2641,282,1058.67,83.21,1.0
809,112,21,2612,224,1058.66,74.73,1.0
810,193,17,2693,386,1058.65,118.47,1.0
811,47,19,2547,94,1058.63,63.68,1.0
812,49,19,2549,98,1058.57,70.18,1.0
813,90,19,2590,180,1058.57,78.24,1.0
814,247,25,2747,494,1058.57,95.42,1.0
815,233,24,2733,466,1058.54,101.96,1.0
816,252,24,2752,504,1058.53,94.21,1.0
817,219,17,2719,438,1058.5,98.41,1.0
818,187,20,2687,374,1058.47,97.33,1.0
819,264,18,2764,528,1058.47,104.31,1.0
820,216,16,2716,432,1058.45,99.77,1.0
821,253,21,2753,506,1058.45,92.04,1.0
822,112,18,2612,224,1058.42,83.02,1.0
823,192,20,2692,384,1058.39,91.77,1.0
824,292,24,2792,584,1058.38,91.5,1.0
825,208,20,2708,416,1058.37,101.68,1.0
826,189,21,2689,378,1058.32,92.0,1.0
827,266,21,2766,532,1058.24,103.73,1.0
828,261,19,2761,522,1058.24,112.75,1.0
829,278,17,2778,556,1058.22,114.45,1.0
830,199,25,2699,398,1058.2,75.78,1.0
831,192,19,2692,384,1058.17,95.37,1.0
832,93,19,2593,186,1058.15,81.85,1.0
833,16,19,2516,32,1058.13,63.14,1.0
834,16,20,2516,32,1058.1,61.94,1.0
835,189,23,2689,378,1058.06,81.24,1.0
836,251,23,2751,502,1058.02,95.47,1.0
837,233,23,2733,466,1058.01,98.83,1.0
838,67,20,2567,134,1058.0,72.08,1.0
839,131,21,2631,262,1058.0,72.02,1.0
840,158,18,2658,316,1058.0,101.47,1.0
841,244,20,2744,488,1058.0,111.38,1.0
842,287,26,2787,574,1057.99,98.39,1.0
843,49,17,2549,98,1057.88,69.01,1.0
844,286,23,2786,572,1057.86,97.13,1.0
845,182,17,2682,364,1057.84,102.13,1.0
846,238,22,2738,476,1057.84,88.53,1.0
847,213,21,2713,426,1057.82,108.37,1.0
848,71,16,2571,142,1057.81,77.69,1.0
849,191,22,2691,382,1057.81,82.3,1.0
850,3,16,2503,6,1057.76,67.9,1.0
851,109,19,2609,218,1057.74,84.51,1.0
852,228,22,2728,456,1057.74,99.74,1.0
853,265,23,2765,530,1057.72,93.54,1.0
854,82,20,2582,164,1057.7,75.83,1.0
855,100,18,2600,200,1057.66,80.85,1.0
856,142,20,2642,284,1057.66,92.24,1.0
857,272,24,2772,544,1057.62,94.41,1.0
858,288,26,2788,576,1057.61,93.9,1.0
859,83,15,2583,166,1057.6,85.73,1.0
860,88,16,2588,176,1057.59,80.38,1.0
861,174,21,2674,348,1057.59,82.26,1.0
862,244,19,2744,488,1057.56,115.2,1.0
863,172,22,2672,344,1057.54,98.91,1.0
864,114,18,2614,228,1057.53,81.55,1.0
865,194,19,2694,388,1057.51,90.42,1.0
866,118,14,2618,236,1057.48,92.89,1.0
867,2,13,2502,4,1057.43,75.9,1.0
868,254,23,2754,508,1057.43,93.52,1.0
869,291,23,2791,582,1057.43,115.64,1.0
870,217,22,2717,434,1057.41,92.74,1.0
871,298,19,2798,596,1057.37,104.69,1.0
872,85,14,2585,170,1057.31,87.23,1.0
873,270,19,2770,540,1057.28,113.7,1.0
874,223,20,2723,446,1057.26,101.18,1.0
875,109,17,2609,218,1057.23,90.48,1.0
876,164,18,2664,328,1057.19,92.01,1.0
877,73,16,2573,146,1057.16,81.87,1.0
878,234,24,2734,468,1057.15,100.75,1.0
879,241,17,2741,482,1057.08,112.73,1.0
880,286,22,2786,572,1057.08,93.9,1.0
881,119,16,2619,238,1057.02,91.59,1.0
882,125,21,2625,250,1056.99,68.74,1.0
883,121,15,2621,242,1056.97,93.32,1.0
884,242,19,2742,484,1056.94,118.86,1.0
885,100,20,2600,200,1056.92,73.58,1.0
886,294,25,2794,588,1056.91,91.72,1.0
887,79,16,2579,158,1056.89,82.95,1.0
888,143,14,2643,286,1056.86,102.51,1.0
889,262,23,2762,524,1056.78,97.5,1.0
890,143,23,2643,286,1056.76,80.43,1.0
891,23,20,2523,46,1056.75,57.55,1.0
892,167,17,2667,334,1056.72,95.2,1.0
893,121,21,2621,242,1056.7,80.19,1.0
894,154,19,2654,308,1056.68,87.9,1.0
895,204,16,2704,408,1056.68,116.81,1.0
896,161,19,2661,322,1056.66,92.93,1.0
897,262,20,2762,524,1056.66,94.7,1.0
898,43,20,2543,86,1056.65,79.84,1.0
899,281,21,2781,562,1056.64,106.86,1.0
900,216,18,2716,432,1056.63,90.7,1.0
901,213,22,2713,426,1056.6,95.73,1.0
902,138,23,2638,276,1056.59,80.0,1.0
903,295,24,2795,590,1056.58,103.11,1.0
904,24,15,2524,48,1056.54,75.66,1.0
905,248,23,2748,496,1056.49,94.93,1.0
906,79,20,2579,158,1056.47,75.22,1.0
907,201,21,2701,402,1056.45,97.06,1.0
908,74,19,2574,148,1056.44,77.74,1.0
909,279,23,2779,558,1056.44,109.05,1.0
910,240,23,2740,480,1056.4,94.72,1.0
911,69,18,2569,138,1056.36,79.66,1.0
912,174,17,2674,348,1056.36,89.18,1.0
913,141,20,2641,282,1056.31,77.74,1.0
914,273,23,2773,546,1056.3,103.68,1.0
915,248,16,2748,496,1056.29,100.41,1.0
916,263,27,2763,526,1056.24,89.57,1.0
917,49,18,2549,98,1056.22,70.21,1.0
918,137,16,2637,274,1056.18,92.48,1.0
919,277,25,2777,554,1056.15,98.21,1.0
920,114,17,2614,228,1056.14,76.49,1.0
921,289,18,2789,578,1056.14,114.33,1.0
922,251,22,2751,502,1056.12,110.52,1.0
923,261,22,2761,522,1056.1,100.2,1.0
924,217,20,2717,434,1056.08,95.53,1.0
925,266,23,2766,532,1056.08,89.98,1.0
926,213,20,2713,426,1056.07,94.59,1.0
927,115,17,2615,230,1056.03,79.32,1.0
928,76,15,2576,152,1055.97,75.61,1.0
929,265,25,2765,530,1055.96,85.54,1.0
930,46,17,2546,92,1055.93,73.47,1.0
931,146,17,2646,292,1055.88,91.08,1.0
932,228,18,2728,456,1055.86,113.65,1.0
933,234,21,2734,468,1055.84,109.02,1.0
934,211,20,2711,422,1055.8,96.22,1.0
935,289,27,2789,578,1055.79,86.58,1.0
936,173,23,2673,346,1055.73,83.46,1.0
937,181,17,2681,362,1055.72,99.85,1.0
938,144,17,2644,288,1055.7,95.43,1.0
939,171,17,2671,342,1055.7,96.77,1.0
940,109,21,2609,218,1055.66,86.7,1.0
941,266,20,2766,532,1055.61,114.4,1.0
942,154,17,2654,308,1055.57,97.55,1.0
943,283,24,2783,566,1055.56,112.9,1.0
944,278,26,2778,556,1055.54,84.06,1.0
945,150,21,2650,300,1055.47,90.46,1.0
946,273,24,2773,546,1055.47,83.53,1.0
947,4,18,2504,8,1055.44,63.59,1.0
948,220,21,2720,440,1055.44,99.65,1.0
949,250,22,2750,500,1055.44,100.02,1.0
950,109,16,2609,218,1055.38,85.14,1.0
951,235,21,2735,470,1055.38,96.65,1.0
952,251,24,2751,502,1055.37,105.53,1.0
953,29,15,2529,58,1055.29,70.96,1.0
954,231,25,2731,462,1055.28,75.41,1.0
955,271,20,2771,542,1055.28,97.73,1.0
956,107,21,2607,214,1055.26,81.02,1.0
957,274,18,2774,548,1055.26,104.72,1.0
958,299,17,2799,598,1055.26,114.69,1.0
959,77,17,2577,154,1055.23,75.08,1.0
960,136,20,2636,272,1055.19,79.03,1.0
961,94,16,2594,188,1055.15,96.65,1.0
962,200,25,2700,400,1055.14,73.46,1.0
963,165,17,2665,330,1055.11,98.6,1.0
964,123,22,2623,246,1055.1,78.74,1.0
965,272,21,2772,544,1055.1,111.38,1.0
966,34,18,2534,68,1055.0,67.68,1.0
967,46,18,2546,92,1054.9,71.26,1.0
968,200,15,2700,400,1054.84,98.26,1.0
969,92,19,2592,184,1054.8,78.23,1.0
970,151,21,2651,302,1054.74,83.46,1.0
971,162,18,2662,324,1054.74,99.87,1.0
972,4,17,2504,8,1054.73,65.03,1.0
973,276,16,2776,552,1054.71,118.96,1.0
974,142,19,2642,284,1054.7,94.79,1.0
975,199,14,2699,398,1054.7,116.3,1.0
976,225,20,2725,450,1054.7,103.69,1.0
977,265,18,2765,530,1054.7,107.68,1.0
978,147,22,2647,294,1054.69,79.53,1.0
979,223,23,2723,446,1054.65,98.75,1.0
980,224,17,2724,448,1054.64,114.67,1.0
981,245,25,2745,490,1054.63,91.29,1.0
982,146,20,2646,292,1054.59,95.56,1.0
983,177,15,2677,354,1054.58,95.22,1.0
984,206,17,2706,412,1054.56,99.41,1.0
985,60,13,2560,120,1054.54,83.81,1.0
986,154,21,2654,308,1054.54,88.55,1.0
987,83,21,2583,166,1054.51,76.58,1.0
988,194,24,2694,388,1054.51,79.94,1.0
989,113,23,2613,226,1054.49,78.94,1.0
990,43,18,2543,86,1054.46,73.67,1.0
991,142,18,2642,284,1054.45,91.72,1.0
992,206,19,2706,412,1054.44,98.0,1.0
993,108,19,2608,216,1054.38,77.2,1.0
994,298,23,2798,596,1054.37,105.88,1.0
995,114,20,2614,228,1054.33,80.44,1.0
996,234,19,2734,468,1054.32,103.61,1.0
997,111,16,2611,222,1054.3,80.74,1.0
998,215,23,2715,430,1054.28,87.85,1.0
999,292,19,2792,584,1054.28,120.67,1.0
1000,218,18,2718,436,1054.27,110.14,1.0
1001,251,18,2751,502,1054.23,105.54,1.0
1002,111,18,2611,222,1054.16,81.46,1.0
1003,72,18,2572,144,1054.13,80.11,1.0
1004,147,16,2647,294,1054.11,90.17,1.0
1005,137,21,2637,274,1054.09,76.83,1.0
1006,159,17,2659,318,1054.08,105.49,1.0
1007,77,18,2577,154,1054.04,69.08,1.0
1008,229,21,2729,458,1054.02,99.13,1.0
1009,131,20,2631,262,1053.97,73.63,1.0
1010,176,20,2676,352,1053.97,85.36,1.0
1011,193,16,2693,386,1053.96,120.4,1.0
1012,139,20,2639,278,1053.94,81.93,1.0
1013,80,21,2580,160,1053.92,81.38,1.0
1014,162,23,2662,324,1053.92,87.68,1.0
1015,159,18,2659,318,1053.89,92.51,1.0
1016,279,18,2779,558,1053.89,118.15,1.0
1017,192,17,2692,384,1053.84,96.94,1.0
1018,80,20,2580,160,1053.8,78.0,1.0
1019,251,17,2751,502,1053.8,117.31,1.0
1020,29,18,2529,58,1053.76,67.92,1.0
1021,199,15,2699,398,1053.76,99.2,1.0
1022,181,19,2681,362,1053.74,102.08,1.0
1023,147,17,2647,294,1053.73,90.66,1.0
1024,246,25,2746,492,1053.72,97.35,1.0
1025,241,24,2741,482,1053.68,95.62,1.0
1026,105,19,2605,210,1053.61,81.26,1.0
1027,247,23,2747,494,1053.6,107.19,1.0
1028,164,20,2664,328,1053.59,93.42,1.0
1029,179,17,2679,358,1053.57,99.19,1.0
1030,203,17,2703,406,1053.49,104.29,1.0
1031,232,23,2732,464,1053.47,99.25,1.0
1032,110,21,2610,220,1053.46,80.21,1.0
1033,16,14,2516,32,1053.45,74.63,1.0
1034,150,17,2650,300,1053.44,96.2,1.0
1035,153,20,2653,306,1053.43,88.39,1.0
1036,254,20,2754,508,1053.42,103.85,1.0
1037,102,20,2602,204,1053.4,76.81,1.0
1038,110,17,2610,220,1053.38,96.68,1.0
1039,256,15,2756,512,1053.36,128.04,1.0
1040,187,19,2687,374,1053.34,106.45,1.0
1041,24,19,2524,48,1053.31,61.45,1.0
1042,49,20,2549,98,1053.26,63.28,1.0
1043,287,27,2787,574,1053.21,97.81,1.0
1044,124,18,2624,248,1053.17,80.47,1.0
1045,28,13,2528,56,1053.16,76.34,1.0
1046,229,19,2729,458,1053.16,114.38,1.0
1047,283,16,2783,566,1053.15,131.11,1.0
1048,23,15,2523,46,1053.11,76.22,1.0
1049,250,20,2750,500,1053.11,110.4,1.0
1050,271,22,2771,542,1053.05,88.4,1.0
1051,47,18,2547,94,1053.03,64.23,1.0
1052,151,20,2651,302,1053.02,86.68,1.0
1053,100,15,2600,200,1053.0,83.91,1.0
1054,243,21,2743,486,1052.99,111.55,1.0
1055,0,16,2500,0,1052.92,65.04,1.0
1056,135,23,2635,270,1052.92,73.67,1.0
1057,69,20,2569,138,1052.87,76.49,1.0
1058,139,17,2639,278,1052.87,84.39,1.0
1059,81,19,2581,162,1052.84,79.84,1.0
1060,255,17,2755,510,1052.82,104.02,1.0
1061,208,16,2708,416,1052.81,105.22,1.0
1062,71,21,2571,142,1052.76,71.63,1.0
1063,90,17,2590,180,1052.75,79.03,1.0
1064,171,16,2671,342,1052.68,85.68,1.0
1065,238,17,2738,476,1052.65,99.39,1.0
1066,68,19,2568,136,1052.62,70.0,1.0
1067,298,25,2798,596,1052.61,91.1,1.0
1068,277,16,2777,554,1052.6,123.7,1.0
1069,15,19,2515,30,1052.56,57.05,1.0
1070,273,18,2773,546,1052.56,114.61,1.0
1071,267,23,2767,534,1052.52,88.73,1.0
1072,111,20,2611,222,1052.5,74.97,1.0
1073,236,21,2736,472,1052.49,101.57,1.0
1074,125,22,2625,250,1052.48,67.7,1.0
1075,62,20,2562,124,1052.42,71.52,1.0
1076,22,18,2522,44,1052.4,65.12,1.0
1077,267,20,2767,534,1052.4,103.25,1.0
1078,132,21,2632,264,1052.37,76.01,1.0
1079,54,15,2554,108,1052.36,81.57,1.0
1080,190,18,2690,380,1052.36,90.88,1.0
1081,273,25,2773,546,1052.36,98.76,1.0
1082,226,17,2726,452,1052.32,98.2,1.0
1083,235,18,2735,470,1052.31,106.52,1.0
1084,3,18,2503,6,1052.3,66.53,1.0
1085,198,19,2698,396,1052.24,96.66,1.0
1086,30,14,2530,60,1052.21,76.98,1.0
1087,77,15,2577,154,1052.21,80.68,1.0
1088,72,16,2572,144,1052.2,79.01,1.0
1089,93,18,2593,186,1052.18,69.97,1.0
1090,0,18,2500,0,1052.17,61.74,1.0
1091,254,22,2754,508,1052.14,102.81,1.0
1092,255,25,2755,510,1052.11,86.05,1.0
1093,115,20,2615,230,1052.08,84.16,1.0
1094,159,23,2659,318,1052.08,91.4,1.0
1095,238,18,2738,476,1052.04,108.13,1.0
1096,22,17,2522,44,1052.02,68.48,1.0
1097,74,17,2574,148,1052.02,74.74,1.0
1098,99,19,2599,198,1052.01,82.65,1.0
1099,204,17,2704,408,1052.0,102.46,1.0
1100,226,19,2726,452,1052.0,101.27,1.0
1101,14,17,2514,28,1051.99,73.22,1.0
1102,108,20,2608,216,1051.98,77.26,1.0
1103,81,21,2581,162,1051.96,70.75,1.0
1104,129,15,2629,258,1051.92,93.36,1.0
1105,164,19,2664,328,1051.9,96.23,1.0
1106,82,19,2582,164,1051.89,78.22,1.0
1107,256,26,2756,512,1051.88,83.65,1.0
1108,98,22,2598,196,1051.87,78.03,1.0
1109,282,23,2782,564,1051.85,108.74,1.0
1110,76,22,2576,152,1051.84,72.67,1.0
1111,169,18,2669,338,1051.84,103.2,1.0
1112,153,15,2653,306,1051.74,97.29,1.0
1113,269,22,2769,538,1051.72,99.93,1.0
1114,81,17,2581,162,1051.71,77.27,1.0
1115,197,20,2697,394,1051.66,87.55,1.0
1116,98,21,2598,196,1051.62,82.21,1.0
1117,115,18,2615,230,1051.62,84.98,1.0
1118,283,25,2783,566,1051.6,93.46,1.0
1119,121,16,2621,242,1051.58,103.03,1.0
1120,216,21,2716,432,1051.58,97.68,1.0
1121,266,17,2766,532,1051.58,115.21,1.0
1122,94,18,2594,188,1051.53,91.95,1.0
1123,217,17,2717,434,1051.53,104.03,1.0
1124,283,17,2783,566,1051.53,123.87,1.0
1125,262,21,2762,524,1051.51,100.79,1.0
1126,275,22,2775,550,1051.51,102.5,1.0
1127,26,14,2526,52,1051.5,66.39,1.0
1128,275,21,2775,550,1051.5,109.19,1.0
1129,89,16,2589,178,1051.46,88.98,1.0
1130,292,18,2792,584,1051.46,119.19,1.0
1131,169,17,2669,338,1051.36,98.92,1.0
1132,154,18,2654,308,1051.32,88.97,1.0
1133,12,18,2512,24,1051.31,65.13,1.0
1134,33,21,2533,66,1051.3,65.02,1.0
1135,3,15,2503,6,1051.3,73.53,1.0
1136,125,14,2625,250,1051.3,90.26,1.0
1137,159,20,2659,318,1051.26,94.96,1.0
1138,208,17,2708,416,1051.25,99.2,1.0
1139,238,21,2738,476,1051.24,110.63,1.0
1140,100,21,2600,200,1051.22,83.89,1.0
1141,261,20,2761,522,1051.21,114.81,1.0
1142,220,22,2720,440,1051.17,91.17,1.0
1143,229,23,2729,458,1051.17,93.41,1.0
1144,214,19,2714,428,1051.14,107.32,1.0
1145,60,21,2560,120,1051.08,71.48,1.0
1146,216,22,2716,432,1051.04,84.59,1.0
1147,228,20,2728,456,1051.04,103.14,1.0
1148,243,22,2743,486,1051.04,112.14,1.0
1149,288,18,2788,576,1051.04,109.47,1.0
1150,174,22,2674,348,1051.01,81.99,1.0
1151,191,23,2691,382,1051.01,82.08,1.0
1152,127,19,2627,254,1051.0,79.29,1.0
1153,218,17,2718,436,1051.0,101.04,1.0
1154,154,20,2654,308,1050.99,87.75,1.0
1155,172,16,2672,344,1050.94,90.62,1.0
1156,114,21,2614,228,1050.91,77.17,1.0
1157,146,16,2646,292,1050.91,104.68,1.0
1158,212,18,2712,424,1050.88,109.85,1.0
1159,261,24,2761,522,1050.86,89.82,1.0
1160,215,19,2715,430,1050.84,99.06,1.0
1161,237,16,2737,474,1050.84,120.19,1.0
1162,46,16,2546,92,1050.83,73.51,1.0
1163,88,21,2588,176,1050.83,67.1,1.0
1164,150,22,2650,300,1050.8,87.42,1.0
1165,97,19,2597,194,1050.78,82.78,1.0
1166,19,19,2519,38,1050.76,67.51,1.0
1167,224,25,2724,448,1050.72,89.49,1.0
1168,70,18,2570,140,1050.69,77.41,1.0
1169,267,22,2767,534,1050.69,95.16,1.0
1170,295,23,2795,590,1050.66,104.7,1.0
1171,184,22,2684,368,1050.64,97.32,1.0
1172,203,18,2703,406,1050.63,99.68,1.0
1173,73,19,2573,146,1050.6,69.91,1.0
1174,155,19,2655,310,1050.57,94.06,1.0
1175,93,17,2593,186,1050.54,85.75,1.0
1176,281,23,2781,562,1050.54,99.16,1.0
1177,290,27,2790,580,1050.53,98.41,1.0
1178,266,18,2766,532,1050.5,110.19,1.0
1179,90,20,2590,180,1050.48,78.92,1.0
1180,100,19,2600,200,1050.45,83.43,1.0
1181,224,15,2724,448,1050.43,125.84,1.0
1182,112,16,2612,224,1050.39,87.35,1.0
1183,15,15,2515,30,1050.38,69.31,1.0
1184,298,18,2798,596,1050.38,114.23,1.0
1185,24,18,2524,48,1050.35,63.03,1.0
1186,161,20,2661,322,1050.34,91.56,1.0
1187,88,15,2588,176,1050.32,80.05,1.0
1188,286,19,2786,572,1050.3,102.18,1.0
1189,33,13,2533,66,1050.29,69.1,1.0
1190,292,25,2792,584,1050.28,92.66,1.0
1191,197,22,2697,394,1050.26,83.72,1.0
1192,296,17,2796,592,1050.25,113.65,1.0
1193,273,17,2773,546,1050.23,113.21,1.0
1194,131,19,2631,262,1050.17,79.37,1.0
1195,235,20,2735,470,1050.12,104.57,1.0
1196,284,19,2784,568,1050.11,112.3,1.0
1197,179,21,2679,358,1050.1,97.58,1.0
1198,197,21,2697,394,1050.07,88.63,1.0
1199,207,22,2707,414,1050.06,98.93,1.0
1200,261,21,2761,522,1050.04,104.72,1.0
1201,218,21,2718,436,1050.03,101.32,1.0
1202,47,21,2547,94,1050.02,62.89,1.0
1203,272,23,2772,544,1050.02,94.73,1.0
1204,272,22,2772,544,1050.0,114.9,1.0
1205,191,20,2691,382,1049.96,95.77,1.0
1206,238,23,2738,476,1049.9,96.72,1.0
1207,102,15,2602,204,1049.88,82.93,1.0
1208,164,23,2664,328,1049.87,81.99,1.0
1209,77,20,2577,154,1049.86,68.52,1.0
1210,16,21,2516,32,1049.85,62.83,1.0
1211,104,20,2604,208,1049.85,86.22,1.0
1212,110,19,2610,220,1049.85,92.06,1.0
1213,234,16,2734,468,1049.8,115.17,1.0
1214,232,17,2732,464,1049.78,111.6,1.0
1215,130,19,2630,260,1049.74,87.64,1.0
1216,153,22,2653,306,1049.73,82.73,1.0
1217,248,17,2748,496,1049.73,99.62,1.0
1218,107,16,2607,214,1049.68,79.66,1.0
1219,171,22,2671,342,1049.68,93.41,1.0
1220,180,24,2680,360,1049.68,82.33,1.0
1221,70,16,2570,140,1049.64,82.83,1.0
1222,139,18,2639,278,1049.63,85.21,1.0
1223,41,15,2541,82,1049.61,66.36,1.0
1224,230,21,2730,460,1049.6,102.88,1.0
1225,284,26,2784,568,1049.53,101.87,1.0
1226,207,20,2707,414,1049.52,89.01,1.0
1227,171,23,2671,342,1049.46,87.81,1.0
1228,64,19,2564,128,1049.4,62.67,1.0
1229,104,15,2604,208,1049.4,96.61,1.0
1230,114,19,2614,228,1049.37,80.33,1.0
1231,225,17,2725,450,1049.35,99.05,1.0
1232,109,22,2609,218,1049.33,74.88,1.0
1233,0,17,2500,0,1049.32,57.73,1.0
1234,76,17,2576,152,1049.28,75.41,1.0
1235,217,23,2717,434,1049.27,93.82,1.0
1236,222,15,2722,444,1049.24,125.77,1.0
1237,149,19,2649,298,1049.22,97.51,1.0
1238,255,24,2755,510,1049.22,90.8,1.0
1239,65,19,2565,130,1049.21,69.44,1.0
1240,14,16,2514,28,1049.2,65.98,1.0
1241,7,19,2507,14,1049.2,64.66,1.0
1242,0,19,2500,0,1049.19,51.49,1.0
1243,5,17,2505,10,1049.16,63.03,1.0
1244,216,19,2716,432,1049.16,92.15,1.0
1245,12,19,2512,24,1049.14,61.06,1.0
1246,127,16,2627,254,1049.14,93.46,1.0
1247,129,22,2629,258,1049.14,78.23,1.0
1248,14,20,2514,28,1049.12,68.74,1.0
1249,234,18,2734,468,1049.12,115.17,1.0
1250,211,24,2711,422,1049.09,90.39,1.0
1251,191,17,2691,382,1049.06,94.18,1.0
1252,24,14,2524,48,1049.0,71.7,1.0
1253,179,22,2679,358,1048.99,86.95,1.0
1254,171,18,2671,342,1048.97,95.14,1.0
1255,226,21,2726,452,1048.97,101.26,1.0
1256,227,16,2727,454,1048.97,113.81,1.0
1257,5,18,2505,10,1048.95,62.61,1.0
1258,237,17,2737,474,1048.94,108.72,1.0
1259,25,14,2525,50,1048.92,74.83,1.0
1260,226,22,2726,452,1048.92,87.64,1.0
1261,132,20,2632,264,1048.88,81.21,1.0
1262,118,22,2618,236,1048.86,76.46,1.0
1263,252,25,2752,504,1048.86,102.34,1.0
1264,274,24,2774,548,1048.86,102.84,1.0
1265,132,18,2632,264,1048.79,82.77,1.0
1266,163,18,2663,326,1048.78,87.2,1.0
1267,55,17,2555,110,1048.73,72.01,1.0
1268,201,20,2701,402,1048.73,95.61,1.0
1269,219,24,2719,438,1048.73,89.77,1.0
1270,77,16,2577,154,1048.72,75.75,1.0
1271,14,14,2514,28,1048.71,75.28,1.0
1272,298,26,2798,596,1048.67,100.05,1.0
1273,193,24,2693,386,1048.66,96.17,1.0
1274,39,19,2539,78,1048.62,76.29,1.0
1275,153,21,2653,306,1048.62,85.33,1.0
1276,260,17,2760,520,1048.62,112.61,1.0
1277,252,15,2752,504,1048.62,102.91,1.0
1278,46,15,2546,92,1048.6,81.39,1.0
1279,233,17,2733,466,1048.59,118.52,1.0
1280,271,18,2771,542,1048.51,98.17,1.0
1281,119,23,2619,238,1048.49,75.82,1.0
1282,31,18,2531,62,1048.48,79.94,1.0
1283,188,21,2688,376,1048.48,93.61,1.0
1284,47,16,2547,94,1048.46,71.05,1.0
1285,245,19,2745,490,1048.45,114.35,1.0
1286,14,15,2514,28,1048.44,74.6,1.0
1287,144,18,2644,288,1048.42,82.62,1.0
1288,124,17,2624,248,1048.41,91.76,1.0
1289,201,22,2701,402,1048.4,95.15,1.0
1290,7,18,2507,14,1048.39,67.03,1.0
1291,196,19,2696,392,1048.39,96.89,1.0
1292,41,20,2541,82,1048.36,63.39,1.0
1293,291,24,2791,582,1048.36,106.21,1.0
1294,171,19,2671,342,1048.35,94.68,1.0
1295,248,25,2748,496,1048.34,87.9,1.0
1296,77,19,2577,154,1048.31,72.58,1.0
1297,26,15,2526,52,1048.3,73.84,1.0
1298,56,16,2556,112,1048.29,71.96,1.0
1299,177,14,2677,354,1048.29,105.07,1.0
1300,42,17,2542,84,1048.24,69.86,1.0
1301,41,14,2541,82,1048.22,66.52,1.0
1302,115,19,2615,230,1048.19,80.06,1.0
1303,259,20,2759,518,1048.17,102.65,1.0
1304,275,18,2775,550,1048.17,113.85,1.0
1305,188,19,2688,376,1048.15,101.24,1.0
1306,272,18,2772,544,1048.12,116.64,1.0
1307,299,16,2799,598,1048.1,124.58,1.0
1308,191,21,2691,382,1048.04,90.95,1.0
1309,19,16,2519,38,1048.02,71.39,1.0
1310,46,19,2546,92,1047.99,64.72,1.0
1311,93,20,2593,186,1047.98,75.71,1.0
1312,203,23,2703,406,1047.98,94.61,1.0
1313,151,22,2651,302,1047.96,81.15,1.0
1314,176,21,2676,352,1047.92,87.95,1.0
1315,199,26,2699,398,1047.92,83.46,1.0
1316,166,19,2666,332,1047.9,90.82,1.0
1317,164,21,2664,328,1047.9,94.7,1.0
1318,110,16,2610,220,1047.88,98.55,1.0
1319,216,20,2716,432,1047.88,88.71,1.0
1320,266,19,2766,532,1047.85,113.17,1.0
1321,197,24,2697,394,1047.84,77.84,1.0
1322,257,22,2757,514,1047.83,94.53,1.0
1323,139,21,2639,278,1047.8,77.34,1.0
1324,192,18,2692,384,1047.8,102.04,1.0
1325,196,20,2696,392,1047.8,101.79,1.0
1326,94,14,2594,188,1047.75,84.67,1.0
1327,79,15,2579,158,1047.74,82.46,1.0
1328,104,21,2604,208,1047.7,80.5,1.0
1329,239,15,2739,478,1047.7,106.77,1.0
1330,234,20,2734,468,1047.69,105.63,1.0
1331,42,19,2542,84,1047.68,66.12,1.0
1332,237,24,2737,474,1047.67,111.35,1.0
1333,24,20,2524,48,1047.66,59.5,1.0
1334,207,18,2707,414,1047.66,108.21,1.0
1335,75,19,2575,150,1047.65,71.9,1.0
1336,74,20,2574,148,1047.62,73.9,1.0
1337,259,22,2759,518,1047.59,99.5,1.0
1338,162,24,2662,324,1047.58,80.62,1.0
1339,209,22,2709,418,1047.58,87.86,1.0
1340,44,19,2544,88,1047.57,59.2,1.0
1341,18,17,2518,36,1047.57,63.54,1.0
1342,29,19,2529,58,1047.56,68.2,1.0
1343,163,23,2663,326,1047.54,87.91,1.0
1344,181,23,2681,362,1047.54,94.03,1.0
1345,116,23,2616,232,1047.52,73.93,1.0
1346,127,20,2627,254,1047.52,76.61,1.0
1347,123,18,2623,246,1047.52,99.48,1.0
1348,51,15,2551,102,1047.44,76.69,1.0
1349,125,15,2625,250,1047.44,93.28,1.0
1350,185,19,2685,370,1047.44,95.65,1.0
1351,25,20,2525,50,1047.42,62.69,1.0
1352,212,21,2712,424,1047.42,103.49,1.0
1353,21,17,2521,42,1047.41,67.99,1.0
1354,158,24,2658,316,1047.39,84.46,1.0
1355,19,20,2519,38,1047.37,67.74,1.0
1356,217,18,2717,434,1047.37,97.5,1.0
1357,99,20,2599,198,1047.36,77.41,1.0
1358,201,19,2701,402,1047.36,100.55,1.0
1359,173,15,2673,346,1047.34,100.6,1.0
1360,204,15,2704,408,1047.32,117.55,1.0
1361,270,18,2770,540,1047.32,118.36,1.0
1362,297,23,2797,594,1047.32,109.74,1.0
1363,243,23,2743,486,1047.31,96.61,1.0
1364,26,19,2526,52,1047.29,69.62,1.0
1365,151,19,2651,302,1047.29,82.99,1.0
1366,240,24,2740,480,1047.25,90.27,1.0
1367,172,23,2672,344,1047.24,89.14,1.0
1368,190,22,2690,380,1047.21,95.03,1.0
1369,127,17,2627,254,1047.2,87.13,1.0
1370,116,15,2616,232,1047.18,88.4,1.0
1371,146,22,2646,292,1047.18,82.55,1.0
1372,205,24,2705,410,1047.1,80.85,1.0
1373,278,16,2778,556,1047.1,119.41,1.0
1374,291,25,2791,582,1047.1,103.77,1.0
1375,178,14,2678,356,1047.09,104.07,1.0
1376,140,15,2640,280,1047.07,90.36,1.0
1377,270,25,2770,540,1047.04,98.03,1.0
1378,233,16,2733,466,1047.03,100.76,1.0
1379,191,19,2691,382,1046.99,104.43,1.0
1380,266,24,2766,532,1046.99,86.49,1.0
1381,209,23,2709,418,1046.98,102.81,1.0
1382,269,23,2769,538,1046.95,103.87,1.0
1383,298,24,2798,596,1046.94,97.28,1.0
1384,297,17,2797,594,1046.92,117.33,1.0
1385,92,18,2592,184,1046.9,86.19,1.0
1386,86,19,2586,172,1046.83,76.79,1.0
1387,138,24,2638,276,1046.82,79.65,1.0
1388,267,24,2767,534,1046.82,86.04,1.0
1389,190,17,2690,380,1046.8,93.82,1.0
1390,74,16,2574,148,1046.73,84.39,1.0
1391,212,22,2712,424,1046.73,103.89,1.0
1392,165,22,2665,330,1046.72,90.09,1.0
1393,240,25,2740,480,1046.72,88.9,1.0
1394,113,24,2613,226,1046.7,77.35,1.0
1395,264,23,2764,528,1046.67,93.29,1.0
1396,236,23,2736,472,1046.66,88.4,1.0
1397,160,18,2660,320,1046.64,84.62,1.0
1398,220,23,2720,440,1046.62,83.98,1.0
1399,109,20,2609,218,1046.58,87.53,1.0
1400,167,24,2667,334,1046.58,77.08,1.0
1401,131,22,2631,262,1046.56,79.25,1.0
1402,271,17,2771,542,1046.56,106.0,1.0
1403,18,16,2518,36,1046.52,62.6,1.0
1404,217,24,2717,434,1046.52,81.91,1.0
1405,254,18,2754,508,1046.49,105.54,1.0
1406,49,16,2549,98,1046.46,68.27,1.0
1407,122,16,2622,244,1046.45,92.32,1.0
1408,69,16,2569,138,1046.44,85.64,1.0
1409,235,22,2735,470,1046.44,91.84,1.0
1410,264,17,2764,528,1046.44,107.48,1.0
1411,216,24,2716,432,1046.41,88.25,1.0
1412,23,17,2523,46,1046.38,69.99,1.0
1413,72,20,2572,144,1046.38,73.54,1.0
1414,293,24,2793,586,1046.36,103.81,1.0
1415,179,23,2679,358,1046.35,82.76,1.0
1416,163,22,2663,326,1046.34,90.49,1.0
1417,215,16,2715,430,1046.31,110.17,1.0
1418,159,19,2659,318,1046.28,97.37,1.0
1419,91,20,2591,182,1046.26,85.83,1.0
1420,218,20,2718,436,1046.26,97.97,1.0
1421,168,21,2668,336,1046.2,80.86,1.0
1422,260,16,2760,520,1046.19,121.11,1.0
1423,38,20,2538,76,1046.17,62.44,1.0
1424,235,24,2735,470,1046.17,92.21,1.0
1425,197,19,2697,394,1046.16,93.15,1.0
1426,165,23,2665,330,1046.08,89.54,1.0
1427,236,19,2736,472,1046.08,106.06,1.0
1428,284,17,2784,568,1046.02,125.9,1.0
1429,106,17,2606,212,1046.0,85.26,1.0
1430,286,18,2786,572,1045.98,104.35,1.0
1431,286,20,2786,572,1045.98,103.9,1.0
1432,286,21,2786,572,1045.98,109.1,1.0
1433,75,18,2575,150,1045.94,68.26,1.0
1434,86,20,2586,172,1045.94,66.3,1.0
1435,68,21,2568,136,1045.92,68.5,1.0
1436,4,16,2504,8,1045.88,66.35,1.0
1437,18,15,2518,36,1045.83,69.2,1.0
1438,108,16,2608,216,1045.83,80.32,1.0
1439,182,23,2682,364,1045.83,87.66,1.0
1440,189,18,2689,378,1045.79,99.14,1.0
1441,17,17,2517,34,1045.75,59.72,1.0
1442,264,24,2764,528,1045.74,86.96,1.0
1443,103,20,2603,206,1045.72,78.13,1.0
1444,162,17,2662,324,1045.72,104.73,1.0
1445,271,19,2771,542,1045.71,98.08,1.0
1446,15,20,2515,30,1045.65,64.54,1.0
1447,250,25,2750,500,1045.65,85.2,1.0
1448,262,24,2762,524,1045.64,89.27,1.0
1449,7,20,2507,14,1045.62,58.48,1.0
1450,127,21,2627,254,1045.6,75.57,1.0
1451,131,17,2631,262,1045.57,89.25,1.0
1452,297,20,2797,594,1045.57,109.46,1.0
1453,20,19,2520,40,1045.53,64.84,1.0
1454,148,15,2648,296,1045.52,93.09,1.0
1455,48,18,2548,96,1045.49,68.12,1.0
1456,117,21,2617,234,1045.44,84.07,1.0
1457,257,21,2757,514,1045.44,105.1,1.0
1458,89,20,2589,178,1045.41,74.18,1.0
1459,34,19,2534,68,1045.4,66.12,1.0
1460,236,22,2736,472,1045.37,98.17,1.0
1461,296,25,2796,592,1045.37,94.52,1.0
1462,194,25,2694,388,1045.35,82.7,1.0
1463,122,18,2622,244,1045.31,96.09,1.0
1464,30,21,2530,60,1045.29,65.66,1.0
1465,123,20,2623,246,1045.28,87.51,1.0
1466,95,18,2595,190,1045.25,93.6,1.0
1467,257,23,2757,514,1045.25,92.07,1.0
1468,84,19,2584,168,1045.24,75.24,1.0
1469,82,17,2582,164,1045.21,85.65,1.0
1470,215,24,2715,430,1045.2,85.08,1.0
1471,272,17,2772,544,1045.12,122.22,1.0
1472,10,17,2510,20,1045.08,61.64,1.0
1473,69,15,2569,138,1045.08,86.2,1.0
1474,261,23,2761,522,1045.06,99.4,1.0
1475,201,18,2701,402,1045.05,107.08,1.0
1476,257,25,2757,514,1045.01,83.8,1.0
1477,179,16,2679,358,1044.99,100.07,1.0
1478,234,17,2734,468,1044.96,121.19,1.0
1479,118,16,2618,236,1044.95,93.47,1.0
1480,41,13,2541,82,1044.94,67.64,1.0
1481,133,19,2633,266,1044.94,87.54,1.0
1482,191,18,2691,382,1044.94,100.64,1.0
1483,249,19,2749,498,1044.91,110.15,1.0
1484,38,19,2538,76,1044.9,61.11,1.0
1485,229,24,2729,458,1044.89,93.82,1.0
1486,240,22,2740,480,1044.87,99.65,1.0
1487,118,15,2618,236,1044.86,97.2,1.0
1488,21,16,2521,42,1044.85,69.5,1.0
1489,213,23,2713,426,1044.85,93.16,1.0
1490,189,24,2689,378,1044.83,88.37,1.0
1491,59,18,2559,118,1044.81,69.21,1.0
1492,277,26,2777,554,1044.8,93.48,1.0
1493,182,16,2682,364,1044.79,111.24,1.0
1494,260,15,2760,520,1044.79,120.86,1.0
1495,268,18,2768,536,1044.79,111.3,1.0
1496,234,23,2734,468,1044.78,105.84,1.0
1497,143,24,2643,286,1044.77,76.21,1.0
1498,251,25,2751,502,1044.77,94.82,1.0
1499,216,23,2716,432,1044.76,88.38,1.0
1500,64,18,2564,128,1044.75,74.36,1.0
1501,208,23,2708,416,1044.75,100.8,1.0
1502,178,25,2678,356,1044.73,91.09,1.0
1503,5,16,2505,10,1044.72,63.68,1.0
1504,274,17,2774,548,1044.71,110.95,1.0
1505,92,17,2592,184,1044.7,90.23,1.0
1506,3,17,2503,6,1044.69,68.48,1.0
1507,281,22,2781,562,1044.69,97.95,1.0
1508,273,22,2773,546,1044.68,100.13,1.0
1509,251,21,2751,502,1044.67,113.31,1.0
1510,121,22,2621,242,1044.66,68.15,1.0
1511,237,15,2737,474,1044.66,132.03,1.0
1512,34,17,2534,68,1044.64,68.78,1.0
1513,11,18,2511,22,1044.64,59.77,1.0
1514,225,19,2725,450,1044.64,109.23,1.0
1515,123,19,2623,246,1044.63,95.53,1.0
1516,54,22,2554,108,1044.6,66.72,1.0
1517,161,17,2661,322,1044.51,105.11,1.0
1518,10,18,2510,20,1044.5,63.27,1.0
1519,190,23,2690,380,1044.48,87.98,1.0
1520,233,25,2733,466,1044.46,94.13,1.0
1521,236,18,2736,472,1044.46,114.71,1.0
1522,249,20,2749,498,1044.46,110.62,1.0
1523,99,17,2599,198,1044.41,76.97,1.0
1524,132,19,2632,264,1044.4,75.87,1.0
1525,38,18,2538,76,1044.39,66.09,1.0
1526,48,17,2548,96,1044.39,76.37,1.0
1527,34,16,2534,68,1044.37,72.28,1.0
1528,144,19,2644,288,1044.32,90.08,1.0
1529,201,23,2701,402,1044.31,94.39,1.0
1530,84,20,2584,168,1044.3,68.05,1.0
1531,173,24,2673,346,1044.3,78.37,1.0
1532,155,21,2655,310,1044.29,98.68,1.0
1533,85,13,2585,170,1044.25,87.93,1.0
1534,61,18,2561,122,1044.23,76.73,1.0
1535,68,17,2568,136,1044.16,70.98,1.0
1536,23,16,2523,46,1044.14,66.45,1.0
1537,59,17,2559,118,1044.14,75.68,1.0
1538,15,14,2515,30,1044.12,66.56,1.0
1539,278,15,2778,556,1044.12,122.5,1.0
1540,260,24,2760,520,1044.11,103.6,1.0
1541,263,17,2763,526,1044.08,120.72,1.0
1542,47,22,2547,94,1044.07,59.22,1.0
1543,129,23,2629,258,1044.06,80.66,1.0
1544,196,21,2696,392,1044.02,89.63,1.0
1545,295,22,2795,590,1044.01,104.85,1.0
1546,262,18,2762,524,1044.0,107.53,1.0
1547,250,19,2750,500,1043.94,111.65,1.0
1548,141,23,2641,282,1043.91,76.31,1.0
1549,185,21,2685,370,1043.88,91.34,1.0
1550,250,18,2750,500,1043.88,109.9,1.0
1551,223,17,2723,446,1043.85,102.31,1.0
1552,195,18,2695,390,1043.83,100.36,1.0
1553,285,18,2785,570,1043.77,107.13,1.0
1554,117,20,2617,234,1043.76,91.41,1.0
1555,133,21,2633,266,1043.76,83.48,1.0
1556,225,21,2725,450,1043.76,94.4,1.0
1557,228,23,2728,456,1043.75,91.52,1.0
1558,132,22,2632,264,1043.73,75.83,1.0
1559,234,22,2734,468,1043.71,110.42,1.0
1560,16,13,2516,32,1043.7,75.3,1.0
1561,135,15,2635,270,1043.7,98.74,1.0
1562,249,23,2749,498,1043.7,97.12,1.0
1563,245,17,2745,490,1043.7,98.67,1.0
1564,153,23,2653,306,1043.66,78.18,1.0
1565,55,18,2555,110,1043.65,71.78,1.0
1566,158,16,2658,316,1043.65,101.51,1.0
1567,198,17,2698,396,1043.64,91.83,1.0
1568,100,22,2600,200,1043.59,77.86,1.0
1569,63,17,2563,126,1043.56,88.76,1.0
1570,28,21,2528,56,1043.54,63.71,1.0
1571,81,16,2581,162,1043.53,88.37,1.0
1572,112,17,2612,224,1043.51,99.52,1.0
1573,84,18,2584,168,1043.5,71.25,1.0
1574,272,25,2772,544,1043.5,97.03,1.0
1575,214,18,2714,428,1043.46,93.01,1.0
1576,2,20,2502,4,1043.44,64.65,1.0
1577,241,16,2741,482,1043.43,111.09,1.0
1578,74,14,2574,148,1043.32,88.14,1.0
1579,174,16,2674,348,1043.32,94.44,1.0
1580,10,19,2510,20,1043.31,63.41,1.0
1581,218,22,2718,436,1043.28,103.24,1.0
1582,220,17,2720,440,1043.27,105.8,1.0
1583,94,19,2594,188,1043.26,80.14,1.0
1584,36,19,2536,72,1043.22,65.3,1.0
1585,105,20,2605,210,1043.21,77.67,1.0
1586,249,22,2749,498,1043.17,96.41,1.0
1587,154,23,2654,308,1043.16,85.85,1.0
1588,195,17,2695,390,1043.16,105.71,1.0
1589,152,19,2652,304,1043.14,99.95,1.0
1590,270,24,2770,540,1043.14,105.59,1.0
1591,259,24,2759,518,1043.12,111.96,1.0
1592,231,16,2731,462,1043.08,101.51,1.0
1593,163,17,2663,326,1043.07,99.21,1.0
1594,21,18,2521,42,1043.06,68.49,1.0
1595,84,17,2584,168,1043.04,74.86,1.0
1596,210,21,2710,420,1043.04,81.62,1.0
1597,220,18,2720,440,1043.04,100.18,1.0
1598,235,19,2735,470,1043.04,105.89,1.0
1599,166,21,2666,332,1043.01,88.24,1.0
1600,166,23,2666,332,1042.98,75.2,1.0
1601,207,21,2707,414,1042.98,91.24,1.0
1602,239,26,2739,478,1042.96,84.84,1.0
1603,70,17,2570,140,1042.95,77.98,1.0
1604,112,22,2612,224,1042.94,75.09,1.0
1605,2,19,2502,4,1042.93,65.77,1.0
1606,229,18,2729,458,1042.93,119.29,1.0
1607,64,20,2564,128,1042.88,66.7,1.0
1608,23,14,2523,46,1042.87,71.7,1.0
1609,62,21,2562,124,1042.86,69.03,1.0
1610,237,25,2737,474,1042.86,105.12,1.0
1611,126,14,2626,252,1042.84,95.32,1.0
1612,259,23,2759,518,1042.79,95.77,1.0
1613,85,23,2585,170,1042.78,79.48,1.0
1614,131,18,2631,262,1042.76,82.01,1.0
1615,259,21,2759,518,1042.74,100.58,1.0
1616,122,17,2622,244,1042.7,92.12,1.0
1617,111,21,2611,222,1042.64,72.77,1.0
1618,30,13,2530,60,1042.6,83.12,1.0
1619,219,16,2719,438,1042.6,97.05,1.0
1620,49,15,2549,98,1042.59,73.69,1.0
1621,125,23,2625,250,1042.58,68.98,1.0
1622,11,19,2511,22,1042.56,66.62,1.0
1623,205,23,2705,410,1042.55,84.28,1.0
1624,297,18,2797,594,1042.55,118.15,1.0
1625,179,24,2679,358,1042.54,78.8,1.0
1626,286,24,2786,572,1042.54,105.09,1.0
1627,138,15,2638,276,1042.52,90.88,1.0
1628,2,12,2502,4,1042.48,73.43,1.0
1629,193,25,2693,386,1042.48,85.81,1.0
1630,44,17,2544,88,1042.46,66.02,1.0
1631,202,21,2702,404,1042.45,102.0,1.0
1632,183,26,2683,366,1042.44,74.25,1.0
1633,214,17,2714,428,1042.41,103.4,1.0
1634,271,24,2771,542,1042.39,80.61,1.0
1635,209,20,2709,418,1042.38,93.57,1.0
1636,73,15,2573,146,1042.37,78.28,1.0
1637,54,14,2554,108,1042.36,80.65,1.0
1638,5,15,2505,10,1042.35,67.18,1.0
1639,3,19,2503,6,1042.28,62.22,1.0
1640,31,17,2531,62,1042.25,84.87,1.0
1641,109,15,2609,218,1042.23,90.85,1.0
1642,43,21,2543,86,1042.2,75.64,1.0
1643,74,15,2574,148,1042.15,81.19,1.0
1644,18,14,2518,36,1042.14,72.41,1.0
1645,83,14,2583,166,1042.12,81.81,1.0
1646,205,16,2705,410,1042.1,113.12,1.0
1647,196,18,2696,392,1042.08,93.85,1.0
1648,180,15,2680,360,1042.07,98.56,1.0
1649,70,19,2570,140,1042.03,70.3,1.0
1650,164,22,2664,328,1042.03,85.35,1.0
1651,58,18,2558,116,1042.01,69.27,1.0
1652,111,17,2611,222,1041.96,85.93,1.0
1653,87,18,2587,174,1041.93,92.8,1.0
1654,122,20,2622,244,1041.91,83.08,1.0
1655,241,25,2741,482,1041.9,92.47,1.0
1656,56,20,2556,112,1041.89,64.19,1.0
1657,14,21,2514,28,1041.82,59.71,1.0
1658,279,16,2779,558,1041.82,107.17,1.0
1659,235,23,2735,470,1041.78,87.12,1.0
1660,192,22,2692,384,1041.72,94.75,1.0
1661,72,19,2572,144,1041.7,80.49,1.0
1662,107,22,2607,214,1041.7,82.81,1.0
1663,127,15,2627,254,1041.7,78.81,1.0
1664,189,25,2689,378,1041.69,81.58,1.0
1665,41,21,2541,82,1041.66,64.06,1.0
1666,196,16,2696,392,1041.66,93.42,1.0
1667,42,20,2542,84,1041.65,61.22,1.0
1668,37,19,2537,74,1041.64,64.57,1.0
1669,219,25,2719,438,1041.63,79.86,1.0
1670,4,19,2504,8,1041.6,59.39,1.0
1671,184,15,2684,368,1041.6,104.05,1.0
1672,211,14,2711,422,1041.57,104.75,1.0
1673,294,26,2794,588,1041.56,89.67,1.0
1674,184,14,2684,368,1041.55,104.24,1.0
1675,29,20,2529,58,1041.52,61.8,1.0
1676,135,24,2635,270,1041.52,78.17,1.0
1677,74,21,2574,148,1041.5,69.48,1.0
1678,155,20,2655,310,1041.48,97.39,1.0
1679,23,21,2523,46,1041.46,64.61,1.0
1680,145,19,2645,290,1041.44,92.88,1.0
1681,283,18,2783,566,1041.42,123.17,1.0
1682,136,22,2636,272,1041.4,75.75,1.0
1683,17,16,2517,34,1041.39,61.35,1.0
1684,150,23,2650,300,1041.39,84.45,1.0
1685,63,18,2563,126,1041.38,86.95,1.0
1686,183,25,2683,366,1041.38,83.69,1.0
1687,71,22,2571,142,1041.36,71.62,1.0
1688,33,22,2533,66,1041.35,61.63,1.0
1689,121,23,2621,242,1041.35,70.3,1.0
1690,192,23,2692,384,1041.31,94.64,1.0
1691,159,21,2659,318,1041.3,102.14,1.0
1692,149,17,2649,298,1041.28,103.38,1.0
1693,91,21,2591,182,1041.23,81.25,1.0
1694,144,16,2644,288,1041.23,91.1,1.0
1695,159,24,2659,318,1041.22,94.54,1.0
1696,7,16,2507,14,1041.2,73.72,1.0
1697,77,21,2577,154,1041.2,68.73,1.0
1698,165,16,2665,330,1041.2,95.01,1.0
1699,136,21,2636,272,1041.19,79.9,1.0
1700,46,20,2546,92,1041.18,73.05,1.0
1701,95,16,2595,190,1041.18,78.9,1.0
1702,80,22,2580,160,1041.16,75.18,1.0
1703,153,19,2653,306,1041.13,94.56,1.0
1704,30,22,2530,60,1041.12,57.09,1.0
1705,92,16,2592,184,1041.05,79.0,1.0
1706,142,22,2642,284,1041.04,84.02,1.0
1707,136,17,2636,272,1041.03,81.42,1.0
1708,203,24,2703,406,1041.02,79.7,1.0
1709,261,17,2761,522,1041.02,117.5,1.0
1710,16,22,2516,32,1041.01,61.97,1.0
1711,161,16,2661,322,1041.01,99.47,1.0
1712,214,24,2714,428,1040.96,86.85,1.0
1713,17,18,2517,34,1040.94,63.15,1.0
1714,176,23,2676,352,1040.89,84.1,1.0
1715,7,15,2507,14,1040.88,71.37,1.0
1716,19,14,2519,38,1040.84,77.07,1.0
1717,146,15,2646,292,1040.84,108.96,1.0
1718,259,18,2759,518,1040.84,109.37,1.0
1719,98,18,2598,196,1040.83,85.8,1.0
1720,32,17,2532,64,1040.77,65.41,1.0
1721,265,17,2765,530,1040.73,106.48,1.0
1722,128,19,2628,256,1040.71,97.22,1.0
1723,198,18,2698,396,1040.68,95.27,1.0
1724,188,20,2688,376,1040.66,103.18,1.0
1725,7,17,2507,14,1040.64,64.39,1.0
1726,29,14,2529,58,1040.62,72.87,1.0
1727,62,15,2562,124,1040.61,99.88,1.0
1728,88,23,2588,176,1040.61,73.12,1.0
1729,194,15,2694,388,1040.55,108.66,1.0
1730,117,22,2617,234,1040.54,85.59,1.0
1731,25,21,2525,50,1040.5,59.88,1.0
1732,105,22,2605,210,1040.48,77.1,1.0
1733,10,16,2510,20,1040.47,63.37,1.0
1734,48,20,2548,96,1040.47,64.62,1.0
1735,145,20,2645,290,1040.46,96.65,1.0
1736,282,21,2782,564,1040.46,111.72,1.0
1737,297,22,2797,594,1040.46,119.16,1.0
1738,169,22,2669,338,1040.45,98.85,1.0
1739,70,20,2570,140,1040.44,71.47,1.0
1740,103,19,2603,206,1040.44,81.02,1.0
1741,152,21,2652,304,1040.37,91.56,1.0
1742,262,25,2762,524,1040.37,95.46,1.0
1743,152,22,2652,304,1040.35,84.09,1.0
1744,282,24,2782,564,1040.35,94.72,1.0
1745,170,20,2670,340,1040.32,92.8,1.0
1746,219,15,2719,438,1040.32,112.15,1.0
1747,213,19,2713,426,1040.28,97.31,1.0
1748,290,16,2790,580,1040.27,125.46,1.0
1749,24,21,2524,48,1040.24,59.84,1.0
1750,62,13,2562,124,1040.23,98.14,1.0
1751,121,14,2621,242,1040.23,97.86,1.0
1752,67,15,2567,134,1040.22,85.59,1.0
1753,197,18,2697,394,1040.22,92.76,1.0
1754,252,14,2752,504,1040.22,112.12,1.0
1755,13,18,2513,26,1040.21,78.04,1.0
1756,264,25,2764,528,1040.2,93.39,1.0
1757,82,21,2582,164,1040.19,70.96,1.0
1758,201,24,2701,402,1040.19,82.74,1.0
1759,58,19,2558,116,1040.16,72.71,1.0
1760,75,17,2575,150,1040.16,76.71,1.0
1761,225,23,2725,450,1040.15,93.71,1.0
1762,154,22,2654,308,1040.14,91.31,1.0
1763,44,18,2544,88,1040.12,64.75,1.0
1764,213,18,2713,426,1040.1,108.23,1.0
1765,268,25,2768,536,1040.09,97.49,1.0
1766,151,18,2651,302,1040.06,95.17,1.0
1767,154,16,2654,308,1040.04,100.38,1.0
1768,119,15,2619,238,1040.01,87.64,1.0
1769,134,20,2634,268,1040.0,72.53,1.0
1770,184,24,2684,368,1040.0,91.0,1.0
1771,82,16,2582,164,1039.96,81.28,1.0
1772,98,17,2598,196,1039.93,86.58,1.0
1773,51,16,2551,102,1039.92,77.47,1.0
1774,117,17,2617,234,1039.88,87.62,1.0
1775,285,26,2785,570,1039.84,101.13,1.0
1776,177,25,2677,354,1039.82,77.56,1.0
1777,80,16,2580,160,1039.81,83.78,1.0
1778,88,22,2588,176,1039.8,74.71,1.0
1779,73,20,2573,146,1039.75,73.02,1.0
1780,208,24,2708,416,1039.75,88.05,1.0
1781,274,26,2774,548,1039.75,95.02,1.0
1782,65,17,2565,130,1039.74,72.32,1.0
1783,238,26,2738,476,1039.73,91.77,1.0
1784,240,19,2740,480,1039.72,104.16,1.0
1785,213,24,2713,426,1039.7,94.99,1.0
1786,80,17,2580,160,1039.67,85.91,1.0
1787,185,20,2685,370,1039.67,91.82,1.0
1788,193,15,2693,386,1039.66,103.27,1.0
1789,259,25,2759,518,1039.66,99.52,1.0
1790,194,14,2694,388,1039.64,101.06,1.0
1791,72,15,2572,144,1039.62,84.27,1.0
1792,257,24,2757,514,1039.62,92.15,1.0
1793,47,14,2547,94,1039.57,71.23,1.0
1794,269,19,2769,538,1039.57,108.69,1.0
1795,136,16,2636,272,1039.56,82.43,1.0
1796,68,20,2568,136,1039.54,68.48,1.0
1797,51,14,2551,102,1039.53,79.59,1.0
1798,202,22,2702,404,1039.52,96.02,1.0
1799,152,18,2652,304,1039.51,83.15,1.0
1800,42,18,2542,84,1039.5,65.48,1.0
1801,159,15,2659,318,1039.5,109.96,1.0
1802,187,21,2687,374,1039.49,89.65,1.0
1803,192,16,2692,384,1039.44,96.75,1.0
1804,117,18,2617,234,1039.42,77.86,1.0
1805,189,19,2689,378,1039.39,87.77,1.0
1806,84,21,2584,168,1039.38,63.98,1.0
1807,238,16,2738,476,1039.37,96.56,1.0
1808,55,19,2555,110,1039.36,71.81,1.0
1809,68,18,2568,136,1039.34,70.96,1.0
1810,94,20,2594,188,1039.34,86.74,1.0
1811,249,21,2749,498,1039.32,102.21,1.0
1812,198,20,2698,396,1039.31,96.36,1.0
1813,274,25,2774,548,1039.31,99.63,1.0
1814,9,18,2509,18,1039.3,63.75,1.0
1815,172,15,2672,344,1039.29,103.93,1.0
1816,0,20,2500,0,1039.25,56.41,1.0
1817,141,22,2641,282,1039.19,77.95,1.0
1818,55,20,2555,110,1039.18,65.99,1.0
1819,208,15,2708,416,1039.18,109.57,1.0
1820,295,25,2795,590,1039.17,99.28,1.0
1821,95,20,2595,190,1039.16,89.65,1.0
1822,141,21,2641,282,1039.16,83.63,1.0
1823,282,20,2782,564,1039.16,109.2,1.0
1824,37,18,2537,74,1039.11,71.64,1.0
1825,61,19,2561,122,1039.06,76.21,1.0
1826,197,17,2697,394,1038.98,101.47,1.0
1827,169,16,2669,338,1038.97,96.49,1.0
1828,32,16,2532,64,1038.96,64.57,1.0
1829,136,18,2636,272,1038.95,82.89,1.0
1830,99,16,2599,198,1038.92,82.1,1.0
1831,203,15,2703,406,1038.91,103.62,1.0
1832,272,26,2772,544,1038.88,93.11,1.0
1833,39,20,2539,78,1038.86,70.54,1.0
1834,42,16,2542,84,1038.86,68.66,1.0
1835,198,21,2698,396,1038.79,90.01,1.0
1836,17,15,2517,34,1038.78,64.65,1.0
1837,170,23,2670,340,1038.77,87.32,1.0
1838,74,18,2574,148,1038.76,76.5,1.0
1839,149,23,2649,298,1038.76,81.58,1.0
1840,34,15,2534,68,1038.74,73.3,1.0
1841,4,15,2504,8,1038.73,62.55,1.0
1842,62,14,2562,124,1038.73,92.36,1.0
1843,97,18,2597,194,1038.72,81.51,1.0
1844,246,16,2746,492,1038.7,110.09,1.0
1845,76,16,2576,152,1038.66,76.3,1.0
1846,39,21,2539,78,1038.64,66.46,1.0
1847,209,21,2709,418,1038.61,91.36,1.0
1848,130,20,2630,260,1038.58,78.82,1.0
1849,108,21,2608,216,1038.54,70.56,1.0
1850,228,17,2728,456,1038.53,103.01,1.0
1851,127,18,2627,254,1038.52,89.49,1.0
1852,130,18,2630,260,1038.52,92.35,1.0
1853,263,16,2763,526,1038.5,114.17,1.0
1854,102,16,2602,204,1038.49,84.92,1.0
1855,9,16,2509,18,1038.48,68.29,1.0
1856,132,17,2632,264,1038.48,86.05,1.0
1857,187,22,2687,374,1038.42,94.87,1.0
1858,209,24,2709,418,1038.38,97.45,1.0
1859,203,25,2703,406,1038.38,83.54,1.0
1860,99,18,2599,198,1038.37,85.89,1.0
1861,128,21,2628,256,1038.37,86.33,1.0
1862,192,21,2692,384,1038.35,87.31,1.0
1863,296,16,2796,592,1038.31,106.33,1.0
1864,221,20,2721,442,1038.29,100.67,1.0
1865,126,24,2626,252,1038.27,74.65,1.0
1866,196,17,2696,392,1038.26,103.13,1.0
1867,179,25,2679,358,1038.25,77.35,1.0
1868,196,22,2696,392,1038.25,92.06,1.0
1869,4,20,2504,8,1038.24,58.18,1.0
1870,293,22,2793,586,1038.22,112.32,1.0
1871,32,18,2532,64,1038.19,57.27,1.0
1872,288,17,2788,576,1038.18,114.49,1.0
1873,56,18,2556,112,1038.16,67.02,1.0
1874,205,25,2705,410,1038.15,84.09,1.0
1875,214,23,2714,428,1038.13,95.45,1.0
1876,253,19,2753,506,1038.13,105.14,1.0
1877,15,16,2515,30,1038.12,62.62,1.0
1878,211,16,2711,422,1038.12,109.75,1.0
1879,266,25,2766,532,1038.12,90.26,1.0
1880,195,22,2695,390,1038.11,90.88,1.0
1881,260,23,2760,520,1038.1,112.92,1.0
1882,298,27,2798,596,1038.1,85.73,1.0
1883,255,18,2755,510,1038.02,120.59,1.0
1884,38,17,2538,76,1037.97,66.0,1.0
1885,87,19,2587,174,1037.97,77.8,1.0
1886,273,16,2773,546,1037.94,102.7,1.0
1887,68,16,2568,136,1037.93,71.41,1.0
1888,200,26,2700,400,1037.92,80.1,1.0
1889,277,27,2777,554,1037.91,92.09,1.0
1890,22,16,2522,44,1037.9,65.45,1.0
1891,148,24,2648,296,1037.9,75.48,1.0
1892,159,16,2659,318,1037.84,91.41,1.0
1893,96,20,2596,192,1037.83,85.57,1.0
1894,221,24,2721,442,1037.79,77.19,1.0
1895,66,20,2566,132,1037.78,69.29,1.0
1896,253,26,2753,506,1037.76,77.95,1.0
1897,12,20,2512,24,1037.74,60.78,1.0
1898,17,20,2517,34,1037.74,59.56,1.0
1899,297,19,2797,594,1037.72,123.1,1.0
1900,212,23,2712,424,1037.68,96.54,1.0
1901,81,14,2581,162,1037.67,90.65,1.0
1902,75,16,2575,150,1037.64,84.02,1.0
1903,181,24,2681,362,1037.63,86.51,1.0
1904,223,18,2723,446,1037.6,104.72,1.0
1905,172,24,2672,344,1037.59,86.0,1.0
1906,96,19,2596,192,1037.56,90.51,1.0
1907,139,16,2639,278,1037.56,94.32,1.0
1908,17,19,2517,34,1037.51,63.41,1.0
1909,122,21,2622,244,1037.49,89.65,1.0
1910,257,20,2757,514,1037.48,99.46,1.0
1911,114,15,2614,228,1037.45,81.02,1.0
1912,72,22,2572,144,1037.44,70.15,1.0
1913,151,16,2651,302,1037.41,90.73,1.0
1914,125,24,2625,250,1037.4,69.36,1.0
1915,90,21,2590,180,1037.33,74.55,1.0
1916,227,15,2727,454,1037.32,116.38,1.0
1917,20,18,2520,40,1037.31,64.18,1.0
1918,0,15,2500,0,1037.3,68.68,1.0
1919,170,19,2670,340,1037.3,96.6,1.0
1920,231,26,2731,462,1037.3,83.88,1.0
1921,99,22,2599,198,1037.27,72.32,1.0
1922,156,18,2656,312,1037.27,102.53,1.0
1923,247,17,2747,494,1037.27,122.19,1.0
1924,44,20,2544,88,1037.26,68.24,1.0
1925,122,19,2622,244,1037.26,87.69,1.0
1926,48,16,2548,96,1037.19,84.77,1.0
1927,130,17,2630,260,1037.19,101.09,1.0
1928,14,13,2514,28,1037.17,71.37,1.0
1929,86,17,2586,172,1037.17,78.1,1.0
1930,113,14,2613,226,1037.17,87.53,1.0
1931,22,19,2522,44,1037.16,63.74,1.0
1932,89,21,2589,178,1037.16,73.53,1.0
1933,297,25,2797,594,1037.13,99.74,1.0
1934,161,18,2661,322,1037.11,100.06,1.0
1935,112,15,2612,224,1037.1,90.69,1.0
1936,120,19,2620,240,1037.05,84.97,1.0
1937,167,16,2667,334,1037.02,100.14,1.0
1938,160,17,2660,320,1037.02,89.29,1.0
1939,56,19,2556,112,1036.99,67.2,1.0
1940,298,17,2798,596,1036.93,117.89,1.0
1941,232,16,2732,464,1036.91,111.47,1.0
1942,44,15,2544,88,1036.9,69.32,1.0
1943,149,24,2649,298,1036.9,76.94,1.0
1944,212,20,2712,424,1036.87,111.2,1.0
1945,81,15,2581,162,1036.8,77.08,1.0
1946,35,16,2535,70,1036.78,70.41,1.0
1947,249,24,2749,498,1036.78,91.37,1.0
1948,44,16,2544,88,1036.77,78.23,1.0
1949,142,21,2642,284,1036.77,87.96,1.0
1950,49,14,2549,98,1036.75,74.83,1.0
1951,69,22,2569,138,1036.75,75.43,1.0
1952,132,23,2632,264,1036.75,70.94,1.0
1953,168,18,2668,336,1036.75,100.11,1.0
1954,19,15,2519,38,1036.66,82.59,1.0
1955,106,19,2606,212,1036.64,77.0,1.0
1956,12,14,2512,24,1036.62,70.55,1.0
1957,36,18,2536,72,1036.62,66.49,1.0
1958,168,22,2668,336,1036.61,77.34,1.0
1959,20,17,2520,40,1036.59,66.23,1.0
1960,97,20,2597,194,1036.59,86.77,1.0
1961,265,16,2765,530,1036.58,115.81,1.0
1962,31,19,2531,62,1036.55,77.5,1.0
1963,61,17,2561,122,1036.55,71.37,1.0
1964,105,18,2605,210,1036.55,83.83,1.0
1965,103,21,2603,206,1036.53,69.69,1.0
1966,117,16,2617,234,1036.5,95.16,1.0
1967,17,14,2517,34,1036.49,65.64,1.0
1968,173,14,2673,346,1036.48,98.81,1.0
1969,102,21,2602,204,1036.47,75.3,1.0
1970,128,18,2628,256,1036.47,94.6,1.0
1971,95,19,2595,190,1036.46,87.15,1.0
1972,289,28,2789,578,1036.42,90.2,1.0
1973,228,24,2728,456,1036.39,87.48,1.0
1974,59,19,2559,118,1036.26,74.61,1.0
1975,230,22,2730,460,1036.25,95.27,1.0
1976,283,26,2783,566,1036.22,96.0,1.0
1977,291,17,2791,582,1036.18,127.13,1.0
1978,36,17,2536,72,1036.17,64.46,1.0
1979,49,21,2549,98,1036.17,67.18,1.0
1980,235,17,2735,470,1036.15,106.23,1.0
1981,26,20,2526,52,1036.14,63.73,1.0
1982,254,24,2754,508,1036.11,89.98,1.0
1983,211,26,2711,422,1036.1,83.16,1.0
1984,73,21,2573,146,1036.09,69.14,1.0
1985,43,14,2543,86,1036.06,79.52,1.0
1986,5,20,2505,10,1036.04,65.61,1.0
1987,163,15,2663,326,1036.01,99.78,1.0
1988,161,21,2661,322,1035.99,91.32,1.0
1989,188,18,2688,376,1035.98,102.17,1.0
1990,150,16,2650,300,1035.96,109.34,1.0
1991,273,26,2773,546,1035.96,92.85,1.0
1992,57,17,2557,114,1035.9,79.14,1.0
1993,120,20,2620,240,1035.87,85.57,1.0
1994,176,19,2676,352,1035.82,84.93,1.0
1995,233,26,2733,466,1035.8,94.97,1.0
1996,230,20,2730,460,1035.76,96.99,1.0
1997,261,25,2761,522,1035.76,92.6,1.0
1998,171,24,2671,342,1035.73,79.01,1.0
1999,66,16,2566,132,1035.72,71.85,1.0
2000,106,16,2606,212,1035.72,85.59,1.0
2001,297,21,2797,594,1035.72,113.24,1.0
2002,114,22,2614,228,1035.71,74.33,1.0
2003,35,19,2535,70,1035.7,61.52,1.0
2004,297,24,2797,594,1035.7,110.66,1.0
2005,9,17,2509,18,1035.67,58.06,1.0
2006,91,18,2591,182,1035.65,80.41,1.0
2007,37,15,2537,74,1035.64,75.21,1.0
2008,149,18,2649,298,1035.63,107.6,1.0
2009,6,19,2506,12,1035.61,58.77,1.0
2010,292,26,2792,584,1035.61,94.29,1.0
2011,267,25,2767,534,1035.59,85.55,1.0
2012,164,15,2664,328,1035.58,99.15,1.0
2013,218,23,2718,436,1035.54,103.77,1.0
2014,295,26,2795,590,1035.54,100.19,1.0
2015,38,14,2538,76,1035.47,72.98,1.0
2016,277,28,2777,554,1035.44,89.74,1.0
2017,160,21,2660,320,1035.4,83.0,1.0
2018,212,17,2712,424,1035.4,105.22,1.0
2019,130,21,2630,260,1035.35,90.88,1.0
2020,89,15,2589,178,1035.34,77.09,1.0
2021,242,26,2742,484,1035.3,95.61,1.0
2022,48,19,2548,96,1035.28,67.75,1.0
2023,87,20,2587,174,1035.27,74.62,1.0
2024,72,21,2572,144,1035.24,68.43,1.0
2025,101,20,2601,202,1035.24,78.9,1.0
2026,93,16,2593,186,1035.22,87.38,1.0
2027,51,19,2551,102,1035.21,71.87,1.0
2028,63,19,2563,126,1035.14,79.96,1.0
2029,90,15,2590,180,1035.12,84.89,1.0
2030,144,21,2644,288,1035.08,79.06,1.0
2031,261,18,2761,522,1035.04,117.84,1.0
2032,272,16,2772,544,1035.04,105.39,1.0
2033,11,17,2511,22,1035.02,70.39,1.0
2034,71,23,2571,142,1035.02,75.46,1.0
2035,281,24,2781,562,1035.02,101.03,1.0
2036,197,16,2697,394,1035.0,100.41,1.0
2037,197,23,2697,394,1034.95,87.89,1.0
2038,178,13,2678,356,1034.94,101.13,1.0
2039,124,22,2624,248,1034.92,81.81,1.0
2040,68,22,2568,136,1034.9,70.83,1.0
2041,176,22,2676,352,1034.9,88.44,1.0
2042,202,24,2702,404,1034.88,83.41,1.0
2043,93,22,2593,186,1034.86,77.85,1.0
2044,91,17,2591,182,1034.83,92.82,1.0
2045,14,22,2514,28,1034.81,59.25,1.0
2046,279,26,2779,558,1034.78,95.96,1.0
2047,35,18,2535,70,1034.76,73.4,1.0
2048,56,17,2556,112,1034.74,70.28,1.0
2049,136,23,2636,272,1034.74,78.06,1.0
2050,151,15,2651,302,1034.73,96.2,1.0
2051,137,14,2637,274,1034.68,100.17,1.0
2052,104,22,2604,208,1034.67,79.74,1.0
2053,47,13,2547,94,1034.66,72.37,1.0
2054,32,15,2532,64,1034.66,73.37,1.0
2055,230,18,2730,460,1034.61,113.11,1.0
2056,267,18,2767,534,1034.59,104.89,1.0
2057,119,24,2619,238,1034.56,69.46,1.0
2058,146,23,2646,292,1034.56,80.28,1.0
2059,83,22,2583,166,1034.51,68.82,1.0
2060,56,15,2556,112,1034.48,75.06,1.0
2061,76,14,2576,152,1034.47,78.56,1.0
2062,169,15,2669,338,1034.45,93.11,1.0
2063,96,21,2596,192,1034.42,80.0,1.0
2064,105,16,2605,210,1034.42,88.4,1.0
2065,123,16,2623,246,1034.42,88.05,1.0
2066,42,21,2542,84,1034.4,61.76,1.0
2067,79,21,2579,158,1034.37,79.53,1.0
2068,95,17,2595,190,1034.34,87.78,1.0
2069,107,15,2607,214,1034.33,95.3,1.0
2070,166,22,2666,332,1034.3,82.55,1.0
2071,35,20,2535,70,1034.26,65.33,1.0
2072,293,25,2793,586,1034.23,116.18,1.0
2073,89,22,2589,178,1034.22,71.47,1.0
2074,5,14,2505,10,1034.19,71.47,1.0
2075,28,12,2528,56,1034.19,74.64,1.0
2076,211,15,2711,422,1034.15,103.17,1.0
2077,40,19,2540,80,1034.14,68.84,1.0
2078,86,18,2586,172,1034.11,74.39,1.0
2079,98,16,2598,196,1034.1,86.69,1.0
2080,137,23,2637,274,1034.08,79.9,1.0
2081,300,26,2800,600,1034.08,102.36,1.0
2082,249,25,2749,498,1034.07,94.51,1.0
2083,267,19,2767,534,1034.06,99.48,1.0
2084,269,21,2769,538,1034.06,95.75,1.0
2085,112,14,2612,224,1034.02,95.86,1.0
2086,10,20,2510,20,1034.0,65.23,1.0
2087,26,21,2526,52,1034.0,61.63,1.0
2088,185,18,2685,370,1034.0,90.22,1.0
2089,166,20,2666,332,1033.98,85.15,1.0
2090,65,18,2565,130,1033.94,71.75,1.0
2091,220,24,2720,440,1033.92,84.34,1.0
2092,48,21,2548,96,1033.9,72.22,1.0
2093,294,19,2794,588,1033.89,117.38,1.0
2094,124,23,2624,248,1033.88,72.01,1.0
2095,59,21,2559,118,1033.86,64.34,1.0
2096,168,19,2668,336,1033.82,92.77,1.0
2097,207,23,2707,414,1033.82,84.9,1.0
2098,66,17,2566,132,1033.8,69.29,1.0
2099,169,23,2669,338,1033.8,93.69,1.0
2100,147,23,2647,294,1033.78,84.87,1.0
2101,11,20,2511,22,1033.75,58.45,1.0
2102,198,23,2698,396,1033.75,91.18,1.0
2103,67,21,2567,134,1033.74,70.36,1.0
2104,128,17,2628,256,1033.74,86.22,1.0
2105,251,16,2751,502,1033.72,111.13,1.0
2106,202,23,2702,404,1033.71,89.8,1.0
2107,103,16,2603,206,1033.7,86.74,1.0
2108,141,17,2641,282,1033.68,96.67,1.0
2109,291,26,2791,582,1033.68,100.14,1.0
2110,10,15,2510,20,1033.65,61.23,1.0
2111,39,15,2539,78,1033.65,86.21,1.0
2112,99,21,2599,198,1033.62,76.37,1.0
2113,137,22,2637,274,1033.62,84.93,1.0
2114,6,16,2506,12,1033.6,56.94,1.0
2115,131,23,2631,262,1033.59,75.69,1.0
2116,190,16,2690,380,1033.57,106.54,1.0
2117,139,22,2639,278,1033.56,71.15,1.0
2118,15,13,2515,30,1033.52,76.2,1.0
2119,1,17,2501,2,1033.49,63.17,1.0
2120,148,14,2648,296,1033.48,89.92,1.0
2121,265,27,2765,530,1033.47,84.15,1.0
2122,263,15,2763,526,1033.47,121.54,1.0
2123,22,20,2522,44,1033.46,65.88,1.0
2124,87,17,2587,174,1033.42,87.81,1.0
2125,86,21,2586,172,1033.39,66.52,1.0
2126,184,23,2684,368,1033.37,87.34,1.0
2127,117,19,2617,234,1033.36,92.58,1.0
2128,21,19,2521,42,1033.35,66.58,1.0
2129,202,15,2702,404,1033.35,104.46,1.0
2130,12,21,2512,24,1033.32,60.67,1.0
2131,31,16,2531,62,1033.3,87.78,1.0
2132,260,26,2760,520,1033.3,94.03,1.0
2133,246,26,2746,492,1033.3,84.93,1.0
2134,158,25,2658,316,1033.28,83.54,1.0
2135,207,24,2707,414,1033.25,89.41,1.0
2136,102,22,2602,204,1033.22,73.13,1.0
2137,243,19,2743,486,1033.19,127.69,1.0
2138,6,17,2506,12,1033.18,58.75,1.0
2139,151,17,2651,302,1033.18,108.54,1.0
2140,220,16,2720,440,1033.13,116.95,1.0
2141,134,18,2634,268,1033.11,79.23,1.0
2142,70,15,2570,140,1033.08,85.86,1.0
2143,240,16,2740,480,1033.08,106.55,1.0
2144,243,25,2743,486,1033.07,110.2,1.0
2145,240,20,2740,480,1033.06,104.51,1.0
2146,278,27,2778,556,1033.06,86.72,1.0
2147,7,14,2507,14,1033.04,72.67,1.0
2148,160,22,2660,320,1033.02,86.12,1.0
2149,282,22,2782,564,1033.0,101.38,1.0
2150,255,26,2755,510,1032.99,91.46,1.0
2151,215,15,2715,430,1032.98,104.45,1.0
2152,60,22,2560,120,1032.95,68.46,1.0
2153,144,22,2644,288,1032.94,91.05,1.0
2154,99,15,2599,198,1032.92,92.02,1.0
2155,144,20,2644,288,1032.91,93.66,1.0
2156,174,15,2674,348,1032.91,107.36,1.0
2157,191,25,2691,382,1032.89,81.27,1.0
2158,196,24,2696,392,1032.89,84.24,1.0
2159,198,24,2698,396,1032.86,78.7,1.0
2160,67,14,2567,134,1032.85,81.42,1.0
2161,213,17,2713,426,1032.84,96.77,1.0
2162,195,23,2695,390,1032.82,90.84,1.0
2163,224,26,2724,448,1032.81,86.58,1.0
2164,18,18,2518,36,1032.79,64.02,1.0
2165,152,20,2652,304,1032.72,95.49,1.0
2166,168,20,2668,336,1032.66,82.63,1.0
2167,267,21,2767,534,1032.6,100.03,1.0
2168,299,28,2799,598,1032.59,87.39,1.0
2169,64,17,2564,128,1032.56,77.99,1.0
2170,133,18,2633,266,1032.56,93.11,1.0
2171,38,21,2538,76,1032.47,61.04,1.0
2172,57,16,2557,114,1032.47,80.88,1.0
2173,279,25,2779,558,1032.47,95.01,1.0
2174,237,26,2737,474,1032.44,96.89,1.0
2175,282,18,2782,564,1032.41,122.18,1.0
2176,295,21,2795,590,1032.4,122.8,1.0
2177,112,23,2612,224,1032.39,72.88,1.0
2178,78,20,2578,156,1032.38,76.03,1.0
2179,240,17,2740,480,1032.37,109.1,1.0
2180,248,26,2748,496,1032.36,92.7,1.0
2181,151,23,2651,302,1032.32,84.3,1.0
2182,80,15,2580,160,1032.29,83.79,1.0
2183,296,26,2796,592,1032.29,97.65,1.0
2184,46,21,2546,92,1032.25,67.27,1.0
2185,115,21,2615,230,1032.21,77.4,1.0
2186,98,23,2598,196,1032.19,71.37,1.0
2187,163,16,2663,326,1032.19,111.75,1.0
2188,223,24,2723,446,1032.19,92.57,1.0
2189,257,26,2757,514,1032.19,90.47,1.0
2190,91,19,2591,182,1032.18,84.86,1.0
2191,142,17,2642,284,1032.15,97.96,1.0
2192,151,24,2651,302,1032.14,78.59,1.0
2193,215,25,2715,430,1032.12,79.01,1.0
2194,188,22,2688,376,1032.09,91.65,1.0
2195,37,20,2537,74,1032.08,64.21,1.0
2196,147,24,2647,294,1032.06,84.72,1.0
2197,94,15,2594,188,1032.04,88.98,1.0
2198,92,21,2592,184,1032.0,84.91,1.0
2199,293,23,2793,586,1031.98,107.77,1.0
2200,57,18,2557,114,1031.96,70.19,1.0
2201,188,17,2688,376,1031.96,106.74,1.0
2202,139,23,2639,278,1031.93,72.74,1.0
2203,256,27,2756,512,1031.92,88.34,1.0
2204,96,18,2596,192,1031.9,89.79,1.0
2205,163,24,2663,326,1031.86,83.07,1.0
2206,65,20,2565,130,1031.85,69.34,1.0
2207,59,16,2559,118,1031.84,72.65,1.0
2208,187,15,2687,374,1031.83,118.17,1.0
2209,103,17,2603,206,1031.82,86.67,1.0
2210,275,16,2775,550,1031.82,103.86,1.0
2211,157,22,2657,314,1031.77,93.92,1.0
2212,204,26,2704,408,1031.77,86.86,1.0
2213,294,18,2794,588,1031.76,120.24,1.0
2214,193,26,2693,386,1031.75,81.79,1.0
2215,270,17,2770,540,1031.74,121.98,1.0
2216,133,20,2633,266,1031.73,88.78,1.0
2217,127,22,2627,254,1031.72,76.75,1.0
2218,156,21,2656,312,1031.72,88.81,1.0
2219,275,25,2775,550,1031.7,93.29,1.0
2220,293,21,2793,586,1031.7,105.59,1.0
2221,55,16,2555,110,1031.67,74.9,1.0
2222,104,14,2604,208,1031.67,94.85,1.0
2223,11,16,2511,22,1031.64,61.58,1.0
2224,170,21,2670,340,1031.64,91.26,1.0
2225,279,24,2779,558,1031.64,111.49,1.0
2226,6,18,2506,12,1031.62,60.85,1.0
2227,259,17,2759,518,1031.57,100.1,1.0
2228,288,27,2788,576,1031.57,91.48,1.0
2229,234,26,2734,468,1031.55,102.27,1.0
2230,36,20,2536,72,1031.53,72.54,1.0
2231,33,12,2533,66,1031.5,74.96,1.0
2232,215,26,2715,430,1031.5,77.68,1.0
2233,300,28,2800,600,1031.46,95.59,1.0
2234,93,15,2593,186,1031.43,86.26,1.0
2235,37,17,2537,74,1031.41,67.94,1.0
2236,132,16,2632,264,1031.38,90.34,1.0
2237,182,15,2682,364,1031.31,103.2,1.0
2238,69,21,2569,138,1031.27,75.49,1.0
2239,106,21,2606,212,1031.26,74.93,1.0
2240,246,15,2746,492,1031.26,110.57,1.0
2241,68,15,2568,136,1031.25,77.36,1.0
2242,264,26,2764,528,1031.24,84.81,1.0
2243,258,19,2758,516,1031.21,117.67,1.0
2244,234,15,2734,468,1031.17,123.12,1.0
2245,197,25,2697,394,1031.14,67.68,1.0
2246,206,16,2706,412,1031.09,96.32,1.0
2247,35,17,2535,70,1030.98,71.27,1.0
2248,21,15,2521,42,1030.95,73.31,1.0
2249,31,15,2531,62,1030.91,85.29,1.0
2250,284,16,2784,568,1030.91,129.23,1.0
2251,59,15,2559,118,1030.9,70.44,1.0
2252,262,15,2762,524,1030.9,115.14,1.0
2253,293,20,2793,586,1030.9,121.23,1.0
2254,170,22,2670,340,1030.87,88.68,1.0
2255,225,24,2725,450,1030.86,83.84,1.0
2256,252,26,2752,504,1030.86,87.36,1.0
2257,9,19,2509,18,1030.85,65.72,1.0
2258,105,17,2605,210,1030.84,91.1,1.0
2259,228,25,2728,456,1030.84,89.36,1.0
2260,174,23,2674,348,1030.83,90.4,1.0
2261,289,17,2789,578,1030.81,125.62,1.0
2262,241,15,2741,482,1030.76,121.38,1.0
2263,129,14,2629,258,1030.74,87.05,1.0
2264,196,23,2696,392,1030.74,85.63,1.0
2265,218,24,2718,436,1030.7,98.11,1.0
2266,229,17,2729,458,1030.68,119.41,1.0
2267,159,22,2659,318,1030.65,101.04,1.0
2268,171,15,2671,342,1030.65,100.63,1.0
2269,295,19,2795,590,1030.64,115.91,1.0
2270,51,13,2551,102,1030.6,78.46,1.0
2271,136,19,2636,272,1030.59,83.81,1.0
2272,178,26,2678,356,1030.54,83.24,1.0
2273,64,15,2564,128,1030.51,80.82,1.0
2274,106,18,2606,212,1030.47,82.91,1.0
2275,39,18,2539,78,1030.42,79.27,1.0
2276,156,22,2656,312,1030.42,91.51,1.0
2277,94,13,2594,188,1030.41,90.66,1.0
2278,134,19,2634,268,1030.41,80.2,1.0
2279,29,13,2529,58,1030.4,76.43,1.0
2280,43,22,2543,86,1030.38,78.58,1.0
2281,64,21,2564,128,1030.38,68.63,1.0
2282,294,27,2794,588,1030.38,86.97,1.0
2283,244,24,2744,488,1030.34,94.17,1.0
2284,182,24,2682,364,1030.3,80.32,1.0
2285,28,22,2528,56,1030.29,63.0,1.0
2286,53,20,2553,106,1030.19,59.45,1.0
2287,87,16,2587,174,1030.16,91.71,1.0
2288,286,27,2786,572,1030.16,88.27,1.0
2289,106,22,2606,212,1030.08,78.53,1.0
2290,110,15,2610,220,1030.03,101.6,1.0
2291,26,13,2526,52,1030.02,75.03,1.0
2292,50,19,2550,100,1030.0,66.05,1.0
2293,36,16,2536,72,1029.98,72.23,1.0
2294,300,18,2800,600,1029.98,120.2,1.0
2295,22,14,2522,44,1029.96,73.19,1.0
2296,3,21,2503,6,1029.95,62.06,1.0
2297,156,19,2656,312,1029.92,99.0,1.0
2298,111,14,2611,222,1029.91,87.18,1.0
2299,101,19,2601,202,1029.9,80.09,1.0
2300,179,15,2679,358,1029.9,112.52,1.0
2301,81,22,2581,162,1029.88,73.32,1.0
2302,275,24,2775,550,1029.87,94.74,1.0
2303,95,21,2595,190,1029.82,82.48,1.0
2304,105,15,2605,210,1029.79,92.99,1.0
2305,84,16,2584,168,1029.72,78.96,1.0
2306,96,17,2596,192,1029.72,89.41,1.0
2307,51,17,2551,102,1029.71,81.91,1.0
2308,168,16,2668,336,1029.71,90.59,1.0
2309,137,15,2637,274,1029.69,100.59,1.0
2310,119,14,2619,238,1029.68,91.22,1.0
2311,160,23,2660,320,1029.68,78.31,1.0
2312,145,21,2645,290,1029.64,93.42,1.0
2313,187,23,2687,374,1029.62,82.49,1.0
2314,209,19,2709,418,1029.57,101.81,1.0
2315,15,21,2515,30,1029.54,66.0,1.0
2316,250,17,2750,500,1029.54,113.87,1.0
2317,269,24,2769,538,1029.53,108.15,1.0
2318,299,29,2799,598,1029.53,94.71,1.0
2319,31,20,2531,62,1029.49,64.66,1.0
2320,70,21,2570,140,1029.49,67.28,1.0
2321,22,15,2522,44,1029.44,66.94,1.0
2322,298,28,2798,596,1029.44,87.09,1.0
2323,58,17,2558,116,1029.42,78.9,1.0
2324,101,18,2601,202,1029.42,87.96,1.0
2325,227,26,2727,454,1029.4,92.66,1.0
2326,23,13,2523,46,1029.39,68.16,1.0
2327,171,25,2671,342,1029.37,74.02,1.0
2328,232,15,2732,464,1029.37,118.33,1.0
2329,20,16,2520,40,1029.36,68.26,1.0
2330,54,13,2554,108,1029.34,93.26,1.0
2331,158,15,2658,316,1029.34,115.05,1.0
2332,259,26,2759,518,1029.32,97.84,1.0
2333,290,28,2790,580,1029.32,91.54,1.0
2334,46,14,2546,92,1029.28,81.38,1.0
2335,53,21,2553,106,1029.26,69.25,1.0
2336,181,16,2681,362,1029.23,102.5,1.0
2337,70,22,2570,140,1029.2,64.9,1.0
2338,40,18,2540,80,1029.13,69.53,1.0
2339,58,20,2558,116,1029.11,75.74,1.0
2340,76,23,2576,152,1029.07,72.41,1.0
2341,115,16,2615,230,1029.07,85.46,1.0
2342,63,20,2563,126,1029.06,72.22,1.0
2343,84,15,2584,168,1029.06,84.31,1.0
2344,75,20,2575,150,1029.04,64.9,1.0
2345,276,15,2776,552,1029.01,121.52,1.0
2346,221,23,2721,442,1029.0,90.4,1.0
2347,37,16,2537,74,1028.96,73.93,1.0
2348,18,20,2518,36,1028.95,62.86,1.0
2349,37,14,2537,74,1028.92,73.22,1.0
2350,113,13,2613,226,1028.91,93.05,1.0
2351,174,24,2674,348,1028.91,84.53,1.0
2352,155,17,2655,310,1028.9,98.06,1.0
2353,148,25,2648,296,1028.9,79.38,1.0
2354,292,17,2792,584,1028.86,116.55,1.0
2355,216,17,2716,432,1028.85,103.07,1.0
2356,184,25,2684,368,1028.84,87.52,1.0
2357,198,22,2698,396,1028.83,93.28,1.0
2358,87,22,2587,174,1028.81,74.3,1.0
2359,53,19,2553,106,1028.8,64.02,1.0
2360,233,27,2733,466,1028.79,88.84,1.0
2361,141,24,2641,282,1028.74,70.29,1.0
2362,190,24,2690,380,1028.74,89.71,1.0
2363,5,19,2505,10,1028.73,61.52,1.0
2364,167,25,2667,334,1028.71,77.98,1.0
2365,165,24,2665,330,1028.68,87.22,1.0
2366,275,17,2775,550,1028.67,122.69,1.0
2367,52,18,2552,104,1028.62,70.29,1.0
2368,136,15,2636,272,1028.61,91.46,1.0
2369,55,21,2555,110,1028.6,69.61,1.0
2370,91,16,2591,182,1028.58,91.3,1.0
2371,39,17,2539,78,1028.56,86.86,1.0
2372,275,23,2775,550,1028.56,112.45,1.0
2373,206,25,2706,412,1028.55,77.15,1.0
2374,0,21,2500,0,1028.54,59.71,1.0
2375,286,17,2786,572,1028.52,120.09,1.0
2376,191,24,2691,382,1028.49,80.42,1.0
2377,210,22,2710,420,1028.47,90.08,1.0
2378,21,14,2521,42,1028.44,72.62,1.0
2379,87,21,2587,174,1028.44,75.89,1.0
2380,207,17,2707,414,1028.43,105.9,1.0
2381,257,18,2757,514,1028.43,116.15,1.0
2382,140,24,2640,280,1028.39,78.8,1.0
2383,39,16,2539,78,1028.37,87.72,1.0
2384,180,25,2680,360,1028.34,79.25,1.0
2385,185,22,2685,370,1028.33,89.12,1.0
2386,247,26,2747,494,1028.3,91.56,1.0
2387,63,15,2563,126,1028.28,80.24,1.0
2388,168,23,2668,336,1028.26,80.06,1.0
2389,118,23,2618,236,1028.24,76.32,1.0
2390,77,22,2577,154,1028.18,65.73,1.0
2391,4,14,2504,8,1028.16,68.73,1.0
2392,153,14,2653,306,1028.11,102.61,1.0
2393,235,16,2735,470,1028.06,98.16,1.0
2394,61,15,2561,122,1028.05,81.67,1.0
2395,255,16,2755,510,1028.05,123.07,1.0
2396,205,15,2705,410,1028.0,104.98,1.0
2397,268,26,2768,536,1028.0,91.97,1.0
2398,108,15,2608,216,1027.96,93.93,1.0
2399,82,22,2582,164,1027.94,76.1,1.0
2400,72,14,2572,144,1027.93,91.05,1.0
2401,100,14,2600,200,1027.91,91.49,1.0
2402,185,23,2685,370,1027.9,89.52,1.0
2403,226,24,2726,452,1027.88,82.45,1.0
2404,237,27,2737,474,1027.88,95.43,1.0
2405,156,17,2656,312,1027.87,98.42,1.0
2406,113,25,2613,226,1027.86,75.87,1.0
2407,176,18,2676,352,1027.84,98.87,1.0
2408,97,22,2597,194,1027.83,75.15,1.0
2409,29,21,2529,58,1027.76,67.41,1.0
2410,66,19,2566,132,1027.76,68.56,1.0
2411,212,16,2712,424,1027.75,111.44,1.0
2412,150,24,2650,300,1027.73,83.27,1.0
2413,62,22,2562,124,1027.67,68.89,1.0
2414,123,17,2623,246,1027.67,89.4,1.0
2415,50,16,2550,100,1027.64,75.29,1.0
2416,166,24,2666,332,1027.63,80.9,1.0
2417,78,21,2578,156,1027.61,63.45,1.0
2418,271,26,2771,542,1027.6,83.05,1.0
2419,268,17,2768,536,1027.6,116.76,1.0
2420,59,20,2559,118,1027.57,67.77,1.0
2421,106,15,2606,212,1027.57,94.03,1.0
2422,238,27,2738,476,1027.56,90.61,1.0
2423,66,18,2566,132,1027.55,65.65,1.0
2424,105,21,2605,210,1027.49,88.4,1.0
2425,2,21,2502,4,1027.45,63.05,1.0
2426,222,27,2722,444,1027.45,86.16,1.0
2427,51,18,2551,102,1027.42,72.29,1.0
2428,209,18,2709,418,1027.4,98.85,1.0
2429,269,20,2769,538,1027.4,118.27,1.0
2430,19,21,2519,38,1027.38,68.65,1.0
2431,126,15,2626,252,1027.38,93.15,1.0
2432,1,19,2501,2,1027.37,59.84,1.0
2433,234,25,2734,468,1027.37,105.45,1.0
2434,147,15,2647,294,1027.36,96.2,1.0
2435,300,17,2800,600,1027.28,122.28,1.0
2436,126,13,2626,252,1027.24,89.66,1.0
2437,71,15,2571,142,1027.21,84.84,1.0
2438,262,26,2762,524,1027.2,85.93,1.0
2439,217,16,2717,434,1027.19,108.29,1.0
2440,61,20,2561,122,1027.16,76.2,1.0
2441,201,17,2701,402,1027.15,112.11,1.0
2442,103,22,2603,206,1027.14,65.55,1.0
2443,276,14,2776,552,1027.14,125.4,1.0
2444,210,23,2710,420,1027.12,88.29,1.0
2445,27,17,2527,54,1027.1,71.89,1.0
2446,53,16,2553,106,1027.06,71.41,1.0
2447,289,16,2789,578,1027.06,130.98,1.0
2448,9,15,2509,18,1027.05,64.52,1.0
2449,252,13,2752,504,1027.03,111.23,1.0
2450,66,21,2566,132,1027.02,58.75,1.0
2451,115,22,2615,230,1027.02,77.31,1.0
2452,80,23,2580,160,1026.96,75.62,1.0
2453,123,23,2623,246,1026.95,86.84,1.0
2454,188,23,2688,376,1026.9,87.12,1.0
2455,272,27,2772,544,1026.86,86.62,1.0
2456,253,18,2753,506,1026.85,104.81,1.0
2457,78,19,2578,156,1026.79,76.14,1.0
2458,291,15,2791,582,1026.77,126.23,1.0
2459,258,23,2758,516,1026.76,106.49,1.0
2460,120,21,2620,240,1026.74,77.49,1.0
2461,258,20,2758,516,1026.69,114.37,1.0
2462,260,25,2760,520,1026.66,101.84,1.0
2463,188,16,2688,376,1026.65,110.27,1.0
2464,251,15,2751,502,1026.64,126.58,1.0
2465,157,23,2657,314,1026.63,93.49,1.0
2466,130,16,2630,260,1026.61,102.1,1.0
2467,35,21,2535,70,1026.6,66.37,1.0
2468,232,24,2732,464,1026.59,103.65,1.0
2469,107,23,2607,214,1026.57,72.43,1.0
2470,108,22,2608,216,1026.55,69.41,1.0
2471,255,15,2755,510,1026.52,118.64,1.0
2472,41,12,2541,82,1026.47,75.94,1.0
2473,122,22,2622,244,1026.46,80.89,1.0
2474,124,16,2624,248,1026.46,88.03,1.0
2475,93,14,2593,186,1026.42,87.58,1.0
2476,79,22,2579,158,1026.41,79.87,1.0
2477,137,24,2637,274,1026.41,80.82,1.0
2478,198,16,2698,396,1026.38,107.41,1.0
2479,134,21,2634,268,1026.37,70.98,1.0
2480,20,14,2520,40,1026.34,79.77,1.0
2481,68,23,2568,136,1026.32,69.94,1.0
2482,84,22,2584,168,1026.32,63.0,1.0
2483,97,21,2597,194,1026.32,77.64,1.0
2484,266,16,2766,532,1026.32,109.82,1.0
2485,50,17,2550,100,1026.3,77.44,1.0
2486,32,19,2532,64,1026.28,59.05,1.0
2487,64,16,2564,128,1026.27,83.26,1.0
2488,143,13,2643,286,1026.26,110.09,1.0
2489,23,22,2523,46,1026.24,67.03,1.0
2490,7,21,2507,14,1026.23,59.71,1.0
2491,142,23,2642,284,1026.18,83.49,1.0
2492,253,17,2753,506,1026.18,102.3,1.0
2493,78,18,2578,156,1026.14,81.01,1.0
2494,239,27,2739,478,1026.11,97.22,1.0
2495,34,14,2534,68,1026.1,69.49,1.0
2496,218,16,2718,436,1026.1,111.29,1.0
2497,142,16,2642,284,1026.03,101.31,1.0
2498,152,23,2652,304,1026.01,82.59,1.0
2499,13,19,2513,26,1025.98,73.37,1.0
2500,41,22,2541,82,1025.95,67.59,1.0
2501,31,14,2531,62,1025.94,88.03,1.0
2502,153,24,2653,306,1025.94,83.83,1.0
2503,39,22,2539,78,1025.93,69.52,1.0
2504,120,22,2620,240,1025.9,82.79,1.0
2505,74,13,2574,148,1025.86,87.27,1.0
2506,174,25,2674,348,1025.86,71.5,1.0
2507,241,14,2741,482,1025.86,115.23,1.0
2508,226,23,2726,452,1025.77,76.42,1.0
2509,79,14,2579,158,1025.73,89.74,1.0
2510,21,20,2521,42,1025.72,59.74,1.0
2511,65,15,2565,130,1025.68,77.16,1.0
2512,223,15,2723,446,1025.68,111.93,1.0
2513,111,15,2611,222,1025.67,97.98,1.0
2514,256,14,2756,512,1025.67,130.12,1.0
2515,276,26,2776,552,1025.67,104.76,1.0
2516,240,26,2740,480,1025.65,86.66,1.0
2517,32,20,2532,64,1025.64,61.71,1.0
2518,174,14,2674,348,1025.64,101.09,1.0
2519,202,25,2702,404,1025.62,82.29,1.0
2520,44,21,2544,88,1025.59,59.53,1.0
2521,244,23,2744,488,1025.58,107.58,1.0
2522,267,26,2767,534,1025.58,88.48,1.0
2523,255,27,2755,510,1025.56,81.28,1.0
2524,283,27,2783,566,1025.56,100.81,1.0
2525,80,14,2580,160,1025.46,84.7,1.0
2526,176,24,2676,352,1025.46,79.04,1.0
2527,55,22,2555,110,1025.41,66.22,1.0
2528,295,20,2795,590,1025.39,122.13,1.0
2529,38,16,2538,76,1025.36,69.04,1.0
2530,54,23,2554,108,1025.35,69.25,1.0
2531,140,13,2640,280,1025.34,88.63,1.0
2532,269,18,2769,538,1025.34,110.72,1.0
2533,12,13,2512,24,1025.33,63.62,1.0
2534,9,20,2509,18,1025.26,61.24,1.0
2535,285,17,2785,570,1025.26,121.38,1.0
2536,162,25,2662,324,1025.18,84.69,1.0
2537,239,14,2739,478,1025.18,107.79,1.0
2538,131,16,2631,262,1025.17,84.95,1.0
2539,82,15,2582,164,1025.16,87.26,1.0
2540,138,25,2638,276,1025.16,72.96,1.0
2541,62,12,2562,124,1025.1,103.69,1.0
2542,101,22,2601,202,1025.05,78.66,1.0
2543,269,26,2769,538,1025.05,102.55,1.0
2544,88,14,2588,176,1025.01,85.74,1.0
2545,161,22,2661,322,1025.0,86.08,1.0
2546,253,16,2753,506,1025.0,109.27,1.0
2547,235,25,2735,470,1024.93,86.0,1.0
2548,18,13,2518,36,1024.9,73.82,1.0
2549,72,23,2572,144,1024.84,67.91,1.0
2550,18,19,2518,36,1024.78,63.13,1.0
2551,245,26,2745,490,1024.76,89.87,1.0
2552,134,22,2634,268,1024.75,73.03,1.0
2553,224,14,2724,448,1024.7,118.06,1.0
2554,191,16,2691,382,1024.68,100.07,1.0
2555,201,25,2701,402,1024.67,84.61,1.0
2556,65,16,2565,130,1024.65,79.18,1.0
2557,210,20,2710,420,1024.6,99.6,1.0
2558,78,23,2578,156,1024.58,76.45,1.0
2559,37,21,2537,74,1024.56,73.56,1.0
2560,59,22,2559,118,1024.55,74.42,1.0
2561,83,23,2583,166,1024.54,75.97,1.0
2562,229,25,2729,458,1024.52,90.41,1.0
2563,177,13,2677,354,1024.49,105.5,1.0
2564,287,15,2787,574,1024.49,133.64,1.0
2565,231,15,2731,462,1024.47,108.5,1.0
2566,233,15,2733,466,1024.47,118.1,1.0
2567,146,24,2646,292,1024.45,79.55,1.0
2568,38,15,2538,76,1024.4,75.28,1.0
2569,8,17,2508,16,1024.39,62.49,1.0
2570,296,27,2796,592,1024.39,91.86,1.0
2571,111,22,2611,222,1024.34,74.63,1.0
2572,297,16,2797,594,1024.34,104.54,1.0
2573,60,23,2560,120,1024.25,69.85,1.0
2574,286,25,2786,572,1024.25,92.05,1.0
2575,213,16,2713,426,1024.23,99.52,1.0
2576,258,21,2758,516,1024.22,112.48,1.0
2577,274,16,2774,548,1024.19,105.77,1.0
2578,13,17,2513,26,1024.16,71.15,1.0
2579,65,21,2565,130,1024.16,65.05,1.0
2580,115,15,2615,230,1024.15,88.07,1.0
2581,228,16,2728,456,1024.13,110.6,1.0
2582,276,13,2776,552,1024.13,127.66,1.0
2583,149,16,2649,298,1024.12,95.36,1.0
2584,261,26,2761,522,1024.11,88.78,1.0
2585,172,14,2672,344,1024.1,103.08,1.0
2586,221,21,2721,442,1024.08,96.22,1.0
2587,185,17,2685,370,1024.02,96.08,1.0
2588,53,15,2553,106,1023.98,72.08,1.0
2589,57,15,2557,114,1023.97,76.71,1.0
2590,90,23,2590,180,1023.97,77.44,1.0
2591,285,27,2785,570,1023.96,91.29,1.0
2592,27,18,2527,54,1023.94,68.44,1.0
2593,277,15,2777,554,1023.93,112.9,1.0
2594,3,14,2503,6,1023.89,77.69,1.0
2595,204,14,2704,408,1023.87,115.91,1.0
2596,251,26,2751,502,1023.87,85.3,1.0
2597,119,13,2619,238,1023.85,84.12,1.0
2598,56,21,2556,112,1023.84,59.03,1.0
2599,263,14,2763,526,1023.84,118.8,1.0
2600,64,14,2564,128,1023.81,86.39,1.0
2601,170,18,2670,340,1023.8,98.07,1.0
2602,117,15,2617,234,1023.78,97.8,1.0
2603,164,24,2664,328,1023.78,80.11,1.0
2604,218,15,2718,436,1023.78,104.2,1.0
2605,103,14,2603,206,1023.76,94.46,1.0
2606,186,20,2686,372,1023.72,93.5,1.0
2607,298,16,2798,596,1023.72,122.47,1.0
2608,98,15,2598,196,1023.66,86.3,1.0
2609,149,25,2649,298,1023.66,76.64,1.0
2610,226,16,2726,452,1023.66,114.49,1.0
2611,251,14,2751,502,1023.66,118.47,1.0
2612,267,16,2767,534,1023.65,115.02,1.0
2613,270,26,2770,540,1023.62,98.51,1.0
2614,13,16,2513,26,1023.6,74.38,1.0
2615,230,23,2730,460,1023.59,91.67,1.0
2616,240,18,2740,480,1023.58,103.4,1.0
2617,182,25,2682,364,1023.57,78.37,1.0
2618,101,17,2601,202,1023.53,82.27,1.0
2619,117,23,2617,234,1023.38,90.51,1.0
2620,95,22,2595,190,1023.36,75.83,1.0
2621,206,15,2706,412,1023.36,94.82,1.0
2622,276,27,2776,552,1023.35,99.3,1.0
2623,44,14,2544,88,1023.34,74.93,1.0
2624,92,22,2592,184,1023.33,83.43,1.0
2625,271,25,2771,542,1023.33,95.03,1.0
2626,50,15,2550,100,1023.28,71.11,1.0
2627,24,13,2524,48,1023.27,75.33,1.0
2628,97,17,2597,194,1023.25,87.89,1.0
2629,284,27,2784,568,1023.23,93.6,1.0
2630,159,14,2659,318,1023.18,104.23,1.0
2631,31,21,2531,62,1023.17,73.26,1.0
2632,67,22,2567,134,1023.17,72.08,1.0
2633,120,18,2620,240,1023.17,86.68,1.0
2634,82,23,2582,164,1023.14,72.2,1.0
2635,175,20,2675,350,1023.1,97.21,1.0
2636,176,17,2676,352,1023.1,91.9,1.0
2637,49,13,2549,98,1023.08,74.67,1.0
2638,180,14,2680,360,1023.06,94.31,1.0
2639,103,23,2603,206,1023.04,73.54,1.0
2640,42,15,2542,84,1023.02,72.28,1.0
2641,94,21,2594,188,1023.02,84.92,1.0
2642,205,26,2705,410,1023.01,86.08,1.0
2643,55,15,2555,110,1022.95,70.67,1.0
2644,53,22,2553,106,1022.94,65.8,1.0
2645,149,15,2649,298,1022.92,110.9,1.0
2646,16,12,2516,32,1022.85,76.83,1.0
2647,173,25,2673,346,1022.82,82.73,1.0
2648,300,27,2800,600,1022.81,90.79,1.0
2649,69,14,2569,138,1022.77,84.57,1.0
2650,267,27,2767,534,1022.76,84.18,1.0
2651,165,15,2665,330,1022.74,91.91,1.0
2652,277,14,2777,554,1022.69,117.52,1.0
2653,86,22,2586,172,1022.67,65.49,1.0
2654,299,15,2799,598,1022.67,135.1,1.0
2655,74,22,2574,148,1022.64,72.56,1.0
2656,162,16,2662,324,1022.61,110.43,1.0
2657,258,17,2758,516,1022.6,123.68,1.0
2658,152,17,2652,304,1022.57,94.78,1.0
2659,160,16,2660,320,1022.56,101.43,1.0
2660,50,18,2550,100,1022.54,70.25,1.0
2661,224,27,2724,448,1022.52,84.06,1.0
2662,155,18,2655,310,1022.48,104.96,1.0
2663,217,25,2717,434,1022.48,88.4,1.0
2664,102,14,2602,204,1022.47,88.39,1.0
2665,5,21,2505,10,1022.46,55.29,1.0
2666,50,20,2550,100,1022.46,65.71,1.0
2667,199,13,2699,398,1022.4,124.26,1.0
2668,258,24,2758,516,1022.4,99.01,1.0
2669,57,19,2557,114,1022.38,72.38,1.0
2670,210,19,2710,420,1022.38,104.53,1.0
2671,173,13,2673,346,1022.32,92.61,1.0
2672,12,22,2512,24,1022.3,62.99,1.0
2673,20,20,2520,40,1022.28,64.5,1.0
2674,152,24,2652,304,1022.28,84.02,1.0
2675,40,21,2540,80,1022.24,66.63,1.0
2676,250,26,2750,500,1022.24,91.56,1.0
2677,244,22,2744,488,1022.22,101.22,1.0
2678,92,15,2592,184,1022.19,95.11,1.0
2679,162,15,2662,324,1022.12,96.86,1.0
2680,111,23,2611,222,1022.0,72.24,1.0
2681,8,19,2508,16,1021.99,55.68,1.0
2682,227,27,2727,454,1021.99,83.53,1.0
2683,5,13,2505,10,1021.98,72.03,1.0
2684,244,17,2744,488,1021.98,113.49,1.0
2685,106,20,2606,212,1021.93,82.15,1.0
2686,258,22,2758,516,1021.93,105.14,1.0
2687,101,21,2601,202,1021.92,79.8,1.0
2688,3,20,2503,6,1021.86,63.02,1.0
2689,199,27,2699,398,1021.84,70.87,1.0
2690,189,17,2689,378,1021.83,97.35,1.0
2691,40,16,2540,80,1021.78,71.82,1.0
2692,198,25,2698,396,1021.78,82.1,1.0
2693,286,26,2786,572,1021.78,97.5,1.0
2694,56,14,2556,112,1021.74,74.88,1.0
2695,243,24,2743,486,1021.73,96.05,1.0
2696,91,22,2591,182,1021.71,78.56,1.0
2697,247,27,2747,494,1021.71,87.82,1.0
2698,290,15,2790,580,1021.69,134.28,1.0
2699,102,23,2602,204,1021.68,72.8,1.0
2700,8,18,2508,16,1021.67,57.3,1.0
2701,232,25,2732,464,1021.67,101.92,1.0
2702,145,18,2645,290,1021.66,98.36,1.0
2703,221,22,2721,442,1021.63,85.33,1.0
2704,129,24,2629,258,1021.62,79.31,1.0
2705,269,16,2769,538,1021.62,116.61,1.0
2706,180,26,2680,360,1021.61,73.36,1.0
2707,109,14,2609,218,1021.6,93.05,1.0
2708,116,14,2616,232,1021.6,87.86,1.0
2709,214,16,2714,428,1021.6,111.4,1.0
2710,203,26,2703,406,1021.58,78.77,1.0
2711,17,21,2517,34,1021.5,63.88,1.0
2712,189,26,2689,378,1021.5,86.21,1.0
2713,19,13,2519,38,1021.48,73.47,1.0
2714,118,13,2618,236,1021.41,103.22,1.0
2715,175,19,2675,350,1021.41,97.8,1.0
2716,274,15,2774,548,1021.4,121.42,1.0
2717,10,13,2510,20,1021.39,66.62,1.0
2718,77,14,2577,154,1021.38,76.94,1.0
2719,282,19,2782,564,1021.36,117.57,1.0
2720,96,22,2596,192,1021.34,79.01,1.0
2721,6,20,2506,12,1021.32,57.82,1.0
2722,160,24,2660,320,1021.32,81.35,1.0
2723,63,22,2563,126,1021.29,68.94,1.0
2724,32,14,2532,64,1021.28,76.55,1.0
2725,236,24,2736,472,1021.23,103.59,1.0
2726,103,18,2603,206,1021.21,91.63,1.0
2727,45,18,2545,90,1021.2,65.14,1.0
2728,100,13,2600,200,1021.2,85.54,1.0
2729,243,20,2743,486,1021.18,113.07,1.0
2730,34,20,2534,68,1021.17,65.67,1.0
2731,61,21,2561,122,1021.13,72.75,1.0
2732,192,15,2692,384,1021.09,102.99,1.0
2733,205,14,2705,410,1021.09,100.94,1.0
2734,252,27,2752,504,1021.04,87.43,1.0
2735,190,15,2690,380,1021.03,103.37,1.0
2736,110,23,2610,220,1021.02,70.18,1.0
2737,186,21,2686,372,1021.02,94.81,1.0
2738,57,20,2557,114,1020.99,70.86,1.0
2739,24,22,2524,48,1020.98,64.93,1.0
2740,144,23,2644,288,1020.97,79.93,1.0
2741,11,15,2511,22,1020.95,60.92,1.0
2742,63,16,2563,126,1020.94,80.81,1.0
2743,216,15,2716,432,1020.93,98.95,1.0
2744,9,13,2509,18,1020.92,65.97,1.0
2745,22,21,2522,44,1020.87,68.42,1.0
2746,86,16,2586,172,1020.85,78.49,1.0
2747,254,16,2754,508,1020.8,115.22,1.0
2748,45,16,2545,90,1020.72,69.71,1.0
2749,133,17,2633,266,1020.71,91.79,1.0
2750,241,26,2741,482,1020.71,82.62,1.0
2751,190,25,2690,380,1020.7,83.91,1.0
2752,185,24,2685,370,1020.69,84.47,1.0
2753,107,14,2607,214,1020.68,85.73,1.0
2754,183,13,2683,366,1020.68,106.56,1.0
2755,236,25,2736,472,1020.66,91.52,1.0
2756,36,15,2536,72,1020.65,71.54,1.0
2757,0,14,2500,0,1020.64,68.21,1.0
2758,262,27,2762,524,1020.54,85.19,1.0
2759,293,26,2793,586,1020.51,105.13,1.0
2760,10,14,2510,20,1020.5,66.69,1.0
2761,70,23,2570,140,1020.49,66.15,1.0
2762,270,27,2770,540,1020.44,100.72,1.0
2763,85,12,2585,170,1020.43,92.77,1.0
2764,221,25,2721,442,1020.39,75.04,1.0
2765,212,15,2712,424,1020.36,114.38,1.0
2766,244,18,2744,488,1020.32,115.25,1.0
2767,125,13,2625,250,1020.3,93.98,1.0
2768,87,23,2587,174,1020.28,75.21,1.0
2769,142,15,2642,284,1020.27,97.55,1.0
2770,36,21,2536,72,1020.2,67.48,1.0
2771,59,14,2559,118,1020.18,73.06,1.0
2772,168,17,2668,336,1020.18,96.44,1.0
2773,209,17,2709,418,1020.18,104.16,1.0
2774,163,25,2663,326,1020.16,82.42,1.0
2775,210,24,2710,420,1020.1,83.89,1.0
2776,15,22,2515,30,1020.09,62.85,1.0
2777,128,22,2628,256,1020.07,92.07,1.0
2778,47,23,2547,94,1020.06,64.72,1.0
2779,249,27,2749,498,1020.06,87.8,1.0
2780,183,12,2683,366,1020.04,114.78,1.0
2781,58,21,2558,116,1020.0,70.05,1.0
2782,122,23,2622,244,1019.97,88.84,1.0
2783,49,22,2549,98,1019.96,67.92,1.0
2784,40,17,2540,80,1019.95,71.49,1.0
2785,286,16,2786,572,1019.92,130.84,1.0
2786,61,16,2561,122,1019.89,75.64,1.0
2787,256,28,2756,512,1019.87,87.4,1.0
2788,93,23,2593,186,1019.81,69.93,1.0
2789,90,22,2590,180,1019.8,76.32,1.0
2790,97,16,2597,194,1019.8,87.58,1.0
2791,96,16,2596,192,1019.78,89.91,1.0
2792,133,22,2633,266,1019.77,83.31,1.0
2793,26,22,2526,52,1019.76,61.58,1.0
2794,8,15,2508,16,1019.74,67.59,1.0
2795,103,15,2603,206,1019.74,97.59,1.0
2796,115,23,2615,230,1019.73,80.2,1.0
2797,25,22,2525,50,1019.72,57.7,1.0
2798,128,20,2628,256,1019.7,94.39,1.0
2799,154,24,2654,308,1019.68,77.76,1.0
2800,262,17,2762,524,1019.68,111.17,1.0
2801,115,24,2615,230,1019.64,75.62,1.0
2802,4,21,2504,8,1019.62,64.83,1.0
2803,126,25,2626,252,1019.6,71.92,1.0
2804,225,16,2725,450,1019.6,107.8,1.0
2805,13,15,2513,26,1019.59,71.8,1.0
2806,265,15,2765,530,1019.54,118.84,1.0
2807,78,17,2578,156,1019.48,80.06,1.0
2808,242,17,2742,484,1019.44,130.57,1.0
2809,21,21,2521,42,1019.43,70.11,1.0
2810,99,23,2599,198,1019.42,78.53,1.0
2811,120,17,2620,240,1019.42,93.06,1.0
2812,51,21,2551,102,1019.41,71.35,1.0
2813,192,24,2692,384,1019.36,96.83,1.0
2814,109,23,2609,218,1019.31,72.71,1.0
2815,9,14,2509,18,1019.3,66.51,1.0
2816,146,14,2646,292,1019.3,94.05,1.0
2817,152,16,2652,304,1019.3,98.3,1.0
2818,206,26,2706,412,1019.28,82.18,1.0
2819,229,16,2729,458,1019.28,113.04,1.0
2820,292,27,2792,584,1019.19,95.67,1.0
2821,6,15,2506,12,1019.18,61.96,1.0
2822,30,12,2530,60,1019.15,79.19,1.0
2823,118,25,2618,236,1019.13,72.88,1.0
2824,282,25,2782,564,1019.09,90.18,1.0
2825,100,23,2600,200,1019.07,74.53,1.0
2826,40,20,2540,80,1019.05,69.57,1.0
2827,121,13,2621,242,1019.02,96.48,1.0
2828,208,25,2708,416,1018.99,89.72,1.0
2829,20,15,2520,40,1018.98,75.62,1.0
2830,66,15,2566,132,1018.98,69.34,1.0
2831,264,16,2764,528,1018.95,112.23,1.0
2832,137,13,2637,274,1018.94,97.54,1.0
2833,226,25,2726,452,1018.93,83.16,1.0
2834,179,26,2679,358,1018.92,73.66,1.0
2835,262,16,2762,524,1018.9,114.13,1.0
2836,230,24,2730,460,1018.86,103.42,1.0
2837,186,19,2686,372,1018.82,101.9,1.0
2838,140,14,2640,280,1018.81,103.65,1.0
2839,243,26,2743,486,1018.75,98.45,1.0
2840,20,13,2520,40,1018.72,75.18,1.0
2841,88,24,2588,176,1018.72,68.34,1.0
2842,140,25,2640,280,1018.72,70.34,1.0
2843,135,14,2635,270,1018.71,96.13,1.0
2844,1,18,2501,2,1018.7,57.72,1.0
2845,187,14,2687,374,1018.7,106.92,1.0
2846,15,12,2515,30,1018.69,69.99,1.0
2847,117,14,2617,234,1018.68,92.0,1.0
2848,35,15,2535,70,1018.61,76.7,1.0
2849,95,23,2595,190,1018.61,78.09,1.0
2850,288,16,2788,576,1018.56,114.38,1.0
2851,156,16,2656,312,1018.53,98.72,1.0
2852,281,18,2781,562,1018.53,104.18,1.0
2853,90,13,2590,180,1018.52,88.65,1.0
2854,166,17,2666,332,1018.5,101.48,1.0
2855,216,25,2716,432,1018.5,80.9,1.0
2856,130,15,2630,260,1018.45,97.83,1.0
2857,146,25,2646,292,1018.44,82.7,1.0
2858,187,24,2687,374,1018.44,88.68,1.0
2859,85,24,2585,170,1018.43,73.36,1.0
2860,266,26,2766,532,1018.43,92.65,1.0
2861,297,26,2797,594,1018.4,98.42,1.0
2862,232,26,2732,464,1018.39,92.28,1.0
2863,73,14,2573,146,1018.36,80.1,1.0
2864,282,17,2782,564,1018.34,113.55,1.0
2865,279,27,2779,558,1018.34,91.85,1.0
2866,186,22,2686,372,1018.32,88.55,1.0
2867,51,20,2551,102,1018.3,70.57,1.0
2868,114,14,2614,228,1018.29,87.16,1.0
2869,92,14,2592,184,1018.26,99.86,1.0
2870,238,15,2738,476,1018.21,118.12,1.0
2871,258,18,2758,516,1018.18,125.62,1.0
2872,186,23,2686,372,1018.16,86.72,1.0
2873,245,27,2745,490,1018.16,87.12,1.0
2874,32,13,2532,64,1018.13,68.55,1.0
2875,221,18,2721,442,1018.03,102.55,1.0
2876,95,15,2595,190,1018.02,83.92,1.0
2877,194,26,2694,388,1017.98,85.03,1.0
2878,250,16,2750,500,1017.97,114.14,1.0
2879,87,15,2587,174,1017.9,89.57,1.0
2880,270,16,2770,540,1017.89,113.1,1.0
2881,143,25,2643,286,1017.79,78.11,1.0
2882,52,19,2552,104,1017.75,71.26,1.0
2883,170,16,2670,340,1017.75,110.65,1.0
2884,223,16,2723,446,1017.74,116.43,1.0
2885,289,29,2789,578,1017.74,85.99,1.0
2886,175,21,2675,350,1017.68,93.42,1.0
2887,14,12,2514,28,1017.64,74.82,1.0
2888,89,14,2589,178,1017.64,87.25,1.0
2889,141,16,2641,282,1017.6,94.56,1.0
2890,73,22,2573,146,1017.56,68.6,1.0
2891,195,16,2695,390,1017.55,111.07,1.0
2892,0,13,2500,0,1017.47,73.56,1.0
2893,7,13,2507,14,1017.47,77.56,1.0
2894,261,16,2761,522,1017.44,118.52,1.0
2895,246,27,2746,492,1017.43,89.76,1.0
2896,256,13,2756,512,1017.42,136.0,1.0
2897,201,16,2701,402,1017.37,114.74,1.0
2898,244,16,2744,488,1017.34,121.47,1.0
2899,45,20,2545,90,1017.33,63.06,1.0
2900,52,17,2552,104,1017.32,72.1,1.0
2901,170,24,2670,340,1017.32,92.68,1.0
2902,288,28,2788,576,1017.3,87.8,1.0
2903,120,15,2620,240,1017.27,90.37,1.0
2904,217,26,2717,434,1017.24,83.74,1.0
2905,75,21,2575,150,1017.22,70.78,1.0
2906,76,13,2576,152,1017.14,89.36,1.0
2907,161,23,2661,322,1017.13,94.38,1.0
2908,169,24,2669,338,1017.13,89.27,1.0
2909,271,15,2771,542,1017.13,119.9,1.0
2910,42,22,2542,84,1017.1,62.5,1.0
2911,155,22,2655,310,1017.05,93.27,1.0
2912,275,26,2775,550,1017.01,103.14,1.0
2913,263,28,2763,526,1017.0,87.56,1.0
2914,13,14,2513,26,1016.98,67.39,1.0
2915,61,14,2561,122,1016.98,86.5,1.0
2916,68,13,2568,136,1016.98,86.89,1.0
2917,133,23,2633,266,1016.97,79.69,1.0
2918,43,13,2543,86,1016.96,80.05,1.0
2919,192,25,2692,384,1016.94,82.61,1.0
2920,222,14,2722,444,1016.93,117.03,1.0
2921,1,16,2501,2,1016.84,61.34,1.0
2922,223,25,2723,446,1016.84,85.33,1.0
2923,9,21,2509,18,1016.82,59.24,1.0
2924,45,15,2545,90,1016.8,75.65,1.0
2925,249,26,2749,498,1016.79,94.96,1.0
2926,78,22,2578,156,1016.75,71.42,1.0
2927,42,14,2542,84,1016.74,69.27,1.0
2928,53,17,2553,106,1016.64,68.88,1.0
2929,295,18,2795,590,1016.54,124.04,1.0
2930,228,26,2728,456,1016.53,94.28,1.0
2931,91,14,2591,182,1016.48,86.35,1.0
2932,170,17,2670,340,1016.46,101.84,1.0
2933,110,22,2610,220,1016.44,84.11,1.0
2934,267,17,2767,534,1016.44,115.58,1.0
2935,248,27,2748,496,1016.42,89.02,1.0
2936,150,15,2650,300,1016.41,106.51,1.0
2937,39,14,2539,78,1016.37,81.32,1.0
2938,96,15,2596,192,1016.34,92.42,1.0
2939,197,26,2697,394,1016.32,75.91,1.0
2940,259,16,2759,518,1016.28,110.88,1.0
2941,259,27,2759,518,1016.28,88.88,1.0
2942,67,13,2567,134,1016.27,88.01,1.0
2943,22,13,2522,44,1016.26,72.84,1.0
2944,69,23,2569,138,1016.26,70.42,1.0
2945,118,24,2618,236,1016.25,73.99,1.0
2946,161,15,2661,322,1016.18,93.6,1.0
2947,158,14,2658,316,1016.16,103.09,1.0
2948,68,14,2568,136,1016.15,86.5,1.0
2949,138,14,2638,276,1016.13,99.74,1.0
2950,145,23,2645,290,1016.09,80.81,1.0
2951,181,25,2681,362,1016.08,89.51,1.0
2952,220,15,2720,440,1016.05,118.66,1.0
2953,155,23,2655,310,1016.04,93.82,1.0
2954,127,23,2627,254,1016.03,80.61,1.0
2955,21,13,2521,42,1016.02,79.54,1.0
2956,105,23,2605,210,1016.0,82.76,1.0
2957,266,15,2766,532,1015.99,115.55,1.0
2958,225,25,2725,450,1015.98,90.2,1.0
2959,84,23,2584,168,1015.95,67.31,1.0
2960,60,12,2560,120,1015.9,90.44,1.0
2961,95,13,2595,190,1015.86,91.01,1.0
2962,176,16,2676,352,1015.86,116.23,1.0
2963,282,26,2782,564,1015.82,92.0,1.0
2964,46,13,2546,92,1015.8,71.93,1.0
2965,51,22,2551,102,1015.67,65.45,1.0
2966,17,13,2517,34,1015.65,72.09,1.0
2967,70,14,2570,140,1015.65,75.96,1.0
2968,269,25,2769,538,1015.65,97.54,1.0
2969,25,13,2525,50,1015.64,76.09,1.0
2970,37,13,2537,74,1015.6,79.52,1.0
2971,128,16,2628,256,1015.58,84.36,1.0
2972,131,15,2631,262,1015.56,99.19,1.0
2973,166,18,2666,332,1015.48,96.39,1.0
2974,215,14,2715,430,1015.48,120.22,1.0
2975,226,15,2726,452,1015.48,118.29,1.0
2976,134,17,2634,268,1015.46,81.75,1.0
2977,90,14,2590,180,1015.44,92.55,1.0
2978,94,23,2594,188,1015.4,74.56,1.0
2979,66,22,2566,132,1015.37,60.53,1.0
2980,58,15,2558,116,1015.31,80.14,1.0
2981,20,21,2520,40,1015.3,65.4,1.0
2982,8,21,2508,16,1015.29,55.38,1.0
2983,219,14,2719,438,1015.24,119.76,1.0
2984,248,15,2748,496,1015.2,113.87,1.0
2985,132,24,2632,264,1015.17,78.35,1.0
2986,11,14,2511,22,1015.15,70.73,1.0
2987,165,25,2665,330,1015.1,81.79,1.0
2988,63,21,2563,126,1015.09,74.09,1.0
2989,264,27,2764,528,1015.02,86.27,1.0
2990,1,14,2501,2,1015.0,71.25,1.0
2991,289,14,2789,578,1014.99,128.38,1.0
2992,291,16,2791,582,1014.98,140.44,1.0
2993,254,25,2754,508,1014.93,87.96,1.0
2994,292,28,2792,584,1014.92,88.48,1.0
2995,150,14,2650,300,1014.91,107.53,1.0
2996,120,23,2620,240,1014.89,86.37,1.0
2997,207,25,2707,414,1014.88,90.53,1.0
2998,74,23,2574,148,1014.87,64.17,1.0
2999,121,24,2621,242,1014.87,75.58,1.0
3000,77,23,2577,154,1014.86,66.64,1.0
3001,123,24,2623,246,1014.84,83.54,1.0
3002,285,16,2785,570,1014.83,115.41,1.0
3003,58,16,2558,116,1014.82,75.04,1.0
3004,110,24,2610,220,1014.81,76.41,1.0
3005,148,13,2648,296,1014.8,93.4,1.0
3006,13,20,2513,26,1014.75,69.0,1.0
3007,175,15,2675,350,1014.71,94.56,1.0
3008,131,24,2631,262,1014.68,74.68,1.0
3009,137,25,2637,274,1014.66,80.98,1.0
3010,207,16,2707,414,1014.54,106.12,1.0
3011,221,26,2721,442,1014.54,80.52,1.0
3012,50,21,2550,100,1014.5,68.87,1.0
3013,108,14,2608,216,1014.5,88.13,1.0
3014,214,25,2714,428,1014.5,83.56,1.0
3015,215,27,2715,430,1014.5,82.19,1.0
3016,247,16,2747,494,1014.5,119.96,1.0
3017,200,27,2700,400,1014.49,67.34,1.0
3018,245,16,2745,490,1014.49,114.74,1.0
3019,145,17,2645,290,1014.46,95.15,1.0
3020,52,20,2552,104,1014.42,66.88,1.0
3021,128,14,2628,256,1014.41,97.22,1.0
3022,91,15,2591,182,1014.34,86.84,1.0
3023,145,22,2645,290,1014.33,94.65,1.0
3024,6,21,2506,12,1014.27,62.19,1.0
3025,128,15,2628,256,1014.27,90.55,1.0
3026,177,26,2677,354,1014.25,76.6,1.0
3027,54,12,2554,108,1014.21,89.87,1.0
3028,1,20,2501,2,1014.14,58.91,1.0
3029,164,14,2664,328,1014.13,105.72,1.0
3030,200,14,2700,400,1014.08,108.18,1.0
3031,59,23,2559,118,1013.97,66.79,1.0
3032,76,24,2576,152,1013.97,66.59,1.0
3033,287,28,2787,574,1013.97,101.92,1.0
3034,30,23,2530,60,1013.94,62.5,1.0
3035,93,13,2593,186,1013.87,89.64,1.0
3036,8,16,2508,16,1013.86,67.82,1.0
3037,108,23,2608,216,1013.85,69.8,1.0
3038,91,24,2591,182,1013.8,63.58,1.0
3039,33,23,2533,66,1013.76,61.75,1.0
3040,44,22,2544,88,1013.74,60.0,1.0
3041,38,13,2538,76,1013.69,86.99,1.0
3042,127,14,2627,254,1013.66,94.08,1.0
3043,257,19,2757,514,1013.66,116.27,1.0
3044,61,22,2561,122,1013.6,73.13,1.0
3045,38,22,2538,76,1013.52,63.02,1.0
3046,50,14,2550,100,1013.45,75.69,1.0
3047,175,22,2675,350,1013.43,81.29,1.0
3048,265,28,2765,530,1013.4,90.06,1.0
3049,67,23,2567,134,1013.39,69.59,1.0
3050,210,18,2710,420,1013.35,104.86,1.0
3051,114,24,2614,228,1013.3,76.3,1.0
3052,84,14,2584,168,1013.28,74.67,1.0
3053,221,17,2721,442,1013.25,98.89,1.0
3054,236,17,2736,472,1013.21,101.16,1.0
3055,53,18,2553,106,1013.18,71.5,1.0
3056,72,13,2572,144,1013.11,85.08,1.0
3057,5,12,2505,10,1013.1,72.57,1.0
3058,143,12,2643,286,1012.99,107.63,1.0
3059,296,28,2796,592,1012.83,85.84,1.0
3060,202,14,2702,404,1012.78,107.92,1.0
3061,291,27,2791,582,1012.76,104.26,1.0
3062,285,28,2785,570,1012.69,96.5,1.0
3063,46,22,2546,92,1012.63,62.11,1.0
3064,147,14,2647,294,1012.5,98.3,1.0
3065,44,13,2544,88,1012.44,76.16,1.0
3066,230,17,2730,460,1012.44,101.05,1.0
3067,58,22,2558,116,1012.36,71.91,1.0
3068,8,20,2508,16,1012.3,61.57,1.0
3069,58,14,2558,116,1012.24,81.42,1.0
3070,293,27,2793,586,1012.24,113.92,1.0
3071,172,25,2672,344,1012.2,88.21,1.0
3072,220,25,2720,440,1012.2,88.93,1.0
3073,19,22,2519,38,1012.19,65.24,1.0
3074,45,19,2545,90,1012.15,67.16,1.0
3075,130,14,2630,260,1012.15,94.67,1.0
3076,222,13,2722,444,1012.13,120.39,1.0
3077,111,13,2611,222,1012.11,93.89,1.0
3078,46,23,2546,92,1012.08,65.66,1.0
3079,139,24,2639,278,1012.02,83.77,1.0
3080,139,15,2639,278,1012.01,97.05,1.0
3081,151,25,2651,302,1011.98,77.42,1.0
3082,41,23,2541,82,1011.96,59.0,1.0
3083,125,25,2625,250,1011.96,72.51,1.0
3084,81,13,2581,162,1011.95,98.6,1.0
3085,155,16,2655,310,1011.94,103.25,1.0
3086,288,15,2788,576,1011.94,117.18,1.0
3087,176,15,2676,352,1011.9,104.42,1.0
3088,167,26,2667,334,1011.84,77.55,1.0
3089,246,14,2746,492,1011.77,120.84,1.0
3090,32,21,2532,64,1011.74,63.44,1.0
3091,273,27,2773,546,1011.72,86.49,1.0
3092,279,15,2779,558,1011.68,106.27,1.0
3093,36,22,2536,72,1011.66,61.62,1.0
3094,81,23,2581,162,1011.66,77.15,1.0
3095,290,29,2790,580,1011.64,89.79,1.0
3096,175,17,2675,350,1011.6,97.69,1.0
3097,8,14,2508,16,1011.57,68.23,1.0
3098,250,27,2750,500,1011.55,80.87,1.0
3099,156,20,2656,312,1011.54,94.63,1.0
3100,94,22,2594,188,1011.5,80.96,1.0
3101,169,14,2669,338,1011.49,103.5,1.0
3102,254,26,2754,508,1011.44,91.24,1.0
3103,198,15,2698,396,1011.43,102.09,1.0
3104,150,25,2650,300,1011.42,86.84,1.0
3105,272,15,2772,544,1011.42,115.74,1.0
3106,112,24,2612,224,1011.39,69.1,1.0
3107,21,12,2521,42,1011.38,80.32,1.0
3108,114,23,2614,228,1011.36,78.44,1.0
3109,278,14,2778,556,1011.36,117.51,1.0
3110,209,25,2709,418,1011.29,103.94,1.0
3111,64,13,2564,128,1011.27,75.7,1.0
3112,48,22,2548,96,1011.24,68.4,1.0
3113,73,13,2573,146,1011.24,83.75,1.0
3114,281,17,2781,562,1011.22,121.73,1.0
3115,86,23,2586,172,1011.18,74.51,1.0
3116,28,23,2528,56,1011.17,61.57,1.0
3117,265,29,2765,530,1011.14,86.19,1.0
3118,31,13,2531,62,1011.12,82.61,1.0
3119,36,14,2536,72,1011.1,76.05,1.0
3120,130,23,2630,260,1011.09,79.54,1.0
3121,122,15,2622,244,1011.04,91.63,1.0
3122,296,15,2796,592,1011.04,120.34,1.0
3123,119,25,2619,238,1010.94,69.91,1.0
3124,63,14,2563,126,1010.86,85.75,1.0
3125,164,25,2664,328,1010.86,85.89,1.0
3126,232,14,2732,464,1010.86,115.67,1.0
3127,283,15,2783,566,1010.85,117.01,1.0
3128,249,18,2749,498,1010.82,107.82,1.0
3129,92,23,2592,184,1010.73,77.06,1.0
3130,4,13,2504,8,1010.72,75.19,1.0
3131,168,24,2668,336,1010.7,82.43,1.0
3132,152,15,2652,304,1010.69,90.08,1.0
3133,88,13,2588,176,1010.64,88.48,1.0
3134,124,15,2624,248,1010.63,91.19,1.0
3135,75,22,2575,150,1010.6,74.82,1.0
3136,175,23,2675,350,1010.57,93.81,1.0
3137,47,12,2547,94,1010.56,79.54,1.0
3138,122,14,2622,244,1010.54,96.43,1.0
3139,194,13,2694,388,1010.53,111.82,1.0
3140,14,23,2514,28,1010.5,59.74,1.0
3141,31,12,2531,62,1010.5,81.58,1.0
3142,63,13,2563,126,1010.46,84.4,1.0
3143,242,27,2742,484,1010.4,95.66,1.0
3144,56,22,2556,112,1010.39,60.53,1.0
3145,196,25,2696,392,1010.37,85.71,1.0
3146,4,22,2504,8,1010.36,59.33,1.0
3147,211,27,2711,422,1010.34,80.17,1.0
3148,28,11,2528,56,1010.31,81.5,1.0
3149,221,19,2721,442,1010.3,98.04,1.0
3150,69,13,2569,138,1010.28,89.53,1.0
3151,56,13,2556,112,1010.26,80.55,1.0
3152,43,23,2543,86,1010.19,65.79,1.0
3153,211,13,2711,422,1010.1,110.15,1.0
3154,268,16,2768,536,1010.02,122.71,1.0
3155,217,15,2717,434,1010.01,110.7,1.0
3156,82,14,2582,164,1010.0,82.96,1.0
3157,214,26,2714,428,1009.99,79.22,1.0
3158,136,24,2636,272,1009.98,67.54,1.0
3159,280,24,2780,560,1009.97,106.21,1.0
3160,124,24,2624,248,1009.93,80.36,1.0
3161,161,25,2661,322,1009.93,81.93,1.0
3162,144,15,2644,288,1009.9,95.67,1.0
3163,13,21,2513,26,1009.87,69.3,1.0
3164,157,20,2657,314,1009.86,103.53,1.0
3165,157,24,2657,314,1009.85,91.56,1.0
3166,134,15,2634,268,1009.83,87.14,1.0
3167,223,26,2723,446,1009.83,93.0,1.0
3168,89,13,2589,178,1009.82,86.25,1.0
3169,198,26,2698,396,1009.82,83.82,1.0
3170,208,26,2708,416,1009.78,92.02,1.0
3171,218,25,2718,436,1009.74,104.7,1.0
3172,11,21,2511,22,1009.71,58.33,1.0
3173,98,24,2598,196,1009.71,70.65,1.0
3174,109,24,2609,218,1009.71,74.65,1.0
3175,214,27,2714,428,1009.7,82.38,1.0
3176,280,20,2780,560,1009.65,108.08,1.0
3177,2,11,2502,4,1009.62,74.99,1.0
3178,135,25,2635,270,1009.6,76.82,1.0
3179,178,12,2678,356,1009.57,116.22,1.0
3180,96,23,2596,192,1009.56,69.85,1.0
3181,89,23,2589,178,1009.55,75.11,1.0
3182,252,28,2752,504,1009.52,85.6,1.0
3183,16,23,2516,32,1009.48,61.58,1.0
3184,167,15,2667,334,1009.45,97.48,1.0
3185,34,13,2534,68,1009.44,70.59,1.0
3186,60,24,2560,120,1009.41,69.55,1.0
3187,57,21,2557,114,1009.39,65.58,1.0
3188,186,24,2686,372,1009.39,83.19,1.0
3189,85,11,2585,170,1009.38,94.17,1.0
3190,49,23,2549,98,1009.34,59.38,1.0
3191,23,12,2523,46,1009.3,76.1,1.0
3192,280,22,2780,560,1009.26,96.69,1.0
3193,39,12,2539,78,1009.15,81.95,1.0
3194,93,24,2593,186,1009.09,66.93,1.0
3195,154,15,2654,308,1009.08,104.07,1.0
3196,23,23,2523,46,1009.06,63.89,1.0
3197,228,15,2728,456,1008.98,114.82,1.0
3198,45,17,2545,90,1008.94,69.8,1.0
3199,188,24,2688,376,1008.92,88.04,1.0
3200,157,21,2657,314,1008.9,100.29,1.0
3201,146,13,2646,292,1008.86,98.82,1.0
3202,196,15,2696,392,1008.86,102.98,1.0
3203,239,28,2739,478,1008.85,90.62,1.0
3204,45,21,2545,90,1008.82,68.08,1.0
3205,213,25,2713,426,1008.82,96.38,1.0
3206,25,12,2525,50,1008.8,73.72,1.0
3207,293,19,2793,586,1008.8,122.71,1.0
3208,94,12,2594,188,1008.75,90.87,1.0
3209,65,22,2565,130,1008.71,68.02,1.0
3210,212,25,2712,424,1008.69,103.84,1.0
3211,283,14,2783,566,1008.69,136.67,1.0
3212,241,27,2741,482,1008.58,84.66,1.0
3213,104,23,2604,208,1008.54,77.68,1.0
3214,145,16,2645,290,1008.5,99.84,1.0
3215,16,11,2516,32,1008.49,71.88,1.0
3216,29,22,2529,58,1008.49,65.03,1.0
3217,20,22,2520,40,1008.43,63.97,1.0
3218,157,19,2657,314,1008.41,97.07,1.0
3219,2,22,2502,4,1008.37,63.09,1.0
3220,116,24,2616,232,1008.37,81.82,1.0
3221,293,18,2793,586,1008.35,126.36,1.0
3222,64,22,2564,128,1008.34,73.04,1.0
3223,144,24,2644,288,1008.32,87.48,1.0
3224,18,12,2518,36,1008.3,75.86,1.0
3225,1,15,2501,2,1008.28,66.27,1.0
3226,67,12,2567,134,1008.23,83.9,1.0
3227,48,15,2548,96,1008.21,80.5,1.0
3228,273,15,2773,546,1008.18,120.54,1.0
3229,267,15,2767,534,1008.18,108.09,1.0
3230,181,15,2681,362,1008.15,105.79,1.0
3231,132,15,2632,264,1008.06,96.31,1.0
3232,294,17,2794,588,1008.04,123.75,1.0
3233,186,18,2686,372,1007.99,97.82,1.0
3234,51,12,2551,102,1007.97,74.14,1.0
3235,79,23,2579,158,1007.92,70.51,1.0
3236,175,16,2675,350,1007.92,98.09,1.0
3237,32,12,2532,64,1007.9,74.29,1.0
3238,77,13,2577,154,1007.77,78.42,1.0
3239,177,12,2677,354,1007.64,107.36,1.0
3240,99,14,2599,198,1007.61,94.72,1.0
3241,135,13,2635,270,1007.57,93.78,1.0
3242,101,23,2601,202,1007.55,77.96,1.0
3243,292,16,2792,584,1007.5,123.02,1.0
3244,83,13,2583,166,1007.49,90.57,1.0
3245,3,13,2503,6,1007.48,76.37,1.0
3246,111,24,2611,222,1007.26,66.88,1.0
3247,42,23,2542,84,1007.25,61.11,1.0
3248,45,14,2545,90,1007.09,72.04,1.0
3249,287,14,2787,574,1007.0,116.87,1.0
3250,34,21,2534,68,1006.97,61.41,1.0
3251,126,26,2626,252,1006.9,75.53,1.0
3252,187,13,2687,374,1006.89,118.59,1.0
3253,142,24,2642,284,1006.88,83.34,1.0
3254,237,28,2737,474,1006.88,97.01,1.0
3255,0,22,2500,0,1006.84,59.54,1.0
3256,271,27,2771,542,1006.83,85.1,1.0
3257,294,28,2794,588,1006.81,88.52,1.0
3258,75,23,2575,150,1006.76,76.74,1.0
3259,86,15,2586,172,1006.7,79.0,1.0
3260,12,12,2512,24,1006.69,74.3,1.0
3261,231,27,2731,462,1006.64,84.22,1.0
3262,27,16,2527,54,1006.62,68.79,1.0
3263,42,13,2542,84,1006.6,76.35,1.0
3264,147,25,2647,294,1006.58,73.85,1.0
3265,180,27,2680,360,1006.57,75.97,1.0
3266,152,25,2652,304,1006.48,80.72,1.0
3267,120,16,2620,240,1006.46,96.52,1.0
3268,72,24,2572,144,1006.4,72.76,1.0
3269,221,16,2721,442,1006.34,95.83,1.0
3270,75,15,2575,150,1006.26,81.28,1.0
3271,157,17,2657,314,1006.26,108.7,1.0
3272,102,24,2602,204,1006.21,73.51,1.0
3273,24,12,2524,48,1006.2,80.2,1.0
3274,3,22,2503,6,1006.16,62.0,1.0
3275,168,25,2668,336,1006.12,76.59,1.0
3276,189,16,2689,378,1006.12,109.42,1.0
3277,71,24,2571,142,1006.11,69.25,1.0
3278,118,12,2618,236,1006.1,101.95,1.0
3279,35,14,2535,70,1006.09,74.88,1.0
3280,271,16,2771,542,1006.08,114.65,1.0
3281,244,25,2744,488,1005.95,89.58,1.0
3282,110,14,2610,220,1005.92,96.26,1.0
3283,74,12,2574,148,1005.87,79.31,1.0
3284,85,25,2585,170,1005.86,72.52,1.0
3285,53,14,2553,106,1005.84,80.3,1.0
3286,80,13,2580,160,1005.8,85.66,1.0
3287,33,11,2533,66,1005.79,74.81,1.0
3288,17,22,2517,34,1005.64,57.9,1.0
3289,189,15,2689,378,1005.64,107.95,1.0
3290,26,23,2526,52,1005.62,60.43,1.0
3291,225,15,2725,450,1005.62,120.38,1.0
3292,278,28,2778,556,1005.6,90.41,1.0
3293,57,14,2557,114,1005.55,72.53,1.0
3294,269,17,2769,538,1005.54,126.39,1.0
3295,40,15,2540,80,1005.5,73.81,1.0
3296,159,13,2659,318,1005.5,101.41,1.0
3297,129,13,2629,258,1005.49,89.46,1.0
3298,153,25,2653,306,1005.49,80.4,1.0
3299,83,24,2583,166,1005.46,70.54,1.0
3300,68,24,2568,136,1005.45,69.71,1.0
3301,117,24,2617,234,1005.44,83.4,1.0
3302,97,23,2597,194,1005.43,79.25,1.0
3303,108,13,2608,216,1005.43,89.98,1.0
3304,130,22,2630,260,1005.43,83.33,1.0
3305,195,24,2695,390,1005.4,90.25,1.0
3306,175,24,2675,350,1005.36,77.56,1.0
3307,170,15,2670,340,1005.34,105.77,1.0
3308,214,15,2714,428,1005.32,103.37,1.0
3309,7,12,2507,14,1005.28,73.13,1.0
3310,105,14,2605,210,1005.27,96.1,1.0
3311,39,23,2539,78,1005.26,66.12,1.0
3312,101,15,2601,202,1005.24,91.31,1.0
3313,141,14,2641,282,1005.22,103.56,1.0
3314,251,13,2751,502,1005.19,123.37,1.0
3315,218,14,2718,436,1005.18,108.04,1.0
3316,89,24,2589,178,1005.15,68.51,1.0
3317,128,23,2628,256,1005.13,84.37,1.0
3318,114,13,2614,228,1005.06,91.77,1.0
3319,257,17,2757,514,1005.04,107.18,1.0
3320,202,26,2702,404,1005.03,83.77,1.0
3321,260,27,2760,520,1005.02,91.53,1.0
3322,281,25,2781,562,1004.99,98.64,1.0
3323,102,13,2602,204,1004.96,91.2,1.0
3324,45,22,2545,90,1004.95,68.7,1.0
3325,138,13,2638,276,1004.88,95.59,1.0
3326,7,22,2507,14,1004.8,62.78,1.0
3327,65,14,2565,130,1004.73,79.36,1.0
3328,297,15,2797,594,1004.67,106.42,1.0
3329,184,13,2684,368,1004.65,102.86,1.0
3330,123,15,2623,246,1004.55,94.5,1.0
3331,116,13,2616,232,1004.54,93.43,1.0
3332,6,14,2506,12,1004.52,63.82,1.0
3333,109,13,2609,218,1004.49,93.8,1.0
3334,10,21,2510,20,1004.47,67.1,1.0
3335,55,23,2555,110,1004.47,67.03,1.0
3336,175,18,2675,350,1004.47,94.42,1.0
3337,94,24,2594,188,1004.34,75.98,1.0
3338,283,28,2783,566,1004.33,90.98,1.0
3339,190,14,2690,380,1004.32,108.29,1.0
3340,281,19,2781,562,1004.32,116.22,1.0
3341,161,14,2661,322,1004.17,99.49,1.0
3342,141,25,2641,282,1004.14,80.8,1.0
3343,144,14,2644,288,1004.13,101.89,1.0
3344,95,14,2595,190,1004.08,97.95,1.0
3345,169,25,2669,338,1004.07,90.88,1.0
3346,168,14,2668,336,1004.05,99.55,1.0
3347,103,24,2603,206,1003.98,69.22,1.0
3348,139,14,2639,278,1003.98,96.78,1.0
3349,34,22,2534,68,1003.92,62.66,1.0
3350,163,14,2663,326,1003.9,102.82,1.0
3351,99,24,2599,198,1003.89,71.54,1.0
3352,127,13,2627,254,1003.89,81.64,1.0
3353,191,15,2691,382,1003.86,108.65,1.0
3354,76,12,2576,152,1003.82,84.79,1.0
3355,126,12,2626,252,1003.8,95.33,1.0
3356,57,22,2557,114,1003.77,67.23,1.0
3357,86,14,2586,172,1003.72,82.21,1.0
3358,171,14,2671,342,1003.7,106.6,1.0
3359,216,14,2716,432,1003.68,111.45,1.0
3360,203,14,2703,406,1003.67,109.26,1.0
3361,73,23,2573,146,1003.63,56.85,1.0
3362,149,14,2649,298,1003.6,105.11,1.0
3363,92,24,2592,184,1003.57,81.54,1.0
3364,19,12,2519,38,1003.56,71.77,1.0
3365,191,26,2691,382,1003.56,84.81,1.0
3366,216,27,2716,432,1003.55,80.35,1.0
3367,292,29,2792,584,1003.54,81.72,1.0
3368,262,14,2762,524,1003.52,123.8,1.0
3369,154,25,2654,308,1003.42,83.96,1.0
3370,75,14,2575,150,1003.36,84.97,1.0
3371,134,16,2634,268,1003.36,87.52,1.0
3372,138,26,2638,276,1003.34,73.23,1.0
3373,78,16,2578,156,1003.33,80.99,1.0
3374,101,16,2601,202,1003.29,93.99,1.0
3375,171,26,2671,342,1003.24,80.12,1.0
3376,82,13,2582,164,1003.2,93.26,1.0
3377,184,26,2684,368,1003.1,90.36,1.0
3378,120,14,2620,240,1003.08,101.05,1.0
3379,27,19,2527,54,1003.06,61.76,1.0
3380,269,27,2769,538,1003.05,91.48,1.0
3381,153,13,2653,306,1003.04,103.77,1.0
3382,107,24,2607,214,1003.01,78.72,1.0
3383,127,24,2627,254,1003.01,73.93,1.0
3384,48,14,2548,96,1003.0,78.47,1.0
3385,187,25,2687,374,1002.98,85.53,1.0
3386,84,24,2584,168,1002.96,69.77,1.0
3387,56,23,2556,112,1002.94,61.05,1.0
3388,91,23,2591,182,1002.94,80.01,1.0
3389,81,24,2581,162,1002.88,71.5,1.0
3390,148,26,2648,296,1002.88,70.17,1.0
3391,98,25,2598,196,1002.86,65.1,1.0
3392,212,24,2712,424,1002.85,107.02,1.0
3393,259,15,2759,518,1002.84,117.85,1.0
3394,261,27,2761,522,1002.81,92.49,1.0
3395,18,21,2518,36,1002.79,68.01,1.0
3396,182,26,2682,364,1002.77,83.17,1.0
3397,266,27,2766,532,1002.77,87.88,1.0
3398,168,15,2668,336,1002.76,103.17,1.0
3399,62,23,2562,124,1002.74,70.49,1.0
3400,156,24,2656,312,1002.66,85.67,1.0
3401,13,13,2513,26,1002.51,81.16,1.0
3402,227,14,2727,454,1002.46,124.93,1.0
3403,6,22,2506,12,1002.45,60.15,1.0
3404,100,24,2600,200,1002.43,75.24,1.0
3405,144,25,2644,288,1002.42,81.59,1.0
3406,280,25,2780,560,1002.38,101.91,1.0
3407,11,13,2511,22,1002.31,74.98,1.0
3408,204,27,2704,408,1002.3,92.17,1.0
3409,251,27,2751,502,1002.27,93.08,1.0
3410,105,24,2605,210,1002.26,79.0,1.0
3411,61,13,2561,122,1002.22,84.13,1.0
3412,223,27,2723,446,1002.22,90.13,1.0
3413,31,22,2531,62,1002.18,68.83,1.0
3414,257,27,2757,514,1002.18,84.32,1.0
3415,5,22,2505,10,1002.13,59.59,1.0
3416,112,13,2612,224,1002.12,93.45,1.0
3417,134,23,2634,268,1002.12,77.17,1.0
3418,108,24,2608,216,1002.09,79.69,1.0
3419,242,16,2742,484,1002.04,132.01,1.0
3420,263,13,2763,526,1002.04,125.06,1.0
3421,40,14,2540,80,1002.02,75.98,1.0
3422,282,27,2782,564,1002.01,86.79,1.0
3423,52,16,2552,104,1001.98,77.95,1.0
3424,25,23,2525,50,1001.96,64.01,1.0
3425,55,14,2555,110,1001.94,77.36,1.0
3426,291,28,2791,582,1001.89,99.82,1.0
3427,43,24,2543,86,1001.88,72.9,1.0
3428,240,15,2740,480,1001.88,123.09,1.0
3429,235,26,2735,470,1001.86,98.49,1.0
3430,159,25,2659,318,1001.84,99.52,1.0
3431,172,26,2672,344,1001.78,78.12,1.0
3432,281,26,2781,562,1001.78,101.22,1.0
3433,35,22,2535,70,1001.74,67.64,1.0
3434,236,26,2736,472,1001.74,89.39,1.0
3435,265,14,2765,530,1001.74,119.94,1.0
3436,104,13,2604,208,1001.72,102.22,1.0
3437,221,15,2721,442,1001.72,103.06,1.0
3438,155,24,2655,310,1001.69,88.34,1.0
3439,194,27,2694,388,1001.68,77.68,1.0
3440,87,24,2587,174,1001.65,74.73,1.0
3441,272,28,2772,544,1001.65,78.09,1.0
3442,176,25,2676,352,1001.62,88.08,1.0
3443,210,25,2710,420,1001.61,81.36,1.0
3444,19,23,2519,38,1001.59,70.56,1.0
3445,280,23,2780,560,1001.56,94.52,1.0
3446,26,12,2526,52,1001.54,70.13,1.0
3447,22,12,2522,44,1001.46,70.51,1.0
3448,106,24,2606,212,1001.46,66.62,1.0
3449,133,24,2633,266,1001.44,79.09,1.0
3450,224,13,2724,448,1001.44,126.51,1.0
3451,178,11,2678,356,1001.43,111.25,1.0
3452,51,23,2551,102,1001.38,58.04,1.0
3453,258,25,2758,516,1001.38,98.32,1.0
3454,212,26,2712,424,1001.36,91.04,1.0
3455,243,17,2743,486,1001.35,116.19,1.0
3456,226,14,2726,452,1001.33,115.23,1.0
3457,53,23,2553,106,1001.32,67.12,1.0
3458,183,27,2683,366,1001.32,78.21,1.0
3459,37,22,2537,74,1001.3,61.57,1.0
3460,8,13,2508,16,1001.29,69.59,1.0
3461,75,24,2575,150,1001.29,69.52,1.0
3462,247,14,2747,494,1001.24,114.42,1.0
3463,279,28,2779,558,1001.22,94.83,1.0
3464,21,22,2521,42,1001.16,59.87,1.0
3465,219,13,2719,438,1001.14,116.66,1.0
3466,178,27,2678,356,1001.12,79.79,1.0
3467,267,28,2767,534,1000.99,83.78,1.0
3468,32,22,2532,64,1000.94,59.52,1.0
3469,300,16,2800,600,1000.9,137.56,1.0
3470,193,27,2693,386,1000.86,82.25,1.0
3471,256,29,2756,512,1000.82,85.88,1.0
3472,185,16,2685,370,1000.8,103.8,1.0
3473,253,27,2753,506,1000.78,80.35,1.0
3474,133,16,2633,266,1000.76,96.17,1.0
3475,29,12,2529,58,1000.75,72.14,1.0
3476,147,26,2647,294,1000.72,69.17,1.0
3477,172,13,2672,344,1000.72,112.6,1.0
3478,71,14,2571,142,1000.67,90.75,1.0
3479,201,26,2701,402,1000.58,86.88,1.0
3480,98,14,2598,196,1000.55,92.1,1.0
3481,24,23,2524,48,1000.53,58.88,1.0
3482,268,27,2768,536,1000.52,96.42,1.0
3483,225,26,2725,450,1000.47,88.26,1.0
3484,156,23,2656,312,1000.46,87.83,1.0
3485,229,26,2729,458,1000.44,103.12,1.0
3486,203,13,2703,406,1000.36,121.74,1.0
3487,242,15,2742,484,1000.36,121.7,1.0
3488,274,27,2774,548,1000.36,89.65,1.0
3489,97,24,2597,194,1000.26,71.75,1.0
3490,280,21,2780,560,1000.24,109.21,1.0
3491,66,23,2566,132,1000.17,64.99,1.0
3492,92,13,2592,184,1000.1,85.39,1.0
3493,119,26,2619,238,1000.1,68.95,1.0
3494,77,24,2577,154,1000.02,61.56,1.0
3495,155,15,2655,310,1000.02,102.12,1.0
3496,56,12,2556,112,1000.0,78.98,1.0
3497,227,28,2727,454,999.97,89.11,1.0
3498,289,15,2789,578,999.94,133.46,1.0
3499,59,13,2559,118,999.92,77.07,1.0
3500,120,24,2620,240,999.92,71.55,1.0
3501,243,18,2743,486,999.92,129.86,1.0
3502,49,12,2549,98,999.89,78.45,1.0
3503,234,27,2734,468,999.89,90.96,1.0
3504,222,28,2722,444,999.86,84.34,1.0
3505,295,27,2795,590,999.85,96.36,1.0
3506,110,25,2610,220,999.81,75.53,1.0
3507,237,14,2737,474,999.78,127.53,1.0
3508,63,23,2563,126,999.76,69.57,1.0
3509,106,23,2606,212,999.75,82.13,1.0
3510,22,22,2522,44,999.73,63.4,1.0
3511,36,13,2536,72,999.7,86.24,1.0
3512,238,28,2738,476,999.7,83.73,1.0
3513,34,12,2534,68,999.62,81.04,1.0
3514,174,13,2674,348,999.62,110.73,1.0
3515,219,26,2719,438,999.6,88.18,1.0
3516,87,14,2587,174,999.55,86.04,1.0
3517,38,12,2538,76,999.54,80.96,1.0
3518,260,28,2760,520,999.53,83.83,1.0
3519,44,23,2544,88,999.48,59.15,1.0
3520,204,13,2704,408,999.46,119.81,1.0
3521,157,18,2657,314,999.45,109.36,1.0
3522,299,33,2799,598,999.45,89.37,1.0
3523,235,14,2735,470,999.42,117.32,1.0
3524,61,23,2561,122,999.41,66.98,1.0
3525,177,27,2677,354,999.34,73.13,1.0
3526,129,25,2629,258,999.15,77.46,1.0
3527,167,14,2667,334,999.15,106.4,1.0
3528,215,13,2715,430,999.13,113.24,1.0
3529,124,14,2624,248,999.12,99.85,1.0
3530,209,26,2709,418,999.12,100.4,1.0
3531,244,26,2744,488,999.12,87.72,1.0
3532,217,27,2717,434,999.07,83.76,1.0
3533,274,14,2774,548,998.99,127.64,1.0
3534,156,14,2656,312,998.88,108.41,1.0
3535,197,15,2697,394,998.85,96.41,1.0
3536,203,27,2703,406,998.85,83.8,1.0
3537,198,27,2698,396,998.84,75.06,1.0
3538,157,25,2657,314,998.82,86.79,1.0
3539,209,16,2709,418,998.79,118.35,1.0
3540,39,13,2539,78,998.74,86.2,1.0
3541,151,14,2651,302,998.61,111.74,1.0
3542,15,23,2515,30,998.6,62.66,1.0
3543,163,26,2663,326,998.6,81.39,1.0
3544,104,24,2604,208,998.59,74.35,1.0
3545,162,26,2662,324,998.57,78.7,1.0
3546,247,15,2747,494,998.5,129.05,1.0
3547,166,25,2666,332,998.48,72.07,1.0
3548,226,26,2726,452,998.42,92.43,1.0
3549,106,14,2606,212,998.38,92.62,1.0
3550,18,22,2518,36,998.34,64.8,1.0
3551,188,15,2688,376,998.32,109.43,1.0
3552,73,12,2573,146,998.27,87.45,1.0
3553,122,24,2622,244,998.26,86.22,1.0
3554,163,13,2663,326,998.26,106.5,1.0
3555,173,26,2673,346,998.26,81.37,1.0
3556,235,15,2735,470,998.21,114.2,1.0
3557,156,15,2656,312,998.18,99.44,1.0
3558,133,25,2633,266,998.14,80.39,1.0
3559,10,22,2510,20,998.06,70.45,1.0
3560,3,12,2503,6,998.02,69.71,1.0
3561,181,27,2681,362,998.0,74.82,1.0
3562,50,22,2550,100,997.94,62.47,1.0
3563,220,26,2720,440,997.94,86.42,1.0
3564,1,21,2501,2,997.91,60.4,1.0
3565,161,24,2661,322,997.91,85.75,1.0
3566,149,26,2649,298,997.9,75.74,1.0
3567,294,16,2794,588,997.83,120.76,1.0
3568,164,26,2664,328,997.8,86.85,1.0
3569,207,15,2707,414,997.8,108.95,1.0
3570,136,14,2636,272,997.74,87.31,1.0
3571,80,24,2580,160,997.73,69.13,1.0
3572,300,15,2800,600,997.72,126.43,1.0
3573,20,12,2520,40,997.7,74.49,1.0
3574,273,14,2773,546,997.68,117.09,1.0
3575,239,13,2739,478,997.67,113.11,1.0
3576,78,24,2578,156,997.59,65.65,1.0
3577,179,27,2679,358,997.59,79.53,1.0
3578,6,13,2506,12,997.51,66.1,1.0
3579,250,15,2750,500,997.49,125.36,1.0
3580,185,15,2685,370,997.46,98.84,1.0
3581,67,24,2567,134,997.4,73.7,1.0
3582,99,13,2599,198,997.34,89.66,1.0
3583,78,15,2578,156,997.32,87.27,1.0
3584,190,13,2690,380,997.22,114.67,1.0
3585,142,14,2642,284,997.17,101.55,1.0
3586,21,11,2521,42,997.16,68.95,1.0
3587,224,28,2724,448,997.05,81.63,1.0
3588,110,13,2610,220,997.04,99.36,1.0
3589,216,26,2716,432,997.0,80.66,1.0
3590,97,15,2597,194,996.98,92.49,1.0
3591,236,16,2736,472,996.95,108.54,1.0
3592,134,24,2634,268,996.84,70.33,1.0
3593,293,28,2793,586,996.84,105.16,1.0
3594,115,14,2615,230,996.82,97.66,1.0
3595,42,24,2542,84,996.8,58.8,1.0
3596,238,14,2738,476,996.8,118.26,1.0
3597,55,13,2555,110,996.78,81.73,1.0
3598,104,12,2604,208,996.78,102.29,1.0
3599,230,25,2730,460,996.77,100.37,1.0
3600,66,14,2566,132,996.75,72.71,1.0
3601,141,15,2641,282,996.71,101.7,1.0
3602,132,25,2632,264,996.68,73.41,1.0
3603,290,14,2790,580,996.65,130.17,1.0
3604,27,15,2527,54,996.56,72.63,1.0
3605,290,32,2790,580,996.56,87.73,1.0
3606,154,14,2654,308,996.48,110.77,1.0
3607,0,12,2500,0,996.47,73.29,1.0
3608,133,15,2633,266,996.33,96.87,1.0
3609,200,13,2700,400,996.3,109.27,1.0
3610,193,14,2693,386,996.25,110.87,1.0
3611,0,23,2500,0,996.24,58.84,1.0
3612,169,26,2669,338,996.21,89.52,1.0
3613,287,29,2787,574,996.14,84.09,1.0
3614,230,16,2730,460,996.12,118.63,1.0
3615,186,17,2686,372,996.11,114.71,1.0
3616,103,25,2603,206,996.1,72.68,1.0
3617,190,26,2690,380,996.1,75.85,1.0
3618,232,27,2732,464,996.09,87.36,1.0
3619,165,14,2665,330,996.07,102.71,1.0
3620,140,26,2640,280,996.03,68.96,1.0
3621,27,20,2527,54,996.02,71.5,1.0
3622,118,11,2618,236,996.01,103.58,1.0
3623,41,11,2541,82,995.98,75.21,1.0
3624,40,22,2540,80,995.96,71.25,1.0
3625,125,12,2625,250,995.91,90.78,1.0
3626,208,14,2708,416,995.9,105.96,1.0
3627,229,27,2729,458,995.88,93.36,1.0
3628,250,28,2750,500,995.84,84.85,1.0
3629,65,13,2565,130,995.82,77.27,1.0
3630,90,24,2590,180,995.82,76.72,1.0
3631,107,13,2607,214,995.79,100.06,1.0
3632,141,13,2641,282,995.76,98.82,1.0
3633,181,26,2681,362,995.73,90.46,1.0
3634,299,43,2799,598,995.73,93.09,1.0
3635,122,13,2622,244,995.67,105.02,1.0
3636,59,12,2559,118,995.65,81.81,1.0
3637,243,16,2743,486,995.54,130.21,1.0
3638,264,28,2764,528,995.42,86.03,1.0
3639,145,15,2645,290,995.34,104.16,1.0
3640,146,26,2646,292,995.32,70.19,1.0
3641,149,13,2649,298,995.31,100.79,1.0
3642,197,27,2697,394,995.31,79.39,1.0
3643,113,26,2613,226,995.26,72.13,1.0
3644,121,12,2621,242,995.26,93.13,1.0
3645,276,28,2776,552,995.24,103.34,1.0
3646,277,29,2777,554,995.22,96.14,1.0
3647,98,13,2598,196,995.2,95.69,1.0
3648,286,28,2786,572,995.04,87.94,1.0
3649,273,28,2773,546,994.99,80.33,1.0
3650,82,24,2582,164,994.96,70.17,1.0
3651,89,12,2589,178,994.94,83.76,1.0
3652,245,28,2745,490,994.9,94.12,1.0
3653,25,11,2525,50,994.87,76.2,1.0
3654,54,24,2554,108,994.82,65.51,1.0
3655,12,23,2512,24,994.81,57.72,1.0
3656,100,12,2600,200,994.78,97.31,1.0
3657,96,24,2596,192,994.76,71.7,1.0
3658,180,13,2680,360,994.76,103.37,1.0
3659,279,14,2779,558,994.72,104.49,1.0
3660,293,17,2793,586,994.7,124.88,1.0
3661,70,24,2570,140,994.65,64.27,1.0
3662,258,16,2758,516,994.54,120.61,1.0
3663,207,26,2707,414,994.53,87.26,1.0
3664,46,12,2546,92,994.52,88.13,1.0
3665,167,27,2667,334,994.51,76.75,1.0
3666,258,26,2758,516,994.51,89.17,1.0
3667,165,26,2665,330,994.5,86.84,1.0
3668,193,13,2693,386,994.5,109.04,1.0
3669,13,22,2513,26,994.48,62.06,1.0
3670,103,13,2603,206,994.48,95.66,1.0
3671,9,22,2509,18,994.44,54.98,1.0
3672,87,13,2587,174,994.43,89.41,1.0
3673,119,12,2619,238,994.43,104.8,1.0
3674,4,23,2504,8,994.4,61.0,1.0
3675,90,12,2590,180,994.34,86.56,1.0
3676,206,14,2706,412,994.33,116.99,1.0
3677,228,27,2728,456,994.23,93.95,1.0
3678,34,23,2534,68,994.2,63.68,1.0
3679,233,28,2733,466,994.2,103.68,1.0
3680,254,27,2754,508,994.2,89.81,1.0
3681,242,28,2742,484,994.13,93.49,1.0
3682,179,14,2679,358,994.05,124.49,1.0
3683,249,28,2749,498,994.03,83.79,1.0
3684,38,23,2538,76,993.96,58.44,1.0
3685,81,12,2581,162,993.94,96.39,1.0
3686,134,14,2634,268,993.91,94.09,1.0
3687,136,25,2636,272,993.9,71.43,1.0
3688,155,25,2655,310,993.85,80.78,1.0
3689,242,14,2742,484,993.84,134.02,1.0
3690,52,21,2552,104,993.75,67.28,1.0
3691,200,28,2700,400,993.75,70.57,1.0
3692,199,28,2699,398,993.74,76.47,1.0
3693,79,24,2579,158,993.69,74.65,1.0
3694,102,12,2602,204,993.69,89.97,1.0
3695,5,23,2505,10,993.58,58.55,1.0
3696,43,12,2543,86,993.58,76.78,1.0
3697,70,13,2570,140,993.55,82.96,1.0
3698,278,13,2778,556,993.54,127.6,1.0
3699,86,24,2586,172,993.47,70.24,1.0
3700,284,28,2784,568,993.42,88.35,1.0
3701,300,29,2800,600,993.42,91.94,1.0
3702,154,26,2654,308,993.4,76.07,1.0
3703,186,25,2686,372,993.24,80.13,1.0
3704,112,25,2612,224,993.23,65.99,1.0
3705,196,26,2696,392,993.23,87.51,1.0
3706,160,25,2660,320,993.19,83.48,1.0
3707,96,14,2596,192,993.17,95.22,1.0
3708,281,16,2781,562,993.16,132.45,1.0
3709,221,27,2721,442,993.1,87.31,1.0
3710,202,27,2702,404,992.85,82.66,1.0
3711,84,13,2584,168,992.76,81.94,1.0
3712,258,15,2758,516,992.72,112.8,1.0
3713,162,14,2662,324,992.64,104.74,1.0
3714,288,29,2788,576,992.61,72.62,1.0
3715,62,24,2562,124,992.54,68.47,1.0
3716,213,15,2713,426,992.48,112.68,1.0
3717,185,25,2685,370,992.47,83.35,1.0
3718,132,14,2632,264,992.43,98.75,1.0
3719,218,26,2718,436,992.41,94.23,1.0
3720,18,23,2518,36,992.35,62.37,1.0
3721,275,27,2775,550,992.26,100.81,1.0
3722,139,25,2639,278,992.21,77.86,1.0
3723,117,13,2617,234,992.2,99.07,1.0
3724,69,24,2569,138,992.19,70.76,1.0
3725,95,12,2595,190,992.17,98.26,1.0
3726,249,17,2749,498,992.13,125.65,1.0
3727,33,24,2533,66,992.12,58.2,1.0
3728,262,13,2762,524,992.1,123.69,1.0
3729,190,27,2690,380,992.04,80.7,1.0
3730,259,28,2759,518,992.0,81.15,1.0
3731,20,23,2520,40,991.98,61.91,1.0
3732,14,24,2514,28,991.94,58.02,1.0
3733,66,13,2566,132,991.91,83.83,1.0
3734,109,25,2609,218,991.9,78.71,1.0
3735,16,24,2516,32,991.8,69.67,1.0
3736,181,14,2681,362,991.8,106.2,1.0
3737,235,27,2735,470,991.8,82.95,1.0
3738,270,28,2770,540,991.79,84.21,1.0
3739,299,38,2799,598,991.77,87.04,1.0
3740,123,14,2623,246,991.76,98.72,1.0
3741,269,14,2769,538,991.76,132.33,1.0
3742,68,12,2568,136,991.7,84.58,1.0
3743,72,12,2572,144,991.69,97.79,1.0
3744,160,15,2660,320,991.67,102.54,1.0
3745,299,39,2799,598,991.67,87.78,1.0
3746,199,12,2699,398,991.66,110.37,1.0
3747,202,13,2702,404,991.66,115.57,1.0
3748,300,32,2800,600,991.66,93.84,1.0
3749,52,22,2552,104,991.58,63.52,1.0
3750,61,12,2561,122,991.57,83.75,1.0
3751,59,24,2559,118,991.54,67.9,1.0
3752,27,21,2527,54,991.5,68.5,1.0
3753,263,29,2763,526,991.49,76.58,1.0
3754,117,25,2617,234,991.44,80.92,1.0
3755,241,13,2741,482,991.42,124.81,1.0
3756,14,11,2514,28,991.41,75.26,1.0
3757,223,14,2723,446,991.36,115.86,1.0
3758,240,27,2740,480,991.31,93.61,1.0
3759,135,26,2635,270,991.29,69.09,1.0
3760,74,24,2574,148,991.28,65.03,1.0
3761,152,14,2652,304,991.24,83.11,1.0
3762,121,25,2621,242,991.2,75.16,1.0
3763,295,28,2795,590,991.18,91.6,1.0
3764,29,23,2529,58,991.12,61.5,1.0
3765,120,13,2620,240,991.03,100.22,1.0
3766,137,12,2637,274,991.01,105.53,1.0
3767,150,13,2650,300,990.98,106.67,1.0
3768,79,13,2579,158,990.96,107.18,1.0
3769,143,26,2643,286,990.96,77.63,1.0
3770,53,13,2553,106,990.92,82.59,1.0
3771,195,25,2695,390,990.87,90.0,1.0
3772,23,11,2523,46,990.84,75.81,1.0
3773,265,13,2765,530,990.8,120.25,1.0
3774,26,24,2526,52,990.78,59.79,1.0
3775,9,12,2509,18,990.76,70.5,1.0
3776,47,24,2547,94,990.73,62.17,1.0
3777,205,27,2705,410,990.7,87.34,1.0
3778,268,28,2768,536,990.62,88.08,1.0
3779,243,27,2743,486,990.61,93.54,1.0
3780,10,12,2510,20,990.56,76.74,1.0
3781,159,12,2659,318,990.54,107.53,1.0
3782,192,14,2692,384,990.53,105.53,1.0
3783,232,13,2732,464,990.47,112.42,1.0
3784,97,14,2597,194,990.44,91.61,1.0
3785,150,26,2650,300,990.43,83.39,1.0
3786,257,16,2757,514,990.41,119.62,1.0
3787,169,13,2669,338,990.38,107.07,1.0
3788,44,12,2544,88,990.36,79.69,1.0
3789,8,23,2508,16,990.35,60.19,1.0
3790,58,23,2558,116,990.35,67.75,1.0
3791,152,13,2652,304,990.26,94.93,1.0
3792,2,23,2502,4,990.2,63.69,1.0
3793,290,34,2790,580,990.2,91.42,1.0
3794,68,25,2568,136,990.17,68.13,1.0
3795,112,12,2612,224,990.13,93.03,1.0
3796,215,28,2715,430,990.13,72.69,1.0
3797,106,25,2606,212,990.12,75.58,1.0
3798,146,12,2646,292,990.0,105.77,1.0
3799,93,12,2593,186,989.96,97.28,1.0
3800,130,24,2630,260,989.94,84.0,1.0
3801,275,28,2775,550,989.9,89.52,1.0
3802,129,12,2629,258,989.87,92.41,1.0
3803,148,12,2648,296,989.84,104.53,1.0
3804,102,25,2602,204,989.71,68.97,1.0
3805,298,15,2798,596,989.7,120.02,1.0
3806,299,36,2799,598,989.69,86.2,1.0
3807,180,12,2680,360,989.67,107.88,1.0
3808,244,27,2744,488,989.67,84.6,1.0
3809,252,12,2752,504,989.65,117.43,1.0
3810,6,12,2506,12,989.62,67.11,1.0
3811,97,13,2597,194,989.6,97.44,1.0
3812,28,24,2528,56,989.59,62.51,1.0
3813,297,27,2797,594,989.57,93.07,1.0
3814,118,26,2618,236,989.51,75.9,1.0
3815,128,13,2628,256,989.5,101.5,1.0
3816,60,11,2560,120,989.48,95.95,1.0
3817,183,11,2683,366,989.48,116.14,1.0
3818,290,42,2790,580,989.43,90.2,1.0
3819,295,17,2795,590,989.41,129.51,1.0
3820,11,22,2511,22,989.36,54.28,1.0
3821,40,13,2540,80,989.34,81.92,1.0
3822,281,27,2781,562,989.29,86.11,1.0
3823,271,28,2771,542,989.2,81.8,1.0
3824,174,26,2674,348,989.15,76.82,1.0
3825,290,30,2790,580,989.14,93.99,1.0
3826,299,40,2799,598,989.13,91.49,1.0
3827,144,26,2644,288,989.08,76.9,1.0
3828,65,23,2565,130,989.03,64.19,1.0
3829,83,25,2583,166,989.0,75.04,1.0
3830,166,16,2666,332,988.95,112.47,1.0
3831,57,23,2557,114,988.92,62.17,1.0
3832,299,42,2799,598,988.86,96.09,1.0
3833,217,14,2717,434,988.84,101.89,1.0
3834,192,26,2692,384,988.82,85.93,1.0
3835,267,29,2767,534,988.8,81.19,1.0
3836,264,15,2764,528,988.74,102.44,1.0
3837,288,14,2788,576,988.7,122.36,1.0
3838,299,37,2799,598,988.67,90.9,1.0
3839,230,15,2730,460,988.66,128.84,1.0
3840,296,14,2796,592,988.65,118.57,1.0
3841,299,31,2799,598,988.62,92.28,1.0
3842,230,26,2730,460,988.56,99.19,1.0
3843,37,12,2537,74,988.55,86.58,1.0
3844,210,17,2710,420,988.55,109.58,1.0
3845,71,13,2571,142,988.54,92.14,1.0
3846,76,25,2576,152,988.54,68.25,1.0
3847,175,25,2675,350,988.54,85.75,1.0
3848,36,23,2536,72,988.52,67.04,1.0
3849,4,12,2504,8,988.51,72.2,1.0
3850,230,27,2730,460,988.46,85.44,1.0
3851,267,14,2767,534,988.45,121.1,1.0
3852,193,28,2693,386,988.39,80.62,1.0
3853,220,14,2720,440,988.33,124.04,1.0
3854,91,13,2591,182,988.3,86.85,1.0
3855,244,15,2744,488,988.3,124.99,1.0
3856,124,25,2624,248,988.2,76.12,1.0
3857,148,11,2648,296,988.11,92.79,1.0
3858,248,14,2748,496,988.11,128.14,1.0
3859,280,19,2780,560,988.06,123.0,1.0
3860,261,15,2761,522,988.04,127.69,1.0
3861,284,29,2784,568,988.02,92.33,1.0
3862,24,11,2524,48,987.94,71.38,1.0
3863,134,25,2634,268,987.94,73.42,1.0
3864,234,28,2734,468,987.94,97.35,1.0
3865,132,13,2632,264,987.93,89.18,1.0
3866,213,14,2713,426,987.9,109.98,1.0
3867,31,23,2531,62,987.86,73.31,1.0
3868,107,25,2607,214,987.86,77.22,1.0
3869,49,11,2549,98,987.77,88.22,1.0
3870,236,27,2736,472,987.77,91.98,1.0
3871,164,13,2664,328,987.76,113.17,1.0
3872,165,13,2665,330,987.75,102.33,1.0
3873,227,13,2727,454,987.75,113.0,1.0
3874,37,23,2537,74,987.74,68.35,1.0
3875,35,13,2535,70,987.71,81.0,1.0
3876,299,34,2799,598,987.61,93.52,1.0
3877,91,12,2591,182,987.6,87.48,1.0
3878,57,13,2557,114,987.59,76.15,1.0
3879,158,12,2658,316,987.5,106.25,1.0
3880,214,14,2714,428,987.41,105.69,1.0
3881,208,27,2708,416,987.35,79.84,1.0
3882,219,27,2719,438,987.32,85.12,1.0
3883,48,23,2548,96,987.31,72.38,1.0
3884,39,11,2539,78,987.3,88.94,1.0
3885,287,38,2787,574,987.26,99.42,1.0
3886,139,13,2639,278,987.22,101.98,1.0
3887,253,15,2753,506,987.2,115.57,1.0
3888,290,41,2790,580,987.2,92.22,1.0
3889,248,28,2748,496,987.18,93.08,1.0
3890,156,25,2656,312,987.16,81.19,1.0
3891,9,23,2509,18,987.12,61.95,1.0
3892,145,24,2645,290,987.1,91.67,1.0
3893,114,12,2614,228,987.07,91.19,1.0
3894,294,29,2794,588,987.06,83.84,1.0
3895,195,15,2695,390,987.04,109.49,1.0
3896,206,27,2706,412,986.93,78.21,1.0
3897,290,36,2790,580,986.85,90.71,1.0
3898,233,14,2733,466,986.73,124.91,1.0
3899,1,13,2501,2,986.69,66.62,1.0
3900,226,27,2726,452,986.67,77.72,1.0
3901,246,28,2746,492,986.62,88.38,1.0
3902,64,23,2564,128,986.61,66.33,1.0
3903,41,24,2541,82,986.55,61.01,1.0
3904,140,12,2640,280,986.55,91.51,1.0
3905,290,38,2790,580,986.49,88.72,1.0
3906,8,22,2508,16,986.39,59.36,1.0
3907,196,27,2696,392,986.39,81.68,1.0
3908,30,11,2530,60,986.36,71.43,1.0
3909,255,13,2755,510,986.21,131.91,1.0
3910,293,16,2793,586,986.15,137.73,1.0
3911,208,13,2708,416,985.94,119.48,1.0
3912,7,23,2507,14,985.9,60.19,1.0
3913,299,41,2799,598,985.88,90.8,1.0
3914,22,23,2522,44,985.79,63.82,1.0
3915,86,25,2586,172,985.77,64.93,1.0
3916,184,27,2684,368,985.74,81.8,1.0
3917,254,15,2754,508,985.66,123.71,1.0
3918,64,24,2564,128,985.65,70.73,1.0
3919,262,28,2762,524,985.54,71.41,1.0
3920,186,26,2686,372,985.52,76.75,1.0
3921,30,24,2530,60,985.46,61.3,1.0
3922,15,11,2515,30,985.46,78.59,1.0
3923,151,26,2651,302,985.46,81.85,1.0
3924,88,25,2588,176,985.44,75.65,1.0
3925,290,37,2790,580,985.42,86.2,1.0
3926,290,31,2790,580,985.4,85.19,1.0
3927,285,15,2785,570,985.39,114.37,1.0
3928,62,11,2562,124,985.38,94.64,1.0
3929,46,24,2546,92,985.37,58.27,1.0
3930,256,41,2756,512,985.36,78.56,1.0
3931,32,23,2532,64,985.35,65.79,1.0
3932,299,14,2799,598,985.35,142.23,1.0
3933,195,26,2695,390,985.33,85.52,1.0
3934,170,25,2670,340,985.31,91.36,1.0
3935,212,14,2712,424,985.29,112.8,1.0
3936,188,25,2688,376,985.28,83.32,1.0
3937,125,26,2625,250,985.25,72.17,1.0
3938,210,15,2710,420,985.18,115.05,1.0
3939,290,40,2790,580,985.18,89.76,1.0
3940,175,26,2675,350,985.09,81.13,1.0
3941,268,15,2768,536,985.09,116.53,1.0
3942,252,29,2752,504,985.04,75.75,1.0
3943,256,38,2756,512,984.99,78.04,1.0
3944,39,24,2539,78,984.95,61.81,1.0
3945,225,27,2725,450,984.95,84.81,1.0
3946,299,30,2799,598,984.88,87.52,1.0
3947,237,13,2737,474,984.81,124.93,1.0
3948,33,25,2533,66,984.76,64.87,1.0
3949,131,13,2631,262,984.72,96.29,1.0
3950,253,14,2753,506,984.72,113.75,1.0
3951,17,23,2517,34,984.71,60.88,1.0
3952,266,28,2766,532,984.71,84.2,1.0
3953,94,25,2594,188,984.7,76.02,1.0
3954,73,24,2573,146,984.64,65.92,1.0
3955,106,13,2606,212,984.64,91.63,1.0
3956,260,14,2760,520,984.62,125.44,1.0
3957,300,39,2800,600,984.54,91.06,1.0
3958,247,28,2747,494,984.53,87.43,1.0
3959,13,12,2513,26,984.49,74.75,1.0
3960,25,24,2525,50,984.45,61.54,1.0
3961,71,25,2571,142,984.45,74.22,1.0
3962,220,13,2720,440,984.44,114.81,1.0
3963,275,15,2775,550,984.42,120.3,1.0
3964,290,44,2790,580,984.42,87.12,1.0
3965,78,14,2578,156,984.32,85.06,1.0
3966,234,14,2734,468,984.28,137.51,1.0
3967,197,14,2697,394,984.24,113.07,1.0
3968,67,11,2567,134,984.22,88.47,1.0
3969,297,28,2797,594,984.19,93.27,1.0
3970,61,24,2561,122,984.15,69.52,1.0
3971,66,24,2566,132,984.1,66.93,1.0
3972,141,26,2641,282,984.1,74.72,1.0
3973,232,28,2732,464,984.07,88.96,1.0
3974,248,13,2748,496,984.06,119.68,1.0
3975,213,26,2713,426,984.01,96.4,1.0
3976,158,13,2658,316,983.97,101.52,1.0
3977,153,26,2653,306,983.96,77.92,1.0
3978,70,25,2570,140,983.94,63.33,1.0
3979,80,12,2580,160,983.9,84.83,1.0
3980,107,12,2607,214,983.79,90.01,1.0
3981,231,28,2731,462,983.78,76.21,1.0
3982,182,14,2682,364,983.76,108.82,1.0
3983,258,14,2758,516,983.76,119.33,1.0
3984,210,26,2710,420,983.71,86.87,1.0
3985,198,14,2698,396,983.69,109.75,1.0
3986,269,15,2769,538,983.68,129.95,1.0
3987,116,25,2616,232,983.67,73.82,1.0
3988,5,11,2505,10,983.64,66.14,1.0
3989,256,36,2756,512,983.62,82.78,1.0
3990,80,25,2580,160,983.56,73.8,1.0
3991,299,35,2799,598,983.52,91.36,1.0
3992,183,28,2683,366,983.46,74.07,1.0
3993,53,24,2553,106,983.44,67.11,1.0
3994,290,39,2790,580,983.42,81.67,1.0
3995,77,25,2577,154,983.31,73.31,1.0
3996,166,15,2666,332,983.25,95.55,1.0
3997,138,27,2638,276,983.2,72.58,1.0
3998,100,25,2600,200,983.16,78.58,1.0
3999,84,25,2584,168,983.13,66.42,1.0
4000,178,28,2678,356,983.11,83.7,1.0
4001,256,42,2756,512,983.09,83.14,1.0
4002,170,14,2670,340,983.08,112.56,1.0
4003,76,11,2576,152,983.06,82.41,1.0
4004,131,14,2631,262,983.06,99.03,1.0
4005,83,12,2583,166,983.02,86.99,1.0
4006,163,27,2663,326,983.02,77.87,1.0
4007,289,13,2789,578,983.0,137.27,1.0
4008,53,12,2553,106,982.96,86.07,1.0
4009,187,26,2687,374,982.96,83.13,1.0
4010,284,15,2784,568,982.96,121.72,1.0
4011,2,10,2502,4,982.92,74.24,1.0
4012,205,13,2705,410,982.92,107.88,1.0
4013,231,14,2731,462,982.92,107.21,1.0
4014,123,25,2623,246,982.9,76.61,1.0
4015,256,43,2756,512,982.88,79.83,1.0
4016,299,46,2799,598,982.86,92.78,1.0
4017,92,12,2592,184,982.79,88.6,1.0
4018,168,26,2668,336,982.74,78.78,1.0
4019,185,26,2685,370,982.7,84.75,1.0
4020,20,11,2520,40,982.65,77.82,1.0
4021,60,25,2560,120,982.61,64.01,1.0
4022,17,12,2517,34,982.52,70.11,1.0
4023,123,13,2623,246,982.52,99.7,1.0
4024,95,24,2595,190,982.5,84.54,1.0
4025,245,15,2745,490,982.5,117.17,1.0
4026,145,25,2645,290,982.48,84.65,1.0
4027,189,27,2689,378,982.46,85.08,1.0
4028,105,13,2605,210,982.43,89.51,1.0
4029,299,45,2799,598,982.43,89.92,1.0
4030,299,32,2799,598,982.42,92.72,1.0
4031,3,23,2503,6,982.38,59.61,1.0
4032,158,26,2658,316,982.38,87.99,1.0
4033,162,27,2662,324,982.38,72.46,1.0
4034,130,13,2630,260,982.31,98.12,1.0
4035,255,14,2755,510,982.28,120.54,1.0
4036,280,18,2780,560,982.24,119.43,1.0
4037,148,27,2648,296,982.22,67.61,1.0
4038,285,29,2785,570,982.22,80.62,1.0
4039,8,12,2508,16,982.19,76.45,1.0
4040,105,25,2605,210,982.19,75.67,1.0
4041,112,26,2612,224,982.16,71.18,1.0
4042,204,12,2704,408,982.11,130.39,1.0
4043,300,30,2800,600,982.1,93.44,1.0
4044,144,13,2644,288,982.09,107.18,1.0
4045,290,33,2790,580,982.07,89.01,1.0
4046,300,33,2800,600,982.06,83.26,1.0
4047,35,23,2535,70,982.04,66.53,1.0
4048,229,15,2729,458,982.04,124.28,1.0
4049,88,12,2588,176,982.02,91.84,1.0
4050,93,25,2593,186,982.02,78.05,1.0
4051,257,15,2757,514,982.02,114.55,1.0
4052,179,13,2679,358,981.97,110.32,1.0
4053,236,15,2736,472,981.94,119.28,1.0
4054,173,12,2673,346,981.92,107.22,1.0
4055,48,13,2548,96,981.88,81.45,1.0
4056,67,25,2567,134,981.82,71.41,1.0
4057,152,26,2652,304,981.73,69.38,1.0
4058,55,24,2555,110,981.72,62.8,1.0
4059,227,29,2727,454,981.7,79.21,1.0
4060,217,28,2717,434,981.64,83.74,1.0
4061,52,15,2552,104,981.6,81.41,1.0
4062,125,11,2625,250,981.59,92.88,1.0
4063,231,13,2731,462,981.57,112.63,1.0
4064,277,13,2777,554,981.57,138.74,1.0
4065,109,12,2609,218,981.5,97.65,1.0
4066,21,23,2521,42,981.37,62.42,1.0
4067,110,12,2610,220,981.3,93.49,1.0
4068,144,27,2644,288,981.3,72.03,1.0
4069,19,11,2519,38,981.27,83.72,1.0
4070,63,24,2563,126,981.22,71.47,1.0
4071,258,27,2758,516,981.2,93.31,1.0
4072,71,12,2571,142,981.18,89.85,1.0
4073,201,14,2701,402,981.07,112.28,1.0
4074,238,13,2738,476,981.06,112.98,1.0
4075,266,14,2766,532,981.03,122.71,1.0
4076,211,28,2711,422,980.98,79.68,1.0
4077,44,24,2544,88,980.92,56.2,1.0
4078,91,25,2591,182,980.91,77.9,1.0
4079,160,14,2660,320,980.9,101.0,1.0
4080,35,24,2535,70,980.89,63.58,1.0
4081,58,13,2558,116,980.89,84.87,1.0
4082,292,15,2792,584,980.82,123.06,1.0
4083,274,28,2774,548,980.8,91.27,1.0
4084,209,15,2709,418,980.65,119.01,1.0
4085,69,12,2569,138,980.58,92.81,1.0
4086,196,14,2696,392,980.58,106.21,1.0
4087,160,13,2660,320,980.57,103.81,1.0
4088,79,12,2579,158,980.53,90.01,1.0
4089,115,25,2615,230,980.52,68.92,1.0
4090,153,12,2653,306,980.52,112.27,1.0
4091,142,25,2642,284,980.51,78.48,1.0
4092,256,31,2756,512,980.46,80.89,1.0
4093,259,14,2759,518,980.42,116.51,1.0
4094,115,13,2615,230,980.4,95.41,1.0
4095,265,12,2765,530,980.4,119.37,1.0
4096,85,10,2585,170,980.39,98.68,1.0
4097,235,13,2735,470,980.39,109.62,1.0
4098,19,24,2519,38,980.36,62.56,1.0
4099,127,25,2627,254,980.32,81.95,1.0
4100,139,12,2639,278,980.31,92.36,1.0
4101,165,27,2665,330,980.3,85.74,1.0
4102,101,24,2601,202,980.28,79.28,1.0
4103,47,11,2547,94,980.23,83.21,1.0
4104,249,16,2749,498,980.21,114.48,1.0
4105,84,12,2584,168,980.2,92.81,1.0
4106,108,25,2608,216,980.19,74.55,1.0
4107,42,12,2542,84,980.17,74.31,1.0
4108,254,14,2754,508,980.1,122.18,1.0
4109,45,23,2545,90,979.98,60.51,1.0
4110,101,13,2601,202,979.97,110.03,1.0
4111,175,14,2675,350,979.96,98.36,1.0
4112,70,12,2570,140,979.93,91.89,1.0
4113,285,39,2785,570,979.92,90.99,1.0
4114,287,34,2787,574,979.88,84.69,1.0
4115,149,27,2649,298,979.86,71.58,1.0
4116,0,11,2500,0,979.85,77.2,1.0
4117,269,28,2769,538,979.84,93.51,1.0
4118,50,13,2550,100,979.81,70.03,1.0
4119,277,30,2777,554,979.79,88.74,1.0
4120,27,14,2527,54,979.76,79.92,1.0
4121,75,13,2575,150,979.76,90.47,1.0
4122,96,25,2596,192,979.68,65.84,1.0
4123,141,12,2641,282,979.68,113.88,1.0
4124,287,35,2787,574,979.65,86.52,1.0
4125,1,22,2501,2,979.63,56.44,1.0
4126,280,26,2780,560,979.58,96.09,1.0
4127,191,27,2691,382,979.55,78.22,1.0
4128,290,35,2790,580,979.49,89.49,1.0
4129,111,12,2611,222,979.48,90.87,1.0
4130,286,15,2786,572,979.46,124.63,1.0
4131,281,28,2781,562,979.45,91.56,1.0
4132,281,15,2781,562,979.37,123.23,1.0
4133,300,34,2800,600,979.36,86.03,1.0
4134,29,11,2529,58,979.35,79.25,1.0
4135,280,17,2780,560,979.31,126.51,1.0
4136,172,27,2672,344,979.28,87.63,1.0
4137,40,23,2540,80,979.24,67.0,1.0
4138,52,14,2552,104,979.24,85.66,1.0
4139,116,26,2616,232,979.24,73.91,1.0
4140,289,42,2789,578,979.2,89.88,1.0
4141,12,11,2512,24,979.18,75.93,1.0
4142,294,14,2794,588,979.15,122.07,1.0
4143,210,14,2710,420,979.12,109.17,1.0
4144,12,24,2512,24,979.11,59.2,1.0
4145,287,31,2787,574,979.06,91.4,1.0
4146,275,14,2775,550,979.03,125.91,1.0
4147,0,24,2500,0,979.0,57.06,1.0
4148,59,25,2559,118,978.96,66.25,1.0
4149,210,16,2710,420,978.96,116.8,1.0
4150,137,26,2637,274,978.85,68.25,1.0
4151,186,16,2686,372,978.78,108.61,1.0
4152,290,43,2790,580,978.74,90.94,1.0
4153,180,28,2680,360,978.68,71.14,1.0
4154,16,10,2516,32,978.6,77.26,1.0
4155,173,27,2673,346,978.58,83.76,1.0
4156,258,28,2758,516,978.5,89.69,1.0
4157,240,28,2740,480,978.48,85.68,1.0
4158,101,14,2601,202,978.42,101.33,1.0
4159,161,26,2661,322,978.38,80.64,1.0
4160,159,26,2659,318,978.37,89.5,1.0
4161,11,12,2511,22,978.36,75.19,1.0
4162,56,24,2556,112,978.34,66.39,1.0
4163,201,15,2701,402,978.33,126.37,1.0
4164,51,24,2551,102,978.32,67.56,1.0
4165,27,22,2527,54,978.29,60.37,1.0
4166,192,27,2692,384,978.29,83.35,1.0
4167,120,25,2620,240,978.26,76.41,1.0
4168,276,29,2776,552,978.23,89.61,1.0
4169,166,26,2666,332,978.21,75.96,1.0
4170,18,11,2518,36,978.17,78.26,1.0
4171,300,36,2800,600,978.15,86.65,1.0
4172,74,11,2574,148,978.01,86.37,1.0
4173,240,13,2740,480,977.98,117.26,1.0
4174,111,25,2611,222,977.94,74.17,1.0
4175,271,14,2771,542,977.93,114.05,1.0
4176,298,29,2798,596,977.86,83.97,1.0
4177,265,38,2765,530,977.81,80.54,1.0
4178,289,30,2789,578,977.78,95.1,1.0
4179,143,11,2643,286,977.76,105.35,1.0
4180,128,24,2628,256,977.75,84.2,1.0
4181,253,28,2753,506,977.68,88.51,1.0
4182,254,28,2754,508,977.62,82.73,1.0
4183,74,25,2574,148,977.6,66.45,1.0
4184,157,16,2657,314,977.6,118.04,1.0
4185,77,12,2577,154,977.58,85.85,1.0
4186,194,28,2694,388,977.54,79.64,1.0
4187,289,44,2789,578,977.49,92.42,1.0
4188,279,13,2779,558,977.44,120.09,1.0
4189,208,28,2708,416,977.43,77.98,1.0
4190,176,26,2676,352,977.42,85.53,1.0
4191,241,28,2741,482,977.4,78.91,1.0
4192,291,29,2791,582,977.4,90.43,1.0
4193,191,14,2691,382,977.37,103.06,1.0
4194,50,23,2550,100,977.36,64.92,1.0
4195,89,25,2589,178,977.36,78.67,1.0
4196,37,11,2537,74,977.29,79.92,1.0
4197,262,29,2762,524,977.27,78.82,1.0
4198,299,44,2799,598,977.26,93.22,1.0
4199,92,25,2592,184,977.24,76.85,1.0
4200,257,28,2757,514,977.2,78.34,1.0
4201,142,13,2642,284,977.19,93.97,1.0
4202,99,12,2599,198,977.18,90.43,1.0
4203,187,12,2687,374,977.16,119.29,1.0
4204,113,12,2613,226,977.12,101.88,1.0
4205,61,11,2561,122,977.01,85.95,1.0
4206,270,15,2770,540,976.99,124.46,1.0
4207,30,10,2530,60,976.96,85.29,1.0
4208,212,27,2712,424,976.95,98.12,1.0
4209,9,11,2509,18,976.93,76.82,1.0
4210,28,10,2528,56,976.93,81.42,1.0
4211,22,11,2522,44,976.92,76.25,1.0
4212,63,12,2563,126,976.84,85.68,1.0
4213,287,30,2787,574,976.84,94.29,1.0
4214,209,14,2709,418,976.75,114.19,1.0
4215,240,14,2740,480,976.71,117.58,1.0
4216,256,30,2756,512,976.64,82.55,1.0
4217,299,13,2799,598,976.63,118.01,1.0
4218,45,13,2545,90,976.6,68.95,1.0
4219,64,12,2564,128,976.6,89.57,1.0
4220,99,25,2599,198,976.6,75.77,1.0
4221,224,29,2724,448,976.59,82.82,1.0
4222,163,12,2663,326,976.56,104.09,1.0
4223,296,29,2796,592,976.55,86.23,1.0
4224,129,26,2629,258,976.54,73.8,1.0
4225,10,11,2510,20,976.51,73.71,1.0
4226,288,35,2788,576,976.5,75.92,1.0
4227,287,33,2787,574,976.48,94.36,1.0
4228,136,26,2636,272,976.46,80.21,1.0
4229,78,13,2578,156,976.43,77.68,1.0
4230,300,35,2800,600,976.41,89.34,1.0
4231,47,25,2547,94,976.4,64.8,1.0
4232,287,36,2787,574,976.4,87.65,1.0
4233,176,14,2676,352,976.37,114.92,1.0
4234,247,13,2747,494,976.33,128.33,1.0
4235,6,23,2506,12,976.31,59.2,1.0
4236,278,32,2778,556,976.21,81.14,1.0
4237,239,29,2739,478,976.18,88.37,1.0
4238,156,13,2656,312,976.17,103.22,1.0
4239,256,44,2756,512,976.16,90.41,1.0
4240,170,26,2670,340,976.11,76.85,1.0
4241,10,23,2510,20,976.1,69.36,1.0
4242,109,26,2609,218,976.02,74.2,1.0
4243,298,14,2798,596,976.01,127.46,1.0
4244,54,11,2554,108,976.0,86.02,1.0
4245,136,13,2636,272,976.0,95.99,1.0
4246,98,12,2598,196,975.98,101.35,1.0
4247,255,28,2755,510,975.96,90.67,1.0
4248,43,11,2543,86,975.85,88.7,1.0
4249,291,14,2791,582,975.84,127.35,1.0
4250,283,29,2783,566,975.82,86.11,1.0
4251,203,28,2703,406,975.81,83.53,1.0
4252,277,35,2777,554,975.79,84.82,1.0
4253,292,42,2792,584,975.78,85.86,1.0
4254,287,37,2787,574,975.73,93.36,1.0
4255,204,28,2704,408,975.66,86.52,1.0
4256,251,12,2751,502,975.66,111.28,1.0
4257,270,29,2770,540,975.64,82.87,1.0
4258,24,24,2524,48,975.6,61.42,1.0
4259,201,27,2701,402,975.59,81.03,1.0
4260,288,30,2788,576,975.56,77.37,1.0
4261,256,39,2756,512,975.55,81.33,1.0
4262,142,12,2642,284,975.54,99.32,1.0
4263,58,24,2558,116,975.48,69.34,1.0
4264,104,11,2604,208,975.46,100.71,1.0
4265,192,13,2692,384,975.45,121.99,1.0
4266,95,11,2595,190,975.42,103.07,1.0
4267,131,26,2631,262,975.36,73.22,1.0
4268,6,11,2506,12,975.34,66.22,1.0
4269,278,29,2778,556,975.32,85.24,1.0
4270,287,43,2787,574,975.31,97.5,1.0
4271,300,43,2800,600,975.3,81.92,1.0
4272,48,24,2548,96,975.23,63.21,1.0
4273,251,28,2751,502,975.23,88.86,1.0
4274,86,13,2586,172,975.17,83.66,1.0
4275,256,12,2756,512,975.09,132.1,1.0
4276,34,11,2534,68,974.98,77.04,1.0
4277,42,25,2542,84,974.95,57.9,1.0
4278,31,11,2531,62,974.91,85.64,1.0
4279,289,32,2789,578,974.91,89.63,1.0
4280,78,25,2578,156,974.88,74.39,1.0
4281,160,26,2660,320,974.83,76.22,1.0
4282,40,12,2540,80,974.82,80.9,1.0
4283,282,28,2782,564,974.82,85.38,1.0
4284,289,38,2789,578,974.81,80.77,1.0
4285,5,24,2505,10,974.75,56.56,1.0
4286,88,11,2588,176,974.75,91.29,1.0
4287,292,13,2792,584,974.68,132.57,1.0
4288,243,15,2743,486,974.66,132.4,1.0
4289,119,27,2619,238,974.65,75.3,1.0
4290,188,14,2688,376,974.65,113.22,1.0
4291,60,10,2560,120,974.64,92.22,1.0
4292,80,11,2580,160,974.58,89.67,1.0
4293,15,10,2515,30,974.56,70.27,1.0
4294,136,12,2636,272,974.53,99.63,1.0
4295,222,12,2722,444,974.52,124.79,1.0
4296,260,13,2760,520,974.48,121.4,1.0
4297,193,12,2693,386,974.45,111.74,1.0
4298,250,14,2750,500,974.38,121.77,1.0
4299,256,45,2756,512,974.29,80.51,1.0
4300,222,11,2722,444,974.27,127.14,1.0
4301,247,29,2747,494,974.22,83.18,1.0
4302,277,44,2777,554,974.22,77.98,1.0
4303,282,16,2782,564,974.2,129.6,1.0
4304,300,44,2800,600,974.2,89.26,1.0
4305,1,12,2501,2,974.16,64.36,1.0
4306,98,26,2598,196,974.09,70.19,1.0
4307,289,12,2789,578,974.03,121.28,1.0
4308,51,11,2551,102,974.02,89.0,1.0
4309,289,31,2789,578,973.9,89.54,1.0
4310,246,13,2746,492,973.89,116.96,1.0
4311,268,14,2768,536,973.88,124.43,1.0
4312,246,29,2746,492,973.84,81.84,1.0
4313,292,40,2792,584,973.82,85.21,1.0
4314,197,28,2697,394,973.8,73.77,1.0
4315,143,27,2643,286,973.76,77.42,1.0
4316,171,27,2671,342,973.71,77.85,1.0
4317,277,38,2777,554,973.69,86.79,1.0
4318,86,12,2586,172,973.64,83.31,1.0
4319,220,27,2720,440,973.6,84.55,1.0
4320,116,12,2616,232,973.55,102.96,1.0
4321,175,13,2675,350,973.53,99.01,1.0
4322,187,27,2687,374,973.51,84.22,1.0
4323,130,25,2630,260,973.5,84.19,1.0
4324,216,28,2716,432,973.49,78.96,1.0
4325,12,10,2512,24,973.48,73.38,1.0
4326,97,25,2597,194,973.46,71.01,1.0
4327,104,25,2604,208,973.34,74.65,1.0
4328,146,27,2646,292,973.34,76.0,1.0
4329,250,29,2750,500,973.33,87.65,1.0
4330,292,44,2792,584,973.19,83.38,1.0
4331,24,10,2524,48,973.18,72.65,1.0
4332,236,28,2736,472,973.16,84.54,1.0
4333,288,41,2788,576,973.14,84.76,1.0
4334,93,11,2593,186,973.11,97.56,1.0
4335,114,25,2614,228,973.11,77.19,1.0
4336,265,41,2765,530,973.11,83.18,1.0
4337,94,11,2594,188,973.08,94.35,1.0
4338,272,29,2772,544,973.0,89.88,1.0
4339,174,12,2674,348,972.98,110.61,1.0
4340,154,13,2654,308,972.96,110.9,1.0
4341,108,11,2608,216,972.95,94.99,1.0
4342,211,12,2711,422,972.95,119.41,1.0
4343,273,29,2773,546,972.88,84.87,1.0
4344,78,12,2578,156,972.79,86.67,1.0
4345,285,14,2785,570,972.77,128.36,1.0
4346,294,42,2794,588,972.77,75.81,1.0
4347,288,42,2788,576,972.66,86.05,1.0
4348,223,28,2723,446,972.65,85.48,1.0
4349,124,13,2624,248,972.64,93.61,1.0
4350,122,25,2622,244,972.54,85.15,1.0
4351,294,32,2794,588,972.54,82.09,1.0
4352,277,42,2777,554,972.51,90.46,1.0
4353,181,13,2681,362,972.5,107.11,1.0
4354,185,14,2685,370,972.43,101.81,1.0
4355,209,27,2709,418,972.4,94.24,1.0
4356,265,39,2765,530,972.4,79.97,1.0
4357,55,12,2555,110,972.37,78.02,1.0
4358,155,26,2655,310,972.37,75.87,1.0
4359,139,26,2639,278,972.32,69.45,1.0
4360,285,38,2785,570,972.3,83.67,1.0
4361,256,35,2756,512,972.28,78.79,1.0
4362,103,26,2603,206,972.26,67.45,1.0
4363,97,12,2597,194,972.24,92.24,1.0
4364,81,11,2581,162,972.22,94.51,1.0
4365,21,24,2521,42,972.21,65.05,1.0
4366,126,27,2626,252,972.21,82.01,1.0
4367,147,13,2647,294,972.16,104.64,1.0
4368,195,13,2695,390,972.14,113.79,1.0
4369,287,42,2787,574,972.07,92.96,1.0
4370,300,42,2800,600,972.06,89.07,1.0
4371,256,34,2756,512,972.04,85.04,1.0
4372,292,14,2792,584,972.02,126.09,1.0
4373,21,10,2521,42,971.87,77.57,1.0
4374,288,44,2788,576,971.87,84.65,1.0
4375,77,11,2577,154,971.86,79.46,1.0
4376,142,26,2642,284,971.83,81.11,1.0
4377,166,14,2666,332,971.83,100.07,1.0
4378,4,11,2504,8,971.82,74.07,1.0
4379,184,12,2684,368,971.82,110.66,1.0
4380,5,10,2505,10,971.81,65.36,1.0
4381,216,13,2716,432,971.77,105.56,1.0
4382,171,13,2671,342,971.74,113.63,1.0
4383,221,14,2721,442,971.64,104.64,1.0
4384,277,33,2777,554,971.61,85.35,1.0
4385,66,12,2566,132,971.59,81.15,1.0
4386,134,13,2634,268,971.58,102.99,1.0
4387,290,45,2790,580,971.58,93.45,1.0
4388,256,40,2756,512,971.5,85.09,1.0
4389,43,25,2543,86,971.44,74.99,1.0
4390,237,29,2737,474,971.44,89.95,1.0
4391,289,45,2789,578,971.43,88.95,1.0
4392,3,24,2503,6,971.4,58.23,1.0
4393,256,32,2756,512,971.38,80.16,1.0
4394,277,41,2777,554,971.38,86.74,1.0
4395,256,33,2756,512,971.28,81.21,1.0
4396,263,36,2763,526,971.26,85.26,1.0
4397,287,32,2787,574,971.24,94.33,1.0
4398,263,44,2763,526,971.21,79.92,1.0
4399,62,25,2562,124,971.2,71.15,1.0
4400,292,41,2792,584,971.15,83.76,1.0
4401,189,14,2689,378,971.14,114.36,1.0
4402,291,40,2791,582,971.14,92.65,1.0
4403,128,25,2628,256,971.06,78.73,1.0
4404,140,27,2640,280,971.06,69.51,1.0
4405,157,26,2657,314,971.06,80.07,1.0
4406,138,12,2638,276,971.05,104.08,1.0
4407,179,28,2679,358,971.03,75.32,1.0
4408,206,13,2706,412,971.01,120.27,1.0
4409,127,12,2627,254,971.0,96.8,1.0
4410,285,13,2785,570,971.0,122.51,1.0
4411,287,41,2787,574,970.98,90.67,1.0
4412,300,40,2800,600,970.94,84.9,1.0
4413,294,33,2794,588,970.9,85.47,1.0
4414,17,11,2517,34,970.89,71.18,1.0
4415,285,41,2785,570,970.88,86.09,1.0
4416,298,32,2798,596,970.82,85.03,1.0
4417,289,36,2789,578,970.79,93.04,1.0
4418,82,25,2582,164,970.78,67.89,1.0
4419,243,28,2743,486,970.72,91.31,1.0
4420,108,12,2608,216,970.68,96.46,1.0
4421,300,31,2800,600,970.68,81.65,1.0
4422,230,14,2730,460,970.66,126.05,1.0
4423,100,11,2600,200,970.62,94.57,1.0
4424,169,27,2669,338,970.62,86.56,1.0
4425,284,30,2784,568,970.61,92.24,1.0
4426,88,10,2588,176,970.56,90.46,1.0
4427,198,13,2698,396,970.54,107.36,1.0
4428,205,28,2705,410,970.53,84.71,1.0
4429,190,28,2690,380,970.5,72.92,1.0
4430,218,27,2718,436,970.43,95.09,1.0
4431,11,23,2511,22,970.41,56.06,1.0
4432,241,12,2741,482,970.37,124.42,1.0
4433,256,37,2756,512,970.34,81.87,1.0
4434,15,24,2515,30,970.32,60.73,1.0
4435,265,44,2765,530,970.3,90.36,1.0
4436,167,13,2667,334,970.25,112.2,1.0
4437,182,27,2682,364,970.25,85.87,1.0
4438,287,39,2787,574,970.25,84.74,1.0
4439,292,34,2792,584,970.2,88.99,1.0
4440,36,12,2536,72,970.17,78.37,1.0
4441,37,24,2537,74,970.16,72.64,1.0
4442,294,15,2794,588,970.16,130.17,1.0
4443,133,14,2633,266,970.12,98.9,1.0
4444,288,37,2788,576,970.11,81.74,1.0
4445,265,33,2765,530,970.08,93.82,1.0
4446,289,40,2789,578,970.08,92.69,1.0
4447,182,13,2682,364,970.07,125.38,1.0
4448,129,11,2629,258,970.06,94.67,1.0
4449,263,31,2763,526,970.06,83.71,1.0
4450,131,25,2631,262,970.04,82.25,1.0
4451,38,24,2538,76,970.03,65.43,1.0
4452,278,39,2778,556,970.0,78.97,1.0
4453,174,27,2674,348,969.99,83.93,1.0
4454,122,12,2622,244,969.94,103.08,1.0
4455,13,11,2513,26,969.89,82.43,1.0
4456,277,39,2777,554,969.85,90.64,1.0
4457,7,11,2507,14,969.84,80.27,1.0
4458,226,28,2726,452,969.83,81.63,1.0
4459,65,24,2565,130,969.82,66.53,1.0
4460,166,27,2666,332,969.82,68.94,1.0
4461,214,13,2714,428,969.74,125.46,1.0
4462,110,26,2610,220,969.66,77.55,1.0
4463,90,25,2590,180,969.63,75.07,1.0
4464,40,24,2540,80,969.62,69.03,1.0
4465,177,28,2677,354,969.6,77.23,1.0
4466,65,12,2565,130,969.58,93.85,1.0
4467,41,25,2541,82,969.52,58.85,1.0
4468,195,14,2695,390,969.46,104.84,1.0
4469,287,44,2787,574,969.46,94.39,1.0
4470,294,35,2794,588,969.46,86.41,1.0
4471,102,11,2602,204,969.41,90.76,1.0
4472,263,42,2763,526,969.39,87.0,1.0
4473,60,26,2560,120,969.33,66.21,1.0
4474,169,12,2669,338,969.32,109.45,1.0
4475,298,44,2798,596,969.26,84.57,1.0
4476,141,27,2641,282,969.24,71.04,1.0
4477,300,37,2800,600,969.22,86.5,1.0
4478,288,36,2788,576,969.21,79.3,1.0
4479,1,23,2501,2,969.17,58.35,1.0
4480,185,27,2685,370,969.17,84.42,1.0
4481,34,24,2534,68,969.16,61.05,1.0
4482,295,16,2795,590,969.16,134.24,1.0
4483,292,37,2792,584,969.13,82.41,1.0
4484,285,40,2785,570,969.1,93.56,1.0
4485,224,12,2724,448,969.07,115.2,1.0
4486,215,29,2715,430,969.05,76.69,1.0
4487,181,28,2681,362,969.02,77.48,1.0
4488,70,11,2570,140,968.98,90.0,1.0
4489,294,44,2794,588,968.98,83.53,1.0
4490,298,33,2798,596,968.96,89.33,1.0
4491,182,28,2682,364,968.92,80.22,1.0
4492,73,11,2573,146,968.9,81.05,1.0
4493,288,33,2788,576,968.9,89.17,1.0
4494,13,23,2513,26,968.88,67.82,1.0
4495,226,13,2726,452,968.87,124.77,1.0
4496,287,13,2787,574,968.87,125.17,1.0
4497,292,43,2792,584,968.86,85.08,1.0
4498,57,24,2557,114,968.8,62.18,1.0
4499,239,12,2739,478,968.79,119.49,1.0
4500,277,37,2777,554,968.79,88.02,1.0
4501,277,32,2777,554,968.72,84.64,1.0
4502,83,26,2583,166,968.71,74.86,1.0
4503,44,11,2544,88,968.68,75.98,1.0
4504,3,10,2503,6,968.67,75.27,1.0
4505,263,37,2763,526,968.63,80.14,1.0
4506,192,12,2692,384,968.62,117.24,1.0
4507,292,35,2792,584,968.59,78.27,1.0
4508,276,12,2776,552,968.54,122.99,1.0
4509,198,28,2698,396,968.52,78.04,1.0
4510,222,29,2722,444,968.48,87.0,1.0
4511,257,14,2757,514,968.46,122.53,1.0
4512,26,10,2526,52,968.45,79.76,1.0
4513,132,12,2632,264,968.45,96.62,1.0
4514,87,25,2587,174,968.24,73.49,1.0
4515,213,27,2713,426,968.23,96.22,1.0
4516,28,25,2528,56,968.16,60.79,1.0
4517,76,26,2576,152,968.13,71.97,1.0
4518,283,40,2783,566,968.1,89.89,1.0
4519,117,26,2617,234,968.07,80.25,1.0
4520,162,13,2662,324,968.07,107.86,1.0
4521,283,42,2783,566,968.06,97.76,1.0
4522,72,25,2572,144,968.04,72.24,1.0
4523,200,12,2700,400,968.04,108.59,1.0
4524,291,33,2791,582,968.03,94.99,1.0
4525,221,28,2721,442,968.01,79.97,1.0
4526,249,29,2749,498,967.98,79.72,1.0
4527,249,15,2749,498,967.94,118.56,1.0
4528,83,11,2583,166,967.93,89.63,1.0
4529,2,24,2502,4,967.81,63.33,1.0
4530,51,25,2551,102,967.79,63.21,1.0
4531,4,24,2504,8,967.74,60.98,1.0
4532,31,24,2531,62,967.72,66.72,1.0
4533,22,24,2522,44,967.65,66.88,1.0
4534,289,34,2789,578,967.64,96.67,1.0
4535,294,41,2794,588,967.64,80.22,1.0
4536,288,34,2788,576,967.59,89.52,1.0
4537,32,11,2532,64,967.58,81.83,1.0
4538,289,39,2789,578,967.57,84.53,1.0
4539,282,15,2782,564,967.5,127.91,1.0
4540,298,38,2798,596,967.48,86.39,1.0
4541,300,45,2800,600,967.48,91.31,1.0
4542,113,11,2613,226,967.47,101.72,1.0
4543,14,25,2514,28,967.46,62.54,1.0
4544,295,29,2795,590,967.44,91.41,1.0
4545,207,27,2707,414,967.41,84.34,1.0
4546,263,38,2763,526,967.41,86.35,1.0
4547,106,12,2606,212,967.37,102.53,1.0
4548,85,26,2585,170,967.32,74.98,1.0
4549,127,26,2627,254,967.32,71.92,1.0
4550,223,13,2723,446,967.29,122.83,1.0
4551,285,31,2785,570,967.27,88.56,1.0
4552,157,15,2657,314,967.24,105.08,1.0
4553,75,12,2575,150,967.21,81.25,1.0
4554,298,30,2798,596,967.21,83.74,1.0
4555,294,31,2794,588,967.16,83.11,1.0
4556,30,25,2530,60,967.14,73.95,1.0
4557,288,31,2788,576,967.05,81.02,1.0
4558,243,14,2743,486,966.97,134.59,1.0
4559,10,24,2510,20,966.96,65.6,1.0
4560,38,11,2538,76,966.94,87.77,1.0
4561,103,12,2603,206,966.87,88.99,1.0
4562,104,26,2604,208,966.83,69.33,1.0
4563,190,12,2690,380,966.82,116.83,1.0
4564,200,29,2700,400,966.74,67.13,1.0
4565,287,40,2787,574,966.74,94.17,1.0
4566,294,37,2794,588,966.72,74.32,1.0
4567,121,26,2621,242,966.71,73.77,1.0
4568,283,33,2783,566,966.68,90.3,1.0
4569,245,14,2745,490,966.67,120.95,1.0
4570,255,29,2755,510,966.67,83.2,1.0
4571,159,27,2659,318,966.66,80.61,1.0
4572,278,42,2778,556,966.66,80.6,1.0
4573,36,24,2536,72,966.58,70.06,1.0
4574,293,15,2793,586,966.58,122.24,1.0
4575,47,10,2547,94,966.57,85.48,1.0
4576,46,11,2546,92,966.54,82.39,1.0
4577,120,12,2620,240,966.54,101.47,1.0
4578,188,26,2688,376,966.54,94.2,1.0
4579,199,11,2699,398,966.53,120.3,1.0
4580,81,25,2581,162,966.51,70.65,1.0
4581,207,14,2707,414,966.5,108.84,1.0
4582,123,26,2623,246,966.49,76.07,1.0
4583,191,28,2691,382,966.46,73.01,1.0
4584,277,40,2777,554,966.46,83.39,1.0
4585,265,32,2765,530,966.43,91.15,1.0
4586,263,43,2763,526,966.43,80.96,1.0
4587,105,12,2605,210,966.37,110.02,1.0
4588,278,33,2778,556,966.36,78.59,1.0
4589,135,27,2635,270,966.32,69.16,1.0
4590,292,38,2792,584,966.3,83.8,1.0
4591,49,24,2549,98,966.27,67.57,1.0
4592,207,13,2707,414,966.26,114.85,1.0
4593,265,35,2765,530,966.26,83.78,1.0
4594,173,28,2673,346,966.2,75.28,1.0
4595,284,42,2784,568,966.2,95.75,1.0
4596,278,41,2778,556,966.2,83.83,1.0
4597,29,24,2529,58,966.19,69.77,1.0
4598,54,25,2554,108,966.19,65.32,1.0
4599,271,13,2771,542,966.18,128.84,1.0
4600,124,12,2624,248,966.11,99.25,1.0
4601,52,23,2552,104,966.1,67.55,1.0
4602,265,36,2765,530,966.07,87.97,1.0
4603,284,44,2784,568,966.05,92.15,1.0
4604,20,24,2520,40,966.01,66.15,1.0
4605,289,41,2789,578,965.9,94.69,1.0
4606,215,12,2715,430,965.86,107.39,1.0
4607,217,13,2717,434,965.84,111.49,1.0
4608,120,26,2620,240,965.79,77.98,1.0
4609,210,27,2710,420,965.71,86.69,1.0
4610,289,43,2789,578,965.67,92.37,1.0
4611,67,10,2567,134,965.65,82.6,1.0
4612,289,37,2789,578,965.64,89.97,1.0
4613,3,11,2503,6,965.59,73.38,1.0
4614,23,24,2523,46,965.59,62.81,1.0
4615,265,30,2765,530,965.56,83.0,1.0
4616,263,40,2763,526,965.54,82.82,1.0
4617,48,12,2548,96,965.52,79.51,1.0
4618,219,28,2719,438,965.51,80.03,1.0
4619,114,26,2614,228,965.41,76.07,1.0
4620,294,30,2794,588,965.38,74.75,1.0
4621,58,12,2558,116,965.36,86.92,1.0
4622,117,12,2617,234,965.28,102.8,1.0
4623,264,29,2764,528,965.28,75.63,1.0
4624,298,39,2798,596,965.23,88.17,1.0
4625,56,25,2556,112,965.2,60.51,1.0
4626,228,14,2728,456,965.17,119.7,1.0
4627,285,35,2785,570,965.16,87.02,1.0
4628,288,40,2788,576,965.1,85.1,1.0
4629,274,13,2774,548,965.05,130.84,1.0
4630,263,34,2763,526,965.02,78.26,1.0
4631,35,12,2535,70,964.98,73.83,1.0
4632,213,13,2713,426,964.97,115.52,1.0
4633,280,27,2780,560,964.97,91.78,1.0
4634,287,45,2787,574,964.97,91.05,1.0
4635,248,29,2748,496,964.94,88.92,1.0
4636,292,39,2792,584,964.94,83.3,1.0
4637,164,27,2664,328,964.92,83.47,1.0
4638,289,33,2789,578,964.9,97.73,1.0
4639,265,34,2765,530,964.88,84.68,1.0
4640,195,12,2695,390,964.82,116.53,1.0
4641,291,36,2791,582,964.77,92.74,1.0
4642,277,31,2777,554,964.76,91.47,1.0
4643,124,26,2624,248,964.73,77.89,1.0
4644,165,12,2665,330,964.72,116.54,1.0
4645,172,12,2672,344,964.72,109.53,1.0
4646,168,13,2668,336,964.7,105.0,1.0
4647,101,25,2601,202,964.69,73.56,1.0
4648,294,34,2794,588,964.68,83.37,1.0
4649,177,11,2677,354,964.6,106.91,1.0
4650,283,38,2783,566,964.6,92.11,1.0
4651,290,46,2790,580,964.6,87.56,1.0
4652,26,11,2526,52,964.57,75.0,1.0
4653,291,45,2791,582,964.54,92.64,1.0
4654,278,34,2778,556,964.52,84.61,1.0
4655,284,33,2784,568,964.5,94.28,1.0
4656,33,10,2533,66,964.49,76.49,1.0
4657,202,12,2702,404,964.48,116.56,1.0
4658,92,11,2592,184,964.42,98.27,1.0
4659,288,45,2788,576,964.41,82.7,1.0
4660,265,40,2765,530,964.33,81.71,1.0
4661,298,41,2798,596,964.28,91.41,1.0
4662,71,26,2571,142,964.23,70.76,1.0
4663,23,10,2523,46,964.15,81.32,1.0
4664,265,31,2765,530,964.15,82.36,1.0
4665,18,24,2518,36,964.14,63.16,1.0
4666,119,11,2619,238,964.13,106.93,1.0
4667,125,27,2625,250,964.12,73.07,1.0
4668,294,39,2794,588,964.12,83.26,1.0
4669,56,11,2556,112,964.11,82.77,1.0
4670,272,41,2772,544,964.1,83.11,1.0
4671,298,42,2798,596,964.08,76.81,1.0
4672,142,11,2642,284,964.03,108.58,1.0
4673,277,43,2777,554,963.98,95.99,1.0
4674,278,36,2778,556,963.92,79.04,1.0
4675,52,13,2552,104,963.91,80.24,1.0
4676,201,13,2701,402,963.84,113.96,1.0
4677,285,33,2785,570,963.84,92.78,1.0
4678,291,31,2791,582,963.84,97.09,1.0
4679,89,11,2589,178,963.82,88.7,1.0
4680,205,12,2705,410,963.72,109.34,1.0
4681,203,12,2703,406,963.66,120.7,1.0
4682,118,27,2618,236,963.63,72.5,1.0
4683,296,39,2796,592,963.62,75.8,1.0
4684,235,28,2735,470,963.6,83.11,1.0
4685,225,28,2725,450,963.58,87.19,1.0
4686,196,13,2696,392,963.54,109.81,1.0
4687,277,46,2777,554,963.51,91.7,1.0
4688,285,37,2785,570,963.51,83.97,1.0
4689,132,26,2632,264,963.5,71.96,1.0
4690,298,35,2798,596,963.48,86.98,1.0
4691,131,12,2631,262,963.44,110.34,1.0
4692,280,16,2780,560,963.44,127.04,1.0
4693,263,39,2763,526,963.42,84.39,1.0
4694,285,43,2785,570,963.4,89.34,1.0
4695,152,27,2652,304,963.37,74.87,1.0
4696,203,11,2703,406,963.35,122.25,1.0
4697,271,29,2771,542,963.35,83.54,1.0
4698,278,31,2778,556,963.33,88.44,1.0
4699,284,31,2784,568,963.32,92.28,1.0
4700,288,39,2788,576,963.31,86.63,1.0
4701,153,27,2653,306,963.24,75.79,1.0
4702,137,27,2637,274,963.23,73.24,1.0
4703,45,24,2545,90,963.22,64.42,1.0
4704,228,13,2728,456,963.22,125.03,1.0
4705,133,26,2633,266,963.08,79.67,1.0
4706,225,14,2725,450,963.08,125.34,1.0
4707,134,26,2634,268,963.03,67.68,1.0
4708,287,46,2787,574,963.02,92.51,1.0
4709,167,28,2667,334,962.97,73.84,1.0
4710,218,28,2718,436,962.94,92.46,1.0
4711,281,14,2781,562,962.94,121.64,1.0
4712,79,25,2579,158,962.9,76.3,1.0
4713,267,13,2767,534,962.89,123.97,1.0
4714,41,10,2541,82,962.88,87.48,1.0
4715,100,26,2600,200,962.88,74.04,1.0
4716,273,13,2773,546,962.8,121.07,1.0
4717,75,25,2575,150,962.78,65.18,1.0
4718,32,24,2532,64,962.77,63.06,1.0
4719,259,29,2759,518,962.76,80.16,1.0
4720,291,41,2791,582,962.7,91.06,1.0
4721,298,31,2798,596,962.7,92.63,1.0
4722,195,27,2695,390,962.69,75.12,1.0
4723,279,29,2779,558,962.66,91.9,1.0
4724,6,24,2506,12,962.64,56.27,1.0
4725,242,29,2742,484,962.64,93.06,1.0
4726,294,38,2794,588,962.64,82.0,1.0
4727,7,24,2507,14,962.62,64.12,1.0
4728,283,31,2783,566,962.54,87.47,1.0
4729,298,36,2798,596,962.5,95.48,1.0
4730,245,29,2745,490,962.46,78.18,1.0
4731,214,28,2714,428,962.42,88.0,1.0
4732,284,35,2784,568,962.42,88.18,1.0
4733,279,40,2779,558,962.28,80.7,1.0
4734,291,32,2791,582,962.28,84.0,1.0
4735,284,36,2784,568,962.23,82.7,1.0
4736,31,10,2531,62,962.21,86.61,1.0
4737,285,34,2785,570,962.21,93.21,1.0
4738,244,28,2744,488,962.2,80.9,1.0
4739,26,25,2526,52,962.16,64.48,1.0
4740,115,26,2615,230,962.15,68.98,1.0
4741,42,11,2542,84,962.12,82.23,1.0
4742,107,11,2607,214,962.11,98.3,1.0
4743,186,27,2686,372,962.07,73.11,1.0
4744,209,28,2709,418,962.06,83.54,1.0
4745,69,25,2569,138,961.98,69.71,1.0
4746,252,37,2752,504,961.98,75.95,1.0
4747,284,37,2784,568,961.98,82.85,1.0
4748,121,11,2621,242,961.89,92.55,1.0
4749,284,32,2784,568,961.88,91.26,1.0
4750,292,30,2792,584,961.88,86.97,1.0
4751,291,38,2791,582,961.85,92.4,1.0
4752,268,29,2768,536,961.84,96.12,1.0
4753,296,34,2796,592,961.84,84.18,1.0
4754,263,41,2763,526,961.81,86.79,1.0
4755,291,43,2791,582,961.77,87.25,1.0
4756,282,29,2782,564,961.75,90.0,1.0
4757,290,47,2790,580,961.74,97.16,1.0
4758,231,29,2731,462,961.68,76.22,1.0
4759,265,45,2765,530,961.67,86.25,1.0
4760,150,27,2650,300,961.64,85.1,1.0
4761,186,15,2686,372,961.62,123.57,1.0
4762,111,26,2611,222,961.59,74.76,1.0
4763,160,27,2660,320,961.5,78.44,1.0
4764,287,47,2787,574,961.47,96.87,1.0
4765,248,12,2748,496,961.46,128.95,1.0
4766,266,29,2766,532,961.41,81.09,1.0
4767,86,26,2586,172,961.38,68.83,1.0
4768,294,36,2794,588,961.36,78.81,1.0
4769,194,12,2694,388,961.35,119.12,1.0
4770,272,14,2772,544,961.32,130.94,1.0
4771,227,12,2727,454,961.28,127.85,1.0
4772,189,28,2689,378,961.24,78.34,1.0
4773,290,13,2790,580,961.22,134.02,1.0
4774,211,29,2711,422,961.16,77.49,1.0
4775,260,29,2760,520,961.08,86.35,1.0
4776,284,14,2784,568,961.05,138.52,1.0
4777,300,41,2800,600,961.04,93.26,1.0
4778,300,38,2800,600,960.98,83.0,1.0
4779,133,13,2633,266,960.96,96.2,1.0
4780,283,44,2783,566,960.96,95.35,1.0
4781,184,28,2684,368,960.92,82.75,1.0
4782,277,34,2777,554,960.86,88.34,1.0
4783,139,11,2639,278,960.82,105.81,1.0
4784,285,32,2785,570,960.79,79.4,1.0
4785,265,43,2765,530,960.77,90.18,1.0
4786,265,42,2765,530,960.75,92.43,1.0
4787,57,12,2557,114,960.72,82.58,1.0
4788,158,27,2658,316,960.7,76.61,1.0
4789,234,13,2734,468,960.66,131.7,1.0
4790,64,25,2564,128,960.64,68.96,1.0
4791,297,14,2797,594,960.64,120.69,1.0
4792,46,25,2546,92,960.58,64.17,1.0
4793,135,12,2635,270,960.55,110.45,1.0
4794,173,11,2673,346,960.53,104.56,1.0
4795,2,9,2502,4,960.5,81.65,1.0
4796,9,24,2509,18,960.45,64.91,1.0
4797,110,11,2610,220,960.45,104.46,1.0
4798,291,34,2791,582,960.44,82.65,1.0
4799,220,28,2720,440,960.4,87.24,1.0
4800,292,32,2792,584,960.38,81.94,1.0
4801,147,27,2647,294,960.35,71.11,1.0
4802,113,27,2613,226,960.33,77.68,1.0
4803,278,37,2778,556,960.33,81.31,1.0
4804,20,25,2520,40,960.25,61.13,1.0
4805,144,12,2644,288,960.25,108.54,1.0
4806,252,30,2752,504,960.24,74.55,1.0
4807,159,11,2659,318,960.22,107.69,1.0
4808,27,13,2527,54,960.2,72.28,1.0
4809,274,29,2774,548,960.2,87.2,1.0
4810,291,35,2791,582,960.2,82.36,1.0
4811,263,33,2763,526,960.16,79.51,1.0
4812,59,11,2559,118,960.15,83.96,1.0
4813,243,13,2743,486,960.15,129.53,1.0
4814,284,45,2784,568,960.1,87.7,1.0
4815,244,14,2744,488,960.04,124.76,1.0
4816,278,12,2778,556,960.04,132.5,1.0
4817,58,25,2558,116,960.03,68.54,1.0
4818,300,14,2800,600,960.02,121.12,1.0
4819,250,44,2750,500,959.98,87.87,1.0
4820,299,47,2799,598,959.94,91.02,1.0
4821,292,31,2792,584,959.92,81.19,1.0
4822,102,26,2602,204,959.91,69.78,1.0
4823,50,24,2550,100,959.9,62.1,1.0
4824,240,29,2740,480,959.81,84.1,1.0
4825,68,11,2568,136,959.8,84.05,1.0
4826,294,43,2794,588,959.79,81.58,1.0
4827,261,14,2761,522,959.75,139.15,1.0
4828,45,12,2545,90,959.73,80.88,1.0
4829,17,24,2517,34,959.73,61.85,1.0
4830,106,11,2606,212,959.73,100.95,1.0
4831,82,12,2582,164,959.6,95.63,1.0
4832,91,11,2591,182,959.56,97.56,1.0
4833,228,28,2728,456,959.53,86.38,1.0
4834,263,32,2763,526,959.53,86.14,1.0
4835,272,40,2772,544,959.51,78.94,1.0
4836,73,25,2573,146,959.49,67.33,1.0
4837,238,12,2738,476,959.49,118.04,1.0
4838,55,25,2555,110,959.4,69.52,1.0
4839,292,36,2792,584,959.39,91.62,1.0
4840,237,31,2737,474,959.38,82.78,1.0
4841,206,28,2706,412,959.35,84.59,1.0
4842,241,29,2741,482,959.35,88.29,1.0
4843,176,13,2676,352,959.33,115.34,1.0
4844,161,13,2661,322,959.29,108.04,1.0
4845,8,24,2508,16,959.28,59.22,1.0
4846,283,30,2783,566,959.24,90.51,1.0
4847,6,10,2506,12,959.22,74.17,1.0
4848,252,44,2752,504,959.19,79.05,1.0
4849,62,10,2562,124,959.18,93.88,1.0
4850,296,31,2796,592,959.04,82.68,1.0
4851,257,29,2757,514,958.97,87.88,1.0
4852,262,34,2762,524,958.97,77.02,1.0
4853,293,40,2793,586,958.94,86.55,1.0
4854,144,28,2644,288,958.91,73.11,1.0
4855,209,12,2709,418,958.91,125.68,1.0
4856,279,39,2779,558,958.88,88.38,1.0
4857,272,42,2772,544,958.86,83.31,1.0
4858,230,28,2730,460,958.85,93.14,1.0
4859,283,37,2783,566,958.78,97.65,1.0
4860,267,38,2767,534,958.76,85.53,1.0
4861,101,12,2601,202,958.68,98.7,1.0
4862,278,35,2778,556,958.56,74.89,1.0
4863,108,26,2608,216,958.54,68.51,1.0
4864,283,41,2783,566,958.52,86.42,1.0
4865,285,30,2785,570,958.52,86.11,1.0
4866,40,11,2540,80,958.51,84.83,1.0
4867,8,11,2508,16,958.5,77.13,1.0
4868,80,26,2580,160,958.48,73.53,1.0
4869,283,13,2783,566,958.48,138.13,1.0
4870,53,25,2553,106,958.44,61.25,1.0
4871,90,26,2590,180,958.4,72.11,1.0
4872,218,13,2718,436,958.4,115.05,1.0
4873,76,10,2576,152,958.39,84.91,1.0
4874,123,27,2623,246,958.38,68.69,1.0
4875,256,46,2756,512,958.36,90.71,1.0
4876,170,13,2670,340,958.29,121.23,1.0
4877,52,12,2552,104,958.28,85.85,1.0
4878,291,39,2791,582,958.28,98.24,1.0
4879,233,29,2733,466,958.21,86.56,1.0
4880,25,10,2525,50,958.2,78.06,1.0
4881,145,14,2645,290,958.2,101.94,1.0
4882,247,12,2747,494,958.18,122.37,1.0
4883,278,44,2778,556,958.18,77.45,1.0
4884,11,11,2511,22,958.17,72.48,1.0
4885,283,34,2783,566,958.16,90.54,1.0
4886,291,42,2791,582,958.15,85.64,1.0
4887,273,33,2773,546,958.14,88.94,1.0
4888,229,14,2729,458,958.1,132.33,1.0
4889,263,12,2763,526,958.1,120.6,1.0
4890,91,26,2591,182,958.04,70.95,1.0
4891,71,11,2571,142,957.98,96.07,1.0
4892,255,37,2755,510,957.98,84.04,1.0
4893,264,14,2764,528,957.91,127.61,1.0
4894,293,29,2793,586,957.91,93.36,1.0
4895,57,11,2557,114,957.88,87.93,1.0
4896,182,12,2682,364,957.8,118.85,1.0
4897,272,35,2772,544,957.79,83.28,1.0
4898,284,41,2784,568,957.78,87.5,1.0
4899,209,13,2709,418,957.76,125.92,1.0
4900,263,35,2763,526,957.76,79.64,1.0
4901,107,26,2607,214,957.75,76.75,1.0
4902,94,10,2594,188,957.7,105.51,1.0
4903,242,13,2742,484,957.67,131.32,1.0
4904,262,37,2762,524,957.64,82.62,1.0
4905,294,13,2794,588,957.62,132.16,1.0
4906,296,37,2796,592,957.61,75.39,1.0
4907,191,13,2691,382,957.6,112.98,1.0
4908,265,37,2765,530,957.56,83.56,1.0
4909,283,39,2783,566,957.56,90.06,1.0
4910,296,13,2796,592,957.56,124.85,1.0
4911,249,14,2749,498,957.54,121.19,1.0
4912,237,32,2737,474,957.53,86.9,1.0
4913,273,38,2773,546,957.52,84.38,1.0
4914,285,36,2785,570,957.52,80.54,1.0
4915,252,32,2752,504,957.45,84.37,1.0
4916,262,30,2762,524,957.44,73.24,1.0
4917,288,32,2788,576,957.42,87.95,1.0
4918,288,43,2788,576,957.38,82.93,1.0
4919,272,33,2772,544,957.32,86.18,1.0
4920,285,42,2785,570,957.29,78.67,1.0
4921,236,14,2736,472,957.27,113.14,1.0
4922,112,11,2612,224,957.24,100.34,1.0
4923,96,26,2596,192,957.22,64.7,1.0
4924,98,27,2598,196,957.2,74.24,1.0
4925,151,27,2651,302,957.2,79.32,1.0
4926,298,40,2798,596,957.2,84.83,1.0
4927,84,11,2584,168,957.18,85.45,1.0
4928,95,25,2595,190,957.12,82.74,1.0
4929,114,11,2614,228,957.12,87.31,1.0
4930,295,35,2795,590,957.1,88.82,1.0
4931,295,38,2795,590,957.09,82.22,1.0
4932,283,45,2783,566,957.02,93.13,1.0
4933,261,28,2761,522,957.01,93.51,1.0
4934,151,13,2651,302,957.0,100.68,1.0
4935,292,46,2792,584,956.98,96.75,1.0
4936,129,27,2629,258,956.94,72.09,1.0
4937,284,34,2784,568,956.93,89.61,1.0
4938,239,39,2739,478,956.9,85.23,1.0
4939,61,10,2561,122,956.88,88.54,1.0
4940,236,29,2736,472,956.79,77.38,1.0
4941,289,46,2789,578,956.77,86.75,1.0
4942,295,36,2795,590,956.68,85.3,1.0
4943,141,11,2641,282,956.64,115.32,1.0
4944,239,43,2739,478,956.63,89.24,1.0
4945,86,11,2586,172,956.62,89.42,1.0
4946,289,35,2789,578,956.61,85.51,1.0
4947,270,37,2770,540,956.56,100.4,1.0
4948,138,11,2638,276,956.54,99.76,1.0
4949,262,32,2762,524,956.51,87.86,1.0
4950,234,29,2734,468,956.49,86.91,1.0
4951,237,39,2737,474,956.48,91.83,1.0
4952,56,10,2556,112,956.46,77.57,1.0
4953,87,12,2587,174,956.45,93.66,1.0
4954,278,40,2778,556,956.44,87.0,1.0
4955,136,27,2636,272,956.43,70.28,1.0
4956,127,11,2627,254,956.41,98.44,1.0
4957,48,25,2548,96,956.4,61.76,1.0
4958,98,11,2598,196,956.4,104.26,1.0
4959,262,31,2762,524,956.36,81.9,1.0
4960,254,13,2754,508,956.34,120.91,1.0
4961,154,27,2654,308,956.22,76.75,1.0
4962,175,27,2675,350,956.2,75.95,1.0
4963,146,11,2646,292,956.17,98.2,1.0
4964,96,13,2596,192,956.16,101.12,1.0
4965,152,12,2652,304,956.12,101.18,1.0
4966,149,12,2649,298,956.07,104.94,1.0
4967,273,42,2773,546,956.07,90.02,1.0
4968,295,34,2795,590,956.06,83.56,1.0
4969,296,40,2796,592,956.06,88.51,1.0
4970,145,13,2645,290,956.04,108.12,1.0
4971,125,10,2625,250,956.02,100.0,1.0
4972,100,10,2600,200,955.99,102.32,1.0
4973,296,35,2796,592,955.98,82.0,1.0
4974,206,29,2706,412,955.97,81.06,1.0
4975,164,12,2664,328,955.96,113.78,1.0
4976,279,38,2779,558,955.96,90.27,1.0
4977,239,42,2739,478,955.94,84.43,1.0
4978,34,10,2534,68,955.85,77.54,1.0
4979,263,30,2763,526,955.84,83.77,1.0
4980,10,10,2510,20,955.83,72.36,1.0
4981,210,28,2710,420,955.8,84.05,1.0
4982,278,43,2778,556,955.79,78.61,1.0
4983,189,12,2689,378,955.78,119.08,1.0
4984,296,42,2796,592,955.78,88.04,1.0
4985,283,36,2783,566,955.76,91.13,1.0
4986,1,11,2501,2,955.74,67.42,1.0
4987,14,10,2514,28,955.67,79.07,1.0
4988,156,12,2656,312,955.64,108.27,1.0
4989,279,33,2779,558,955.63,91.34,1.0
4990,255,43,2755,510,955.6,82.35,1.0
4991,155,14,2655,310,955.59,104.6,1.0
4992,208,12,2708,416,955.56,115.19,1.0
4993,84,26,2584,168,955.54,66.28,1.0
4994,270,14,2770,540,955.52,135.03,1.0
4995,150,12,2650,300,955.51,109.89,1.0
4996,72,11,2572,144,955.48,91.7,1.0
4997,156,26,2656,312,955.41,79.79,1.0
4998,168,27,2668,336,955.39,75.96,1.0
4999,154,12,2654,308,955.38,120.99,1.0
5000,294,40,2794,588,955.38,89.95,1.0
5001,170,27,2670,340,955.37,85.16,1.0
5002,213,28,2713,426,955.36,92.1,1.0
5003,239,38,2739,478,955.36,86.59,1.0
5004,285,44,2785,570,955.33,85.66,1.0
5005,285,46,2785,570,955.32,81.83,1.0
5006,250,41,2750,500,955.31,76.66,1.0
5007,227,37,2727,454,955.29,77.83,1.0
5008,160,12,2660,320,955.23,99.27,1.0
5009,256,47,2756,512,955.14,89.65,1.0
5010,262,39,2762,524,955.14,79.73,1.0
5011,25,25,2525,50,955.12,62.62,1.0
5012,237,37,2737,474,955.1,92.61,1.0
5013,279,35,2779,558,955.1,84.74,1.0
5014,291,30,2791,582,955.1,86.53,1.0
5015,295,42,2795,590,955.05,90.95,1.0
5016,295,32,2795,590,955.04,85.58,1.0
5017,39,25,2539,78,955.03,68.17,1.0
5018,237,35,2737,474,955.03,89.09,1.0
5019,237,38,2737,474,955.01,82.04,1.0
5020,262,42,2762,524,954.99,76.06,1.0
5021,63,25,2563,126,954.97,70.38,1.0
5022,193,11,2693,386,954.92,114.8,1.0
5023,180,11,2680,360,954.89,113.88,1.0
5024,148,28,2648,296,954.85,71.43,1.0
5025,288,38,2788,576,954.85,82.54,1.0
5026,252,43,2752,504,954.84,81.66,1.0
5027,44,25,2544,88,954.83,57.78,1.0
5028,106,26,2606,212,954.82,73.92,1.0
5029,273,30,2773,546,954.82,87.45,1.0
5030,123,12,2623,246,954.77,111.95,1.0
5031,99,26,2599,198,954.74,75.72,1.0
5032,296,33,2796,592,954.68,85.57,1.0
5033,116,11,2616,232,954.64,94.78,1.0
5034,138,28,2638,276,954.63,71.31,1.0
5035,279,44,2779,558,954.63,88.06,1.0
5036,50,25,2550,100,954.6,63.38,1.0
5037,11,24,2511,22,954.59,59.52,1.0
5038,105,26,2605,210,954.55,73.95,1.0
5039,233,13,2733,466,954.53,124.11,1.0
5040,271,31,2771,542,954.52,78.42,1.0
5041,35,11,2535,70,954.5,84.2,1.0
5042,239,31,2739,478,954.44,91.36,1.0
5043,255,33,2755,510,954.44,81.26,1.0
5044,27,23,2527,54,954.4,63.72,1.0
5045,153,11,2653,306,954.4,110.42,1.0
5046,278,30,2778,556,954.4,77.56,1.0
5047,239,37,2739,478,954.37,88.24,1.0
5048,258,13,2758,516,954.37,139.28,1.0
5049,278,38,2778,556,954.37,79.44,1.0
5050,43,10,2543,86,954.3,89.2,1.0
5051,50,12,2550,100,954.3,79.37,1.0
5052,273,43,2773,546,954.29,87.2,1.0
5053,234,33,2734,468,954.28,92.61,1.0
5054,22,10,2522,44,954.25,71.14,1.0
5055,93,26,2593,186,954.24,70.52,1.0
5056,239,32,2739,478,954.24,94.23,1.0
5057,260,44,2760,520,954.23,84.97,1.0
5058,263,46,2763,526,954.22,79.45,1.0
5059,272,32,2772,544,954.22,88.22,1.0
5060,286,29,2786,572,954.2,87.29,1.0
5061,178,10,2678,356,954.17,122.62,1.0
5062,12,25,2512,24,954.16,62.39,1.0
5063,296,44,2796,592,954.16,85.8,1.0
5064,134,12,2634,268,954.14,108.11,1.0
5065,273,41,2773,546,954.1,85.08,1.0
5066,81,26,2581,162,954.02,72.1,1.0
5067,270,42,2770,540,953.99,96.69,1.0
5068,121,27,2621,242,953.98,82.17,1.0
5069,296,38,2796,592,953.98,81.16,1.0
5070,253,13,2753,506,953.94,122.23,1.0
5071,77,26,2577,154,953.82,66.32,1.0
5072,293,39,2793,586,953.81,94.7,1.0
5073,298,43,2798,596,953.79,84.86,1.0
5074,66,25,2566,132,953.78,65.46,1.0
5075,267,32,2767,534,953.78,84.82,1.0
5076,217,29,2717,434,953.74,69.49,1.0
5077,273,32,2773,546,953.72,94.42,1.0
5078,271,38,2771,542,953.72,87.03,1.0
5079,267,41,2767,534,953.71,75.85,1.0
5080,279,37,2779,558,953.71,87.58,1.0
5081,151,12,2651,302,953.7,106.02,1.0
5082,300,46,2800,600,953.7,92.29,1.0
5083,74,10,2574,148,953.69,90.98,1.0
5084,295,44,2795,590,953.69,83.53,1.0
5085,237,30,2737,474,953.67,83.96,1.0
5086,67,26,2567,134,953.66,69.54,1.0
5087,251,29,2751,502,953.66,80.76,1.0
5088,157,14,2657,314,953.63,121.75,1.0
5089,111,11,2611,222,953.58,96.98,1.0
5090,45,11,2545,90,953.56,76.06,1.0
5091,276,41,2776,552,953.54,90.84,1.0
5092,130,26,2630,260,953.4,78.3,1.0
5093,295,39,2795,590,953.39,87.21,1.0
5094,291,44,2791,582,953.35,98.54,1.0
5095,252,33,2752,504,953.23,80.96,1.0
5096,130,12,2630,260,953.21,93.15,1.0
5097,148,10,2648,296,953.18,102.32,1.0
5098,13,24,2513,26,953.17,65.14,1.0
5099,188,13,2688,376,953.15,119.49,1.0
5100,238,29,2738,476,953.14,86.14,1.0
5101,65,25,2565,130,953.1,68.98,1.0
5102,109,27,2609,218,953.09,72.37,1.0
5103,19,10,2519,38,953.07,79.89,1.0
5104,94,26,2594,188,953.05,73.75,1.0
5105,262,36,2762,524,953.02,79.26,1.0
5106,38,25,2538,76,953.0,65.68,1.0
5107,227,36,2727,454,952.99,78.06,1.0
5108,82,26,2582,164,952.91,69.64,1.0
5109,80,10,2580,160,952.86,96.35,1.0
5110,262,35,2762,524,952.86,83.54,1.0
5111,21,9,2521,42,952.84,75.03,1.0
5112,92,26,2592,184,952.84,76.03,1.0
5113,122,26,2622,244,952.79,79.69,1.0
5114,262,41,2762,524,952.78,82.63,1.0
5115,272,39,2772,544,952.77,85.52,1.0
5116,299,48,2799,598,952.77,83.49,1.0
5117,167,12,2667,334,952.76,104.89,1.0
5118,9,10,2509,18,952.73,66.9,1.0
5119,300,47,2800,600,952.72,87.57,1.0
5120,258,29,2758,516,952.71,86.64,1.0
5121,168,12,2668,336,952.66,116.68,1.0
5122,5,25,2505,10,952.65,56.71,1.0
5123,227,40,2727,454,952.65,86.25,1.0
5124,199,29,2699,398,952.64,77.98,1.0
5125,83,10,2583,166,952.61,93.79,1.0
5126,234,12,2734,468,952.61,119.89,1.0
5127,206,12,2706,412,952.58,117.67,1.0
5128,255,36,2755,510,952.54,83.31,1.0
5129,185,13,2685,370,952.51,102.66,1.0
5130,276,31,2776,552,952.5,92.31,1.0
5131,239,44,2739,478,952.47,92.55,1.0
5132,16,25,2516,32,952.46,62.54,1.0
5133,182,29,2682,364,952.46,77.61,1.0
5134,262,38,2762,524,952.37,79.33,1.0
5135,238,34,2738,476,952.36,80.16,1.0
5136,284,38,2784,568,952.36,91.22,1.0
5137,115,12,2615,230,952.3,98.9,1.0
5138,145,26,2645,290,952.24,84.67,1.0
5139,253,29,2753,506,952.22,81.18,1.0
5140,246,12,2746,492,952.21,123.38,1.0
5141,23,25,2523,46,952.2,68.61,1.0
5142,283,32,2783,566,952.19,86.1,1.0
5143,279,42,2779,558,952.19,87.42,1.0
5144,262,43,2762,524,952.18,82.6,1.0
5145,154,11,2654,308,952.07,111.77,1.0
5146,271,35,2771,542,952.05,82.26,1.0
5147,283,35,2783,566,952.03,92.92,1.0
5148,70,10,2570,140,952.02,91.89,1.0
5149,237,34,2737,474,952.01,90.7,1.0
5150,275,29,2775,550,951.93,90.43,1.0
5151,273,31,2773,546,951.92,88.06,1.0
5152,277,45,2777,554,951.81,95.23,1.0
5153,143,10,2643,286,951.78,107.59,1.0
5154,229,28,2729,458,951.78,86.25,1.0
5155,237,43,2737,474,951.74,80.6,1.0
5156,246,40,2746,492,951.74,83.27,1.0
5157,140,11,2640,280,951.73,106.78,1.0
5158,262,44,2762,524,951.7,84.0,1.0
5159,249,13,2749,498,951.67,123.64,1.0
5160,252,39,2752,504,951.67,76.14,1.0
5161,262,33,2762,524,951.61,75.11,1.0
5162,252,42,2752,504,951.59,77.43,1.0
5163,214,29,2714,428,951.58,76.99,1.0
5164,273,44,2773,546,951.58,81.15,1.0
5165,288,46,2788,576,951.57,87.05,1.0
5166,271,36,2771,542,951.56,78.77,1.0
5167,250,35,2750,500,951.54,77.35,1.0
5168,227,31,2727,454,951.53,73.72,1.0
5169,193,29,2693,386,951.52,84.06,1.0
5170,204,29,2704,408,951.49,83.47,1.0
5171,297,29,2797,594,951.48,90.49,1.0
5172,144,11,2644,288,951.46,108.66,1.0
5173,270,31,2770,540,951.45,95.25,1.0
5174,273,36,2773,546,951.42,83.84,1.0
5175,89,26,2589,178,951.4,70.65,1.0
5176,97,26,2597,194,951.37,76.9,1.0
5177,227,34,2727,454,951.33,84.1,1.0
5178,235,29,2735,470,951.33,83.6,1.0
5179,237,45,2737,474,951.31,85.14,1.0
5180,262,40,2762,524,951.31,73.91,1.0
5181,264,37,2764,528,951.27,84.59,1.0
5182,136,11,2636,272,951.26,102.99,1.0
5183,250,40,2750,500,951.19,86.27,1.0
5184,279,32,2779,558,951.19,96.08,1.0
5185,267,35,2767,534,951.14,80.83,1.0
5186,292,45,2792,584,951.14,90.24,1.0
5187,147,12,2647,294,951.13,103.69,1.0
5188,58,11,2558,116,951.1,86.33,1.0
5189,232,29,2732,464,951.08,87.09,1.0
5190,298,34,2798,596,951.08,92.65,1.0
5191,252,40,2752,504,951.05,81.61,1.0
5192,61,25,2561,122,951.03,63.51,1.0
5193,162,28,2662,324,951.02,78.28,1.0
5194,260,34,2760,520,950.99,88.48,1.0
5195,296,43,2796,592,950.99,91.22,1.0
5196,81,10,2581,162,950.96,100.57,1.0
5197,266,13,2766,532,950.96,120.68,1.0
5198,254,29,2754,508,950.95,96.36,1.0
5199,295,37,2795,590,950.94,89.31,1.0
5200,118,10,2618,236,950.93,105.03,1.0
5201,70,26,2570,140,950.92,69.92,1.0
5202,295,31,2795,590,950.91,83.03,1.0
5203,276,39,2776,552,950.87,87.38,1.0
5204,202,28,2702,404,950.85,82.89,1.0
5205,197,13,2697,394,950.84,105.67,1.0
5206,36,11,2536,72,950.82,85.27,1.0
5207,272,43,2772,544,950.8,90.84,1.0
5208,88,26,2588,176,950.78,73.28,1.0
5209,270,40,2770,540,950.73,91.11,1.0
5210,250,39,2750,500,950.72,86.16,1.0
5211,158,11,2658,316,950.71,106.87,1.0
5212,279,34,2779,558,950.7,90.41,1.0
5213,293,14,2793,586,950.69,130.04,1.0
5214,179,12,2679,358,950.66,131.61,1.0
5215,277,36,2777,554,950.59,91.79,1.0
5216,165,28,2665,330,950.58,80.26,1.0
5217,190,11,2690,380,950.58,117.55,1.0
5218,170,12,2670,340,950.57,114.34,1.0
5219,293,33,2793,586,950.57,93.99,1.0
5220,49,25,2549,98,950.51,56.4,1.0
5221,276,30,2776,552,950.47,99.13,1.0
5222,271,33,2771,542,950.42,90.73,1.0
5223,292,33,2792,584,950.42,88.71,1.0
5224,99,11,2599,198,950.39,102.13,1.0
5225,252,36,2752,504,950.38,78.43,1.0
5226,0,25,2500,0,950.33,58.98,1.0
5227,268,42,2768,536,950.33,87.2,1.0
5228,278,46,2778,556,950.33,87.15,1.0
5229,19,25,2519,38,950.32,59.08,1.0
5230,250,37,2750,500,950.32,81.75,1.0
5231,252,45,2752,504,950.3,84.26,1.0
5232,279,36,2779,558,950.24,79.28,1.0
5233,252,41,2752,504,950.2,77.21,1.0
5234,161,27,2661,322,950.16,89.28,1.0
5235,295,41,2795,590,950.04,80.48,1.0
5236,27,12,2527,54,950.03,71.0,1.0
5237,15,25,2515,30,950.02,61.83,1.0
5238,18,10,2518,36,950.0,70.37,1.0
5239,271,30,2771,542,949.97,80.5,1.0
5240,278,45,2778,556,949.97,84.2,1.0
5241,239,33,2739,478,949.94,87.76,1.0
5242,163,11,2663,326,949.93,109.47,1.0
5243,279,43,2779,558,949.9,83.89,1.0
5244,245,39,2745,490,949.84,85.01,1.0
5245,227,38,2727,454,949.83,83.37,1.0
5246,139,27,2639,278,949.81,78.86,1.0
5247,126,11,2626,252,949.8,98.94,1.0
5248,265,46,2765,530,949.76,91.83,1.0
5249,172,11,2672,344,949.71,108.83,1.0
5250,180,29,2680,360,949.71,80.31,1.0
5251,250,43,2750,500,949.71,82.74,1.0
5252,267,33,2767,534,949.63,77.59,1.0
5253,284,43,2784,568,949.63,88.74,1.0
5254,176,27,2676,352,949.62,81.31,1.0
5255,276,32,2776,552,949.59,97.78,1.0
5256,291,37,2791,582,949.58,93.72,1.0
5257,296,36,2796,592,949.52,93.2,1.0
5258,55,11,2555,110,949.49,82.97,1.0
5259,283,43,2783,566,949.48,90.54,1.0
5260,237,40,2737,474,949.46,84.33,1.0
5261,295,30,2795,590,949.45,82.22,1.0
5262,270,34,2770,540,949.44,90.13,1.0
5263,196,28,2696,392,949.42,90.64,1.0
5264,252,35,2752,504,949.41,83.43,1.0
5265,167,11,2667,334,949.4,111.7,1.0
5266,188,27,2688,376,949.38,85.77,1.0
5267,239,34,2739,478,949.35,87.13,1.0
5268,255,40,2755,510,949.35,83.73,1.0
5269,279,31,2779,558,949.35,89.02,1.0
5270,30,26,2530,60,949.32,66.98,1.0
5271,79,11,2579,158,949.28,93.89,1.0
5272,223,29,2723,446,949.24,82.35,1.0
5273,267,34,2767,534,949.23,80.3,1.0
5274,20,10,2520,40,949.22,78.64,1.0
5275,288,13,2788,576,949.19,137.35,1.0
5276,184,11,2684,368,949.18,118.09,1.0
5277,263,45,2763,526,949.18,82.93,1.0
5278,203,29,2703,406,949.17,80.96,1.0
5279,296,41,2796,592,949.16,91.48,1.0
5280,46,10,2546,92,949.1,89.9,1.0
5281,277,12,2777,554,949.1,124.69,1.0
5282,90,11,2590,180,949.08,93.88,1.0
5283,298,37,2798,596,949.08,85.49,1.0
5284,261,13,2761,522,949.02,124.26,1.0
5285,272,37,2772,544,949.02,88.62,1.0
5286,222,37,2722,444,948.99,81.53,1.0
5287,271,42,2771,542,948.97,87.07,1.0
5288,0,10,2500,0,948.95,72.5,1.0
5289,212,13,2712,424,948.95,116.8,1.0
5290,126,28,2626,252,948.94,67.26,1.0
5291,162,12,2662,324,948.94,101.74,1.0
5292,295,33,2795,590,948.81,90.92,1.0
5293,237,12,2737,474,948.77,130.5,1.0
5294,295,45,2795,590,948.77,85.94,1.0
5295,4,10,2504,8,948.74,70.6,1.0
5296,137,11,2637,274,948.65,109.89,1.0
5297,272,34,2772,544,948.63,88.4,1.0
5298,172,28,2672,344,948.62,81.22,1.0
5299,270,32,2770,540,948.48,92.09,1.0
5300,255,42,2755,510,948.43,78.67,1.0
5301,262,45,2762,524,948.36,81.3,1.0
5302,270,41,2770,540,948.31,92.33,1.0
5303,42,10,2542,84,948.29,83.47,1.0
5304,295,15,2795,590,948.28,134.16,1.0
5305,187,11,2687,374,948.26,111.0,1.0
5306,124,27,2624,248,948.24,76.77,1.0
5307,252,31,2752,504,948.24,85.73,1.0
5308,284,39,2784,568,948.24,87.09,1.0
5309,155,13,2655,310,948.22,106.58,1.0
5310,237,33,2737,474,948.22,91.91,1.0
5311,284,40,2784,568,948.19,90.98,1.0
5312,260,37,2760,520,948.17,76.68,1.0
5313,242,36,2742,484,948.13,98.81,1.0
5314,256,11,2756,512,948.1,133.07,1.0
5315,260,35,2760,520,948.09,88.9,1.0
5316,95,10,2595,190,948.05,100.44,1.0
5317,128,26,2628,256,948.01,80.95,1.0
5318,250,31,2750,500,948.0,83.22,1.0
5319,270,35,2770,540,947.96,92.29,1.0
5320,85,27,2585,170,947.94,81.16,1.0
5321,219,12,2719,438,947.94,124.32,1.0
5322,272,36,2772,544,947.94,85.99,1.0
5323,269,13,2769,538,947.94,120.97,1.0
5324,34,25,2534,68,947.84,68.99,1.0
5325,276,43,2776,552,947.83,92.65,1.0
5326,273,40,2773,546,947.79,89.86,1.0
5327,237,41,2737,474,947.77,86.77,1.0
5328,47,26,2547,94,947.72,68.33,1.0
5329,276,38,2776,552,947.72,88.94,1.0
5330,294,45,2794,588,947.68,82.89,1.0
5331,164,28,2664,328,947.65,79.21,1.0
5332,260,39,2760,520,947.63,84.8,1.0
5333,268,36,2768,536,947.55,90.76,1.0
5334,5,9,2505,10,947.52,78.42,1.0
5335,251,32,2751,502,947.52,72.68,1.0
5336,227,43,2727,454,947.5,80.02,1.0
5337,208,29,2708,416,947.46,75.41,1.0
5338,260,12,2760,520,947.46,128.41,1.0
5339,196,12,2696,392,947.44,116.58,1.0
5340,142,27,2642,284,947.43,73.62,1.0
5341,250,38,2750,500,947.43,82.28,1.0
5342,97,11,2597,194,947.42,105.42,1.0
5343,290,48,2790,580,947.34,89.3,1.0
5344,68,26,2568,136,947.32,71.76,1.0
5345,87,26,2587,174,947.31,70.75,1.0
5346,243,29,2743,486,947.29,79.28,1.0
5347,29,10,2529,58,947.26,70.44,1.0
5348,276,34,2776,552,947.26,89.47,1.0
5349,273,35,2773,546,947.23,86.0,1.0
5350,232,12,2732,464,947.22,113.56,1.0
5351,263,47,2763,526,947.21,84.45,1.0
5352,35,25,2535,70,947.2,56.59,1.0
5353,227,42,2727,454,947.18,80.53,1.0
5354,271,40,2771,542,947.17,86.39,1.0
5355,233,36,2733,466,947.14,94.92,1.0
5356,250,45,2750,500,947.08,93.25,1.0
5357,59,26,2559,118,947.07,70.15,1.0
5358,298,45,2798,596,947.07,84.3,1.0
5359,165,11,2665,330,947.06,110.13,1.0
5360,230,13,2730,460,947.06,135.55,1.0
5361,32,10,2532,64,947.0,74.26,1.0
5362,276,42,2776,552,946.97,89.68,1.0
5363,298,13,2798,596,946.97,123.93,1.0
5364,273,39,2773,546,946.95,85.22,1.0
5365,264,44,2764,528,946.94,86.07,1.0
5366,201,28,2701,402,946.93,81.98,1.0
5367,63,11,2563,126,946.86,93.16,1.0
5368,64,11,2564,128,946.82,95.59,1.0
5369,251,31,2751,502,946.82,82.76,1.0
5370,270,43,2770,540,946.82,91.35,1.0
5371,107,27,2607,214,946.8,73.37,1.0
5372,226,12,2726,452,946.78,112.46,1.0
5373,132,27,2632,264,946.76,69.4,1.0
5374,37,10,2537,74,946.75,81.86,1.0
5375,267,43,2767,534,946.74,73.12,1.0
5376,270,38,2770,540,946.73,86.74,1.0
5377,149,11,2649,298,946.72,101.9,1.0
5378,227,44,2727,454,946.72,83.5,1.0
5379,269,29,2769,538,946.71,93.06,1.0
5380,7,10,2507,14,946.7,78.03,1.0
5381,201,12,2701,402,946.69,118.34,1.0
5382,239,11,2739,478,946.69,131.0,1.0
5383,115,27,2615,230,946.68,68.18,1.0
5384,207,12,2707,414,946.64,125.84,1.0
5385,250,32,2750,500,946.64,82.7,1.0
5386,279,30,2779,558,946.62,86.34,1.0
5387,54,10,2554,108,946.56,79.99,1.0
5388,226,29,2726,452,946.56,86.53,1.0
5389,189,13,2689,378,946.55,109.86,1.0
5390,272,38,2772,544,946.54,88.38,1.0
5391,128,12,2628,256,946.53,97.48,1.0
5392,273,12,2773,546,946.49,124.06,1.0
5393,237,42,2737,474,946.46,92.7,1.0
5394,221,13,2721,442,946.44,112.24,1.0
5395,234,32,2734,468,946.43,88.67,1.0
5396,2,25,2502,4,946.41,60.78,1.0
5397,276,35,2776,552,946.41,98.76,1.0
5398,255,38,2755,510,946.4,83.45,1.0
5399,267,31,2767,534,946.4,80.21,1.0
5400,250,33,2750,500,946.39,83.06,1.0
5401,291,46,2791,582,946.39,95.6,1.0
5402,174,11,2674,348,946.38,120.43,1.0
5403,267,37,2767,534,946.36,71.67,1.0
5404,183,29,2683,366,946.32,83.06,1.0
5405,281,29,2781,562,946.31,86.31,1.0
5406,264,36,2764,528,946.3,71.15,1.0
5407,251,43,2751,502,946.29,81.55,1.0
5408,109,11,2609,218,946.28,101.81,1.0
5409,198,29,2698,396,946.28,81.76,1.0
5410,51,10,2551,102,946.24,82.29,1.0
5411,286,35,2786,572,946.24,80.72,1.0
5412,127,27,2627,254,946.22,72.97,1.0
5413,219,29,2719,438,946.19,82.79,1.0
5414,285,45,2785,570,946.19,89.35,1.0
5415,239,40,2739,478,946.14,88.34,1.0
5416,192,28,2692,384,946.04,79.38,1.0
5417,248,37,2748,496,946.04,90.98,1.0
5418,262,46,2762,524,946.03,75.67,1.0
5419,255,41,2755,510,946.02,84.26,1.0
5420,295,40,2795,590,946.02,81.7,1.0
5421,268,32,2768,536,945.99,88.79,1.0
5422,271,34,2771,542,945.97,83.61,1.0
5423,204,11,2704,408,945.96,116.05,1.0
5424,133,27,2633,266,945.95,80.41,1.0
5425,50,11,2550,100,945.9,79.31,1.0
5426,227,30,2727,454,945.86,81.61,1.0
5427,174,28,2674,348,945.83,79.96,1.0
5428,28,9,2528,56,945.8,73.78,1.0
5429,283,46,2783,566,945.8,96.13,1.0
5430,242,44,2742,484,945.79,86.33,1.0
5431,242,12,2742,484,945.74,122.15,1.0
5432,257,13,2757,514,945.7,127.94,1.0
5433,215,36,2715,430,945.69,78.22,1.0
5434,295,46,2795,590,945.69,86.43,1.0
5435,296,30,2796,592,945.68,84.57,1.0
5436,239,36,2739,478,945.66,89.12,1.0
5437,250,34,2750,500,945.63,80.01,1.0
5438,273,34,2773,546,945.59,83.03,1.0
5439,270,33,2770,540,945.59,89.89,1.0
5440,286,37,2786,572,945.56,83.57,1.0
5441,245,13,2745,490,945.52,124.19,1.0
5442,245,34,2745,490,945.51,81.63,1.0
5443,276,36,2776,552,945.5,89.87,1.0
5444,239,45,2739,478,945.48,93.0,1.0
5445,39,10,2539,78,945.38,88.65,1.0
5446,36,25,2536,72,945.38,69.71,1.0
5447,255,35,2755,510,945.35,84.56,1.0
5448,297,37,2797,594,945.34,96.21,1.0
5449,272,44,2772,544,945.31,89.78,1.0
5450,276,40,2776,552,945.3,86.98,1.0
5451,298,46,2798,596,945.3,92.83,1.0
5452,264,30,2764,528,945.27,80.13,1.0
5453,264,42,2764,528,945.27,85.87,1.0
5454,95,26,2595,190,945.26,82.3,1.0
5455,268,13,2768,536,945.26,134.56,1.0
5456,296,32,2796,592,945.21,93.07,1.0
5457,260,36,2760,520,945.19,79.99,1.0
5458,257,39,2757,514,945.15,78.71,1.0
5459,251,38,2751,502,945.14,81.72,1.0
5460,271,44,2771,542,945.13,83.96,1.0
5461,249,39,2749,498,945.11,82.66,1.0
5462,190,29,2690,380,945.08,76.82,1.0
5463,29,25,2529,58,945.06,59.06,1.0
5464,146,28,2646,292,945.04,70.89,1.0
5465,293,44,2793,586,945.02,99.24,1.0
5466,250,42,2750,500,945.0,79.52,1.0
5467,251,33,2751,502,944.99,80.89,1.0
5468,293,34,2793,586,944.97,90.79,1.0
5469,277,47,2777,554,944.95,88.82,1.0
5470,161,12,2661,322,944.93,116.77,1.0
5471,170,28,2670,340,944.9,77.62,1.0
5472,272,31,2772,544,944.87,83.95,1.0
5473,300,13,2800,600,944.84,137.96,1.0
5474,255,32,2755,510,944.79,81.33,1.0
5475,171,28,2671,342,944.75,82.29,1.0
5476,74,26,2574,148,944.74,71.38,1.0
5477,273,45,2773,546,944.73,88.22,1.0
5478,264,34,2764,528,944.71,80.26,1.0
5479,65,11,2565,130,944.7,93.26,1.0
5480,252,11,2752,504,944.69,118.06,1.0
5481,293,31,2793,586,944.68,80.53,1.0
5482,166,13,2666,332,944.64,102.13,1.0
5483,185,28,2685,370,944.6,77.4,1.0
5484,143,28,2643,286,944.59,78.38,1.0
5485,263,11,2763,526,944.59,127.07,1.0
5486,176,12,2676,352,944.58,115.21,1.0
5487,166,12,2666,332,944.52,112.42,1.0
5488,57,25,2557,114,944.5,69.22,1.0
5489,159,28,2659,318,944.49,75.04,1.0
5490,15,9,2515,30,944.47,74.41,1.0
5491,273,37,2773,546,944.46,83.85,1.0
5492,119,10,2619,238,944.45,103.28,1.0
5493,296,45,2796,592,944.44,85.31,1.0
5494,3,25,2503,6,944.37,58.84,1.0
5495,291,13,2791,582,944.36,148.61,1.0
5496,286,30,2786,572,944.34,82.72,1.0
5497,194,11,2694,388,944.33,115.02,1.0
5498,200,37,2700,400,944.32,74.66,1.0
5499,102,27,2602,204,944.29,72.92,1.0
5500,119,28,2619,238,944.28,69.7,1.0
5501,186,14,2686,372,944.28,117.56,1.0
5502,194,29,2694,388,944.25,84.43,1.0
5503,187,28,2687,374,944.18,78.36,1.0
5504,295,43,2795,590,944.18,84.5,1.0
5505,280,28,2780,560,944.12,98.01,1.0
5506,262,12,2762,524,944.07,129.73,1.0
5507,247,35,2747,494,944.0,81.97,1.0
5508,276,37,2776,552,943.99,88.35,1.0
5509,73,10,2573,146,943.89,89.33,1.0
5510,237,44,2737,474,943.87,97.3,1.0
5511,150,11,2650,300,943.86,109.29,1.0
5512,163,28,2663,326,943.84,77.96,1.0
5513,246,43,2746,492,943.79,85.55,1.0
5514,246,42,2746,492,943.74,83.04,1.0
5515,171,12,2671,342,943.72,104.0,1.0
5516,270,36,2770,540,943.72,95.17,1.0
5517,277,48,2777,554,943.72,84.16,1.0
5518,215,41,2715,430,943.7,77.56,1.0
5519,245,31,2745,490,943.63,87.69,1.0
5520,293,38,2793,586,943.59,87.71,1.0
5521,16,9,2516,32,943.56,84.84,1.0
5522,255,44,2755,510,943.5,74.82,1.0
5523,234,41,2734,468,943.48,87.04,1.0
5524,24,25,2524,48,943.46,59.81,1.0
5525,261,29,2761,522,943.4,85.89,1.0
5526,272,30,2772,544,943.38,92.21,1.0
5527,228,29,2728,456,943.35,89.91,1.0
5528,271,39,2771,542,943.34,88.5,1.0
5529,264,32,2764,528,943.32,82.9,1.0
5530,214,12,2714,428,943.29,111.83,1.0
5531,279,41,2779,558,943.29,83.54,1.0
5532,239,35,2739,478,943.23,93.12,1.0
5533,85,9,2585,170,943.22,100.07,1.0
5534,260,43,2760,520,943.2,77.03,1.0
5535,227,35,2727,454,943.19,81.82,1.0
5536,246,34,2746,492,943.19,90.41,1.0
5537,17,10,2517,34,943.13,68.76,1.0
5538,83,27,2583,166,943.09,71.61,1.0
5539,242,43,2742,484,943.05,92.47,1.0
5540,268,37,2768,536,943.03,89.17,1.0
5541,93,10,2593,186,943.0,96.83,1.0
5542,31,25,2531,62,942.99,64.94,1.0
5543,260,42,2760,520,942.94,81.26,1.0
5544,255,39,2755,510,942.91,86.45,1.0
5545,279,12,2779,558,942.9,124.55,1.0
5546,239,30,2739,478,942.87,91.3,1.0
5547,212,28,2712,424,942.84,100.58,1.0
5548,251,36,2751,502,942.83,81.97,1.0
5549,271,32,2771,542,942.8,80.28,1.0
5550,293,42,2793,586,942.79,91.32,1.0
5551,264,38,2764,528,942.78,82.56,1.0
5552,38,10,2538,76,942.73,87.82,1.0
5553,129,10,2629,258,942.64,98.69,1.0
5554,215,44,2715,430,942.61,77.72,1.0
5555,140,28,2640,280,942.58,76.38,1.0
5556,48,11,2548,96,942.54,82.38,1.0
5557,246,30,2746,492,942.54,87.21,1.0
5558,13,10,2513,26,942.53,85.97,1.0
5559,177,10,2677,354,942.41,101.41,1.0
5560,267,42,2767,534,942.4,77.98,1.0
5561,21,25,2521,42,942.39,64.91,1.0
5562,82,11,2582,164,942.38,89.94,1.0
5563,255,46,2755,510,942.38,83.8,1.0
5564,222,41,2722,444,942.31,85.56,1.0
5565,251,34,2751,502,942.31,78.31,1.0
5566,169,11,2669,338,942.29,113.23,1.0
5567,247,33,2747,494,942.28,83.35,1.0
5568,182,11,2682,364,942.27,115.76,1.0
5569,1,24,2501,2,942.24,64.11,1.0
5570,247,38,2747,494,942.18,82.91,1.0
5571,134,27,2634,268,942.12,78.55,1.0
5572,271,37,2771,542,942.06,83.71,1.0
5573,290,50,2790,580,941.98,97.01,1.0
5574,287,48,2787,574,941.97,96.99,1.0
5575,227,32,2727,454,941.96,85.9,1.0
5576,227,41,2727,454,941.96,77.97,1.0
5577,246,35,2746,492,941.96,95.44,1.0
5578,244,29,2744,488,941.94,83.02,1.0
5579,101,26,2601,202,941.93,73.95,1.0
5580,264,41,2764,528,941.93,82.23,1.0
5581,267,39,2767,534,941.85,81.48,1.0
5582,276,33,2776,552,941.85,96.37,1.0
5583,264,33,2764,528,941.82,83.58,1.0
5584,225,13,2725,450,941.81,129.77,1.0
5585,12,9,2512,24,941.8,76.3,1.0
5586,260,30,2760,520,941.77,82.47,1.0
5587,278,47,2778,556,941.75,86.24,1.0
5588,259,31,2759,518,941.74,79.78,1.0
5589,245,44,2745,490,941.74,87.72,1.0
5590,243,41,2743,486,941.7,81.74,1.0
5591,201,29,2701,402,941.69,82.52,1.0
5592,293,37,2793,586,941.69,82.88,1.0
5593,248,35,2748,496,941.68,89.83,1.0
5594,215,30,2715,430,941.67,73.91,1.0
5595,224,37,2724,448,941.66,82.48,1.0
5596,222,38,2722,444,941.63,81.38,1.0
5597,243,40,2743,486,941.63,81.74,1.0
5598,251,37,2751,502,941.62,85.48,1.0
5599,54,26,2554,108,941.6,68.22,1.0
5600,293,36,2793,586,941.6,90.7,1.0
5601,251,41,2751,502,941.57,81.4,1.0
5602,286,33,2786,572,941.57,88.28,1.0
5603,168,11,2668,336,941.56,114.15,1.0
5604,195,28,2695,390,941.5,85.4,1.0
5605,227,33,2727,454,941.4,86.63,1.0
5606,237,46,2737,474,941.39,91.59,1.0
5607,155,12,2655,310,941.38,115.88,1.0
5608,270,30,2770,540,941.37,87.96,1.0
5609,268,41,2768,536,941.34,93.88,1.0
5610,243,30,2743,486,941.33,74.38,1.0
5611,221,29,2721,442,941.3,83.67,1.0
5612,112,10,2612,224,941.26,89.82,1.0
5613,260,41,2760,520,941.25,92.32,1.0
5614,297,40,2797,594,941.24,92.34,1.0
5615,255,30,2755,510,941.22,86.23,1.0
5616,238,33,2738,476,941.2,83.96,1.0
5617,239,41,2739,478,941.2,83.2,1.0
5618,197,12,2697,394,941.19,110.02,1.0
5619,77,10,2577,154,941.07,85.66,1.0
5620,157,13,2657,314,941.04,111.7,1.0
5621,252,38,2752,504,941.01,78.72,1.0
5622,290,12,2790,580,941.0,140.61,1.0
5623,185,12,2685,370,940.97,113.0,1.0
5624,293,35,2793,586,940.97,85.65,1.0
5625,69,11,2569,138,940.95,86.43,1.0
5626,224,43,2724,448,940.93,79.02,1.0
5627,207,28,2707,414,940.9,79.98,1.0
5628,222,30,2722,444,940.88,78.88,1.0
5629,264,40,2764,528,940.88,80.31,1.0
5630,191,12,2691,382,940.87,108.93,1.0
5631,222,44,2722,444,940.85,80.52,1.0
5632,52,24,2552,104,940.81,62.2,1.0
5633,104,10,2604,208,940.8,109.54,1.0
5634,53,11,2553,106,940.72,84.11,1.0
5635,62,26,2562,124,940.68,64.77,1.0
5636,259,38,2759,518,940.68,84.0,1.0
5637,260,31,2760,520,940.65,77.03,1.0
5638,284,47,2784,568,940.62,92.79,1.0
5639,276,45,2776,552,940.62,88.06,1.0
5640,260,45,2760,520,940.59,87.7,1.0
5641,271,43,2771,542,940.59,88.95,1.0
5642,257,35,2757,514,940.55,83.79,1.0
5643,270,44,2770,540,940.53,86.63,1.0
5644,215,31,2715,430,940.52,72.0,1.0
5645,255,34,2755,510,940.52,93.97,1.0
5646,246,31,2746,492,940.47,89.03,1.0
5647,266,30,2766,532,940.38,82.28,1.0
5648,260,32,2760,520,940.33,85.04,1.0
5649,242,31,2742,484,940.32,93.66,1.0
5650,266,37,2766,532,940.24,82.28,1.0
5651,247,36,2747,494,940.24,84.83,1.0
5652,241,39,2741,482,940.23,85.91,1.0
5653,251,35,2751,502,940.22,78.54,1.0
5654,243,35,2743,486,940.22,89.53,1.0
5655,291,47,2791,582,940.22,90.95,1.0
5656,103,11,2603,206,940.2,96.64,1.0
5657,106,27,2606,212,940.19,79.37,1.0
5658,80,27,2580,160,940.17,69.91,1.0
5659,251,40,2751,502,940.16,81.03,1.0
5660,123,11,2623,246,940.14,90.56,1.0
5661,259,13,2759,518,940.14,125.28,1.0
5662,231,32,2731,462,940.13,74.42,1.0
5663,250,30,2750,500,940.11,90.91,1.0
5664,248,31,2748,496,940.05,84.19,1.0
5665,66,11,2566,132,940.01,89.3,1.0
5666,234,39,2734,468,940.0,90.01,1.0
5667,135,11,2635,270,939.99,103.08,1.0
5668,150,28,2650,300,939.98,75.66,1.0
5669,209,11,2709,418,939.98,124.0,1.0
5670,231,30,2731,462,939.98,77.67,1.0
5671,224,34,2724,448,939.86,78.9,1.0
5672,41,26,2541,82,939.82,65.2,1.0
5673,287,49,2787,574,939.82,98.23,1.0
5674,250,36,2750,500,939.79,84.4,1.0
5675,237,36,2737,474,939.78,92.6,1.0
5676,205,29,2705,410,939.77,83.26,1.0
5677,285,48,2785,570,939.77,88.36,1.0
5678,284,13,2784,568,939.76,135.43,1.0
5679,234,31,2734,468,939.71,96.84,1.0
5680,224,39,2724,448,939.7,79.21,1.0
5681,151,28,2651,302,939.68,72.0,1.0
5682,34,9,2534,68,939.66,79.07,1.0
5683,200,11,2700,400,939.63,115.93,1.0
5684,37,25,2537,74,939.6,67.61,1.0
5685,222,40,2722,444,939.6,81.76,1.0
5686,198,12,2698,396,939.57,103.42,1.0
5687,255,31,2755,510,939.56,81.92,1.0
5688,293,30,2793,586,939.55,90.37,1.0
5689,94,27,2594,188,939.52,68.74,1.0
5690,246,39,2746,492,939.51,88.84,1.0
5691,175,28,2675,350,939.49,79.14,1.0
5692,145,12,2645,290,939.46,117.22,1.0
5693,222,34,2722,444,939.42,83.61,1.0
5694,49,10,2549,98,939.41,78.63,1.0
5695,259,36,2759,518,939.41,76.9,1.0
5696,243,44,2743,486,939.41,88.52,1.0
5697,244,13,2744,488,939.38,119.22,1.0
5698,271,41,2771,542,939.38,85.27,1.0
5699,232,45,2732,464,939.37,77.71,1.0
5700,78,11,2578,156,939.35,86.49,1.0
5701,286,38,2786,572,939.33,79.91,1.0
5702,131,11,2631,262,939.3,98.99,1.0
5703,234,42,2734,468,939.29,97.76,1.0
5704,245,12,2745,490,939.27,119.26,1.0
5705,168,28,2668,336,939.26,72.14,1.0
5706,215,11,2715,430,939.22,109.82,1.0
5707,267,44,2767,534,939.22,84.37,1.0
5708,279,45,2779,558,939.17,86.54,1.0
5709,274,30,2774,548,939.16,95.37,1.0
5710,231,44,2731,462,939.12,83.07,1.0
5711,243,36,2743,486,939.12,83.62,1.0
5712,110,27,2610,220,939.11,73.24,1.0
5713,200,35,2700,400,939.1,69.54,1.0
5714,133,12,2633,266,939.08,102.52,1.0
5715,257,33,2757,514,939.07,88.61,1.0
5716,42,26,2542,84,939.04,61.57,1.0
5717,299,50,2799,598,939.02,101.9,1.0
5718,247,39,2747,494,939.0,81.41,1.0
5719,205,11,2705,410,938.99,104.83,1.0
5720,296,47,2796,592,938.99,93.08,1.0
5721,231,45,2731,462,938.98,83.68,1.0
5722,246,45,2746,492,938.96,87.36,1.0
5723,293,32,2793,586,938.88,89.57,1.0
5724,238,41,2738,476,938.85,79.72,1.0
5725,275,36,2775,550,938.85,93.66,1.0
5726,285,47,2785,570,938.85,85.34,1.0
5727,117,27,2617,234,938.83,77.49,1.0
5728,3,9,2503,6,938.82,78.25,1.0
5729,178,29,2678,356,938.82,83.02,1.0
5730,268,43,2768,536,938.8,91.16,1.0
5731,292,47,2792,584,938.79,85.78,1.0
5732,267,40,2767,534,938.78,79.26,1.0
5733,276,11,2776,552,938.78,132.17,1.0
5734,293,13,2793,586,938.76,123.45,1.0
5735,241,32,2741,482,938.75,84.27,1.0
5736,102,10,2602,204,938.71,98.89,1.0
5737,266,33,2766,532,938.71,89.13,1.0
5738,4,25,2504,8,938.7,61.55,1.0
5739,120,27,2620,240,938.69,74.02,1.0
5740,251,30,2751,502,938.67,79.63,1.0
5741,248,33,2748,496,938.67,83.84,1.0
5742,131,27,2631,262,938.65,80.74,1.0
5743,215,40,2715,430,938.65,77.81,1.0
5744,240,12,2740,480,938.65,124.22,1.0
5745,279,46,2779,558,938.61,83.2,1.0
5746,295,14,2795,590,938.59,125.68,1.0
5747,293,43,2793,586,938.51,88.49,1.0
5748,232,34,2732,464,938.44,88.74,1.0
5749,252,34,2752,504,938.43,76.56,1.0
5750,222,36,2722,444,938.38,78.38,1.0
5751,297,34,2797,594,938.38,90.04,1.0
5752,268,38,2768,536,938.37,80.89,1.0
5753,76,27,2576,152,938.33,75.05,1.0
5754,212,12,2712,424,938.33,124.29,1.0
5755,264,35,2764,528,938.32,78.6,1.0
5756,286,31,2786,572,938.32,87.63,1.0
5757,114,27,2614,228,938.26,71.68,1.0
5758,282,30,2782,564,938.22,88.36,1.0
5759,248,39,2748,496,938.19,86.13,1.0
5760,234,30,2734,468,938.18,97.75,1.0
5761,236,13,2736,472,938.1,116.85,1.0
5762,297,41,2797,594,938.06,95.36,1.0
5763,245,32,2745,490,938.04,85.69,1.0
5764,215,39,2715,430,938.02,73.04,1.0
5765,264,12,2764,528,938.0,118.48,1.0
5766,227,39,2727,454,937.99,77.62,1.0
5767,63,26,2563,126,937.98,69.24,1.0
5768,267,36,2767,534,937.98,80.53,1.0
5769,246,37,2746,492,937.94,84.3,1.0
5770,286,44,2786,572,937.9,79.55,1.0
5771,157,27,2657,314,937.88,83.26,1.0
5772,246,33,2746,492,937.87,79.65,1.0
5773,284,46,2784,568,937.87,90.6,1.0
5774,33,26,2533,66,937.85,64.2,1.0
5775,249,42,2749,498,937.82,77.89,1.0
5776,260,40,2760,520,937.8,77.95,1.0
5777,222,43,2722,444,937.79,83.95,1.0
5778,53,26,2553,106,937.78,63.36,1.0
5779,152,28,2652,304,937.78,72.07,1.0
5780,238,44,2738,476,937.78,83.67,1.0
5781,79,26,2579,158,937.76,74.9,1.0
5782,246,32,2746,492,937.73,86.96,1.0
5783,41,9,2541,82,937.71,81.1,1.0
5784,224,35,2724,448,937.71,84.53,1.0
5785,44,10,2544,88,937.69,82.46,1.0
5786,88,27,2588,176,937.67,63.98,1.0
5787,75,11,2575,150,937.65,88.09,1.0
5788,56,26,2556,112,937.64,66.66,1.0
5789,232,41,2732,464,937.61,82.89,1.0
5790,215,43,2715,430,937.6,78.55,1.0
5791,232,43,2732,464,937.59,79.98,1.0
5792,130,27,2630,260,937.56,83.43,1.0
5793,32,25,2532,64,937.53,59.88,1.0
5794,224,32,2724,448,937.52,82.19,1.0
5795,222,42,2722,444,937.47,85.98,1.0
5796,176,28,2676,352,937.46,84.03,1.0
5797,293,45,2793,586,937.43,88.54,1.0
5798,215,33,2715,430,937.42,78.1,1.0
5799,269,40,2769,538,937.42,95.58,1.0
5800,232,44,2732,464,937.3,80.42,1.0
5801,243,31,2743,486,937.29,84.33,1.0
5802,145,27,2645,290,937.28,84.65,1.0
5803,213,12,2713,426,937.28,128.71,1.0
5804,258,32,2758,516,937.27,85.22,1.0
5805,248,30,2748,496,937.27,87.98,1.0
5806,9,25,2509,18,937.26,62.81,1.0
5807,112,27,2612,224,937.25,69.56,1.0
5808,286,39,2786,572,937.24,88.7,1.0
5809,170,11,2670,340,937.22,104.0,1.0
5810,243,38,2743,486,937.2,73.84,1.0
5811,264,39,2764,528,937.18,80.7,1.0
5812,247,43,2747,494,937.16,78.41,1.0
5813,248,45,2748,496,937.16,89.04,1.0
5814,270,39,2770,540,937.16,87.12,1.0
5815,92,10,2592,184,937.15,89.18,1.0
5816,111,10,2611,222,937.04,98.07,1.0
5817,245,41,2745,490,937.04,79.42,1.0
5818,214,32,2714,428,937.03,74.65,1.0
5819,27,24,2527,54,937.02,66.14,1.0
5820,72,26,2572,144,937.02,74.27,1.0
5821,266,44,2766,532,937.02,86.3,1.0
5822,231,43,2731,462,937.01,75.47,1.0
5823,247,30,2747,494,937.01,85.78,1.0
5824,243,37,2743,486,937.0,84.52,1.0
5825,184,29,2684,368,936.96,78.02,1.0
5826,246,44,2746,492,936.93,87.5,1.0
5827,199,10,2699,398,936.92,125.82,1.0
5828,222,39,2722,444,936.86,81.16,1.0
5829,268,33,2768,536,936.86,89.67,1.0
5830,276,46,2776,552,936.86,94.81,1.0
5831,259,30,2759,518,936.84,75.77,1.0
5832,271,46,2771,542,936.83,83.9,1.0
5833,186,28,2686,372,936.82,77.15,1.0
5834,206,11,2706,412,936.82,120.83,1.0
5835,269,32,2769,538,936.76,84.6,1.0
5836,68,10,2568,136,936.72,87.93,1.0
5837,104,27,2604,208,936.72,72.51,1.0
5838,265,47,2765,530,936.64,86.44,1.0
5839,179,29,2679,358,936.63,72.16,1.0
5840,245,36,2745,490,936.61,80.18,1.0
5841,234,40,2734,468,936.6,94.15,1.0
5842,235,12,2735,470,936.56,126.37,1.0
5843,254,35,2754,508,936.56,92.7,1.0
5844,224,42,2724,448,936.52,78.61,1.0
5845,246,41,2746,492,936.51,87.93,1.0
5846,247,42,2747,494,936.51,86.14,1.0
5847,214,44,2714,428,936.5,75.16,1.0
5848,114,10,2614,228,936.49,98.17,1.0
5849,234,43,2734,468,936.44,91.37,1.0
5850,99,27,2599,198,936.42,74.38,1.0
5851,223,12,2723,446,936.4,120.71,1.0
5852,247,31,2747,494,936.36,88.53,1.0
5853,249,33,2749,498,936.35,84.08,1.0
5854,286,43,2786,572,936.35,89.81,1.0
5855,224,33,2724,448,936.34,73.66,1.0
5856,215,35,2715,430,936.33,76.12,1.0
5857,69,26,2569,138,936.32,73.59,1.0
5858,116,27,2616,232,936.28,78.54,1.0
5859,241,38,2741,482,936.26,87.12,1.0
5860,270,45,2770,540,936.23,94.31,1.0
5861,217,12,2717,434,936.22,109.09,1.0
5862,222,33,2722,444,936.22,83.73,1.0
5863,228,12,2728,456,936.21,121.91,1.0
5864,158,28,2658,316,936.18,85.62,1.0
5865,181,12,2681,362,936.18,109.1,1.0
5866,214,39,2714,428,936.18,77.28,1.0
5867,245,33,2745,490,936.18,89.63,1.0
5868,268,30,2768,536,936.16,89.41,1.0
5869,33,9,2533,66,936.14,72.92,1.0
5870,216,12,2716,432,936.12,122.12,1.0
5871,245,35,2745,490,936.12,84.95,1.0
5872,242,37,2742,484,936.08,93.82,1.0
5873,259,33,2759,518,936.08,80.85,1.0
5874,222,31,2722,444,936.07,80.26,1.0
5875,156,27,2656,312,936.06,85.79,1.0
5876,289,47,2789,578,936.04,95.34,1.0
5877,275,31,2775,550,936.03,87.96,1.0
5878,269,41,2769,538,936.03,88.09,1.0
5879,251,39,2751,502,936.02,79.89,1.0
5880,290,49,2790,580,935.96,92.87,1.0
5881,215,38,2715,430,935.95,72.61,1.0
5882,200,44,2700,400,935.94,70.08,1.0
5883,282,37,2782,564,935.94,86.62,1.0
5884,155,27,2655,310,935.87,76.16,1.0
5885,64,26,2564,128,935.86,74.05,1.0
5886,264,43,2764,528,935.83,78.58,1.0
5887,22,25,2522,44,935.82,63.26,1.0
5888,222,35,2722,444,935.78,87.81,1.0
5889,268,40,2768,536,935.76,83.96,1.0
5890,248,36,2748,496,935.75,85.99,1.0
5891,96,12,2596,192,935.74,103.85,1.0
5892,90,10,2590,180,935.72,96.22,1.0
5893,196,29,2696,392,935.68,89.1,1.0
5894,266,35,2766,532,935.67,87.66,1.0
5895,266,32,2766,532,935.63,88.62,1.0
5896,10,25,2510,20,935.61,65.02,1.0
5897,299,49,2799,598,935.59,94.53,1.0
5898,4,9,2504,8,935.56,71.57,1.0
5899,238,36,2738,476,935.56,80.63,1.0
5900,239,46,2739,478,935.55,88.64,1.0
5901,259,34,2759,518,935.55,77.68,1.0
5902,159,10,2659,318,935.54,107.02,1.0
5903,247,44,2747,494,935.5,82.95,1.0
5904,177,29,2677,354,935.49,68.27,1.0
5905,224,38,2724,448,935.48,75.21,1.0
5906,100,27,2600,200,935.47,69.09,1.0
5907,271,45,2771,542,935.47,85.85,1.0
5908,224,31,2724,448,935.36,77.08,1.0
5909,232,38,2732,464,935.31,87.93,1.0
5910,248,32,2748,496,935.3,82.69,1.0
5911,1,10,2501,2,935.25,73.56,1.0
5912,84,10,2584,168,935.23,93.47,1.0
5913,282,14,2782,564,935.23,128.9,1.0
5914,245,37,2745,490,935.21,87.05,1.0
5915,274,32,2774,548,935.21,93.13,1.0
5916,276,44,2776,552,935.21,93.61,1.0
5917,7,25,2507,14,935.16,64.18,1.0
5918,234,35,2734,468,935.14,89.25,1.0
5919,251,42,2751,502,935.14,83.62,1.0
5920,231,12,2731,462,935.1,120.76,1.0
5921,137,10,2637,274,935.05,112.63,1.0
5922,254,37,2754,508,935.05,92.45,1.0
5923,40,25,2540,80,935.04,68.73,1.0
5924,215,32,2715,430,934.99,80.37,1.0
5925,260,38,2760,520,934.95,83.15,1.0
5926,242,40,2742,484,934.94,92.27,1.0
5927,286,36,2786,572,934.94,81.05,1.0
5928,275,37,2775,550,934.9,92.3,1.0
5929,259,44,2759,518,934.89,77.46,1.0
5930,214,31,2714,428,934.88,77.97,1.0
5931,241,42,2741,482,934.84,80.38,1.0
5932,224,41,2724,448,934.82,77.39,1.0
5933,293,41,2793,586,934.82,88.16,1.0
5934,259,37,2759,518,934.81,83.88,1.0
5935,161,28,2661,322,934.8,74.72,1.0
5936,220,12,2720,440,934.78,131.94,1.0
5937,43,26,2543,86,934.77,65.55,1.0
5938,6,25,2506,12,934.75,58.07,1.0
5939,232,33,2732,464,934.74,79.98,1.0
5940,84,27,2584,168,934.73,72.76,1.0
5941,17,25,2517,34,934.68,60.31,1.0
5942,268,34,2768,536,934.68,91.92,1.0
5943,275,13,2775,550,934.64,128.52,1.0
5944,242,34,2742,484,934.61,96.71,1.0
5945,236,30,2736,472,934.59,81.86,1.0
5946,180,10,2680,360,934.58,120.47,1.0
5947,266,38,2766,532,934.57,83.35,1.0
5948,60,27,2560,120,934.5,76.67,1.0
5949,200,36,2700,400,934.5,75.56,1.0
5950,232,40,2732,464,934.5,82.45,1.0
5951,254,44,2754,508,934.5,80.12,1.0
5952,88,9,2588,176,934.49,93.46,1.0
5953,86,10,2586,172,934.45,87.22,1.0
5954,266,43,2766,532,934.43,82.71,1.0
5955,245,43,2745,490,934.43,94.39,1.0
5956,188,12,2688,376,934.4,120.41,1.0
5957,153,28,2653,306,934.39,79.21,1.0
5958,135,28,2635,270,934.38,76.7,1.0
5959,278,48,2778,556,934.37,84.68,1.0
5960,245,40,2745,490,934.35,76.33,1.0
5961,272,13,2772,544,934.34,126.11,1.0
5962,260,33,2760,520,934.27,85.27,1.0
5963,231,41,2731,462,934.23,79.81,1.0
5964,267,45,2767,534,934.22,83.99,1.0
5965,11,25,2511,22,934.16,55.83,1.0
5966,137,28,2637,274,934.16,71.51,1.0
5967,300,48,2800,600,934.13,101.32,1.0
5968,282,41,2782,564,934.09,84.51,1.0
5969,274,39,2774,548,934.03,89.2,1.0
5970,274,36,2774,548,934.01,83.99,1.0
5971,266,39,2766,532,933.99,88.7,1.0
5972,297,36,2797,594,933.98,90.81,1.0
5973,295,47,2795,590,933.95,89.78,1.0
5974,19,9,2519,38,933.94,81.62,1.0
5975,160,28,2660,320,933.94,77.56,1.0
5976,242,35,2742,484,933.91,86.07,1.0
5977,286,32,2786,572,933.91,89.39,1.0
5978,249,41,2749,498,933.9,82.76,1.0
5979,232,35,2732,464,933.89,78.93,1.0
5980,241,35,2741,482,933.87,85.49,1.0
5981,241,44,2741,482,933.86,81.48,1.0
5982,243,43,2743,486,933.86,80.67,1.0
5983,57,10,2557,114,933.85,82.48,1.0
5984,233,31,2733,466,933.84,90.69,1.0
5985,264,13,2764,528,933.82,121.35,1.0
5986,230,12,2730,460,933.8,121.17,1.0
5987,130,11,2630,260,933.78,97.17,1.0
5988,233,44,2733,466,933.78,80.97,1.0
5989,275,38,2775,550,933.75,85.18,1.0
5990,231,31,2731,462,933.72,76.8,1.0
5991,260,46,2760,520,933.71,81.58,1.0
5992,242,30,2742,484,933.69,97.07,1.0
5993,250,13,2750,500,933.63,134.13,1.0
5994,256,48,2756,512,933.63,84.41,1.0
5995,224,30,2724,448,933.62,84.98,1.0
5996,234,34,2734,468,933.58,86.61,1.0
5997,231,37,2731,462,933.52,75.0,1.0
5998,28,26,2528,56,933.51,69.44,1.0
5999,231,40,2731,462,933.51,78.53,1.0
6000,249,32,2749,498,933.51,84.07,1.0
6001,255,12,2755,510,933.51,140.4,1.0
6002,247,45,2747,494,933.47,83.05,1.0
6003,259,42,2759,518,933.42,81.45,1.0
6004,286,41,2786,572,933.37,92.69,1.0
6005,268,31,2768,536,933.35,87.49,1.0
6006,215,34,2715,430,933.32,81.12,1.0
6007,286,34,2786,572,933.31,84.96,1.0
6008,297,39,2797,594,933.3,95.69,1.0
6009,204,36,2704,408,933.28,77.07,1.0
6010,259,35,2759,518,933.27,80.52,1.0
6011,146,10,2646,292,933.26,107.88,1.0
6012,231,38,2731,462,933.26,77.55,1.0
6013,234,44,2734,468,933.26,96.71,1.0
6014,238,40,2738,476,933.22,80.11,1.0
6015,232,39,2732,464,933.2,78.79,1.0
6016,249,44,2749,498,933.19,77.38,1.0
6017,288,47,2788,576,933.18,91.17,1.0
6018,241,34,2741,482,933.17,83.87,1.0
6019,197,29,2697,394,933.13,80.48,1.0
6020,248,42,2748,496,933.13,94.42,1.0
6021,297,32,2797,594,933.11,91.56,1.0
6022,274,31,2774,548,933.03,88.07,1.0
6023,254,34,2754,508,933.01,87.31,1.0
6024,234,38,2734,468,933.0,91.84,1.0
6025,286,14,2786,572,932.98,132.86,1.0
6026,291,48,2791,582,932.96,99.15,1.0
6027,117,11,2617,234,932.93,99.07,1.0
6028,238,30,2738,476,932.93,82.0,1.0
6029,214,40,2714,428,932.92,74.12,1.0
6030,79,10,2579,158,932.9,98.8,1.0
6031,148,9,2648,296,932.9,112.32,1.0
6032,192,29,2692,384,932.89,87.86,1.0
6033,267,30,2767,534,932.89,82.46,1.0
6034,7,9,2507,14,932.88,76.21,1.0
6035,254,32,2754,508,932.87,88.64,1.0
6036,254,41,2754,508,932.81,91.46,1.0
6037,242,32,2742,484,932.8,99.94,1.0
6038,248,44,2748,496,932.78,81.95,1.0
6039,73,26,2573,146,932.77,68.32,1.0
6040,215,37,2715,430,932.76,75.97,1.0
6041,257,41,2757,514,932.76,84.85,1.0
6042,262,48,2762,524,932.73,78.79,1.0
6043,249,30,2749,498,932.7,85.24,1.0
6044,242,38,2742,484,932.66,92.79,1.0
6045,113,10,2613,226,932.62,116.09,1.0
6046,241,37,2741,482,932.62,82.17,1.0
6047,286,42,2786,572,932.62,86.62,1.0
6048,249,43,2749,498,932.61,81.22,1.0
6049,297,35,2797,594,932.61,91.38,1.0
6050,223,34,2723,446,932.56,82.2,1.0
6051,211,44,2711,422,932.53,79.03,1.0
6052,52,25,2552,104,932.52,65.19,1.0
6053,181,11,2681,362,932.52,105.09,1.0
6054,203,10,2703,406,932.51,122.56,1.0
6055,224,45,2724,448,932.5,78.6,1.0
6056,222,46,2722,444,932.42,85.25,1.0
6057,245,45,2745,490,932.4,86.58,1.0
6058,289,48,2789,578,932.37,100.54,1.0
6059,243,42,2743,486,932.35,75.2,1.0
6060,214,33,2714,428,932.32,83.15,1.0
6061,300,50,2800,600,932.32,101.88,1.0
6062,118,28,2618,236,932.31,70.58,1.0
6063,231,35,2731,462,932.3,71.32,1.0
6064,266,42,2766,532,932.3,79.1,1.0
6065,8,10,2508,16,932.29,73.97,1.0
6066,25,26,2525,50,932.29,67.43,1.0
6067,292,48,2792,584,932.28,88.07,1.0
6068,103,27,2603,206,932.26,75.45,1.0
6069,246,38,2746,492,932.26,91.46,1.0
6070,108,27,2608,216,932.19,73.29,1.0
6071,24,9,2524,48,932.18,80.01,1.0
6072,40,10,2540,80,932.16,81.58,1.0
6073,37,26,2537,74,932.16,65.18,1.0
6074,275,41,2775,550,932.14,93.95,1.0
6075,183,39,2683,366,932.12,69.81,1.0
6076,257,43,2757,514,932.12,79.91,1.0
6077,238,38,2738,476,932.1,87.11,1.0
6078,259,41,2759,518,932.1,74.9,1.0
6079,61,26,2561,122,932.08,71.85,1.0
6080,169,28,2669,338,932.06,81.71,1.0
6081,200,39,2700,400,932.02,77.23,1.0
6082,297,42,2797,594,932.02,85.58,1.0
6083,297,44,2797,594,932.02,95.32,1.0
6084,75,26,2575,150,932.01,66.9,1.0
6085,236,44,2736,472,932.01,86.27,1.0
6086,36,10,2536,72,931.99,80.82,1.0
6087,231,36,2731,462,931.96,78.18,1.0
6088,238,32,2738,476,931.94,86.84,1.0
6089,264,31,2764,528,931.9,75.79,1.0
6090,282,32,2782,564,931.89,84.77,1.0
6091,240,43,2740,480,931.88,80.53,1.0
6092,294,46,2794,588,931.85,83.86,1.0
6093,247,34,2747,494,931.81,81.23,1.0
6094,58,10,2558,116,931.78,92.72,1.0
6095,251,11,2751,502,931.76,123.6,1.0
6096,51,26,2551,102,931.73,64.57,1.0
6097,222,32,2722,444,931.7,81.54,1.0
6098,211,38,2711,422,931.68,86.16,1.0
6099,125,28,2625,250,931.64,67.79,1.0
6100,273,47,2773,546,931.61,88.47,1.0
6101,248,40,2748,496,931.6,88.69,1.0
6102,257,40,2757,514,931.6,81.46,1.0
6103,270,13,2770,540,931.6,131.89,1.0
6104,238,45,2738,476,931.56,80.63,1.0
6105,245,30,2745,490,931.54,84.55,1.0
6106,269,36,2769,538,931.54,89.98,1.0
6107,234,45,2734,468,931.5,90.12,1.0
6108,91,27,2591,182,931.48,73.19,1.0
6109,223,41,2723,446,931.44,81.85,1.0
6110,227,46,2727,454,931.44,82.43,1.0
6111,248,43,2748,496,931.44,94.41,1.0
6112,264,45,2764,528,931.43,80.25,1.0
6113,162,11,2662,324,931.34,108.31,1.0
6114,232,42,2732,464,931.34,91.51,1.0
6115,175,11,2675,350,931.29,112.51,1.0
6116,245,42,2745,490,931.29,83.13,1.0
6117,224,44,2724,448,931.24,81.16,1.0
6118,200,43,2700,400,931.23,69.81,1.0
6119,242,41,2742,484,931.2,95.83,1.0
6120,200,40,2700,400,931.15,75.32,1.0
6121,202,11,2702,404,931.12,116.18,1.0
6122,238,39,2738,476,931.11,83.08,1.0
6123,14,26,2514,28,931.1,60.58,1.0
6124,214,34,2714,428,931.07,78.01,1.0
6125,210,13,2710,420,931.06,123.13,1.0
6126,236,40,2736,472,931.06,88.03,1.0
6127,51,9,2551,102,931.05,78.26,1.0
6128,255,47,2755,510,931.04,85.93,1.0
6129,269,39,2769,538,931.02,92.39,1.0
6130,257,37,2757,514,931.01,79.56,1.0
6131,154,28,2654,308,930.96,83.61,1.0
6132,233,34,2733,466,930.96,84.83,1.0
6133,236,38,2736,472,930.96,84.66,1.0
6134,266,34,2766,532,930.96,83.55,1.0
6135,151,11,2651,302,930.92,105.8,1.0
6136,233,33,2733,466,930.87,91.75,1.0
6137,238,42,2738,476,930.86,86.31,1.0
6138,120,11,2620,240,930.8,105.83,1.0
6139,265,48,2765,530,930.79,86.38,1.0
6140,97,10,2597,194,930.78,94.2,1.0
6141,273,46,2773,546,930.75,86.37,1.0
6142,122,27,2622,244,930.71,86.04,1.0
6143,240,37,2740,480,930.7,84.61,1.0
6144,293,46,2793,586,930.7,90.61,1.0
6145,175,12,2675,350,930.69,107.86,1.0
6146,266,36,2766,532,930.68,84.9,1.0
6147,200,31,2700,400,930.67,75.67,1.0
6148,215,42,2715,430,930.65,72.35,1.0
6149,244,40,2744,488,930.63,82.9,1.0
6150,261,34,2761,522,930.63,88.57,1.0
6151,246,36,2746,492,930.6,89.14,1.0
6152,105,11,2605,210,930.54,97.84,1.0
6153,226,36,2726,452,930.54,79.45,1.0
6154,118,9,2618,236,930.53,110.79,1.0
6155,287,50,2787,574,930.49,93.81,1.0
6156,30,9,2530,60,930.46,92.26,1.0
6157,166,28,2666,332,930.46,74.8,1.0
6158,249,31,2749,498,930.45,86.48,1.0
6159,242,33,2742,484,930.43,92.62,1.0
6160,269,33,2769,538,930.41,94.38,1.0
6161,36,26,2536,72,930.4,67.79,1.0
6162,248,41,2748,496,930.37,84.12,1.0
6163,234,36,2734,468,930.34,91.48,1.0
6164,250,46,2750,500,930.34,85.32,1.0
6165,241,30,2741,482,930.32,82.61,1.0
6166,259,43,2759,518,930.32,76.04,1.0
6167,231,34,2731,462,930.3,73.22,1.0
6168,232,30,2732,464,930.3,83.06,1.0
6169,62,9,2562,124,930.29,98.18,1.0
6170,173,29,2673,346,930.26,77.56,1.0
6171,286,40,2786,572,930.26,81.08,1.0
6172,60,9,2560,120,930.25,94.18,1.0
6173,300,49,2800,600,930.22,103.46,1.0
6174,18,25,2518,36,930.2,66.82,1.0
6175,296,12,2796,592,930.18,132.42,1.0
6176,266,41,2766,532,930.17,82.61,1.0
6177,269,37,2769,538,930.16,83.48,1.0
6178,297,33,2797,594,930.16,87.5,1.0
6179,147,11,2647,294,930.15,98.54,1.0
6180,232,32,2732,464,930.14,86.57,1.0
6181,11,10,2511,22,930.09,74.0,1.0
6182,202,29,2702,404,930.05,79.33,1.0
6183,211,35,2711,422,930.05,87.47,1.0
6184,23,26,2523,46,930.04,66.66,1.0
6185,200,38,2700,400,930.04,66.9,1.0
6186,89,10,2589,178,929.98,93.86,1.0
6187,240,35,2740,480,929.92,83.31,1.0
6188,266,40,2766,532,929.88,77.99,1.0
6189,275,33,2775,550,929.88,86.04,1.0
6190,268,35,2768,536,929.86,93.74,1.0
6191,247,40,2747,494,929.84,80.26,1.0
6192,149,28,2649,298,929.82,69.34,1.0
6193,226,38,2726,452,929.76,90.53,1.0
6194,233,41,2733,466,929.76,82.02,1.0
6195,245,38,2745,490,929.74,79.57,1.0
6196,294,47,2794,588,929.74,85.38,1.0
6197,191,29,2691,382,929.73,73.89,1.0
6198,148,29,2648,296,929.72,75.37,1.0
6199,248,38,2748,496,929.72,95.7,1.0
6200,283,12,2783,566,929.72,141.06,1.0
6201,35,10,2535,70,929.71,86.72,1.0
6202,281,13,2781,562,929.71,128.97,1.0
6203,183,44,2683,366,929.7,70.35,1.0
6204,223,44,2723,446,929.62,82.94,1.0
6205,282,38,2782,564,929.62,88.75,1.0
6206,67,9,2567,134,929.57,89.81,1.0
6207,231,42,2731,462,929.56,74.67,1.0
6208,220,29,2720,440,929.54,82.6,1.0
6209,200,33,2700,400,929.5,73.94,1.0
6210,297,45,2797,594,929.49,93.05,1.0
6211,243,32,2743,486,929.47,92.11,1.0
6212,282,33,2782,564,929.46,88.59,1.0
6213,182,40,2682,364,929.44,78.48,1.0
6214,66,26,2566,132,929.42,69.77,1.0
6215,22,9,2522,44,929.41,83.52,1.0
6216,214,30,2714,428,929.41,79.02,1.0
6217,200,34,2700,400,929.36,75.02,1.0
6218,214,36,2714,428,929.36,82.07,1.0
6219,297,30,2797,594,929.35,92.07,1.0
6220,263,48,2763,526,929.34,85.49,1.0
6221,274,40,2774,548,929.34,86.87,1.0
6222,269,38,2769,538,929.34,89.95,1.0
6223,249,36,2749,498,929.33,81.97,1.0
6224,45,25,2545,90,929.32,69.74,1.0
6225,233,43,2733,466,929.3,95.46,1.0
6226,266,31,2766,532,929.27,83.49,1.0
6227,282,36,2782,564,929.26,86.86,1.0
6228,25,9,2525,50,929.25,75.71,1.0
6229,226,33,2726,452,929.25,88.49,1.0
6230,181,29,2681,362,929.19,78.76,1.0
6231,8,25,2508,16,929.18,55.41,1.0
6232,284,48,2784,568,929.18,91.65,1.0
6233,296,46,2796,592,929.14,92.6,1.0
6234,65,10,2565,130,929.13,101.55,1.0
6235,234,37,2734,468,929.12,93.65,1.0
6236,259,39,2759,518,929.12,79.89,1.0
6237,222,45,2722,444,928.99,89.89,1.0
6238,231,33,2731,462,928.97,77.45,1.0
6239,124,11,2624,248,928.95,102.51,1.0
6240,46,9,2546,92,928.92,81.49,1.0
6241,39,26,2539,78,928.9,68.53,1.0
6242,268,44,2768,536,928.9,93.54,1.0
6243,214,45,2714,428,928.86,74.2,1.0
6244,103,10,2603,206,928.85,100.06,1.0
6245,251,44,2751,502,928.84,79.95,1.0
6246,193,10,2693,386,928.82,125.93,1.0
6247,193,45,2693,386,928.8,87.58,1.0
6248,200,30,2700,400,928.8,71.41,1.0
6249,2,8,2502,4,928.79,79.52,1.0
6250,224,36,2724,448,928.78,78.38,1.0
6251,214,11,2714,428,928.77,127.64,1.0
6252,299,51,2799,598,928.77,106.52,1.0
6253,247,32,2747,494,928.74,74.98,1.0
6254,156,28,2656,312,928.73,69.91,1.0
6255,299,12,2799,598,928.71,132.74,1.0
6256,223,42,2723,446,928.7,78.49,1.0
6257,242,45,2742,484,928.69,96.02,1.0
6258,257,30,2757,514,928.69,84.39,1.0
6259,264,46,2764,528,928.64,85.12,1.0
6260,46,26,2546,92,928.62,59.66,1.0
6261,249,34,2749,498,928.61,83.08,1.0
6262,13,9,2513,26,928.58,78.71,1.0
6263,275,44,2775,550,928.56,89.45,1.0
6264,113,28,2613,226,928.54,79.28,1.0
6265,241,40,2741,482,928.54,80.11,1.0
6266,249,35,2749,498,928.52,83.77,1.0
6267,274,38,2774,548,928.52,83.84,1.0
6268,162,29,2662,324,928.48,84.81,1.0
6269,248,34,2748,496,928.48,88.78,1.0
6270,23,9,2523,46,928.47,81.04,1.0
6271,233,40,2733,466,928.46,84.49,1.0
6272,38,26,2538,76,928.43,56.19,1.0
6273,183,41,2683,366,928.43,75.16,1.0
6274,232,37,2732,464,928.42,85.4,1.0
6275,285,12,2785,570,928.38,132.16,1.0
6276,72,10,2572,144,928.36,93.15,1.0
6277,254,36,2754,508,928.34,79.67,1.0
6278,282,44,2782,564,928.32,84.21,1.0
6279,26,9,2526,52,928.31,82.25,1.0
6280,254,39,2754,508,928.3,86.81,1.0
6281,38,9,2538,76,928.29,80.22,1.0
6282,192,11,2692,384,928.28,112.69,1.0
6283,275,34,2775,550,928.26,85.09,1.0
6284,122,11,2622,244,928.23,112.24,1.0
6285,216,29,2716,432,928.23,84.7,1.0
6286,16,26,2516,32,928.21,62.6,1.0
6287,274,34,2774,548,928.2,91.32,1.0
6288,47,9,2547,94,928.17,84.22,1.0
6289,204,35,2704,408,928.16,77.06,1.0
6290,270,46,2770,540,928.15,97.67,1.0
6291,269,30,2769,538,928.14,90.23,1.0
6292,276,48,2776,552,928.04,97.11,1.0
6293,258,38,2758,516,927.98,93.66,1.0
6294,252,46,2752,504,927.97,83.27,1.0
6295,293,47,2793,586,927.97,94.46,1.0
6296,225,29,2725,450,927.96,84.89,1.0
6297,245,46,2745,490,927.95,82.52,1.0
6298,238,35,2738,476,927.93,73.64,1.0
6299,215,46,2715,430,927.9,76.31,1.0
6300,178,33,2678,356,927.86,80.31,1.0
6301,238,31,2738,476,927.77,83.16,1.0
6302,183,10,2683,366,927.76,120.15,1.0
6303,241,11,2741,482,927.75,126.88,1.0
6304,254,40,2754,508,927.75,79.31,1.0
6305,277,49,2777,554,927.74,86.81,1.0
6306,287,12,2787,574,927.74,135.41,1.0
6307,206,36,2706,412,927.73,79.12,1.0
6308,13,25,2513,26,927.71,68.65,1.0
6309,254,42,2754,508,927.7,91.16,1.0
6310,272,45,2772,544,927.7,91.0,1.0
6311,155,11,2655,310,927.66,112.37,1.0
6312,236,36,2736,472,927.65,83.92,1.0
6313,26,26,2526,52,927.64,58.95,1.0
6314,297,38,2797,594,927.64,92.73,1.0
6315,266,45,2766,532,927.61,89.96,1.0
6316,183,38,2683,366,927.58,74.88,1.0
6317,297,43,2797,594,927.58,89.78,1.0
6318,158,10,2658,316,927.56,106.74,1.0
6319,267,12,2767,534,927.43,132.08,1.0
6320,274,42,2774,548,927.41,87.12,1.0
6321,292,12,2792,584,927.4,128.37,1.0
6322,0,9,2500,0,927.38,83.94,1.0
6323,147,28,2647,294,927.37,79.13,1.0
6324,238,43,2738,476,927.37,84.84,1.0
6325,241,31,2741,482,927.31,88.3,1.0
6326,255,45,2755,510,927.3,85.37,1.0
6327,240,38,2740,480,927.27,84.81,1.0
6328,261,32,2761,522,927.23,87.62,1.0
6329,232,31,2732,464,927.2,83.87,1.0
6330,275,40,2775,550,927.2,84.49,1.0
6331,249,40,2749,498,927.16,80.14,1.0
6332,242,42,2742,484,927.13,101.08,1.0
6333,74,9,2574,148,927.12,90.62,1.0
6334,241,45,2741,482,927.11,83.28,1.0
6335,5,8,2505,10,927.1,72.61,1.0
6336,200,32,2700,400,927.08,71.52,1.0
6337,232,36,2732,464,927.05,91.37,1.0
6338,236,41,2736,472,927.04,86.2,1.0
6339,200,42,2700,400,927.02,79.55,1.0
6340,257,38,2757,514,927.0,88.94,1.0
6341,269,43,2769,538,927.0,91.9,1.0
6342,257,31,2757,514,926.96,84.26,1.0
6343,69,10,2569,138,926.93,92.85,1.0
6344,231,39,2731,462,926.92,74.2,1.0
6345,275,30,2775,550,926.92,84.76,1.0
6346,236,32,2736,472,926.88,84.55,1.0
6347,208,30,2708,416,926.86,79.48,1.0
6348,19,26,2519,38,926.82,60.66,1.0
6349,238,37,2738,476,926.82,75.65,1.0
6350,214,35,2714,428,926.8,76.9,1.0
6351,271,12,2771,542,926.8,122.15,1.0
6352,233,37,2733,466,926.79,89.35,1.0
6353,14,9,2514,28,926.74,75.29,1.0
6354,55,26,2555,110,926.74,66.37,1.0
6355,82,27,2582,164,926.74,73.91,1.0
6356,257,32,2757,514,926.73,84.08,1.0
6357,290,51,2790,580,926.66,92.66,1.0
6358,211,39,2711,422,926.65,88.39,1.0
6359,233,38,2733,466,926.65,90.03,1.0
6360,259,46,2759,518,926.63,79.7,1.0
6361,244,12,2744,488,926.62,117.66,1.0
6362,233,12,2733,466,926.6,123.27,1.0
6363,269,42,2769,538,926.59,93.8,1.0
6364,77,27,2577,154,926.58,67.38,1.0
6365,105,27,2605,210,926.56,79.92,1.0
6366,215,45,2715,430,926.52,72.04,1.0
6367,243,33,2743,486,926.51,85.59,1.0
6368,178,30,2678,356,926.5,89.07,1.0
6369,261,44,2761,522,926.48,83.26,1.0
6370,224,40,2724,448,926.44,76.0,1.0
6371,242,39,2742,484,926.43,99.55,1.0
6372,297,13,2797,594,926.43,129.94,1.0
6373,208,32,2708,416,926.41,81.01,1.0
6374,233,42,2733,466,926.37,88.29,1.0
6375,78,26,2578,156,926.34,73.15,1.0
6376,257,44,2757,514,926.32,83.59,1.0
6377,274,37,2774,548,926.3,86.49,1.0
6378,288,12,2788,576,926.3,125.05,1.0
6379,254,43,2754,508,926.29,90.06,1.0
6380,205,31,2705,410,926.27,76.85,1.0
6381,211,33,2711,422,926.26,88.02,1.0
6382,280,29,2780,560,926.26,80.11,1.0
6383,183,30,2683,366,926.24,72.96,1.0
6384,244,30,2744,488,926.24,78.15,1.0
6385,291,12,2791,582,926.18,146.25,1.0
6386,249,38,2749,498,926.17,82.65,1.0
6387,67,27,2567,134,926.12,65.63,1.0
6388,268,39,2768,536,926.11,90.44,1.0
6389,254,38,2754,508,926.1,89.62,1.0
6390,278,11,2778,556,926.02,132.31,1.0
6391,244,42,2744,488,925.98,85.16,1.0
6392,282,40,2782,564,925.9,93.43,1.0
6393,240,42,2740,480,925.87,80.86,1.0
6394,297,31,2797,594,925.86,91.42,1.0
6395,251,47,2751,502,925.82,85.69,1.0
6396,261,31,2761,522,925.81,89.11,1.0
6397,193,44,2693,386,925.8,82.43,1.0
6398,90,27,2590,180,925.78,67.49,1.0
6399,294,48,2794,588,925.76,90.08,1.0
6400,281,30,2781,562,925.73,84.23,1.0
6401,241,36,2741,482,925.62,86.78,1.0
6402,50,26,2550,100,925.61,68.59,1.0
6403,87,11,2587,174,925.58,100.09,1.0
6404,283,48,2783,566,925.53,91.22,1.0
6405,211,37,2711,422,925.52,79.74,1.0
6406,282,42,2782,564,925.52,84.27,1.0
6407,247,41,2747,494,925.51,87.67,1.0
6408,300,12,2800,600,925.51,135.43,1.0
6409,200,41,2700,400,925.4,77.56,1.0
6410,258,36,2758,516,925.39,87.47,1.0
6411,243,34,2743,486,925.39,86.29,1.0
6412,18,9,2518,36,925.38,77.08,1.0
6413,272,46,2772,544,925.38,87.86,1.0
6414,62,27,2562,124,925.37,72.93,1.0
6415,250,47,2750,500,925.37,84.93,1.0
6416,144,10,2644,288,925.36,96.78,1.0
6417,183,43,2683,366,925.36,73.47,1.0
6418,183,31,2683,366,925.35,72.29,1.0
6419,143,9,2643,286,925.34,103.55,1.0
6420,223,40,2723,446,925.34,76.38,1.0
6421,258,42,2758,516,925.34,83.26,1.0
6422,255,11,2755,510,925.34,120.74,1.0
6423,285,50,2785,570,925.33,90.66,1.0
6424,280,15,2780,560,925.32,130.83,1.0
6425,55,10,2555,110,925.3,84.34,1.0
6426,110,28,2610,220,925.29,73.24,1.0
6427,235,43,2735,470,925.28,77.92,1.0
6428,251,46,2751,502,925.27,87.51,1.0
6429,236,39,2736,472,925.26,82.84,1.0
6430,260,47,2760,520,925.24,92.17,1.0
6431,254,31,2754,508,925.19,87.86,1.0
6432,251,45,2751,502,925.18,83.82,1.0
6433,256,49,2756,512,925.15,81.8,1.0
6434,211,41,2711,422,925.14,85.12,1.0
6435,188,28,2688,376,925.12,84.68,1.0
6436,265,11,2765,530,925.1,125.22,1.0
6437,184,10,2684,368,925.09,112.37,1.0
6438,217,36,2717,434,925.08,79.7,1.0
6439,178,44,2678,356,925.06,81.72,1.0
6440,236,35,2736,472,925.06,87.54,1.0
6441,223,38,2723,446,925.02,81.18,1.0
6442,141,28,2641,282,924.99,71.87,1.0
6443,201,11,2701,402,924.98,114.87,1.0
6444,134,11,2634,268,924.97,108.82,1.0
6445,45,10,2545,90,924.95,80.79,1.0
6446,110,10,2610,220,924.93,102.86,1.0
6447,289,11,2789,578,924.92,134.47,1.0
6448,213,29,2713,426,924.91,83.38,1.0
6449,223,39,2723,446,924.88,84.35,1.0
6450,288,48,2788,576,924.87,96.05,1.0
6451,240,33,2740,480,924.85,83.62,1.0
6452,92,27,2592,184,924.83,74.84,1.0
6453,204,40,2704,408,924.83,79.35,1.0
6454,217,38,2717,434,924.82,79.08,1.0
6455,269,34,2769,538,924.82,94.87,1.0
6456,205,44,2705,410,924.79,76.35,1.0
6457,249,37,2749,498,924.79,78.13,1.0
6458,226,40,2726,452,924.78,88.05,1.0
6459,71,10,2571,142,924.77,103.99,1.0
6460,226,32,2726,452,924.74,87.47,1.0
6461,217,33,2717,434,924.7,76.97,1.0
6462,115,11,2615,230,924.65,108.24,1.0
6463,142,10,2642,284,924.65,105.32,1.0
6464,208,34,2708,416,924.64,77.56,1.0
6465,39,9,2539,78,924.47,86.54,1.0
6466,263,49,2763,526,924.47,90.64,1.0
6467,189,29,2689,378,924.45,83.89,1.0
6468,214,37,2714,428,924.44,81.09,1.0
6469,193,42,2693,386,924.43,80.25,1.0
6470,178,31,2678,356,924.41,79.2,1.0
6471,281,36,2781,562,924.4,89.2,1.0
6472,178,41,2678,356,924.39,80.27,1.0
6473,244,39,2744,488,924.32,81.4,1.0
6474,240,30,2740,480,924.31,86.37,1.0
6475,178,35,2678,356,924.3,84.17,1.0
6476,107,10,2607,214,924.28,99.7,1.0
6477,268,45,2768,536,924.21,89.22,1.0
6478,179,11,2679,358,924.2,128.87,1.0
6479,283,47,2783,566,924.2,97.6,1.0
6480,204,43,2704,408,924.19,78.41,1.0
6481,282,43,2782,564,924.19,89.79,1.0
6482,229,13,2729,458,924.15,117.21,1.0
6483,258,41,2758,516,924.14,86.72,1.0
6484,48,26,2548,96,924.12,65.21,1.0
6485,214,41,2714,428,924.12,79.56,1.0
6486,259,40,2759,518,924.09,81.99,1.0
6487,257,12,2757,514,924.08,121.95,1.0
6488,211,34,2711,422,924.05,84.52,1.0
6489,294,12,2794,588,924.04,133.37,1.0
6490,248,11,2748,496,924.01,124.39,1.0
6491,209,29,2709,418,923.98,93.62,1.0
6492,261,42,2761,522,923.92,86.72,1.0
6493,236,37,2736,472,923.91,83.8,1.0
6494,244,41,2744,488,923.9,90.36,1.0
6495,165,29,2665,330,923.88,79.02,1.0
6496,223,30,2723,446,923.86,79.22,1.0
6497,183,32,2683,366,923.78,76.39,1.0
6498,235,31,2735,470,923.74,84.23,1.0
6499,274,33,2774,548,923.73,84.09,1.0
6500,243,39,2743,486,923.72,84.65,1.0
6501,210,29,2710,420,923.71,76.66,1.0
6502,246,47,2746,492,923.68,86.67,1.0
6503,298,47,2798,596,923.68,89.82,1.0
6504,64,10,2564,128,923.67,96.19,1.0
6505,225,12,2725,450,923.66,130.92,1.0
6506,281,34,2781,562,923.66,90.23,1.0
6507,232,11,2732,464,923.65,123.44,1.0
6508,240,31,2740,480,923.62,83.91,1.0
6509,139,28,2639,278,923.61,72.43,1.0
6510,116,10,2616,232,923.57,102.74,1.0
6511,230,29,2730,460,923.55,90.65,1.0
6512,204,38,2704,408,923.54,80.23,1.0
6513,233,30,2733,466,923.53,92.75,1.0
6514,227,45,2727,454,923.51,77.96,1.0
6515,241,43,2741,482,923.51,78.67,1.0
6516,58,26,2558,116,923.5,69.71,1.0
6517,71,27,2571,142,923.46,71.92,1.0
6518,223,37,2723,446,923.46,78.58,1.0
6519,246,46,2746,492,923.43,86.9,1.0
6520,274,35,2774,548,923.42,89.17,1.0
6521,237,47,2737,474,923.39,99.3,1.0
6522,249,12,2749,498,923.37,126.38,1.0
6523,123,10,2623,246,923.32,108.99,1.0
6524,63,10,2563,126,923.27,94.91,1.0
6525,27,11,2527,54,923.25,79.82,1.0
6526,50,10,2550,100,923.22,79.83,1.0
6527,182,42,2682,364,923.22,82.52,1.0
6528,243,47,2743,486,923.22,84.1,1.0
6529,211,46,2711,422,923.21,86.48,1.0
6530,259,32,2759,518,923.2,78.86,1.0
6531,240,40,2740,480,923.16,84.33,1.0
6532,261,38,2761,522,923.15,87.4,1.0
6533,111,27,2611,222,923.14,75.4,1.0
6534,206,37,2706,412,923.11,77.63,1.0
6535,233,39,2733,466,923.11,87.76,1.0
6536,178,32,2678,356,923.1,84.28,1.0
6537,257,36,2757,514,923.1,85.99,1.0
6538,136,28,2636,272,923.06,78.38,1.0
6539,254,45,2754,508,923.06,85.14,1.0
6540,229,29,2729,458,923.02,99.77,1.0
6541,228,37,2728,456,923.0,94.5,1.0
6542,240,36,2740,480,922.98,85.41,1.0
6543,258,40,2758,516,922.94,84.57,1.0
6544,206,33,2706,412,922.92,75.52,1.0
6545,233,32,2733,466,922.9,85.77,1.0
6546,258,43,2758,516,922.9,86.47,1.0
6547,244,38,2744,488,922.87,87.17,1.0
6548,84,9,2584,168,922.86,94.99,1.0
6549,254,30,2754,508,922.82,89.48,1.0
6550,193,37,2693,386,922.78,84.73,1.0
6551,235,42,2735,470,922.76,74.34,1.0
6552,282,39,2782,564,922.76,83.47,1.0
6553,282,45,2782,564,922.75,80.9,1.0
6554,193,35,2693,386,922.72,83.66,1.0
6555,98,28,2598,196,922.7,77.13,1.0
6556,214,38,2714,428,922.68,78.1,1.0
6557,236,42,2736,472,922.66,84.43,1.0
6558,275,32,2775,550,922.66,95.47,1.0
6559,70,27,2570,140,922.63,65.75,1.0
6560,219,34,2719,438,922.62,79.68,1.0
6561,233,45,2733,466,922.62,83.06,1.0
6562,135,10,2635,270,922.6,106.43,1.0
6563,121,28,2621,242,922.56,74.53,1.0
6564,252,47,2752,504,922.56,82.17,1.0
6565,65,26,2565,130,922.54,62.06,1.0
6566,204,32,2704,408,922.54,81.92,1.0
6567,183,35,2683,366,922.52,67.35,1.0
6568,207,11,2707,414,922.5,125.45,1.0
6569,240,34,2740,480,922.48,82.05,1.0
6570,236,43,2736,472,922.45,84.18,1.0
6571,205,39,2705,410,922.42,80.03,1.0
6572,178,39,2678,356,922.41,81.25,1.0
6573,237,48,2737,474,922.36,92.56,1.0
6574,93,27,2593,186,922.35,72.68,1.0
6575,269,44,2769,538,922.35,86.15,1.0
6576,282,34,2782,564,922.35,82.49,1.0
6577,221,41,2721,442,922.32,77.5,1.0
6578,272,48,2772,544,922.31,98.23,1.0
6579,178,43,2678,356,922.23,82.44,1.0
6580,275,42,2775,550,922.21,89.79,1.0
6581,140,10,2640,280,922.2,106.43,1.0
6582,44,26,2544,88,922.19,63.05,1.0
6583,160,11,2660,320,922.19,106.83,1.0
6584,128,27,2628,256,922.16,77.34,1.0
6585,239,47,2739,478,922.13,90.89,1.0
6586,254,12,2754,508,922.13,130.48,1.0
6587,172,10,2672,344,922.08,108.67,1.0
6588,264,47,2764,528,922.08,79.7,1.0
6589,6,9,2506,12,922.05,68.7,1.0
6590,258,37,2758,516,922.04,77.43,1.0
6591,199,40,2699,398,922.03,72.88,1.0
6592,96,27,2596,192,922.02,67.45,1.0
6593,253,40,2753,506,922.02,83.51,1.0
6594,183,34,2683,366,922.0,71.54,1.0
6595,257,42,2757,514,922.0,84.5,1.0
6596,183,33,2683,366,921.99,73.78,1.0
6597,129,28,2629,258,921.96,75.85,1.0
6598,236,31,2736,472,921.96,91.43,1.0
6599,223,11,2723,446,921.93,126.33,1.0
6600,236,34,2736,472,921.93,79.43,1.0
6601,121,10,2621,242,921.92,107.57,1.0
6602,223,36,2723,446,921.92,86.76,1.0
6603,294,49,2794,588,921.92,80.72,1.0
6604,206,40,2706,412,921.9,74.82,1.0
6605,232,46,2732,464,921.89,84.26,1.0
6606,59,10,2559,118,921.88,88.9,1.0
6607,275,39,2775,550,921.88,87.51,1.0
6608,185,11,2685,370,921.87,106.2,1.0
6609,208,33,2708,416,921.84,78.83,1.0
6610,193,30,2693,386,921.83,87.24,1.0
6611,235,44,2735,470,921.83,87.72,1.0
6612,255,48,2755,510,921.81,78.32,1.0
6613,195,29,2695,390,921.8,85.81,1.0
6614,204,34,2704,408,921.78,81.09,1.0
6615,199,44,2699,398,921.78,73.98,1.0
6616,235,34,2735,470,921.78,87.29,1.0
6617,106,10,2606,212,921.7,100.7,1.0
6618,286,46,2786,572,921.69,84.17,1.0
6619,289,49,2789,578,921.68,99.4,1.0
6620,269,35,2769,538,921.67,90.86,1.0
6621,132,11,2632,264,921.64,100.73,1.0
6622,178,36,2678,356,921.6,89.14,1.0
6623,199,34,2699,398,921.6,75.69,1.0
6624,193,31,2693,386,921.57,84.99,1.0
6625,241,33,2741,482,921.57,80.47,1.0
6626,298,49,2798,596,921.57,92.35,1.0
6627,142,28,2642,284,921.56,79.61,1.0
6628,281,38,2781,562,921.54,85.16,1.0
6629,21,8,2521,42,921.48,76.46,1.0
6630,56,9,2556,112,921.48,86.6,1.0
6631,76,9,2576,152,921.45,94.44,1.0
6632,183,37,2683,366,921.42,74.49,1.0
6633,223,31,2723,446,921.42,78.11,1.0
6634,239,49,2739,478,921.34,91.29,1.0
6635,211,40,2711,422,921.32,86.37,1.0
6636,193,32,2693,386,921.31,81.81,1.0
6637,206,38,2706,412,921.3,77.87,1.0
6638,235,35,2735,470,921.3,84.72,1.0
6639,86,27,2586,172,921.28,68.79,1.0
6640,281,40,2781,562,921.27,90.44,1.0
6641,211,30,2711,422,921.24,87.25,1.0
6642,205,38,2705,410,921.21,78.22,1.0
6643,125,9,2625,250,921.16,101.94,1.0
6644,204,44,2704,408,921.15,79.66,1.0
6645,253,42,2753,506,921.14,77.49,1.0
6646,247,37,2747,494,921.14,83.05,1.0
6647,97,27,2597,194,921.13,74.39,1.0
6648,262,47,2762,524,921.07,80.29,1.0
6649,211,43,2711,422,921.06,87.11,1.0
6650,12,26,2512,24,921.04,64.18,1.0
6651,235,33,2735,470,921.02,81.2,1.0
6652,183,48,2683,366,921.0,74.45,1.0
6653,217,32,2717,434,920.99,81.73,1.0
6654,82,10,2582,164,920.98,93.05,1.0
6655,199,42,2699,398,920.94,71.17,1.0
6656,15,26,2515,30,920.92,61.87,1.0
6657,258,44,2758,516,920.91,86.53,1.0
6658,244,31,2744,488,920.89,81.79,1.0
6659,79,27,2579,158,920.88,77.57,1.0
6660,263,50,2763,526,920.88,87.72,1.0
6661,258,12,2758,516,920.86,129.75,1.0
6662,275,12,2775,550,920.86,134.24,1.0
6663,81,9,2581,162,920.84,100.82,1.0
6664,243,45,2743,486,920.84,91.81,1.0
6665,183,42,2683,366,920.76,74.83,1.0
6666,254,33,2754,508,920.75,86.08,1.0
6667,242,46,2742,484,920.7,92.69,1.0
6668,258,34,2758,516,920.7,83.1,1.0
6669,226,31,2726,452,920.67,91.94,1.0
6670,206,44,2706,412,920.66,75.06,1.0
6671,42,9,2542,84,920.57,85.26,1.0
6672,224,11,2724,448,920.57,115.9,1.0
6673,9,9,2509,18,920.54,74.42,1.0
6674,283,11,2783,566,920.54,142.9,1.0
6675,231,11,2731,462,920.48,121.9,1.0
6676,204,31,2704,408,920.47,80.53,1.0
6677,199,35,2699,398,920.47,81.12,1.0
6678,244,36,2744,488,920.47,79.71,1.0
6679,253,36,2753,506,920.44,80.61,1.0
6680,261,36,2761,522,920.44,90.53,1.0
6681,186,13,2686,372,920.39,104.13,1.0
6682,182,33,2682,364,920.37,80.05,1.0
6683,183,45,2683,366,920.36,81.64,1.0
6684,211,42,2711,422,920.35,88.76,1.0
6685,226,35,2726,452,920.35,82.79,1.0
6686,249,45,2749,498,920.34,83.13,1.0
6687,109,10,2609,218,920.33,112.95,1.0
6688,274,44,2774,548,920.33,91.98,1.0
6689,234,11,2734,468,920.32,126.01,1.0
6690,238,11,2738,476,920.3,134.24,1.0
6691,211,36,2711,422,920.28,82.56,1.0
6692,226,41,2726,452,920.28,84.28,1.0
6693,235,39,2735,470,920.28,79.73,1.0
6694,275,43,2775,550,920.27,88.4,1.0
6695,279,48,2779,558,920.27,89.86,1.0
6696,208,37,2708,416,920.26,78.6,1.0
6697,198,37,2698,396,920.24,82.3,1.0
6698,208,36,2708,416,920.24,74.15,1.0
6699,261,30,2761,522,920.24,78.65,1.0
6700,35,26,2535,70,920.18,70.06,1.0
6701,205,33,2705,410,920.18,79.57,1.0
6702,243,12,2743,486,920.16,136.04,1.0
6703,291,49,2791,582,920.12,94.34,1.0
6704,235,45,2735,470,920.1,84.76,1.0
6705,253,32,2753,506,920.1,78.69,1.0
6706,139,10,2639,278,920.09,113.37,1.0
6707,221,31,2721,442,920.09,78.47,1.0
6708,52,11,2552,104,920.04,84.22,1.0
6709,204,45,2704,408,920.04,77.93,1.0
6710,187,10,2687,374,920.02,116.83,1.0
6711,8,9,2508,16,920.0,73.55,1.0
6712,208,43,2708,416,920.0,84.9,1.0
6713,256,51,2756,512,920.0,90.28,1.0
6714,162,10,2662,324,919.98,119.83,1.0
6715,267,46,2767,534,919.97,77.58,1.0
6716,211,31,2711,422,919.96,80.72,1.0
6717,204,39,2704,408,919.93,82.83,1.0
6718,176,11,2676,352,919.91,106.73,1.0
6719,214,42,2714,428,919.91,76.96,1.0
6720,286,45,2786,572,919.86,86.61,1.0
6721,194,10,2694,388,919.82,113.82,1.0
6722,178,9,2678,356,919.79,120.04,1.0
6723,117,28,2617,234,919.75,71.55,1.0
6724,178,37,2678,356,919.75,82.86,1.0
6725,272,47,2772,544,919.72,91.08,1.0
6726,235,36,2735,470,919.69,88.45,1.0
6727,274,41,2774,548,919.69,92.35,1.0
6728,286,47,2786,572,919.67,96.27,1.0
6729,190,33,2690,380,919.65,76.22,1.0
6730,37,9,2537,74,919.62,85.61,1.0
6731,258,30,2758,516,919.59,89.82,1.0
6732,178,40,2678,356,919.57,84.32,1.0
6733,277,50,2777,554,919.54,93.91,1.0
6734,200,45,2700,400,919.5,74.15,1.0
6735,275,45,2775,550,919.49,85.96,1.0
6736,300,51,2800,600,919.47,100.26,1.0
6737,240,41,2740,480,919.42,91.77,1.0
6738,269,12,2769,538,919.42,129.29,1.0
6739,282,31,2782,564,919.42,83.61,1.0
6740,258,31,2758,516,919.4,82.64,1.0
6741,217,43,2717,434,919.35,76.31,1.0
6742,252,48,2752,504,919.35,87.15,1.0
6743,267,47,2767,534,919.31,96.05,1.0
6744,108,10,2608,216,919.3,99.47,1.0
6745,155,28,2655,310,919.3,79.07,1.0
6746,253,39,2753,506,919.26,79.29,1.0
6747,270,47,2770,540,919.26,84.45,1.0
6748,235,37,2735,470,919.25,85.98,1.0
6749,158,29,2658,316,919.24,78.99,1.0
6750,216,37,2716,432,919.23,74.12,1.0
6751,128,11,2628,256,919.22,113.74,1.0
6752,278,50,2778,556,919.21,83.49,1.0
6753,126,10,2626,252,919.13,99.74,1.0
6754,218,29,2718,436,919.12,91.34,1.0
6755,182,39,2682,364,919.1,80.87,1.0
6756,228,32,2728,456,919.1,82.66,1.0
6757,299,53,2799,598,919.06,95.11,1.0
6758,217,44,2717,434,919.02,74.09,1.0
6759,223,43,2723,446,919.02,75.48,1.0
6760,275,35,2775,550,918.99,90.82,1.0
6761,211,32,2711,422,918.96,81.64,1.0
6762,261,35,2761,522,918.95,85.6,1.0
6763,281,43,2781,562,918.95,88.75,1.0
6764,224,46,2724,448,918.94,84.16,1.0
6765,257,45,2757,514,918.93,93.57,1.0
6766,290,11,2790,580,918.92,141.16,1.0
6767,219,41,2719,438,918.9,83.75,1.0
6768,223,33,2723,446,918.88,76.62,1.0
6769,238,46,2738,476,918.88,79.51,1.0
6770,244,33,2744,488,918.87,84.61,1.0
6771,182,35,2682,364,918.86,78.38,1.0
6772,205,32,2705,410,918.86,72.43,1.0
6773,214,43,2714,428,918.85,86.52,1.0
6774,269,45,2769,538,918.85,99.38,1.0
6775,223,32,2723,446,918.8,83.17,1.0
6776,182,44,2682,364,918.75,81.16,1.0
6777,198,34,2698,396,918.75,78.84,1.0
6778,57,26,2557,114,918.72,62.23,1.0
6779,298,48,2798,596,918.69,85.04,1.0
6780,193,41,2693,386,918.65,92.62,1.0
6781,68,27,2568,136,918.64,68.02,1.0
6782,183,46,2683,366,918.62,76.22,1.0
6783,233,35,2733,466,918.6,83.1,1.0
6784,244,35,2744,488,918.57,84.69,1.0
6785,194,41,2694,388,918.55,79.39,1.0
6786,43,9,2543,86,918.54,91.37,1.0
6787,194,35,2694,388,918.52,77.88,1.0
6788,257,34,2757,514,918.52,87.23,1.0
6789,199,38,2699,398,918.51,80.68,1.0
6790,261,39,2761,522,918.51,85.29,1.0
6791,157,12,2657,314,918.44,117.89,1.0
6792,269,31,2769,538,918.44,101.91,1.0
6793,190,10,2690,380,918.41,106.84,1.0
6794,214,47,2714,428,918.32,75.86,1.0
6795,223,35,2723,446,918.3,83.44,1.0
6796,167,29,2667,334,918.28,73.3,1.0
6797,89,27,2589,178,918.24,72.13,1.0
6798,296,48,2796,592,918.22,92.72,1.0
6799,227,10,2727,454,918.18,131.85,1.0
6800,228,44,2728,456,918.17,88.93,1.0
6801,193,40,2693,386,918.15,79.79,1.0
6802,211,45,2711,422,918.12,90.1,1.0
6803,236,33,2736,472,918.12,83.18,1.0
6804,253,43,2753,506,918.1,82.31,1.0
6805,208,31,2708,416,918.09,78.85,1.0
6806,183,40,2683,366,918.03,77.14,1.0
6807,228,30,2728,456,917.99,88.67,1.0
6808,244,34,2744,488,917.99,81.16,1.0
6809,49,26,2549,98,917.98,70.0,1.0
6810,208,41,2708,416,917.98,70.54,1.0
6811,204,41,2704,408,917.96,84.08,1.0
6812,217,41,2717,434,917.96,72.89,1.0
6813,133,28,2633,266,917.93,70.81,1.0
6814,238,47,2738,476,917.93,83.24,1.0
6815,261,37,2761,522,917.93,89.3,1.0
6816,115,10,2615,230,917.9,102.14,1.0
6817,294,50,2794,588,917.89,87.38,1.0
6818,199,39,2699,398,917.86,73.66,1.0
6819,183,36,2683,366,917.84,69.18,1.0
6820,281,33,2781,562,917.79,97.6,1.0
6821,143,29,2643,286,917.77,73.07,1.0
6822,91,10,2591,182,917.71,99.39,1.0
6823,281,32,2781,562,917.65,80.14,1.0
6824,204,33,2704,408,917.59,82.4,1.0
6825,206,34,2706,412,917.59,78.45,1.0
6826,226,44,2726,452,917.55,83.92,1.0
6827,159,9,2659,318,917.54,114.79,1.0
6828,30,27,2530,60,917.53,66.3,1.0
6829,216,41,2716,432,917.51,72.81,1.0
6830,227,47,2727,454,917.5,83.95,1.0
6831,47,27,2547,94,917.47,64.69,1.0
6832,244,43,2744,488,917.43,76.95,1.0
6833,208,40,2708,416,917.42,84.32,1.0
6834,261,45,2761,522,917.42,84.0,1.0
6835,248,46,2748,496,917.38,95.34,1.0
6836,218,12,2718,436,917.36,122.33,1.0
6837,253,41,2753,506,917.33,81.64,1.0
6838,287,51,2787,574,917.3,88.38,1.0
6839,198,40,2698,396,917.28,85.52,1.0
6840,258,35,2758,516,917.28,84.88,1.0
6841,208,45,2708,416,917.25,76.76,1.0
6842,234,48,2734,468,917.24,92.77,1.0
6843,235,38,2735,470,917.24,76.65,1.0
6844,279,47,2779,558,917.19,80.83,1.0
6845,101,27,2601,202,917.16,79.18,1.0
6846,226,34,2726,452,917.14,81.84,1.0
6847,115,28,2615,230,917.08,70.06,1.0
6848,217,30,2717,434,917.06,79.92,1.0
6849,283,49,2783,566,917.06,99.84,1.0
6850,241,46,2741,482,917.05,87.55,1.0
6851,239,48,2739,478,917.04,81.64,1.0
6852,284,12,2784,568,917.02,131.25,1.0
6853,233,46,2733,466,917.0,87.79,1.0
6854,241,41,2741,482,917.0,88.37,1.0
6855,261,43,2761,522,916.98,89.76,1.0
6856,80,9,2580,160,916.94,101.2,1.0
6857,274,12,2774,548,916.94,130.37,1.0
6858,98,10,2598,196,916.93,99.16,1.0
6859,288,49,2788,576,916.92,87.8,1.0
6860,260,48,2760,520,916.91,83.01,1.0
6861,190,38,2690,380,916.9,73.87,1.0
6862,190,39,2690,380,916.9,82.31,1.0
6863,203,39,2703,406,916.9,88.41,1.0
6864,258,39,2758,516,916.9,93.3,1.0
6865,138,10,2638,276,916.88,102.26,1.0
6866,248,47,2748,496,916.88,91.68,1.0
6867,161,11,2661,322,916.84,112.24,1.0
6868,178,42,2678,356,916.82,78.64,1.0
6869,169,29,2669,338,916.8,75.2,1.0
6870,233,47,2733,466,916.74,86.88,1.0
6871,298,12,2798,596,916.73,132.68,1.0
6872,20,9,2520,40,916.72,75.56,1.0
6873,132,28,2632,264,916.72,71.59,1.0
6874,228,36,2728,456,916.72,82.1,1.0
6875,226,39,2726,452,916.7,85.07,1.0
6876,199,43,2699,398,916.68,78.02,1.0
6877,205,35,2705,410,916.66,71.93,1.0
6878,281,35,2781,562,916.66,84.96,1.0
6879,182,32,2682,364,916.62,78.8,1.0
6880,253,44,2753,506,916.59,74.03,1.0
6881,74,27,2574,148,916.58,79.65,1.0
6882,193,33,2693,386,916.55,80.05,1.0
6883,259,12,2759,518,916.54,134.16,1.0
6884,28,8,2528,56,916.52,81.93,1.0
6885,217,39,2717,434,916.52,79.02,1.0
6886,200,46,2700,400,916.5,73.69,1.0
6887,109,28,2609,218,916.46,75.7,1.0
6888,236,12,2736,472,916.45,128.71,1.0
6889,289,50,2789,578,916.4,97.91,1.0
6890,54,27,2554,108,916.39,65.9,1.0
6891,182,41,2682,364,916.37,80.02,1.0
6892,206,32,2706,412,916.34,83.65,1.0
6893,235,11,2735,470,916.33,127.01,1.0
6894,100,9,2600,200,916.32,101.77,1.0
6895,199,37,2699,398,916.26,82.52,1.0
6896,208,35,2708,416,916.26,76.23,1.0
6897,281,39,2781,562,916.23,88.14,1.0
6898,124,28,2624,248,916.22,83.47,1.0
6899,208,38,2708,416,916.21,85.04,1.0
6900,188,11,2688,376,916.17,119.82,1.0
6901,193,43,2693,386,916.15,90.29,1.0
6902,29,26,2529,58,916.14,69.3,1.0
6903,208,39,2708,416,916.13,82.93,1.0
6904,258,33,2758,516,916.12,80.62,1.0
6905,138,29,2638,276,916.11,73.75,1.0
6906,195,11,2695,390,916.11,115.88,1.0
6907,117,10,2617,234,916.1,101.9,1.0
6908,257,46,2757,514,916.09,89.74,1.0
6909,235,30,2735,470,916.08,94.88,1.0
6910,240,39,2740,480,916.08,80.27,1.0
6911,59,9,2559,118,916.06,93.52,1.0
6912,219,30,2719,438,916.02,78.83,1.0
6913,189,11,2689,378,916.01,115.91,1.0
6914,211,11,2711,422,915.98,125.5,1.0
6915,217,35,2717,434,915.96,79.6,1.0
6916,224,48,2724,448,915.96,81.21,1.0
6917,223,45,2723,446,915.93,81.23,1.0
6918,216,43,2716,432,915.88,74.6,1.0
6919,247,46,2747,494,915.86,88.79,1.0
6920,133,11,2633,266,915.83,97.52,1.0
6921,242,47,2742,484,915.81,100.36,1.0
6922,116,28,2616,232,915.8,81.62,1.0
6923,281,44,2781,562,915.8,85.39,1.0
6924,199,36,2699,398,915.79,74.59,1.0
6925,206,42,2706,412,915.7,76.14,1.0
6926,264,48,2764,528,915.7,93.89,1.0
6927,171,11,2671,342,915.69,107.31,1.0
6928,195,42,2695,390,915.66,81.4,1.0
6929,216,11,2716,432,915.65,113.55,1.0
6930,142,9,2642,284,915.63,101.92,1.0
6931,274,43,2774,548,915.62,82.27,1.0
6932,181,32,2681,362,915.6,77.82,1.0
6933,228,31,2728,456,915.6,84.56,1.0
6934,183,47,2683,366,915.58,73.94,1.0
6935,208,44,2708,416,915.58,81.2,1.0
6936,221,39,2721,442,915.58,85.02,1.0
6937,221,12,2721,442,915.56,111.93,1.0
6938,181,36,2681,362,915.55,76.17,1.0
6939,206,41,2706,412,915.53,74.61,1.0
6940,204,30,2704,408,915.51,81.91,1.0
6941,198,41,2698,396,915.5,78.74,1.0
6942,87,27,2587,174,915.49,66.16,1.0
6943,198,38,2698,396,915.43,81.36,1.0
6944,280,33,2780,560,915.43,83.84,1.0
6945,253,33,2753,506,915.4,84.24,1.0
6946,292,49,2792,584,915.36,92.94,1.0
6947,178,45,2678,356,915.3,82.25,1.0
6948,182,36,2682,364,915.28,82.17,1.0
6949,240,32,2740,480,915.28,96.61,1.0
6950,253,34,2753,506,915.26,84.64,1.0
6951,199,30,2699,398,915.24,80.79,1.0
6952,130,10,2630,260,915.22,102.96,1.0
6953,236,46,2736,472,915.21,82.65,1.0
6954,31,26,2531,62,915.19,67.28,1.0
6955,182,31,2682,364,915.18,79.98,1.0
6956,253,31,2753,506,915.18,82.03,1.0
6957,265,49,2765,530,915.17,87.41,1.0
6958,235,40,2735,470,915.16,82.04,1.0
6959,259,45,2759,518,915.16,79.2,1.0
6960,267,48,2767,534,915.13,77.33,1.0
6961,280,31,2780,560,915.13,89.6,1.0
6962,263,10,2763,526,915.12,131.63,1.0
6963,17,9,2517,34,915.1,73.99,1.0
6964,256,50,2756,512,915.1,87.62,1.0
6965,261,41,2761,522,915.1,87.2,1.0
6966,21,26,2521,42,915.09,59.46,1.0
6967,199,33,2699,398,915.08,81.31,1.0
6968,228,41,2728,456,915.06,80.09,1.0
6969,194,43,2694,388,915.04,89.02,1.0
6970,217,11,2717,434,915.01,114.36,1.0
6971,240,44,2740,480,914.99,84.0,1.0
6972,197,11,2697,394,914.98,105.67,1.0
6973,203,36,2703,406,914.98,80.58,1.0
6974,222,47,2722,444,914.94,82.22,1.0
6975,194,36,2694,388,914.9,82.17,1.0
6976,141,10,2641,282,914.89,106.9,1.0
6977,228,42,2728,456,914.88,85.65,1.0
6978,205,34,2705,410,914.85,81.53,1.0
6979,285,49,2785,570,914.84,97.04,1.0
6980,274,46,2774,548,914.71,92.88,1.0
6981,261,33,2761,522,914.7,90.46,1.0
6982,190,43,2690,380,914.65,76.98,1.0
6983,199,41,2699,398,914.65,84.16,1.0
6984,95,9,2595,190,914.64,107.99,1.0
6985,61,9,2561,122,914.63,95.89,1.0
6986,54,9,2554,108,914.5,82.29,1.0
6987,206,35,2706,412,914.47,79.9,1.0
6988,274,45,2774,548,914.45,91.08,1.0
6989,226,37,2726,452,914.44,87.61,1.0
6990,253,12,2753,506,914.38,130.24,1.0
6991,145,28,2645,290,914.32,82.24,1.0
6992,199,45,2699,398,914.32,76.95,1.0
6993,227,48,2727,454,914.32,88.11,1.0
6994,140,29,2640,280,914.28,65.77,1.0
6995,193,34,2693,386,914.24,78.27,1.0
6996,253,38,2753,506,914.23,81.06,1.0
6997,190,37,2690,380,914.2,76.04,1.0
6998,206,43,2706,412,914.2,81.13,1.0
6999,275,46,2775,550,914.2,92.54,1.0
7000,194,38,2694,388,914.19,86.75,1.0
7001,127,10,2627,254,914.17,105.52,1.0
7002,208,11,2708,416,914.14,117.75,1.0
7003,149,29,2649,298,914.1,69.15,1.0
7004,287,11,2787,574,914.09,133.92,1.0
7005,244,45,2744,488,914.07,84.88,1.0
7006,237,50,2737,474,914.06,92.43,1.0
7007,221,44,2721,442,914.02,80.31,1.0
7008,33,27,2533,66,913.99,59.95,1.0
7009,231,46,2731,462,913.92,83.35,1.0
7010,250,48,2750,500,913.9,95.43,1.0
7011,219,11,2719,438,913.89,112.82,1.0
7012,262,49,2762,524,913.89,80.71,1.0
7013,207,29,2707,414,913.88,82.75,1.0
7014,193,36,2693,386,913.87,82.29,1.0
7015,249,46,2749,498,913.87,83.97,1.0
7016,224,47,2724,448,913.85,78.36,1.0
7017,234,46,2734,468,913.84,100.78,1.0
7018,2,26,2502,4,913.83,65.41,1.0
7019,228,38,2728,456,913.79,87.46,1.0
7020,205,42,2705,410,913.74,79.55,1.0
7021,147,10,2647,294,913.73,109.99,1.0
7022,217,31,2717,434,913.61,71.47,1.0
7023,49,9,2549,98,913.6,81.13,1.0
7024,190,41,2690,380,913.58,74.5,1.0
7025,34,26,2534,68,913.57,69.09,1.0
7026,1,25,2501,2,913.56,60.67,1.0
7027,193,39,2693,386,913.55,84.2,1.0
7028,77,9,2577,154,913.54,90.12,1.0
7029,282,35,2782,564,913.53,85.13,1.0
7030,178,34,2678,356,913.51,91.2,1.0
7031,266,46,2766,532,913.5,88.54,1.0
7032,205,41,2705,410,913.49,73.39,1.0
7033,221,32,2721,442,913.49,80.51,1.0
7034,282,46,2782,564,913.48,87.94,1.0
7035,206,45,2706,412,913.46,78.65,1.0
7036,259,47,2759,518,913.39,86.54,1.0
7037,190,32,2690,380,913.38,74.52,1.0
7038,281,31,2781,562,913.36,80.45,1.0
7039,53,10,2553,106,913.34,83.91,1.0
7040,251,10,2751,502,913.34,130.86,1.0
7041,190,34,2690,380,913.31,74.46,1.0
7042,281,46,2781,562,913.3,85.98,1.0
7043,206,30,2706,412,913.29,76.01,1.0
7044,267,50,2767,534,913.27,80.62,1.0
7045,219,43,2719,438,913.25,83.08,1.0
7046,198,44,2698,396,913.21,81.87,1.0
7047,18,26,2518,36,913.19,62.39,1.0
7048,204,42,2704,408,913.18,83.04,1.0
7049,205,36,2705,410,913.18,76.44,1.0
7050,215,10,2715,430,913.18,121.14,1.0
7051,198,39,2698,396,913.16,78.85,1.0
7052,269,46,2769,538,913.12,98.33,1.0
7053,284,49,2784,568,913.12,98.3,1.0
7054,27,25,2527,54,913.1,60.66,1.0
7055,107,28,2607,214,913.06,72.34,1.0
7056,289,51,2789,578,913.06,100.61,1.0
7057,40,26,2540,80,913.0,70.93,1.0
7058,84,28,2584,168,913.0,67.15,1.0
7059,81,27,2581,162,912.99,72.31,1.0
7060,226,30,2726,452,912.99,90.41,1.0
7061,66,10,2566,132,912.98,86.86,1.0
7062,221,42,2721,442,912.98,78.58,1.0
7063,254,46,2754,508,912.96,82.4,1.0
7064,68,9,2568,136,912.94,96.46,1.0
7065,29,9,2529,58,912.88,80.44,1.0
7066,222,10,2722,444,912.87,127.8,1.0
7067,253,30,2753,506,912.84,85.6,1.0
7068,219,39,2719,438,912.82,82.85,1.0
7069,252,49,2752,504,912.79,86.16,1.0
7070,174,29,2674,348,912.78,72.65,1.0
7071,253,35,2753,506,912.73,85.97,1.0
7072,164,11,2664,328,912.72,120.51,1.0
7073,207,32,2707,414,912.66,84.07,1.0
7074,268,12,2768,536,912.63,140.04,1.0
7075,44,9,2544,88,912.59,79.91,1.0
7076,182,43,2682,364,912.58,80.97,1.0
7077,198,32,2698,396,912.57,75.22,1.0
7078,3,26,2503,6,912.56,64.98,1.0
7079,205,40,2705,410,912.53,78.6,1.0
7080,218,35,2718,436,912.52,78.83,1.0
7081,217,40,2717,434,912.51,75.17,1.0
7082,235,41,2735,470,912.5,83.49,1.0
7083,193,38,2693,386,912.49,87.33,1.0
7084,219,44,2719,438,912.48,78.88,1.0
7085,187,29,2687,374,912.47,74.78,1.0
7086,181,30,2681,362,912.39,83.26,1.0
7087,226,42,2726,452,912.38,84.8,1.0
7088,295,48,2795,590,912.38,97.76,1.0
7089,157,28,2657,314,912.36,79.31,1.0
7090,199,32,2699,398,912.36,75.72,1.0
7091,199,31,2699,398,912.33,81.4,1.0
7092,221,45,2721,442,912.33,77.83,1.0
7093,20,26,2520,40,912.31,64.65,1.0
7094,296,11,2796,592,912.3,127.83,1.0
7095,152,29,2652,304,912.29,70.98,1.0
7096,178,46,2678,356,912.28,91.25,1.0
7097,225,11,2725,450,912.27,128.05,1.0
7098,286,13,2786,572,912.25,149.27,1.0
7099,51,27,2551,102,912.24,62.26,1.0
7100,253,37,2753,506,912.22,82.15,1.0
7101,154,10,2654,308,912.2,118.06,1.0
7102,206,46,2706,412,912.19,79.27,1.0
7103,228,43,2728,456,912.18,85.45,1.0
7104,190,45,2690,380,912.12,73.64,1.0
7105,236,45,2736,472,912.11,79.04,1.0
7106,281,42,2781,562,912.1,87.78,1.0
7107,234,47,2734,468,912.0,94.03,1.0
7108,75,27,2575,150,911.99,65.15,1.0
7109,241,10,2741,482,911.99,122.15,1.0
7110,276,49,2776,552,911.94,96.53,1.0
7111,144,29,2644,288,911.93,69.04,1.0
7112,257,47,2757,514,911.9,84.79,1.0
7113,152,10,2652,304,911.86,101.89,1.0
7114,114,28,2614,228,911.83,73.15,1.0
7115,163,29,2663,326,911.83,77.57,1.0
7116,198,31,2698,396,911.77,81.48,1.0
7117,243,46,2743,486,911.77,80.94,1.0
7118,198,11,2698,396,911.74,113.56,1.0
7119,24,26,2524,48,911.69,66.59,1.0
7120,297,12,2797,594,911.69,128.3,1.0
7121,264,49,2764,528,911.68,86.36,1.0
7122,262,50,2762,524,911.66,87.68,1.0
7123,298,50,2798,596,911.64,95.47,1.0
7124,218,36,2718,436,911.59,90.15,1.0
7125,57,9,2557,114,911.58,79.52,1.0
7126,219,31,2719,438,911.58,92.11,1.0
7127,205,30,2705,410,911.54,76.15,1.0
7128,219,38,2719,438,911.54,84.2,1.0
7129,69,27,2569,138,911.53,68.23,1.0
7130,35,9,2535,70,911.48,81.93,1.0
7131,194,40,2694,388,911.38,87.19,1.0
7132,217,37,2717,434,911.37,77.82,1.0
7133,33,8,2533,66,911.36,82.65,1.0
7134,198,42,2698,396,911.34,79.19,1.0
7135,226,46,2726,452,911.32,87.99,1.0
7136,293,48,2793,586,911.32,101.98,1.0
7137,280,34,2780,560,911.29,90.33,1.0
7138,262,10,2762,524,911.21,128.29,1.0
7139,119,9,2619,238,911.2,100.58,1.0
7140,56,27,2556,112,911.17,67.15,1.0
7141,215,50,2715,430,911.08,82.28,1.0
7142,72,9,2572,144,911.06,97.6,1.0
7143,102,28,2602,204,911.01,66.96,1.0
7144,126,29,2626,252,911.01,76.46,1.0
7145,10,9,2510,20,911.0,77.12,1.0
7146,250,12,2750,500,911.0,135.3,1.0
7147,174,10,2674,348,910.94,117.02,1.0
7148,183,49,2683,366,910.9,70.12,1.0
7149,194,42,2694,388,910.86,85.51,1.0
7150,216,39,2716,432,910.82,83.95,1.0
7151,208,42,2708,416,910.81,81.85,1.0
7152,262,11,2762,524,910.8,127.4,1.0
7153,182,34,2682,364,910.77,83.51,1.0
7154,229,35,2729,458,910.72,88.32,1.0
7155,113,9,2613,226,910.7,98.73,1.0
7156,168,29,2668,336,910.68,75.57,1.0
7157,205,46,2705,410,910.68,80.4,1.0
7158,28,27,2528,56,910.67,68.12,1.0
7159,101,11,2601,202,910.66,98.77,1.0
7160,181,35,2681,362,910.65,71.16,1.0
7161,200,10,2700,400,910.65,115.06,1.0
7162,182,37,2682,364,910.64,88.85,1.0
7163,190,40,2690,380,910.6,74.69,1.0
7164,214,46,2714,428,910.6,82.99,1.0
7165,120,28,2620,240,910.58,73.63,1.0
7166,203,32,2703,406,910.58,83.13,1.0
7167,194,32,2694,388,910.55,80.91,1.0
7168,228,35,2728,456,910.55,80.64,1.0
7169,1,9,2501,2,910.54,73.27,1.0
7170,71,9,2571,142,910.51,101.13,1.0
7171,182,30,2682,364,910.49,82.41,1.0
7172,235,32,2735,470,910.48,81.94,1.0
7173,172,29,2672,344,910.41,77.86,1.0
7174,254,47,2754,508,910.36,91.23,1.0
7175,226,11,2726,452,910.35,113.25,1.0
7176,85,28,2585,170,910.33,71.72,1.0
7177,5,26,2505,10,910.29,64.39,1.0
7178,175,29,2675,350,910.28,75.48,1.0
7179,206,31,2706,412,910.28,83.53,1.0
7180,220,38,2720,440,910.28,79.45,1.0
7181,226,43,2726,452,910.24,79.74,1.0
7182,198,33,2698,396,910.21,78.35,1.0
7183,190,42,2690,380,910.2,76.35,1.0
7184,122,10,2622,244,910.16,108.17,1.0
7185,275,47,2775,550,910.1,90.4,1.0
7186,244,44,2744,488,910.08,77.07,1.0
7187,271,48,2771,542,910.08,90.38,1.0
7188,297,46,2797,594,910.08,98.11,1.0
7189,99,10,2599,198,910.06,103.71,1.0
7190,127,28,2627,254,910.04,71.76,1.0
7191,193,47,2693,386,910.04,89.33,1.0
7192,203,44,2703,406,910.04,83.39,1.0
7193,249,47,2749,498,910.04,88.94,1.0
7194,198,35,2698,396,910.03,74.52,1.0
7195,205,10,2705,410,910.02,114.37,1.0
7196,219,32,2719,438,909.98,88.42,1.0
7197,229,31,2729,458,909.93,89.83,1.0
7198,258,46,2758,516,909.89,93.66,1.0
7199,205,43,2705,410,909.87,81.5,1.0
7200,247,11,2747,494,909.87,129.95,1.0
7201,145,11,2645,290,909.85,98.24,1.0
7202,166,29,2666,332,909.82,76.81,1.0
7203,276,50,2776,552,909.82,92.69,1.0
7204,32,26,2532,64,909.73,63.77,1.0
7205,156,11,2656,312,909.73,99.43,1.0
7206,263,51,2763,526,909.68,86.65,1.0
7207,292,51,2792,584,909.68,95.39,1.0
7208,282,13,2782,564,909.66,123.74,1.0
7209,31,9,2531,62,909.64,84.35,1.0
7210,221,43,2721,442,909.62,75.94,1.0
7211,271,47,2771,542,909.62,82.31,1.0
7212,152,11,2652,304,909.58,106.55,1.0
7213,215,49,2715,430,909.58,82.58,1.0
7214,93,9,2593,186,909.54,97.54,1.0
7215,280,35,2780,560,909.53,88.03,1.0
7216,41,8,2541,82,909.5,82.35,1.0
7217,171,29,2671,342,909.5,79.62,1.0
7218,216,44,2716,432,909.46,76.99,1.0
7219,237,49,2737,474,909.46,85.53,1.0
7220,96,11,2596,192,909.45,94.74,1.0
7221,243,48,2743,486,909.45,85.36,1.0
7222,228,33,2728,456,909.43,84.46,1.0
7223,252,50,2752,504,909.42,86.55,1.0
7224,206,39,2706,412,909.41,80.14,1.0
7225,229,40,2729,458,909.4,84.04,1.0
7226,240,11,2740,480,909.38,123.2,1.0
7227,238,48,2738,476,909.36,84.79,1.0
7228,258,45,2758,516,909.31,87.38,1.0
7229,201,31,2701,402,909.3,78.65,1.0
7230,194,37,2694,388,909.29,76.49,1.0
7231,190,31,2690,380,909.28,73.1,1.0
7232,205,45,2705,410,909.24,85.74,1.0
7233,214,48,2714,428,909.24,77.46,1.0
7234,190,36,2690,380,909.14,69.66,1.0
7235,22,26,2522,44,909.11,59.57,1.0
7236,64,27,2564,128,909.11,69.8,1.0
7237,237,11,2737,474,909.11,124.12,1.0
7238,194,33,2694,388,909.1,80.0,1.0
7239,217,42,2717,434,909.08,76.8,1.0
7240,218,40,2718,436,909.08,84.24,1.0
7241,89,9,2589,178,909.07,95.76,1.0
7242,216,30,2716,432,909.06,77.8,1.0
7243,208,47,2708,416,908.99,77.15,1.0
7244,199,46,2699,398,908.98,74.05,1.0
7245,232,47,2732,464,908.97,93.55,1.0
7246,239,50,2739,478,908.94,94.51,1.0
7247,260,49,2760,520,908.94,86.36,1.0
7248,195,43,2695,390,908.92,83.69,1.0
7249,61,27,2561,122,908.88,69.59,1.0
7250,209,32,2709,418,908.84,84.42,1.0
7251,16,8,2516,32,908.83,72.26,1.0
7252,216,32,2716,432,908.8,74.63,1.0
7253,221,40,2721,442,908.74,81.69,1.0
7254,246,11,2746,492,908.74,123.25,1.0
7255,14,27,2514,28,908.73,72.45,1.0
7256,246,48,2746,492,908.73,88.73,1.0
7257,203,34,2703,406,908.68,85.39,1.0
7258,215,47,2715,430,908.67,83.4,1.0
7259,32,9,2532,64,908.66,80.81,1.0
7260,280,37,2780,560,908.66,86.55,1.0
7261,195,34,2695,390,908.64,80.77,1.0
7262,279,49,2779,558,908.62,88.36,1.0
7263,266,11,2766,532,908.56,130.79,1.0
7264,220,35,2720,440,908.51,83.64,1.0
7265,36,9,2536,72,908.48,79.39,1.0
7266,147,29,2647,294,908.47,76.3,1.0
7267,194,39,2694,388,908.44,82.62,1.0
7268,203,43,2703,406,908.41,87.55,1.0
7269,218,38,2718,436,908.4,86.99,1.0
7270,271,11,2771,542,908.4,122.39,1.0
7271,159,29,2659,318,908.36,85.58,1.0
7272,244,47,2744,488,908.31,82.82,1.0
7273,53,27,2553,106,908.25,64.91,1.0
7274,236,47,2736,472,908.23,81.91,1.0
7275,194,34,2694,388,908.21,83.75,1.0
7276,209,33,2709,418,908.18,87.53,1.0
7277,280,30,2780,560,908.17,88.75,1.0
7278,261,40,2761,522,908.16,91.54,1.0
7279,216,33,2716,432,908.13,80.75,1.0
7280,216,38,2716,432,908.02,73.7,1.0
7281,220,32,2720,440,908.02,75.68,1.0
7282,280,36,2780,560,908.02,86.38,1.0
7283,209,30,2709,418,908.01,94.23,1.0
7284,260,11,2760,520,908.01,139.53,1.0
7285,203,35,2703,406,908.0,86.88,1.0
7286,59,27,2559,118,907.94,67.21,1.0
7287,182,10,2682,364,907.94,123.94,1.0
7288,41,27,2541,82,907.93,62.22,1.0
7289,90,9,2590,180,907.91,97.41,1.0
7290,95,27,2595,190,907.91,79.13,1.0
7291,170,29,2670,340,907.91,81.42,1.0
7292,226,45,2726,452,907.9,80.88,1.0
7293,0,26,2500,0,907.8,61.09,1.0
7294,121,9,2621,242,907.8,95.71,1.0
7295,9,26,2509,18,907.75,62.49,1.0
7296,204,37,2704,408,907.75,82.58,1.0
7297,218,44,2718,436,907.75,85.54,1.0
7298,72,27,2572,144,907.71,71.29,1.0
7299,78,10,2578,156,907.7,93.01,1.0
7300,221,38,2721,442,907.7,79.7,1.0
7301,73,9,2573,146,907.69,93.62,1.0
7302,213,11,2713,426,907.67,125.49,1.0
7303,240,45,2740,480,907.67,88.36,1.0
7304,245,47,2745,490,907.67,88.68,1.0
7305,153,10,2653,306,907.66,116.97,1.0
7306,130,28,2630,260,907.64,77.96,1.0
7307,86,9,2586,172,907.62,96.18,1.0
7308,281,37,2781,562,907.58,81.27,1.0
7309,277,11,2777,554,907.58,135.89,1.0
7310,214,10,2714,428,907.57,122.1,1.0
7311,258,11,2758,516,907.51,130.23,1.0
7312,218,43,2718,436,907.5,93.12,1.0
7313,244,37,2744,488,907.47,84.32,1.0
7314,193,46,2693,386,907.44,84.74,1.0
7315,231,47,2731,462,907.44,88.53,1.0
7316,79,9,2579,158,907.41,103.41,1.0
7317,52,26,2552,104,907.4,65.88,1.0
7318,119,29,2619,238,907.4,70.38,1.0
7319,221,37,2721,442,907.39,80.08,1.0
7320,73,27,2573,146,907.32,62.08,1.0
7321,92,9,2592,184,907.31,101.75,1.0
7322,239,10,2739,478,907.28,129.59,1.0
7323,277,51,2777,554,907.28,82.74,1.0
7324,31,8,2531,62,907.27,83.17,1.0
7325,107,9,2607,214,907.24,104.18,1.0
7326,203,41,2703,406,907.24,75.26,1.0
7327,270,12,2770,540,907.2,130.84,1.0
7328,219,40,2719,438,907.18,87.79,1.0
7329,195,36,2695,390,907.16,79.04,1.0
7330,241,48,2741,482,907.15,86.23,1.0
7331,266,12,2766,532,907.14,135.61,1.0
7332,217,45,2717,434,907.1,74.58,1.0
7333,253,46,2753,506,907.1,76.97,1.0
7334,204,10,2704,408,907.08,126.73,1.0
7335,286,48,2786,572,907.0,98.46,1.0
7336,134,10,2634,268,906.94,104.0,1.0
7337,241,47,2741,482,906.94,89.81,1.0
7338,273,49,2773,546,906.93,86.96,1.0
7339,190,44,2690,380,906.92,80.31,1.0
7340,201,37,2701,402,906.9,82.45,1.0
7341,198,30,2698,396,906.89,77.89,1.0
7342,196,31,2696,392,906.88,84.26,1.0
7343,281,41,2781,562,906.88,88.25,1.0
7344,177,44,2677,354,906.87,70.64,1.0
7345,245,48,2745,490,906.81,88.24,1.0
7346,237,51,2737,474,906.74,90.44,1.0
7347,253,45,2753,506,906.73,84.87,1.0
7348,205,37,2705,410,906.72,80.54,1.0
7349,269,47,2769,538,906.72,92.58,1.0
7350,278,49,2778,556,906.67,88.09,1.0
7351,219,36,2719,438,906.66,80.4,1.0
7352,182,38,2682,364,906.65,80.04,1.0
7353,196,11,2696,392,906.65,113.21,1.0
7354,230,41,2730,460,906.65,85.83,1.0
7355,229,43,2729,458,906.62,96.2,1.0
7356,194,44,2694,388,906.56,83.47,1.0
7357,221,30,2721,442,906.54,77.24,1.0
7358,178,38,2678,356,906.53,85.6,1.0
7359,148,43,2648,296,906.42,69.82,1.0
7360,208,48,2708,416,906.42,87.57,1.0
7361,229,42,2729,458,906.42,83.17,1.0
7362,218,11,2718,436,906.41,124.86,1.0
7363,254,11,2754,508,906.4,139.45,1.0
7364,299,52,2799,598,906.38,98.64,1.0
7365,7,8,2507,14,906.34,88.55,1.0
7366,220,42,2720,440,906.34,77.92,1.0
7367,64,9,2564,128,906.32,91.86,1.0
7368,282,47,2782,564,906.3,91.89,1.0
7369,202,37,2702,404,906.26,83.48,1.0
7370,247,47,2747,494,906.26,86.07,1.0
7371,153,29,2653,306,906.22,79.92,1.0
7372,221,33,2721,442,906.2,81.89,1.0
7373,46,27,2546,92,906.18,69.46,1.0
7374,231,48,2731,462,906.18,77.03,1.0
7375,216,31,2716,432,906.17,78.93,1.0
7376,278,51,2778,556,906.13,90.33,1.0
7377,106,9,2606,212,906.1,108.37,1.0
7378,219,42,2719,438,906.1,89.69,1.0
7379,180,31,2680,360,906.08,69.29,1.0
7380,179,30,2679,358,906.07,79.76,1.0
7381,210,30,2710,420,906.03,77.35,1.0
7382,219,35,2719,438,905.98,82.19,1.0
7383,181,41,2681,362,905.96,73.04,1.0
7384,203,38,2703,406,905.93,85.19,1.0
7385,212,29,2712,424,905.92,99.6,1.0
7386,280,39,2780,560,905.91,85.48,1.0
7387,280,42,2780,560,905.89,92.27,1.0
7388,202,43,2702,404,905.86,75.81,1.0
7389,184,39,2684,368,905.85,76.26,1.0
7390,250,49,2750,500,905.82,84.86,1.0
7391,250,50,2750,500,905.81,88.07,1.0
7392,200,47,2700,400,905.79,83.01,1.0
7393,217,34,2717,434,905.79,80.51,1.0
7394,276,47,2776,552,905.78,93.49,1.0
7395,195,33,2695,390,905.77,79.68,1.0
7396,221,36,2721,442,905.74,82.21,1.0
7397,180,32,2680,360,905.69,79.45,1.0
7398,280,40,2780,560,905.69,88.02,1.0
7399,231,49,2731,462,905.63,82.15,1.0
7400,220,37,2720,440,905.62,82.44,1.0
7401,271,49,2771,542,905.62,94.57,1.0
7402,219,33,2719,438,905.59,90.56,1.0
7403,103,28,2603,206,905.58,76.05,1.0
7404,225,37,2725,450,905.58,84.21,1.0
7405,52,10,2552,104,905.52,91.78,1.0
7406,209,31,2709,418,905.52,80.35,1.0
7407,101,28,2601,202,905.51,79.56,1.0
7408,225,44,2725,450,905.45,88.51,1.0
7409,42,27,2542,84,905.43,69.35,1.0
7410,240,48,2740,480,905.41,83.06,1.0
7411,223,46,2723,446,905.38,79.02,1.0
7412,180,37,2680,360,905.37,74.6,1.0
7413,280,44,2780,560,905.35,87.87,1.0
7414,195,32,2695,390,905.34,77.7,1.0
7415,196,37,2696,392,905.34,82.75,1.0
7416,180,30,2680,360,905.31,82.91,1.0
7417,249,48,2749,498,905.29,90.4,1.0
7418,287,53,2787,574,905.28,97.31,1.0
7419,173,10,2673,346,905.25,111.81,1.0
7420,210,36,2710,420,905.24,78.27,1.0
7421,244,32,2744,488,905.24,85.4,1.0
7422,261,46,2761,522,905.21,81.32,1.0
7423,280,32,2780,560,905.19,85.78,1.0
7424,99,28,2599,198,905.18,71.48,1.0
7425,179,44,2679,358,905.18,78.06,1.0
7426,112,9,2612,224,905.17,96.05,1.0
7427,11,9,2511,22,905.16,75.38,1.0
7428,222,48,2722,444,905.14,84.28,1.0
7429,273,48,2773,546,905.13,85.0,1.0
7430,6,26,2506,12,905.11,58.44,1.0
7431,123,28,2623,246,905.1,76.49,1.0
7432,75,10,2575,150,905.09,94.69,1.0
7433,293,12,2793,586,905.09,136.65,1.0
7434,272,12,2772,544,905.08,126.57,1.0
7435,230,35,2730,460,905.05,89.05,1.0
7436,290,52,2790,580,905.02,106.32,1.0
7437,229,12,2729,458,904.99,125.82,1.0
7438,150,29,2650,300,904.96,77.1,1.0
7439,228,39,2728,456,904.96,84.66,1.0
7440,228,40,2728,456,904.96,89.74,1.0
7441,210,32,2710,420,904.93,79.15,1.0
7442,7,26,2507,14,904.84,64.38,1.0
7443,226,47,2726,452,904.81,88.46,1.0
7444,216,34,2716,432,904.79,79.47,1.0
7445,195,41,2695,390,904.7,79.3,1.0
7446,195,10,2695,390,904.65,114.48,1.0
7447,194,30,2694,388,904.61,82.52,1.0
7448,199,47,2699,398,904.61,83.72,1.0
7449,272,49,2772,544,904.6,93.51,1.0
7450,220,34,2720,440,904.59,85.96,1.0
7451,182,45,2682,364,904.58,80.68,1.0
7452,291,50,2791,582,904.55,105.48,1.0
7453,221,35,2721,442,904.54,71.65,1.0
7454,247,48,2747,494,904.5,81.31,1.0
7455,198,43,2698,396,904.49,77.73,1.0
7456,195,30,2695,390,904.48,82.49,1.0
7457,228,34,2728,456,904.46,86.85,1.0
7458,245,11,2745,490,904.46,127.82,1.0
7459,185,29,2685,370,904.45,87.62,1.0
7460,246,49,2746,492,904.45,85.5,1.0
7461,195,37,2695,390,904.44,74.75,1.0
7462,280,43,2780,560,904.44,91.45,1.0
7463,18,8,2518,36,904.42,80.31,1.0
7464,219,37,2719,438,904.41,93.05,1.0
7465,47,8,2547,94,904.4,84.16,1.0
7466,206,10,2706,412,904.39,118.2,1.0
7467,235,46,2735,470,904.36,82.17,1.0
7468,181,40,2681,362,904.32,79.28,1.0
7469,105,10,2605,210,904.3,105.27,1.0
7470,10,26,2510,20,904.28,66.72,1.0
7471,177,33,2677,354,904.28,76.31,1.0
7472,194,31,2694,388,904.28,88.03,1.0
7473,227,49,2727,454,904.28,87.63,1.0
7474,83,9,2583,166,904.26,94.85,1.0
7475,274,47,2774,548,904.22,89.29,1.0
7476,197,44,2697,394,904.2,79.48,1.0
7477,195,44,2695,390,904.17,77.59,1.0
7478,124,10,2624,248,904.14,108.68,1.0
7479,296,50,2796,592,904.11,101.34,1.0
7480,266,47,2766,532,904.09,85.22,1.0
7481,187,36,2687,374,904.03,87.46,1.0
7482,280,14,2780,560,903.99,138.78,1.0
7483,204,47,2704,408,903.94,78.54,1.0
7484,179,33,2679,358,903.88,76.95,1.0
7485,87,10,2587,174,903.84,98.97,1.0
7486,280,38,2780,560,903.84,89.51,1.0
7487,208,46,2708,416,903.82,84.14,1.0
7488,58,9,2558,116,903.72,88.74,1.0
7489,105,28,2605,210,903.68,71.59,1.0
7490,186,29,2686,372,903.68,83.76,1.0
7491,180,41,2680,360,903.67,78.17,1.0
7492,190,30,2690,380,903.64,76.03,1.0
7493,201,43,2701,402,903.59,85.23,1.0
7494,296,49,2796,592,903.59,103.32,1.0
7495,295,49,2795,590,903.58,94.75,1.0
7496,131,28,2631,262,903.5,77.41,1.0
7497,191,11,2691,382,903.48,110.12,1.0
7498,210,34,2710,420,903.48,75.69,1.0
7499,24,8,2524,48,903.43,76.38,1.0
7500,181,42,2681,362,903.43,78.92,1.0
7501,285,51,2785,570,903.42,98.45,1.0
7502,177,41,2677,354,903.37,73.26,1.0
7503,165,42,2665,330,903.34,90.87,1.0
7504,232,48,2732,464,903.34,80.07,1.0
7505,181,39,2681,362,903.31,73.19,1.0
7506,216,40,2716,432,903.31,78.31,1.0
7507,229,30,2729,458,903.3,82.27,1.0
7508,180,39,2680,360,903.28,72.06,1.0
7509,179,34,2679,358,903.26,76.26,1.0
7510,55,27,2555,110,903.24,66.23,1.0
7511,111,9,2611,222,903.24,104.53,1.0
7512,280,45,2780,560,903.18,86.42,1.0
7513,112,28,2612,224,903.13,73.18,1.0
7514,186,12,2686,372,903.07,111.65,1.0
7515,191,30,2691,382,903.06,74.49,1.0
7516,168,10,2668,336,903.05,115.68,1.0
7517,111,28,2611,222,903.04,73.11,1.0
7518,210,12,2710,420,903.01,117.39,1.0
7519,197,34,2697,394,903.0,78.94,1.0
7520,229,39,2729,458,903.0,88.34,1.0
7521,279,11,2779,558,903.0,135.67,1.0
7522,26,8,2526,52,902.99,84.38,1.0
7523,190,35,2690,380,902.98,72.38,1.0
7524,207,43,2707,414,902.98,79.7,1.0
7525,203,30,2703,406,902.95,88.87,1.0
7526,195,38,2695,390,902.92,78.36,1.0
7527,151,10,2651,302,902.86,111.65,1.0
7528,207,44,2707,414,902.86,77.75,1.0
7529,146,29,2646,292,902.81,72.94,1.0
7530,164,29,2664,328,902.78,74.35,1.0
7531,194,45,2694,388,902.77,84.47,1.0
7532,198,36,2698,396,902.77,71.41,1.0
7533,181,37,2681,362,902.73,78.31,1.0
7534,78,27,2578,156,902.69,77.57,1.0
7535,165,10,2665,330,902.69,121.71,1.0
7536,167,10,2667,334,902.69,110.54,1.0
7537,217,47,2717,434,902.68,80.88,1.0
7538,249,11,2749,498,902.62,119.0,1.0
7539,288,50,2788,576,902.57,85.54,1.0
7540,293,49,2793,586,902.5,91.55,1.0
7541,100,28,2600,200,902.49,66.55,1.0
7542,181,10,2681,362,902.49,116.95,1.0
7543,4,8,2504,8,902.46,75.14,1.0
7544,118,29,2618,236,902.46,65.93,1.0
7545,259,48,2759,518,902.46,85.98,1.0
7546,207,37,2707,414,902.44,81.65,1.0
7547,126,9,2626,252,902.4,101.0,1.0
7548,255,49,2755,510,902.38,84.67,1.0
7549,212,11,2712,424,902.36,132.56,1.0
7550,202,10,2702,404,902.32,111.08,1.0
7551,222,49,2722,444,902.23,85.98,1.0
7552,281,45,2781,562,902.23,91.96,1.0
7553,30,8,2530,60,902.21,80.76,1.0
7554,230,34,2730,460,902.19,101.11,1.0
7555,203,42,2703,406,902.18,80.93,1.0
7556,265,50,2765,530,902.16,91.28,1.0
7557,203,31,2703,406,902.13,84.25,1.0
7558,201,30,2701,402,902.11,81.19,1.0
7559,216,36,2716,432,902.11,76.53,1.0
7560,233,11,2733,466,902.1,124.7,1.0
7561,108,28,2608,216,902.08,66.31,1.0
7562,136,29,2636,272,902.05,72.49,1.0
7563,251,48,2751,502,902.03,83.73,1.0
7564,166,11,2666,332,901.95,110.4,1.0
7565,240,47,2740,480,901.95,85.91,1.0
7566,201,39,2701,402,901.93,81.32,1.0
7567,230,33,2730,460,901.91,86.2,1.0
7568,173,38,2673,346,901.9,77.73,1.0
7569,216,42,2716,432,901.89,74.33,1.0
7570,27,10,2527,54,901.88,71.56,1.0
7571,208,10,2708,416,901.82,122.05,1.0
7572,173,30,2673,346,901.79,71.44,1.0
7573,188,29,2688,376,901.79,80.91,1.0
7574,213,44,2713,426,901.78,82.74,1.0
7575,218,45,2718,436,901.74,84.87,1.0
7576,209,34,2709,418,901.73,88.3,1.0
7577,213,41,2713,426,901.71,87.9,1.0
7578,295,50,2795,590,901.71,98.66,1.0
7579,201,32,2701,402,901.69,80.07,1.0
7580,181,31,2681,362,901.66,80.58,1.0
7581,225,38,2725,450,901.63,90.11,1.0
7582,173,42,2673,346,901.62,81.54,1.0
7583,202,38,2702,404,901.61,86.91,1.0
7584,23,8,2523,46,901.56,78.55,1.0
7585,217,48,2717,434,901.54,80.66,1.0
7586,220,44,2720,440,901.5,80.66,1.0
7587,196,42,2696,392,901.48,82.69,1.0
7588,210,35,2710,420,901.48,82.35,1.0
7589,179,43,2679,358,901.47,82.57,1.0
7590,287,52,2787,574,901.46,97.0,1.0
7591,196,38,2696,392,901.44,77.79,1.0
7592,283,50,2783,566,901.44,96.19,1.0
7593,156,29,2656,312,901.42,75.84,1.0
7594,179,32,2679,358,901.39,78.16,1.0
7595,93,28,2593,186,901.36,69.17,1.0
7596,273,11,2773,546,901.32,129.2,1.0
7597,48,10,2548,96,901.28,88.72,1.0
7598,179,35,2679,358,901.26,77.64,1.0
7599,292,11,2792,584,901.24,129.49,1.0
7600,181,44,2681,362,901.2,81.83,1.0
7601,225,36,2725,450,901.19,85.04,1.0
7602,201,10,2701,402,901.18,123.2,1.0
7603,201,40,2701,402,901.16,88.45,1.0
7604,234,49,2734,468,901.16,91.38,1.0
7605,12,8,2512,24,901.13,70.16,1.0
7606,53,9,2553,106,901.09,93.35,1.0
7607,180,44,2680,360,901.0,81.59,1.0
7608,196,33,2696,392,901.0,84.39,1.0
7609,173,36,2673,346,900.99,72.23,1.0
7610,206,47,2706,412,900.99,85.44,1.0
7611,195,35,2695,390,900.98,80.32,1.0
7612,221,34,2721,442,900.95,86.74,1.0
7613,177,40,2677,354,900.93,68.47,1.0
7614,229,44,2729,458,900.93,97.13,1.0
7615,267,49,2767,534,900.93,86.34,1.0
7616,297,47,2797,594,900.92,96.66,1.0
7617,19,27,2519,38,900.9,61.59,1.0
7618,248,49,2748,496,900.89,86.18,1.0
7619,218,30,2718,436,900.84,87.63,1.0
7620,230,40,2730,460,900.84,89.2,1.0
7621,229,11,2729,458,900.8,130.83,1.0
7622,195,40,2695,390,900.76,80.66,1.0
7623,76,28,2576,152,900.7,69.44,1.0
7624,216,46,2716,432,900.67,80.01,1.0
7625,6,8,2506,12,900.66,70.02,1.0
7626,181,43,2681,362,900.65,77.09,1.0
7627,180,43,2680,360,900.6,75.1,1.0
7628,189,42,2689,378,900.56,82.05,1.0
7629,181,33,2681,362,900.54,72.43,1.0
7630,280,41,2780,560,900.53,91.58,1.0
7631,15,8,2515,30,900.5,76.7,1.0
7632,84,8,2584,168,900.43,97.8,1.0
7633,173,32,2673,346,900.39,73.62,1.0
7634,180,35,2680,360,900.38,74.4,1.0
7635,201,38,2701,402,900.38,86.22,1.0
7636,177,37,2677,354,900.35,76.04,1.0
7637,214,49,2714,428,900.35,78.91,1.0
7638,215,48,2715,430,900.34,75.77,1.0
7639,200,49,2700,400,900.33,74.74,1.0
7640,262,51,2762,524,900.33,87.3,1.0
7641,170,37,2670,340,900.32,73.61,1.0
7642,209,44,2709,418,900.32,90.15,1.0
7643,213,38,2713,426,900.32,82.98,1.0
7644,197,40,2697,394,900.26,73.11,1.0
7645,229,34,2729,458,900.24,84.22,1.0
7646,220,43,2720,440,900.22,84.04,1.0
7647,163,10,2663,326,900.2,115.0,1.0
7648,213,31,2713,426,900.19,94.26,1.0
7649,9,8,2509,18,900.18,72.95,1.0
7650,11,26,2511,22,900.15,59.26,1.0
7651,244,46,2744,488,900.13,86.69,1.0
7652,120,10,2620,240,900.12,106.39,1.0
7653,13,26,2513,26,900.09,63.26,1.0
7654,217,46,2717,434,900.08,86.5,1.0
7655,204,46,2704,408,900.05,81.99,1.0
7656,218,34,2718,436,900.05,91.82,1.0
7657,181,34,2681,362,900.04,73.08,1.0
7658,201,34,2701,402,899.97,80.98,1.0
7659,88,28,2588,176,899.96,73.3,1.0
7660,196,35,2696,392,899.94,83.74,1.0
7661,91,28,2591,182,899.93,72.01,1.0
7662,141,29,2641,282,899.92,71.89,1.0
7663,230,11,2730,460,899.92,126.67,1.0
7664,240,46,2740,480,899.89,84.76,1.0
7665,180,38,2680,360,899.88,78.99,1.0
7666,218,32,2718,436,899.86,93.38,1.0
7667,179,31,2679,358,899.84,76.77,1.0
7668,173,39,2673,346,899.82,73.81,1.0
7669,201,35,2701,402,899.81,83.96,1.0
7670,178,47,2678,356,899.8,87.38,1.0
7671,14,8,2514,28,899.78,78.54,1.0
7672,172,9,2672,344,899.77,114.63,1.0
7673,195,39,2695,390,899.77,80.57,1.0
7674,219,46,2719,438,899.77,87.31,1.0
7675,260,50,2760,520,899.76,85.25,1.0
7676,281,47,2781,562,899.75,89.93,1.0
7677,225,39,2725,450,899.74,81.65,1.0
7678,201,44,2701,402,899.73,90.83,1.0
7679,285,52,2785,570,899.72,97.93,1.0
7680,167,43,2667,334,899.7,79.97,1.0
7681,177,30,2677,354,899.67,75.96,1.0
7682,207,40,2707,414,899.67,74.45,1.0
7683,270,48,2770,540,899.66,94.74,1.0
7684,288,51,2788,576,899.65,89.88,1.0
7685,290,53,2790,580,899.65,98.74,1.0
7686,232,49,2732,464,899.56,95.02,1.0
7687,220,39,2720,440,899.53,81.8,1.0
7688,257,48,2757,514,899.5,90.47,1.0
7689,268,47,2768,536,899.5,95.92,1.0
7690,167,40,2667,334,899.49,66.34,1.0
7691,174,34,2674,348,899.39,77.96,1.0
7692,268,46,2768,536,899.38,93.45,1.0
7693,192,30,2692,384,899.37,80.12,1.0
7694,230,36,2730,460,899.37,88.37,1.0
7695,141,9,2641,282,899.36,109.07,1.0
7696,63,27,2563,126,899.33,77.67,1.0
7697,173,44,2673,346,899.33,75.01,1.0
7698,253,11,2753,506,899.32,126.26,1.0
7699,228,45,2728,456,899.3,90.24,1.0
7700,177,31,2677,354,899.28,73.48,1.0
7701,183,9,2683,366,899.28,119.79,1.0
7702,177,39,2677,354,899.27,70.2,1.0
7703,284,50,2784,568,899.24,97.72,1.0
7704,207,33,2707,414,899.22,75.71,1.0
7705,220,36,2720,440,899.22,87.52,1.0
7706,146,9,2646,292,899.21,104.04,1.0
7707,273,50,2773,546,899.16,93.92,1.0
7708,125,29,2625,250,899.12,70.37,1.0
7709,207,36,2707,414,899.09,81.59,1.0
7710,256,52,2756,512,899.09,96.66,1.0
7711,191,32,2691,382,899.06,73.98,1.0
7712,213,42,2713,426,899.03,85.16,1.0
7713,148,41,2648,296,898.96,71.33,1.0
7714,236,11,2736,472,898.95,117.7,1.0
7715,155,10,2655,310,898.94,113.46,1.0
7716,176,10,2676,352,898.94,113.33,1.0
7717,197,42,2697,394,898.93,76.49,1.0
7718,220,40,2720,440,898.92,83.08,1.0
7719,177,35,2677,354,898.89,77.64,1.0
7720,198,45,2698,396,898.88,75.44,1.0
7721,223,47,2723,446,898.85,85.17,1.0
7722,192,36,2692,384,898.84,80.52,1.0
7723,224,50,2724,448,898.82,87.22,1.0
7724,209,45,2709,418,898.79,88.74,1.0
7725,96,28,2596,192,898.78,69.72,1.0
7726,216,35,2716,432,898.73,78.31,1.0
7727,57,27,2557,114,898.7,72.79,1.0
7728,70,9,2570,140,898.7,90.92,1.0
7729,148,37,2648,296,898.69,71.49,1.0
7730,220,30,2720,440,898.69,85.88,1.0
7731,202,44,2702,404,898.68,84.39,1.0
7732,43,27,2543,86,898.63,70.73,1.0
7733,196,34,2696,392,898.62,88.45,1.0
7734,209,37,2709,418,898.62,84.95,1.0
7735,291,52,2791,582,898.56,100.85,1.0
7736,197,30,2697,394,898.54,69.29,1.0
7737,210,43,2710,420,898.54,73.57,1.0
7738,210,42,2710,420,898.49,79.21,1.0
7739,69,9,2569,138,898.48,90.99,1.0
7740,189,38,2689,378,898.48,79.05,1.0
7741,88,8,2588,176,898.46,97.43,1.0
7742,203,37,2703,406,898.46,86.64,1.0
7743,173,34,2673,346,898.44,77.42,1.0
7744,213,37,2713,426,898.44,94.63,1.0
7745,91,9,2591,182,898.41,98.92,1.0
7746,221,47,2721,442,898.4,72.2,1.0
7747,133,10,2633,266,898.36,101.3,1.0
7748,192,31,2692,384,898.35,72.96,1.0
7749,196,39,2696,392,898.34,77.12,1.0
7750,229,38,2729,458,898.34,91.2,1.0
7751,250,51,2750,500,898.34,91.93,1.0
7752,148,36,2648,296,898.31,77.49,1.0
7753,25,8,2525,50,898.3,84.03,1.0
7754,243,11,2743,486,898.27,134.64,1.0
7755,203,45,2703,406,898.15,80.5,1.0
7756,242,11,2742,484,898.1,132.58,1.0
7757,82,9,2582,164,898.06,100.8,1.0
7758,184,43,2684,368,898.06,74.67,1.0
7759,218,37,2718,436,898.03,87.38,1.0
7760,225,35,2725,450,897.98,82.77,1.0
7761,200,48,2700,400,897.96,78.67,1.0
7762,129,9,2629,258,897.94,101.76,1.0
7763,202,31,2702,404,897.89,81.2,1.0
7764,122,28,2622,244,897.88,82.88,1.0
7765,163,43,2663,326,897.88,76.46,1.0
7766,276,10,2776,552,897.88,130.88,1.0
7767,184,45,2684,368,897.83,81.04,1.0
7768,63,9,2563,126,897.78,97.76,1.0
7769,209,43,2709,418,897.78,87.73,1.0
7770,281,12,2781,562,897.78,137.73,1.0
7771,210,39,2710,420,897.77,75.51,1.0
7772,201,36,2701,402,897.73,80.1,1.0
7773,218,42,2718,436,897.72,88.17,1.0
7774,134,28,2634,268,897.69,71.8,1.0
7775,233,48,2733,466,897.69,90.25,1.0
7776,191,44,2691,382,897.68,77.78,1.0
7777,291,11,2791,582,897.68,143.78,1.0
7778,140,9,2640,280,897.64,111.25,1.0
7779,180,42,2680,360,897.63,80.02,1.0
7780,106,28,2606,212,897.6,76.37,1.0
7781,205,47,2705,410,897.58,81.68,1.0
7782,187,34,2687,374,897.56,78.6,1.0
7783,158,9,2658,316,897.49,123.23,1.0
7784,45,26,2545,90,897.48,69.78,1.0
7785,170,38,2670,340,897.46,77.83,1.0
7786,243,49,2743,486,897.45,87.67,1.0
7787,298,52,2798,596,897.45,96.62,1.0
7788,210,38,2710,420,897.44,79.49,1.0
7789,173,43,2673,346,897.43,71.71,1.0
7790,191,40,2691,382,897.4,77.06,1.0
7791,244,11,2744,488,897.39,131.85,1.0
7792,218,31,2718,436,897.38,86.11,1.0
7793,220,45,2720,440,897.38,83.78,1.0
7794,173,41,2673,346,897.36,72.21,1.0
7795,248,10,2748,496,897.36,135.81,1.0
7796,189,33,2689,378,897.34,81.85,1.0
7797,210,44,2710,420,897.34,77.01,1.0
7798,0,8,2500,0,897.3,75.6,1.0
7799,266,48,2766,532,897.29,90.65,1.0
7800,177,36,2677,354,897.28,73.35,1.0
7801,221,11,2721,442,897.28,123.11,1.0
7802,60,28,2560,120,897.26,71.33,1.0
7803,192,42,2692,384,897.25,80.95,1.0
7804,258,47,2758,516,897.25,94.45,1.0
7805,148,31,2648,296,897.22,76.73,1.0
7806,203,33,2703,406,897.22,85.67,1.0
7807,218,41,2718,436,897.22,86.04,1.0
7808,213,33,2713,426,897.2,81.98,1.0
7809,268,48,2768,536,897.14,95.78,1.0
7810,196,44,2696,392,897.11,90.84,1.0
7811,253,47,2753,506,897.03,84.21,1.0
7812,191,35,2691,382,897.01,70.26,1.0
7813,181,38,2681,362,896.98,77.69,1.0
7814,209,40,2709,418,896.98,82.0,1.0
7815,104,9,2604,208,896.96,105.32,1.0
7816,192,40,2692,384,896.94,80.61,1.0
7817,187,37,2687,374,896.93,84.29,1.0
7818,198,46,2698,396,896.92,79.28,1.0
7819,85,8,2585,170,896.91,108.36,1.0
7820,246,10,2746,492,896.91,141.24,1.0
7821,216,45,2716,432,896.89,72.67,1.0
7822,179,38,2679,358,896.88,74.51,1.0
7823,19,8,2519,38,896.86,89.39,1.0
7824,201,42,2701,402,896.86,82.49,1.0
7825,180,46,2680,360,896.85,73.94,1.0
7826,210,31,2710,420,896.84,79.04,1.0
7827,139,29,2639,278,896.83,78.56,1.0
7828,192,34,2692,384,896.82,77.42,1.0
7829,209,36,2709,418,896.77,87.65,1.0
7830,210,45,2710,420,896.77,85.05,1.0
7831,230,32,2730,460,896.77,87.85,1.0
7832,165,32,2665,330,896.76,89.55,1.0
7833,167,38,2667,334,896.74,77.64,1.0
7834,264,50,2764,528,896.73,87.31,1.0
7835,230,43,2730,460,896.72,90.11,1.0
7836,252,51,2752,504,896.72,92.14,1.0
7837,220,11,2720,440,896.69,124.91,1.0
7838,22,8,2522,44,896.67,74.08,1.0
7839,229,37,2729,458,896.67,91.03,1.0
7840,38,27,2538,76,896.66,65.88,1.0
7841,211,48,2711,422,896.64,89.3,1.0
7842,228,46,2728,456,896.62,89.13,1.0
7843,224,49,2724,448,896.53,85.61,1.0
7844,223,49,2723,446,896.5,81.86,1.0
7845,261,12,2761,522,896.49,132.94,1.0
7846,252,10,2752,504,896.48,124.0,1.0
7847,177,32,2677,354,896.47,83.91,1.0
7848,80,28,2580,160,896.42,72.8,1.0
7849,207,35,2707,414,896.4,73.55,1.0
7850,144,9,2644,288,896.39,108.89,1.0
7851,148,32,2648,296,896.36,75.0,1.0
7852,189,43,2689,378,896.36,84.32,1.0
7853,136,10,2636,272,896.34,106.1,1.0
7854,225,31,2725,450,896.32,87.6,1.0
7855,174,39,2674,348,896.29,70.97,1.0
7856,294,11,2794,588,896.24,126.42,1.0
7857,191,33,2691,382,896.23,77.38,1.0
7858,34,8,2534,68,896.22,89.18,1.0
7859,154,29,2654,308,896.2,71.79,1.0
7860,235,47,2735,470,896.2,82.9,1.0
7861,67,28,2567,134,896.19,70.65,1.0
7862,229,41,2729,458,896.18,89.57,1.0
7863,197,35,2697,394,896.17,78.6,1.0
7864,179,41,2679,358,896.15,77.97,1.0
7865,92,28,2592,184,896.12,67.76,1.0
7866,267,11,2767,534,896.09,130.83,1.0
7867,151,29,2651,302,896.08,83.42,1.0
7868,227,11,2727,454,896.07,136.26,1.0
7869,83,28,2583,166,896.01,79.37,1.0
7870,207,10,2707,414,896.0,135.3,1.0
7871,283,51,2783,566,896.0,95.87,1.0
7872,286,50,2786,572,896.0,87.94,1.0
7873,66,27,2566,132,895.98,65.42,1.0
7874,148,35,2648,296,895.96,69.43,1.0
7875,182,47,2682,364,895.93,81.57,1.0
7876,207,41,2707,414,895.92,76.93,1.0
7877,194,46,2694,388,895.88,85.75,1.0
7878,265,51,2765,530,895.87,95.1,1.0
7879,180,36,2680,360,895.86,76.55,1.0
7880,202,33,2702,404,895.76,75.37,1.0
7881,210,33,2710,420,895.76,77.65,1.0
7882,39,27,2539,78,895.7,69.64,1.0
7883,50,27,2550,100,895.7,68.16,1.0
7884,249,49,2749,498,895.7,91.68,1.0
7885,180,9,2680,360,895.68,117.85,1.0
7886,189,34,2689,378,895.68,84.9,1.0
7887,225,34,2725,450,895.68,89.53,1.0
7888,177,34,2677,354,895.67,74.6,1.0
7889,210,41,2710,420,895.65,80.77,1.0
7890,80,8,2580,160,895.64,97.05,1.0
7891,270,49,2770,540,895.64,93.56,1.0
7892,71,28,2571,142,895.63,70.02,1.0
7893,189,35,2689,378,895.62,78.11,1.0
7894,255,50,2755,510,895.62,91.73,1.0
7895,197,36,2697,394,895.61,81.29,1.0
7896,261,47,2761,522,895.61,81.09,1.0
7897,26,27,2526,52,895.58,66.48,1.0
7898,45,9,2545,90,895.56,81.17,1.0
7899,51,8,2551,102,895.54,82.19,1.0
7900,187,40,2687,374,895.51,80.63,1.0
7901,177,38,2677,354,895.49,71.71,1.0
7902,223,48,2723,446,895.49,83.78,1.0
7903,145,10,2645,290,895.48,120.81,1.0
7904,177,43,2677,354,895.48,80.07,1.0
7905,207,34,2707,414,895.46,75.26,1.0
7906,179,40,2679,358,895.42,77.73,1.0
7907,217,49,2717,434,895.4,75.9,1.0
7908,218,39,2718,436,895.4,89.02,1.0
7909,259,49,2759,518,895.39,84.73,1.0
7910,178,48,2678,356,895.35,78.9,1.0
7911,191,42,2691,382,895.35,85.19,1.0
7912,256,10,2756,512,895.26,137.61,1.0
7913,44,27,2544,88,895.2,59.97,1.0
7914,165,37,2665,330,895.2,80.0,1.0
7915,189,36,2689,378,895.2,79.34,1.0
7916,279,50,2779,558,895.18,93.91,1.0
7917,209,41,2709,418,895.16,85.63,1.0
7918,148,44,2648,296,895.11,70.7,1.0
7919,282,48,2782,564,895.1,93.53,1.0
7920,202,41,2702,404,895.08,85.0,1.0
7921,197,38,2697,394,895.03,75.41,1.0
7922,248,48,2748,496,895.03,87.48,1.0
7923,167,42,2667,334,895.0,68.66,1.0
7924,218,46,2718,436,895.0,89.03,1.0
7925,184,44,2684,368,894.96,76.96,1.0
7926,127,9,2627,254,894.94,98.14,1.0
7927,167,34,2667,334,894.93,73.67,1.0
7928,218,33,2718,436,894.93,88.16,1.0
7929,94,9,2594,188,894.92,108.01,1.0
7930,190,46,2690,380,894.91,77.82,1.0
7931,230,38,2730,460,894.91,89.94,1.0
7932,135,29,2635,270,894.88,78.46,1.0
7933,202,30,2702,404,894.88,78.1,1.0
7934,258,48,2758,516,894.84,97.02,1.0
7935,245,49,2745,490,894.84,91.52,1.0
7936,263,53,2763,526,894.84,92.08,1.0
7937,113,29,2613,226,894.82,75.36,1.0
7938,177,42,2677,354,894.78,78.32,1.0
7939,225,42,2725,450,894.78,85.97,1.0
7940,94,28,2594,188,894.77,73.42,1.0
7941,230,44,2730,460,894.77,85.46,1.0
7942,29,27,2529,58,894.76,64.74,1.0
7943,288,11,2788,576,894.75,136.83,1.0
7944,254,48,2754,508,894.74,86.77,1.0
7945,165,40,2665,330,894.72,81.57,1.0
7946,179,42,2679,358,894.71,72.54,1.0
7947,291,51,2791,582,894.69,102.55,1.0
7948,116,9,2616,232,894.68,110.05,1.0
7949,15,27,2515,30,894.66,61.03,1.0
7950,213,43,2713,426,894.63,95.41,1.0
7951,189,37,2689,378,894.61,78.61,1.0
7952,128,10,2628,256,894.6,116.53,1.0
7953,176,29,2676,352,894.6,85.17,1.0
7954,251,49,2751,502,894.55,90.7,1.0
7955,275,48,2775,550,894.55,97.52,1.0
7956,279,51,2779,558,894.52,89.82,1.0
7957,36,27,2536,72,894.48,70.49,1.0
7958,207,42,2707,414,894.47,83.74,1.0
7959,110,9,2610,220,894.44,107.72,1.0
7960,165,30,2665,330,894.38,77.91,1.0
7961,173,35,2673,346,894.32,71.1,1.0
7962,197,39,2697,394,894.3,77.14,1.0
7963,207,39,2707,414,894.3,82.33,1.0
7964,197,43,2697,394,894.22,81.7,1.0
7965,207,30,2707,414,894.2,71.36,1.0
7966,189,40,2689,378,894.18,81.41,1.0
7967,172,37,2672,344,894.17,74.22,1.0
7968,207,38,2707,414,894.17,81.14,1.0
7969,56,8,2556,112,894.12,91.87,1.0
7970,102,9,2602,204,894.12,97.95,1.0
7971,219,45,2719,438,894.1,88.78,1.0
7972,180,34,2680,360,894.09,80.11,1.0
7973,167,35,2667,334,894.05,66.43,1.0
7974,207,31,2707,414,894.04,71.8,1.0
7975,277,52,2777,554,894.01,106.94,1.0
7976,191,36,2691,382,893.96,65.78,1.0
7977,187,45,2687,374,893.94,80.99,1.0
7978,184,32,2684,368,893.89,79.5,1.0
7979,284,51,2784,568,893.87,88.24,1.0
7980,76,8,2576,152,893.86,93.89,1.0
7981,241,49,2741,482,893.85,87.22,1.0
7982,225,32,2725,450,893.83,85.39,1.0
7983,274,11,2774,548,893.82,125.45,1.0
7984,60,8,2560,120,893.8,98.23,1.0
7985,202,40,2702,404,893.79,81.57,1.0
7986,192,33,2692,384,893.77,80.78,1.0
7987,192,10,2692,384,893.76,122.6,1.0
7988,68,28,2568,136,893.75,70.51,1.0
7989,4,26,2504,8,893.71,61.08,1.0
7990,49,8,2549,98,893.7,84.25,1.0
7991,148,39,2648,296,893.7,69.69,1.0
7992,197,32,2697,394,893.7,78.12,1.0
7993,110,29,2610,220,893.69,71.65,1.0
7994,265,10,2765,530,893.64,143.54,1.0
7995,165,34,2665,330,893.62,79.27,1.0
7996,16,27,2516,32,893.6,68.51,1.0
7997,174,30,2674,348,893.6,76.24,1.0
7998,184,30,2684,368,893.6,84.43,1.0
7999,245,50,2745,490,893.56,86.06,1.0
8000,234,50,2734,468,893.55,94.39,1.0
8001,55,9,2555,110,893.54,85.97,1.0
8002,203,9,2703,406,893.54,141.35,1.0
8003,148,38,2648,296,893.52,72.02,1.0
8004,174,40,2674,348,893.49,74.19,1.0
8005,201,33,2701,402,893.48,80.56,1.0
8006,196,32,2696,392,893.43,79.92,1.0
8007,213,34,2713,426,893.43,86.37,1.0
8008,167,36,2667,334,893.4,74.79,1.0
8009,242,48,2742,484,893.4,102.89,1.0
8010,173,31,2673,346,893.38,77.41,1.0
8011,212,41,2712,424,893.38,93.88,1.0
8012,174,35,2674,348,893.37,80.05,1.0
8013,202,32,2702,404,893.35,83.03,1.0
8014,229,33,2729,458,893.34,86.56,1.0
8015,172,43,2672,344,893.33,82.85,1.0
8016,197,31,2697,394,893.33,77.75,1.0
8017,225,40,2725,450,893.32,90.93,1.0
8018,8,8,2508,16,893.26,74.87,1.0
8019,173,37,2673,346,893.2,68.75,1.0
8020,189,41,2689,378,893.2,78.97,1.0
8021,167,41,2667,334,893.15,70.25,1.0
8022,236,48,2736,472,893.13,87.67,1.0
8023,170,9,2670,340,893.11,107.0,1.0
8024,163,44,2663,326,893.1,83.12,1.0
8025,184,35,2684,368,893.1,81.04,1.0
8026,299,11,2799,598,893.08,136.68,1.0
8027,162,41,2662,324,893.06,78.4,1.0
8028,194,47,2694,388,893.06,89.02,1.0
8029,189,30,2689,378,893.05,78.34,1.0
8030,220,41,2720,440,893.03,77.14,1.0
8031,179,39,2679,358,893.01,81.98,1.0
8032,184,38,2684,368,893.0,80.79,1.0
8033,240,10,2740,480,893.0,124.55,1.0
8034,187,33,2687,374,892.98,82.37,1.0
8035,192,38,2692,384,892.98,81.2,1.0
8036,294,51,2794,588,892.98,83.26,1.0
8037,296,51,2796,592,892.98,94.04,1.0
8038,202,46,2702,404,892.96,88.22,1.0
8039,202,36,2702,404,892.93,79.11,1.0
8040,183,50,2683,366,892.88,79.8,1.0
8041,228,47,2728,456,892.86,88.55,1.0
8042,202,39,2702,404,892.82,74.24,1.0
8043,285,11,2785,570,892.81,128.19,1.0
8044,225,41,2725,450,892.8,88.06,1.0
8045,225,33,2725,450,892.78,81.27,1.0
8046,191,38,2691,382,892.74,77.48,1.0
8047,220,33,2720,440,892.72,79.39,1.0
8048,148,42,2648,296,892.7,74.81,1.0
8049,172,40,2672,344,892.7,79.46,1.0
8050,274,48,2774,548,892.7,84.99,1.0
8051,259,11,2759,518,892.69,122.89,1.0
8052,173,46,2673,346,892.66,69.3,1.0
8053,187,32,2687,374,892.66,77.37,1.0
8054,197,37,2697,394,892.66,76.49,1.0
8055,272,51,2772,544,892.66,92.43,1.0
8056,213,30,2713,426,892.65,88.19,1.0
8057,266,49,2766,532,892.65,93.11,1.0
8058,8,26,2508,16,892.64,58.95,1.0
8059,220,31,2720,440,892.64,79.78,1.0
8060,192,41,2692,384,892.6,85.65,1.0
8061,201,41,2701,402,892.56,81.0,1.0
8062,189,44,2689,378,892.55,76.41,1.0
8063,230,37,2730,460,892.55,88.14,1.0
8064,172,33,2672,344,892.52,77.45,1.0
8065,272,50,2772,544,892.49,88.73,1.0
8066,238,10,2738,476,892.47,139.72,1.0
8067,154,39,2654,308,892.46,79.32,1.0
8068,202,35,2702,404,892.46,81.83,1.0
8069,210,37,2710,420,892.4,81.06,1.0
8070,212,32,2712,424,892.4,92.5,1.0
8071,172,32,2672,344,892.36,73.58,1.0
8072,184,34,2684,368,892.36,81.53,1.0
8073,184,36,2684,368,892.34,80.92,1.0
8074,224,10,2724,448,892.34,136.63,1.0
8075,229,36,2729,458,892.34,83.06,1.0
8076,165,46,2665,330,892.31,88.81,1.0
8077,37,8,2537,74,892.3,87.21,1.0
8078,38,8,2538,76,892.3,91.95,1.0
8079,165,41,2665,330,892.29,85.55,1.0
8080,292,52,2792,584,892.28,95.98,1.0
8081,207,46,2707,414,892.27,81.32,1.0
8082,17,26,2517,34,892.26,64.33,1.0
8083,209,35,2709,418,892.18,92.48,1.0
8084,213,39,2713,426,892.18,86.23,1.0
8085,178,49,2678,356,892.17,82.43,1.0
8086,167,32,2667,334,892.14,72.59,1.0
8087,174,41,2674,348,892.12,74.62,1.0
8088,189,31,2689,378,892.12,80.16,1.0
8089,292,50,2792,584,892.12,96.64,1.0
8090,197,33,2697,394,892.06,83.8,1.0
8091,50,9,2550,100,892.05,83.53,1.0
8092,86,28,2586,172,892.04,67.81,1.0
8093,182,46,2682,364,892.04,85.13,1.0
8094,230,42,2730,460,891.99,95.73,1.0
8095,137,29,2637,274,891.98,63.82,1.0
8096,192,32,2692,384,891.96,83.41,1.0
8097,211,47,2711,422,891.96,85.15,1.0
8098,180,40,2680,360,891.95,81.24,1.0
8099,65,9,2565,130,891.92,89.13,1.0
8100,170,42,2670,340,891.89,74.16,1.0
8101,23,27,2523,46,891.88,62.93,1.0
8102,163,30,2663,326,891.88,72.61,1.0
8103,173,33,2673,346,891.87,75.22,1.0
8104,197,41,2697,394,891.86,81.68,1.0
8105,187,38,2687,374,891.85,78.33,1.0
8106,286,49,2786,572,891.82,91.46,1.0
8107,158,44,2658,316,891.81,85.59,1.0
8108,183,51,2683,366,891.81,77.92,1.0
8109,177,9,2677,354,891.8,113.56,1.0
8110,130,9,2630,260,891.78,101.6,1.0
8111,189,32,2689,378,891.78,77.51,1.0
8112,268,49,2768,536,891.77,95.42,1.0
8113,226,48,2726,452,891.76,86.11,1.0
8114,149,10,2649,298,891.75,100.56,1.0
8115,169,10,2669,338,891.75,114.04,1.0
8116,169,33,2669,338,891.72,77.21,1.0
8117,240,49,2740,480,891.71,91.11,1.0
8118,263,52,2763,526,891.68,91.81,1.0
8119,187,9,2687,374,891.66,120.52,1.0
8120,195,45,2695,390,891.66,77.36,1.0
8121,172,35,2672,344,891.49,78.02,1.0
8122,196,40,2696,392,891.46,86.26,1.0
8123,284,11,2784,568,891.46,141.71,1.0
8124,209,46,2709,418,891.41,87.63,1.0
8125,174,33,2674,348,891.32,72.68,1.0
8126,196,47,2696,392,891.28,79.36,1.0
8127,163,42,2663,326,891.26,77.47,1.0
8128,177,46,2677,354,891.22,71.45,1.0
8129,172,42,2672,344,891.14,76.19,1.0
8130,197,45,2697,394,891.14,78.04,1.0
8131,191,31,2691,382,891.13,75.71,1.0
8132,225,43,2725,450,891.12,88.92,1.0
8133,39,8,2539,78,891.11,81.42,1.0
8134,129,29,2629,258,891.08,70.53,1.0
8135,69,8,2569,138,891.03,89.45,1.0
8136,170,10,2670,340,891.0,109.07,1.0
8137,230,31,2730,460,890.97,84.38,1.0
8138,179,37,2679,358,890.9,82.59,1.0
8139,162,34,2662,324,890.89,79.77,1.0
8140,165,31,2665,330,890.86,86.21,1.0
8141,204,49,2704,408,890.85,80.72,1.0
8142,180,33,2680,360,890.84,75.46,1.0
8143,260,51,2760,520,890.84,86.37,1.0
8144,184,40,2684,368,890.83,74.76,1.0
8145,150,10,2650,300,890.82,126.97,1.0
8146,232,50,2732,464,890.81,92.99,1.0
8147,290,54,2790,580,890.81,102.84,1.0
8148,280,13,2780,560,890.79,141.6,1.0
8149,203,40,2703,406,890.77,87.6,1.0
8150,212,30,2712,424,890.77,98.54,1.0
8151,189,45,2689,378,890.75,85.71,1.0
8152,34,27,2534,68,890.74,70.56,1.0
8153,298,51,2798,596,890.73,96.51,1.0
8154,244,48,2744,488,890.72,85.99,1.0
8155,206,48,2706,412,890.71,74.53,1.0
8156,191,43,2691,382,890.69,73.38,1.0
8157,174,38,2674,348,890.68,75.84,1.0
8158,174,42,2674,348,890.68,76.62,1.0
8159,256,53,2756,512,890.68,95.23,1.0
8160,180,45,2680,360,890.62,74.22,1.0
8161,192,39,2692,384,890.6,85.7,1.0
8162,230,30,2730,460,890.56,97.3,1.0
8163,128,28,2628,256,890.54,73.75,1.0
8164,190,47,2690,380,890.54,78.07,1.0
8165,195,31,2695,390,890.54,84.38,1.0
8166,165,38,2665,330,890.53,79.41,1.0
8167,191,37,2691,382,890.53,73.31,1.0
8168,148,33,2648,296,890.5,72.95,1.0
8169,247,49,2747,494,890.48,92.69,1.0
8170,104,28,2604,208,890.47,72.72,1.0
8171,213,40,2713,426,890.47,86.86,1.0
8172,142,29,2642,284,890.42,77.81,1.0
8173,171,41,2671,342,890.42,78.89,1.0
8174,196,41,2696,392,890.42,86.82,1.0
8175,210,40,2710,420,890.42,77.71,1.0
8176,232,10,2732,464,890.4,122.7,1.0
8177,137,9,2637,274,890.38,107.73,1.0
8178,173,40,2673,346,890.38,67.67,1.0
8179,209,39,2709,418,890.31,90.18,1.0
8180,192,43,2692,384,890.3,77.58,1.0
8181,210,46,2710,420,890.3,77.71,1.0
8182,171,34,2671,342,890.28,73.2,1.0
8183,295,13,2795,590,890.25,129.12,1.0
8184,179,36,2679,358,890.22,87.68,1.0
8185,208,49,2708,416,890.21,83.26,1.0
8186,185,31,2685,370,890.18,87.31,1.0
8187,199,50,2699,398,890.17,84.02,1.0
8188,165,33,2665,330,890.13,86.5,1.0
8189,209,42,2709,418,890.13,87.9,1.0
8190,179,45,2679,358,890.08,80.33,1.0
8191,201,46,2701,402,890.08,84.43,1.0
8192,49,27,2549,98,890.06,62.61,1.0
8193,174,36,2674,348,889.98,76.31,1.0
8194,221,46,2721,442,889.98,72.7,1.0
8195,270,11,2770,540,889.95,139.05,1.0
8196,187,39,2687,374,889.94,86.36,1.0
8197,196,30,2696,392,889.94,84.45,1.0
8198,163,39,2663,326,889.92,81.38,1.0
8199,179,46,2679,358,889.9,77.02,1.0
8200,97,9,2597,194,889.86,97.57,1.0
8201,192,35,2692,384,889.85,80.28,1.0
8202,207,45,2707,414,889.85,82.21,1.0
8203,10,8,2510,20,889.84,74.32,1.0
8204,114,9,2614,228,889.84,99.84,1.0
8205,300,52,2800,600,889.82,105.3,1.0
8206,191,39,2691,382,889.81,76.29,1.0
8207,300,53,2800,600,889.8,97.44,1.0
8208,214,50,2714,428,889.77,84.29,1.0
8209,101,10,2601,202,889.76,94.07,1.0
8210,228,11,2728,456,889.73,123.78,1.0
8211,297,48,2797,594,889.73,95.4,1.0
8212,174,37,2674,348,889.71,75.15,1.0
8213,66,9,2566,132,889.7,92.86,1.0
8214,199,48,2699,398,889.68,82.43,1.0
8215,103,9,2603,206,889.62,102.43,1.0
8216,166,30,2666,332,889.57,70.9,1.0
8217,158,33,2658,316,889.56,76.57,1.0
8218,74,8,2574,148,889.55,93.18,1.0
8219,162,31,2662,324,889.5,76.05,1.0
8220,174,31,2674,348,889.46,80.1,1.0
8221,24,27,2524,48,889.44,71.03,1.0
8222,118,8,2618,236,889.43,104.07,1.0
8223,187,31,2687,374,889.4,81.09,1.0
8224,172,39,2672,344,889.39,83.28,1.0
8225,131,10,2631,262,889.38,110.31,1.0
8226,168,31,2668,336,889.32,72.93,1.0
8227,172,44,2672,344,889.32,78.58,1.0
8228,182,49,2682,364,889.32,82.36,1.0
8229,181,46,2681,362,889.29,80.62,1.0
8230,158,41,2658,316,889.27,80.36,1.0
8231,78,9,2578,156,889.24,94.67,1.0
8232,160,29,2660,320,889.24,76.93,1.0
8233,215,51,2715,430,889.24,87.01,1.0
8234,20,27,2520,40,889.23,63.14,1.0
8235,138,9,2638,276,889.19,110.51,1.0
8236,299,54,2799,598,889.14,103.64,1.0
8237,42,8,2542,84,889.11,80.37,1.0
8238,172,36,2672,344,889.1,85.78,1.0
8239,212,31,2712,424,889.08,84.05,1.0
8240,176,34,2676,352,889.06,74.98,1.0
8241,252,52,2752,504,889.06,89.92,1.0
8242,280,46,2780,560,889.03,86.01,1.0
8243,173,45,2673,346,888.99,72.84,1.0
8244,191,10,2691,382,888.98,109.41,1.0
8245,189,46,2689,378,888.97,77.62,1.0
8246,298,11,2798,596,888.97,139.03,1.0
8247,125,8,2625,250,888.96,101.99,1.0
8248,192,44,2692,384,888.94,77.57,1.0
8249,21,27,2521,42,888.89,61.82,1.0
8250,198,10,2698,396,888.87,121.72,1.0
8251,132,10,2632,264,888.85,106.65,1.0
8252,222,51,2722,444,888.84,88.14,1.0
8253,169,9,2669,338,888.82,118.74,1.0
8254,196,45,2696,392,888.81,81.18,1.0
8255,160,10,2660,320,888.75,114.59,1.0
8256,204,48,2704,408,888.73,83.21,1.0
8257,185,10,2685,370,888.66,118.97,1.0
8258,230,46,2730,460,888.66,84.37,1.0
8259,212,43,2712,424,888.64,91.86,1.0
8260,144,39,2644,288,888.61,74.71,1.0
8261,171,10,2671,342,888.61,112.22,1.0
8262,77,28,2577,154,888.6,68.91,1.0
8263,199,49,2699,398,888.6,82.45,1.0
8264,200,50,2700,400,888.6,73.69,1.0
8265,263,54,2763,526,888.6,95.51,1.0
8266,274,49,2774,548,888.58,97.87,1.0
8267,165,43,2665,330,888.56,83.88,1.0
8268,267,51,2767,534,888.56,89.31,1.0
8269,82,28,2582,164,888.54,73.38,1.0
8270,191,45,2691,382,888.53,75.72,1.0
8271,166,44,2666,332,888.49,71.37,1.0
8272,171,31,2671,342,888.48,73.61,1.0
8273,264,11,2764,528,888.48,123.21,1.0
8274,289,52,2789,578,888.48,97.74,1.0
8275,12,27,2512,24,888.47,61.87,1.0
8276,83,8,2583,166,888.47,87.45,1.0
8277,169,36,2669,338,888.42,80.32,1.0
8278,269,48,2769,538,888.41,92.53,1.0
8279,210,11,2710,420,888.39,118.53,1.0
8280,293,51,2793,586,888.36,92.57,1.0
8281,268,50,2768,536,888.35,85.49,1.0
8282,27,26,2527,54,888.32,67.0,1.0
8283,174,32,2674,348,888.32,73.18,1.0
8284,172,34,2672,344,888.31,77.75,1.0
8285,40,9,2540,80,888.3,89.57,1.0
8286,170,32,2670,340,888.3,80.77,1.0
8287,238,49,2738,476,888.3,90.02,1.0
8288,225,45,2725,450,888.29,92.82,1.0
8289,212,44,2712,424,888.28,92.65,1.0
8290,191,46,2691,382,888.22,77.36,1.0
8291,192,37,2692,384,888.16,81.77,1.0
8292,233,49,2733,466,888.15,86.34,1.0
8293,216,47,2716,432,888.11,74.77,1.0
8294,193,9,2693,386,888.09,120.26,1.0
8295,218,47,2718,436,888.05,83.05,1.0
8296,246,51,2746,492,888.03,94.35,1.0
8297,174,43,2674,348,887.98,70.01,1.0
8298,243,51,2743,486,887.96,91.05,1.0
8299,282,50,2782,564,887.94,87.79,1.0
8300,25,27,2525,50,887.9,63.66,1.0
8301,161,29,2661,322,887.9,77.52,1.0
8302,174,44,2674,348,887.89,76.26,1.0
8303,167,33,2667,334,887.86,76.11,1.0
8304,176,42,2676,352,887.86,78.39,1.0
8305,193,48,2693,386,887.86,94.06,1.0
8306,179,10,2679,358,887.83,113.94,1.0
8307,202,34,2702,404,887.83,84.37,1.0
8308,231,50,2731,462,887.82,81.98,1.0
8309,172,31,2672,344,887.78,79.09,1.0
8310,87,28,2587,174,887.77,72.33,1.0
8311,293,11,2793,586,887.76,137.47,1.0
8312,212,39,2712,424,887.71,94.84,1.0
8313,37,27,2537,74,887.68,59.29,1.0
8314,165,35,2665,330,887.63,88.16,1.0
8315,172,30,2672,344,887.61,79.06,1.0
8316,187,46,2687,374,887.6,84.1,1.0
8317,288,52,2788,576,887.6,93.46,1.0
8318,182,48,2682,364,887.58,88.83,1.0
8319,166,41,2666,332,887.57,74.31,1.0
8320,33,7,2533,66,887.53,80.52,1.0
8321,187,44,2687,374,887.51,79.07,1.0
8322,202,45,2702,404,887.48,78.61,1.0
8323,243,50,2743,486,887.48,86.26,1.0
8324,54,8,2554,108,887.47,87.59,1.0
8325,187,42,2687,374,887.46,79.92,1.0
8326,278,52,2778,556,887.43,97.95,1.0
8327,170,34,2670,340,887.4,84.99,1.0
8328,222,50,2722,444,887.4,90.72,1.0
8329,58,27,2558,116,887.39,65.29,1.0
8330,70,28,2570,140,887.38,65.97,1.0
8331,163,31,2663,326,887.38,76.37,1.0
8332,144,36,2644,288,887.37,80.7,1.0
8333,148,45,2648,296,887.35,74.57,1.0
8334,167,31,2667,334,887.34,75.58,1.0
8335,172,45,2672,344,887.29,83.0,1.0
8336,213,45,2713,426,887.25,87.26,1.0
8337,198,47,2698,396,887.24,83.4,1.0
8338,158,42,2658,316,887.22,75.95,1.0
8339,138,38,2638,276,887.21,77.84,1.0
8340,225,30,2725,450,887.2,92.33,1.0
8341,138,31,2638,276,887.16,75.17,1.0
8342,36,8,2536,72,887.13,88.35,1.0
8343,234,10,2734,468,887.11,129.05,1.0
8344,258,49,2758,516,887.11,97.24,1.0
8345,184,41,2684,368,887.1,79.87,1.0
8346,209,10,2709,418,887.04,126.47,1.0
8347,171,32,2671,342,887.03,77.51,1.0
8348,300,11,2800,600,887.03,132.66,1.0
8349,275,49,2775,550,887.02,87.56,1.0
8350,148,40,2648,296,887.01,72.23,1.0
8351,166,39,2666,332,887.0,72.83,1.0
8352,227,50,2727,454,886.99,93.77,1.0
8353,156,10,2656,312,886.98,107.33,1.0
8354,109,9,2609,218,886.94,94.56,1.0
8355,144,34,2644,288,886.94,74.45,1.0
8356,184,31,2684,368,886.9,83.21,1.0
8357,31,27,2531,62,886.85,70.12,1.0
8358,194,48,2694,388,886.81,83.2,1.0
8359,170,45,2670,340,886.74,76.09,1.0
8360,212,38,2712,424,886.68,100.22,1.0
8361,206,49,2706,412,886.66,79.32,1.0
8362,213,32,2713,426,886.65,93.13,1.0
8363,135,9,2635,270,886.62,104.28,1.0
8364,153,38,2653,306,886.62,79.02,1.0
8365,192,46,2692,384,886.59,81.9,1.0
8366,180,47,2680,360,886.56,83.08,1.0
8367,170,44,2670,340,886.54,79.33,1.0
8368,251,50,2751,502,886.5,90.27,1.0
8369,213,35,2713,426,886.48,87.17,1.0
8370,154,34,2654,308,886.47,78.98,1.0
8371,172,38,2672,344,886.47,76.64,1.0
8372,213,36,2713,426,886.47,85.46,1.0
8373,230,39,2730,460,886.47,89.37,1.0
8374,200,51,2700,400,886.4,78.29,1.0
8375,148,30,2648,296,886.38,78.86,1.0
8376,198,48,2698,396,886.37,93.15,1.0
8377,181,45,2681,362,886.36,75.12,1.0
8378,227,51,2727,454,886.36,93.26,1.0
8379,178,8,2678,356,886.35,132.39,1.0
8380,171,38,2671,342,886.33,84.4,1.0
8381,190,48,2690,380,886.33,80.24,1.0
8382,248,50,2748,496,886.33,98.33,1.0
8383,170,33,2670,340,886.3,77.3,1.0
8384,170,40,2670,340,886.3,77.6,1.0
8385,189,39,2689,378,886.23,81.72,1.0
8386,212,35,2712,424,886.23,91.52,1.0
8387,144,45,2644,288,886.22,78.53,1.0
8388,196,43,2696,392,886.19,78.9,1.0
8389,212,42,2712,424,886.17,98.17,1.0
8390,291,53,2791,582,886.13,93.31,1.0
8391,196,36,2696,392,886.12,87.51,1.0
8392,184,42,2684,368,886.1,70.06,1.0
8393,212,45,2712,424,886.06,97.97,1.0
8394,158,35,2658,316,886.03,81.18,1.0
8395,259,50,2759,518,886.02,82.98,1.0
8396,133,29,2633,266,885.98,76.07,1.0
8397,159,39,2659,318,885.98,74.43,1.0
8398,211,49,2711,422,885.98,88.02,1.0
8399,158,31,2658,316,885.97,74.32,1.0
8400,191,34,2691,382,885.95,76.27,1.0
8401,184,33,2684,368,885.95,85.29,1.0
8402,203,46,2703,406,885.95,81.57,1.0
8403,271,50,2771,542,885.95,87.1,1.0
8404,176,37,2676,352,885.93,74.61,1.0
8405,261,48,2761,522,885.9,87.59,1.0
8406,97,28,2597,194,885.88,74.56,1.0
8407,253,48,2753,506,885.86,84.84,1.0
8408,18,7,2518,36,885.82,88.0,1.0
8409,46,8,2546,92,885.78,86.92,1.0
8410,162,30,2662,324,885.78,78.89,1.0
8411,165,39,2665,330,885.77,87.04,1.0
8412,229,32,2729,458,885.76,84.59,1.0
8413,209,38,2709,418,885.75,90.12,1.0
8414,268,51,2768,536,885.74,91.05,1.0
8415,276,51,2776,552,885.74,92.83,1.0
8416,254,49,2754,508,885.73,100.3,1.0
8417,185,34,2685,370,885.7,85.43,1.0
8418,13,8,2513,26,885.68,77.53,1.0
8419,159,36,2659,318,885.68,84.68,1.0
8420,176,44,2676,352,885.68,84.84,1.0
8421,255,51,2755,510,885.67,94.99,1.0
8422,281,11,2781,562,885.65,127.95,1.0
8423,186,34,2686,372,885.64,79.49,1.0
8424,261,11,2761,522,885.64,128.8,1.0
8425,281,48,2781,562,885.59,87.55,1.0
8426,118,36,2618,236,885.56,73.06,1.0
8427,294,52,2794,588,885.54,83.25,1.0
8428,169,34,2669,338,885.52,78.46,1.0
8429,257,11,2757,514,885.48,144.08,1.0
8430,256,54,2756,512,885.46,92.06,1.0
8431,172,41,2672,344,885.45,74.36,1.0
8432,158,43,2658,316,885.43,81.17,1.0
8433,107,8,2607,214,885.41,106.83,1.0
8434,219,47,2719,438,885.36,83.57,1.0
8435,248,51,2748,496,885.33,92.86,1.0
8436,163,32,2663,326,885.32,75.93,1.0
8437,208,50,2708,416,885.31,87.09,1.0
8438,177,45,2677,354,885.3,69.0,1.0
8439,1,26,2501,2,885.27,61.2,1.0
8440,167,44,2667,334,885.27,72.3,1.0
8441,235,48,2735,470,885.27,83.92,1.0
8442,48,27,2548,96,885.26,67.87,1.0
8443,123,9,2623,246,885.26,99.02,1.0
8444,144,32,2644,288,885.26,69.08,1.0
8445,143,42,2643,286,885.23,69.24,1.0
8446,201,45,2701,402,885.23,84.03,1.0
8447,219,10,2719,438,885.23,120.71,1.0
8448,162,44,2662,324,885.21,74.15,1.0
8449,44,8,2544,88,885.2,84.08,1.0
8450,176,39,2676,352,885.2,81.62,1.0
8451,195,46,2695,390,885.18,83.97,1.0
8452,205,49,2705,410,885.15,84.02,1.0
8453,184,37,2684,368,885.14,84.49,1.0
8454,212,33,2712,424,885.12,92.4,1.0
8455,251,9,2751,502,885.12,125.01,1.0
8456,153,33,2653,306,885.11,74.53,1.0
8457,162,40,2662,324,885.06,71.18,1.0
8458,217,10,2717,434,885.06,121.16,1.0
8459,266,50,2766,532,885.02,87.0,1.0
8460,32,27,2532,64,884.99,61.95,1.0
8461,162,39,2662,324,884.99,72.88,1.0
8462,225,10,2725,450,884.99,133.08,1.0
8463,153,42,2653,306,884.98,79.54,1.0
8464,43,8,2543,86,884.92,85.47,1.0
8465,167,37,2667,334,884.91,79.24,1.0
8466,285,53,2785,570,884.84,99.92,1.0
8467,166,36,2666,332,884.83,75.1,1.0
8468,212,34,2712,424,884.82,100.05,1.0
8469,163,9,2663,326,884.81,115.01,1.0
8470,298,53,2798,596,884.75,93.41,1.0
8471,223,50,2723,446,884.73,82.84,1.0
8472,29,8,2529,58,884.72,82.92,1.0
8473,65,27,2565,130,884.72,66.97,1.0
8474,148,34,2648,296,884.72,77.25,1.0
8475,288,53,2788,576,884.7,100.12,1.0
8476,48,9,2548,96,884.67,86.36,1.0
8477,153,34,2653,306,884.67,80.59,1.0
8478,162,36,2662,324,884.65,80.59,1.0
8479,186,41,2686,372,884.65,75.6,1.0
8480,265,52,2765,530,884.64,99.19,1.0
8481,169,31,2669,338,884.6,79.25,1.0
8482,297,50,2797,594,884.58,106.17,1.0
8483,158,36,2658,316,884.56,80.63,1.0
8484,187,30,2687,374,884.53,82.08,1.0
8485,275,11,2775,550,884.49,129.0,1.0
8486,144,31,2644,288,884.48,74.75,1.0
8487,226,49,2726,452,884.48,87.76,1.0
8488,75,9,2575,150,884.46,93.01,1.0
8489,154,30,2654,308,884.46,80.09,1.0
8490,205,48,2705,410,884.4,82.31,1.0
8491,170,36,2670,340,884.32,79.12,1.0
8492,300,54,2800,600,884.32,102.05,1.0
8493,170,31,2670,340,884.3,79.31,1.0
8494,188,43,2688,376,884.28,82.47,1.0
8495,171,45,2671,342,884.26,76.14,1.0
8496,167,39,2667,334,884.25,80.79,1.0
8497,3,8,2503,6,884.22,74.31,1.0
8498,170,39,2670,340,884.2,74.75,1.0
8499,270,50,2770,540,884.15,94.14,1.0
8500,169,41,2669,338,884.14,76.71,1.0
8501,225,47,2725,450,884.14,83.48,1.0
8502,176,32,2676,352,884.05,78.51,1.0
8503,220,46,2720,440,884.03,81.85,1.0
8504,167,30,2667,334,884.02,77.34,1.0
8505,187,43,2687,374,884.01,78.67,1.0
8506,21,7,2521,42,884.0,83.14,1.0
8507,163,34,2663,326,883.95,77.65,1.0
8508,178,50,2678,356,883.95,82.12,1.0
8509,166,31,2666,332,883.92,77.3,1.0
8510,166,43,2666,332,883.92,68.32,1.0
8511,286,12,2786,572,883.91,143.89,1.0
8512,102,29,2602,204,883.9,66.74,1.0
8513,163,33,2663,326,883.9,75.88,1.0
8514,140,30,2640,280,883.88,65.19,1.0
8515,234,51,2734,468,883.86,96.97,1.0
8516,186,35,2686,372,883.85,72.74,1.0
8517,168,34,2668,336,883.84,77.59,1.0
8518,151,39,2651,302,883.83,78.71,1.0
8519,144,41,2644,288,883.74,73.5,1.0
8520,165,44,2665,330,883.74,77.48,1.0
8521,203,47,2703,406,883.74,84.8,1.0
8522,280,47,2780,560,883.53,87.71,1.0
8523,185,41,2685,370,883.52,83.39,1.0
8524,56,28,2556,112,883.5,69.21,1.0
8525,277,54,2777,554,883.5,97.28,1.0
8526,227,9,2727,454,883.45,133.93,1.0
8527,226,10,2726,452,883.39,125.65,1.0
8528,140,31,2640,280,883.38,76.12,1.0
8529,115,29,2615,230,883.31,68.65,1.0
8530,299,55,2799,598,883.31,110.47,1.0
8531,297,49,2797,594,883.3,99.16,1.0
8532,186,43,2686,372,883.27,73.25,1.0
8533,153,36,2653,306,883.2,77.95,1.0
8534,164,34,2664,328,883.19,81.54,1.0
8535,20,8,2520,40,883.16,82.44,1.0
8536,199,9,2699,398,883.15,122.03,1.0
8537,175,10,2675,350,883.14,114.82,1.0
8538,153,9,2653,306,883.13,118.92,1.0
8539,196,10,2696,392,883.13,108.0,1.0
8540,216,48,2716,432,883.13,81.78,1.0
8541,11,8,2511,22,883.12,83.19,1.0
8542,176,38,2676,352,883.12,82.5,1.0
8543,148,47,2648,296,883.11,71.82,1.0
8544,188,31,2688,376,883.1,76.0,1.0
8545,163,40,2663,326,883.09,79.19,1.0
8546,67,8,2567,134,883.05,90.43,1.0
8547,169,40,2669,338,883.05,82.36,1.0
8548,41,28,2541,82,883.04,65.07,1.0
8549,178,51,2678,356,883.0,86.49,1.0
8550,140,36,2640,280,882.98,78.31,1.0
8551,176,30,2676,352,882.98,85.95,1.0
8552,161,40,2661,322,882.95,81.39,1.0
8553,140,35,2640,280,882.93,74.81,1.0
8554,166,32,2666,332,882.92,78.02,1.0
8555,139,9,2639,278,882.9,106.08,1.0
8556,171,39,2671,342,882.9,74.21,1.0
8557,143,8,2643,286,882.87,109.26,1.0
8558,227,53,2727,454,882.86,91.26,1.0
8559,144,37,2644,288,882.85,74.58,1.0
8560,271,52,2771,542,882.84,91.46,1.0
8561,154,42,2654,308,882.82,71.9,1.0
8562,229,48,2729,458,882.82,88.52,1.0
8563,144,33,2644,288,882.78,70.8,1.0
8564,164,10,2664,328,882.75,119.97,1.0
8565,186,37,2686,372,882.75,66.43,1.0
8566,246,50,2746,492,882.72,88.88,1.0
8567,271,10,2771,542,882.72,119.64,1.0
8568,202,42,2702,404,882.7,80.49,1.0
8569,152,35,2652,304,882.66,70.72,1.0
8570,159,8,2659,318,882.64,106.62,1.0
8571,144,35,2644,288,882.6,79.92,1.0
8572,163,38,2663,326,882.57,84.81,1.0
8573,159,37,2659,318,882.55,86.7,1.0
8574,204,50,2704,408,882.55,90.14,1.0
8575,138,36,2638,276,882.45,62.56,1.0
8576,169,39,2669,338,882.44,77.05,1.0
8577,124,29,2624,248,882.43,75.6,1.0
8578,176,40,2676,352,882.42,78.12,1.0
8579,259,51,2759,518,882.41,78.59,1.0
8580,166,34,2666,332,882.4,68.48,1.0
8581,287,56,2787,574,882.39,108.51,1.0
8582,161,41,2661,322,882.38,80.1,1.0
8583,89,28,2589,178,882.35,74.75,1.0
8584,138,43,2638,276,882.32,73.28,1.0
8585,138,30,2638,276,882.3,75.42,1.0
8586,144,38,2644,288,882.3,74.09,1.0
8587,140,32,2640,280,882.28,77.34,1.0
8588,162,42,2662,324,882.27,81.27,1.0
8589,221,48,2721,442,882.26,82.37,1.0
8590,170,43,2670,340,882.25,82.86,1.0
8591,169,38,2669,338,882.23,83.39,1.0
8592,289,53,2789,578,882.22,99.79,1.0
8593,151,40,2651,302,882.2,77.42,1.0
8594,162,45,2662,324,882.19,77.71,1.0
8595,170,41,2670,340,882.19,78.51,1.0
8596,171,43,2671,342,882.19,73.95,1.0
8597,189,10,2689,378,882.17,117.82,1.0
8598,230,45,2730,460,882.12,93.16,1.0
8599,237,52,2737,474,882.12,89.23,1.0
8600,154,43,2654,308,882.11,81.12,1.0
8601,140,34,2640,280,882.09,81.58,1.0
8602,164,30,2664,328,882.06,77.35,1.0
8603,293,50,2793,586,882.02,92.9,1.0
8604,184,47,2684,368,881.99,78.61,1.0
8605,287,54,2787,574,881.98,96.43,1.0
8606,158,30,2658,316,881.97,79.38,1.0
8607,168,43,2668,336,881.97,70.97,1.0
8608,113,8,2613,226,881.95,104.98,1.0
8609,168,32,2668,336,881.95,76.31,1.0
8610,54,28,2554,108,881.91,73.24,1.0
8611,163,37,2663,326,881.88,76.8,1.0
8612,212,40,2712,424,881.88,94.27,1.0
8613,176,46,2676,352,881.87,86.12,1.0
8614,154,33,2654,308,881.84,78.49,1.0
8615,257,49,2757,514,881.84,90.08,1.0
8616,62,8,2562,124,881.78,98.93,1.0
8617,176,31,2676,352,881.78,82.35,1.0
8618,184,46,2684,368,881.75,80.77,1.0
8619,164,35,2664,328,881.71,80.14,1.0
8620,176,41,2676,352,881.69,80.36,1.0
8621,227,52,2727,454,881.65,86.7,1.0
8622,197,46,2697,394,881.63,79.07,1.0
8623,154,35,2654,308,881.62,70.1,1.0
8624,167,9,2667,334,881.6,117.81,1.0
8625,177,48,2677,354,881.59,75.71,1.0
8626,154,31,2654,308,881.58,73.78,1.0
8627,233,50,2733,466,881.57,97.54,1.0
8628,138,42,2638,276,881.54,75.32,1.0
8629,231,51,2731,462,881.51,91.58,1.0
8630,2,7,2502,4,881.5,78.19,1.0
8631,169,37,2669,338,881.44,80.52,1.0
8632,228,48,2728,456,881.43,91.06,1.0
8633,153,39,2653,306,881.41,79.16,1.0
8634,171,44,2671,342,881.39,75.91,1.0
8635,165,45,2665,330,881.38,83.99,1.0
8636,166,40,2666,332,881.3,73.99,1.0
8637,163,41,2663,326,881.28,77.05,1.0
8638,188,10,2688,376,881.26,113.32,1.0
8639,155,29,2655,310,881.25,82.19,1.0
8640,144,43,2644,288,881.24,73.47,1.0
8641,138,41,2638,276,881.21,74.49,1.0
8642,143,43,2643,286,881.18,70.76,1.0
8643,162,43,2662,324,881.18,80.86,1.0
8644,159,45,2659,318,881.18,78.93,1.0
8645,167,45,2667,334,881.15,73.31,1.0
8646,281,49,2781,562,881.15,93.68,1.0
8647,205,50,2705,410,881.11,78.8,1.0
8648,47,28,2547,94,881.06,69.66,1.0
8649,162,33,2662,324,881.05,80.54,1.0
8650,229,45,2729,458,881.03,93.33,1.0
8651,188,44,2688,376,881.02,78.12,1.0
8652,158,40,2658,316,881.0,83.03,1.0
8653,28,7,2528,56,880.98,80.58,1.0
8654,163,36,2663,326,880.96,80.54,1.0
8655,283,10,2783,566,880.96,146.6,1.0
8656,1,8,2501,2,880.94,68.19,1.0
8657,148,46,2648,296,880.94,74.66,1.0
8658,157,29,2657,314,880.93,86.63,1.0
8659,75,28,2575,150,880.92,69.31,1.0
8660,100,8,2600,200,880.91,94.75,1.0
8661,121,29,2621,242,880.85,76.01,1.0
8662,171,42,2671,342,880.85,83.73,1.0
8663,111,8,2611,222,880.84,97.56,1.0
8664,152,39,2652,304,880.84,75.99,1.0
8665,295,51,2795,590,880.83,94.01,1.0
8666,153,44,2653,306,880.8,79.0,1.0
8667,149,32,2649,298,880.8,72.86,1.0
8668,283,52,2783,566,880.78,96.91,1.0
8669,35,27,2535,70,880.76,69.78,1.0
8670,153,30,2653,306,880.74,78.28,1.0
8671,183,52,2683,366,880.72,79.75,1.0
8672,233,10,2733,466,880.68,127.8,1.0
8673,214,51,2714,428,880.66,83.51,1.0
8674,163,35,2663,326,880.62,82.83,1.0
8675,271,51,2771,542,880.61,89.92,1.0
8676,159,33,2659,318,880.6,82.39,1.0
8677,212,36,2712,424,880.59,97.29,1.0
8678,279,52,2779,558,880.54,99.52,1.0
8679,41,7,2541,82,880.5,84.13,1.0
8680,171,40,2671,342,880.5,84.61,1.0
8681,162,35,2662,324,880.46,75.13,1.0
8682,159,31,2659,318,880.46,82.86,1.0
8683,188,37,2688,376,880.45,82.03,1.0
8684,191,41,2691,382,880.4,74.91,1.0
8685,282,49,2782,564,880.4,91.44,1.0
8686,187,35,2687,374,880.36,81.21,1.0
8687,234,52,2734,468,880.34,95.52,1.0
8688,59,28,2559,118,880.3,71.78,1.0
8689,154,37,2654,308,880.3,78.77,1.0
8690,162,38,2662,324,880.3,79.58,1.0
8691,293,52,2793,586,880.3,103.42,1.0
8692,140,37,2640,280,880.26,73.27,1.0
8693,152,32,2652,304,880.26,73.64,1.0
8694,152,33,2652,304,880.26,73.77,1.0
8695,231,10,2731,462,880.22,119.98,1.0
8696,135,34,2635,270,880.19,79.73,1.0
8697,278,53,2778,556,880.19,91.03,1.0
8698,188,36,2688,376,880.14,76.93,1.0
8699,153,32,2653,306,880.13,84.64,1.0
8700,138,40,2638,276,880.11,79.04,1.0
8701,180,48,2680,360,880.11,80.03,1.0
8702,169,42,2669,338,880.1,75.31,1.0
8703,158,37,2658,316,880.04,82.5,1.0
8704,140,33,2640,280,880.02,73.64,1.0
8705,153,43,2653,306,880.01,80.98,1.0
8706,185,40,2685,370,879.99,78.65,1.0
8707,287,10,2787,574,879.98,136.58,1.0
8708,143,35,2643,286,879.96,81.05,1.0
8709,185,37,2685,370,879.96,84.55,1.0
8710,188,42,2688,376,879.95,90.04,1.0
8711,149,42,2649,298,879.94,82.53,1.0
8712,173,47,2673,346,879.93,76.66,1.0
8713,192,47,2692,384,879.89,86.33,1.0
8714,205,51,2705,410,879.89,84.04,1.0
8715,238,51,2738,476,879.89,88.89,1.0
8716,158,34,2658,316,879.88,79.67,1.0
8717,175,42,2675,350,879.88,82.35,1.0
8718,292,53,2792,584,879.87,92.2,1.0
8719,69,28,2569,138,879.85,64.64,1.0
8720,145,9,2645,290,879.71,114.65,1.0
8721,171,30,2671,342,879.71,75.54,1.0
8722,159,30,2659,318,879.7,78.02,1.0
8723,188,41,2688,376,879.68,83.06,1.0
8724,213,46,2713,426,879.68,87.16,1.0
8725,171,36,2671,342,879.63,76.22,1.0
8726,169,32,2669,338,879.61,85.08,1.0
8727,161,39,2661,322,879.58,85.82,1.0
8728,175,44,2675,350,879.58,77.22,1.0
8729,242,49,2742,484,879.53,98.41,1.0
8730,122,9,2622,244,879.52,105.46,1.0
8731,145,29,2645,290,879.52,82.44,1.0
8732,287,55,2787,574,879.52,108.79,1.0
8733,299,10,2799,598,879.52,146.99,1.0
8734,154,41,2654,308,879.51,75.8,1.0
8735,197,47,2697,394,879.5,79.01,1.0
8736,229,47,2729,458,879.47,87.34,1.0
8737,170,35,2670,340,879.44,72.84,1.0
8738,153,35,2653,306,879.4,76.22,1.0
8739,238,50,2738,476,879.38,87.27,1.0
8740,5,7,2505,10,879.37,75.24,1.0
8741,114,29,2614,228,879.37,71.72,1.0
8742,188,32,2688,376,879.35,84.06,1.0
8743,226,50,2726,452,879.35,94.06,1.0
8744,176,45,2676,352,879.33,88.03,1.0
8745,154,32,2654,308,879.32,76.98,1.0
8746,169,44,2669,338,879.31,81.74,1.0
8747,17,8,2517,34,879.3,72.72,1.0
8748,168,35,2668,336,879.3,76.8,1.0
8749,117,29,2617,234,879.28,76.23,1.0
8750,179,9,2679,358,879.28,119.69,1.0
8751,164,31,2664,328,879.26,80.31,1.0
8752,164,32,2664,328,879.26,77.32,1.0
8753,176,33,2676,352,879.26,85.44,1.0
8754,135,30,2635,270,879.23,75.98,1.0
8755,198,49,2698,396,879.23,88.33,1.0
8756,176,43,2676,352,879.22,81.62,1.0
8757,164,43,2664,328,879.2,80.37,1.0
8758,290,55,2790,580,879.2,105.66,1.0
8759,284,10,2784,568,879.19,142.59,1.0
8760,239,51,2739,478,879.15,95.93,1.0
8761,151,37,2651,302,879.14,73.65,1.0
8762,166,33,2666,332,879.14,73.0,1.0
8763,171,33,2671,342,879.14,76.71,1.0
8764,181,9,2681,362,879.13,119.66,1.0
8765,196,46,2696,392,879.13,82.63,1.0
8766,166,37,2666,332,879.12,74.92,1.0
8767,253,49,2753,506,879.1,85.37,1.0
8768,157,11,2657,314,879.08,118.42,1.0
8769,176,35,2676,352,879.06,78.33,1.0
8770,255,53,2755,510,879.06,84.81,1.0
8771,143,34,2643,286,878.98,75.92,1.0
8772,186,44,2686,372,878.98,77.5,1.0
8773,224,52,2724,448,878.96,89.91,1.0
8774,90,8,2590,180,878.95,109.61,1.0
8775,294,53,2794,588,878.94,99.37,1.0
8776,197,48,2697,394,878.93,87.37,1.0
8777,138,39,2638,276,878.9,73.08,1.0
8778,166,35,2666,332,878.89,74.84,1.0
8779,288,54,2788,576,878.88,91.24,1.0
8780,79,28,2579,158,878.84,69.67,1.0
8781,62,28,2562,124,878.83,71.93,1.0
8782,207,47,2707,414,878.82,83.13,1.0
8783,165,36,2665,330,878.81,84.43,1.0
8784,168,9,2668,336,878.8,119.74,1.0
8785,167,46,2667,334,878.79,81.31,1.0
8786,151,33,2651,302,878.78,78.61,1.0
8787,205,9,2705,410,878.76,121.95,1.0
8788,32,8,2532,64,878.75,82.44,1.0
8789,187,41,2687,374,878.72,76.36,1.0
8790,158,39,2658,316,878.7,82.91,1.0
8791,168,30,2668,336,878.7,83.36,1.0
8792,119,8,2619,238,878.68,108.91,1.0
8793,240,50,2740,480,878.64,92.76,1.0
8794,143,45,2643,286,878.62,73.22,1.0
8795,90,28,2590,180,878.6,75.72,1.0
8796,229,46,2729,458,878.6,95.68,1.0
8797,250,11,2750,500,878.6,130.44,1.0
8798,143,38,2643,286,878.58,71.41,1.0
8799,99,9,2599,198,878.56,102.33,1.0
8800,154,44,2654,308,878.56,77.55,1.0
8801,234,53,2734,468,878.56,102.35,1.0
8802,148,8,2648,296,878.55,105.21,1.0
8803,192,45,2692,384,878.54,82.54,1.0
8804,84,29,2584,168,878.52,69.89,1.0
8805,146,31,2646,292,878.52,73.24,1.0
8806,72,8,2572,144,878.51,100.01,1.0
8807,195,47,2695,390,878.49,83.92,1.0
8808,115,9,2615,230,878.48,104.65,1.0
8809,186,33,2686,372,878.44,73.95,1.0
8810,241,50,2741,482,878.44,86.45,1.0
8811,235,10,2735,470,878.4,119.01,1.0
8812,185,35,2685,370,878.39,85.75,1.0
8813,208,51,2708,416,878.39,83.27,1.0
8814,35,8,2535,70,878.38,82.45,1.0
8815,152,38,2652,304,878.35,75.72,1.0
8816,166,42,2666,332,878.35,67.75,1.0
8817,40,27,2540,80,878.34,66.07,1.0
8818,108,9,2608,216,878.34,103.83,1.0
8819,140,38,2640,280,878.34,75.39,1.0
8820,118,31,2618,236,878.31,71.92,1.0
8821,14,7,2514,28,878.3,78.14,1.0
8822,144,42,2644,288,878.28,76.64,1.0
8823,144,40,2644,288,878.27,73.85,1.0
8824,138,34,2638,276,878.26,71.12,1.0
8825,215,53,2715,430,878.26,93.87,1.0
8826,190,9,2690,380,878.25,113.33,1.0
8827,140,41,2640,280,878.2,71.18,1.0
8828,18,27,2518,36,878.19,69.83,1.0
8829,188,38,2688,376,878.19,79.95,1.0
8830,163,45,2663,326,878.17,72.74,1.0
8831,138,32,2638,276,878.09,70.52,1.0
8832,47,7,2547,94,878.08,84.98,1.0
8833,185,32,2685,370,878.06,76.25,1.0
8834,175,36,2675,350,878.03,74.77,1.0
8835,158,32,2658,316,877.96,82.69,1.0
8836,215,9,2715,430,877.96,113.79,1.0
8837,176,36,2676,352,877.94,83.86,1.0
8838,149,41,2649,298,877.89,76.23,1.0
8839,96,10,2596,192,877.88,100.81,1.0
8840,95,28,2595,190,877.88,76.31,1.0
8841,143,32,2643,286,877.84,71.18,1.0
8842,72,28,2572,144,877.81,74.17,1.0
8843,175,34,2675,350,877.81,74.93,1.0
8844,152,36,2652,304,877.8,72.52,1.0
8845,144,30,2644,288,877.78,74.21,1.0
8846,164,41,2664,328,877.77,69.95,1.0
8847,219,49,2719,438,877.76,85.74,1.0
8848,174,46,2674,348,877.75,74.59,1.0
8849,284,52,2784,568,877.75,97.47,1.0
8850,149,30,2649,298,877.74,69.15,1.0
8851,188,40,2688,376,877.73,89.22,1.0
8852,118,39,2618,236,877.72,76.43,1.0
8853,182,50,2682,364,877.7,90.84,1.0
8854,264,52,2764,528,877.68,89.01,1.0
8855,186,30,2686,372,877.67,82.03,1.0
8856,138,37,2638,276,877.64,73.25,1.0
8857,165,47,2665,330,877.64,74.32,1.0
8858,166,38,2666,332,877.64,67.95,1.0
8859,277,53,2777,554,877.64,100.95,1.0
8860,154,40,2654,308,877.62,80.32,1.0
8861,211,51,2711,422,877.61,85.4,1.0
8862,164,33,2664,328,877.58,70.02,1.0
8863,135,38,2635,270,877.57,80.64,1.0
8864,269,49,2769,538,877.54,100.49,1.0
8865,168,36,2668,336,877.51,75.74,1.0
8866,162,37,2662,324,877.5,83.2,1.0
8867,176,9,2676,352,877.46,116.17,1.0
8868,152,42,2652,304,877.43,78.7,1.0
8869,188,33,2688,376,877.43,86.61,1.0
8870,268,11,2768,536,877.42,141.0,1.0
8871,106,29,2606,212,877.41,74.7,1.0
8872,98,9,2598,196,877.4,112.98,1.0
8873,222,9,2722,444,877.36,133.93,1.0
8874,250,52,2750,500,877.35,87.58,1.0
8875,209,9,2709,418,877.34,129.52,1.0
8876,264,51,2764,528,877.34,84.55,1.0
8877,224,51,2724,448,877.33,97.37,1.0
8878,241,51,2741,482,877.33,94.68,1.0
8879,262,53,2762,524,877.33,91.33,1.0
8880,212,10,2712,424,877.32,126.02,1.0
8881,245,10,2745,490,877.31,131.01,1.0
8882,164,42,2664,328,877.3,76.56,1.0
8883,152,37,2652,304,877.27,66.91,1.0
8884,166,45,2666,332,877.24,76.68,1.0
8885,168,41,2668,336,877.24,79.02,1.0
8886,265,53,2765,530,877.24,97.75,1.0
8887,262,52,2762,524,877.22,95.85,1.0
8888,151,44,2651,302,877.19,81.1,1.0
8889,174,45,2674,348,877.17,76.98,1.0
8890,152,31,2652,304,877.13,75.14,1.0
8891,120,9,2620,240,877.1,105.38,1.0
8892,239,53,2739,478,877.07,92.89,1.0
8893,79,8,2579,158,877.06,97.04,1.0
8894,140,40,2640,280,877.06,72.7,1.0
8895,212,37,2712,424,877.06,97.31,1.0
8896,169,30,2669,338,877.02,77.44,1.0
8897,228,49,2728,456,877.02,84.91,1.0
8898,150,9,2650,300,877.01,114.16,1.0
8899,140,44,2640,280,876.99,78.19,1.0
8900,207,49,2707,414,876.98,80.59,1.0
8901,222,52,2722,444,876.88,94.67,1.0
8902,154,45,2654,308,876.87,81.01,1.0
8903,151,38,2651,302,876.86,82.7,1.0
8904,166,10,2666,332,876.86,109.49,1.0
8905,87,9,2587,174,876.84,101.39,1.0
8906,93,8,2593,186,876.83,95.21,1.0
8907,244,49,2744,488,876.82,93.2,1.0
8908,175,35,2675,350,876.8,82.41,1.0
8909,146,35,2646,292,876.78,76.09,1.0
8910,206,9,2706,412,876.77,120.83,1.0
8911,146,30,2646,292,876.73,70.55,1.0
8912,224,53,2724,448,876.73,90.34,1.0
8913,159,35,2659,318,876.71,86.4,1.0
8914,172,47,2672,344,876.7,85.6,1.0
8915,201,47,2701,402,876.66,78.92,1.0
8916,199,51,2699,398,876.64,81.75,1.0
8917,153,31,2653,306,876.62,70.97,1.0
8918,131,9,2631,262,876.61,115.1,1.0
8919,258,10,2758,516,876.61,143.12,1.0
8920,261,50,2761,522,876.54,89.5,1.0
8921,71,8,2571,142,876.5,101.61,1.0
8922,186,38,2686,372,876.48,75.06,1.0
8923,6,7,2506,12,876.44,72.09,1.0
8924,245,51,2745,490,876.43,84.32,1.0
8925,168,37,2668,336,876.41,74.3,1.0
8926,85,29,2585,170,876.29,75.52,1.0
8927,73,28,2573,146,876.28,66.05,1.0
8928,202,47,2702,404,876.26,87.46,1.0
8929,118,40,2618,236,876.24,71.5,1.0
8930,112,29,2612,224,876.23,72.72,1.0
8931,249,10,2749,498,876.22,129.92,1.0
8932,246,52,2746,492,876.2,90.7,1.0
8933,173,48,2673,346,876.15,73.25,1.0
8934,195,9,2695,390,876.15,112.18,1.0
8935,251,51,2751,502,876.15,90.23,1.0
8936,6,27,2506,12,876.12,60.09,1.0
8937,185,38,2685,370,876.08,77.2,1.0
8938,165,48,2665,330,876.07,79.73,1.0
8939,61,28,2561,122,876.02,75.09,1.0
8940,158,45,2658,316,876.02,82.56,1.0
8941,237,53,2737,474,876.0,97.88,1.0
8942,175,30,2675,350,875.96,78.58,1.0
8943,153,41,2653,306,875.95,80.02,1.0
8944,185,36,2685,370,875.95,82.29,1.0
8945,118,33,2618,236,875.94,67.7,1.0
8946,188,35,2688,376,875.92,82.05,1.0
8947,282,12,2782,564,875.89,129.15,1.0
8948,116,29,2616,232,875.88,76.15,1.0
8949,143,31,2643,286,875.88,65.99,1.0
8950,159,41,2659,318,875.87,80.72,1.0
8951,22,27,2522,44,875.86,60.16,1.0
8952,162,32,2662,324,875.85,75.51,1.0
8953,172,46,2672,344,875.83,84.25,1.0
8954,218,48,2718,436,875.79,86.52,1.0
8955,7,7,2507,14,875.78,78.18,1.0
8956,220,47,2720,440,875.78,87.53,1.0
8957,52,9,2552,104,875.73,91.42,1.0
8958,161,38,2661,322,875.72,75.35,1.0
8959,10,27,2510,20,875.71,64.41,1.0
8960,153,40,2653,306,875.7,81.83,1.0
8961,249,50,2749,498,875.7,89.0,1.0
8962,193,50,2693,386,875.69,88.68,1.0
8963,275,50,2775,550,875.69,91.26,1.0
8964,171,35,2671,342,875.64,78.54,1.0
8965,86,8,2586,172,875.62,93.69,1.0
8966,164,38,2664,328,875.6,78.45,1.0
8967,143,46,2643,286,875.58,80.34,1.0
8968,188,30,2688,376,875.57,81.44,1.0
8969,274,50,2774,548,875.57,96.87,1.0
8970,186,32,2686,372,875.56,71.61,1.0
8971,140,42,2640,280,875.55,73.28,1.0
8972,159,32,2659,318,875.55,84.28,1.0
8973,193,49,2693,386,875.52,92.29,1.0
8974,215,52,2715,430,875.5,79.41,1.0
8975,123,29,2623,246,875.41,73.34,1.0
8976,74,28,2574,148,875.4,76.57,1.0
8977,216,49,2716,432,875.4,78.16,1.0
8978,149,43,2649,298,875.38,72.66,1.0
8979,188,34,2688,376,875.38,83.04,1.0
8980,140,45,2640,280,875.36,74.36,1.0
8981,171,37,2671,342,875.36,76.72,1.0
8982,174,9,2674,348,875.35,110.79,1.0
8983,151,41,2651,302,875.32,82.19,1.0
8984,168,39,2668,336,875.28,76.87,1.0
8985,189,47,2689,378,875.27,83.09,1.0
8986,167,47,2667,334,875.25,81.63,1.0
8987,143,33,2643,286,875.16,72.31,1.0
8988,33,28,2533,66,875.14,67.93,1.0
8989,153,37,2653,306,875.09,79.76,1.0
8990,173,9,2673,346,875.06,113.53,1.0
8991,186,42,2686,372,875.02,77.43,1.0
8992,204,51,2704,408,874.94,90.85,1.0
8993,279,53,2779,558,874.93,94.03,1.0
8994,238,52,2738,476,874.92,83.85,1.0
8995,200,9,2700,400,874.91,113.54,1.0
8996,148,48,2648,296,874.86,73.36,1.0
8997,197,10,2697,394,874.77,113.37,1.0
8998,109,29,2609,218,874.76,73.42,1.0
8999,149,38,2649,298,874.74,69.75,1.0
9000,8,27,2508,16,874.73,61.25,1.0
9001,107,29,2607,214,874.71,82.23,1.0
9002,139,44,2639,278,874.71,74.2,1.0
9003,156,32,2656,312,874.7,65.87,1.0
9004,254,50,2754,508,874.68,91.08,1.0
9005,247,50,2747,494,874.67,92.6,1.0
9006,236,10,2736,472,874.66,129.13,1.0
9007,151,35,2651,302,874.65,78.71,1.0
9008,134,9,2634,268,874.64,105.44,1.0
9009,149,36,2649,298,874.62,72.21,1.0
9010,164,37,2664,328,874.62,78.6,1.0
9011,211,10,2711,422,874.61,121.01,1.0
9012,269,50,2769,538,874.59,97.3,1.0
9013,221,49,2721,442,874.49,82.61,1.0
9014,55,8,2555,110,874.47,93.57,1.0
9015,61,8,2561,122,874.46,86.83,1.0
9016,168,38,2668,336,874.46,75.36,1.0
9017,175,39,2675,350,874.46,73.59,1.0
9018,185,39,2685,370,874.45,83.55,1.0
9019,211,50,2711,422,874.45,92.62,1.0
9020,141,43,2641,282,874.44,75.84,1.0
9021,185,30,2685,370,874.44,82.1,1.0
9022,280,48,2780,560,874.44,93.88,1.0
9023,255,52,2755,510,874.43,96.01,1.0
9024,140,39,2640,280,874.42,77.42,1.0
9025,143,30,2643,286,874.41,80.23,1.0
9026,237,10,2737,474,874.41,130.94,1.0
9027,146,34,2646,292,874.4,71.99,1.0
9028,146,43,2646,292,874.4,70.54,1.0
9029,149,40,2649,298,874.36,74.42,1.0
9030,235,49,2735,470,874.36,92.97,1.0
9031,206,50,2706,412,874.33,84.92,1.0
9032,276,9,2776,552,874.32,137.52,1.0
9033,159,38,2659,318,874.28,86.05,1.0
9034,260,53,2760,520,874.21,91.2,1.0
9035,164,44,2664,328,874.15,76.15,1.0
9036,257,50,2757,514,874.14,87.76,1.0
9037,170,30,2670,340,874.1,75.63,1.0
9038,164,36,2664,328,874.09,79.47,1.0
9039,150,35,2650,300,874.08,75.3,1.0
9040,118,38,2618,236,874.04,70.04,1.0
9041,175,31,2675,350,874.02,67.86,1.0
9042,200,52,2700,400,873.99,78.45,1.0
9043,152,34,2652,304,873.96,70.77,1.0
9044,150,33,2650,300,873.93,76.46,1.0
9045,68,8,2568,136,873.9,92.81,1.0
9046,118,34,2618,236,873.9,70.29,1.0
9047,45,27,2545,90,873.87,70.82,1.0
9048,209,48,2709,418,873.86,84.27,1.0
9049,175,40,2675,350,873.81,81.01,1.0
9050,168,33,2668,336,873.79,75.46,1.0
9051,260,52,2760,520,873.76,88.2,1.0
9052,44,28,2544,88,873.74,59.59,1.0
9053,137,41,2637,274,873.73,68.9,1.0
9054,295,12,2795,590,873.7,140.99,1.0
9055,52,27,2552,104,873.67,58.31,1.0
9056,174,47,2674,348,873.62,69.08,1.0
9057,291,10,2791,582,873.59,130.53,1.0
9058,163,46,2663,326,873.54,77.17,1.0
9059,156,38,2656,312,873.53,77.11,1.0
9060,237,54,2737,474,873.53,93.87,1.0
9061,154,36,2654,308,873.52,81.34,1.0
9062,176,47,2676,352,873.49,86.19,1.0
9063,118,42,2618,236,873.48,74.32,1.0
9064,239,52,2739,478,873.47,90.21,1.0
9065,135,37,2635,270,873.43,76.19,1.0
9066,152,30,2652,304,873.42,70.31,1.0
9067,236,49,2736,472,873.42,95.64,1.0
9068,131,29,2631,262,873.41,78.34,1.0
9069,155,9,2655,310,873.41,110.07,1.0
9070,170,46,2670,340,873.41,77.37,1.0
9071,7,27,2507,14,873.4,67.67,1.0
9072,189,48,2689,378,873.39,82.12,1.0
9073,223,51,2723,446,873.37,80.02,1.0
9074,159,34,2659,318,873.32,86.8,1.0
9075,161,37,2661,322,873.32,77.85,1.0
9076,73,8,2573,146,873.31,92.85,1.0
9077,269,11,2769,538,873.3,120.79,1.0
9078,140,43,2640,280,873.29,74.49,1.0
9079,151,32,2651,302,873.28,84.76,1.0
9080,175,33,2675,350,873.26,80.46,1.0
9081,252,53,2752,504,873.26,93.32,1.0
9082,186,31,2686,372,873.24,73.49,1.0
9083,138,33,2638,276,873.22,72.5,1.0
9084,170,47,2670,340,873.22,79.85,1.0
9085,171,46,2671,342,873.21,76.59,1.0
9086,258,51,2758,516,873.21,93.9,1.0
9087,143,41,2643,286,873.15,73.93,1.0
9088,273,51,2773,546,873.13,90.46,1.0
9089,146,41,2646,292,873.12,76.72,1.0
9090,152,41,2652,304,873.09,76.03,1.0
9091,188,39,2688,376,873.09,80.94,1.0
9092,27,9,2527,54,873.07,77.48,1.0
9093,154,9,2654,308,873.05,115.2,1.0
9094,138,45,2638,276,873.03,74.18,1.0
9095,147,41,2647,294,873.01,71.66,1.0
9096,146,33,2646,292,873.0,68.55,1.0
9097,186,36,2686,372,873.0,72.7,1.0
9098,255,10,2755,510,873.0,137.84,1.0
9099,101,9,2601,202,872.98,98.16,1.0
9100,168,44,2668,336,872.96,75.92,1.0
9101,118,35,2618,236,872.94,70.5,1.0
9102,159,40,2659,318,872.94,83.29,1.0
9103,165,9,2665,330,872.93,123.37,1.0
9104,169,43,2669,338,872.92,91.73,1.0
9105,289,10,2789,578,872.91,152.47,1.0
9106,64,8,2564,128,872.88,101.67,1.0
9107,185,43,2685,370,872.88,77.01,1.0
9108,144,44,2644,288,872.8,76.63,1.0
9109,185,33,2685,370,872.8,81.74,1.0
9110,149,35,2649,298,872.79,74.43,1.0
9111,70,8,2570,140,872.78,103.43,1.0
9112,161,36,2661,322,872.76,81.69,1.0
9113,208,52,2708,416,872.76,83.84,1.0
9114,209,47,2709,418,872.76,93.05,1.0
9115,161,42,2661,322,872.74,81.05,1.0
9116,55,28,2555,110,872.72,70.13,1.0
9117,118,45,2618,236,872.7,71.63,1.0
9118,270,51,2770,540,872.68,94.54,1.0
9119,159,43,2659,318,872.66,82.16,1.0
9120,139,41,2639,278,872.64,73.79,1.0
9121,154,38,2654,308,872.63,71.99,1.0
9122,161,44,2661,322,872.62,80.75,1.0
9123,156,35,2656,312,872.58,71.46,1.0
9124,143,44,2643,286,872.56,66.5,1.0
9125,175,37,2675,350,872.52,78.48,1.0
9126,207,48,2707,414,872.52,83.67,1.0
9127,82,8,2582,164,872.5,89.28,1.0
9128,168,42,2668,336,872.5,77.1,1.0
9129,111,29,2611,222,872.38,69.39,1.0
9130,161,34,2661,322,872.35,80.12,1.0
9131,98,29,2598,196,872.33,77.1,1.0
9132,164,45,2664,328,872.32,73.26,1.0
9133,190,49,2690,380,872.31,80.72,1.0
9134,192,48,2692,384,872.28,85.13,1.0
9135,105,29,2605,210,872.27,78.86,1.0
9136,162,46,2662,324,872.26,72.79,1.0
9137,203,49,2703,406,872.18,88.43,1.0
9138,220,49,2720,440,872.18,89.12,1.0
9139,139,30,2639,278,872.14,74.48,1.0
9140,169,46,2669,338,872.14,82.54,1.0
9141,133,9,2633,266,872.13,107.67,1.0
9142,261,51,2761,522,872.11,89.06,1.0
9143,156,43,2656,312,872.1,72.74,1.0
9144,4,27,2504,8,872.06,62.31,1.0
9145,83,29,2583,166,872.06,70.3,1.0
9146,219,48,2719,438,872.05,87.5,1.0
9147,149,39,2649,298,872.04,73.66,1.0
9148,161,30,2661,322,872.04,81.31,1.0
9149,150,31,2650,300,872.03,78.3,1.0
9150,135,31,2635,270,872.0,76.46,1.0
9151,277,10,2777,554,871.99,133.39,1.0
9152,161,10,2661,322,871.97,125.24,1.0
9153,203,48,2703,406,871.94,86.43,1.0
9154,179,47,2679,358,871.87,79.79,1.0
9155,81,8,2581,162,871.86,105.32,1.0
9156,51,28,2551,102,871.81,69.45,1.0
9157,149,44,2649,298,871.81,71.11,1.0
9158,172,49,2672,344,871.81,78.09,1.0
9159,210,49,2710,420,871.8,85.19,1.0
9160,150,32,2650,300,871.78,83.15,1.0
9161,180,49,2680,360,871.78,83.37,1.0
9162,228,51,2728,456,871.74,95.55,1.0
9163,12,7,2512,24,871.73,73.51,1.0
9164,242,50,2742,484,871.72,104.91,1.0
9165,9,27,2509,18,871.69,67.0,1.0
9166,232,51,2732,464,871.69,90.83,1.0
9167,64,28,2564,128,871.68,78.46,1.0
9168,150,39,2650,300,871.68,80.38,1.0
9169,175,32,2675,350,871.68,72.45,1.0
9170,158,46,2658,316,871.66,78.61,1.0
9171,178,53,2678,356,871.65,92.55,1.0
9172,156,30,2656,312,871.62,69.59,1.0
9173,135,43,2635,270,871.61,75.14,1.0
9174,132,29,2632,264,871.61,72.5,1.0
9175,147,9,2647,294,871.56,107.31,1.0
9176,181,47,2681,362,871.56,86.8,1.0
9177,125,41,2625,250,871.53,70.38,1.0
9178,291,54,2791,582,871.53,101.28,1.0
9179,153,45,2653,306,871.47,81.72,1.0
9180,139,36,2639,278,871.44,74.31,1.0
9181,146,32,2646,292,871.42,76.72,1.0
9182,152,43,2652,304,871.4,74.83,1.0
9183,3,27,2503,6,871.37,65.58,1.0
9184,186,11,2686,372,871.34,113.48,1.0
9185,217,52,2717,434,871.34,84.33,1.0
9186,228,50,2728,456,871.34,83.41,1.0
9187,95,8,2595,190,871.32,100.67,1.0
9188,110,8,2610,220,871.32,105.9,1.0
9189,158,48,2658,316,871.31,86.01,1.0
9190,223,52,2723,446,871.31,97.03,1.0
9191,210,47,2710,420,871.3,74.25,1.0
9192,243,52,2743,486,871.28,94.22,1.0
9193,150,37,2650,300,871.26,73.74,1.0
9194,147,40,2647,294,871.22,74.98,1.0
9195,186,40,2686,372,871.22,74.18,1.0
9196,139,33,2639,278,871.21,74.53,1.0
9197,105,9,2605,210,871.2,103.81,1.0
9198,179,49,2679,358,871.2,89.59,1.0
9199,159,42,2659,318,871.18,86.66,1.0
9200,277,55,2777,554,871.15,104.41,1.0
9201,118,32,2618,236,871.14,71.75,1.0
9202,152,9,2652,304,871.1,114.92,1.0
9203,147,32,2647,294,871.08,73.31,1.0
9204,26,7,2526,52,871.07,75.73,1.0
9205,118,30,2618,236,871.07,74.59,1.0
9206,125,44,2625,250,871.06,73.91,1.0
9207,130,29,2630,260,871.06,67.98,1.0
9208,151,36,2651,302,871.06,78.86,1.0
9209,161,43,2661,322,871.04,80.2,1.0
9210,248,52,2748,496,871.04,92.14,1.0
9211,294,54,2794,588,871.04,95.62,1.0
9212,138,46,2638,276,871.03,75.12,1.0
9213,136,41,2636,272,871.02,80.08,1.0
9214,143,36,2643,286,870.98,67.54,1.0
9215,57,8,2557,114,870.95,76.75,1.0
9216,261,49,2761,522,870.94,90.63,1.0
9217,273,10,2773,546,870.94,132.6,1.0
9218,163,47,2663,326,870.92,79.65,1.0
9219,143,39,2643,286,870.91,75.69,1.0
9220,238,9,2738,476,870.91,133.97,1.0
9221,2,27,2502,4,870.89,67.2,1.0
9222,138,35,2638,276,870.88,78.46,1.0
9223,149,34,2649,298,870.85,71.03,1.0
9224,27,27,2527,54,870.84,61.51,1.0
9225,146,44,2646,292,870.82,71.2,1.0
9226,267,52,2767,534,870.77,84.1,1.0
9227,165,49,2665,330,870.76,89.45,1.0
9228,149,33,2649,298,870.7,75.11,1.0
9229,152,45,2652,304,870.68,77.47,1.0
9230,226,9,2726,452,870.67,124.35,1.0
9231,275,51,2775,550,870.67,97.75,1.0
9232,118,37,2618,236,870.66,73.35,1.0
9233,179,48,2679,358,870.64,79.19,1.0
9234,290,10,2790,580,870.64,143.94,1.0
9235,129,44,2629,258,870.63,69.45,1.0
9236,142,8,2642,284,870.58,111.1,1.0
9237,129,30,2629,258,870.57,71.35,1.0
9238,151,9,2651,302,870.57,116.2,1.0
9239,200,53,2700,400,870.57,84.35,1.0
9240,118,43,2618,236,870.56,78.94,1.0
9241,214,53,2714,428,870.56,78.56,1.0
9242,136,38,2636,272,870.55,80.46,1.0
9243,160,30,2660,320,870.55,68.63,1.0
9244,127,29,2627,254,870.54,73.98,1.0
9245,138,44,2638,276,870.5,76.35,1.0
9246,147,30,2647,294,870.48,71.01,1.0
9247,249,51,2749,498,870.47,84.97,1.0
9248,189,49,2689,378,870.46,86.4,1.0
9249,281,50,2781,562,870.46,87.22,1.0
9250,139,32,2639,278,870.44,70.12,1.0
9251,63,28,2563,126,870.42,79.78,1.0
9252,156,37,2656,312,870.41,75.18,1.0
9253,16,7,2516,32,870.34,77.46,1.0
9254,154,46,2654,308,870.32,74.39,1.0
9255,209,49,2709,418,870.3,88.42,1.0
9256,221,10,2721,442,870.29,118.38,1.0
9257,150,34,2650,300,870.28,79.5,1.0
9258,92,8,2592,184,870.27,109.5,1.0
9259,175,38,2675,350,870.26,75.29,1.0
9260,206,51,2706,412,870.22,92.07,1.0
9261,161,45,2661,322,870.21,83.38,1.0
9262,266,51,2766,532,870.2,81.08,1.0
9263,187,47,2687,374,870.19,83.89,1.0
9264,247,10,2747,494,870.19,118.59,1.0
9265,185,44,2685,370,870.15,85.21,1.0
9266,143,37,2643,286,870.14,72.8,1.0
9267,177,47,2677,354,870.12,78.02,1.0
9268,244,50,2744,488,870.12,94.66,1.0
9269,272,11,2772,544,870.08,136.48,1.0
9270,201,48,2701,402,870.07,87.46,1.0
9271,138,47,2638,276,870.05,75.94,1.0
9272,290,56,2790,580,870.03,107.49,1.0
9273,146,37,2646,292,870.02,73.44,1.0
9274,230,47,2730,460,870.02,87.18,1.0
9275,93,29,2593,186,870.01,69.88,1.0
9276,136,39,2636,272,870.01,75.18,1.0
9277,207,50,2707,414,870.0,83.71,1.0
9278,125,38,2625,250,869.98,69.66,1.0
9279,161,32,2661,322,869.98,82.52,1.0
9280,191,47,2691,382,869.96,76.43,1.0
9281,162,9,2662,324,869.95,112.56,1.0
9282,147,39,2647,294,869.94,70.74,1.0
9283,141,41,2641,282,869.91,74.16,1.0
9284,185,46,2685,370,869.91,79.43,1.0
9285,135,42,2635,270,869.9,80.96,1.0
9286,53,8,2553,106,869.88,85.05,1.0
9287,178,52,2678,356,869.84,91.6,1.0
9288,146,38,2646,292,869.83,73.02,1.0
9289,147,43,2647,294,869.82,76.34,1.0
9290,125,32,2625,250,869.74,77.94,1.0
9291,139,38,2639,278,869.71,67.39,1.0
9292,175,46,2675,350,869.67,71.32,1.0
9293,147,36,2647,294,869.61,74.16,1.0
9294,191,48,2691,382,869.61,89.36,1.0
9295,0,27,2500,0,869.59,64.57,1.0
9296,135,35,2635,270,869.58,72.73,1.0
9297,139,35,2639,278,869.58,69.56,1.0
9298,149,9,2649,298,869.57,111.11,1.0
9299,156,39,2656,312,869.56,82.13,1.0
9300,297,11,2797,594,869.56,141.86,1.0
9301,143,40,2643,286,869.47,74.97,1.0
9302,279,10,2779,558,869.44,128.25,1.0
9303,222,53,2722,444,869.42,87.09,1.0
9304,146,36,2646,292,869.41,75.55,1.0
9305,156,40,2656,312,869.41,80.57,1.0
9306,202,48,2702,404,869.41,78.84,1.0
9307,28,28,2528,56,869.38,69.06,1.0
9308,140,48,2640,280,869.32,71.02,1.0
9309,193,51,2693,386,869.3,96.42,1.0
9310,186,45,2686,372,869.29,69.47,1.0
9311,218,49,2718,436,869.22,94.05,1.0
9312,125,42,2625,250,869.14,73.43,1.0
9313,176,48,2676,352,869.13,81.64,1.0
9314,203,51,2703,406,869.13,85.45,1.0
9315,158,38,2658,316,869.07,77.48,1.0
9316,65,28,2565,130,869.0,64.96,1.0
9317,156,36,2656,312,869.0,75.38,1.0
9318,118,46,2618,236,868.94,73.55,1.0
9319,141,34,2641,282,868.94,71.22,1.0
9320,172,48,2672,344,868.94,70.59,1.0
9321,120,29,2620,240,868.92,77.94,1.0
9322,276,52,2776,552,868.92,91.1,1.0
9323,292,55,2792,584,868.9,99.59,1.0
9324,174,48,2674,348,868.89,83.66,1.0
9325,182,9,2682,364,868.86,115.47,1.0
9326,151,31,2651,302,868.84,78.36,1.0
9327,168,40,2668,336,868.84,71.11,1.0
9328,156,44,2656,312,868.82,69.74,1.0
9329,186,46,2686,372,868.8,74.35,1.0
9330,220,48,2720,440,868.78,88.45,1.0
9331,161,31,2661,322,868.72,77.74,1.0
9332,212,46,2712,424,868.72,92.43,1.0
9333,254,10,2754,508,868.72,132.2,1.0
9334,184,48,2684,368,868.69,81.17,1.0
9335,81,28,2581,162,868.67,65.81,1.0
9336,102,8,2602,204,868.67,101.97,1.0
9337,166,46,2666,332,868.63,76.86,1.0
9338,226,51,2726,452,868.63,87.81,1.0
9339,157,10,2657,314,868.61,116.16,1.0
9340,126,32,2626,252,868.56,75.26,1.0
9341,195,48,2695,390,868.56,79.32,1.0
9342,5,27,2505,10,868.53,62.63,1.0
9343,126,34,2626,252,868.53,69.29,1.0
9344,150,38,2650,300,868.5,74.91,1.0
9345,137,39,2637,274,868.46,74.21,1.0
9346,151,30,2651,302,868.42,74.78,1.0
9347,207,9,2707,414,868.4,128.94,1.0
9348,45,8,2545,90,868.37,73.35,1.0
9349,168,45,2668,336,868.37,75.74,1.0
9350,13,27,2513,26,868.35,63.58,1.0
9351,175,45,2675,350,868.31,81.33,1.0
9352,283,54,2783,566,868.3,103.45,1.0
9353,30,7,2530,60,868.28,92.14,1.0
9354,280,12,2780,560,868.28,131.73,1.0
9355,169,45,2669,338,868.27,82.4,1.0
9356,236,50,2736,472,868.27,84.62,1.0
9357,292,54,2792,584,868.22,98.74,1.0
9358,182,51,2682,364,868.2,84.08,1.0
9359,164,40,2664,328,868.19,74.86,1.0
9360,173,49,2673,346,868.15,76.01,1.0
9361,156,41,2656,312,868.14,74.39,1.0
9362,235,50,2735,470,868.11,80.77,1.0
9363,160,40,2660,320,868.1,79.06,1.0
9364,177,8,2677,354,868.01,108.9,1.0
9365,184,49,2684,368,868.0,84.01,1.0
9366,147,35,2647,294,867.99,75.15,1.0
9367,233,51,2733,466,867.98,90.16,1.0
9368,135,45,2635,270,867.95,76.67,1.0
9369,220,10,2720,440,867.95,126.96,1.0
9370,141,32,2641,282,867.94,68.11,1.0
9371,256,55,2756,512,867.92,99.48,1.0
9372,243,10,2743,486,867.86,150.47,1.0
9373,151,45,2651,302,867.82,82.37,1.0
9374,185,42,2685,370,867.82,87.63,1.0
9375,150,8,2650,300,867.78,114.03,1.0
9376,149,46,2649,298,867.74,69.9,1.0
9377,186,39,2686,372,867.73,73.58,1.0
9378,274,51,2774,548,867.73,97.37,1.0
9379,135,44,2635,270,867.72,80.52,1.0
9380,230,48,2730,460,867.72,90.81,1.0
9381,183,53,2683,366,867.71,86.69,1.0
9382,160,34,2660,320,867.67,77.25,1.0
9383,150,43,2650,300,867.66,79.52,1.0
9384,76,29,2576,152,867.63,67.37,1.0
9385,139,31,2639,278,867.63,70.82,1.0
9386,125,40,2625,250,867.62,72.77,1.0
9387,260,10,2760,520,867.62,133.13,1.0
9388,184,9,2684,368,867.61,111.73,1.0
9389,146,42,2646,292,867.57,74.26,1.0
9390,213,47,2713,426,867.56,84.53,1.0
9391,252,9,2752,504,867.55,129.03,1.0
9392,148,49,2648,296,867.53,73.79,1.0
9393,199,52,2699,398,867.53,86.37,1.0
9394,126,39,2626,252,867.49,74.15,1.0
9395,146,40,2646,292,867.46,72.97,1.0
9396,293,53,2793,586,867.46,105.86,1.0
9397,140,46,2640,280,867.45,71.8,1.0
9398,244,10,2744,488,867.44,140.51,1.0
9399,272,53,2772,544,867.44,96.21,1.0
9400,150,42,2650,300,867.43,78.12,1.0
9401,159,44,2659,318,867.43,85.96,1.0
9402,126,33,2626,252,867.4,76.31,1.0
9403,227,54,2727,454,867.4,90.52,1.0
9404,196,48,2696,392,867.37,86.88,1.0
9405,126,36,2626,252,867.36,70.87,1.0
9406,249,52,2749,498,867.34,88.97,1.0
9407,257,51,2757,514,867.27,100.05,1.0
9408,136,42,2636,272,867.22,73.61,1.0
9409,202,49,2702,404,867.2,89.03,1.0
9410,160,33,2660,320,867.18,75.54,1.0
9411,139,40,2639,278,867.15,74.52,1.0
9412,108,29,2608,216,867.14,70.46,1.0
9413,118,47,2618,236,867.13,75.21,1.0
9414,269,10,2769,538,867.13,124.2,1.0
9415,118,44,2618,236,867.12,72.97,1.0
9416,141,35,2641,282,867.11,74.42,1.0
9417,214,52,2714,428,867.1,83.31,1.0
9418,149,37,2649,298,867.09,73.86,1.0
9419,292,10,2792,584,867.09,129.92,1.0
9420,141,8,2641,282,867.08,107.71,1.0
9421,208,9,2708,416,867.06,126.11,1.0
9422,272,52,2772,544,867.06,97.39,1.0
9423,218,10,2718,436,867.0,129.94,1.0
9424,151,34,2651,302,866.99,81.92,1.0
9425,171,47,2671,342,866.98,82.46,1.0
9426,225,48,2725,450,866.97,95.66,1.0
9427,0,7,2500,0,866.96,71.18,1.0
9428,88,29,2588,176,866.96,67.15,1.0
9429,156,31,2656,312,866.96,74.82,1.0
9430,66,28,2566,132,866.94,65.57,1.0
9431,296,52,2796,592,866.93,98.66,1.0
9432,233,53,2733,466,866.91,98.44,1.0
9433,297,51,2797,594,866.9,98.2,1.0
9434,94,29,2594,188,866.86,74.68,1.0
9435,161,33,2661,322,866.86,77.79,1.0
9436,198,50,2698,396,866.86,79.53,1.0
9437,216,50,2716,432,866.85,77.36,1.0
9438,139,39,2639,278,866.82,67.38,1.0
9439,188,45,2688,376,866.8,75.77,1.0
9440,136,44,2636,272,866.78,77.32,1.0
9441,164,39,2664,328,866.77,77.27,1.0
9442,270,52,2770,540,866.76,97.99,1.0
9443,295,52,2795,590,866.76,94.62,1.0
9444,141,33,2641,282,866.72,82.43,1.0
9445,144,47,2644,288,866.67,74.01,1.0
9446,210,10,2710,420,866.67,119.48,1.0
9447,160,45,2660,320,866.65,74.12,1.0
9448,91,29,2591,182,866.57,76.19,1.0
9449,177,50,2677,354,866.57,82.15,1.0
9450,241,52,2741,482,866.56,93.72,1.0
9451,143,48,2643,286,866.53,79.53,1.0
9452,286,51,2786,572,866.52,98.77,1.0
9453,282,51,2782,564,866.5,90.75,1.0
9454,141,44,2641,282,866.49,69.38,1.0
9455,263,55,2763,526,866.46,101.67,1.0
9456,149,45,2649,298,866.44,84.73,1.0
9457,196,49,2696,392,866.43,88.17,1.0
9458,258,50,2758,516,866.4,86.64,1.0
9459,119,35,2619,238,866.34,71.47,1.0
9460,211,9,2711,422,866.34,124.29,1.0
9461,226,52,2726,452,866.3,96.31,1.0
9462,124,9,2624,248,866.28,114.43,1.0
9463,276,53,2776,552,866.24,100.04,1.0
9464,126,42,2626,252,866.22,75.49,1.0
9465,160,32,2660,320,866.22,81.41,1.0
9466,91,8,2591,182,866.18,108.19,1.0
9467,156,34,2656,312,866.17,77.06,1.0
9468,84,7,2584,168,866.14,94.41,1.0
9469,256,56,2756,512,866.14,98.09,1.0
9470,125,31,2625,250,866.11,68.58,1.0
9471,152,40,2652,304,866.09,75.81,1.0
9472,253,10,2753,506,866.05,120.71,1.0
9473,4,7,2504,8,866.04,70.84,1.0
9474,125,33,2625,250,866.01,72.63,1.0
9475,139,34,2639,278,866.01,73.84,1.0
9476,121,8,2621,242,865.99,99.54,1.0
9477,229,49,2729,458,865.99,89.54,1.0
9478,231,53,2731,462,865.96,83.35,1.0
9479,99,29,2599,198,865.93,77.49,1.0
9480,175,43,2675,350,865.93,82.93,1.0
9481,177,49,2677,354,865.91,74.87,1.0
9482,211,52,2711,422,865.78,88.1,1.0
9483,160,43,2660,320,865.77,82.79,1.0
9484,147,34,2647,294,865.76,76.05,1.0
9485,285,54,2785,570,865.76,102.91,1.0
9486,135,33,2635,270,865.72,75.55,1.0
9487,196,50,2696,392,865.7,89.73,1.0
9488,132,9,2632,264,865.68,114.41,1.0
9489,161,35,2661,322,865.65,80.94,1.0
9490,248,53,2748,496,865.65,103.28,1.0
9491,152,46,2652,304,865.64,72.01,1.0
9492,136,30,2636,272,865.63,71.98,1.0
9493,125,30,2625,250,865.62,73.22,1.0
9494,169,47,2669,338,865.61,79.3,1.0
9495,185,45,2685,370,865.58,79.59,1.0
9496,278,10,2778,556,865.58,138.49,1.0
9497,246,53,2746,492,865.56,93.6,1.0
9498,135,32,2635,270,865.53,77.76,1.0
9499,160,35,2660,320,865.53,75.7,1.0
9500,136,32,2636,272,865.5,78.39,1.0
9501,87,29,2587,174,865.44,70.12,1.0
9502,136,9,2636,272,865.43,107.65,1.0
9503,150,41,2650,300,865.43,86.16,1.0
9504,140,47,2640,280,865.42,74.14,1.0
9505,113,44,2613,226,865.39,76.69,1.0
9506,169,35,2669,338,865.39,77.9,1.0
9507,167,48,2667,334,865.38,83.45,1.0
9508,160,39,2660,320,865.38,80.15,1.0
9509,223,10,2723,446,865.37,137.07,1.0
9510,225,46,2725,450,865.36,97.83,1.0
9511,240,51,2740,480,865.36,88.2,1.0
9512,217,51,2717,434,865.32,85.42,1.0
9513,147,44,2647,294,865.3,73.27,1.0
9514,146,45,2646,292,865.28,71.03,1.0
9515,129,47,2629,258,865.24,75.03,1.0
9516,168,46,2668,336,865.23,79.49,1.0
9517,125,36,2625,250,865.22,68.32,1.0
9518,146,39,2646,292,865.21,77.31,1.0
9519,257,52,2757,514,865.2,100.3,1.0
9520,100,29,2600,200,865.19,71.6,1.0
9521,166,48,2666,332,865.16,73.74,1.0
9522,227,55,2727,454,865.14,91.46,1.0
9523,278,54,2778,556,865.14,97.21,1.0
9524,188,46,2688,376,865.1,77.36,1.0
9525,140,49,2640,280,865.09,77.33,1.0
9526,144,46,2644,288,865.08,76.22,1.0
9527,78,28,2578,156,865.03,63.81,1.0
9528,136,36,2636,272,865.0,73.29,1.0
9529,217,53,2717,434,864.94,83.54,1.0
9530,34,7,2534,68,864.92,81.57,1.0
9531,147,37,2647,294,864.92,71.44,1.0
9532,289,54,2789,578,864.91,101.28,1.0
9533,139,42,2639,278,864.8,69.39,1.0
9534,141,30,2641,282,864.76,78.82,1.0
9535,129,33,2629,258,864.67,73.52,1.0
9536,147,33,2647,294,864.65,80.37,1.0
9537,136,37,2636,272,864.64,79.18,1.0
9538,199,53,2699,398,864.63,85.1,1.0
9539,129,39,2629,258,864.61,70.6,1.0
9540,153,47,2653,306,864.55,84.73,1.0
9541,126,40,2626,252,864.54,70.04,1.0
9542,273,52,2773,546,864.53,94.87,1.0
9543,63,8,2563,126,864.51,95.34,1.0
9544,175,9,2675,350,864.5,108.51,1.0
9545,200,54,2700,400,864.5,85.53,1.0
9546,295,53,2795,590,864.5,96.31,1.0
9547,118,7,2618,236,864.48,110.49,1.0
9548,136,45,2636,272,864.47,82.6,1.0
9549,129,35,2629,258,864.47,75.28,1.0
9550,15,7,2515,30,864.46,73.9,1.0
9551,126,31,2626,252,864.46,69.93,1.0
9552,9,7,2509,18,864.42,79.6,1.0
9553,243,53,2743,486,864.42,95.33,1.0
9554,287,57,2787,574,864.39,104.57,1.0
9555,19,28,2519,38,864.35,70.18,1.0
9556,194,9,2694,388,864.34,116.98,1.0
9557,50,8,2550,100,864.22,83.59,1.0
9558,125,34,2625,250,864.18,72.04,1.0
9559,247,51,2747,494,864.16,87.3,1.0
9560,284,53,2784,568,864.16,99.4,1.0
9561,164,47,2664,328,864.11,85.07,1.0
9562,194,49,2694,388,864.09,88.19,1.0
9563,125,43,2625,250,864.06,72.83,1.0
9564,272,10,2772,544,864.06,134.56,1.0
9565,300,55,2800,600,864.0,102.75,1.0
9566,129,40,2629,258,863.96,69.62,1.0
9567,214,9,2714,428,863.92,116.34,1.0
9568,137,36,2637,274,863.88,71.57,1.0
9569,166,47,2666,332,863.85,74.36,1.0
9570,126,35,2626,252,863.84,72.74,1.0
9571,30,28,2530,60,863.83,69.85,1.0
9572,126,41,2626,252,863.83,75.29,1.0
9573,137,8,2637,274,863.72,102.98,1.0
9574,250,53,2750,500,863.71,89.84,1.0
9575,268,10,2768,536,863.71,139.73,1.0
9576,171,9,2671,342,863.7,115.37,1.0
9577,59,8,2559,118,863.69,91.86,1.0
9578,163,49,2663,326,863.64,79.7,1.0
9579,19,7,2519,38,863.62,89.14,1.0
9580,151,42,2651,302,863.62,81.71,1.0
9581,58,8,2558,116,863.6,91.08,1.0
9582,129,31,2629,258,863.6,67.57,1.0
9583,118,41,2618,236,863.59,71.91,1.0
9584,85,7,2585,170,863.57,101.83,1.0
9585,151,43,2651,302,863.56,73.83,1.0
9586,160,36,2660,320,863.56,84.27,1.0
9587,31,28,2531,62,863.52,74.12,1.0
9588,260,54,2760,520,863.51,90.47,1.0
9589,241,9,2741,482,863.45,121.61,1.0
9590,283,53,2783,566,863.35,105.8,1.0
9591,181,48,2681,362,863.3,83.66,1.0
9592,23,7,2523,46,863.28,81.01,1.0
9593,142,32,2642,284,863.24,77.8,1.0
9594,14,28,2514,28,863.23,67.31,1.0
9595,161,9,2661,322,863.18,112.76,1.0
9596,161,46,2661,322,863.18,88.37,1.0
9597,204,9,2704,408,863.18,129.19,1.0
9598,136,43,2636,272,863.16,68.0,1.0
9599,217,50,2717,434,863.16,79.99,1.0
9600,147,42,2647,294,863.14,73.94,1.0
9601,103,29,2603,206,863.06,71.36,1.0
9602,125,39,2625,250,863.03,75.56,1.0
9603,160,42,2660,320,863.0,79.39,1.0
9604,126,38,2626,252,862.98,75.42,1.0
9605,152,44,2652,304,862.97,78.02,1.0
9606,135,36,2635,270,862.93,74.12,1.0
9607,139,43,2639,278,862.89,69.32,1.0
9608,17,27,2517,34,862.84,65.93,1.0
9609,106,8,2606,212,862.84,115.85,1.0
9610,42,28,2542,84,862.81,67.59,1.0
9611,148,51,2648,296,862.81,84.59,1.0
9612,182,52,2682,364,862.79,88.62,1.0
9613,125,37,2625,250,862.7,72.94,1.0
9614,160,38,2660,320,862.7,75.71,1.0
9615,119,39,2619,238,862.68,76.31,1.0
9616,191,50,2691,382,862.68,88.21,1.0
9617,127,8,2627,254,862.66,106.78,1.0
9618,129,36,2629,258,862.65,72.98,1.0
9619,158,47,2658,316,862.65,78.4,1.0
9620,141,38,2641,282,862.64,74.62,1.0
9621,233,52,2733,466,862.61,96.0,1.0
9622,136,34,2636,272,862.6,75.3,1.0
9623,151,46,2651,302,862.56,83.54,1.0
9624,139,45,2639,278,862.55,69.88,1.0
9625,141,42,2641,282,862.53,75.93,1.0
9626,125,35,2625,250,862.52,72.67,1.0
9627,160,31,2660,320,862.5,82.82,1.0
9628,129,45,2629,258,862.48,79.49,1.0
9629,156,45,2656,312,862.46,64.1,1.0
9630,285,10,2785,570,862.41,142.53,1.0
9631,178,54,2678,356,862.37,88.14,1.0
9632,298,10,2798,596,862.37,136.21,1.0
9633,221,51,2721,442,862.32,88.74,1.0
9634,21,28,2521,42,862.3,64.11,1.0
9635,231,52,2731,462,862.25,87.35,1.0
9636,136,40,2636,272,862.22,77.0,1.0
9637,159,46,2659,318,862.19,81.79,1.0
9638,195,49,2695,390,862.18,86.35,1.0
9639,156,9,2656,312,862.08,108.8,1.0
9640,119,37,2619,238,862.07,74.37,1.0
9641,220,50,2720,440,862.07,92.75,1.0
9642,210,48,2710,420,862.06,82.86,1.0
9643,119,42,2619,238,862.04,71.3,1.0
9644,294,10,2794,588,862.03,136.97,1.0
9645,245,52,2745,490,861.96,95.67,1.0
9646,154,47,2654,308,861.91,77.47,1.0
9647,142,41,2642,284,861.88,76.1,1.0
9648,198,51,2698,396,861.84,87.5,1.0
9649,135,40,2635,270,861.83,75.94,1.0
9650,53,28,2553,106,861.77,70.72,1.0
9651,89,8,2589,178,861.75,94.09,1.0
9652,125,45,2625,250,861.75,77.1,1.0
9653,113,33,2613,226,861.72,71.34,1.0
9654,174,50,2674,348,861.7,80.28,1.0
9655,137,38,2637,274,861.64,73.51,1.0
9656,149,31,2649,298,861.64,76.42,1.0
9657,230,10,2730,460,861.64,126.91,1.0
9658,11,27,2511,22,861.62,65.5,1.0
9659,183,54,2683,366,861.6,85.92,1.0
9660,254,52,2754,508,861.6,92.7,1.0
9661,126,37,2626,252,861.59,75.81,1.0
9662,39,28,2539,78,861.55,76.36,1.0
9663,147,31,2647,294,861.52,72.3,1.0
9664,280,49,2780,560,861.51,99.39,1.0
9665,129,8,2629,258,861.49,105.58,1.0
9666,150,30,2650,300,861.45,78.94,1.0
9667,141,45,2641,282,861.44,82.02,1.0
9668,77,8,2577,154,861.42,91.56,1.0
9669,142,43,2642,284,861.42,75.07,1.0
9670,219,51,2719,438,861.4,94.97,1.0
9671,134,29,2634,268,861.38,71.23,1.0
9672,175,41,2675,350,861.37,78.97,1.0
9673,37,7,2537,74,861.36,79.44,1.0
9674,199,8,2699,398,861.31,118.48,1.0
9675,197,49,2697,394,861.3,89.67,1.0
9676,216,51,2716,432,861.3,76.07,1.0
9677,97,8,2597,194,861.18,94.01,1.0
9678,184,51,2684,368,861.17,72.61,1.0
9679,255,54,2755,510,861.17,100.95,1.0
9680,273,53,2773,546,861.17,96.87,1.0
9681,250,54,2750,500,861.11,94.13,1.0
9682,26,28,2526,52,861.1,65.55,1.0
9683,171,48,2671,342,861.1,78.96,1.0
9684,186,47,2686,372,861.1,78.51,1.0
9685,84,35,2584,168,861.03,72.91,1.0
9686,51,7,2551,102,861.02,90.91,1.0
9687,142,40,2642,284,860.97,75.87,1.0
9688,126,44,2626,252,860.95,82.01,1.0
9689,163,48,2663,326,860.89,80.45,1.0
9690,189,9,2689,378,860.89,131.51,1.0
9691,213,48,2713,426,860.87,90.98,1.0
9692,166,9,2666,332,860.82,111.17,1.0
9693,296,10,2796,592,860.82,140.2,1.0
9694,119,30,2619,238,860.79,80.0,1.0
9695,242,51,2742,484,860.78,100.75,1.0
9696,289,55,2789,578,860.72,103.95,1.0
9697,219,50,2719,438,860.69,92.84,1.0
9698,160,44,2660,320,860.66,77.01,1.0
9699,113,34,2613,226,860.63,77.82,1.0
9700,137,43,2637,274,860.62,73.07,1.0
9701,16,28,2516,32,860.58,64.2,1.0
9702,136,35,2636,272,860.58,71.73,1.0
9703,138,48,2638,276,860.57,79.04,1.0
9704,177,51,2677,354,860.54,77.02,1.0
9705,291,55,2791,582,860.5,101.05,1.0
9706,25,7,2525,50,860.44,80.51,1.0
9707,137,42,2637,274,860.43,71.08,1.0
9708,236,52,2736,472,860.43,89.34,1.0
9709,239,54,2739,478,860.42,98.29,1.0
9710,92,29,2592,184,860.38,74.68,1.0
9711,164,46,2664,328,860.37,78.16,1.0
9712,43,28,2543,86,860.36,67.84,1.0
9713,273,9,2773,546,860.32,144.78,1.0
9714,200,55,2700,400,860.31,87.01,1.0
9715,141,31,2641,282,860.3,73.19,1.0
9716,268,52,2768,536,860.3,98.03,1.0
9717,208,53,2708,416,860.29,90.16,1.0
9718,135,41,2635,270,860.25,76.55,1.0
9719,80,29,2580,160,860.24,71.67,1.0
9720,245,54,2745,490,860.24,87.96,1.0
9721,204,52,2704,408,860.15,89.93,1.0
9722,135,39,2635,270,860.1,72.67,1.0
9723,143,47,2643,286,860.09,81.05,1.0
9724,265,9,2765,530,860.09,134.37,1.0
9725,141,46,2641,282,860.08,73.71,1.0
9726,193,53,2693,386,860.06,100.82,1.0
9727,48,28,2548,96,860.01,73.33,1.0
9728,113,42,2613,226,859.98,82.11,1.0
9729,142,30,2642,284,859.98,76.01,1.0
9730,280,50,2780,560,859.98,99.65,1.0
9731,261,52,2761,522,859.96,100.48,1.0
9732,113,40,2613,226,859.94,77.99,1.0
9733,135,47,2635,270,859.92,77.55,1.0
9734,96,29,2596,192,859.88,76.43,1.0
9735,136,33,2636,272,859.88,66.31,1.0
9736,162,47,2662,324,859.88,80.99,1.0
9737,128,29,2628,256,859.87,77.16,1.0
9738,126,43,2626,252,859.85,71.92,1.0
9739,245,53,2745,490,859.83,89.92,1.0
9740,147,38,2647,294,859.8,76.88,1.0
9741,173,50,2673,346,859.8,76.78,1.0
9742,156,33,2656,312,859.76,76.59,1.0
9743,236,51,2736,472,859.74,83.71,1.0
9744,246,54,2746,492,859.73,101.38,1.0
9745,234,9,2734,468,859.72,130.51,1.0
9746,142,45,2642,284,859.71,80.68,1.0
9747,129,32,2629,258,859.68,75.32,1.0
9748,150,36,2650,300,859.65,78.85,1.0
9749,300,56,2800,600,859.62,105.0,1.0
9750,259,52,2759,518,859.61,83.03,1.0
9751,175,48,2675,350,859.5,83.7,1.0
9752,38,7,2538,76,859.49,81.35,1.0
9753,156,42,2656,312,859.46,70.2,1.0
9754,150,45,2650,300,859.45,74.6,1.0
9755,201,9,2701,402,859.4,114.93,1.0
9756,110,38,2610,220,859.39,71.28,1.0
9757,57,28,2557,114,859.38,70.33,1.0
9758,171,49,2671,342,859.38,79.12,1.0
9759,119,34,2619,238,859.35,73.07,1.0
9760,139,37,2639,278,859.34,71.7,1.0
9761,146,46,2646,292,859.29,79.26,1.0
9762,40,8,2540,80,859.27,92.65,1.0
9763,94,8,2594,188,859.23,96.42,1.0
9764,180,8,2680,360,859.22,113.38,1.0
9765,10,7,2510,20,859.21,76.7,1.0
9766,142,33,2642,284,859.19,75.08,1.0
9767,142,31,2642,284,859.1,80.21,1.0
9768,46,7,2546,92,859.02,83.6,1.0
9769,113,36,2613,226,859.0,79.64,1.0
9770,133,33,2633,266,859.0,77.8,1.0
9771,161,47,2661,322,858.96,87.33,1.0
9772,209,50,2709,418,858.94,86.03,1.0
9773,203,52,2703,406,858.94,82.63,1.0
9774,113,39,2613,226,858.92,81.44,1.0
9775,288,10,2788,576,858.89,142.91,1.0
9776,208,54,2708,416,858.88,98.28,1.0
9777,260,55,2760,520,858.84,92.49,1.0
9778,126,30,2626,252,858.8,70.57,1.0
9779,141,37,2641,282,858.79,80.86,1.0
9780,212,47,2712,424,858.76,96.25,1.0
9781,193,52,2693,386,858.74,94.85,1.0
9782,262,9,2762,524,858.74,136.03,1.0
9783,150,40,2650,300,858.66,74.05,1.0
9784,225,9,2725,450,858.64,116.8,1.0
9785,119,38,2619,238,858.6,76.79,1.0
9786,50,28,2550,100,858.58,66.01,1.0
9787,24,7,2524,48,858.56,84.82,1.0
9788,137,37,2637,274,858.56,71.43,1.0
9789,185,47,2685,370,858.52,81.5,1.0
9790,162,48,2662,324,858.5,81.0,1.0
9791,74,7,2574,148,858.44,90.86,1.0
9792,101,29,2601,202,858.43,72.7,1.0
9793,126,8,2626,252,858.43,108.82,1.0
9794,216,10,2716,432,858.42,119.88,1.0
9795,274,52,2774,548,858.4,97.05,1.0
9796,129,34,2629,258,858.39,80.3,1.0
9797,187,48,2687,374,858.32,80.34,1.0
9798,261,53,2761,522,858.31,85.73,1.0
9799,46,28,2546,92,858.3,71.19,1.0
9800,142,38,2642,284,858.28,73.76,1.0
9801,160,37,2660,320,858.27,79.39,1.0
9802,146,47,2646,292,858.21,75.2,1.0
9803,156,46,2656,312,858.21,74.73,1.0
9804,167,49,2667,334,858.2,83.9,1.0
9805,113,35,2613,226,858.18,78.69,1.0
9806,160,41,2660,320,858.11,73.04,1.0
9807,38,28,2538,76,858.08,61.52,1.0
9808,266,52,2766,532,858.05,91.98,1.0
9809,129,46,2629,258,858.03,79.36,1.0
9810,253,50,2753,506,858.03,87.29,1.0
9811,298,54,2798,596,857.98,98.95,1.0
9812,117,9,2617,234,857.95,114.09,1.0
9813,190,50,2690,380,857.94,88.77,1.0
9814,169,49,2669,338,857.88,84.5,1.0
9815,251,53,2751,502,857.86,99.33,1.0
9816,129,42,2629,258,857.78,71.99,1.0
9817,262,54,2762,524,857.74,97.72,1.0
9818,159,47,2659,318,857.64,89.22,1.0
9819,189,50,2689,378,857.59,90.16,1.0
9820,192,49,2692,384,857.59,79.11,1.0
9821,104,8,2604,208,857.58,116.76,1.0
9822,205,52,2705,410,857.58,84.18,1.0
9823,153,8,2653,306,857.5,126.72,1.0
9824,292,9,2792,584,857.48,142.25,1.0
9825,158,49,2658,316,857.36,84.0,1.0
9826,135,46,2635,270,857.32,73.54,1.0
9827,239,9,2739,478,857.31,127.74,1.0
9828,34,28,2534,68,857.28,67.93,1.0
9829,159,48,2659,318,857.27,87.58,1.0
9830,126,45,2626,252,857.26,79.33,1.0
9831,163,50,2663,326,857.24,83.11,1.0
9832,153,46,2653,306,857.21,76.22,1.0
9833,148,50,2648,296,857.17,75.47,1.0
9834,269,51,2769,538,857.16,101.06,1.0
9835,113,38,2613,226,857.14,81.28,1.0
9836,129,41,2629,258,857.13,72.61,1.0
9837,147,45,2647,294,857.13,74.33,1.0
9838,202,51,2702,404,857.1,81.06,1.0
9839,128,9,2628,256,857.06,121.38,1.0
9840,203,50,2703,406,856.99,84.53,1.0
9841,22,7,2522,44,856.94,78.36,1.0
9842,150,44,2650,300,856.92,78.39,1.0
9843,141,40,2641,282,856.88,74.98,1.0
9844,244,51,2744,488,856.84,93.03,1.0
9845,251,52,2751,502,856.82,92.8,1.0
9846,266,10,2766,532,856.82,131.08,1.0
9847,235,52,2735,470,856.81,93.4,1.0
9848,146,48,2646,292,856.78,75.07,1.0
9849,265,55,2765,530,856.77,97.9,1.0
9850,300,10,2800,600,856.77,146.94,1.0
9851,84,33,2584,168,856.74,68.67,1.0
9852,237,9,2737,474,856.73,136.6,1.0
9853,181,49,2681,362,856.66,87.19,1.0
9854,137,35,2637,274,856.65,75.77,1.0
9855,182,53,2682,364,856.6,85.98,1.0
9856,104,29,2604,208,856.58,75.76,1.0
9857,31,7,2531,62,856.57,82.52,1.0
9858,267,10,2767,534,856.54,136.35,1.0
9859,183,8,2683,366,856.49,130.22,1.0
9860,109,30,2609,218,856.47,71.84,1.0
9861,84,34,2584,168,856.44,69.37,1.0
9862,281,51,2781,562,856.38,101.34,1.0
9863,113,37,2613,226,856.31,79.42,1.0
9864,191,49,2691,382,856.31,81.88,1.0
9865,240,52,2740,480,856.31,83.88,1.0
9866,198,9,2698,396,856.28,124.61,1.0
9867,299,56,2799,598,856.28,103.33,1.0
9868,168,47,2668,336,856.17,80.08,1.0
9869,286,52,2786,572,856.17,96.47,1.0
9870,221,50,2721,442,856.11,87.99,1.0
9871,165,52,2665,330,856.1,91.44,1.0
9872,275,52,2775,550,856.1,90.19,1.0
9873,88,7,2588,176,856.06,95.8,1.0
9874,224,54,2724,448,856.05,93.09,1.0
9875,129,37,2629,258,856.0,76.5,1.0
9876,242,52,2742,484,856.0,100.23,1.0
9877,15,28,2515,30,855.99,64.72,1.0
9878,228,52,2728,456,855.99,95.97,1.0
9879,84,37,2584,168,855.97,70.11,1.0
9880,191,9,2691,382,855.96,121.34,1.0
9881,196,51,2696,392,855.96,92.47,1.0
9882,84,36,2584,168,855.93,71.94,1.0
9883,263,9,2763,526,855.93,133.36,1.0
9884,201,49,2701,402,855.92,85.99,1.0
9885,296,53,2796,592,855.89,102.04,1.0
9886,153,49,2653,306,855.88,85.09,1.0
9887,119,43,2619,238,855.86,74.62,1.0
9888,147,46,2647,294,855.86,74.42,1.0
9889,137,44,2637,274,855.83,72.85,1.0
9890,44,7,2544,88,855.77,80.86,1.0
9891,122,29,2622,244,855.76,78.87,1.0
9892,207,51,2707,414,855.76,83.52,1.0
9893,48,8,2548,96,855.75,93.26,1.0
9894,234,54,2734,468,855.74,101.78,1.0
9895,167,8,2667,334,855.73,98.97,1.0
9896,133,38,2633,266,855.7,75.75,1.0
9897,149,47,2649,298,855.69,71.17,1.0
9898,141,39,2641,282,855.66,71.11,1.0
9899,187,50,2687,374,855.62,86.44,1.0
9900,127,37,2627,254,855.6,77.84,1.0
9901,138,50,2638,276,855.58,79.52,1.0
9902,154,48,2654,308,855.56,76.31,1.0
9903,133,30,2633,266,855.54,84.07,1.0
9904,60,7,2560,120,855.49,98.32,1.0
9905,252,55,2752,504,855.48,97.83,1.0
9906,210,50,2710,420,855.43,87.95,1.0
9907,112,8,2612,224,855.4,101.13,1.0
9908,129,43,2629,258,855.38,71.29,1.0
9909,290,57,2790,580,855.38,99.41,1.0
9910,29,28,2529,58,855.29,66.09,1.0
9911,277,56,2777,554,855.29,103.95,1.0
9912,215,54,2715,430,855.23,83.38,1.0
9913,113,43,2613,226,855.22,81.94,1.0
9914,140,50,2640,280,855.22,79.91,1.0
9915,154,8,2654,308,855.21,111.82,1.0
9916,256,57,2756,512,855.2,104.75,1.0
9917,155,38,2655,310,855.16,78.06,1.0
9918,152,47,2652,304,855.14,77.97,1.0
9919,204,53,2704,408,855.1,83.93,1.0
9920,133,34,2633,266,855.04,78.87,1.0
9921,60,29,2560,120,855.0,73.55,1.0
9922,170,48,2670,340,854.96,82.13,1.0
9923,247,52,2747,494,854.94,94.32,1.0
9924,272,54,2772,544,854.93,107.3,1.0
9925,142,39,2642,284,854.92,78.31,1.0
9926,145,38,2645,290,854.88,81.35,1.0
9927,135,48,2635,270,854.85,73.85,1.0
9928,149,49,2649,298,854.8,71.27,1.0
9929,192,51,2692,384,854.75,92.93,1.0
9930,167,50,2667,334,854.71,83.02,1.0
9931,214,54,2714,428,854.71,89.59,1.0
9932,256,58,2756,512,854.71,105.59,1.0
9933,192,9,2692,384,854.7,115.6,1.0
9934,126,47,2626,252,854.68,80.66,1.0
9935,142,35,2642,284,854.68,81.07,1.0
9936,184,50,2684,368,854.61,79.44,1.0
9937,1,27,2501,2,854.58,63.03,1.0
9938,141,36,2641,282,854.57,76.71,1.0
9939,98,8,2598,196,854.56,102.09,1.0
9940,24,28,2524,48,854.54,70.61,1.0
9941,257,10,2757,514,854.54,130.39,1.0
9942,213,49,2713,426,854.52,89.12,1.0
9943,245,9,2745,490,854.51,137.34,1.0
9944,45,28,2545,90,854.5,67.39,1.0
9945,136,31,2636,272,854.48,72.71,1.0
9946,137,31,2637,274,854.48,64.93,1.0
9947,180,50,2680,360,854.48,83.52,1.0
9948,205,53,2705,410,854.43,84.36,1.0
9949,261,10,2761,522,854.38,122.6,1.0
9950,217,9,2717,434,854.35,126.17,1.0
9951,102,44,2602,204,854.34,73.41,1.0
9952,265,54,2765,530,854.28,97.4,1.0
9953,58,28,2558,116,854.22,67.55,1.0
9954,143,49,2643,286,854.22,79.83,1.0
9955,172,50,2672,344,854.21,81.46,1.0
9956,246,55,2746,492,854.2,99.89,1.0
9957,84,38,2584,168,854.19,69.63,1.0
9958,142,37,2642,284,854.17,82.38,1.0
9959,267,54,2767,534,854.15,91.45,1.0
9960,183,55,2683,366,854.13,90.0,1.0
9961,193,8,2693,386,854.12,117.72,1.0
9962,122,8,2622,244,854.08,102.75,1.0
9963,142,44,2642,284,854.02,79.3,1.0
9964,202,50,2702,404,853.98,92.7,1.0
9965,130,8,2630,260,853.97,103.42,1.0
9966,84,43,2584,168,853.96,66.13,1.0
9967,109,32,2609,218,853.86,75.61,1.0
9968,137,40,2637,274,853.84,75.04,1.0
9969,160,9,2660,320,853.84,117.85,1.0
9970,119,44,2619,238,853.82,71.67,1.0
9971,84,42,2584,168,853.8,67.76,1.0
9972,125,47,2625,250,853.8,71.1,1.0
9973,133,40,2633,266,853.8,86.64,1.0
9974,174,49,2674,348,853.8,79.65,1.0
9975,173,51,2673,346,853.77,79.8,1.0
9976,264,53,2764,528,853.77,97.91,1.0
9977,263,56,2763,526,853.75,94.17,1.0
9978,110,31,2610,220,853.73,70.24,1.0
9979,198,52,2698,396,853.68,81.6,1.0
9980,20,7,2520,40,853.63,81.53,1.0
9981,237,56,2737,474,853.62,88.99,1.0
9982,225,51,2725,450,853.57,93.67,1.0
9983,282,52,2782,564,853.54,98.7,1.0
9984,129,38,2629,258,853.48,74.16,1.0
9985,137,32,2637,274,853.47,73.63,1.0
9986,270,53,2770,540,853.47,93.07,1.0
9987,155,31,2655,310,853.45,80.99,1.0
9988,252,54,2752,504,853.45,93.28,1.0
9989,133,37,2633,266,853.44,78.61,1.0
9990,133,41,2633,266,853.43,78.88,1.0
9991,232,52,2732,464,853.43,103.65,1.0
9992,176,50,2676,352,853.41,84.67,1.0
9993,110,45,2610,220,853.4,73.15,1.0
9994,241,53,2741,482,853.38,92.91,1.0
9995,119,32,2619,238,853.28,70.64,1.0
9996,119,33,2619,238,853.27,75.28,1.0
9997,102,36,2602,204,853.24,72.16,1.0
9998,297,52,2797,594,853.24,97.48,1.0
9999,130,34,2630,260,853.23,81.63,1.0
10000,155,37,2655,310,853.23,74.31,1.0
10001,152,48,2652,304,853.22,76.93,1.0
10002,164,48,2664,328,853.18,78.07,1.0
10003,235,51,2735,470,853.18,84.4,1.0
10004,236,9,2736,472,853.17,128.8,1.0
10005,176,51,2676,352,853.14,87.93,1.0
10006,109,31,2609,218,853.13,75.74,1.0
10007,56,7,2556,112,853.12,89.33,1.0
10008,89,29,2589,178,853.08,69.99,1.0
10009,121,34,2621,242,853.0,78.53,1.0
10010,140,8,2640,280,852.98,120.98,1.0
10011,205,54,2705,410,852.98,80.72,1.0
10012,52,8,2552,104,852.97,89.09,1.0
10013,165,50,2665,330,852.94,97.21,1.0
10014,183,56,2683,366,852.94,86.38,1.0
10015,206,52,2706,412,852.92,84.83,1.0
10016,167,51,2667,334,852.9,80.62,1.0
10017,110,39,2610,220,852.84,74.21,1.0
10018,259,10,2759,518,852.83,124.69,1.0
10019,155,44,2655,310,852.82,82.42,1.0
10020,65,8,2565,130,852.8,97.34,1.0
10021,244,52,2744,488,852.8,90.15,1.0
10022,109,8,2609,218,852.75,105.31,1.0
10023,54,7,2554,108,852.74,87.29,1.0
10024,295,11,2795,590,852.74,135.56,1.0
10025,182,54,2682,364,852.68,94.41,1.0
10026,298,56,2798,596,852.63,105.86,1.0
10027,133,45,2633,266,852.57,83.49,1.0
10028,142,36,2642,284,852.56,75.23,1.0
10029,190,52,2690,380,852.56,88.56,1.0
10030,269,52,2769,538,852.46,102.6,1.0
10031,216,52,2716,432,852.44,84.9,1.0
10032,68,29,2568,136,852.43,65.18,1.0
10033,113,30,2613,226,852.42,75.43,1.0
10034,212,48,2712,424,852.42,95.78,1.0
10035,175,47,2675,350,852.4,75.31,1.0
10036,169,48,2669,338,852.37,85.85,1.0
10037,223,53,2723,446,852.33,93.11,1.0
10038,165,51,2665,330,852.32,88.95,1.0
10039,39,7,2539,78,852.31,86.03,1.0
10040,67,29,2567,134,852.31,75.03,1.0
10041,84,30,2584,168,852.3,71.21,1.0
10042,113,32,2613,226,852.29,82.33,1.0
10043,158,8,2658,316,852.25,120.18,1.0
10044,100,7,2600,200,852.24,96.54,1.0
10045,119,36,2619,238,852.22,76.5,1.0
10046,267,53,2767,534,852.22,95.09,1.0
10047,84,41,2584,168,852.21,66.25,1.0
10048,172,8,2672,344,852.2,117.06,1.0
10049,220,51,2720,440,852.2,100.24,1.0
10050,284,54,2784,568,852.2,99.44,1.0
10051,190,51,2690,380,852.19,82.63,1.0
10052,137,30,2637,274,852.17,70.88,1.0
10053,155,42,2655,310,852.14,79.47,1.0
10054,195,51,2695,390,852.12,86.19,1.0
10055,268,53,2768,536,852.08,101.01,1.0
10056,11,7,2511,22,852.06,72.18,1.0
10057,14,6,2514,28,852.04,82.59,1.0
10058,132,37,2632,264,852.04,77.86,1.0
10059,172,51,2672,344,852.01,80.84,1.0
10060,87,8,2587,174,852.0,92.74,1.0
10061,137,33,2637,274,852.0,69.88,1.0
10062,131,34,2631,262,852.0,74.02,1.0
10063,276,54,2776,552,852.0,103.72,1.0
10064,118,48,2618,236,851.94,75.82,1.0
10065,41,29,2541,82,851.93,65.24,1.0
10066,113,41,2613,226,851.9,84.22,1.0
10067,283,55,2783,566,851.88,105.79,1.0
10068,119,31,2619,238,851.87,78.98,1.0
10069,82,29,2582,164,851.83,71.41,1.0
10070,195,50,2695,390,851.83,85.48,1.0
10071,118,49,2618,236,851.8,69.61,1.0
10072,121,32,2621,242,851.8,70.47,1.0
10073,102,33,2602,204,851.78,72.7,1.0
10074,123,35,2623,246,851.77,80.13,1.0
10075,84,31,2584,168,851.76,69.03,1.0
10076,102,35,2602,204,851.76,71.77,1.0
10077,119,41,2619,238,851.76,71.42,1.0
10078,110,44,2610,220,851.74,74.0,1.0
10079,137,34,2637,274,851.74,73.8,1.0
10080,114,32,2614,228,851.7,70.03,1.0
10081,119,45,2619,238,851.62,74.98,1.0
10082,180,51,2680,360,851.62,82.54,1.0
10083,298,55,2798,596,851.62,97.82,1.0
10084,218,51,2718,436,851.6,98.01,1.0
10085,25,28,2525,50,851.57,69.62,1.0
10086,179,50,2679,358,851.57,80.8,1.0
10087,145,32,2645,290,851.55,85.41,1.0
10088,262,55,2762,524,851.55,94.42,1.0
10089,144,49,2644,288,851.54,87.42,1.0
10090,172,52,2672,344,851.53,85.81,1.0
10091,242,10,2742,484,851.49,133.5,1.0
10092,110,36,2610,220,851.48,76.02,1.0
10093,135,8,2635,270,851.48,115.09,1.0
10094,66,8,2566,132,851.46,100.58,1.0
10095,113,31,2613,226,851.44,85.73,1.0
10096,121,30,2621,242,851.42,77.31,1.0
10097,109,35,2609,218,851.4,78.71,1.0
10098,103,8,2603,206,851.37,96.19,1.0
10099,187,52,2687,374,851.35,89.79,1.0
10100,99,8,2599,198,851.33,94.8,1.0
10101,204,55,2704,408,851.33,88.26,1.0
10102,218,50,2718,436,851.33,93.97,1.0
10103,279,55,2779,558,851.33,105.17,1.0
10104,102,42,2602,204,851.26,76.55,1.0
10105,43,7,2543,86,851.25,94.02,1.0
10106,139,46,2639,278,851.24,68.15,1.0
10107,147,48,2647,294,851.24,79.83,1.0
10108,164,49,2664,328,851.24,82.94,1.0
10109,258,52,2758,516,851.19,98.34,1.0
10110,80,7,2580,160,851.18,93.12,1.0
10111,135,49,2635,270,851.18,80.53,1.0
10112,240,53,2740,480,851.16,87.82,1.0
10113,121,39,2621,242,851.11,73.51,1.0
10114,214,55,2714,428,851.09,89.59,1.0
10115,232,53,2732,464,851.08,91.52,1.0
10116,49,28,2549,98,851.07,69.77,1.0
10117,221,52,2721,442,851.05,89.11,1.0
10118,170,8,2670,340,851.02,117.98,1.0
10119,285,55,2785,570,851.01,109.87,1.0
10120,174,51,2674,348,851.0,79.84,1.0
10121,254,51,2754,508,851.0,95.83,1.0
10122,116,8,2616,232,850.94,102.99,1.0
10123,102,30,2602,204,850.92,68.3,1.0
10124,200,56,2700,400,850.92,92.07,1.0
10125,155,32,2655,310,850.9,82.36,1.0
10126,187,49,2687,374,850.89,83.6,1.0
10127,212,49,2712,424,850.89,95.26,1.0
10128,132,36,2632,264,850.88,71.43,1.0
10129,102,45,2602,204,850.86,77.43,1.0
10130,230,49,2730,460,850.83,94.84,1.0
10131,119,40,2619,238,850.81,75.85,1.0
10132,12,28,2512,24,850.8,61.59,1.0
10133,249,53,2749,498,850.78,96.3,1.0
10134,112,35,2612,224,850.77,76.1,1.0
10135,168,48,2668,336,850.74,74.33,1.0
10136,199,54,2699,398,850.74,89.13,1.0
10137,264,55,2764,528,850.73,93.58,1.0
10138,288,56,2788,576,850.64,93.56,1.0
10139,252,56,2752,504,850.58,101.68,1.0
10140,240,9,2740,480,850.55,119.86,1.0
10141,213,10,2713,426,850.54,122.61,1.0
10142,209,51,2709,418,850.52,96.84,1.0
10143,269,53,2769,538,850.5,103.33,1.0
10144,286,53,2786,572,850.5,106.16,1.0
10145,86,7,2586,172,850.49,94.5,1.0
10146,147,47,2647,294,850.45,80.26,1.0
10147,84,40,2584,168,850.42,73.87,1.0
10148,188,47,2688,376,850.4,78.26,1.0
10149,192,50,2692,384,850.39,84.59,1.0
10150,110,34,2610,220,850.29,76.9,1.0
10151,113,47,2613,226,850.28,78.41,1.0
10152,77,29,2577,154,850.27,71.45,1.0
10153,138,8,2638,276,850.22,106.2,1.0
10154,151,49,2651,302,850.21,85.12,1.0
10155,152,49,2652,304,850.18,73.88,1.0
10156,187,51,2687,374,850.12,87.0,1.0
10157,239,55,2739,478,850.11,96.73,1.0
10158,110,42,2610,220,850.1,70.45,1.0
10159,114,8,2614,228,850.1,99.46,1.0
10160,116,30,2616,232,850.09,77.7,1.0
10161,296,54,2796,592,850.08,103.31,1.0
10162,124,39,2624,248,850.06,71.81,1.0
10163,156,48,2656,312,850.06,83.34,1.0
10164,236,53,2736,472,850.05,91.13,1.0
10165,76,7,2576,152,850.04,91.66,1.0
10166,36,28,2536,72,850.01,65.65,1.0
10167,298,9,2798,596,850.01,134.48,1.0
10168,132,34,2632,264,850.0,74.59,1.0
10169,295,54,2795,590,849.93,98.46,1.0
10170,223,54,2723,446,849.91,84.42,1.0
10171,287,58,2787,574,849.88,106.95,1.0
10172,162,50,2662,324,849.86,76.4,1.0
10173,259,54,2759,518,849.84,95.51,1.0
10174,206,53,2706,412,849.8,83.16,1.0
10175,95,29,2595,190,849.77,77.96,1.0
10176,198,53,2698,396,849.75,88.15,1.0
10177,84,39,2584,168,849.73,67.18,1.0
10178,110,35,2610,220,849.7,74.22,1.0
10179,117,37,2617,234,849.66,78.44,1.0
10180,131,44,2631,262,849.66,81.18,1.0
10181,286,54,2786,572,849.63,97.26,1.0
10182,106,44,2606,212,849.6,81.07,1.0
10183,29,7,2529,58,849.59,81.81,1.0
10184,123,38,2623,246,849.55,73.91,1.0
10185,144,48,2644,288,849.54,76.58,1.0
10186,235,54,2735,470,849.53,90.64,1.0
10187,289,56,2789,578,849.46,109.2,1.0
10188,84,46,2584,168,849.37,69.15,1.0
10189,127,39,2627,254,849.37,73.3,1.0
10190,110,40,2610,220,849.34,64.81,1.0
10191,242,53,2742,484,849.28,103.37,1.0
10192,145,36,2645,290,849.27,83.44,1.0
10193,231,54,2731,462,849.26,88.35,1.0
10194,130,42,2630,260,849.22,78.81,1.0
10195,191,51,2691,382,849.17,79.45,1.0
10196,207,52,2707,414,849.17,84.17,1.0
10197,109,40,2609,218,849.16,82.49,1.0
10198,147,49,2647,294,849.14,74.46,1.0
10199,125,46,2625,250,849.09,74.4,1.0
10200,194,50,2694,388,849.05,91.16,1.0
10201,134,35,2634,268,849.02,73.81,1.0
10202,139,47,2639,278,848.98,79.28,1.0
10203,293,54,2793,586,848.98,104.77,1.0
10204,166,50,2666,332,848.95,82.75,1.0
10205,116,31,2616,232,848.87,73.68,1.0
10206,181,8,2681,362,848.87,119.05,1.0
10207,121,41,2621,242,848.85,72.75,1.0
10208,133,32,2633,266,848.85,75.15,1.0
10209,142,42,2642,284,848.85,77.09,1.0
10210,74,29,2574,148,848.81,73.85,1.0
10211,273,54,2773,546,848.81,98.7,1.0
10212,78,8,2578,156,848.79,95.62,1.0
10213,110,32,2610,220,848.77,76.1,1.0
10214,170,49,2670,340,848.77,74.72,1.0
10215,139,8,2639,278,848.76,112.46,1.0
10216,32,7,2532,64,848.75,76.5,1.0
10217,126,46,2626,252,848.72,82.18,1.0
10218,133,31,2633,266,848.72,78.5,1.0
10219,107,40,2607,214,848.68,80.53,1.0
10220,230,50,2730,460,848.68,91.75,1.0
10221,102,43,2602,204,848.64,74.75,1.0
10222,132,33,2632,264,848.62,72.26,1.0
10223,219,52,2719,438,848.6,96.22,1.0
10224,234,55,2734,468,848.57,102.49,1.0
10225,242,54,2742,484,848.57,107.03,1.0
10226,109,41,2609,218,848.53,77.72,1.0
10227,136,47,2636,272,848.52,77.47,1.0
10228,141,48,2641,282,848.5,75.7,1.0
10229,158,50,2658,316,848.48,88.28,1.0
10230,243,54,2743,486,848.48,93.31,1.0
10231,281,52,2781,562,848.45,92.22,1.0
10232,184,52,2684,368,848.44,82.26,1.0
10233,132,41,2632,264,848.41,76.18,1.0
10234,226,53,2726,452,848.4,95.83,1.0
10235,79,7,2579,158,848.37,93.9,1.0
10236,229,51,2729,458,848.37,92.02,1.0
10237,162,8,2662,324,848.36,115.62,1.0
10238,84,32,2584,168,848.35,69.02,1.0
10239,224,9,2724,448,848.34,137.29,1.0
10240,85,31,2585,170,848.32,75.44,1.0
10241,129,48,2629,258,848.32,76.92,1.0
10242,127,33,2627,254,848.3,82.61,1.0
10243,215,55,2715,430,848.3,90.19,1.0
10244,151,48,2651,302,848.28,77.95,1.0
10245,181,51,2681,362,848.24,89.3,1.0
10246,121,40,2621,242,848.22,77.98,1.0
10247,176,49,2676,352,848.22,84.93,1.0
10248,123,33,2623,246,848.18,75.84,1.0
10249,145,41,2645,290,848.16,90.51,1.0
10250,54,29,2554,108,848.15,74.58,1.0
10251,186,48,2686,372,848.15,80.85,1.0
10252,266,53,2766,532,848.15,94.42,1.0
10253,241,54,2741,482,848.14,97.4,1.0
10254,107,31,2607,214,848.13,77.65,1.0
10255,156,47,2656,312,848.13,75.06,1.0
10256,2,6,2502,4,848.12,81.72,1.0
10257,145,31,2645,290,848.11,75.31,1.0
10258,155,34,2655,310,848.09,81.76,1.0
10259,224,55,2724,448,848.09,88.45,1.0
10260,140,51,2640,280,848.07,80.26,1.0
10261,130,41,2630,260,848.05,79.44,1.0
10262,271,53,2771,542,848.02,90.8,1.0
10263,117,36,2617,234,848.01,73.03,1.0
10264,109,33,2609,218,848.0,80.2,1.0
10265,138,49,2638,276,848.0,76.59,1.0
10266,139,48,2639,278,848.0,73.6,1.0
10267,155,43,2655,310,847.99,82.86,1.0
10268,275,10,2775,550,847.95,126.88,1.0
10269,225,50,2725,450,847.94,89.75,1.0
10270,117,34,2617,234,847.91,76.62,1.0
10271,68,7,2568,136,847.88,99.54,1.0
10272,73,29,2573,146,847.88,67.98,1.0
10273,222,54,2722,444,847.86,92.68,1.0
10274,225,49,2725,450,847.84,93.25,1.0
10275,86,29,2586,172,847.82,66.1,1.0
10276,113,46,2613,226,847.8,80.25,1.0
10277,185,49,2685,370,847.8,85.03,1.0
10278,229,10,2729,458,847.75,133.54,1.0
10279,105,8,2605,210,847.71,103.85,1.0
10280,133,43,2633,266,847.71,75.63,1.0
10281,141,47,2641,282,847.66,76.5,1.0
10282,90,29,2590,180,847.64,69.39,1.0
10283,152,50,2652,304,847.64,77.81,1.0
10284,84,44,2584,168,847.63,74.84,1.0
10285,23,28,2523,46,847.62,64.84,1.0
10286,131,43,2631,262,847.56,79.4,1.0
10287,194,52,2694,388,847.54,90.63,1.0
10288,160,46,2660,320,847.52,84.36,1.0
10289,279,54,2779,558,847.52,91.47,1.0
10290,117,44,2617,234,847.5,78.22,1.0
10291,206,54,2706,412,847.5,88.77,1.0
10292,159,49,2659,318,847.45,75.81,1.0
10293,133,44,2633,266,847.44,75.29,1.0
10294,130,39,2630,260,847.44,79.04,1.0
10295,157,37,2657,314,847.39,86.21,1.0
10296,276,55,2776,552,847.39,104.23,1.0
10297,132,38,2632,264,847.32,67.5,1.0
10298,178,55,2678,356,847.27,95.41,1.0
10299,121,46,2621,242,847.26,78.19,1.0
10300,197,50,2697,394,847.24,88.72,1.0
10301,299,57,2799,598,847.19,102.98,1.0
10302,120,35,2620,240,847.18,72.39,1.0
10303,146,8,2646,292,847.18,108.73,1.0
10304,67,7,2567,134,847.17,91.13,1.0
10305,253,51,2753,506,847.17,89.66,1.0
10306,120,30,2620,240,847.1,68.23,1.0
10307,132,39,2632,264,847.1,73.01,1.0
10308,267,55,2767,534,847.06,103.03,1.0
10309,131,30,2631,262,847.05,80.89,1.0
10310,13,7,2513,26,847.02,73.83,1.0
10311,84,45,2584,168,847.01,66.09,1.0
10312,149,48,2649,298,847.0,76.36,1.0
10313,3,7,2503,6,846.97,75.91,1.0
10314,70,29,2570,140,846.97,74.26,1.0
10315,85,41,2585,170,846.96,69.65,1.0
10316,97,29,2597,194,846.96,76.23,1.0
10317,113,49,2613,226,846.94,84.93,1.0
10318,294,55,2794,588,846.94,103.04,1.0
10319,213,50,2713,426,846.9,86.05,1.0
10320,120,41,2620,240,846.89,74.94,1.0
10321,158,51,2658,316,846.87,86.17,1.0
10322,207,53,2707,414,846.87,90.02,1.0
10323,102,34,2602,204,846.75,69.86,1.0
10324,134,31,2634,268,846.75,75.83,1.0
10325,180,52,2680,360,846.75,87.03,1.0
10326,248,54,2748,496,846.74,101.5,1.0
10327,131,32,2631,262,846.73,78.02,1.0
10328,112,44,2612,224,846.72,76.08,1.0
10329,160,47,2660,320,846.72,77.38,1.0
10330,153,48,2653,306,846.71,82.77,1.0
10331,150,46,2650,300,846.69,81.71,1.0
10332,174,52,2674,348,846.69,84.81,1.0
10333,196,9,2696,392,846.62,113.74,1.0
10334,22,28,2522,44,846.57,62.32,1.0
10335,112,30,2612,224,846.56,75.83,1.0
10336,222,55,2722,444,846.56,91.7,1.0
10337,131,39,2631,262,846.54,79.82,1.0
10338,258,53,2758,516,846.52,95.9,1.0
10339,132,30,2632,264,846.51,81.48,1.0
10340,168,49,2668,336,846.51,73.09,1.0
10341,263,58,2763,526,846.49,94.69,1.0
10342,106,39,2606,212,846.41,74.24,1.0
10343,102,40,2602,204,846.4,68.25,1.0
10344,145,30,2645,290,846.4,87.05,1.0
10345,163,52,2663,326,846.4,86.22,1.0
10346,263,57,2763,526,846.4,96.18,1.0
10347,119,46,2619,238,846.39,74.65,1.0
10348,107,39,2607,214,846.36,81.02,1.0
10349,136,46,2636,272,846.34,79.34,1.0
10350,188,49,2688,376,846.26,79.65,1.0
10351,255,9,2755,510,846.24,148.02,1.0
10352,120,31,2620,240,846.23,73.12,1.0
10353,232,9,2732,464,846.23,112.93,1.0
10354,258,54,2758,516,846.23,105.33,1.0
10355,5,6,2505,10,846.21,77.53,1.0
10356,120,40,2620,240,846.2,82.35,1.0
10357,245,55,2745,490,846.2,85.88,1.0
10358,196,52,2696,392,846.18,92.48,1.0
10359,132,40,2632,264,846.17,70.99,1.0
10360,163,51,2663,326,846.17,78.62,1.0
10361,255,56,2755,510,846.17,97.85,1.0
10362,102,38,2602,204,846.15,76.08,1.0
10363,151,47,2651,302,846.13,81.26,1.0
10364,120,32,2620,240,846.12,73.34,1.0
10365,133,35,2633,266,846.09,76.82,1.0
10366,280,51,2780,560,846.09,93.62,1.0
10367,106,34,2606,212,846.06,74.51,1.0
10368,121,42,2621,242,846.04,70.88,1.0
10369,119,7,2619,238,846.02,97.81,1.0
10370,119,48,2619,238,846.02,70.2,1.0
10371,164,51,2664,328,846.01,81.13,1.0
10372,111,31,2611,222,846.0,73.85,1.0
10373,259,55,2759,518,845.93,90.39,1.0
10374,110,43,2610,220,845.92,72.32,1.0
10375,130,43,2630,260,845.86,81.96,1.0
10376,145,33,2645,290,845.84,82.74,1.0
10377,117,32,2617,234,845.83,75.89,1.0
10378,185,48,2685,370,845.82,83.71,1.0
10379,121,43,2621,242,845.81,75.79,1.0
10380,283,56,2783,566,845.8,102.79,1.0
10381,284,55,2784,568,845.79,103.98,1.0
10382,71,29,2571,142,845.69,72.41,1.0
10383,130,33,2630,260,845.65,82.43,1.0
10384,133,42,2633,266,845.64,80.62,1.0
10385,137,45,2637,274,845.63,79.48,1.0
10386,155,39,2655,310,845.61,75.38,1.0
10387,234,56,2734,468,845.61,101.01,1.0
10388,102,7,2602,204,845.6,96.29,1.0
10389,121,38,2621,242,845.58,76.39,1.0
10390,116,39,2616,232,845.56,74.58,1.0
10391,233,54,2733,466,845.55,92.23,1.0
10392,114,31,2614,228,845.54,68.27,1.0
10393,120,36,2620,240,845.5,70.36,1.0
10394,166,49,2666,332,845.45,74.13,1.0
10395,37,28,2537,74,845.43,70.56,1.0
10396,106,35,2606,212,845.42,87.19,1.0
10397,264,54,2764,528,845.42,87.24,1.0
10398,217,54,2717,434,845.4,87.76,1.0
10399,127,35,2627,254,845.38,76.16,1.0
10400,106,36,2606,212,845.34,77.07,1.0
10401,142,34,2642,284,845.34,83.53,1.0
10402,111,44,2611,222,845.3,74.61,1.0
10403,109,39,2609,218,845.28,80.46,1.0
10404,188,9,2688,376,845.28,126.58,1.0
10405,119,49,2619,238,845.26,77.0,1.0
10406,130,44,2630,260,845.24,81.96,1.0
10407,125,7,2625,250,845.2,105.7,1.0
10408,169,50,2669,338,845.2,88.72,1.0
10409,112,43,2612,224,845.17,72.49,1.0
10410,40,28,2540,80,845.1,73.04,1.0
10411,157,43,2657,314,845.1,82.96,1.0
10412,116,36,2616,232,845.08,81.66,1.0
10413,179,51,2679,358,845.06,89.53,1.0
10414,250,10,2750,500,845.05,132.35,1.0
10415,179,52,2679,358,845.03,82.48,1.0
10416,8,7,2508,16,845.02,73.71,1.0
10417,123,32,2623,246,845.02,74.72,1.0
10418,135,50,2635,270,845.02,71.7,1.0
10419,106,40,2606,212,844.99,83.7,1.0
10420,102,37,2602,204,844.98,78.28,1.0
10421,21,6,2521,42,844.94,74.13,1.0
10422,116,42,2616,232,844.94,82.65,1.0
10423,113,45,2613,226,844.94,81.16,1.0
10424,121,45,2621,242,844.94,77.67,1.0
10425,229,50,2729,458,844.93,91.21,1.0
10426,107,43,2607,214,844.9,77.82,1.0
10427,130,38,2630,260,844.89,80.36,1.0
10428,127,30,2627,254,844.86,74.74,1.0
10429,127,34,2627,254,844.8,73.15,1.0
10430,155,35,2655,310,844.77,83.56,1.0
10431,120,33,2620,240,844.76,78.24,1.0
10432,155,41,2655,310,844.75,82.3,1.0
10433,183,57,2683,366,844.73,88.45,1.0
10434,221,53,2721,442,844.73,88.68,1.0
10435,102,32,2602,204,844.7,74.81,1.0
10436,32,28,2532,64,844.69,67.05,1.0
10437,93,7,2593,186,844.69,96.6,1.0
10438,117,41,2617,234,844.64,75.45,1.0
10439,170,50,2670,340,844.64,81.25,1.0
10440,259,53,2759,518,844.59,97.01,1.0
10441,168,50,2668,336,844.58,77.29,1.0
10442,154,49,2654,308,844.54,76.24,1.0
10443,129,7,2629,258,844.52,107.68,1.0
10444,121,37,2621,242,844.5,79.21,1.0
10445,137,46,2637,274,844.45,74.74,1.0
10446,225,52,2725,450,844.42,90.89,1.0
10447,132,43,2632,264,844.4,73.86,1.0
10448,159,50,2659,318,844.39,90.21,1.0
10449,106,43,2606,212,844.38,81.08,1.0
10450,186,50,2686,372,844.31,86.19,1.0
10451,127,43,2627,254,844.3,75.59,1.0
10452,135,52,2635,270,844.3,84.4,1.0
10453,189,51,2689,378,844.3,85.79,1.0
10454,210,51,2710,420,844.29,85.7,1.0
10455,114,30,2614,228,844.28,69.73,1.0
10456,131,36,2631,262,844.28,77.88,1.0
10457,131,37,2631,262,844.28,76.55,1.0
10458,121,35,2621,242,844.25,77.27,1.0
10459,171,51,2671,342,844.24,84.03,1.0
10460,125,49,2625,250,844.21,74.89,1.0
10461,162,49,2662,324,844.21,85.56,1.0
10462,201,50,2701,402,844.18,87.31,1.0
10463,111,39,2611,222,844.12,71.86,1.0
10464,161,48,2661,322,844.04,78.81,1.0
10465,211,53,2711,422,844.03,91.27,1.0
10466,114,34,2614,228,843.99,75.24,1.0
10467,170,51,2670,340,843.93,85.26,1.0
10468,237,55,2737,474,843.89,95.81,1.0
10469,133,47,2633,266,843.86,75.66,1.0
10470,144,8,2644,288,843.86,117.81,1.0
10471,102,31,2602,204,843.84,73.8,1.0
10472,27,8,2527,54,843.83,82.15,1.0
10473,1,7,2501,2,843.82,70.52,1.0
10474,107,36,2607,214,843.82,76.24,1.0
10475,117,8,2617,234,843.81,113.25,1.0
10476,130,37,2630,260,843.8,81.82,1.0
10477,109,38,2609,218,843.78,79.83,1.0
10478,106,31,2606,212,843.76,79.12,1.0
10479,116,32,2616,232,843.76,82.19,1.0
10480,143,51,2643,286,843.75,78.82,1.0
10481,130,30,2630,260,843.7,80.75,1.0
10482,72,29,2572,144,843.68,78.49,1.0
10483,254,54,2754,508,843.66,93.84,1.0
10484,150,47,2650,300,843.65,86.45,1.0
10485,155,45,2655,310,843.64,79.26,1.0
10486,161,49,2661,322,843.63,84.24,1.0
10487,109,36,2609,218,843.6,79.09,1.0
10488,273,55,2773,546,843.59,103.19,1.0
10489,235,53,2735,470,843.58,93.61,1.0
10490,96,9,2596,192,843.57,100.8,1.0
10491,178,56,2678,356,843.57,97.32,1.0
10492,272,55,2772,544,843.56,94.91,1.0
10493,123,8,2623,246,843.55,111.92,1.0
10494,118,50,2618,236,843.53,87.14,1.0
10495,188,48,2688,376,843.52,86.76,1.0
10496,130,40,2630,260,843.48,84.13,1.0
10497,107,44,2607,214,843.46,74.8,1.0
10498,132,35,2632,264,843.45,69.27,1.0
10499,145,39,2645,290,843.43,87.1,1.0
10500,155,46,2655,310,843.4,78.3,1.0
10501,198,54,2698,396,843.4,90.97,1.0
10502,246,9,2746,492,843.38,129.97,1.0
10503,127,32,2627,254,843.37,71.54,1.0
10504,203,54,2703,406,843.37,95.04,1.0
10505,114,38,2614,228,843.36,69.06,1.0
10506,191,52,2691,382,843.34,88.96,1.0
10507,213,9,2713,426,843.34,133.4,1.0
10508,116,34,2616,232,843.33,76.84,1.0
10509,216,53,2716,432,843.29,91.58,1.0
10510,110,41,2610,220,843.26,71.36,1.0
10511,251,54,2751,502,843.24,92.91,1.0
10512,127,41,2627,254,843.23,68.43,1.0
10513,108,8,2608,216,843.22,102.57,1.0
10514,52,28,2552,104,843.2,66.74,1.0
10515,127,38,2627,254,843.16,77.48,1.0
10516,201,51,2701,402,843.15,97.98,1.0
10517,107,42,2607,214,843.12,79.55,1.0
10518,117,31,2617,234,843.12,77.83,1.0
10519,16,6,2516,32,843.1,78.95,1.0
10520,208,55,2708,416,843.1,95.64,1.0
10521,204,54,2704,408,843.05,91.72,1.0
10522,109,37,2609,218,843.04,73.9,1.0
10523,124,40,2624,248,843.04,78.59,1.0
10524,136,48,2636,272,843.04,80.99,1.0
10525,133,36,2633,266,843.0,80.25,1.0
10526,110,37,2610,220,842.98,76.89,1.0
10527,179,53,2679,358,842.96,88.45,1.0
10528,149,50,2649,298,842.95,76.71,1.0
10529,131,35,2631,262,842.92,77.92,1.0
10530,127,31,2627,254,842.85,74.8,1.0
10531,120,34,2620,240,842.84,73.02,1.0
10532,173,52,2673,346,842.82,80.64,1.0
10533,35,28,2535,70,842.8,70.32,1.0
10534,118,52,2618,236,842.79,75.05,1.0
10535,110,33,2610,220,842.78,72.42,1.0
10536,230,51,2730,460,842.77,96.85,1.0
10537,112,45,2612,224,842.76,75.81,1.0
10538,155,47,2655,310,842.71,85.47,1.0
10539,120,39,2620,240,842.7,72.11,1.0
10540,144,52,2644,288,842.7,83.71,1.0
10541,75,8,2575,150,842.63,98.86,1.0
10542,115,8,2615,230,842.62,107.84,1.0
10543,248,55,2748,496,842.61,102.26,1.0
10544,49,7,2549,98,842.6,89.67,1.0
10545,194,51,2694,388,842.6,95.4,1.0
10546,123,44,2623,246,842.58,77.47,1.0
10547,239,56,2739,478,842.58,98.7,1.0
10548,142,48,2642,284,842.57,83.67,1.0
10549,157,38,2657,314,842.54,89.09,1.0
10550,132,44,2632,264,842.52,74.01,1.0
10551,211,54,2711,422,842.48,97.21,1.0
10552,137,47,2637,274,842.45,78.78,1.0
10553,132,45,2632,264,842.45,75.71,1.0
10554,102,39,2602,204,842.42,69.68,1.0
10555,127,40,2627,254,842.41,75.26,1.0
10556,124,43,2624,248,842.41,78.46,1.0
10557,270,54,2770,540,842.4,92.93,1.0
10558,124,44,2624,248,842.38,71.07,1.0
10559,115,40,2615,230,842.36,76.05,1.0
10560,123,47,2623,246,842.36,80.97,1.0
10561,116,44,2616,232,842.33,83.07,1.0
10562,141,50,2641,282,842.32,76.36,1.0
10563,219,9,2719,438,842.32,134.85,1.0
10564,7,28,2507,14,842.31,67.87,1.0
10565,142,46,2642,284,842.29,78.51,1.0
10566,164,50,2664,328,842.28,84.06,1.0
10567,247,9,2747,494,842.28,135.21,1.0
10568,164,53,2664,328,842.22,85.21,1.0
10569,177,52,2677,354,842.21,86.49,1.0
10570,130,36,2630,260,842.19,87.35,1.0
10571,182,55,2682,364,842.18,90.63,1.0
10572,155,30,2655,310,842.17,74.6,1.0
10573,123,31,2623,246,842.16,72.14,1.0
10574,114,36,2614,228,842.15,69.81,1.0
10575,84,50,2584,168,842.14,74.28,1.0
10576,109,42,2609,218,842.14,83.15,1.0
10577,255,55,2755,510,842.14,103.58,1.0
10578,154,50,2654,308,842.11,83.62,1.0
10579,163,8,2663,326,842.11,119.04,1.0
10580,116,43,2616,232,842.08,76.11,1.0
10581,134,33,2634,268,842.08,74.82,1.0
10582,111,38,2611,222,842.06,75.18,1.0
10583,135,51,2635,270,842.01,85.55,1.0
10584,300,57,2800,600,841.99,104.69,1.0
10585,132,31,2632,264,841.98,66.22,1.0
10586,121,31,2621,242,841.94,71.69,1.0
10587,112,36,2612,224,841.92,70.99,1.0
10588,134,39,2634,268,841.92,74.58,1.0
10589,59,29,2559,118,841.88,68.68,1.0
10590,271,54,2771,542,841.85,97.17,1.0
10591,118,53,2618,236,841.84,85.54,1.0
10592,119,47,2619,238,841.84,84.65,1.0
10593,132,32,2632,264,841.83,72.3,1.0
10594,3,28,2503,6,841.82,65.6,1.0
10595,66,29,2566,132,841.82,75.29,1.0
10596,114,43,2614,228,841.82,74.46,1.0
10597,130,45,2630,260,841.8,76.82,1.0
10598,100,40,2600,200,841.79,80.07,1.0
10599,120,46,2620,240,841.78,74.9,1.0
10600,299,58,2799,598,841.78,110.96,1.0
10601,78,29,2578,156,841.77,74.87,1.0
10602,195,52,2695,390,841.77,88.3,1.0
10603,61,7,2561,122,841.76,86.86,1.0
10604,124,38,2624,248,841.76,76.83,1.0
10605,266,55,2766,532,841.75,100.18,1.0
10606,20,28,2520,40,841.74,71.5,1.0
10607,121,36,2621,242,841.73,78.4,1.0
10608,100,31,2600,200,841.72,72.18,1.0
10609,218,52,2718,436,841.7,95.96,1.0
10610,244,53,2744,488,841.66,98.9,1.0
10611,109,43,2609,218,841.65,76.76,1.0
10612,117,30,2617,234,841.65,73.25,1.0
10613,212,50,2712,424,841.65,99.08,1.0
10614,249,9,2749,498,841.62,137.35,1.0
10615,146,49,2646,292,841.61,81.94,1.0
10616,176,52,2676,352,841.56,90.37,1.0
10617,278,55,2778,556,841.56,91.4,1.0
10618,295,55,2795,590,841.54,98.76,1.0
10619,129,51,2629,258,841.51,79.97,1.0
10620,155,36,2655,310,841.51,78.18,1.0
10621,144,50,2644,288,841.5,80.77,1.0
10622,117,33,2617,234,841.46,76.54,1.0
10623,8,28,2508,16,841.44,65.0,1.0
10624,72,7,2572,144,841.44,101.35,1.0
10625,120,43,2620,240,841.43,73.17,1.0
10626,76,45,2576,152,841.42,68.18,1.0
10627,297,53,2797,594,841.42,110.49,1.0
10628,116,45,2616,232,841.41,74.64,1.0
10629,213,51,2713,426,841.41,89.87,1.0
10630,102,41,2602,204,841.37,73.46,1.0
10631,181,50,2681,362,841.36,90.4,1.0
10632,288,55,2788,576,841.35,88.19,1.0
10633,175,49,2675,350,841.34,82.84,1.0
10634,132,8,2632,264,841.29,106.67,1.0
10635,155,33,2655,310,841.29,77.66,1.0
10636,299,59,2799,598,841.29,106.49,1.0
10637,75,29,2575,150,841.27,66.37,1.0
10638,127,44,2627,254,841.26,78.92,1.0
10639,127,36,2627,254,841.23,74.5,1.0
10640,133,46,2633,266,841.22,78.61,1.0
10641,268,55,2768,536,841.22,103.85,1.0
10642,130,47,2630,260,841.2,77.7,1.0
10643,124,37,2624,248,841.19,80.35,1.0
10644,33,6,2533,66,841.16,84.89,1.0
10645,131,41,2631,262,841.16,78.95,1.0
10646,18,28,2518,36,841.15,66.35,1.0
10647,157,30,2657,314,841.14,86.27,1.0
10648,197,9,2697,394,841.13,123.96,1.0
10649,121,33,2621,242,841.12,74.49,1.0
10650,210,52,2710,420,841.12,84.51,1.0
10651,127,45,2627,254,841.09,82.12,1.0
10652,220,9,2720,440,841.06,126.69,1.0
10653,112,39,2612,224,841.05,73.5,1.0
10654,200,57,2700,400,841.04,92.33,1.0
10655,285,56,2785,570,841.0,101.5,1.0
10656,296,55,2796,592,841.0,106.04,1.0
10657,117,35,2617,234,840.9,77.97,1.0
10658,153,50,2653,306,840.83,79.08,1.0
10659,116,37,2616,232,840.82,78.25,1.0
10660,130,46,2630,260,840.78,78.69,1.0
10661,261,54,2761,522,840.76,102.71,1.0
10662,196,53,2696,392,840.75,98.45,1.0
10663,162,51,2662,324,840.74,87.22,1.0
10664,84,51,2584,168,840.71,68.38,1.0
10665,85,30,2585,170,840.7,81.28,1.0
10666,148,52,2648,296,840.7,83.7,1.0
10667,93,34,2593,186,840.68,73.4,1.0
10668,116,46,2616,232,840.68,83.1,1.0
10669,84,47,2584,168,840.66,72.14,1.0
10670,279,9,2779,558,840.64,130.54,1.0
10671,233,9,2733,466,840.61,125.22,1.0
10672,228,53,2728,456,840.6,97.36,1.0
10673,224,8,2724,448,840.59,128.72,1.0
10674,284,9,2784,568,840.58,138.28,1.0
10675,180,53,2680,360,840.56,88.84,1.0
10676,152,51,2652,304,840.55,73.45,1.0
10677,111,30,2611,222,840.52,76.0,1.0
10678,148,7,2648,296,840.5,109.8,1.0
10679,203,53,2703,406,840.46,87.28,1.0
10680,117,42,2617,234,840.45,81.19,1.0
10681,111,35,2611,222,840.39,67.98,1.0
10682,194,8,2694,388,840.36,108.78,1.0
10683,131,40,2631,262,840.35,79.14,1.0
10684,76,30,2576,152,840.33,69.45,1.0
10685,145,34,2645,290,840.33,82.05,1.0
10686,256,9,2756,512,840.33,145.11,1.0
10687,162,52,2662,324,840.32,79.7,1.0
10688,202,52,2702,404,840.28,93.9,1.0
10689,209,52,2709,418,840.25,93.52,1.0
10690,117,39,2617,234,840.24,76.82,1.0
10691,63,29,2563,126,840.23,80.73,1.0
10692,111,36,2611,222,840.22,74.39,1.0
10693,99,43,2599,198,840.21,78.92,1.0
10694,159,51,2659,318,840.21,81.23,1.0
10695,113,48,2613,226,840.18,75.07,1.0
10696,173,54,2673,346,840.18,84.86,1.0
10697,115,38,2615,230,840.15,68.05,1.0
10698,155,8,2655,310,840.15,119.84,1.0
10699,132,42,2632,264,840.07,75.54,1.0
10700,69,29,2569,138,840.06,69.95,1.0
10701,130,31,2630,260,840.06,83.79,1.0
10702,111,32,2611,222,840.05,72.03,1.0
10703,134,42,2634,268,840.01,76.43,1.0
10704,190,53,2690,380,840.0,87.03,1.0
10705,145,37,2645,290,839.99,78.68,1.0
10706,100,41,2600,200,839.97,72.1,1.0
10707,125,48,2625,250,839.94,75.42,1.0
10708,108,43,2608,216,839.92,74.54,1.0
10709,165,54,2665,330,839.92,92.18,1.0
10710,111,42,2611,222,839.88,74.34,1.0
10711,254,53,2754,508,839.86,88.49,1.0
10712,160,49,2660,320,839.84,83.84,1.0
10713,232,54,2732,464,839.83,92.41,1.0
10714,9,28,2509,18,839.82,64.21,1.0
10715,120,38,2620,240,839.82,77.54,1.0
10716,127,42,2627,254,839.8,72.07,1.0
10717,114,35,2614,228,839.79,75.98,1.0
10718,108,39,2608,216,839.78,76.71,1.0
10719,120,42,2620,240,839.77,68.12,1.0
10720,98,30,2598,196,839.76,76.69,1.0
10721,100,35,2600,200,839.74,82.58,1.0
10722,151,50,2651,302,839.73,79.89,1.0
10723,287,59,2787,574,839.71,110.14,1.0
10724,93,40,2593,186,839.7,76.3,1.0
10725,106,33,2606,212,839.7,84.66,1.0
10726,131,8,2631,262,839.66,120.59,1.0
10727,120,8,2620,240,839.65,102.82,1.0
10728,131,31,2631,262,839.62,84.38,1.0
10729,111,41,2611,222,839.6,72.16,1.0
10730,125,50,2625,250,839.54,77.41,1.0
10731,161,50,2661,322,839.54,86.74,1.0
10732,148,53,2648,296,839.5,78.33,1.0
10733,248,9,2748,496,839.5,128.42,1.0
10734,112,32,2612,224,839.42,73.03,1.0
10735,62,7,2562,124,839.41,92.84,1.0
10736,115,36,2615,230,839.4,66.11,1.0
10737,150,48,2650,300,839.38,85.14,1.0
10738,157,39,2657,314,839.38,85.98,1.0
10739,121,44,2621,242,839.34,78.36,1.0
10740,81,7,2581,162,839.32,97.63,1.0
10741,133,39,2633,266,839.31,78.59,1.0
10742,124,33,2624,248,839.29,76.17,1.0
10743,76,36,2576,152,839.26,67.1,1.0
10744,155,40,2655,310,839.26,78.54,1.0
10745,124,35,2624,248,839.25,74.38,1.0
10746,190,8,2690,380,839.22,113.48,1.0
10747,28,6,2528,56,839.19,79.8,1.0
10748,107,33,2607,214,839.17,72.25,1.0
10749,123,36,2623,246,839.15,76.44,1.0
10750,274,53,2774,548,839.15,97.54,1.0
10751,76,32,2576,152,839.11,68.99,1.0
10752,36,7,2536,72,839.06,85.15,1.0
10753,79,29,2579,158,839.06,72.74,1.0
10754,116,35,2616,232,839.04,79.81,1.0
10755,109,47,2609,218,838.98,75.99,1.0
10756,27,28,2527,54,838.96,75.76,1.0
10757,145,45,2645,290,838.95,82.57,1.0
10758,100,33,2600,200,838.94,70.48,1.0
10759,208,56,2708,416,838.94,97.55,1.0
10760,283,9,2783,566,838.93,142.04,1.0
10761,98,39,2598,196,838.92,74.08,1.0
10762,120,37,2620,240,838.92,77.15,1.0
10763,123,39,2623,246,838.88,77.29,1.0
10764,145,44,2645,290,838.88,87.8,1.0
10765,64,29,2564,128,838.87,71.2,1.0
10766,234,8,2734,468,838.86,141.3,1.0
10767,120,44,2620,240,838.84,75.07,1.0
10768,121,47,2621,242,838.84,75.94,1.0
10769,118,51,2618,236,838.78,76.59,1.0
10770,143,50,2643,286,838.76,75.63,1.0
10771,116,33,2616,232,838.75,77.63,1.0
10772,188,50,2688,376,838.75,85.77,1.0
10773,107,41,2607,214,838.73,77.95,1.0
10774,157,44,2657,314,838.71,83.53,1.0
10775,131,38,2631,262,838.68,76.39,1.0
10776,266,9,2766,532,838.67,129.88,1.0
10777,139,49,2639,278,838.66,74.27,1.0
10778,193,54,2693,386,838.66,96.44,1.0
10779,100,38,2600,200,838.65,75.06,1.0
10780,61,29,2561,122,838.64,76.08,1.0
10781,202,9,2702,404,838.63,140.69,1.0
10782,107,32,2607,214,838.62,76.81,1.0
10783,128,40,2628,256,838.61,79.12,1.0
10784,157,32,2657,314,838.6,77.16,1.0
10785,166,51,2666,332,838.59,79.05,1.0
10786,160,48,2660,320,838.58,78.34,1.0
10787,76,44,2576,152,838.56,69.18,1.0
10788,112,37,2612,224,838.56,79.45,1.0
10789,114,39,2614,228,838.51,70.78,1.0
10790,91,44,2591,182,838.5,77.76,1.0
10791,114,33,2614,228,838.48,79.53,1.0
10792,140,52,2640,280,838.47,82.0,1.0
10793,77,7,2577,154,838.44,92.71,1.0
10794,128,32,2628,256,838.43,75.75,1.0
10795,294,56,2794,588,838.43,97.43,1.0
10796,12,6,2512,24,838.42,75.02,1.0
10797,102,47,2602,204,838.42,72.87,1.0
10798,84,48,2584,168,838.4,76.84,1.0
10799,136,8,2636,272,838.39,113.18,1.0
10800,124,8,2624,248,838.38,115.66,1.0
10801,117,43,2617,234,838.36,80.67,1.0
10802,102,46,2602,204,838.33,69.72,1.0
10803,112,42,2612,224,838.33,73.56,1.0
10804,254,55,2754,508,838.32,100.6,1.0
10805,141,49,2641,282,838.31,79.72,1.0
10806,107,30,2607,214,838.29,74.17,1.0
10807,102,49,2602,204,838.28,75.72,1.0
10808,100,36,2600,200,838.28,80.68,1.0
10809,195,8,2695,390,838.27,108.65,1.0
10810,124,45,2624,248,838.2,82.57,1.0
10811,17,7,2517,34,838.18,79.63,1.0
10812,108,37,2608,216,838.18,78.43,1.0
10813,114,45,2614,228,838.17,79.29,1.0
10814,291,56,2791,582,838.13,115.34,1.0
10815,100,34,2600,200,838.12,73.76,1.0
10816,56,29,2556,112,838.11,68.51,1.0
10817,111,45,2611,222,838.1,80.0,1.0
10818,123,34,2623,246,838.06,79.34,1.0
10819,295,56,2795,590,838.03,95.85,1.0
10820,157,36,2657,314,838.02,92.49,1.0
10821,269,54,2769,538,838.02,105.13,1.0
10822,130,35,2630,260,838.01,85.56,1.0
10823,192,52,2692,384,838.0,78.87,1.0
10824,112,41,2612,224,837.97,79.94,1.0
10825,151,8,2651,302,837.97,120.24,1.0
10826,99,32,2599,198,837.96,77.36,1.0
10827,116,41,2616,232,837.94,74.63,1.0
10828,154,7,2654,308,837.94,125.58,1.0
10829,5,28,2505,10,837.92,71.58,1.0
10830,107,37,2607,214,837.92,80.52,1.0
10831,138,52,2638,276,837.9,78.06,1.0
10832,59,7,2559,118,837.84,94.81,1.0
10833,222,56,2722,444,837.8,92.67,1.0
10834,93,44,2593,186,837.74,72.81,1.0
10835,107,45,2607,214,837.74,81.04,1.0
10836,110,46,2610,220,837.74,78.86,1.0
10837,145,42,2645,290,837.72,76.18,1.0
10838,124,31,2624,248,837.71,83.83,1.0
10839,123,37,2623,246,837.68,77.82,1.0
10840,105,43,2605,210,837.64,77.6,1.0
10841,157,40,2657,314,837.64,79.82,1.0
10842,134,30,2634,268,837.63,70.74,1.0
10843,114,40,2614,228,837.59,72.21,1.0
10844,98,44,2598,196,837.5,71.13,1.0
10845,286,11,2786,572,837.46,143.26,1.0
10846,98,45,2598,196,837.37,78.11,1.0
10847,112,38,2612,224,837.35,77.95,1.0
10848,120,45,2620,240,837.3,77.19,1.0
10849,76,46,2576,152,837.29,70.49,1.0
10850,211,56,2711,422,837.27,100.98,1.0
10851,117,40,2617,234,837.18,79.26,1.0
10852,76,42,2576,152,837.15,62.68,1.0
10853,134,32,2634,268,837.15,75.85,1.0
10854,107,49,2607,214,837.14,80.62,1.0
10855,262,56,2762,524,837.14,103.91,1.0
10856,83,33,2583,166,837.11,71.56,1.0
10857,117,38,2617,234,837.08,77.32,1.0
10858,186,49,2686,372,837.04,84.61,1.0
10859,127,47,2627,254,836.98,75.11,1.0
10860,242,9,2742,484,836.98,145.17,1.0
10861,114,37,2614,228,836.94,69.92,1.0
10862,134,43,2634,268,836.93,78.87,1.0
10863,130,32,2630,260,836.93,79.47,1.0
10864,223,9,2723,446,836.92,128.05,1.0
10865,108,30,2608,216,836.9,70.66,1.0
10866,99,42,2599,198,836.89,75.1,1.0
10867,123,42,2623,246,836.87,70.36,1.0
10868,109,44,2609,218,836.86,75.65,1.0
10869,280,11,2780,560,836.86,138.79,1.0
10870,114,41,2614,228,836.85,73.91,1.0
10871,199,55,2699,398,836.84,91.85,1.0
10872,191,53,2691,382,836.83,85.15,1.0
10873,98,31,2598,196,836.82,80.71,1.0
10874,109,46,2609,218,836.79,76.22,1.0
10875,142,49,2642,284,836.79,79.91,1.0
10876,106,32,2606,212,836.76,71.59,1.0
10877,278,56,2778,556,836.75,104.59,1.0
10878,165,8,2665,330,836.71,123.53,1.0
10879,260,9,2760,520,836.7,131.65,1.0
10880,259,9,2759,518,836.64,125.84,1.0
10881,123,30,2623,246,836.62,73.03,1.0
10882,167,52,2667,334,836.6,88.05,1.0
10883,238,53,2738,476,836.6,96.44,1.0
10884,205,55,2705,410,836.58,86.28,1.0
10885,115,33,2615,230,836.54,74.21,1.0
10886,99,38,2599,198,836.52,80.6,1.0
10887,116,38,2616,232,836.52,80.13,1.0
10888,93,36,2593,186,836.5,73.13,1.0
10889,199,56,2699,398,836.46,95.62,1.0
10890,131,33,2631,262,836.43,77.69,1.0
10891,93,37,2593,186,836.41,78.47,1.0
10892,98,40,2598,196,836.4,74.84,1.0
10893,225,53,2725,450,836.38,96.5,1.0
10894,117,45,2617,234,836.37,81.15,1.0
10895,99,7,2599,198,836.36,96.02,1.0
10896,106,30,2606,212,836.36,78.26,1.0
10897,123,43,2623,246,836.34,79.65,1.0
10898,176,8,2676,352,836.34,122.52,1.0
10899,114,44,2614,228,836.32,68.25,1.0
10900,111,37,2611,222,836.29,74.79,1.0
10901,214,56,2714,428,836.29,95.65,1.0
10902,298,57,2798,596,836.26,98.78,1.0
10903,114,42,2614,228,836.25,74.16,1.0
10904,10,28,2510,20,836.24,64.76,1.0
10905,107,38,2607,214,836.24,69.96,1.0
10906,85,36,2585,170,836.23,70.27,1.0
10907,110,30,2610,220,836.23,73.06,1.0
10908,129,49,2629,258,836.22,83.13,1.0
10909,266,54,2766,532,836.22,104.87,1.0
10910,271,55,2771,542,836.22,93.03,1.0
10911,123,45,2623,246,836.17,80.14,1.0
10912,292,56,2792,584,836.17,108.46,1.0
10913,85,42,2585,170,836.1,75.48,1.0
10914,76,35,2576,152,836.06,70.77,1.0
10915,175,50,2675,350,836.05,80.56,1.0
10916,249,54,2749,498,836.05,91.7,1.0
10917,104,7,2604,208,836.02,102.99,1.0
10918,115,32,2615,230,836.0,76.4,1.0
10919,128,43,2628,256,835.98,79.17,1.0
10920,109,45,2609,218,835.97,77.37,1.0
10921,134,36,2634,268,835.93,77.44,1.0
10922,7,6,2507,14,835.92,76.46,1.0
10923,169,8,2669,338,835.86,118.74,1.0
10924,267,56,2767,534,835.86,102.6,1.0
10925,110,47,2610,220,835.85,79.43,1.0
10926,116,40,2616,232,835.85,78.69,1.0
10927,93,30,2593,186,835.83,64.93,1.0
10928,150,50,2650,300,835.82,80.49,1.0
10929,184,53,2684,368,835.81,85.01,1.0
10930,93,33,2593,186,835.77,69.64,1.0
10931,252,58,2752,504,835.76,97.4,1.0
10932,100,45,2600,200,835.71,76.85,1.0
10933,98,41,2598,196,835.7,72.29,1.0
10934,47,29,2547,94,835.67,70.63,1.0
10935,173,55,2673,346,835.67,81.02,1.0
10936,262,57,2762,524,835.58,95.72,1.0
10937,155,48,2655,310,835.56,83.38,1.0
10938,230,53,2730,460,835.56,102.57,1.0
10939,98,37,2598,196,835.55,73.22,1.0
10940,236,54,2736,472,835.52,102.27,1.0
10941,163,53,2663,326,835.49,86.63,1.0
10942,114,46,2614,228,835.47,73.28,1.0
10943,228,10,2728,456,835.47,142.06,1.0
10944,42,7,2542,84,835.46,87.44,1.0
10945,111,43,2611,222,835.44,76.93,1.0
10946,150,49,2650,300,835.42,85.86,1.0
10947,42,29,2542,84,835.4,74.8,1.0
10948,172,53,2672,344,835.39,81.71,1.0
10949,280,52,2780,560,835.39,94.83,1.0
10950,107,34,2607,214,835.38,71.04,1.0
10951,108,38,2608,216,835.36,73.04,1.0
10952,211,55,2711,422,835.31,90.46,1.0
10953,123,40,2623,246,835.26,74.53,1.0
10954,151,52,2651,302,835.24,87.65,1.0
10955,173,53,2673,346,835.24,84.88,1.0
10956,249,55,2749,498,835.24,91.32,1.0
10957,194,53,2694,388,835.16,94.95,1.0
10958,115,35,2615,230,835.14,71.49,1.0
10959,256,59,2756,512,835.14,97.84,1.0
10960,112,31,2612,224,835.13,70.62,1.0
10961,76,43,2576,152,835.11,73.39,1.0
10962,134,34,2634,268,835.11,75.43,1.0
10963,156,49,2656,312,835.1,81.12,1.0
10964,109,34,2609,218,835.09,78.63,1.0
10965,257,53,2757,514,835.09,94.15,1.0
10966,91,34,2591,182,835.08,71.48,1.0
10967,30,6,2530,60,835.07,82.69,1.0
10968,102,48,2602,204,835.02,71.32,1.0
10969,149,51,2649,298,835.01,81.86,1.0
10970,197,51,2697,394,835.0,82.53,1.0
10971,131,42,2631,262,834.98,80.99,1.0
10972,124,32,2624,248,834.96,70.58,1.0
10973,191,54,2691,382,834.96,87.9,1.0
10974,104,35,2604,208,834.92,77.76,1.0
10975,157,31,2657,314,834.85,86.35,1.0
10976,127,48,2627,254,834.84,79.0,1.0
10977,111,40,2611,222,834.82,74.84,1.0
10978,85,45,2585,170,834.8,79.85,1.0
10979,93,39,2593,186,834.79,76.43,1.0
10980,113,7,2613,226,834.77,107.31,1.0
10981,189,52,2689,378,834.76,85.69,1.0
10982,291,9,2791,582,834.76,147.21,1.0
10983,107,35,2607,214,834.7,71.85,1.0
10984,108,31,2608,216,834.7,74.52,1.0
10985,81,29,2581,162,834.69,76.5,1.0
10986,230,52,2730,460,834.68,92.57,1.0
10987,164,9,2664,328,834.64,119.49,1.0
10988,85,47,2585,170,834.63,73.37,1.0
10989,222,57,2722,444,834.55,88.32,1.0
10990,293,56,2793,586,834.55,95.36,1.0
10991,124,36,2624,248,834.54,78.66,1.0
10992,99,40,2599,198,834.52,76.53,1.0
10993,134,38,2634,268,834.48,69.47,1.0
10994,93,41,2593,186,834.45,69.72,1.0
10995,85,43,2585,170,834.44,77.01,1.0
10996,270,55,2770,540,834.44,104.37,1.0
10997,85,34,2585,170,834.43,75.47,1.0
10998,78,7,2578,156,834.37,93.5,1.0
10999,124,41,2624,248,834.34,82.59,1.0
11000,274,54,2774,548,834.34,99.27,1.0
11001,231,55,2731,462,834.27,92.61,1.0
11002,296,9,2796,592,834.27,141.63,1.0
11003,100,39,2600,200,834.25,71.45,1.0
11004,105,37,2605,210,834.24,79.6,1.0
11005,157,41,2657,314,834.24,85.82,1.0
11006,205,8,2705,410,834.24,126.33,1.0
11007,281,53,2781,562,834.24,103.35,1.0
11008,115,37,2615,230,834.23,68.65,1.0
11009,171,50,2671,342,834.23,84.72,1.0
11010,104,44,2604,208,834.22,80.28,1.0
11011,109,7,2609,218,834.2,104.95,1.0
11012,141,51,2641,282,834.2,77.76,1.0
11013,245,56,2745,490,834.2,99.03,1.0
11014,170,52,2670,340,834.17,84.81,1.0
11015,275,53,2775,550,834.17,96.47,1.0
11016,70,7,2570,140,834.14,87.85,1.0
11017,91,40,2591,182,834.14,71.9,1.0
11018,180,7,2680,360,834.14,114.85,1.0
11019,227,57,2727,454,834.12,94.78,1.0
11020,124,34,2624,248,834.11,78.47,1.0
11021,238,54,2738,476,834.11,99.85,1.0
11022,41,6,2541,82,834.08,78.92,1.0
11023,101,8,2601,202,834.07,106.85,1.0
11024,115,44,2615,230,834.07,73.51,1.0
11025,178,57,2678,356,834.07,86.2,1.0
11026,277,57,2777,554,834.06,106.74,1.0
11027,153,51,2653,306,834.05,89.83,1.0
11028,44,29,2544,88,834.04,64.03,1.0
11029,107,7,2607,214,834.02,105.97,1.0
11030,274,10,2774,548,834.02,135.47,1.0
11031,219,53,2719,438,834.01,94.54,1.0
11032,226,55,2726,452,833.99,95.18,1.0
11033,105,33,2605,210,833.96,68.46,1.0
11034,76,33,2576,152,833.95,66.79,1.0
11035,87,7,2587,174,833.95,100.92,1.0
11036,99,31,2599,198,833.95,74.71,1.0
11037,186,51,2686,372,833.95,89.64,1.0
11038,277,9,2777,554,833.92,132.33,1.0
11039,93,31,2593,186,833.91,80.95,1.0
11040,146,50,2646,292,833.9,84.93,1.0
11041,134,37,2634,268,833.89,74.83,1.0
11042,57,7,2557,114,833.84,83.06,1.0
11043,115,30,2615,230,833.84,74.45,1.0
11044,108,35,2608,216,833.82,78.1,1.0
11045,114,48,2614,228,833.79,75.18,1.0
11046,85,38,2585,170,833.78,79.92,1.0
11047,185,50,2685,370,833.77,95.37,1.0
11048,247,54,2747,494,833.76,94.52,1.0
11049,110,48,2610,220,833.72,78.33,1.0
11050,171,52,2671,342,833.72,86.42,1.0
11051,204,56,2704,408,833.72,101.67,1.0
11052,143,52,2643,286,833.71,79.29,1.0
11053,112,40,2612,224,833.7,82.27,1.0
11054,108,42,2608,216,833.66,72.18,1.0
11055,251,56,2751,502,833.64,91.67,1.0
11056,99,33,2599,198,833.61,72.36,1.0
11057,134,40,2634,268,833.58,83.32,1.0
11058,205,56,2705,410,833.58,87.83,1.0
11059,176,53,2676,352,833.56,85.08,1.0
11060,73,7,2573,146,833.55,91.82,1.0
11061,177,54,2677,354,833.54,84.33,1.0
11062,252,57,2752,504,833.52,93.78,1.0
11063,2,28,2502,4,833.5,66.99,1.0
11064,268,9,2768,536,833.49,133.03,1.0
11065,105,41,2605,210,833.48,82.67,1.0
11066,196,54,2696,392,833.48,87.7,1.0
11067,62,29,2562,124,833.47,70.57,1.0
11068,145,40,2645,290,833.46,84.34,1.0
11069,171,8,2671,342,833.46,108.35,1.0
11070,165,53,2665,330,833.45,93.0,1.0
11071,105,32,2605,210,833.41,76.63,1.0
11072,287,9,2787,574,833.38,131.09,1.0
11073,132,46,2632,264,833.37,77.69,1.0
11074,187,53,2687,374,833.36,91.14,1.0
11075,94,33,2594,188,833.33,69.57,1.0
11076,35,7,2535,70,833.32,88.17,1.0
11077,112,34,2612,224,833.32,78.27,1.0
11078,128,38,2628,256,833.29,76.58,1.0
11079,149,8,2649,298,833.27,104.05,1.0
11080,111,33,2611,222,833.26,76.88,1.0
11081,159,7,2659,318,833.26,113.91,1.0
11082,88,40,2588,176,833.25,71.34,1.0
11083,165,55,2665,330,833.25,88.71,1.0
11084,100,44,2600,200,833.24,78.99,1.0
11085,93,42,2593,186,833.22,77.78,1.0
11086,257,54,2757,514,833.22,100.37,1.0
11087,91,33,2591,182,833.19,71.05,1.0
11088,126,48,2626,252,833.19,84.54,1.0
11089,145,43,2645,290,833.19,82.22,1.0
11090,94,34,2594,188,833.17,82.31,1.0
11091,76,39,2576,152,833.16,72.06,1.0
11092,210,53,2710,420,833.16,95.24,1.0
11093,99,36,2599,198,833.15,80.69,1.0
11094,147,50,2647,294,833.08,82.37,1.0
11095,157,46,2657,314,833.08,90.97,1.0
11096,138,51,2638,276,833.06,82.74,1.0
11097,115,43,2615,230,833.02,69.79,1.0
11098,157,42,2657,314,833.02,84.56,1.0
11099,16,29,2516,32,832.99,71.93,1.0
11100,169,52,2669,338,832.99,87.94,1.0
11101,233,56,2733,466,832.98,93.65,1.0
11102,58,7,2558,116,832.96,89.94,1.0
11103,100,32,2600,200,832.95,80.68,1.0
11104,105,35,2605,210,832.94,80.33,1.0
11105,137,7,2637,274,832.9,102.24,1.0
11106,127,46,2627,254,832.89,82.0,1.0
11107,100,30,2600,200,832.86,79.86,1.0
11108,147,51,2647,294,832.85,76.8,1.0
11109,157,34,2657,314,832.84,89.63,1.0
11110,91,36,2591,182,832.82,74.76,1.0
11111,246,56,2746,492,832.8,103.37,1.0
11112,158,53,2658,316,832.78,92.73,1.0
11113,51,29,2551,102,832.77,72.43,1.0
11114,124,30,2624,248,832.77,77.36,1.0
11115,99,34,2599,198,832.74,73.51,1.0
11116,281,10,2781,562,832.74,136.67,1.0
11117,293,10,2793,586,832.71,136.15,1.0
11118,98,43,2598,196,832.7,73.73,1.0
11119,111,7,2611,222,832.7,96.74,1.0
11120,113,50,2613,226,832.66,82.62,1.0
11121,98,38,2598,196,832.65,75.49,1.0
11122,105,31,2605,210,832.65,79.15,1.0
11123,76,34,2576,152,832.64,73.41,1.0
11124,181,52,2681,362,832.63,89.74,1.0
11125,26,6,2526,52,832.62,76.07,1.0
11126,149,52,2649,298,832.62,84.22,1.0
11127,202,53,2702,404,832.6,97.47,1.0
11128,83,7,2583,166,832.53,87.28,1.0
11129,117,46,2617,234,832.53,79.33,1.0
11130,128,44,2628,256,832.53,77.04,1.0
11131,106,37,2606,212,832.51,77.72,1.0
11132,124,42,2624,248,832.51,79.63,1.0
11133,76,37,2576,152,832.48,69.9,1.0
11134,83,32,2583,166,832.47,75.46,1.0
11135,57,29,2557,114,832.46,65.41,1.0
11136,91,32,2591,182,832.44,71.72,1.0
11137,185,9,2685,370,832.39,115.01,1.0
11138,83,39,2583,166,832.38,75.12,1.0
11139,108,45,2608,216,832.38,69.73,1.0
11140,167,53,2667,334,832.37,89.75,1.0
11141,195,53,2695,390,832.37,89.37,1.0
11142,128,35,2628,256,832.32,79.15,1.0
11143,0,28,2500,0,832.31,64.76,1.0
11144,6,28,2506,12,832.29,66.13,1.0
11145,261,57,2761,522,832.29,103.79,1.0
11146,123,41,2623,246,832.26,76.56,1.0
11147,268,54,2768,536,832.25,108.21,1.0
11148,88,38,2588,176,832.24,74.26,1.0
11149,84,49,2584,168,832.24,74.34,1.0
11150,222,8,2722,444,832.24,130.77,1.0
11151,134,41,2634,268,832.23,71.05,1.0
11152,260,56,2760,520,832.22,95.37,1.0
11153,237,59,2737,474,832.2,110.44,1.0
11154,253,53,2753,506,832.2,91.75,1.0
11155,85,35,2585,170,832.19,71.66,1.0
11156,98,34,2598,196,832.18,76.68,1.0
11157,145,35,2645,290,832.17,79.56,1.0
11158,282,11,2782,564,832.13,127.62,1.0
11159,271,9,2771,542,832.12,128.77,1.0
11160,83,41,2583,166,832.1,74.96,1.0
11161,223,55,2723,446,832.09,95.58,1.0
11162,282,53,2782,564,832.08,94.23,1.0
11163,251,55,2751,502,832.06,94.07,1.0
11164,206,55,2706,412,832.02,92.17,1.0
11165,76,31,2576,152,832.0,69.53,1.0
11166,264,10,2764,528,831.98,132.65,1.0
11167,284,57,2784,568,831.97,101.76,1.0
11168,121,48,2621,242,831.96,77.59,1.0
11169,184,54,2684,368,831.96,90.6,1.0
11170,209,53,2709,418,831.95,97.57,1.0
11171,93,35,2593,186,831.94,78.92,1.0
11172,58,29,2558,116,831.91,67.73,1.0
11173,215,56,2715,430,831.91,99.08,1.0
11174,134,44,2634,268,831.89,75.84,1.0
11175,177,53,2677,354,831.89,79.8,1.0
11176,128,8,2628,256,831.88,109.95,1.0
11177,128,30,2628,256,831.88,79.48,1.0
11178,221,54,2721,442,831.87,91.21,1.0
11179,89,7,2589,178,831.86,98.31,1.0
11180,107,46,2607,214,831.86,78.24,1.0
11181,103,32,2603,206,831.83,77.35,1.0
11182,19,6,2519,38,831.8,91.33,1.0
11183,128,31,2628,256,831.74,82.74,1.0
11184,115,31,2615,230,831.73,76.88,1.0
11185,105,30,2605,210,831.72,75.57,1.0
11186,91,43,2591,182,831.71,75.39,1.0
11187,115,34,2615,230,831.69,69.04,1.0
11188,91,7,2591,182,831.66,104.59,1.0
11189,122,40,2622,244,831.66,82.15,1.0
11190,146,51,2646,292,831.65,78.15,1.0
11191,138,54,2638,276,831.62,84.44,1.0
11192,250,55,2750,500,831.62,90.29,1.0
11193,129,50,2629,258,831.58,76.98,1.0
11194,71,7,2571,142,831.57,95.18,1.0
11195,69,7,2569,138,831.56,93.65,1.0
11196,173,8,2673,346,831.56,121.66,1.0
11197,285,57,2785,570,831.56,97.5,1.0
11198,212,51,2712,424,831.54,98.05,1.0
11199,214,8,2714,428,831.53,119.05,1.0
11200,85,37,2585,170,831.45,75.83,1.0
11201,122,41,2622,244,831.42,82.84,1.0
11202,261,55,2761,522,831.41,84.9,1.0
11203,105,42,2605,210,831.4,75.4,1.0
11204,258,55,2758,516,831.38,102.19,1.0
11205,164,52,2664,328,831.37,84.79,1.0
11206,105,45,2605,210,831.36,77.04,1.0
11207,138,53,2638,276,831.3,76.96,1.0
11208,65,7,2565,130,831.27,94.93,1.0
11209,201,53,2701,402,831.26,91.85,1.0
11210,157,35,2657,314,831.25,88.11,1.0
11211,97,32,2597,194,831.24,72.54,1.0
11212,103,33,2603,206,831.19,80.32,1.0
11213,215,57,2715,430,831.18,97.15,1.0
11214,156,8,2656,312,831.17,108.22,1.0
11215,98,33,2598,196,831.16,75.62,1.0
11216,83,44,2583,166,831.15,71.69,1.0
11217,76,41,2576,152,831.14,71.13,1.0
11218,152,52,2652,304,831.14,83.9,1.0
11219,232,55,2732,464,831.13,98.26,1.0
11220,133,51,2633,266,831.12,82.49,1.0
11221,23,6,2523,46,831.09,87.61,1.0
11222,76,38,2576,152,831.09,68.5,1.0
11223,289,58,2789,578,831.07,112.17,1.0
11224,125,51,2625,250,831.05,78.91,1.0
11225,25,6,2525,50,831.04,82.22,1.0
11226,100,37,2600,200,831.01,75.33,1.0
11227,131,45,2631,262,830.98,77.7,1.0
11228,171,53,2671,342,830.98,83.97,1.0
11229,121,49,2621,242,830.97,80.9,1.0
11230,131,47,2631,262,830.96,85.33,1.0
11231,136,49,2636,272,830.95,76.47,1.0
11232,85,40,2585,170,830.94,80.76,1.0
11233,166,52,2666,332,830.94,83.45,1.0
11234,93,46,2593,186,830.92,71.42,1.0
11235,99,39,2599,198,830.9,82.25,1.0
11236,93,38,2593,186,830.87,78.23,1.0
11237,107,47,2607,214,830.87,77.8,1.0
11238,92,41,2592,184,830.84,73.47,1.0
11239,85,33,2585,170,830.82,75.98,1.0
11240,135,53,2635,270,830.79,83.76,1.0
11241,91,37,2591,182,830.76,72.59,1.0
11242,247,53,2747,494,830.75,89.13,1.0
11243,103,38,2603,206,830.74,74.52,1.0
11244,108,41,2608,216,830.71,79.27,1.0
11245,142,47,2642,284,830.71,75.92,1.0
11246,88,43,2588,176,830.7,69.76,1.0
11247,253,52,2753,506,830.69,89.25,1.0
11248,76,40,2576,152,830.68,66.76,1.0
11249,95,44,2595,190,830.68,75.88,1.0
11250,104,30,2604,208,830.66,78.84,1.0
11251,94,7,2594,188,830.66,98.58,1.0
11252,193,55,2693,386,830.65,93.47,1.0
11253,210,55,2710,420,830.64,88.41,1.0
11254,237,57,2737,474,830.62,99.51,1.0
11255,293,55,2793,586,830.62,111.23,1.0
11256,85,39,2585,170,830.58,76.07,1.0
11257,85,44,2585,170,830.58,86.16,1.0
11258,152,8,2652,304,830.56,105.8,1.0
11259,282,10,2782,564,830.55,129.86,1.0
11260,278,57,2778,556,830.54,97.74,1.0
11261,120,48,2620,240,830.53,74.87,1.0
11262,128,39,2628,256,830.52,75.98,1.0
11263,248,56,2748,496,830.52,106.55,1.0
11264,115,42,2615,230,830.49,71.89,1.0
11265,251,57,2751,502,830.49,100.19,1.0
11266,188,52,2688,376,830.47,81.98,1.0
11267,269,56,2769,538,830.46,104.57,1.0
11268,98,32,2598,196,830.44,73.19,1.0
11269,224,56,2724,448,830.44,97.02,1.0
11270,115,39,2615,230,830.38,73.93,1.0
11271,17,28,2517,34,830.37,66.19,1.0
11272,158,52,2658,316,830.37,91.15,1.0
11273,122,36,2622,244,830.36,78.48,1.0
11274,217,56,2717,434,830.35,95.56,1.0
11275,100,42,2600,200,830.29,74.55,1.0
11276,84,52,2584,168,830.26,79.2,1.0
11277,103,35,2603,206,830.24,73.35,1.0
11278,88,39,2588,176,830.21,66.39,1.0
11279,142,50,2642,284,830.2,77.02,1.0
11280,106,38,2606,212,830.15,75.44,1.0
11281,217,55,2717,434,830.14,86.08,1.0
11282,88,31,2588,176,830.1,74.64,1.0
11283,105,39,2605,210,830.03,70.96,1.0
11284,188,51,2688,376,829.99,83.06,1.0
11285,248,57,2748,496,829.98,99.22,1.0
11286,261,9,2761,522,829.9,144.47,1.0
11287,93,45,2593,186,829.89,75.25,1.0
11288,83,46,2583,166,829.86,73.84,1.0
11289,104,46,2604,208,829.86,79.6,1.0
11290,110,50,2610,220,829.84,76.66,1.0
11291,111,49,2611,222,829.82,69.37,1.0
11292,77,37,2577,154,829.8,71.82,1.0
11293,99,35,2599,198,829.8,73.88,1.0
11294,222,58,2722,444,829.8,96.08,1.0
11295,201,8,2701,402,829.79,121.42,1.0
11296,99,37,2599,198,829.76,72.52,1.0
11297,88,32,2588,176,829.75,65.27,1.0
11298,88,42,2588,176,829.74,78.07,1.0
11299,169,51,2669,338,829.74,90.41,1.0
11300,106,42,2606,212,829.73,73.47,1.0
11301,108,33,2608,216,829.73,75.81,1.0
11302,198,55,2698,396,829.72,91.35,1.0
11303,9,6,2509,18,829.7,82.8,1.0
11304,98,36,2598,196,829.7,73.52,1.0
11305,111,46,2611,222,829.7,76.8,1.0
11306,131,46,2631,262,829.68,78.78,1.0
11307,130,48,2630,260,829.65,79.17,1.0
11308,4,28,2504,8,829.63,71.63,1.0
11309,104,42,2604,208,829.63,78.15,1.0
11310,136,51,2636,272,829.62,78.43,1.0
11311,156,50,2656,312,829.59,77.61,1.0
11312,122,42,2622,244,829.58,78.55,1.0
11313,240,54,2740,480,829.57,94.04,1.0
11314,103,36,2603,206,829.49,78.12,1.0
11315,128,34,2628,256,829.48,75.6,1.0
11316,190,54,2690,380,829.47,88.49,1.0
11317,213,52,2713,426,829.46,96.66,1.0
11318,88,41,2588,176,829.45,69.14,1.0
11319,292,57,2792,584,829.45,107.43,1.0
11320,15,6,2515,30,829.44,78.29,1.0
11321,251,8,2751,502,829.44,138.7,1.0
11322,83,37,2583,166,829.41,75.63,1.0
11323,210,54,2710,420,829.4,85.16,1.0
11324,216,54,2716,432,829.4,85.96,1.0
11325,150,51,2650,300,829.38,80.04,1.0
11326,115,41,2615,230,829.36,73.75,1.0
11327,132,47,2632,264,829.34,74.88,1.0
11328,200,8,2700,400,829.34,125.79,1.0
11329,95,38,2595,190,829.32,77.42,1.0
11330,162,53,2662,324,829.31,86.58,1.0
11331,241,56,2741,482,829.3,101.96,1.0
11332,291,57,2791,582,829.3,110.38,1.0
11333,108,44,2608,216,829.29,68.36,1.0
11334,136,52,2636,272,829.25,79.69,1.0
11335,31,6,2531,62,829.22,87.62,1.0
11336,159,52,2659,318,829.22,89.68,1.0
11337,297,54,2797,594,829.21,107.37,1.0
11338,106,45,2606,212,829.2,81.67,1.0
11339,221,9,2721,442,829.19,124.19,1.0
11340,257,55,2757,514,829.17,101.48,1.0
11341,101,38,2601,202,829.15,74.41,1.0
11342,139,50,2639,278,829.15,82.08,1.0
11343,60,6,2560,120,829.14,85.6,1.0
11344,281,54,2781,562,829.09,100.85,1.0
11345,183,7,2683,366,829.07,128.94,1.0
11346,269,55,2769,538,829.05,98.76,1.0
11347,99,45,2599,198,829.03,71.75,1.0
11348,85,32,2585,170,829.01,75.9,1.0
11349,286,55,2786,572,829.0,104.52,1.0
11350,157,9,2657,314,828.97,124.33,1.0
11351,50,29,2550,100,828.93,70.03,1.0
11352,133,49,2633,266,828.93,77.63,1.0
11353,124,46,2624,248,828.91,79.82,1.0
11354,102,53,2602,204,828.9,75.19,1.0
11355,99,46,2599,198,828.9,79.22,1.0
11356,112,48,2612,224,828.89,82.41,1.0
11357,111,34,2611,222,828.86,77.4,1.0
11358,265,56,2765,530,828.86,109.83,1.0
11359,108,40,2608,216,828.84,78.6,1.0
11360,121,50,2621,242,828.82,78.94,1.0
11361,161,51,2661,322,828.82,84.81,1.0
11362,83,40,2583,166,828.8,72.32,1.0
11363,130,50,2630,260,828.77,80.92,1.0
11364,148,54,2648,296,828.76,86.16,1.0
11365,282,55,2782,564,828.76,103.55,1.0
11366,137,48,2637,274,828.75,79.51,1.0
11367,186,10,2686,372,828.73,120.7,1.0
11368,183,58,2683,366,828.72,87.45,1.0
11369,168,8,2668,336,828.7,118.09,1.0
11370,99,30,2599,198,828.66,76.41,1.0
11371,107,48,2607,214,828.61,77.43,1.0
11372,82,7,2582,164,828.59,100.28,1.0
11373,175,51,2675,350,828.59,81.29,1.0
11374,244,55,2744,488,828.58,93.96,1.0
11375,137,49,2637,274,828.57,76.69,1.0
11376,105,38,2605,210,828.54,72.56,1.0
11377,168,51,2668,336,828.54,75.56,1.0
11378,192,54,2692,384,828.54,90.78,1.0
11379,112,46,2612,224,828.52,77.19,1.0
11380,6,6,2506,12,828.5,78.38,1.0
11381,134,45,2634,268,828.5,73.33,1.0
11382,292,58,2792,584,828.47,100.57,1.0
11383,117,47,2617,234,828.46,84.02,1.0
11384,144,51,2644,288,828.44,77.71,1.0
11385,123,46,2623,246,828.4,79.41,1.0
11386,140,53,2640,280,828.38,89.58,1.0
11387,113,54,2613,226,828.34,83.22,1.0
11388,128,33,2628,256,828.32,80.98,1.0
11389,180,55,2680,360,828.32,85.65,1.0
11390,186,9,2686,372,828.31,117.19,1.0
11391,53,7,2553,106,828.26,93.02,1.0
11392,94,37,2594,188,828.24,79.17,1.0
11393,80,38,2580,160,828.2,69.48,1.0
11394,83,31,2583,166,828.18,75.16,1.0
11395,157,33,2657,314,828.14,89.16,1.0
11396,145,47,2645,290,828.12,83.13,1.0
11397,128,41,2628,256,828.08,69.86,1.0
11398,105,36,2605,210,828.07,76.84,1.0
11399,64,7,2564,128,828.06,91.37,1.0
11400,103,40,2603,206,828.05,74.94,1.0
11401,284,56,2784,568,828.04,103.78,1.0
11402,105,44,2605,210,828.02,67.46,1.0
11403,113,51,2613,226,827.99,78.96,1.0
11404,92,39,2592,184,827.98,82.53,1.0
11405,13,28,2513,26,827.97,66.82,1.0
11406,88,47,2588,176,827.97,70.87,1.0
11407,299,9,2799,598,827.97,140.8,1.0
11408,88,36,2588,176,827.94,75.38,1.0
11409,115,45,2615,230,827.93,73.03,1.0
11410,205,57,2705,410,827.93,95.61,1.0
11411,120,47,2620,240,827.92,73.8,1.0
11412,118,54,2618,236,827.9,91.89,1.0
11413,87,39,2587,174,827.88,70.85,1.0
11414,90,7,2590,180,827.86,93.22,1.0
11415,108,36,2608,216,827.86,75.33,1.0
11416,154,51,2654,308,827.83,83.59,1.0
11417,136,50,2636,272,827.8,76.55,1.0
11418,133,8,2633,266,827.78,114.07,1.0
11419,83,38,2583,166,827.75,79.16,1.0
11420,207,54,2707,414,827.75,87.58,1.0
11421,290,9,2790,580,827.75,147.64,1.0
11422,88,34,2588,176,827.73,73.94,1.0
11423,106,41,2606,212,827.68,73.4,1.0
11424,126,49,2626,252,827.68,78.24,1.0
11425,128,36,2628,256,827.64,75.54,1.0
11426,88,33,2588,176,827.61,67.47,1.0
11427,84,53,2584,168,827.6,76.58,1.0
11428,91,30,2591,182,827.58,75.93,1.0
11429,94,38,2594,188,827.58,79.48,1.0
11430,263,60,2763,526,827.57,91.97,1.0
11431,153,52,2653,306,827.54,87.45,1.0
11432,214,58,2714,428,827.53,95.09,1.0
11433,46,29,2546,92,827.5,70.33,1.0
11434,172,54,2672,344,827.5,88.47,1.0
11435,179,54,2679,358,827.5,92.42,1.0
11436,280,54,2780,560,827.5,102.94,1.0
11437,88,30,2588,176,827.48,72.82,1.0
11438,100,43,2600,200,827.45,66.27,1.0
11439,98,42,2598,196,827.44,75.78,1.0
11440,104,43,2604,208,827.43,71.22,1.0
11441,122,31,2622,244,827.42,78.12,1.0
11442,94,42,2594,188,827.41,78.44,1.0
11443,99,44,2599,198,827.41,72.01,1.0
11444,103,46,2603,206,827.4,77.2,1.0
11445,216,55,2716,432,827.4,87.12,1.0
11446,267,9,2767,534,827.35,121.35,1.0
11447,119,51,2619,238,827.34,80.88,1.0
11448,98,46,2598,196,827.26,78.84,1.0
11449,116,47,2616,232,827.26,81.54,1.0
11450,150,52,2650,300,827.26,76.91,1.0
11451,174,53,2674,348,827.26,87.7,1.0
11452,104,37,2604,208,827.24,72.78,1.0
11453,91,42,2591,182,827.22,72.88,1.0
11454,104,40,2604,208,827.22,83.19,1.0
11455,91,41,2591,182,827.21,75.94,1.0
11456,93,32,2593,186,827.2,80.06,1.0
11457,128,37,2628,256,827.2,78.09,1.0
11458,139,52,2639,278,827.18,85.6,1.0
11459,289,57,2789,578,827.16,104.99,1.0
11460,265,57,2765,530,827.1,95.73,1.0
11461,209,8,2709,418,827.08,123.92,1.0
11462,88,37,2588,176,827.05,73.97,1.0
11463,88,45,2588,176,827.04,69.99,1.0
11464,181,53,2681,362,827.03,93.17,1.0
11465,176,54,2676,352,827.0,91.5,1.0
11466,216,9,2716,432,826.99,130.0,1.0
11467,111,48,2611,222,826.97,65.45,1.0
11468,38,6,2538,76,826.95,78.03,1.0
11469,138,55,2638,276,826.94,80.58,1.0
11470,227,56,2727,454,826.93,102.48,1.0
11471,147,53,2647,294,826.88,82.26,1.0
11472,98,35,2598,196,826.85,74.05,1.0
11473,233,55,2733,466,826.78,93.32,1.0
11474,104,41,2604,208,826.76,76.96,1.0
11475,135,54,2635,270,826.76,81.36,1.0
11476,182,56,2682,364,826.76,94.31,1.0
11477,231,9,2731,462,826.72,124.7,1.0
11478,209,56,2709,418,826.7,100.03,1.0
11479,104,31,2604,208,826.68,74.66,1.0
11480,97,39,2597,194,826.68,67.71,1.0
11481,229,9,2729,458,826.68,130.46,1.0
11482,229,53,2729,458,826.62,100.55,1.0
11483,104,32,2604,208,826.57,76.63,1.0
11484,50,7,2550,100,826.56,94.35,1.0
11485,93,43,2593,186,826.55,73.5,1.0
11486,94,31,2594,188,826.55,78.0,1.0
11487,134,46,2634,268,826.51,67.14,1.0
11488,83,43,2583,166,826.5,69.59,1.0
11489,127,49,2627,254,826.5,80.02,1.0
11490,282,54,2782,564,826.49,98.68,1.0
11491,77,38,2577,154,826.46,66.1,1.0
11492,134,8,2634,268,826.44,102.43,1.0
11493,228,54,2728,456,826.43,101.04,1.0
11494,297,10,2797,594,826.42,130.98,1.0
11495,94,45,2594,188,826.41,78.86,1.0
11496,130,49,2630,260,826.4,84.5,1.0
11497,117,50,2617,234,826.38,86.05,1.0
11498,80,31,2580,160,826.36,69.94,1.0
11499,77,32,2577,154,826.32,71.73,1.0
11500,83,36,2583,166,826.29,77.52,1.0
11501,201,52,2701,402,826.29,92.94,1.0
11502,90,30,2590,180,826.24,68.85,1.0
11503,60,36,2560,120,826.17,76.19,1.0
11504,102,51,2602,204,826.14,82.48,1.0
11505,77,36,2577,154,826.13,71.62,1.0
11506,195,54,2695,390,826.13,96.67,1.0
11507,88,44,2588,176,826.1,72.99,1.0
11508,68,30,2568,136,826.09,69.01,1.0
11509,87,41,2587,174,826.07,73.75,1.0
11510,192,53,2692,384,826.07,96.36,1.0
11511,94,35,2594,188,826.06,78.33,1.0
11512,124,47,2624,248,825.98,75.85,1.0
11513,94,44,2594,188,825.97,74.22,1.0
11514,277,58,2777,554,825.96,102.56,1.0
11515,103,34,2603,206,825.95,74.67,1.0
11516,76,50,2576,152,825.9,66.42,1.0
11517,95,42,2595,190,825.88,81.46,1.0
11518,85,48,2585,170,825.87,81.47,1.0
11519,99,47,2599,198,825.83,76.13,1.0
11520,22,6,2522,44,825.8,82.76,1.0
11521,145,46,2645,290,825.8,83.61,1.0
11522,244,54,2744,488,825.8,99.14,1.0
11523,30,29,2530,60,825.79,71.45,1.0
11524,47,6,2547,94,825.78,89.59,1.0
11525,101,45,2601,202,825.78,67.52,1.0
11526,191,55,2691,382,825.75,87.34,1.0
11527,114,47,2614,228,825.74,77.85,1.0
11528,96,30,2596,192,825.71,73.74,1.0
11529,105,40,2605,210,825.69,79.19,1.0
11530,48,7,2548,96,825.67,95.92,1.0
11531,63,7,2563,126,825.66,103.71,1.0
11532,65,29,2565,130,825.63,72.66,1.0
11533,112,7,2612,224,825.6,95.0,1.0
11534,300,58,2800,600,825.59,104.86,1.0
11535,100,49,2600,200,825.52,69.16,1.0
11536,93,47,2593,186,825.5,72.95,1.0
11537,164,8,2664,328,825.49,116.29,1.0
11538,53,29,2553,106,825.46,78.75,1.0
11539,104,39,2604,208,825.43,70.7,1.0
11540,110,51,2610,220,825.43,75.8,1.0
11541,161,52,2661,322,825.42,84.87,1.0
11542,296,56,2796,592,825.4,99.9,1.0
11543,218,9,2718,436,825.33,128.61,1.0
11544,230,54,2730,460,825.33,96.08,1.0
11545,187,8,2687,374,825.31,129.99,1.0
11546,112,33,2612,224,825.3,74.53,1.0
11547,33,29,2533,66,825.28,64.54,1.0
11548,94,30,2594,188,825.26,75.21,1.0
11549,97,35,2597,194,825.11,73.96,1.0
11550,275,54,2775,550,825.1,93.72,1.0
11551,101,33,2601,202,825.08,75.66,1.0
11552,185,51,2685,370,825.08,88.79,1.0
11553,91,31,2591,182,825.06,77.17,1.0
11554,18,6,2518,36,825.05,85.78,1.0
11555,144,53,2644,288,825.02,80.35,1.0
11556,84,54,2584,168,825.01,73.58,1.0
11557,143,53,2643,286,825.0,85.97,1.0
11558,241,55,2741,482,825.0,101.73,1.0
11559,272,56,2772,544,825.0,104.44,1.0
11560,95,30,2595,190,824.99,75.08,1.0
11561,71,40,2571,142,824.98,78.94,1.0
11562,86,39,2586,172,824.96,72.83,1.0
11563,94,40,2594,188,824.94,78.4,1.0
11564,106,46,2606,212,824.94,84.51,1.0
11565,125,53,2625,250,824.93,72.02,1.0
11566,208,57,2708,416,824.93,94.59,1.0
11567,100,47,2600,200,824.91,80.43,1.0
11568,289,9,2789,578,824.91,139.4,1.0
11569,91,38,2591,182,824.9,71.51,1.0
11570,167,54,2667,334,824.9,81.16,1.0
11571,268,56,2768,536,824.86,99.79,1.0
11572,105,46,2605,210,824.82,79.29,1.0
11573,247,55,2747,494,824.82,105.9,1.0
11574,94,36,2594,188,824.8,74.74,1.0
11575,197,52,2697,394,824.78,90.53,1.0
11576,99,41,2599,198,824.77,79.59,1.0
11577,108,34,2608,216,824.75,77.49,1.0
11578,138,56,2638,276,824.74,86.14,1.0
11579,83,30,2583,166,824.73,75.62,1.0
11580,132,48,2632,264,824.72,79.73,1.0
11581,11,28,2511,22,824.71,65.6,1.0
11582,203,8,2703,406,824.7,135.69,1.0
11583,87,38,2587,174,824.68,75.93,1.0
11584,110,49,2610,220,824.67,77.8,1.0
11585,122,44,2622,244,824.66,79.14,1.0
11586,109,49,2609,218,824.65,77.83,1.0
11587,68,39,2568,136,824.64,76.79,1.0
11588,152,54,2652,304,824.61,79.26,1.0
11589,168,52,2668,336,824.59,76.78,1.0
11590,227,58,2727,454,824.58,101.73,1.0
11591,100,46,2600,200,824.57,71.95,1.0
11592,147,52,2647,294,824.55,75.19,1.0
11593,108,32,2608,216,824.52,78.23,1.0
11594,92,34,2592,184,824.49,67.18,1.0
11595,218,54,2718,436,824.48,101.0,1.0
11596,234,57,2734,468,824.47,105.9,1.0
11597,104,33,2604,208,824.46,74.15,1.0
11598,83,42,2583,166,824.45,75.84,1.0
11599,132,49,2632,264,824.45,71.17,1.0
11600,213,53,2713,426,824.44,89.62,1.0
11601,262,58,2762,524,824.43,100.17,1.0
11602,34,6,2534,68,824.42,81.1,1.0
11603,237,58,2737,474,824.41,103.66,1.0
11604,103,39,2603,206,824.36,72.18,1.0
11605,139,51,2639,278,824.33,77.9,1.0
11606,86,44,2586,172,824.3,67.92,1.0
11607,87,40,2587,174,824.29,74.96,1.0
11608,174,54,2674,348,824.27,82.89,1.0
11609,91,46,2591,182,824.26,74.75,1.0
11610,187,54,2687,374,824.26,93.48,1.0
11611,94,39,2594,188,824.25,78.54,1.0
11612,10,6,2510,20,824.18,79.48,1.0
11613,200,58,2700,400,824.15,86.99,1.0
11614,55,7,2555,110,824.14,95.68,1.0
11615,55,29,2555,110,824.12,71.99,1.0
11616,180,54,2680,360,824.06,81.05,1.0
11617,276,56,2776,552,824.05,108.57,1.0
11618,88,35,2588,176,824.04,69.61,1.0
11619,283,57,2783,566,824.03,102.72,1.0
11620,142,51,2642,284,824.02,85.91,1.0
11621,89,39,2589,178,824.0,78.19,1.0
11622,147,8,2647,294,823.99,112.62,1.0
11623,271,56,2771,542,823.99,97.69,1.0
11624,45,7,2545,90,823.98,88.82,1.0
11625,107,50,2607,214,823.96,72.22,1.0
11626,77,43,2577,154,823.94,70.03,1.0
11627,95,43,2595,190,823.94,79.58,1.0
11628,86,45,2586,172,823.93,70.15,1.0
11629,202,54,2702,404,823.93,97.0,1.0
11630,177,55,2677,354,823.92,83.8,1.0
11631,276,57,2776,552,823.92,106.03,1.0
11632,86,34,2586,172,823.91,71.05,1.0
11633,86,40,2586,172,823.91,69.93,1.0
11634,83,34,2583,166,823.88,76.04,1.0
11635,101,37,2601,202,823.87,73.65,1.0
11636,190,55,2690,380,823.8,93.22,1.0
11637,252,8,2752,504,823.77,134.14,1.0
11638,85,46,2585,170,823.76,79.41,1.0
11639,263,59,2763,526,823.76,96.06,1.0
11640,127,50,2627,254,823.74,76.06,1.0
11641,264,56,2764,528,823.72,97.92,1.0
11642,146,53,2646,292,823.7,87.38,1.0
11643,104,48,2604,208,823.68,79.68,1.0
11644,175,52,2675,350,823.68,80.3,1.0
11645,242,56,2742,484,823.68,110.12,1.0
11646,253,54,2753,506,823.68,92.82,1.0
11647,54,6,2554,108,823.67,93.25,1.0
11648,115,47,2615,230,823.66,71.68,1.0
11649,215,8,2715,430,823.63,129.83,1.0
11650,80,30,2580,160,823.62,71.3,1.0
11651,103,43,2603,206,823.62,73.96,1.0
11652,113,52,2613,226,823.62,90.92,1.0
11653,228,9,2728,456,823.62,130.76,1.0
11654,95,39,2595,190,823.6,73.53,1.0
11655,243,55,2743,486,823.6,102.79,1.0
11656,151,51,2651,302,823.59,89.38,1.0
11657,206,56,2706,412,823.59,95.21,1.0
11658,220,52,2720,440,823.59,86.43,1.0
11659,214,57,2714,428,823.54,86.72,1.0
11660,229,52,2729,458,823.54,97.57,1.0
11661,166,8,2666,332,823.46,108.41,1.0
11662,3,6,2503,6,823.43,78.71,1.0
11663,77,30,2577,154,823.41,73.45,1.0
11664,133,48,2633,266,823.4,83.21,1.0
11665,101,35,2601,202,823.35,64.86,1.0
11666,91,35,2591,182,823.33,69.56,1.0
11667,249,56,2749,498,823.28,92.1,1.0
11668,122,34,2622,244,823.27,86.71,1.0
11669,87,35,2587,174,823.22,65.81,1.0
11670,106,7,2606,212,823.21,96.18,1.0
11671,228,55,2728,456,823.2,100.4,1.0
11672,126,51,2626,252,823.12,88.81,1.0
11673,155,49,2655,310,823.09,80.54,1.0
11674,184,8,2684,368,823.08,120.86,1.0
11675,169,55,2669,338,823.06,86.91,1.0
11676,254,9,2754,508,823.06,132.12,1.0
11677,101,36,2601,202,823.05,70.69,1.0
11678,226,54,2726,452,823.02,89.08,1.0
11679,126,7,2626,252,823.01,95.64,1.0
11680,94,46,2594,188,823.0,76.2,1.0
11681,77,40,2577,154,822.98,73.03,1.0
11682,116,7,2616,232,822.98,96.49,1.0
11683,192,55,2692,384,822.98,89.27,1.0
11684,60,40,2560,120,822.95,75.3,1.0
11685,97,43,2597,194,822.95,73.09,1.0
11686,199,7,2699,398,822.95,121.4,1.0
11687,102,50,2602,204,822.89,74.14,1.0
11688,95,7,2595,190,822.86,105.47,1.0
11689,294,9,2794,588,822.83,137.6,1.0
11690,209,55,2709,418,822.82,100.34,1.0
11691,274,55,2774,548,822.82,98.45,1.0
11692,286,56,2786,572,822.81,104.11,1.0
11693,225,54,2725,450,822.8,104.57,1.0
11694,71,36,2571,142,822.77,66.44,1.0
11695,74,6,2574,148,822.77,97.53,1.0
11696,109,48,2609,218,822.76,76.65,1.0
11697,189,8,2689,378,822.72,123.73,1.0
11698,288,58,2788,576,822.71,97.47,1.0
11699,92,35,2592,184,822.7,81.12,1.0
11700,143,7,2643,286,822.7,104.59,1.0
11701,190,56,2690,380,822.68,94.04,1.0
11702,67,31,2567,134,822.66,75.76,1.0
11703,83,35,2583,166,822.64,76.66,1.0
11704,196,55,2696,392,822.63,88.23,1.0
11705,235,56,2735,470,822.62,86.92,1.0
11706,92,44,2592,184,822.58,73.6,1.0
11707,60,43,2560,120,822.56,74.84,1.0
11708,97,44,2597,194,822.54,75.74,1.0
11709,149,53,2649,298,822.53,82.2,1.0
11710,203,55,2703,406,822.53,94.18,1.0
11711,76,6,2576,152,822.52,95.16,1.0
11712,156,52,2656,312,822.48,88.04,1.0
11713,189,53,2689,378,822.48,91.64,1.0
11714,246,57,2746,492,822.46,100.28,1.0
11715,103,44,2603,206,822.45,70.09,1.0
11716,160,53,2660,320,822.45,83.96,1.0
11717,220,53,2720,440,822.45,95.52,1.0
11718,76,47,2576,152,822.44,66.6,1.0
11719,68,32,2568,136,822.41,77.05,1.0
11720,103,31,2603,206,822.37,74.14,1.0
11721,174,8,2674,348,822.37,121.19,1.0
11722,181,55,2681,362,822.37,95.49,1.0
11723,91,47,2591,182,822.36,75.52,1.0
11724,73,31,2573,146,822.32,72.27,1.0
11725,92,33,2592,184,822.31,76.85,1.0
11726,94,43,2594,188,822.26,71.1,1.0
11727,60,38,2560,120,822.25,82.1,1.0
11728,88,46,2588,176,822.25,71.16,1.0
11729,186,53,2686,372,822.24,86.28,1.0
11730,117,48,2617,234,822.21,79.26,1.0
11731,82,40,2582,164,822.2,70.9,1.0
11732,274,56,2774,548,822.2,97.66,1.0
11733,95,36,2595,190,822.19,76.76,1.0
11734,172,55,2672,344,822.19,92.01,1.0
11735,145,8,2645,290,822.15,122.26,1.0
11736,168,53,2668,336,822.14,88.28,1.0
11737,140,55,2640,280,822.13,83.41,1.0
11738,83,45,2583,166,822.09,74.85,1.0
11739,81,31,2581,162,822.08,70.11,1.0
11740,88,48,2588,176,822.04,70.91,1.0
11741,83,48,2583,166,822.03,71.74,1.0
11742,97,7,2597,194,822.02,107.41,1.0
11743,132,50,2632,264,822.01,71.8,1.0
11744,160,52,2660,320,822.0,88.56,1.0
11745,270,10,2770,540,822.0,141.46,1.0
11746,259,56,2759,518,821.99,94.53,1.0
11747,105,34,2605,210,821.98,70.5,1.0
11748,193,56,2693,386,821.98,96.95,1.0
11749,102,52,2602,204,821.96,73.86,1.0
11750,92,38,2592,184,821.95,72.07,1.0
11751,103,30,2603,206,821.93,80.7,1.0
11752,160,50,2660,320,821.93,85.32,1.0
11753,96,37,2596,192,821.92,74.32,1.0
11754,243,9,2743,486,821.9,159.12,1.0
11755,87,37,2587,174,821.88,73.43,1.0
11756,188,53,2688,376,821.84,86.06,1.0
11757,123,48,2623,246,821.83,77.94,1.0
11758,143,54,2643,286,821.82,86.76,1.0
11759,231,56,2731,462,821.8,99.54,1.0
11760,199,58,2699,398,821.76,86.61,1.0
11761,154,52,2654,308,821.71,83.55,1.0
11762,251,58,2751,502,821.7,100.18,1.0
11763,200,59,2700,400,821.68,91.82,1.0
11764,223,56,2723,446,821.67,90.7,1.0
11765,96,38,2596,192,821.66,71.26,1.0
11766,89,42,2589,178,821.64,74.06,1.0
11767,176,55,2676,352,821.64,91.19,1.0
11768,39,29,2539,78,821.61,76.4,1.0
11769,96,40,2596,192,821.61,72.91,1.0
11770,103,41,2603,206,821.58,69.32,1.0
11771,0,6,2500,0,821.56,77.3,1.0
11772,208,8,2708,416,821.56,128.66,1.0
11773,234,58,2734,468,821.56,95.76,1.0
11774,101,43,2601,202,821.54,78.37,1.0
11775,13,6,2513,26,821.52,73.73,1.0
11776,107,51,2607,214,821.49,87.73,1.0
11777,264,9,2764,528,821.49,119.82,1.0
11778,123,49,2623,246,821.47,82.93,1.0
11779,91,39,2591,182,821.46,81.99,1.0
11780,112,47,2612,224,821.44,78.35,1.0
11781,86,32,2586,172,821.41,69.68,1.0
11782,86,37,2586,172,821.37,67.28,1.0
11783,131,48,2631,262,821.37,81.42,1.0
11784,146,52,2646,292,821.34,75.71,1.0
11785,134,48,2634,268,821.31,72.66,1.0
11786,114,49,2614,228,821.28,77.89,1.0
11787,169,53,2669,338,821.27,90.97,1.0
11788,241,57,2741,482,821.27,104.06,1.0
11789,288,9,2788,576,821.25,133.0,1.0
11790,238,55,2738,476,821.19,97.21,1.0
11791,80,43,2580,160,821.18,77.7,1.0
11792,128,45,2628,256,821.18,78.32,1.0
11793,101,41,2601,202,821.17,70.57,1.0
11794,94,41,2594,188,821.15,70.91,1.0
11795,134,47,2634,268,821.14,76.93,1.0
11796,130,51,2630,260,821.14,78.23,1.0
11797,218,53,2718,436,821.13,94.49,1.0
11798,118,55,2618,236,821.12,84.11,1.0
11799,250,56,2750,500,821.12,102.47,1.0
11800,60,31,2560,120,821.1,81.1,1.0
11801,103,45,2603,206,821.1,80.22,1.0
11802,51,6,2551,102,821.09,94.55,1.0
11803,86,42,2586,172,821.07,68.88,1.0
11804,104,36,2604,208,821.05,76.2,1.0
11805,255,57,2755,510,821.05,101.89,1.0
11806,103,42,2603,206,821.04,76.59,1.0
11807,77,44,2577,154,820.99,70.96,1.0
11808,121,52,2621,242,820.96,79.67,1.0
11809,250,9,2750,500,820.93,135.06,1.0
11810,96,43,2596,192,820.92,82.27,1.0
11811,170,7,2670,340,820.92,110.59,1.0
11812,68,31,2568,136,820.91,72.88,1.0
11813,81,35,2581,162,820.9,73.28,1.0
11814,232,56,2732,464,820.9,96.7,1.0
11815,266,56,2766,532,820.9,107.79,1.0
11816,179,55,2679,358,820.88,98.61,1.0
11817,263,8,2763,526,820.88,131.9,1.0
11818,104,34,2604,208,820.81,76.92,1.0
11819,97,36,2597,194,820.81,74.96,1.0
11820,68,33,2568,136,820.78,73.32,1.0
11821,74,43,2574,148,820.78,80.97,1.0
11822,115,50,2615,230,820.78,77.29,1.0
11823,90,45,2590,180,820.74,74.53,1.0
11824,89,44,2589,178,820.73,72.2,1.0
11825,159,53,2659,318,820.73,86.49,1.0
11826,285,58,2785,570,820.72,105.72,1.0
11827,206,8,2706,412,820.71,119.73,1.0
11828,126,50,2626,252,820.7,77.21,1.0
11829,184,55,2684,368,820.7,83.16,1.0
11830,171,55,2671,342,820.69,85.03,1.0
11831,148,55,2648,296,820.68,93.58,1.0
11832,167,55,2667,334,820.68,83.98,1.0
11833,94,47,2594,188,820.67,72.99,1.0
11834,104,45,2604,208,820.66,73.22,1.0
11835,95,45,2595,190,820.66,75.39,1.0
11836,273,56,2773,546,820.65,102.23,1.0
11837,27,7,2527,54,820.64,82.33,1.0
11838,129,53,2629,258,820.64,81.88,1.0
11839,101,31,2601,202,820.62,80.23,1.0
11840,106,49,2606,212,820.62,79.87,1.0
11841,135,55,2635,270,820.6,79.25,1.0
11842,68,36,2568,136,820.59,75.36,1.0
11843,80,39,2580,160,820.59,78.86,1.0
11844,129,52,2629,258,820.59,77.31,1.0
11845,101,46,2601,202,820.46,76.21,1.0
11846,122,39,2622,244,820.46,83.31,1.0
11847,34,29,2534,68,820.42,72.23,1.0
11848,235,9,2735,470,820.42,142.67,1.0
11849,280,53,2780,560,820.42,98.34,1.0
11850,110,7,2610,220,820.38,106.08,1.0
11851,226,56,2726,452,820.32,97.34,1.0
11852,163,54,2663,326,820.3,88.64,1.0
11853,159,54,2659,318,820.3,83.53,1.0
11854,156,51,2656,312,820.28,80.8,1.0
11855,267,58,2767,534,820.27,96.19,1.0
11856,288,57,2788,576,820.27,104.55,1.0
11857,264,57,2764,528,820.25,100.71,1.0
11858,154,53,2654,308,820.2,88.41,1.0
11859,197,53,2697,394,820.13,94.54,1.0
11860,87,43,2587,174,820.12,72.9,1.0
11861,92,40,2592,184,820.11,81.85,1.0
11862,92,31,2592,184,820.1,76.58,1.0
11863,95,37,2595,190,820.1,81.81,1.0
11864,168,54,2668,336,820.09,79.98,1.0
11865,101,30,2601,202,820.08,69.23,1.0
11866,97,31,2597,194,820.07,79.29,1.0
11867,182,8,2682,364,820.06,121.05,1.0
11868,236,55,2736,472,820.05,101.64,1.0
11869,89,33,2589,178,820.04,72.33,1.0
11870,267,57,2767,534,820.02,96.3,1.0
11871,39,6,2539,78,820.01,83.65,1.0
11872,82,31,2582,164,820.01,74.24,1.0
11873,38,29,2538,76,820.0,72.32,1.0
11874,77,42,2577,154,819.99,76.76,1.0
11875,96,34,2596,192,819.99,83.91,1.0
11876,122,30,2622,244,819.96,79.74,1.0
11877,95,46,2595,190,819.94,77.99,1.0
11878,95,41,2595,190,819.88,76.19,1.0
11879,122,43,2622,244,819.88,82.76,1.0
11880,223,57,2723,446,819.88,95.6,1.0
11881,77,34,2577,154,819.86,67.32,1.0
11882,102,54,2602,204,819.86,79.0,1.0
11883,279,56,2779,558,819.85,98.51,1.0
11884,98,51,2598,196,819.83,78.38,1.0
11885,80,34,2580,160,819.8,69.21,1.0
11886,1,6,2501,2,819.79,69.45,1.0
11887,201,54,2701,402,819.79,95.63,1.0
11888,60,39,2560,120,819.76,76.3,1.0
11889,96,42,2596,192,819.76,74.4,1.0
11890,270,57,2770,540,819.75,103.15,1.0
11891,101,34,2601,202,819.74,77.52,1.0
11892,122,32,2622,244,819.71,80.05,1.0
11893,60,45,2560,120,819.67,72.09,1.0
11894,91,45,2591,182,819.67,80.91,1.0
11895,97,37,2597,194,819.66,72.83,1.0
11896,87,30,2587,174,819.65,72.26,1.0
11897,97,42,2597,194,819.65,80.39,1.0
11898,219,54,2719,438,819.64,94.58,1.0
11899,90,36,2590,180,819.62,68.37,1.0
11900,67,38,2567,134,819.58,71.51,1.0
11901,97,45,2597,194,819.56,74.87,1.0
11902,97,33,2597,194,819.54,76.5,1.0
11903,4,6,2504,8,819.51,74.22,1.0
11904,142,52,2642,284,819.45,83.22,1.0
11905,97,40,2597,194,819.44,71.05,1.0
11906,122,35,2622,244,819.43,82.34,1.0
11907,60,30,2560,120,819.38,77.8,1.0
11908,198,8,2698,396,819.33,126.98,1.0
11909,133,50,2633,266,819.32,82.67,1.0
11910,122,45,2622,244,819.29,81.06,1.0
11911,153,53,2653,306,819.29,92.45,1.0
11912,166,55,2666,332,819.28,81.24,1.0
11913,178,7,2678,356,819.24,128.14,1.0
11914,96,39,2596,192,819.22,78.21,1.0
11915,80,41,2580,160,819.2,74.3,1.0
11916,115,46,2615,230,819.2,67.43,1.0
11917,122,37,2622,244,819.18,81.39,1.0
11918,93,49,2593,186,819.16,74.13,1.0
11919,145,48,2645,290,819.16,87.64,1.0
11920,104,38,2604,208,819.13,74.62,1.0
11921,105,47,2605,210,819.13,73.9,1.0
11922,87,34,2587,174,819.08,73.64,1.0
11923,85,49,2585,170,819.08,75.41,1.0
11924,86,33,2586,172,819.08,70.7,1.0
11925,199,57,2699,398,819.08,84.89,1.0
11926,15,29,2515,30,819.06,68.52,1.0
11927,87,36,2587,174,819.04,76.32,1.0
11928,158,56,2658,316,819.04,85.49,1.0
11929,242,57,2742,484,819.02,111.17,1.0
11930,76,49,2576,152,819.01,70.86,1.0
11931,96,36,2596,192,819.01,71.74,1.0
11932,68,44,2568,136,819.0,73.33,1.0
11933,96,41,2596,192,818.99,75.92,1.0
11934,148,56,2648,296,818.98,84.51,1.0
11935,282,56,2782,564,818.96,103.91,1.0
11936,103,37,2603,206,818.92,78.65,1.0
11937,299,8,2799,598,818.9,149.9,1.0
11938,92,43,2592,184,818.88,76.69,1.0
11939,88,49,2588,176,818.88,79.07,1.0
11940,26,29,2526,52,818.84,70.06,1.0
11941,95,35,2595,190,818.84,73.15,1.0
11942,162,56,2662,324,818.84,89.87,1.0
11943,86,38,2586,172,818.83,75.44,1.0
11944,60,34,2560,120,818.82,81.65,1.0
11945,92,36,2592,184,818.82,73.41,1.0
11946,80,44,2580,160,818.8,71.85,1.0
11947,186,54,2686,372,818.8,84.67,1.0
11948,230,9,2730,460,818.8,129.34,1.0
11949,270,56,2770,540,818.75,106.19,1.0
11950,162,54,2662,324,818.71,90.8,1.0
11951,19,29,2519,38,818.68,62.61,1.0
11952,143,55,2643,286,818.68,83.34,1.0
11953,231,57,2731,462,818.64,95.6,1.0
11954,255,8,2755,510,818.63,142.83,1.0
11955,95,40,2595,190,818.62,83.9,1.0
11956,210,9,2710,420,818.62,123.66,1.0
11957,247,56,2747,494,818.62,97.3,1.0
11958,186,52,2686,372,818.6,80.51,1.0
11959,125,52,2625,250,818.59,83.88,1.0
11960,51,35,2551,102,818.58,72.6,1.0
11961,157,45,2657,314,818.58,85.92,1.0
11962,287,60,2787,574,818.58,114.24,1.0
11963,279,58,2779,558,818.52,103.87,1.0
11964,89,35,2589,178,818.46,68.89,1.0
11965,82,30,2582,164,818.45,69.87,1.0
11966,206,57,2706,412,818.45,94.07,1.0
11967,93,48,2593,186,818.4,74.09,1.0
11968,140,54,2640,280,818.38,86.22,1.0
11969,252,60,2752,504,818.38,103.71,1.0
11970,257,9,2757,514,818.38,134.81,1.0
11971,109,50,2609,218,818.32,82.5,1.0
11972,250,57,2750,500,818.32,97.14,1.0
11973,113,55,2613,226,818.31,81.47,1.0
11974,29,29,2529,58,818.3,64.35,1.0
11975,170,54,2670,340,818.3,77.4,1.0
11976,77,39,2577,154,818.29,76.64,1.0
11977,108,47,2608,216,818.28,75.03,1.0
11978,68,43,2568,136,818.27,80.01,1.0
11979,89,37,2589,178,818.21,70.32,1.0
11980,76,48,2576,152,818.19,68.74,1.0
11981,62,30,2562,124,818.18,72.77,1.0
11982,89,41,2589,178,818.18,71.83,1.0
11983,210,56,2710,420,818.18,96.83,1.0
11984,83,47,2583,166,818.17,72.14,1.0
11985,155,50,2655,310,818.17,80.86,1.0
11986,166,53,2666,332,818.16,84.44,1.0
11987,178,58,2678,356,818.16,100.34,1.0
11988,98,48,2598,196,818.13,80.2,1.0
11989,108,46,2608,216,818.11,75.33,1.0
11990,101,32,2601,202,818.08,75.18,1.0
11991,95,31,2595,190,818.07,82.13,1.0
11992,87,44,2587,174,818.06,69.99,1.0
11993,77,35,2577,154,818.05,76.78,1.0
11994,255,58,2755,510,818.05,105.68,1.0
11995,89,30,2589,178,818.04,66.12,1.0
11996,113,53,2613,226,818.04,77.19,1.0
11997,153,54,2653,306,818.03,89.0,1.0
11998,245,57,2745,490,818.02,95.73,1.0
11999,80,42,2580,160,818.0,72.39,1.0
12000,99,48,2599,198,817.99,76.73,1.0
12001,226,8,2726,452,817.99,129.6,1.0
12002,212,52,2712,424,817.94,103.0,1.0
12003,229,55,2729,458,817.94,95.89,1.0
12004,96,44,2596,192,817.91,72.3,1.0
12005,96,45,2596,192,817.9,77.28,1.0
12006,115,49,2615,230,817.89,73.27,1.0
12007,128,46,2628,256,817.89,79.25,1.0
12008,68,47,2568,136,817.88,70.19,1.0
12009,122,33,2622,244,817.85,82.18,1.0
12010,162,55,2662,324,817.85,86.78,1.0
12011,89,34,2589,178,817.84,76.74,1.0
12012,95,33,2595,190,817.82,77.12,1.0
12013,60,32,2560,120,817.76,78.88,1.0
12014,84,55,2584,168,817.73,79.91,1.0
12015,81,44,2581,162,817.72,77.87,1.0
12016,67,32,2567,134,817.71,76.75,1.0
12017,95,34,2595,190,817.7,77.24,1.0
12018,197,56,2697,394,817.7,100.34,1.0
12019,86,30,2586,172,817.68,72.74,1.0
12020,70,40,2570,140,817.65,72.53,1.0
12021,29,6,2529,58,817.64,78.36,1.0
12022,70,37,2570,140,817.64,69.05,1.0
12023,204,8,2704,408,817.62,133.76,1.0
12024,62,40,2562,124,817.56,70.85,1.0
12025,21,29,2521,42,817.55,63.73,1.0
12026,67,39,2567,134,817.54,71.41,1.0
12027,98,47,2598,196,817.54,82.1,1.0
12028,161,53,2661,322,817.54,91.98,1.0
12029,140,7,2640,280,817.52,114.86,1.0
12030,294,57,2794,588,817.52,96.9,1.0
12031,107,52,2607,214,817.43,78.69,1.0
12032,43,29,2543,86,817.42,74.33,1.0
12033,286,57,2786,572,817.42,106.8,1.0
12034,119,52,2619,238,817.36,78.27,1.0
12035,281,55,2781,562,817.36,103.84,1.0
12036,95,32,2595,190,817.34,79.19,1.0
12037,272,9,2772,544,817.33,141.63,1.0
12038,48,29,2548,96,817.32,67.36,1.0
12039,68,42,2568,136,817.31,73.76,1.0
12040,111,47,2611,222,817.31,75.87,1.0
12041,101,39,2601,202,817.26,75.62,1.0
12042,71,35,2571,142,817.25,74.79,1.0
12043,172,56,2672,344,817.25,84.9,1.0
12044,77,31,2577,154,817.22,72.88,1.0
12045,158,7,2658,316,817.22,130.94,1.0
12046,220,54,2720,440,817.19,98.87,1.0
12047,118,56,2618,236,817.17,85.54,1.0
12048,189,54,2689,378,817.14,95.25,1.0
12049,68,35,2568,136,817.1,71.88,1.0
12050,77,41,2577,154,817.1,73.23,1.0
12051,149,54,2649,298,817.06,76.54,1.0
12052,273,57,2773,546,817.04,102.02,1.0
12053,157,49,2657,314,817.01,91.43,1.0
12054,160,51,2660,320,817.0,88.31,1.0
12055,204,58,2704,408,817.0,99.84,1.0
12056,106,47,2606,212,816.98,80.5,1.0
12057,80,40,2580,160,816.96,73.76,1.0
12058,171,54,2671,342,816.94,85.39,1.0
12059,74,36,2574,148,816.92,71.71,1.0
12060,90,37,2590,180,816.92,73.16,1.0
12061,70,30,2570,140,816.88,68.5,1.0
12062,68,45,2568,136,816.86,76.53,1.0
12063,92,42,2592,184,816.84,73.22,1.0
12064,242,55,2742,484,816.83,108.99,1.0
12065,283,58,2783,566,816.77,106.3,1.0
12066,137,51,2637,274,816.75,74.53,1.0
12067,68,41,2568,136,816.72,71.76,1.0
12068,49,29,2549,98,816.71,66.45,1.0
12069,150,53,2650,300,816.69,84.17,1.0
12070,265,58,2765,530,816.69,105.62,1.0
12071,71,38,2571,142,816.66,72.58,1.0
12072,82,34,2582,164,816.66,70.39,1.0
12073,127,51,2627,254,816.66,78.97,1.0
12074,93,50,2593,186,816.65,76.61,1.0
12075,28,29,2528,56,816.64,68.32,1.0
12076,101,44,2601,202,816.64,78.58,1.0
12077,76,53,2576,152,816.62,73.05,1.0
12078,60,41,2560,120,816.6,75.88,1.0
12079,90,33,2590,180,816.58,78.07,1.0
12080,112,50,2612,224,816.57,78.22,1.0
12081,14,29,2514,28,816.44,72.58,1.0
12082,45,29,2545,90,816.44,75.81,1.0
12083,70,43,2570,140,816.44,66.36,1.0
12084,170,53,2670,340,816.38,80.28,1.0
12085,90,35,2590,180,816.37,74.79,1.0
12086,94,48,2594,188,816.36,76.48,1.0
12087,207,55,2707,414,816.35,85.86,1.0
12088,244,9,2744,488,816.35,140.09,1.0
12089,215,58,2715,430,816.32,99.25,1.0
12090,75,7,2575,150,816.26,87.49,1.0
12091,101,40,2601,202,816.26,79.21,1.0
12092,67,44,2567,134,816.24,72.94,1.0
12093,87,31,2587,174,816.21,72.99,1.0
12094,60,44,2560,120,816.19,76.08,1.0
12095,8,6,2508,16,816.13,82.36,1.0
12096,92,7,2592,184,816.12,99.06,1.0
12097,90,32,2590,180,816.11,72.25,1.0
12098,121,7,2621,242,816.11,112.32,1.0
12099,108,48,2608,216,816.1,80.63,1.0
12100,67,43,2567,134,816.05,70.22,1.0
12101,152,53,2652,304,816.04,83.75,1.0
12102,79,6,2579,158,816.02,97.49,1.0
12103,100,48,2600,200,816.02,74.76,1.0
12104,92,48,2592,184,816.0,75.01,1.0
12105,77,45,2577,154,815.99,71.26,1.0
12106,86,31,2586,172,815.97,74.61,1.0
12107,76,52,2576,152,815.96,73.08,1.0
12108,97,34,2597,194,815.92,76.26,1.0
12109,156,53,2656,312,815.91,85.39,1.0
12110,81,34,2581,162,815.9,79.66,1.0
12111,204,57,2704,408,815.89,82.54,1.0
12112,97,38,2597,194,815.88,77.06,1.0
12113,269,9,2769,538,815.83,140.54,1.0
12114,85,53,2585,170,815.82,82.0,1.0
12115,137,50,2637,274,815.82,76.64,1.0
12116,272,57,2772,544,815.81,102.79,1.0
12117,101,42,2601,202,815.78,71.5,1.0
12118,91,48,2591,182,815.77,74.48,1.0
12119,152,55,2652,304,815.77,84.45,1.0
12120,193,57,2693,386,815.77,99.96,1.0
12121,116,48,2616,232,815.72,74.89,1.0
12122,36,6,2536,72,815.7,89.69,1.0
12123,74,41,2574,148,815.7,79.53,1.0
12124,221,55,2721,442,815.66,94.8,1.0
12125,119,50,2619,238,815.61,74.7,1.0
12126,209,54,2709,418,815.6,101.59,1.0
12127,239,57,2739,478,815.59,97.42,1.0
12128,80,32,2580,160,815.58,70.56,1.0
12129,96,47,2596,192,815.57,81.04,1.0
12130,211,57,2711,422,815.57,99.08,1.0
12131,71,41,2571,142,815.56,72.84,1.0
12132,114,50,2614,228,815.56,78.75,1.0
12133,239,58,2739,478,815.54,99.7,1.0
12134,240,55,2740,480,815.53,98.94,1.0
12135,36,29,2536,72,815.52,75.25,1.0
12136,190,57,2690,380,815.52,93.57,1.0
12137,80,33,2580,160,815.48,73.8,1.0
12138,85,50,2585,170,815.41,80.78,1.0
12139,229,54,2729,458,815.41,94.79,1.0
12140,120,51,2620,240,815.4,80.41,1.0
12141,90,34,2590,180,815.39,78.4,1.0
12142,87,42,2587,174,815.36,70.79,1.0
12143,175,8,2675,350,815.35,117.34,1.0
12144,62,41,2562,124,815.34,72.1,1.0
12145,130,7,2630,260,815.33,108.6,1.0
12146,121,51,2621,242,815.32,83.14,1.0
12147,86,41,2586,172,815.28,70.71,1.0
12148,235,55,2735,470,815.26,96.4,1.0
12149,68,38,2568,136,815.25,73.93,1.0
12150,176,56,2676,352,815.24,93.76,1.0
12151,62,6,2562,124,815.2,96.15,1.0
12152,89,36,2589,178,815.2,76.11,1.0
12153,80,35,2580,160,815.2,81.11,1.0
12154,278,9,2778,556,815.17,135.16,1.0
12155,92,45,2592,184,815.16,74.64,1.0
12156,163,56,2663,326,815.13,89.51,1.0
12157,246,58,2746,492,815.13,99.01,1.0
12158,73,32,2573,146,815.11,68.51,1.0
12159,76,51,2576,152,815.11,72.31,1.0
12160,122,49,2622,244,815.11,79.08,1.0
12161,79,34,2579,158,815.1,81.7,1.0
12162,270,9,2770,540,815.07,138.32,1.0
12163,82,42,2582,164,815.04,71.84,1.0
12164,101,48,2601,202,815.04,78.71,1.0
12165,116,49,2616,232,815.03,81.6,1.0
12166,121,53,2621,242,815.02,81.38,1.0
12167,260,58,2760,520,815.02,90.61,1.0
12168,89,32,2589,178,815.0,74.03,1.0
12169,90,39,2590,180,814.99,77.35,1.0
12170,70,32,2570,140,814.89,71.52,1.0
12171,195,56,2695,390,814.88,91.22,1.0
12172,70,38,2570,140,814.83,67.97,1.0
12173,117,52,2617,234,814.82,82.27,1.0
12174,96,31,2596,192,814.81,74.39,1.0
12175,74,40,2574,148,814.8,75.97,1.0
12176,60,33,2560,120,814.78,74.84,1.0
12177,141,52,2641,282,814.76,76.8,1.0
12178,66,7,2566,132,814.74,96.02,1.0
12179,71,39,2571,142,814.74,69.65,1.0
12180,74,30,2574,148,814.74,85.84,1.0
12181,202,8,2702,404,814.73,116.83,1.0
12182,101,47,2601,202,814.68,81.07,1.0
12183,123,51,2623,246,814.68,78.0,1.0
12184,84,56,2584,168,814.66,78.16,1.0
12185,80,36,2580,160,814.64,68.29,1.0
12186,106,48,2606,212,814.62,78.26,1.0
12187,165,56,2665,330,814.6,97.1,1.0
12188,227,8,2727,454,814.6,126.03,1.0
12189,77,47,2577,154,814.59,72.85,1.0
12190,117,49,2617,234,814.59,81.36,1.0
12191,96,32,2596,192,814.58,76.64,1.0
12192,192,56,2692,384,814.58,82.93,1.0
12193,160,8,2660,320,814.55,111.91,1.0
12194,212,9,2712,424,814.52,140.08,1.0
12195,94,32,2594,188,814.51,68.41,1.0
12196,131,49,2631,262,814.51,82.84,1.0
12197,191,8,2691,382,814.5,132.69,1.0
12198,224,57,2724,448,814.47,108.06,1.0
12199,92,30,2592,184,814.46,77.1,1.0
12200,71,33,2571,142,814.45,69.72,1.0
12201,86,35,2586,172,814.44,77.15,1.0
12202,64,33,2564,128,814.41,74.78,1.0
12203,128,42,2628,256,814.4,75.49,1.0
12204,20,29,2520,40,814.37,70.63,1.0
12205,277,59,2777,554,814.37,117.2,1.0
12206,40,7,2540,80,814.35,98.01,1.0
12207,96,35,2596,192,814.35,73.73,1.0
12208,92,37,2592,184,814.34,69.45,1.0
12209,96,8,2596,192,814.3,106.22,1.0
12210,181,54,2681,362,814.26,88.46,1.0
12211,67,40,2567,134,814.15,77.51,1.0
12212,95,47,2595,190,814.15,78.14,1.0
12213,88,51,2588,176,814.14,76.73,1.0
12214,166,54,2666,332,814.12,81.74,1.0
12215,70,39,2570,140,814.11,77.24,1.0
12216,279,57,2779,558,814.1,105.28,1.0
12217,158,55,2658,316,814.08,92.86,1.0
12218,243,56,2743,486,814.06,115.64,1.0
12219,68,34,2568,136,814.04,71.89,1.0
12220,254,56,2754,508,814.02,95.64,1.0
12221,111,52,2611,222,814.01,76.86,1.0
12222,212,55,2712,424,813.96,94.65,1.0
12223,56,6,2556,112,813.9,90.85,1.0
12224,67,47,2567,134,813.89,76.03,1.0
12225,79,39,2579,158,813.88,71.22,1.0
12226,173,56,2673,346,813.86,92.19,1.0
12227,185,54,2685,370,813.84,96.12,1.0
12228,60,35,2560,120,813.78,77.48,1.0
12229,109,52,2609,218,813.78,81.52,1.0
12230,80,45,2580,160,813.77,76.05,1.0
12231,156,54,2656,312,813.74,93.99,1.0
12232,267,59,2767,534,813.74,93.31,1.0
12233,167,7,2667,334,813.73,124.35,1.0
12234,85,51,2585,170,813.72,82.34,1.0
12235,298,59,2798,596,813.71,112.82,1.0
12236,90,42,2590,180,813.68,74.3,1.0
12237,74,46,2574,148,813.66,76.02,1.0
12238,205,58,2705,410,813.66,92.03,1.0
12239,74,35,2574,148,813.63,75.78,1.0
12240,77,33,2577,154,813.63,77.14,1.0
12241,180,57,2680,360,813.63,79.28,1.0
12242,80,37,2580,160,813.62,77.13,1.0
12243,162,7,2662,324,813.6,121.05,1.0
12244,90,40,2590,180,813.54,74.39,1.0
12245,247,8,2747,494,813.54,127.78,1.0
12246,87,32,2587,174,813.53,75.62,1.0
12247,79,36,2579,158,813.53,70.96,1.0
12248,122,38,2622,244,813.53,84.58,1.0
12249,81,42,2581,162,813.52,74.14,1.0
12250,167,56,2667,334,813.52,92.51,1.0
12251,245,58,2745,490,813.51,94.91,1.0
12252,92,32,2592,184,813.5,75.51,1.0
12253,108,49,2608,216,813.47,78.57,1.0
12254,32,6,2532,64,813.46,78.45,1.0
12255,227,59,2727,454,813.45,91.42,1.0
12256,292,59,2792,584,813.44,104.14,1.0
12257,179,8,2679,358,813.42,122.34,1.0
12258,290,58,2790,580,813.4,111.99,1.0
12259,46,6,2546,92,813.38,82.77,1.0
12260,146,7,2646,292,813.38,109.39,1.0
12261,155,51,2655,310,813.38,81.29,1.0
12262,238,56,2738,476,813.38,97.94,1.0
12263,150,54,2650,300,813.37,90.42,1.0
12264,70,31,2570,140,813.34,71.31,1.0
12265,150,7,2650,300,813.34,122.37,1.0
12266,77,46,2577,154,813.32,72.71,1.0
12267,97,30,2597,194,813.32,73.04,1.0
12268,58,6,2558,116,813.28,86.2,1.0
12269,119,54,2619,238,813.28,82.0,1.0
12270,18,29,2518,36,813.27,74.26,1.0
12271,216,56,2716,432,813.27,86.84,1.0
12272,219,8,2719,438,813.26,130.44,1.0
12273,133,52,2633,266,813.25,77.74,1.0
12274,106,50,2606,212,813.24,86.77,1.0
12275,112,49,2612,224,813.24,75.81,1.0
12276,134,49,2634,268,813.24,78.78,1.0
12277,74,44,2574,148,813.21,72.42,1.0
12278,131,50,2631,262,813.2,78.96,1.0
12279,132,51,2632,264,813.19,81.84,1.0
12280,82,39,2582,164,813.17,75.53,1.0
12281,71,32,2571,142,813.16,73.56,1.0
12282,74,32,2574,148,813.14,71.94,1.0
12283,89,43,2589,178,813.12,73.92,1.0
12284,104,47,2604,208,813.06,79.56,1.0
12285,213,54,2713,426,813.03,98.94,1.0
12286,198,57,2698,396,813.02,87.86,1.0
12287,173,57,2673,346,813.01,89.78,1.0
12288,120,52,2620,240,812.97,72.74,1.0
12289,92,47,2592,184,812.92,76.42,1.0
12290,122,46,2622,244,812.88,78.73,1.0
12291,164,54,2664,328,812.86,82.55,1.0
12292,138,57,2638,276,812.85,87.66,1.0
12293,70,44,2570,140,812.82,73.34,1.0
12294,130,52,2630,260,812.82,86.04,1.0
12295,257,56,2757,514,812.82,104.47,1.0
12296,110,53,2610,220,812.81,83.11,1.0
12297,283,59,2783,566,812.81,106.67,1.0
12298,177,56,2677,354,812.79,84.54,1.0
12299,51,37,2551,102,812.74,69.26,1.0
12300,151,53,2651,302,812.71,85.65,1.0
12301,125,57,2625,250,812.69,81.27,1.0
12302,111,51,2611,222,812.63,79.34,1.0
12303,74,45,2574,148,812.61,72.51,1.0
12304,86,43,2586,172,812.54,75.45,1.0
12305,196,8,2696,392,812.54,116.22,1.0
12306,129,54,2629,258,812.49,83.54,1.0
12307,90,41,2590,180,812.37,72.62,1.0
12308,177,57,2677,354,812.37,91.14,1.0
12309,70,42,2570,140,812.34,68.16,1.0
12310,119,53,2619,238,812.34,79.16,1.0
12311,67,48,2567,134,812.31,64.75,1.0
12312,73,38,2573,146,812.3,68.23,1.0
12313,88,52,2588,176,812.3,71.41,1.0
12314,174,57,2674,348,812.29,86.53,1.0
12315,90,44,2590,180,812.28,82.16,1.0
12316,135,56,2635,270,812.24,82.04,1.0
12317,179,56,2679,358,812.24,92.16,1.0
12318,114,51,2614,228,812.22,76.12,1.0
12319,80,49,2580,160,812.21,71.76,1.0
12320,247,58,2747,494,812.21,97.36,1.0
12321,220,55,2720,440,812.19,87.38,1.0
12322,157,47,2657,314,812.17,78.59,1.0
12323,188,54,2688,376,812.15,93.26,1.0
12324,80,46,2580,160,812.12,69.56,1.0
12325,89,45,2589,178,812.1,75.21,1.0
12326,62,35,2562,124,812.09,75.66,1.0
12327,74,34,2574,148,812.07,71.34,1.0
12328,105,48,2605,210,812.06,76.63,1.0
12329,141,53,2641,282,812.06,82.08,1.0
12330,114,7,2614,228,812.0,105.28,1.0
12331,87,33,2587,174,811.94,75.83,1.0
12332,247,57,2747,494,811.93,94.34,1.0
12333,144,7,2644,288,811.92,121.36,1.0
12334,189,55,2689,378,811.92,86.77,1.0
12335,149,55,2649,298,811.9,89.37,1.0
12336,71,43,2571,142,811.88,73.33,1.0
12337,51,39,2551,102,811.86,71.48,1.0
12338,175,53,2675,350,811.84,94.95,1.0
12339,73,34,2573,146,811.82,74.54,1.0
12340,41,41,2541,82,811.8,72.94,1.0
12341,157,48,2657,314,811.79,84.84,1.0
12342,74,39,2574,148,811.76,78.75,1.0
12343,185,53,2685,370,811.75,94.29,1.0
12344,244,56,2744,488,811.75,98.58,1.0
12345,72,6,2572,144,811.74,92.78,1.0
12346,142,53,2642,284,811.74,89.62,1.0
12347,67,45,2567,134,811.72,75.3,1.0
12348,80,6,2580,160,811.68,99.59,1.0
12349,140,56,2640,280,811.68,85.18,1.0
12350,300,9,2800,600,811.68,157.98,1.0
12351,170,55,2670,340,811.67,85.36,1.0
12352,24,6,2524,48,811.66,83.11,1.0
12353,100,6,2600,200,811.66,104.54,1.0
12354,180,56,2680,360,811.65,93.41,1.0
12355,127,52,2627,254,811.62,76.29,1.0
12356,145,49,2645,290,811.59,90.66,1.0
12357,82,37,2582,164,811.57,73.21,1.0
12358,87,45,2587,174,811.57,64.21,1.0
12359,146,54,2646,292,811.56,81.42,1.0
12360,71,30,2571,142,811.53,73.04,1.0
12361,70,34,2570,140,811.52,73.77,1.0
12362,68,40,2568,136,811.49,74.58,1.0
12363,74,37,2574,148,811.48,76.61,1.0
12364,96,46,2596,192,811.47,74.17,1.0
12365,249,57,2749,498,811.45,98.1,1.0
12366,122,7,2622,244,811.38,101.31,1.0
12367,89,38,2589,178,811.37,70.59,1.0
12368,51,34,2551,102,811.36,73.96,1.0
12369,70,41,2570,140,811.34,75.41,1.0
12370,237,8,2737,474,811.32,135.64,1.0
12371,73,43,2573,146,811.3,68.95,1.0
12372,68,37,2568,136,811.29,72.48,1.0
12373,258,56,2758,516,811.26,105.19,1.0
12374,291,58,2791,582,811.24,101.87,1.0
12375,1,28,2501,2,811.21,68.75,1.0
12376,120,49,2620,240,811.18,76.27,1.0
12377,151,55,2651,302,811.18,82.34,1.0
12378,92,46,2592,184,811.17,68.27,1.0
12379,259,57,2759,518,811.17,103.92,1.0
12380,299,60,2799,598,811.17,113.99,1.0
12381,295,57,2795,590,811.15,103.36,1.0
12382,73,47,2573,146,811.12,71.65,1.0
12383,82,35,2582,164,811.07,75.67,1.0
12384,115,48,2615,230,811.07,76.35,1.0
12385,82,38,2582,164,811.06,77.74,1.0
12386,108,50,2608,216,811.04,82.79,1.0
12387,76,54,2576,152,811.02,77.35,1.0
12388,60,42,2560,120,810.98,79.33,1.0
12389,62,31,2562,124,810.98,79.1,1.0
12390,82,41,2582,164,810.96,77.42,1.0
12391,121,54,2621,242,810.96,77.49,1.0
12392,143,56,2643,286,810.96,85.42,1.0
12393,70,36,2570,140,810.94,70.66,1.0
12394,81,43,2581,162,810.94,75.38,1.0
12395,158,54,2658,316,810.93,84.77,1.0
12396,188,55,2688,376,810.93,82.42,1.0
12397,51,33,2551,102,810.92,69.12,1.0
12398,87,48,2587,174,810.9,72.21,1.0
12399,11,6,2511,22,810.88,78.73,1.0
12400,73,41,2573,146,810.86,72.41,1.0
12401,79,41,2579,158,810.86,74.81,1.0
12402,124,50,2624,248,810.86,84.16,1.0
12403,97,41,2597,194,810.84,74.99,1.0
12404,103,47,2603,206,810.83,84.12,1.0
12405,104,49,2604,208,810.82,79.08,1.0
12406,23,29,2523,46,810.81,67.09,1.0
12407,123,50,2623,246,810.8,83.01,1.0
12408,154,54,2654,308,810.78,86.78,1.0
12409,67,41,2567,134,810.77,71.01,1.0
12410,89,40,2589,178,810.76,71.64,1.0
12411,176,57,2676,352,810.76,85.24,1.0
12412,78,38,2578,156,810.75,75.3,1.0
12413,208,58,2708,416,810.64,94.82,1.0
12414,79,31,2579,158,810.63,68.09,1.0
12415,81,40,2581,162,810.62,82.0,1.0
12416,70,33,2570,140,810.6,70.74,1.0
12417,164,56,2664,328,810.6,93.08,1.0
12418,111,50,2611,222,810.59,76.5,1.0
12419,81,32,2581,162,810.58,72.22,1.0
12420,289,8,2789,578,810.55,135.01,1.0
12421,74,48,2574,148,810.49,72.97,1.0
12422,135,7,2635,270,810.48,111.51,1.0
12423,130,53,2630,260,810.48,86.36,1.0
12424,112,52,2612,224,810.47,78.13,1.0
12425,71,45,2571,142,810.45,76.13,1.0
12426,64,42,2564,128,810.4,76.22,1.0
12427,191,56,2691,382,810.4,82.34,1.0
12428,240,57,2740,480,810.39,98.53,1.0
12429,71,31,2571,142,810.38,82.06,1.0
12430,67,34,2567,134,810.37,71.65,1.0
12431,116,50,2616,232,810.37,82.32,1.0
12432,67,46,2567,134,810.33,71.19,1.0
12433,295,10,2795,590,810.32,143.34,1.0
12434,124,48,2624,248,810.27,85.48,1.0
12435,41,36,2541,82,810.26,66.86,1.0
12436,69,6,2569,138,810.23,98.81,1.0
12437,222,60,2722,444,810.22,100.61,1.0
12438,70,47,2570,140,810.19,75.58,1.0
12439,153,7,2653,306,810.19,115.57,1.0
12440,203,56,2703,406,810.19,97.64,1.0
12441,137,52,2637,274,810.15,86.04,1.0
12442,237,60,2737,474,810.15,109.91,1.0
12443,271,57,2771,542,810.15,100.45,1.0
12444,183,60,2683,366,810.13,95.58,1.0
12445,85,54,2585,170,810.12,78.54,1.0
12446,101,49,2601,202,810.12,81.36,1.0
12447,280,10,2780,560,810.11,139.52,1.0
12448,67,37,2567,134,810.08,75.1,1.0
12449,71,47,2571,142,810.07,79.72,1.0
12450,78,40,2578,156,810.03,75.71,1.0
12451,44,6,2544,88,810.02,90.46,1.0
12452,122,50,2622,244,810.01,86.65,1.0
12453,253,9,2753,506,809.98,124.95,1.0
12454,281,56,2781,562,809.96,110.68,1.0
12455,110,54,2610,220,809.94,78.96,1.0
12456,90,38,2590,180,809.92,69.61,1.0
12457,225,55,2725,450,809.92,97.03,1.0
12458,236,56,2736,472,809.92,97.36,1.0
12459,122,48,2622,244,809.88,91.26,1.0
12460,62,33,2562,124,809.84,73.22,1.0
12461,184,56,2684,368,809.84,83.06,1.0
12462,297,55,2797,594,809.81,108.82,1.0
12463,133,53,2633,266,809.79,87.3,1.0
12464,179,57,2679,358,809.79,96.86,1.0
12465,212,53,2712,424,809.77,103.98,1.0
12466,253,55,2753,506,809.77,98.14,1.0
12467,25,29,2525,50,809.72,65.4,1.0
12468,165,57,2665,330,809.72,97.71,1.0
12469,184,58,2684,368,809.72,91.15,1.0
12470,77,48,2577,154,809.7,78.13,1.0
12471,139,53,2639,278,809.68,89.54,1.0
12472,197,54,2697,394,809.67,86.32,1.0
12473,74,49,2574,148,809.66,81.19,1.0
12474,211,8,2711,422,809.66,140.39,1.0
12475,73,33,2573,146,809.62,65.16,1.0
12476,294,58,2794,588,809.6,96.45,1.0
12477,245,8,2745,490,809.54,137.03,1.0
12478,41,32,2541,82,809.51,69.74,1.0
12479,109,51,2609,218,809.51,76.79,1.0
12480,69,32,2569,138,809.49,70.48,1.0
12481,151,54,2651,302,809.47,87.63,1.0
12482,252,59,2752,504,809.47,104.78,1.0
12483,300,59,2800,600,809.47,112.7,1.0
12484,197,55,2697,394,809.46,85.69,1.0
12485,51,45,2551,102,809.43,76.33,1.0
12486,64,31,2564,128,809.42,74.72,1.0
12487,99,50,2599,198,809.41,80.07,1.0
12488,139,54,2639,278,809.41,88.9,1.0
12489,194,54,2694,388,809.41,99.55,1.0
12490,64,37,2564,128,809.4,73.13,1.0
12491,94,49,2594,188,809.38,75.36,1.0
12492,62,34,2562,124,809.32,79.81,1.0
12493,67,42,2567,134,809.32,70.7,1.0
12494,70,35,2570,140,809.32,72.17,1.0
12495,93,51,2593,186,809.32,74.95,1.0
12496,169,56,2669,338,809.32,98.82,1.0
12497,60,37,2560,120,809.31,77.31,1.0
12498,67,36,2567,134,809.3,75.64,1.0
12499,24,29,2524,48,809.28,71.34,1.0
12500,75,33,2575,150,809.26,65.42,1.0
12501,99,52,2599,198,809.26,86.26,1.0
12502,90,46,2590,180,809.24,72.59,1.0
12503,41,43,2541,82,809.23,68.53,1.0
12504,71,46,2571,142,809.22,74.59,1.0
12505,136,53,2636,272,809.22,80.44,1.0
12506,96,33,2596,192,809.21,68.06,1.0
12507,87,47,2587,174,809.2,71.81,1.0
12508,104,50,2604,208,809.18,83.94,1.0
12509,100,51,2600,200,809.17,77.11,1.0
12510,89,31,2589,178,809.16,67.77,1.0
12511,82,43,2582,164,809.1,72.47,1.0
12512,128,47,2628,256,809.1,77.02,1.0
12513,89,46,2589,178,809.09,71.52,1.0
12514,182,59,2682,364,809.07,90.45,1.0
12515,161,8,2661,322,809.06,120.53,1.0
12516,265,8,2765,530,809.05,128.42,1.0
12517,82,33,2582,164,809.03,78.57,1.0
12518,85,52,2585,170,809.0,79.12,1.0
12519,125,56,2625,250,809.0,76.27,1.0
12520,82,36,2582,164,808.99,74.84,1.0
12521,74,33,2574,148,808.98,75.14,1.0
12522,104,51,2604,208,808.98,75.34,1.0
12523,147,54,2647,294,808.96,76.74,1.0
12524,71,34,2571,142,808.95,80.58,1.0
12525,221,56,2721,442,808.93,95.63,1.0
12526,146,55,2646,292,808.92,85.78,1.0
12527,207,56,2707,414,808.92,94.89,1.0
12528,289,59,2789,578,808.92,116.45,1.0
12529,73,39,2573,146,808.88,75.9,1.0
12530,169,54,2669,338,808.88,91.37,1.0
12531,127,7,2627,254,808.87,101.1,1.0
12532,199,59,2699,398,808.86,89.58,1.0
12533,159,55,2659,318,808.75,89.36,1.0
12534,78,33,2578,156,808.74,72.51,1.0
12535,71,37,2571,142,808.68,76.58,1.0
12536,161,54,2661,322,808.68,84.82,1.0
12537,232,8,2732,464,808.68,133.94,1.0
12538,86,36,2586,172,808.67,70.55,1.0
12539,298,58,2798,596,808.6,107.37,1.0
12540,74,31,2574,148,808.59,73.83,1.0
12541,51,43,2551,102,808.58,74.34,1.0
12542,73,30,2573,146,808.55,71.47,1.0
12543,85,6,2585,170,808.55,109.89,1.0
12544,74,38,2574,148,808.52,72.11,1.0
12545,81,37,2581,162,808.52,76.0,1.0
12546,90,31,2590,180,808.49,76.15,1.0
12547,52,7,2552,104,808.48,83.45,1.0
12548,271,58,2771,542,808.44,101.2,1.0
12549,126,52,2626,252,808.39,77.44,1.0
12550,223,8,2723,446,808.39,135.17,1.0
12551,222,59,2722,444,808.36,100.12,1.0
12552,84,6,2584,168,808.34,96.11,1.0
12553,73,40,2573,146,808.32,74.79,1.0
12554,98,50,2598,196,808.3,78.11,1.0
12555,258,9,2758,516,808.3,129.15,1.0
12556,51,30,2551,102,808.28,71.85,1.0
12557,100,50,2600,200,808.28,76.78,1.0
12558,185,52,2685,370,808.28,86.0,1.0
12559,106,51,2606,212,808.26,81.32,1.0
12560,112,51,2612,224,808.25,76.5,1.0
12561,51,40,2551,102,808.24,72.38,1.0
12562,297,56,2797,594,808.23,100.52,1.0
12563,99,49,2599,198,808.22,73.53,1.0
12564,285,9,2785,570,808.21,143.57,1.0
12565,41,37,2541,82,808.2,63.85,1.0
12566,107,53,2607,214,808.2,84.21,1.0
12567,79,37,2579,158,808.18,77.59,1.0
12568,239,8,2739,478,808.18,137.88,1.0
12569,69,43,2569,138,808.1,74.78,1.0
12570,88,50,2588,176,808.1,75.57,1.0
12571,73,45,2573,146,808.06,67.23,1.0
12572,83,6,2583,166,808.06,91.16,1.0
12573,192,8,2692,384,808.02,115.34,1.0
12574,230,55,2730,460,808.01,97.18,1.0
12575,145,50,2645,290,807.98,89.91,1.0
12576,286,10,2786,572,807.97,129.45,1.0
12577,123,52,2623,246,807.95,79.4,1.0
12578,260,57,2760,520,807.95,95.95,1.0
12579,125,54,2625,250,807.89,82.0,1.0
12580,79,35,2579,158,807.88,72.49,1.0
12581,98,52,2598,196,807.86,84.46,1.0
12582,109,53,2609,218,807.83,79.54,1.0
12583,93,52,2593,186,807.81,72.44,1.0
12584,261,56,2761,522,807.81,99.69,1.0
12585,171,56,2671,342,807.79,91.96,1.0
12586,249,8,2749,498,807.75,139.34,1.0
12587,60,47,2560,120,807.73,76.75,1.0
12588,75,34,2575,150,807.72,78.2,1.0
12589,276,8,2776,552,807.72,123.61,1.0
12590,131,51,2631,262,807.68,79.32,1.0
12591,51,31,2551,102,807.63,68.14,1.0
12592,97,46,2597,194,807.62,74.18,1.0
12593,174,55,2674,348,807.49,90.15,1.0
12594,106,52,2606,212,807.48,83.12,1.0
12595,214,59,2714,428,807.48,92.12,1.0
12596,198,56,2698,396,807.46,96.18,1.0
12597,47,33,2547,94,807.44,71.86,1.0
12598,118,57,2618,236,807.44,90.34,1.0
12599,202,55,2702,404,807.34,97.44,1.0
12600,99,6,2599,198,807.3,105.41,1.0
12601,51,46,2551,102,807.29,76.41,1.0
12602,90,43,2590,180,807.25,75.06,1.0
12603,74,42,2574,148,807.24,73.09,1.0
12604,82,45,2582,164,807.22,73.12,1.0
12605,120,50,2620,240,807.22,84.49,1.0
12606,68,49,2568,136,807.2,75.34,1.0
12607,89,47,2589,178,807.2,74.36,1.0
12608,71,44,2571,142,807.18,74.72,1.0
12609,218,56,2718,436,807.15,110.94,1.0
12610,155,52,2655,310,807.14,83.97,1.0
12611,59,46,2559,118,807.05,73.66,1.0
12612,240,8,2740,480,807.02,134.4,1.0
12613,62,47,2562,124,806.99,74.13,1.0
12614,68,50,2568,136,806.98,81.19,1.0
12615,87,46,2587,174,806.93,73.79,1.0
12616,177,7,2677,354,806.88,106.36,1.0
12617,86,48,2586,172,806.87,69.5,1.0
12618,231,58,2731,462,806.87,94.53,1.0
12619,89,48,2589,178,806.84,76.57,1.0
12620,144,55,2644,288,806.84,90.26,1.0
12621,62,39,2562,124,806.83,79.06,1.0
12622,79,40,2579,158,806.83,74.73,1.0
12623,238,8,2738,476,806.83,143.0,1.0
12624,78,32,2578,156,806.79,77.68,1.0
12625,162,58,2662,324,806.77,91.26,1.0
12626,68,46,2568,136,806.72,73.83,1.0
12627,81,41,2581,162,806.71,76.72,1.0
12628,82,32,2582,164,806.71,79.44,1.0
12629,75,43,2575,150,806.7,73.82,1.0
12630,107,54,2607,214,806.67,76.93,1.0
12631,225,8,2725,450,806.67,123.85,1.0
12632,278,58,2778,556,806.67,108.16,1.0
12633,12,29,2512,24,806.62,69.21,1.0
12634,68,52,2568,136,806.59,75.94,1.0
12635,98,7,2598,196,806.59,107.11,1.0
12636,136,54,2636,272,806.59,76.85,1.0
12637,251,59,2751,502,806.55,101.34,1.0
12638,152,56,2652,304,806.52,84.03,1.0
12639,256,60,2756,512,806.51,106.5,1.0
12640,246,59,2746,492,806.5,106.03,1.0
12641,154,55,2654,308,806.48,87.52,1.0
12642,79,47,2579,158,806.47,76.93,1.0
12643,124,49,2624,248,806.46,83.19,1.0
12644,135,57,2635,270,806.43,89.34,1.0
12645,41,46,2541,82,806.42,68.32,1.0
12646,148,57,2648,296,806.4,90.14,1.0
12647,275,55,2775,550,806.4,104.67,1.0
12648,182,57,2682,364,806.38,98.17,1.0
12649,102,56,2602,204,806.33,76.46,1.0
12650,77,49,2577,154,806.31,73.75,1.0
12651,79,46,2579,158,806.3,79.16,1.0
12652,172,7,2672,344,806.28,108.98,1.0
12653,188,8,2688,376,806.28,127.5,1.0
12654,111,54,2611,222,806.27,77.77,1.0
12655,83,52,2583,166,806.26,76.98,1.0
12656,134,51,2634,268,806.26,79.65,1.0
12657,81,33,2581,162,806.24,75.73,1.0
12658,114,52,2614,228,806.24,81.09,1.0
12659,115,51,2615,230,806.23,76.03,1.0
12660,41,38,2541,82,806.22,71.84,1.0
12661,288,59,2788,576,806.21,111.7,1.0
12662,81,30,2581,162,806.19,70.53,1.0
12663,67,51,2567,134,806.16,73.75,1.0
12664,102,6,2602,204,806.15,103.92,1.0
12665,125,6,2625,250,806.14,95.1,1.0
12666,141,54,2641,282,806.1,82.99,1.0
12667,163,55,2663,326,806.1,98.3,1.0
12668,115,52,2615,230,806.09,78.33,1.0
12669,185,8,2685,370,806.06,128.75,1.0
12670,217,57,2717,434,805.98,94.64,1.0
12671,187,56,2687,374,805.95,93.75,1.0
12672,196,56,2696,392,805.94,94.31,1.0
12673,131,52,2631,262,805.9,84.4,1.0
12674,79,44,2579,158,805.89,73.52,1.0
12675,273,58,2773,546,805.89,107.03,1.0
12676,68,6,2568,136,805.87,86.03,1.0
12677,164,55,2664,328,805.87,83.69,1.0
12678,95,49,2595,190,805.85,77.55,1.0
12679,62,32,2562,124,805.84,76.57,1.0
12680,68,48,2568,136,805.84,71.98,1.0
12681,102,55,2602,204,805.84,80.23,1.0
12682,82,44,2582,164,805.82,73.3,1.0
12683,74,47,2574,148,805.81,76.57,1.0
12684,62,46,2562,124,805.75,77.24,1.0
12685,73,44,2573,146,805.72,73.65,1.0
12686,69,39,2569,138,805.66,73.26,1.0
12687,78,30,2578,156,805.65,74.97,1.0
12688,62,38,2562,124,805.62,80.58,1.0
12689,212,54,2712,424,805.61,102.65,1.0
12690,142,7,2642,284,805.6,113.27,1.0
12691,273,8,2773,546,805.6,133.86,1.0
12692,69,34,2569,138,805.57,80.54,1.0
12693,233,57,2733,466,805.57,97.95,1.0
12694,92,49,2592,184,805.56,77.8,1.0
12695,17,6,2517,34,805.55,73.39,1.0
12696,79,45,2579,158,805.54,72.14,1.0
12697,80,47,2580,160,805.54,70.92,1.0
12698,105,49,2605,210,805.54,90.99,1.0
12699,67,33,2567,134,805.52,72.11,1.0
12700,73,35,2573,146,805.52,80.48,1.0
12701,223,58,2723,446,805.5,97.63,1.0
12702,73,46,2573,146,805.49,76.62,1.0
12703,78,45,2578,156,805.49,74.08,1.0
12704,91,50,2591,182,805.46,78.64,1.0
12705,93,54,2593,186,805.46,71.04,1.0
12706,246,8,2746,492,805.46,141.5,1.0
12707,221,57,2721,442,805.44,93.51,1.0
12708,67,35,2567,134,805.43,70.87,1.0
12709,62,43,2562,124,805.41,72.77,1.0
12710,140,57,2640,280,805.4,81.69,1.0
12711,41,33,2541,82,805.38,73.51,1.0
12712,37,29,2537,74,805.33,77.96,1.0
12713,143,58,2643,286,805.33,85.84,1.0
12714,242,8,2742,484,805.32,133.08,1.0
12715,266,57,2766,532,805.32,99.67,1.0
12716,165,58,2665,330,805.31,95.78,1.0
12717,75,37,2575,150,805.29,66.92,1.0
12718,142,54,2642,284,805.29,97.19,1.0
12719,81,45,2581,162,805.28,80.37,1.0
12720,81,38,2581,162,805.24,77.06,1.0
12721,70,46,2570,140,805.22,70.95,1.0
12722,80,50,2580,160,805.22,73.39,1.0
12723,231,59,2731,462,805.22,99.78,1.0
12724,129,55,2629,258,805.15,87.11,1.0
12725,121,55,2621,242,805.14,82.75,1.0
12726,73,49,2573,146,805.13,70.77,1.0
12727,101,50,2601,202,805.12,77.48,1.0
12728,201,55,2701,402,805.12,96.93,1.0
12729,37,6,2537,74,805.11,87.71,1.0
12730,69,33,2569,138,805.11,72.84,1.0
12731,69,31,2569,138,805.07,71.31,1.0
12732,138,7,2638,276,805.07,114.31,1.0
12733,93,6,2593,186,805.06,96.12,1.0
12734,251,7,2751,502,805.06,130.41,1.0
12735,228,57,2728,456,805.02,98.04,1.0
12736,42,6,2542,84,805.01,81.74,1.0
12737,278,8,2778,556,805.01,133.13,1.0
12738,69,37,2569,138,804.98,76.97,1.0
12739,132,7,2632,264,804.98,114.8,1.0
12740,197,8,2697,394,804.98,119.76,1.0
12741,226,58,2726,452,804.97,110.32,1.0
12742,91,49,2591,182,804.96,83.29,1.0
12743,81,46,2581,162,804.96,72.73,1.0
12744,73,36,2573,146,804.95,74.98,1.0
12745,60,48,2560,120,804.94,80.65,1.0
12746,126,53,2626,252,804.94,85.61,1.0
12747,241,58,2741,482,804.94,100.74,1.0
12748,175,54,2675,350,804.89,82.08,1.0
12749,51,42,2551,102,804.88,69.51,1.0
12750,80,48,2580,160,804.88,74.04,1.0
12751,69,30,2569,138,804.87,68.83,1.0
12752,64,36,2564,128,804.87,76.54,1.0
12753,99,51,2599,198,804.86,79.96,1.0
12754,227,60,2727,454,804.86,99.72,1.0
12755,47,35,2547,94,804.85,73.69,1.0
12756,62,48,2562,124,804.82,75.65,1.0
12757,41,42,2541,82,804.76,67.76,1.0
12758,194,7,2694,388,804.72,125.82,1.0
12759,86,46,2586,172,804.7,71.89,1.0
12760,277,60,2777,554,804.7,112.69,1.0
12761,22,29,2522,44,804.62,67.98,1.0
12762,128,51,2628,256,804.61,83.11,1.0
12763,86,47,2586,172,804.58,76.52,1.0
12764,81,36,2581,162,804.54,72.81,1.0
12765,81,47,2581,162,804.54,69.06,1.0
12766,78,46,2578,156,804.51,77.02,1.0
12767,31,29,2531,62,804.5,68.22,1.0
12768,113,6,2613,226,804.5,118.08,1.0
12769,51,36,2551,102,804.46,68.62,1.0
12770,178,60,2678,356,804.45,99.41,1.0
12771,54,34,2554,108,804.43,77.71,1.0
12772,84,58,2584,168,804.42,81.36,1.0
12773,49,6,2549,98,804.41,86.67,1.0
12774,147,55,2647,294,804.37,86.64,1.0
12775,91,51,2591,182,804.36,75.69,1.0
12776,83,50,2583,166,804.36,72.62,1.0
12777,62,45,2562,124,804.31,73.31,1.0
12778,73,42,2573,146,804.3,71.63,1.0
12779,144,54,2644,288,804.3,87.65,1.0
12780,16,5,2516,32,804.24,76.57,1.0
12781,186,56,2686,372,804.23,92.42,1.0
12782,100,52,2600,200,804.21,78.45,1.0
12783,67,30,2567,134,804.2,65.55,1.0
12784,69,35,2569,138,804.2,78.75,1.0
12785,72,42,2572,144,804.2,82.34,1.0
12786,152,7,2652,304,804.2,110.62,1.0
12787,95,48,2595,190,804.19,70.78,1.0
12788,203,57,2703,406,804.15,99.89,1.0
12789,51,41,2551,102,804.14,69.99,1.0
12790,59,37,2559,118,804.14,71.84,1.0
12791,67,6,2567,134,804.06,95.6,1.0
12792,109,54,2609,218,804.06,90.99,1.0
12793,254,57,2754,508,804.03,101.48,1.0
12794,81,48,2581,162,804.01,75.82,1.0
12795,125,55,2625,250,803.97,80.88,1.0
12796,128,50,2628,256,803.95,84.25,1.0
12797,118,6,2618,236,803.94,108.61,1.0
12798,79,33,2579,158,803.93,76.59,1.0
12799,41,31,2541,82,803.92,70.65,1.0
12800,62,44,2562,124,803.92,71.85,1.0
12801,207,57,2707,414,803.92,88.93,1.0
12802,68,53,2568,136,803.87,77.01,1.0
12803,64,38,2564,128,803.86,72.65,1.0
12804,110,55,2610,220,803.86,81.59,1.0
12805,224,59,2724,448,803.86,104.91,1.0
12806,255,59,2755,510,803.86,100.71,1.0
12807,134,7,2634,268,803.85,104.24,1.0
12808,132,52,2632,264,803.84,81.49,1.0
12809,51,44,2551,102,803.82,63.0,1.0
12810,181,56,2681,362,803.82,90.28,1.0
12811,64,34,2564,128,803.8,74.13,1.0
12812,64,43,2564,128,803.8,74.79,1.0
12813,47,41,2547,94,803.79,79.56,1.0
12814,79,42,2579,158,803.79,71.82,1.0
12815,41,35,2541,82,803.77,72.87,1.0
12816,41,40,2541,82,803.75,67.96,1.0
12817,113,56,2613,226,803.75,87.95,1.0
12818,120,53,2620,240,803.74,78.45,1.0
12819,182,58,2682,364,803.72,95.6,1.0
12820,200,60,2700,400,803.71,94.41,1.0
12821,123,7,2623,246,803.66,112.26,1.0
12822,282,57,2782,564,803.66,100.97,1.0
12823,216,58,2716,432,803.65,96.44,1.0
12824,64,30,2564,128,803.64,71.85,1.0
12825,51,38,2551,102,803.62,70.94,1.0
12826,214,60,2714,428,803.62,95.62,1.0
12827,131,53,2631,262,803.59,82.71,1.0
12828,235,58,2735,470,803.58,99.64,1.0
12829,248,8,2748,496,803.55,137.36,1.0
12830,218,8,2718,436,803.53,122.83,1.0
12831,92,50,2592,184,803.49,74.64,1.0
12832,133,54,2633,266,803.49,86.34,1.0
12833,180,58,2680,360,803.49,102.81,1.0
12834,78,43,2578,156,803.48,80.9,1.0
12835,172,57,2672,344,803.47,90.8,1.0
12836,53,41,2553,106,803.44,73.27,1.0
12837,78,31,2578,156,803.43,71.69,1.0
12838,67,50,2567,134,803.41,75.23,1.0
12839,213,55,2713,426,803.39,103.22,1.0
12840,59,36,2559,118,803.36,67.27,1.0
12841,103,49,2603,206,803.34,77.35,1.0
12842,122,47,2622,244,803.34,79.45,1.0
12843,297,9,2797,594,803.33,135.72,1.0
12844,75,32,2575,150,803.31,80.6,1.0
12845,33,37,2533,66,803.26,72.31,1.0
12846,184,57,2684,368,803.25,93.55,1.0
12847,43,6,2543,86,803.22,93.34,1.0
12848,295,58,2795,590,803.22,109.71,1.0
12849,224,58,2724,448,803.2,100.19,1.0
12850,94,50,2594,188,803.18,78.03,1.0
12851,114,53,2614,228,803.18,83.21,1.0
12852,81,39,2581,162,803.14,78.85,1.0
12853,158,57,2658,316,803.14,90.06,1.0
12854,226,57,2726,452,803.13,99.29,1.0
12855,276,58,2776,552,803.13,106.72,1.0
12856,60,50,2560,120,803.12,75.64,1.0
12857,112,54,2612,224,803.12,83.2,1.0
12858,277,8,2777,554,803.12,143.01,1.0
12859,94,52,2594,188,803.1,78.32,1.0
12860,20,6,2520,40,803.08,85.67,1.0
12861,71,6,2571,142,803.02,97.58,1.0
12862,243,58,2743,486,803.0,108.66,1.0
12863,271,8,2771,542,803.0,139.83,1.0
12864,209,7,2709,418,802.97,133.93,1.0
12865,54,37,2554,108,802.96,72.34,1.0
12866,78,42,2578,156,802.95,75.36,1.0
12867,267,8,2767,534,802.94,128.79,1.0
12868,240,56,2740,480,802.91,99.92,1.0
12869,75,36,2575,150,802.9,73.45,1.0
12870,79,32,2579,158,802.89,73.94,1.0
12871,142,55,2642,284,802.86,89.41,1.0
12872,118,59,2618,236,802.84,85.51,1.0
12873,104,52,2604,208,802.83,83.56,1.0
12874,178,59,2678,356,802.83,98.81,1.0
12875,78,35,2578,156,802.82,78.02,1.0
12876,9,29,2509,18,802.77,67.91,1.0
12877,174,56,2674,348,802.77,89.87,1.0
12878,62,37,2562,124,802.76,74.74,1.0
12879,276,59,2776,552,802.73,111.63,1.0
12880,75,40,2575,150,802.7,69.45,1.0
12881,291,59,2791,582,802.69,109.36,1.0
12882,74,50,2574,148,802.65,73.24,1.0
12883,44,39,2544,88,802.61,75.73,1.0
12884,265,59,2765,530,802.61,114.11,1.0
12885,147,56,2647,294,802.59,89.55,1.0
12886,60,46,2560,120,802.55,78.71,1.0
12887,153,55,2653,306,802.54,95.86,1.0
12888,110,52,2610,220,802.52,77.6,1.0
12889,256,8,2756,512,802.5,140.13,1.0
12890,296,57,2796,592,802.5,96.85,1.0
12891,35,29,2535,70,802.49,70.33,1.0
12892,238,58,2738,476,802.48,100.3,1.0
12893,146,56,2646,292,802.45,89.45,1.0
12894,2,5,2502,4,802.44,79.19,1.0
12895,228,56,2728,456,802.42,108.08,1.0
12896,87,50,2587,174,802.4,71.92,1.0
12897,53,34,2553,106,802.37,68.91,1.0
12898,33,38,2533,66,802.32,71.71,1.0
12899,236,57,2736,472,802.32,93.3,1.0
12900,83,49,2583,166,802.31,71.32,1.0
12901,6,29,2506,12,802.3,71.36,1.0
12902,262,8,2762,524,802.26,132.35,1.0
12903,41,30,2541,82,802.24,72.98,1.0
12904,59,42,2559,118,802.22,69.96,1.0
12905,185,55,2685,370,802.22,95.13,1.0
12906,253,56,2753,506,802.22,91.41,1.0
12907,53,36,2553,106,802.2,78.39,1.0
12908,82,46,2582,164,802.19,74.91,1.0
12909,64,35,2564,128,802.18,74.14,1.0
12910,54,43,2554,108,802.17,72.11,1.0
12911,63,37,2563,126,802.16,79.95,1.0
12912,103,7,2603,206,802.16,102.28,1.0
12913,69,45,2569,138,802.14,74.29,1.0
12914,273,59,2773,546,802.12,116.06,1.0
12915,149,7,2649,298,802.11,111.95,1.0
12916,141,7,2641,282,802.1,116.83,1.0
12917,261,8,2761,522,802.08,129.34,1.0
12918,115,53,2615,230,802.06,77.47,1.0
12919,59,6,2559,118,802.05,95.78,1.0
12920,161,55,2661,322,802.04,90.15,1.0
12921,238,57,2738,476,802.04,102.01,1.0
12922,78,34,2578,156,802.02,77.51,1.0
12923,51,47,2551,102,801.98,69.44,1.0
12924,296,58,2796,592,801.96,103.82,1.0
12925,94,51,2594,188,801.94,82.43,1.0
12926,66,40,2566,132,801.9,72.83,1.0
12927,96,48,2596,192,801.9,66.31,1.0
12928,41,47,2541,82,801.89,73.63,1.0
12929,73,37,2573,146,801.89,77.04,1.0
12930,66,30,2566,132,801.86,74.43,1.0
12931,241,60,2741,482,801.85,99.23,1.0
12932,161,56,2661,322,801.84,89.88,1.0
12933,105,50,2605,210,801.82,81.02,1.0
12934,72,36,2572,144,801.79,72.1,1.0
12935,77,6,2577,154,801.74,85.16,1.0
12936,241,8,2741,482,801.74,123.34,1.0
12937,290,59,2790,580,801.72,116.97,1.0
12938,217,58,2717,434,801.7,96.8,1.0
12939,69,41,2569,138,801.69,70.58,1.0
12940,205,59,2705,410,801.68,94.34,1.0
12941,53,47,2553,106,801.66,71.67,1.0
12942,171,58,2671,342,801.65,90.66,1.0
12943,71,42,2571,142,801.63,69.11,1.0
12944,77,50,2577,154,801.57,76.06,1.0
12945,108,7,2608,216,801.57,112.37,1.0
12946,47,42,2547,94,801.54,73.68,1.0
12947,165,7,2665,330,801.53,124.29,1.0
12948,187,55,2687,374,801.51,91.21,1.0
12949,70,45,2570,140,801.5,73.92,1.0
12950,51,32,2551,102,801.49,71.33,1.0
12951,248,59,2748,496,801.45,111.62,1.0
12952,79,43,2579,158,801.44,64.16,1.0
12953,47,40,2547,94,801.43,76.87,1.0
12954,113,58,2613,226,801.43,87.67,1.0
12955,96,49,2596,192,801.42,71.52,1.0
12956,47,38,2547,94,801.4,70.66,1.0
12957,191,57,2691,382,801.4,89.93,1.0
12958,200,7,2700,400,801.4,125.44,1.0
12959,119,55,2619,238,801.34,83.19,1.0
12960,103,50,2603,206,801.33,77.15,1.0
12961,168,55,2668,336,801.32,87.72,1.0
12962,66,34,2566,132,801.28,77.5,1.0
12963,167,58,2667,334,801.27,85.71,1.0
12964,201,56,2701,402,801.27,94.44,1.0
12965,54,33,2554,108,801.24,72.09,1.0
12966,78,44,2578,156,801.24,70.18,1.0
12967,118,58,2618,236,801.21,88.41,1.0
12968,124,7,2624,248,801.21,107.75,1.0
12969,70,6,2570,140,801.19,94.05,1.0
12970,70,49,2570,140,801.19,77.27,1.0
12971,186,55,2686,372,801.19,81.32,1.0
12972,33,5,2533,66,801.18,75.67,1.0
12973,66,35,2566,132,801.18,75.75,1.0
12974,298,8,2798,596,801.18,131.73,1.0
12975,111,55,2611,222,801.12,76.93,1.0
12976,65,42,2565,130,801.08,74.94,1.0
12977,75,42,2575,150,801.08,78.83,1.0
12978,41,45,2541,82,801.07,69.6,1.0
12979,61,40,2561,122,801.06,76.75,1.0
12980,88,6,2588,176,801.05,90.92,1.0
12981,215,7,2715,430,800.96,122.32,1.0
12982,98,53,2598,196,800.95,74.32,1.0
12983,54,39,2554,108,800.92,75.06,1.0
12984,231,8,2731,462,800.92,123.28,1.0
12985,47,34,2547,94,800.89,73.94,1.0
12986,88,54,2588,176,800.88,74.66,1.0
12987,54,36,2554,108,800.81,74.51,1.0
12988,82,47,2582,164,800.81,72.95,1.0
12989,259,8,2759,518,800.79,132.75,1.0
12990,90,49,2590,180,800.76,80.1,1.0
12991,47,31,2547,94,800.74,73.25,1.0
12992,126,54,2626,252,800.74,85.06,1.0
12993,163,57,2663,326,800.74,90.76,1.0
12994,33,32,2533,66,800.73,64.66,1.0
12995,15,5,2515,30,800.7,73.68,1.0
12996,181,7,2681,362,800.68,116.92,1.0
12997,248,58,2748,496,800.68,110.49,1.0
12998,56,33,2556,112,800.66,69.69,1.0
12999,171,57,2671,342,800.66,91.07,1.0
13000,2,29,2502,4,800.64,69.36,1.0
13001,40,29,2540,80,800.57,72.09,1.0
13002,153,56,2653,306,800.53,86.87,1.0
13003,89,51,2589,178,800.52,67.79,1.0
13004,71,50,2571,142,800.5,68.37,1.0
13005,235,8,2735,470,800.5,129.18,1.0
13006,13,29,2513,26,800.48,68.18,1.0
13007,64,44,2564,128,800.46,72.95,1.0
13008,78,41,2578,156,800.46,73.31,1.0
13009,172,58,2672,344,800.46,98.08,1.0
13010,64,39,2564,128,800.44,75.81,1.0
13011,107,55,2607,214,800.38,75.81,1.0
13012,81,6,2581,162,800.36,91.46,1.0
13013,64,40,2564,128,800.34,75.08,1.0
13014,203,7,2703,406,800.31,125.91,1.0
13015,122,51,2622,244,800.28,76.52,1.0
13016,64,32,2564,128,800.26,73.4,1.0
13017,66,38,2566,132,800.24,71.05,1.0
13018,173,59,2673,346,800.15,84.2,1.0
13019,251,60,2751,502,800.15,95.61,1.0
13020,47,47,2547,94,800.14,70.35,1.0
13021,72,31,2572,144,800.14,75.02,1.0
13022,262,59,2762,524,800.14,101.71,1.0
13023,155,53,2655,310,800.12,85.31,1.0
13024,165,59,2665,330,800.12,95.01,1.0
13025,84,59,2584,168,800.09,83.96,1.0
13026,86,49,2586,172,800.09,70.69,1.0
13027,27,29,2527,54,800.08,70.28,1.0
13028,183,59,2683,366,800.08,91.73,1.0
13029,293,57,2793,586,800.04,116.59,1.0
13030,90,48,2590,180,800.0,80.21,1.0
13031,63,33,2563,126,799.99,74.22,1.0
13032,128,48,2628,256,799.99,86.61,1.0
13033,209,57,2709,418,799.98,107.15,1.0
13034,52,29,2552,104,799.96,67.3,1.0
13035,285,59,2785,570,799.94,106.51,1.0
13036,216,57,2716,432,799.92,88.58,1.0
13037,59,45,2559,118,799.91,75.07,1.0
13038,134,50,2634,268,799.91,79.49,1.0
13039,193,58,2693,386,799.91,103.94,1.0
13040,14,5,2514,28,799.9,79.28,1.0
13041,171,7,2671,342,799.9,121.77,1.0
13042,82,51,2582,164,799.88,79.88,1.0
13043,152,57,2652,304,799.86,87.14,1.0
13044,33,41,2533,66,799.84,66.45,1.0
13045,53,33,2553,106,799.84,72.01,1.0
13046,156,55,2656,312,799.84,92.45,1.0
13047,66,45,2566,132,799.81,72.63,1.0
13048,204,59,2704,408,799.81,94.38,1.0
13049,63,38,2563,126,799.8,80.91,1.0
13050,274,57,2774,548,799.78,103.98,1.0
13051,59,48,2559,118,799.77,70.84,1.0
13052,54,30,2554,108,799.76,72.23,1.0
13053,54,35,2554,108,799.75,65.64,1.0
13054,75,46,2575,150,799.74,77.99,1.0
13055,66,43,2566,132,799.73,76.36,1.0
13056,62,42,2562,124,799.72,71.49,1.0
13057,69,42,2569,138,799.72,74.41,1.0
13058,207,8,2707,414,799.7,128.91,1.0
13059,54,48,2554,108,799.64,75.7,1.0
13060,103,48,2603,206,799.64,72.06,1.0
13061,69,36,2569,138,799.62,75.22,1.0
13062,73,48,2573,146,799.62,74.9,1.0
13063,97,49,2597,194,799.58,80.56,1.0
13064,177,59,2677,354,799.58,92.56,1.0
13065,70,48,2570,140,799.57,68.15,1.0
13066,264,58,2764,528,799.55,106.24,1.0
13067,78,49,2578,156,799.53,76.16,1.0
13068,59,33,2559,118,799.49,74.05,1.0
13069,117,7,2617,234,799.48,107.9,1.0
13070,71,49,2571,142,799.47,77.94,1.0
13071,84,57,2584,168,799.43,84.53,1.0
13072,137,54,2637,274,799.42,83.45,1.0
13073,54,31,2554,108,799.4,78.41,1.0
13074,170,56,2670,340,799.36,91.07,1.0
13075,117,51,2617,234,799.24,79.45,1.0
13076,196,57,2696,392,799.24,96.23,1.0
13077,279,8,2779,558,799.24,127.33,1.0
13078,275,56,2775,550,799.23,103.29,1.0
13079,275,9,2775,550,799.22,132.72,1.0
13080,12,5,2512,24,799.17,77.38,1.0
13081,66,46,2566,132,799.14,69.62,1.0
13082,243,57,2743,486,799.09,91.52,1.0
13083,50,6,2550,100,799.08,88.13,1.0
13084,59,30,2559,118,799.08,71.0,1.0
13085,63,42,2563,126,799.08,84.62,1.0
13086,211,58,2711,422,799.07,104.16,1.0
13087,59,41,2559,118,799.03,71.52,1.0
13088,71,48,2571,142,799.03,73.14,1.0
13089,234,60,2734,468,799.03,113.01,1.0
13090,72,30,2572,144,799.02,78.73,1.0
13091,53,35,2553,106,799.01,72.51,1.0
13092,72,35,2572,144,799.0,76.89,1.0
13093,51,48,2551,102,798.98,72.11,1.0
13094,292,60,2792,584,798.98,115.78,1.0
13095,108,53,2608,216,798.96,81.76,1.0
13096,258,57,2758,516,798.96,121.68,1.0
13097,47,32,2547,94,798.95,73.08,1.0
13098,220,8,2720,440,798.94,113.26,1.0
13099,289,60,2789,578,798.93,117.05,1.0
13100,130,54,2630,260,798.92,80.77,1.0
13101,59,47,2559,118,798.91,76.48,1.0
13102,262,60,2762,524,798.9,112.7,1.0
13103,56,44,2556,112,798.88,72.55,1.0
13104,75,31,2575,150,798.85,71.72,1.0
13105,83,51,2583,166,798.84,78.17,1.0
13106,72,32,2572,144,798.83,79.83,1.0
13107,190,7,2690,380,798.83,123.71,1.0
13108,54,45,2554,108,798.82,74.0,1.0
13109,78,39,2578,156,798.81,69.02,1.0
13110,67,52,2567,134,798.8,79.86,1.0
13111,72,34,2572,144,798.79,75.72,1.0
13112,154,56,2654,308,798.79,94.67,1.0
13113,54,40,2554,108,798.78,74.5,1.0
13114,155,7,2655,310,798.78,113.39,1.0
13115,54,42,2554,108,798.76,74.83,1.0
13116,47,48,2547,94,798.75,71.51,1.0
13117,233,8,2733,466,798.73,126.92,1.0
13118,124,52,2624,248,798.69,85.75,1.0
13119,98,49,2598,196,798.66,80.3,1.0
13120,75,45,2575,150,798.65,71.32,1.0
13121,63,36,2563,126,798.64,79.94,1.0
13122,62,49,2562,124,798.62,74.09,1.0
13123,272,58,2772,544,798.59,110.92,1.0
13124,219,56,2719,438,798.55,91.99,1.0
13125,89,50,2589,178,798.53,74.45,1.0
13126,95,50,2595,190,798.51,82.02,1.0
13127,219,55,2719,438,798.51,98.23,1.0
13128,149,56,2649,298,798.5,87.89,1.0
13129,260,59,2760,520,798.5,95.53,1.0
13130,295,59,2795,590,798.49,109.81,1.0
13131,60,49,2560,120,798.47,75.88,1.0
13132,70,51,2570,140,798.46,74.45,1.0
13133,93,53,2593,186,798.45,77.95,1.0
13134,99,53,2599,198,798.44,77.98,1.0
13135,56,36,2556,112,798.41,70.89,1.0
13136,69,44,2569,138,798.4,71.35,1.0
13137,21,5,2521,42,798.38,78.3,1.0
13138,71,51,2571,142,798.36,76.71,1.0
13139,148,58,2648,296,798.33,100.05,1.0
13140,63,45,2563,126,798.32,83.36,1.0
13141,181,57,2681,362,798.3,90.45,1.0
13142,69,40,2569,138,798.27,69.31,1.0
13143,68,51,2568,136,798.24,77.59,1.0
13144,54,44,2554,108,798.2,73.87,1.0
13145,55,42,2555,110,798.19,69.9,1.0
13146,69,38,2569,138,798.18,68.11,1.0
13147,67,53,2567,134,798.17,73.71,1.0
13148,79,30,2579,158,798.14,74.46,1.0
13149,281,57,2781,562,798.12,106.44,1.0
13150,77,51,2577,154,798.11,76.36,1.0
13151,80,54,2580,160,798.11,77.19,1.0
13152,41,48,2541,82,798.1,70.26,1.0
13153,259,58,2759,518,798.01,106.47,1.0
13154,47,36,2547,94,798.0,72.76,1.0
13155,113,59,2613,226,797.98,91.09,1.0
13156,7,5,2507,14,797.97,81.77,1.0
13157,147,57,2647,294,797.96,86.06,1.0
13158,195,55,2695,390,797.91,95.9,1.0
13159,270,58,2770,540,797.9,102.36,1.0
13160,41,50,2541,82,797.86,70.45,1.0
13161,65,6,2565,130,797.81,90.22,1.0
13162,280,55,2780,560,797.8,101.06,1.0
13163,44,43,2544,88,797.76,67.53,1.0
13164,64,41,2564,128,797.69,73.1,1.0
13165,95,52,2595,190,797.69,76.95,1.0
13166,54,32,2554,108,797.68,71.22,1.0
13167,69,47,2569,138,797.68,73.95,1.0
13168,230,57,2730,460,797.68,101.96,1.0
13169,116,52,2616,232,797.66,85.71,1.0
13170,195,57,2695,390,797.66,104.46,1.0
13171,66,36,2566,132,797.65,82.96,1.0
13172,164,57,2664,328,797.64,81.96,1.0
13173,216,8,2716,432,797.62,132.43,1.0
13174,254,58,2754,508,797.62,96.78,1.0
13175,72,40,2572,144,797.61,72.91,1.0
13176,145,52,2645,290,797.6,87.0,1.0
13177,194,55,2694,388,797.57,94.83,1.0
13178,137,53,2637,274,797.56,91.06,1.0
13179,137,55,2637,274,797.56,80.9,1.0
13180,220,56,2720,440,797.55,100.97,1.0
13181,75,30,2575,150,797.54,72.71,1.0
13182,203,58,2703,406,797.53,99.35,1.0
13183,230,56,2730,460,797.52,103.57,1.0
13184,293,59,2793,586,797.49,118.0,1.0
13185,72,43,2572,144,797.47,76.26,1.0
13186,129,57,2629,258,797.46,86.95,1.0
13187,78,36,2578,156,797.44,79.76,1.0
13188,66,31,2566,132,797.43,73.67,1.0
13189,65,33,2565,130,797.42,70.66,1.0
13190,75,35,2575,150,797.42,69.34,1.0
13191,112,53,2612,224,797.4,78.23,1.0
13192,81,50,2581,162,797.39,80.02,1.0
13193,146,57,2646,292,797.38,90.75,1.0
13194,274,9,2774,548,797.38,137.95,1.0
13195,90,47,2590,180,797.37,82.45,1.0
13196,97,48,2597,194,797.36,73.15,1.0
13197,32,29,2532,64,797.35,69.17,1.0
13198,166,56,2666,332,797.35,90.68,1.0
13199,204,60,2704,408,797.35,107.49,1.0
13200,115,7,2615,230,797.3,100.61,1.0
13201,41,49,2541,82,797.29,76.43,1.0
13202,59,43,2559,118,797.28,76.93,1.0
13203,206,59,2706,412,797.28,89.73,1.0
13204,199,60,2699,398,797.26,93.09,1.0
13205,5,29,2505,10,797.22,68.39,1.0
13206,72,39,2572,144,797.2,84.37,1.0
13207,160,54,2660,320,797.15,85.19,1.0
13208,173,7,2673,346,797.14,107.47,1.0
13209,43,43,2543,86,797.13,79.22,1.0
13210,68,54,2568,136,797.12,68.4,1.0
13211,48,33,2548,96,797.1,73.0,1.0
13212,100,54,2600,200,797.08,77.66,1.0
13213,78,47,2578,156,797.06,72.38,1.0
13214,53,31,2553,106,797.03,70.17,1.0
13215,53,32,2553,106,796.99,77.44,1.0
13216,63,30,2563,126,796.99,86.04,1.0
13217,213,8,2713,426,796.98,127.88,1.0
13218,85,55,2585,170,796.96,80.07,1.0
13219,33,43,2533,66,796.94,76.3,1.0
13220,128,7,2628,256,796.93,106.53,1.0
13221,56,38,2556,112,796.92,77.18,1.0
13222,150,56,2650,300,796.91,89.89,1.0
13223,79,48,2579,158,796.9,74.38,1.0
13224,269,57,2769,538,796.88,96.55,1.0
13225,241,59,2741,482,796.87,104.57,1.0
13226,84,60,2584,168,796.86,80.51,1.0
13227,194,56,2694,388,796.86,108.68,1.0
13228,65,45,2565,130,796.83,77.85,1.0
13229,176,7,2676,352,796.83,123.06,1.0
13230,105,7,2605,210,796.82,109.83,1.0
13231,111,53,2611,222,796.81,84.96,1.0
13232,17,29,2517,34,796.8,66.07,1.0
13233,116,51,2616,232,796.8,86.34,1.0
13234,150,55,2650,300,796.76,78.47,1.0
13235,69,46,2569,138,796.75,77.62,1.0
13236,5,5,2505,10,796.72,77.26,1.0
13237,189,56,2689,378,796.72,95.94,1.0
13238,161,57,2661,322,796.71,90.2,1.0
13239,66,41,2566,132,796.69,77.22,1.0
13240,62,36,2562,124,796.67,75.44,1.0
13241,61,37,2561,122,796.66,75.0,1.0
13242,41,39,2541,82,796.63,65.52,1.0
13243,234,59,2734,468,796.62,109.35,1.0
13244,73,6,2573,146,796.6,92.05,1.0
13245,224,60,2724,448,796.6,107.6,1.0
13246,293,58,2793,586,796.6,107.64,1.0
13247,292,8,2792,584,796.54,145.48,1.0
13248,232,57,2732,464,796.52,99.0,1.0
13249,88,53,2588,176,796.49,72.77,1.0
13250,249,58,2749,498,796.49,98.51,1.0
13251,118,60,2618,236,796.48,97.71,1.0
13252,38,35,2538,76,796.43,67.71,1.0
13253,53,6,2553,106,796.43,95.51,1.0
13254,47,44,2547,94,796.42,70.89,1.0
13255,73,50,2573,146,796.41,72.69,1.0
13256,66,32,2566,132,796.38,74.61,1.0
13257,217,8,2717,434,796.37,126.99,1.0
13258,65,34,2565,130,796.32,70.78,1.0
13259,105,51,2605,210,796.32,83.81,1.0
13260,119,6,2619,238,796.29,95.19,1.0
13261,245,59,2745,490,796.28,109.83,1.0
13262,152,58,2652,304,796.23,87.4,1.0
13263,33,40,2533,66,796.22,68.54,1.0
13264,129,6,2629,258,796.2,108.49,1.0
13265,151,56,2651,302,796.2,89.23,1.0
13266,41,44,2541,82,796.18,73.16,1.0
13267,61,35,2561,122,796.18,71.07,1.0
13268,261,58,2761,522,796.18,107.22,1.0
13269,294,59,2794,588,796.18,96.13,1.0
13270,197,57,2697,394,796.17,96.08,1.0
13271,47,46,2547,94,796.16,75.54,1.0
13272,127,54,2627,254,796.16,80.99,1.0
13273,257,8,2757,514,796.15,136.95,1.0
13274,268,8,2768,536,796.14,139.55,1.0
13275,193,7,2693,386,796.13,136.29,1.0
13276,82,48,2582,164,796.1,78.25,1.0
13277,0,29,2500,0,796.07,65.01,1.0
13278,53,44,2553,106,796.07,77.61,1.0
13279,258,58,2758,516,796.07,101.64,1.0
13280,278,59,2778,556,796.07,104.61,1.0
13281,47,51,2547,94,796.06,75.27,1.0
13282,78,6,2578,156,796.03,101.9,1.0
13283,244,57,2744,488,796.02,109.03,1.0
13284,180,59,2680,360,796.01,88.96,1.0
13285,229,56,2729,458,795.98,97.3,1.0
13286,94,55,2594,188,795.97,82.05,1.0
13287,155,55,2655,310,795.96,86.04,1.0
13288,136,55,2636,272,795.94,80.6,1.0
13289,63,44,2563,126,795.93,78.67,1.0
13290,38,32,2538,76,795.92,67.24,1.0
13291,91,52,2591,182,795.9,79.46,1.0
13292,173,60,2673,346,795.9,96.85,1.0
13293,91,6,2591,182,795.85,99.87,1.0
13294,131,54,2631,262,795.84,85.86,1.0
13295,215,59,2715,430,795.82,100.74,1.0
13296,33,35,2533,66,795.8,70.43,1.0
13297,206,58,2706,412,795.8,97.9,1.0
13298,242,58,2742,484,795.79,113.07,1.0
13299,51,51,2551,102,795.78,71.94,1.0
13300,99,54,2599,198,795.77,79.32,1.0
13301,56,32,2556,112,795.72,72.63,1.0
13302,78,37,2578,156,795.72,73.7,1.0
13303,91,53,2591,182,795.71,82.73,1.0
13304,4,29,2504,8,795.7,70.3,1.0
13305,60,52,2560,120,795.7,75.26,1.0
13306,47,30,2547,94,795.64,73.62,1.0
13307,71,52,2571,142,795.64,76.4,1.0
13308,150,57,2650,300,795.64,94.25,1.0
13309,41,5,2541,82,795.61,87.36,1.0
13310,123,53,2623,246,795.6,79.1,1.0
13311,63,40,2563,126,795.54,83.11,1.0
13312,167,59,2667,334,795.53,89.31,1.0
13313,70,50,2570,140,795.52,76.25,1.0
13314,96,51,2596,192,795.49,78.27,1.0
13315,75,38,2575,150,795.48,68.46,1.0
13316,139,7,2639,278,795.45,113.05,1.0
13317,62,51,2562,124,795.4,77.43,1.0
13318,132,53,2632,264,795.38,78.2,1.0
13319,284,59,2784,568,795.36,121.35,1.0
13320,79,38,2579,158,795.35,77.62,1.0
13321,53,42,2553,106,795.28,75.08,1.0
13322,92,51,2592,184,795.28,82.04,1.0
13323,144,56,2644,288,795.28,99.11,1.0
13324,56,34,2556,112,795.27,71.33,1.0
13325,108,51,2608,216,795.27,77.81,1.0
13326,122,52,2622,244,795.25,81.98,1.0
13327,179,7,2679,358,795.24,120.03,1.0
13328,54,41,2554,108,795.22,75.8,1.0
13329,66,42,2566,132,795.21,74.06,1.0
13330,56,37,2556,112,795.2,72.69,1.0
13331,63,43,2563,126,795.2,82.04,1.0
13332,177,58,2677,354,795.16,82.15,1.0
13333,33,42,2533,66,795.15,72.89,1.0
13334,162,57,2662,324,795.15,95.42,1.0
13335,159,56,2659,318,795.15,97.32,1.0
13336,38,44,2538,76,795.12,64.95,1.0
13337,173,58,2673,346,795.12,93.38,1.0
13338,128,49,2628,256,795.05,80.94,1.0
13339,63,39,2563,126,795.04,83.08,1.0
13340,38,33,2538,76,795.03,72.3,1.0
13341,136,56,2636,272,795.03,87.72,1.0
13342,93,55,2593,186,794.96,81.94,1.0
13343,83,55,2583,166,794.95,82.58,1.0
13344,145,51,2645,290,794.94,88.76,1.0
13345,90,51,2590,180,794.92,80.8,1.0
13346,218,55,2718,436,794.89,103.05,1.0
13347,160,55,2660,320,794.87,87.81,1.0
13348,47,43,2547,94,794.86,67.85,1.0
13349,82,50,2582,164,794.84,74.87,1.0
13350,63,31,2563,126,794.83,77.16,1.0
13351,175,55,2675,350,794.82,91.15,1.0
13352,58,46,2558,116,794.8,70.83,1.0
13353,76,55,2576,152,794.79,76.06,1.0
13354,275,57,2775,550,794.79,111.22,1.0
13355,63,41,2563,126,794.78,78.2,1.0
13356,190,58,2690,380,794.78,94.53,1.0
13357,87,49,2587,174,794.74,76.94,1.0
13358,90,52,2590,180,794.73,81.83,1.0
13359,94,53,2594,188,794.73,86.1,1.0
13360,47,39,2547,94,794.71,75.83,1.0
13361,133,55,2633,266,794.71,81.69,1.0
13362,215,60,2715,430,794.67,90.56,1.0
13363,208,60,2708,416,794.63,92.68,1.0
13364,183,6,2683,366,794.59,118.02,1.0
13365,216,59,2716,432,794.59,95.06,1.0
13366,236,8,2736,472,794.58,117.85,1.0
13367,56,35,2556,112,794.56,75.32,1.0
13368,89,6,2589,178,794.56,94.58,1.0
13369,86,50,2586,172,794.55,73.9,1.0
13370,112,55,2612,224,794.53,81.73,1.0
13371,167,57,2667,334,794.53,95.8,1.0
13372,82,52,2582,164,794.52,75.8,1.0
13373,44,32,2544,88,794.5,71.05,1.0
13374,107,57,2607,214,794.48,84.81,1.0
13375,59,39,2559,118,794.44,70.67,1.0
13376,61,34,2561,122,794.43,73.42,1.0
13377,209,58,2709,418,794.41,106.49,1.0
13378,44,47,2544,88,794.39,72.95,1.0
13379,44,44,2544,88,794.38,71.93,1.0
13380,139,55,2639,278,794.38,91.98,1.0
13381,19,5,2519,38,794.37,79.66,1.0
13382,80,51,2580,160,794.37,78.07,1.0
13383,44,42,2544,88,794.34,74.59,1.0
13384,24,5,2524,48,794.34,77.73,1.0
13385,85,57,2585,170,794.34,74.19,1.0
13386,59,35,2559,118,794.33,71.27,1.0
13387,53,45,2553,106,794.28,66.13,1.0
13388,47,49,2547,94,794.25,76.93,1.0
13389,95,51,2595,190,794.25,82.57,1.0
13390,61,41,2561,122,794.24,72.3,1.0
13391,63,6,2563,126,794.24,100.7,1.0
13392,47,37,2547,94,794.21,71.32,1.0
13393,75,44,2575,150,794.21,79.23,1.0
13394,127,53,2627,254,794.18,83.96,1.0
13395,95,6,2595,190,794.15,110.09,1.0
13396,141,55,2641,282,794.15,82.51,1.0
13397,296,59,2796,592,794.12,112.96,1.0
13398,55,36,2555,110,794.11,66.46,1.0
13399,64,47,2564,128,794.1,75.35,1.0
13400,61,6,2561,122,794.08,89.28,1.0
13401,151,7,2651,302,794.08,115.43,1.0
13402,61,38,2561,122,794.06,70.89,1.0
13403,208,7,2708,416,794.06,126.51,1.0
13404,51,52,2551,102,794.01,78.86,1.0
13405,56,45,2556,112,794.0,74.27,1.0
13406,97,47,2597,194,793.99,80.81,1.0
13407,61,42,2561,122,793.98,73.89,1.0
13408,80,52,2580,160,793.98,78.72,1.0
13409,205,7,2705,410,793.98,120.07,1.0
13410,64,46,2564,128,793.97,78.46,1.0
13411,130,55,2630,260,793.96,83.61,1.0
13412,179,58,2679,358,793.92,92.88,1.0
13413,41,34,2541,82,793.9,68.41,1.0
13414,144,58,2644,288,793.9,85.55,1.0
13415,119,56,2619,238,793.86,85.48,1.0
13416,266,8,2766,532,793.86,146.27,1.0
13417,65,35,2565,130,793.84,78.27,1.0
13418,113,57,2613,226,793.8,83.84,1.0
13419,168,56,2668,336,793.79,84.36,1.0
13420,66,44,2566,132,793.78,72.86,1.0
13421,44,31,2544,88,793.77,69.29,1.0
13422,53,39,2553,106,793.75,71.41,1.0
13423,73,51,2573,146,793.74,74.41,1.0
13424,65,43,2565,130,793.72,75.74,1.0
13425,82,49,2582,164,793.7,74.32,1.0
13426,191,59,2691,382,793.68,92.27,1.0
13427,136,7,2636,272,793.66,111.2,1.0
13428,284,58,2784,568,793.65,107.74,1.0
13429,8,29,2508,16,793.62,64.28,1.0
13430,89,49,2589,178,793.62,77.58,1.0
13431,193,59,2693,386,793.61,98.79,1.0
13432,60,51,2560,120,793.55,78.35,1.0
13433,140,58,2640,280,793.55,90.3,1.0
13434,66,37,2566,132,793.54,71.86,1.0
13435,157,50,2657,314,793.52,91.03,1.0
13436,72,44,2572,144,793.5,77.95,1.0
13437,102,57,2602,204,793.48,83.19,1.0
13438,69,51,2569,138,793.46,81.09,1.0
13439,47,50,2547,94,793.43,77.74,1.0
13440,144,57,2644,288,793.43,91.32,1.0
13441,50,43,2550,100,793.42,67.93,1.0
13442,254,59,2754,508,793.42,109.47,1.0
13443,120,7,2620,240,793.4,111.91,1.0
13444,33,36,2533,66,793.38,70.02,1.0
13445,105,54,2605,210,793.32,79.63,1.0
13446,110,56,2610,220,793.32,83.88,1.0
13447,33,39,2533,66,793.3,69.87,1.0
13448,85,56,2585,170,793.29,81.93,1.0
13449,65,39,2565,130,793.24,76.92,1.0
13450,48,6,2548,96,793.23,85.52,1.0
13451,25,5,2525,50,793.22,78.15,1.0
13452,132,54,2632,264,793.17,81.77,1.0
13453,33,34,2533,66,793.14,69.38,1.0
13454,67,54,2567,134,793.12,70.06,1.0
13455,240,59,2740,480,793.11,100.42,1.0
13456,184,7,2684,368,793.08,116.45,1.0
13457,41,51,2541,82,793.06,67.16,1.0
13458,163,58,2663,326,793.06,87.43,1.0
13459,139,56,2639,278,793.0,95.51,1.0
13460,290,60,2790,580,793.0,114.0,1.0
13461,107,56,2607,214,792.97,82.77,1.0
13462,286,58,2786,572,792.95,112.22,1.0
13463,55,30,2555,110,792.92,66.65,1.0
13464,154,57,2654,308,792.89,93.3,1.0
13465,65,44,2565,130,792.76,71.17,1.0
13466,214,7,2714,428,792.76,131.36,1.0
13467,44,35,2544,88,792.74,73.75,1.0
13468,93,56,2593,186,792.74,77.14,1.0
13469,131,55,2631,262,792.73,84.96,1.0
13470,27,6,2527,54,792.7,84.06,1.0
13471,50,38,2550,100,792.68,72.32,1.0
13472,33,53,2533,66,792.67,82.69,1.0
13473,104,53,2604,208,792.66,85.09,1.0
13474,268,57,2768,536,792.65,106.99,1.0
13475,35,6,2535,70,792.63,88.83,1.0
13476,143,57,2643,286,792.61,89.5,1.0
13477,65,47,2565,130,792.58,74.06,1.0
13478,58,36,2558,116,792.54,72.75,1.0
13479,63,35,2563,126,792.54,78.52,1.0
13480,206,60,2706,412,792.54,95.35,1.0
13481,44,41,2544,88,792.52,70.8,1.0
13482,250,58,2750,500,792.48,118.28,1.0
13483,221,58,2721,442,792.44,103.54,1.0
13484,151,57,2651,302,792.42,97.7,1.0
13485,155,54,2655,310,792.39,80.18,1.0
13486,212,56,2712,424,792.37,105.68,1.0
13487,189,7,2689,378,792.36,129.12,1.0
13488,53,37,2553,106,792.35,76.23,1.0
13489,192,57,2692,384,792.32,92.6,1.0
13490,65,40,2565,130,792.29,77.36,1.0
13491,295,60,2795,590,792.28,104.63,1.0
13492,231,60,2731,462,792.27,90.41,1.0
13493,67,49,2567,134,792.26,68.6,1.0
13494,51,5,2551,102,792.25,85.38,1.0
13495,169,57,2669,338,792.22,98.0,1.0
13496,54,38,2554,108,792.18,74.08,1.0
13497,192,58,2692,384,792.14,97.79,1.0
13498,50,39,2550,100,792.12,68.7,1.0
13499,51,54,2551,102,792.12,73.89,1.0
13500,53,40,2553,106,792.1,73.56,1.0
13501,130,56,2630,260,792.07,91.84,1.0
13502,78,48,2578,156,792.05,73.2,1.0
13503,191,58,2691,382,792.0,92.82,1.0
13504,7,29,2507,14,791.98,75.77,1.0
13505,280,9,2780,560,791.97,145.81,1.0
13506,61,32,2561,122,791.92,71.48,1.0
13507,230,8,2730,460,791.91,124.12,1.0
13508,96,50,2596,192,791.87,79.0,1.0
13509,48,47,2548,96,791.85,70.27,1.0
13510,123,54,2623,246,791.85,80.46,1.0
13511,116,53,2616,232,791.84,88.42,1.0
13512,223,7,2723,446,791.84,135.65,1.0
13513,88,55,2588,176,791.83,80.77,1.0
13514,78,51,2578,156,791.82,77.46,1.0
13515,66,39,2566,132,791.8,69.79,1.0
13516,184,59,2684,368,791.8,100.63,1.0
13517,68,56,2568,136,791.79,74.67,1.0
13518,41,52,2541,82,791.78,71.79,1.0
13519,56,42,2556,112,791.7,68.53,1.0
13520,101,7,2601,202,791.7,101.89,1.0
13521,77,52,2577,154,791.69,81.55,1.0
13522,77,53,2577,154,791.69,81.8,1.0
13523,95,53,2595,190,791.69,81.44,1.0
13524,284,8,2784,568,791.64,133.28,1.0
13525,112,56,2612,224,791.6,80.06,1.0
13526,275,58,2775,550,791.6,109.97,1.0
13527,65,32,2565,130,791.58,71.46,1.0
13528,100,53,2600,200,791.58,80.8,1.0
13529,51,56,2551,102,791.52,73.34,1.0
13530,44,40,2544,88,791.5,67.24,1.0
13531,64,45,2564,128,791.49,77.32,1.0
13532,55,38,2555,110,791.48,66.98,1.0
13533,56,39,2556,112,791.46,73.89,1.0
13534,53,43,2553,106,791.43,71.46,1.0
13535,266,58,2766,532,791.41,96.02,1.0
13536,61,47,2561,122,791.39,72.67,1.0
13537,64,48,2564,128,791.39,72.74,1.0
13538,86,53,2586,172,791.34,77.93,1.0
13539,234,7,2734,468,791.34,156.12,1.0
13540,33,48,2533,66,791.32,72.48,1.0
13541,232,58,2732,464,791.3,110.48,1.0
13542,59,44,2559,118,791.29,72.25,1.0
13543,54,46,2554,108,791.26,77.43,1.0
13544,76,57,2576,152,791.26,80.58,1.0
13545,44,30,2544,88,791.22,70.51,1.0
13546,33,44,2533,66,791.21,65.14,1.0
13547,56,30,2556,112,791.21,73.42,1.0
13548,72,45,2572,144,791.21,68.57,1.0
13549,59,34,2559,118,791.18,65.91,1.0
13550,48,36,2548,96,791.16,70.73,1.0
13551,66,33,2566,132,791.16,74.14,1.0
13552,105,52,2605,210,791.14,85.91,1.0
13553,51,49,2551,102,791.13,76.84,1.0
13554,51,50,2551,102,791.12,73.58,1.0
13555,293,9,2793,586,791.12,144.05,1.0
13556,114,56,2614,228,791.1,84.86,1.0
13557,182,7,2682,364,791.07,129.09,1.0
13558,33,50,2533,66,791.03,76.76,1.0
13559,87,51,2587,174,790.99,80.23,1.0
13560,4,5,2504,8,790.96,70.52,1.0
13561,48,39,2548,96,790.96,69.83,1.0
13562,121,56,2621,242,790.95,84.14,1.0
13563,181,58,2681,362,790.95,92.17,1.0
13564,63,34,2563,126,790.94,76.14,1.0
13565,175,56,2675,350,790.94,97.95,1.0
13566,229,58,2729,458,790.94,103.91,1.0
13567,83,53,2583,166,790.92,79.01,1.0
13568,55,37,2555,110,790.91,65.27,1.0
13569,106,54,2606,212,790.91,81.26,1.0
13570,97,51,2597,194,790.9,81.88,1.0
13571,120,55,2620,240,790.89,83.78,1.0
13572,61,43,2561,122,790.88,71.95,1.0
13573,72,41,2572,144,790.87,82.11,1.0
13574,260,8,2760,520,790.86,141.6,1.0
13575,257,57,2757,514,790.86,106.86,1.0
13576,64,52,2564,128,790.84,79.42,1.0
13577,47,5,2547,94,790.83,87.79,1.0
13578,272,8,2772,544,790.83,132.54,1.0
13579,255,60,2755,510,790.82,103.88,1.0
13580,115,55,2615,230,790.79,81.81,1.0
13581,290,8,2790,580,790.77,153.17,1.0
13582,187,57,2687,374,790.76,88.91,1.0
13583,59,31,2559,118,790.75,75.49,1.0
13584,158,58,2658,316,790.74,88.88,1.0
13585,270,59,2770,540,790.74,111.96,1.0
13586,50,42,2550,100,790.7,71.1,1.0
13587,102,58,2602,204,790.7,77.43,1.0
13588,225,56,2725,450,790.69,93.97,1.0
13589,60,53,2560,120,790.62,76.77,1.0
13590,197,58,2697,394,790.62,97.97,1.0
13591,53,30,2553,106,790.59,75.06,1.0
13592,59,38,2559,118,790.58,70.82,1.0
13593,49,36,2549,98,790.55,75.75,1.0
13594,115,54,2615,230,790.54,77.36,1.0
13595,63,32,2563,126,790.51,82.07,1.0
13596,134,52,2634,268,790.48,81.62,1.0
13597,288,8,2788,576,790.48,136.05,1.0
13598,78,50,2578,156,790.47,76.43,1.0
13599,133,56,2633,266,790.46,86.86,1.0
13600,229,8,2729,458,790.46,130.16,1.0
13601,85,58,2585,170,790.45,86.03,1.0
13602,38,39,2538,76,790.44,66.6,1.0
13603,283,8,2783,566,790.44,148.58,1.0
13604,67,55,2567,134,790.42,74.3,1.0
13605,160,7,2660,320,790.41,118.9,1.0
13606,189,57,2689,378,790.38,97.67,1.0
13607,78,53,2578,156,790.36,80.29,1.0
13608,80,53,2580,160,790.36,78.29,1.0
13609,202,56,2702,404,790.36,92.54,1.0
13610,98,55,2598,196,790.34,83.65,1.0
13611,203,59,2703,406,790.34,94.27,1.0
13612,61,46,2561,122,790.33,71.44,1.0
13613,119,57,2619,238,790.33,89.67,1.0
13614,72,33,2572,144,790.29,78.52,1.0
13615,33,46,2533,66,790.24,71.71,1.0
13616,101,52,2601,202,790.23,79.86,1.0
13617,33,33,2533,66,790.16,73.05,1.0
13618,158,59,2658,316,790.13,93.84,1.0
13619,58,35,2558,116,790.12,71.07,1.0
13620,65,41,2565,130,790.09,73.49,1.0
13621,38,43,2538,76,790.08,67.79,1.0
13622,55,46,2555,110,790.08,73.8,1.0
13623,42,42,2542,84,790.06,76.3,1.0
13624,97,50,2597,194,790.04,90.47,1.0
13625,72,47,2572,144,790.03,85.55,1.0
13626,77,54,2577,154,790.02,73.93,1.0
13627,145,53,2645,290,790.02,94.09,1.0
13628,285,60,2785,570,790.01,114.84,1.0
13629,126,55,2626,252,790.0,89.86,1.0
13630,30,47,2530,60,789.99,70.65,1.0
13631,61,36,2561,122,789.99,72.14,1.0
13632,269,58,2769,538,789.96,108.11,1.0
13633,50,31,2550,100,789.95,73.56,1.0
13634,124,51,2624,248,789.94,82.62,1.0
13635,59,49,2559,118,789.91,75.41,1.0
13636,134,53,2634,268,789.88,80.58,1.0
13637,42,30,2542,84,789.87,77.42,1.0
13638,65,31,2565,130,789.85,77.26,1.0
13639,95,54,2595,190,789.85,83.84,1.0
13640,72,38,2572,144,789.83,78.88,1.0
13641,33,31,2533,66,789.82,72.25,1.0
13642,38,36,2538,76,789.8,68.13,1.0
13643,48,30,2548,96,789.8,75.35,1.0
13644,146,58,2646,292,789.79,83.99,1.0
13645,38,42,2538,76,789.76,66.76,1.0
13646,114,55,2614,228,789.76,85.72,1.0
13647,195,58,2695,390,789.76,102.53,1.0
13648,253,57,2753,506,789.74,103.34,1.0
13649,59,40,2559,118,789.72,74.2,1.0
13650,149,57,2649,298,789.71,95.63,1.0
13651,279,59,2779,558,789.68,103.63,1.0
13652,53,38,2553,106,789.67,74.15,1.0
13653,56,43,2556,112,789.6,74.45,1.0
13654,159,57,2659,318,789.59,96.0,1.0
13655,170,58,2670,340,789.58,96.53,1.0
13656,91,54,2591,182,789.57,76.97,1.0
13657,175,7,2675,350,789.57,118.72,1.0
13658,3,29,2503,6,789.56,73.11,1.0
13659,57,44,2557,114,789.56,74.21,1.0
13660,64,53,2564,128,789.54,76.07,1.0
13661,99,55,2599,198,789.54,88.61,1.0
13662,174,58,2674,348,789.52,95.56,1.0
13663,42,44,2542,84,789.51,73.85,1.0
13664,54,47,2554,108,789.51,78.66,1.0
13665,61,48,2561,122,789.51,75.36,1.0
13666,72,37,2572,144,789.51,81.19,1.0
13667,68,55,2568,136,789.49,79.2,1.0
13668,55,6,2555,110,789.48,92.12,1.0
13669,74,53,2574,148,789.48,76.36,1.0
13670,261,59,2761,522,789.41,102.98,1.0
13671,65,37,2565,130,789.4,79.89,1.0
13672,3,5,2503,6,789.38,81.11,1.0
13673,166,57,2666,332,789.38,89.95,1.0
13674,18,5,2518,36,789.37,90.28,1.0
13675,55,39,2555,110,789.34,71.2,1.0
13676,283,60,2783,566,789.34,117.35,1.0
13677,56,41,2556,112,789.32,72.43,1.0
13678,61,39,2561,122,789.3,72.97,1.0
13679,176,58,2676,352,789.3,95.96,1.0
13680,38,38,2538,76,789.29,67.1,1.0
13681,62,50,2562,124,789.28,73.34,1.0
13682,227,7,2727,454,789.24,127.07,1.0
13683,97,52,2597,194,789.22,79.34,1.0
13684,235,57,2735,470,789.2,98.03,1.0
13685,33,52,2533,66,789.19,74.9,1.0
13686,190,59,2690,380,789.17,104.5,1.0
13687,49,30,2549,98,789.16,70.65,1.0
13688,41,56,2541,82,789.09,78.91,1.0
13689,30,35,2530,60,789.04,69.37,1.0
13690,236,58,2736,472,789.03,95.97,1.0
13691,69,48,2569,138,789.02,76.83,1.0
13692,142,56,2642,284,789.02,87.62,1.0
13693,6,5,2506,12,789.01,75.51,1.0
13694,50,33,2550,100,789.0,71.89,1.0
13695,10,29,2510,20,788.98,74.44,1.0
13696,83,54,2583,166,788.97,79.36,1.0
13697,106,53,2606,212,788.97,79.93,1.0
13698,72,46,2572,144,788.96,82.74,1.0
13699,82,53,2582,164,788.95,70.03,1.0
13700,205,60,2705,410,788.93,98.25,1.0
13701,75,39,2575,150,788.92,71.48,1.0
13702,252,7,2752,504,788.91,132.0,1.0
13703,263,7,2763,526,788.9,137.87,1.0
13704,81,49,2581,162,788.88,73.49,1.0
13705,126,6,2626,252,788.88,106.56,1.0
13706,49,38,2549,98,788.87,77.53,1.0
13707,38,45,2538,76,788.86,66.82,1.0
13708,50,35,2550,100,788.86,68.27,1.0
13709,208,59,2708,416,788.86,99.03,1.0
13710,53,46,2553,106,788.8,74.85,1.0
13711,157,51,2657,314,788.8,95.77,1.0
13712,41,54,2541,82,788.79,71.96,1.0
13713,53,49,2553,106,788.79,82.44,1.0
13714,44,34,2544,88,788.78,71.4,1.0
13715,80,56,2580,160,788.77,77.84,1.0
13716,71,53,2571,142,788.76,77.97,1.0
13717,65,36,2565,130,788.76,75.56,1.0
13718,57,31,2557,114,788.75,73.25,1.0
13719,66,6,2566,132,788.72,92.66,1.0
13720,182,60,2682,364,788.72,100.2,1.0
13721,294,8,2794,588,788.72,152.62,1.0
13722,38,40,2538,76,788.7,68.59,1.0
13723,278,60,2778,556,788.7,107.66,1.0
13724,138,58,2638,276,788.69,90.54,1.0
13725,186,57,2686,372,788.68,98.43,1.0
13726,48,37,2548,96,788.64,70.8,1.0
13727,59,32,2559,118,788.64,73.99,1.0
13728,225,57,2725,450,788.59,98.16,1.0
13729,221,8,2721,442,788.58,135.94,1.0
13730,44,45,2544,88,788.54,74.5,1.0
13731,48,40,2548,96,788.53,75.08,1.0
13732,50,32,2550,100,788.53,68.82,1.0
13733,53,48,2553,106,788.52,76.25,1.0
13734,140,59,2640,280,788.52,91.25,1.0
13735,240,58,2740,480,788.52,99.76,1.0
13736,57,43,2557,114,788.48,70.14,1.0
13737,176,59,2676,352,788.48,100.11,1.0
13738,33,45,2533,66,788.47,69.42,1.0
13739,246,60,2746,492,788.47,119.32,1.0
13740,66,47,2566,132,788.44,71.85,1.0
13741,187,58,2687,374,788.44,89.63,1.0
13742,0,5,2500,0,788.43,74.51,1.0
13743,73,53,2573,146,788.43,71.09,1.0
13744,90,6,2590,180,788.42,104.98,1.0
13745,47,45,2547,94,788.4,71.64,1.0
13746,229,57,2729,458,788.4,104.51,1.0
13747,74,51,2574,148,788.39,79.32,1.0
13748,110,57,2610,220,788.39,88.95,1.0
13749,141,57,2641,282,788.37,84.52,1.0
13750,268,58,2768,536,788.35,116.03,1.0
13751,135,58,2635,270,788.32,92.37,1.0
13752,104,54,2604,208,788.3,86.9,1.0
13753,48,34,2548,96,788.29,70.35,1.0
13754,75,41,2575,150,788.29,75.8,1.0
13755,26,30,2526,52,788.26,73.03,1.0
13756,56,40,2556,112,788.26,69.97,1.0
13757,56,47,2556,112,788.24,73.55,1.0
13758,64,6,2564,128,788.23,91.52,1.0
13759,63,47,2563,126,788.22,78.89,1.0
13760,108,54,2608,216,788.21,74.07,1.0
13761,188,7,2688,376,788.21,118.19,1.0
13762,57,41,2557,114,788.12,76.68,1.0
13763,164,58,2664,328,788.12,96.35,1.0
13764,97,55,2597,194,788.11,89.72,1.0
13765,86,51,2586,172,788.1,70.54,1.0
13766,69,50,2569,138,788.08,73.93,1.0
13767,167,60,2667,334,788.05,92.24,1.0
13768,121,6,2621,242,788.02,100.72,1.0
13769,57,30,2557,114,788.01,68.54,1.0
13770,54,53,2554,108,787.99,73.16,1.0
13771,103,52,2603,206,787.97,83.06,1.0
13772,135,59,2635,270,787.97,88.08,1.0
13773,48,42,2548,96,787.95,78.18,1.0
13774,38,30,2538,76,787.92,67.73,1.0
13775,124,53,2624,248,787.9,85.09,1.0
13776,288,60,2788,576,787.9,107.75,1.0
13777,149,58,2649,298,787.89,97.32,1.0
13778,50,30,2550,100,787.88,67.11,1.0
13779,102,59,2602,204,787.86,84.52,1.0
13780,109,56,2609,218,787.86,87.86,1.0
13781,49,44,2549,98,787.82,65.11,1.0
13782,61,45,2561,122,787.81,68.86,1.0
13783,50,41,2550,100,787.73,77.13,1.0
13784,235,59,2735,470,787.73,99.32,1.0
13785,30,41,2530,60,787.7,71.39,1.0
13786,49,39,2549,98,787.7,71.03,1.0
13787,90,50,2590,180,787.7,79.05,1.0
13788,61,33,2561,122,787.69,73.22,1.0
13789,55,43,2555,110,787.68,63.7,1.0
13790,108,52,2608,216,787.68,83.77,1.0
13791,195,7,2695,390,787.68,128.9,1.0
13792,170,57,2670,340,787.65,86.85,1.0
13793,21,33,2521,42,787.64,74.25,1.0
13794,156,56,2656,312,787.64,79.88,1.0
13795,67,56,2567,134,787.63,76.47,1.0
13796,272,59,2772,544,787.61,104.15,1.0
13797,96,52,2596,192,787.6,86.87,1.0
13798,46,30,2546,92,787.59,74.26,1.0
13799,38,48,2538,76,787.56,67.87,1.0
13800,125,58,2625,250,787.56,79.21,1.0
13801,201,57,2701,402,787.56,99.08,1.0
13802,153,58,2653,306,787.49,92.41,1.0
13803,129,56,2629,258,787.48,96.04,1.0
13804,169,58,2669,338,787.48,95.09,1.0
13805,103,51,2603,206,787.45,76.9,1.0
13806,64,51,2564,128,787.44,74.85,1.0
13807,209,59,2709,418,787.44,99.2,1.0
13808,79,49,2579,158,787.4,75.14,1.0
13809,65,38,2565,130,787.39,73.3,1.0
13810,184,60,2684,368,787.38,90.82,1.0
13811,291,8,2791,582,787.35,146.47,1.0
13812,58,44,2558,116,787.34,65.94,1.0
13813,153,57,2653,306,787.34,91.25,1.0
13814,72,48,2572,144,787.31,81.47,1.0
13815,58,37,2558,116,787.3,74.85,1.0
13816,260,60,2760,520,787.23,102.51,1.0
13817,109,55,2609,218,787.2,80.17,1.0
13818,239,59,2739,478,787.2,117.38,1.0
13819,55,44,2555,110,787.17,79.75,1.0
13820,117,53,2617,234,787.14,85.27,1.0
13821,38,34,2538,76,787.13,68.72,1.0
13822,38,50,2538,76,787.11,67.45,1.0
13823,79,50,2579,158,787.1,76.54,1.0
13824,74,52,2574,148,787.07,80.48,1.0
13825,116,56,2616,232,787.07,92.19,1.0
13826,120,54,2620,240,787.03,84.27,1.0
13827,70,54,2570,140,786.99,68.57,1.0
13828,44,37,2544,88,786.98,65.64,1.0
13829,80,57,2580,160,786.96,77.75,1.0
13830,160,56,2660,320,786.94,89.42,1.0
13831,64,54,2564,128,786.93,79.0,1.0
13832,92,53,2592,184,786.92,77.14,1.0
13833,94,54,2594,188,786.92,85.03,1.0
13834,23,5,2523,46,786.9,73.11,1.0
13835,233,58,2733,466,786.9,114.87,1.0
13836,92,54,2592,184,786.88,80.68,1.0
13837,86,6,2586,172,786.86,97.73,1.0
13838,47,53,2547,94,786.84,82.21,1.0
13839,171,59,2671,342,786.83,92.04,1.0
13840,31,5,2531,62,786.82,80.98,1.0
13841,92,56,2592,184,786.82,82.0,1.0
13842,141,56,2641,282,786.8,83.53,1.0
13843,57,37,2557,114,786.75,74.43,1.0
13844,30,36,2530,60,786.73,73.54,1.0
13845,64,50,2564,128,786.71,80.28,1.0
13846,267,60,2767,534,786.7,103.02,1.0
13847,58,40,2558,116,786.68,76.62,1.0
13848,111,56,2611,222,786.68,83.29,1.0
13849,79,52,2579,158,786.66,80.23,1.0
13850,133,57,2633,266,786.65,87.57,1.0
13851,86,52,2586,172,786.64,73.65,1.0
13852,195,59,2695,390,786.62,107.78,1.0
13853,42,31,2542,84,786.6,73.62,1.0
13854,61,30,2561,122,786.6,71.97,1.0
13855,71,57,2571,142,786.6,78.56,1.0
13856,223,59,2723,446,786.57,106.4,1.0
13857,124,54,2624,248,786.5,89.75,1.0
13858,70,52,2570,140,786.49,73.01,1.0
13859,43,34,2543,86,786.43,81.04,1.0
13860,38,46,2538,76,786.43,66.15,1.0
13861,11,29,2511,22,786.4,73.45,1.0
13862,55,34,2555,110,786.4,67.56,1.0
13863,44,33,2544,88,786.38,72.26,1.0
13864,28,5,2528,56,786.38,79.49,1.0
13865,55,41,2555,110,786.38,73.83,1.0
13866,50,37,2550,100,786.35,73.08,1.0
13867,54,51,2554,108,786.34,74.1,1.0
13868,60,54,2560,120,786.34,81.33,1.0
13869,70,53,2570,140,786.31,74.98,1.0
13870,28,41,2528,56,786.28,72.55,1.0
13871,185,56,2685,370,786.21,86.27,1.0
13872,114,58,2614,228,786.19,82.68,1.0
13873,110,58,2610,220,786.17,83.92,1.0
13874,271,59,2771,542,786.16,105.6,1.0
13875,148,6,2648,296,786.15,103.92,1.0
13876,198,58,2698,396,786.14,104.75,1.0
13877,33,30,2533,66,786.13,71.61,1.0
13878,43,31,2543,86,786.11,75.77,1.0
13879,257,58,2757,514,786.1,102.72,1.0
13880,55,48,2555,110,786.09,67.72,1.0
13881,62,52,2562,124,786.08,79.85,1.0
13882,92,6,2592,184,786.07,114.16,1.0
13883,145,54,2645,290,786.05,95.59,1.0
13884,143,59,2643,286,786.04,87.82,1.0
13885,174,59,2674,348,786.04,90.61,1.0
13886,44,38,2544,88,786.01,69.81,1.0
13887,9,5,2509,18,786.0,76.23,1.0
13888,122,55,2622,244,786.0,79.71,1.0
13889,123,55,2623,246,786.0,84.6,1.0
13890,58,33,2558,116,785.96,78.87,1.0
13891,58,34,2558,116,785.96,72.77,1.0
13892,56,31,2556,112,785.94,68.17,1.0
13893,210,57,2710,420,785.93,92.39,1.0
13894,137,56,2637,274,785.92,86.95,1.0
13895,48,46,2548,96,785.9,73.31,1.0
13896,174,7,2674,348,785.9,121.86,1.0
13897,81,51,2581,162,785.89,80.34,1.0
13898,163,59,2663,326,785.83,97.11,1.0
13899,56,49,2556,112,785.82,68.29,1.0
13900,259,59,2759,518,785.82,103.78,1.0
13901,82,6,2582,164,785.81,90.74,1.0
13902,49,32,2549,98,785.8,69.63,1.0
13903,300,60,2800,600,785.8,116.16,1.0
13904,58,32,2558,116,785.74,75.26,1.0
13905,69,49,2569,138,785.72,74.51,1.0
13906,117,54,2617,234,785.67,90.84,1.0
13907,280,57,2780,560,785.64,97.09,1.0
13908,104,55,2604,208,785.63,85.89,1.0
13909,163,7,2663,326,785.57,129.79,1.0
13910,38,31,2538,76,785.54,71.29,1.0
13911,38,41,2538,76,785.54,68.91,1.0
13912,49,31,2549,98,785.54,70.78,1.0
13913,274,59,2774,548,785.47,112.01,1.0
13914,30,34,2530,60,785.46,77.83,1.0
13915,38,37,2538,76,785.44,68.82,1.0
13916,30,5,2530,60,785.42,86.43,1.0
13917,50,44,2550,100,785.42,77.11,1.0
13918,63,46,2563,126,785.4,82.08,1.0
13919,41,55,2541,82,785.36,71.57,1.0
13920,59,51,2559,118,785.36,75.04,1.0
13921,75,48,2575,150,785.36,73.94,1.0
13922,75,47,2575,150,785.34,76.4,1.0
13923,107,6,2607,214,785.33,110.62,1.0
13924,48,31,2548,96,785.31,72.92,1.0
13925,139,58,2639,278,785.31,85.73,1.0
13926,47,52,2547,94,785.26,73.39,1.0
13927,16,47,2516,32,785.24,70.76,1.0
13928,43,40,2543,86,785.19,76.09,1.0
13929,92,57,2592,184,785.19,80.99,1.0
13930,153,59,2653,306,785.18,94.14,1.0
13931,250,59,2750,500,785.17,102.1,1.0
13932,58,39,2558,116,785.16,72.45,1.0
13933,126,56,2626,252,785.16,84.2,1.0
13934,61,44,2561,122,785.15,73.62,1.0
13935,42,38,2542,84,785.12,71.91,1.0
13936,243,59,2743,486,785.12,112.21,1.0
13937,90,53,2590,180,785.05,76.84,1.0
13938,50,40,2550,100,785.02,75.84,1.0
13939,88,56,2588,176,785.01,76.48,1.0
13940,112,59,2612,224,785.0,85.95,1.0
13941,94,6,2594,188,784.93,99.19,1.0
13942,268,59,2768,536,784.92,115.99,1.0
13943,21,32,2521,42,784.9,67.01,1.0
13944,197,59,2697,394,784.88,98.98,1.0
13945,78,52,2578,156,784.86,76.37,1.0
13946,16,39,2516,32,784.84,74.88,1.0
13947,76,56,2576,152,784.84,80.86,1.0
13948,28,44,2528,56,784.82,65.18,1.0
13949,90,54,2590,180,784.82,79.61,1.0
13950,43,49,2543,86,784.8,77.73,1.0
13951,181,60,2681,362,784.8,95.11,1.0
13952,46,41,2546,92,784.78,73.21,1.0
13953,30,38,2530,60,784.78,73.74,1.0
13954,136,57,2636,272,784.77,89.78,1.0
13955,46,43,2546,92,784.76,73.36,1.0
13956,69,52,2569,138,784.75,79.18,1.0
13957,76,58,2576,152,784.75,79.49,1.0
13958,213,56,2713,426,784.75,99.86,1.0
13959,38,47,2538,76,784.74,67.75,1.0
13960,202,57,2702,404,784.72,100.05,1.0
13961,122,53,2622,244,784.67,87.74,1.0
13962,66,49,2566,132,784.66,76.0,1.0
13963,114,54,2614,228,784.66,82.55,1.0
13964,71,55,2571,142,784.62,81.85,1.0
13965,62,53,2562,124,784.61,75.04,1.0
13966,125,59,2625,250,784.61,90.67,1.0
13967,56,48,2556,112,784.59,73.45,1.0
13968,63,48,2563,126,784.56,82.28,1.0
13969,152,60,2652,304,784.56,92.82,1.0
13970,254,8,2754,508,784.54,128.36,1.0
13971,55,45,2555,110,784.53,70.73,1.0
13972,233,59,2733,466,784.52,104.8,1.0
13973,30,40,2530,60,784.49,70.94,1.0
13974,286,59,2786,572,784.49,110.28,1.0
13975,143,6,2643,286,784.48,101.45,1.0
13976,249,59,2749,498,784.48,113.03,1.0
13977,101,54,2601,202,784.47,79.93,1.0
13978,46,44,2546,92,784.43,71.53,1.0
13979,57,42,2557,114,784.42,74.81,1.0
13980,57,6,2557,114,784.39,89.42,1.0
13981,64,49,2564,128,784.37,84.61,1.0
13982,116,54,2616,232,784.35,91.41,1.0
13983,193,60,2693,386,784.35,100.15,1.0
13984,194,57,2694,388,784.34,100.84,1.0
13985,65,46,2565,130,784.33,74.15,1.0
13986,230,58,2730,460,784.33,99.15,1.0
13987,58,30,2558,116,784.3,70.88,1.0
13988,43,42,2543,86,784.27,76.02,1.0
13989,104,6,2604,208,784.26,104.72,1.0
13990,115,56,2615,230,784.26,85.19,1.0
13991,71,56,2571,142,784.22,79.81,1.0
13992,66,48,2566,132,784.19,79.43,1.0
13993,44,49,2544,88,784.14,67.79,1.0
13994,172,60,2672,344,784.14,96.5,1.0
13995,55,32,2555,110,784.12,70.0,1.0
13996,102,60,2602,204,784.12,87.12,1.0
13997,232,59,2732,464,784.12,98.19,1.0
13998,71,54,2571,142,784.08,80.34,1.0
13999,58,43,2558,116,784.06,76.71,1.0
14000,79,53,2579,158,784.06,79.03,1.0
14001,274,58,2774,548,784.04,105.98,1.0
14002,28,31,2528,56,784.01,81.94,1.0
14003,54,49,2554,108,784.0,74.8,1.0
14004,219,58,2719,438,783.99,105.51,1.0
14005,30,42,2530,60,783.96,69.72,1.0
14006,132,55,2632,264,783.93,84.86,1.0
14007,179,60,2679,358,783.92,98.81,1.0
14008,42,37,2542,84,783.9,64.5,1.0
14009,14,40,2514,28,783.88,76.6,1.0
14010,174,60,2674,348,783.87,93.12,1.0
14011,220,57,2720,440,783.86,108.54,1.0
14012,247,7,2747,494,783.85,132.96,1.0
14013,238,59,2738,476,783.81,103.9,1.0
14014,133,7,2633,266,783.77,112.88,1.0
14015,80,55,2580,160,783.76,76.11,1.0
14016,96,54,2596,192,783.76,82.46,1.0
14017,169,7,2669,338,783.75,120.96,1.0
14018,97,53,2597,194,783.73,81.02,1.0
14019,49,41,2549,98,783.7,69.38,1.0
14020,53,53,2553,106,783.69,79.54,1.0
14021,59,53,2559,118,783.66,74.15,1.0
14022,188,56,2688,376,783.63,91.2,1.0
14023,55,31,2555,110,783.62,74.82,1.0
14024,46,38,2546,92,783.58,72.44,1.0
14025,33,54,2533,66,783.55,69.06,1.0
14026,266,59,2766,532,783.43,95.36,1.0
14027,57,46,2557,114,783.4,73.28,1.0
14028,51,53,2551,102,783.39,73.42,1.0
14029,26,5,2526,52,783.37,80.51,1.0
14030,45,43,2545,90,783.36,71.57,1.0
14031,42,33,2542,84,783.34,74.96,1.0
14032,51,55,2551,102,783.3,74.72,1.0
14033,74,54,2574,148,783.3,83.06,1.0
14034,59,52,2559,118,783.29,76.48,1.0
14035,146,59,2646,292,783.29,94.91,1.0
14036,26,38,2526,52,783.28,69.98,1.0
14037,65,48,2565,130,783.28,75.64,1.0
14038,172,59,2672,344,783.26,92.67,1.0
14039,65,30,2565,130,783.25,71.35,1.0
14040,55,35,2555,110,783.24,68.81,1.0
14041,43,32,2543,86,783.23,68.58,1.0
14042,22,5,2522,44,783.22,75.69,1.0
14043,46,40,2546,92,783.22,70.84,1.0
14044,57,38,2557,114,783.22,71.16,1.0
14045,201,58,2701,402,783.22,106.61,1.0
14046,53,52,2553,106,783.19,76.17,1.0
14047,16,30,2516,32,783.18,74.45,1.0
14048,147,58,2647,294,783.18,84.72,1.0
14049,53,50,2553,106,783.16,77.34,1.0
14050,127,56,2627,254,783.16,79.74,1.0
14051,105,53,2605,210,783.13,78.81,1.0
14052,42,47,2542,84,783.12,77.63,1.0
14053,111,57,2611,222,783.1,83.9,1.0
14054,28,43,2528,56,783.08,77.79,1.0
14055,59,50,2559,118,783.08,74.54,1.0
14056,28,37,2528,56,783.06,72.36,1.0
14057,72,50,2572,144,783.02,77.33,1.0
14058,177,60,2677,354,783.02,92.69,1.0
14059,40,6,2540,80,782.97,87.51,1.0
14060,250,8,2750,500,782.96,134.93,1.0
14061,119,59,2619,238,782.94,88.33,1.0
14062,57,33,2557,114,782.89,69.74,1.0
14063,65,51,2565,130,782.88,72.25,1.0
14064,48,38,2548,96,782.87,74.54,1.0
14065,187,7,2687,374,782.87,131.33,1.0
14066,48,44,2548,96,782.85,74.12,1.0
14067,48,48,2548,96,782.85,72.37,1.0
14068,30,33,2530,60,782.83,72.43,1.0
14069,48,45,2548,96,782.79,74.93,1.0
14070,30,46,2530,60,782.78,71.75,1.0
14071,42,40,2542,84,782.76,67.41,1.0
14072,95,55,2595,190,782.76,85.32,1.0
14073,192,59,2692,384,782.76,96.46,1.0
14074,285,8,2785,570,782.76,138.42,1.0
14075,23,33,2523,46,782.75,65.39,1.0
14076,41,53,2541,82,782.74,74.32,1.0
14077,61,31,2561,122,782.72,75.53,1.0
14078,154,58,2654,308,782.71,99.09,1.0
14079,159,58,2659,318,782.71,95.42,1.0
14080,86,54,2586,172,782.63,74.84,1.0
14081,44,51,2544,88,782.62,74.37,1.0
14082,19,34,2519,38,782.6,68.59,1.0
14083,39,36,2539,78,782.58,79.27,1.0
14084,72,51,2572,144,782.58,81.44,1.0
14085,99,56,2599,198,782.58,84.89,1.0
14086,281,9,2781,562,782.58,142.16,1.0
14087,16,37,2516,32,782.56,73.93,1.0
14088,60,58,2560,120,782.55,85.58,1.0
14089,49,37,2549,98,782.5,69.6,1.0
14090,101,51,2601,202,782.46,83.3,1.0
14091,55,33,2555,110,782.45,72.7,1.0
14092,297,57,2797,594,782.44,112.13,1.0
14093,30,48,2530,60,782.43,72.12,1.0
14094,58,45,2558,116,782.42,72.21,1.0
14095,221,59,2721,442,782.42,98.73,1.0
14096,179,59,2679,358,782.39,106.21,1.0
14097,280,56,2780,560,782.39,108.92,1.0
14098,31,42,2531,62,782.36,69.87,1.0
14099,49,45,2549,98,782.36,73.89,1.0
14100,29,33,2529,58,782.36,74.71,1.0
14101,243,60,2743,486,782.35,101.42,1.0
14102,30,44,2530,60,782.34,71.32,1.0
14103,48,41,2548,96,782.34,75.62,1.0
14104,33,47,2533,66,782.31,71.16,1.0
14105,128,52,2628,256,782.3,79.11,1.0
14106,166,58,2666,332,782.28,90.99,1.0
14107,19,38,2519,38,782.26,72.88,1.0
14108,14,35,2514,28,782.25,78.08,1.0
14109,249,60,2749,498,782.24,105.49,1.0
14110,116,6,2616,232,782.22,105.87,1.0
14111,114,57,2614,228,782.19,84.13,1.0
14112,178,6,2678,356,782.16,121.71,1.0
14113,48,32,2548,96,782.15,67.08,1.0
14114,67,57,2567,134,782.14,79.01,1.0
14115,47,55,2547,94,782.12,77.67,1.0
14116,19,39,2519,38,782.09,66.17,1.0
14117,63,51,2563,126,782.06,88.83,1.0
14118,33,55,2533,66,782.05,78.43,1.0
14119,270,8,2770,540,782.05,158.86,1.0
14120,50,45,2550,100,782.03,75.8,1.0
14121,12,41,2512,24,782.0,75.55,1.0
14122,50,36,2550,100,782.0,75.22,1.0
14123,46,47,2546,92,781.98,72.14,1.0
14124,280,58,2780,560,781.97,106.92,1.0
14125,57,39,2557,114,781.96,79.62,1.0
14126,98,6,2598,196,781.96,108.89,1.0
14127,132,56,2632,264,781.92,82.67,1.0
14128,43,36,2543,86,781.89,73.95,1.0
14129,49,46,2549,98,781.87,68.13,1.0
14130,282,9,2782,564,781.87,131.52,1.0
14131,43,45,2543,86,781.86,70.36,1.0
14132,99,57,2599,198,781.86,80.9,1.0
14133,60,59,2560,120,781.84,82.41,1.0
14134,13,5,2513,26,781.82,73.86,1.0
14135,148,60,2648,296,781.79,84.15,1.0
14136,188,57,2688,376,781.79,97.03,1.0
14137,23,39,2523,46,781.78,67.16,1.0
14138,196,7,2696,392,781.77,128.45,1.0
14139,269,59,2769,538,781.75,107.29,1.0
14140,219,57,2719,438,781.69,105.71,1.0
14141,39,43,2539,78,781.68,74.38,1.0
14142,63,50,2563,126,781.66,94.24,1.0
14143,29,31,2529,58,781.62,67.36,1.0
14144,29,43,2529,58,781.6,68.51,1.0
14145,49,48,2549,98,781.59,74.11,1.0
14146,26,35,2526,52,781.58,73.56,1.0
14147,49,42,2549,98,781.52,62.1,1.0
14148,29,41,2529,58,781.5,67.74,1.0
14149,204,7,2704,408,781.5,124.73,1.0
14150,217,59,2717,434,781.47,104.75,1.0
14151,44,46,2544,88,781.44,69.98,1.0
14152,57,34,2557,114,781.42,77.57,1.0
14153,46,42,2546,92,781.41,71.57,1.0
14154,48,35,2548,96,781.37,70.2,1.0
14155,58,41,2558,116,781.32,71.06,1.0
14156,28,39,2528,56,781.3,74.19,1.0
14157,100,56,2600,200,781.3,82.41,1.0
14158,98,58,2598,196,781.28,92.48,1.0
14159,142,57,2642,284,781.28,99.54,1.0
14160,55,40,2555,110,781.27,67.74,1.0
14161,37,32,2537,74,781.26,70.33,1.0
14162,56,50,2556,112,781.24,76.11,1.0
14163,34,34,2534,68,781.22,74.04,1.0
14164,218,57,2718,436,781.21,105.27,1.0
14165,100,55,2600,200,781.18,84.48,1.0
14166,147,7,2647,294,781.17,124.07,1.0
14167,46,36,2546,92,781.13,73.98,1.0
14168,145,55,2645,290,781.13,94.88,1.0
14169,57,47,2557,114,781.12,71.13,1.0
14170,80,58,2580,160,781.09,73.6,1.0
14171,206,7,2706,412,781.07,121.0,1.0
14172,65,49,2565,130,781.06,76.45,1.0
14173,87,52,2587,174,781.06,78.6,1.0
14174,117,55,2617,234,781.06,86.16,1.0
14175,115,57,2615,230,781.05,82.01,1.0
14176,226,7,2726,452,781.03,117.36,1.0
14177,168,57,2668,336,781.02,90.07,1.0
14178,198,59,2698,396,781.02,96.37,1.0
14179,244,58,2744,488,781.02,104.91,1.0
14180,276,60,2776,552,781.01,106.69,1.0
14181,56,46,2556,112,780.97,74.79,1.0
14182,94,56,2594,188,780.97,85.32,1.0
14183,262,7,2762,524,780.95,140.7,1.0
14184,226,59,2726,452,780.94,113.06,1.0
14185,33,49,2533,66,780.92,69.82,1.0
14186,44,48,2544,88,780.82,71.15,1.0
14187,298,60,2798,596,780.82,106.92,1.0
14188,14,36,2514,28,780.8,68.92,1.0
14189,145,7,2645,290,780.77,126.19,1.0
14190,78,56,2578,156,780.76,80.57,1.0
14191,291,60,2791,582,780.76,110.85,1.0
14192,37,40,2537,74,780.73,70.91,1.0
14193,222,7,2722,444,780.72,140.02,1.0
14194,26,47,2526,52,780.67,69.08,1.0
14195,138,60,2638,276,780.67,93.08,1.0
14196,14,37,2514,28,780.66,73.76,1.0
14197,126,57,2626,252,780.66,83.03,1.0
14198,103,54,2603,206,780.64,82.31,1.0
14199,258,59,2758,516,780.63,112.18,1.0
14200,111,58,2611,222,780.62,82.39,1.0
14201,37,36,2537,74,780.61,71.52,1.0
14202,51,59,2551,102,780.61,79.63,1.0
14203,30,37,2530,60,780.58,71.99,1.0
14204,180,60,2680,360,780.58,107.63,1.0
14205,34,5,2534,68,780.57,89.35,1.0
14206,79,54,2579,158,780.56,78.4,1.0
14207,39,40,2539,78,780.53,78.06,1.0
14208,287,8,2787,574,780.53,150.26,1.0
14209,28,47,2528,56,780.52,68.89,1.0
14210,82,56,2582,164,780.52,84.15,1.0
14211,129,58,2629,258,780.51,87.44,1.0
14212,26,33,2526,52,780.5,68.82,1.0
14213,108,55,2608,216,780.46,92.11,1.0
14214,253,58,2753,506,780.46,102.48,1.0
14215,92,55,2592,184,780.43,78.71,1.0
14216,46,31,2546,92,780.42,75.91,1.0
14217,46,37,2546,92,780.42,73.08,1.0
14218,19,35,2519,38,780.42,72.92,1.0
14219,28,40,2528,56,780.42,75.17,1.0
14220,130,57,2630,260,780.41,94.19,1.0
14221,43,37,2543,86,780.4,75.72,1.0
14222,47,57,2547,94,780.4,72.17,1.0
14223,125,60,2625,250,780.39,88.9,1.0
14224,148,59,2648,296,780.35,94.4,1.0
14225,242,60,2742,484,780.33,118.35,1.0
14226,39,32,2539,78,780.31,74.44,1.0
14227,31,39,2531,62,780.29,68.87,1.0
14228,140,60,2640,280,780.28,97.25,1.0
14229,88,57,2588,176,780.26,81.33,1.0
14230,70,56,2570,140,780.25,81.77,1.0
14231,57,32,2557,114,780.21,75.77,1.0
14232,48,43,2548,96,780.2,71.34,1.0
14233,26,48,2526,52,780.16,70.18,1.0
14234,50,34,2550,100,780.14,70.16,1.0
14235,296,8,2796,592,780.12,138.96,1.0
14236,19,42,2519,38,780.11,74.72,1.0
14237,26,41,2526,52,780.1,72.74,1.0
14238,58,48,2558,116,780.06,74.19,1.0
14239,213,58,2713,426,780.05,103.72,1.0
14240,44,50,2544,88,780.03,67.92,1.0
14241,41,57,2541,82,780.02,79.22,1.0
14242,239,60,2739,478,780.01,114.96,1.0
14243,48,50,2548,96,780.0,71.84,1.0
14244,16,38,2516,32,779.96,67.43,1.0
14245,29,32,2529,58,779.96,72.78,1.0
14246,12,35,2512,24,779.94,68.16,1.0
14247,41,58,2541,82,779.93,71.06,1.0
14248,19,37,2519,38,779.92,75.22,1.0
14249,28,33,2528,56,779.92,73.54,1.0
14250,79,51,2579,158,779.91,75.61,1.0
14251,157,54,2657,314,779.89,98.55,1.0
14252,81,53,2581,162,779.88,75.71,1.0
14253,63,49,2563,126,779.87,79.36,1.0
14254,163,60,2663,326,779.85,98.89,1.0
14255,228,59,2728,456,779.84,108.98,1.0
14256,57,45,2557,114,779.82,73.38,1.0
14257,138,59,2638,276,779.69,87.89,1.0
14258,58,31,2558,116,779.67,69.62,1.0
14259,38,5,2538,76,779.62,79.3,1.0
14260,282,59,2782,564,779.61,109.75,1.0
14261,261,60,2761,522,779.59,108.64,1.0
14262,98,54,2598,196,779.57,82.28,1.0
14263,83,56,2583,166,779.55,78.26,1.0
14264,258,60,2758,516,779.53,105.34,1.0
14265,61,49,2561,122,779.52,72.4,1.0
14266,96,7,2596,192,779.49,98.22,1.0
14267,46,39,2546,92,779.47,73.11,1.0
14268,114,6,2614,228,779.44,103.28,1.0
14269,155,56,2655,310,779.44,94.05,1.0
14270,36,43,2536,72,779.42,71.25,1.0
14271,19,46,2519,38,779.42,72.38,1.0
14272,21,30,2521,42,779.41,66.73,1.0
14273,128,53,2628,256,779.41,81.56,1.0
14274,149,59,2649,298,779.39,87.94,1.0
14275,96,53,2596,192,779.38,81.27,1.0
14276,39,46,2539,78,779.37,75.24,1.0
14277,191,60,2691,382,779.34,101.27,1.0
14278,105,55,2605,210,779.33,89.86,1.0
14279,213,7,2713,426,779.33,134.45,1.0
14280,30,32,2530,60,779.3,70.08,1.0
14281,44,52,2544,88,779.29,73.19,1.0
14282,16,36,2516,32,779.28,68.51,1.0
14283,131,56,2631,262,779.28,90.9,1.0
14284,23,30,2523,46,779.27,67.05,1.0
14285,15,32,2515,30,779.25,78.33,1.0
14286,91,56,2591,182,779.25,86.51,1.0
14287,26,36,2526,52,779.24,74.13,1.0
14288,39,41,2539,78,779.22,78.53,1.0
14289,66,51,2566,132,779.22,75.26,1.0
14290,123,57,2623,246,779.22,87.99,1.0
14291,23,41,2523,46,779.21,67.42,1.0
14292,28,32,2528,56,779.2,72.43,1.0
14293,98,56,2598,196,779.2,84.89,1.0
14294,32,5,2532,64,779.18,86.75,1.0
14295,58,42,2558,116,779.18,72.79,1.0
14296,31,43,2531,62,779.17,76.04,1.0
14297,223,60,2723,446,779.13,97.84,1.0
14298,43,39,2543,86,779.12,74.63,1.0
14299,39,31,2539,78,779.11,65.45,1.0
14300,19,43,2519,38,779.11,65.25,1.0
14301,186,58,2686,372,779.09,90.35,1.0
14302,31,38,2531,62,779.06,77.8,1.0
14303,79,55,2579,158,779.06,81.12,1.0
14304,54,52,2554,108,779.05,70.14,1.0
14305,75,50,2575,150,779.03,80.35,1.0
14306,189,58,2689,378,779.03,99.99,1.0
14307,14,30,2514,28,779.02,79.91,1.0
14308,28,45,2528,56,779.02,67.66,1.0
14309,89,55,2589,178,779.02,79.93,1.0
14310,210,8,2710,420,779.02,127.91,1.0
14311,30,43,2530,60,779.0,72.92,1.0
14312,49,43,2549,98,779.0,73.48,1.0
14313,26,32,2526,52,778.98,66.79,1.0
14314,81,52,2581,162,778.98,78.57,1.0
14315,82,54,2582,164,778.98,81.29,1.0
14316,49,34,2549,98,778.97,65.66,1.0
14317,60,56,2560,120,778.97,82.55,1.0
14318,116,55,2616,232,778.97,91.27,1.0
14319,30,52,2530,60,778.96,70.17,1.0
14320,24,43,2524,48,778.94,68.02,1.0
14321,39,35,2539,78,778.92,70.46,1.0
14322,26,31,2526,52,778.9,66.31,1.0
14323,106,6,2606,212,778.9,101.63,1.0
14324,31,41,2531,62,778.89,74.7,1.0
14325,73,52,2573,146,778.87,68.24,1.0
14326,23,34,2523,46,778.86,73.64,1.0
14327,30,49,2530,60,778.86,73.52,1.0
14328,49,40,2549,98,778.86,71.11,1.0
14329,28,52,2528,56,778.83,68.48,1.0
14330,37,35,2537,74,778.8,68.11,1.0
14331,21,31,2521,42,778.79,61.44,1.0
14332,78,54,2578,156,778.77,80.89,1.0
14333,97,54,2597,194,778.76,72.91,1.0
14334,30,39,2530,60,778.74,75.44,1.0
14335,44,36,2544,88,778.73,75.94,1.0
14336,28,42,2528,56,778.73,73.38,1.0
14337,21,44,2521,42,778.72,70.2,1.0
14338,15,38,2515,30,778.72,71.81,1.0
14339,212,57,2712,424,778.72,107.49,1.0
14340,33,51,2533,66,778.71,76.48,1.0
14341,294,60,2794,588,778.7,112.01,1.0
14342,19,31,2519,38,778.68,70.8,1.0
14343,253,8,2753,506,778.66,131.34,1.0
14344,233,60,2733,466,778.64,110.7,1.0
14345,86,57,2586,172,778.63,78.7,1.0
14346,203,60,2703,406,778.61,99.59,1.0
14347,28,38,2528,56,778.6,73.22,1.0
14348,53,51,2553,106,778.59,70.7,1.0
14349,186,8,2686,372,778.56,115.0,1.0
14350,14,33,2514,28,778.54,74.96,1.0
14351,144,60,2644,288,778.53,93.84,1.0
14352,56,51,2556,112,778.52,78.83,1.0
14353,26,42,2526,52,778.51,67.39,1.0
14354,91,55,2591,182,778.51,78.12,1.0
14355,157,8,2657,314,778.5,130.04,1.0
14356,181,59,2681,362,778.5,100.52,1.0
14357,14,38,2514,28,778.49,72.07,1.0
14358,19,36,2519,38,778.47,72.59,1.0
14359,101,55,2601,202,778.46,81.52,1.0
14360,106,56,2606,212,778.46,85.89,1.0
14361,270,60,2770,540,778.46,105.17,1.0
14362,42,43,2542,84,778.44,73.63,1.0
14363,83,57,2583,166,778.43,79.73,1.0
14364,141,59,2641,282,778.41,92.81,1.0
14365,83,58,2583,166,778.37,83.3,1.0
14366,54,50,2554,108,778.36,76.92,1.0
14367,21,52,2521,42,778.35,71.45,1.0
14368,15,31,2515,30,778.32,72.03,1.0
14369,46,34,2546,92,778.29,69.1,1.0
14370,57,40,2557,114,778.29,67.49,1.0
14371,12,44,2512,24,778.26,71.54,1.0
14372,217,60,2717,434,778.22,100.03,1.0
14373,104,56,2604,208,778.19,84.41,1.0
14374,39,38,2539,78,778.18,71.7,1.0
14375,14,44,2514,28,778.18,71.36,1.0
14376,137,6,2637,274,778.17,114.51,1.0
14377,30,51,2530,60,778.13,72.89,1.0
14378,38,53,2538,76,778.12,71.5,1.0
14379,38,57,2538,76,778.11,74.38,1.0
14380,21,35,2521,42,778.1,68.1,1.0
14381,22,35,2522,44,778.1,68.58,1.0
14382,38,56,2538,76,778.08,70.73,1.0
14383,50,46,2550,100,778.06,71.21,1.0
14384,29,5,2529,58,778.06,81.36,1.0
14385,21,37,2521,42,778.05,73.41,1.0
14386,41,59,2541,82,778.04,74.91,1.0
14387,76,5,2576,152,778.01,92.97,1.0
14388,31,35,2531,62,778.0,66.75,1.0
14389,74,55,2574,148,778.0,76.48,1.0
14390,30,31,2530,60,777.99,74.78,1.0
14391,42,36,2542,84,777.95,74.25,1.0
14392,26,37,2526,52,777.92,73.05,1.0
14393,159,59,2659,318,777.92,95.18,1.0
14394,16,44,2516,32,777.91,76.28,1.0
14395,26,39,2526,52,777.9,72.49,1.0
14396,47,54,2547,94,777.87,82.37,1.0
14397,286,9,2786,572,777.86,145.07,1.0
14398,28,36,2528,56,777.85,73.43,1.0
14399,28,35,2528,56,777.84,72.44,1.0
14400,191,7,2691,382,777.84,121.27,1.0
14401,123,56,2623,246,777.83,89.27,1.0
14402,19,47,2519,38,777.82,72.72,1.0
14403,49,33,2549,98,777.82,68.19,1.0
14404,87,54,2587,174,777.81,78.99,1.0
14405,243,8,2743,486,777.8,147.91,1.0
14406,29,40,2529,58,777.79,70.85,1.0
14407,24,41,2524,48,777.79,69.23,1.0
14408,22,40,2522,44,777.77,70.68,1.0
14409,29,34,2529,58,777.76,69.45,1.0
14410,66,52,2566,132,777.76,78.85,1.0
14411,88,58,2588,176,777.76,80.68,1.0
14412,95,57,2595,190,777.75,86.73,1.0
14413,194,58,2694,388,777.74,97.2,1.0
14414,94,57,2594,188,777.69,81.12,1.0
14415,121,58,2621,242,777.69,86.23,1.0
14416,117,56,2617,234,777.68,89.04,1.0
14417,19,45,2519,38,777.67,75.03,1.0
14418,269,8,2769,538,777.63,134.14,1.0
14419,103,55,2603,206,777.58,74.52,1.0
14420,211,59,2711,422,777.58,99.98,1.0
14421,19,30,2519,38,777.54,72.65,1.0
14422,158,6,2658,316,777.54,124.43,1.0
14423,176,60,2676,352,777.54,101.47,1.0
14424,51,57,2551,102,777.51,69.93,1.0
14425,28,48,2528,56,777.5,71.03,1.0
14426,93,58,2593,186,777.49,78.39,1.0
14427,108,56,2608,216,777.46,88.68,1.0
14428,95,56,2595,190,777.44,89.76,1.0
14429,126,58,2626,252,777.44,92.53,1.0
14430,48,51,2548,96,777.43,80.02,1.0
14431,124,56,2624,248,777.43,83.37,1.0
14432,14,45,2514,28,777.42,70.37,1.0
14433,30,30,2530,60,777.4,70.85,1.0
14434,21,55,2521,42,777.39,78.19,1.0
14435,16,41,2516,32,777.39,73.3,1.0
14436,25,30,2525,50,777.39,68.25,1.0
14437,60,55,2560,120,777.38,82.42,1.0
14438,72,49,2572,144,777.38,72.46,1.0
14439,211,60,2711,422,777.38,108.3,1.0
14440,37,42,2537,74,777.36,73.73,1.0
14441,37,43,2537,74,777.36,70.37,1.0
14442,29,44,2529,58,777.36,77.31,1.0
14443,43,35,2543,86,777.35,74.59,1.0
14444,170,59,2670,340,777.32,93.74,1.0
14445,100,58,2600,200,777.31,80.54,1.0
14446,201,7,2701,402,777.3,129.26,1.0
14447,82,55,2582,164,777.29,80.88,1.0
14448,50,47,2550,100,777.27,73.66,1.0
14449,46,45,2546,92,777.26,78.22,1.0
14450,45,30,2545,90,777.24,72.79,1.0
14451,132,57,2632,264,777.24,83.32,1.0
14452,43,41,2543,86,777.23,76.31,1.0
14453,61,53,2561,122,777.23,79.36,1.0
14454,175,58,2675,350,777.22,95.48,1.0
14455,21,45,2521,42,777.17,68.64,1.0
14456,127,55,2627,254,777.16,82.3,1.0
14457,28,34,2528,56,777.15,69.98,1.0
14458,39,45,2539,78,777.14,68.29,1.0
14459,24,37,2524,48,777.14,66.09,1.0
14460,75,49,2575,150,777.14,72.12,1.0
14461,85,59,2585,170,777.14,89.09,1.0
14462,143,60,2643,286,777.12,93.84,1.0
14463,33,57,2533,66,777.11,73.38,1.0
14464,28,30,2528,56,777.11,72.97,1.0
14465,36,30,2536,72,777.09,71.57,1.0
14466,36,39,2536,72,777.08,74.49,1.0
14467,122,54,2622,244,777.06,88.27,1.0
14468,12,33,2512,24,777.04,68.15,1.0
14469,59,54,2559,118,777.04,76.95,1.0
14470,19,49,2519,38,777.02,76.21,1.0
14471,23,38,2523,46,777.0,74.73,1.0
14472,90,56,2590,180,776.97,80.68,1.0
14473,34,40,2534,68,776.88,73.48,1.0
14474,131,7,2631,262,776.88,110.93,1.0
14475,15,45,2515,30,776.85,69.01,1.0
14476,38,49,2538,76,776.82,68.34,1.0
14477,21,43,2521,42,776.81,69.04,1.0
14478,67,58,2567,134,776.81,75.79,1.0
14479,273,7,2773,546,776.79,127.45,1.0
14480,21,51,2521,42,776.76,69.1,1.0
14481,33,56,2533,66,776.74,78.44,1.0
14482,12,38,2512,24,776.7,72.9,1.0
14483,211,7,2711,422,776.7,129.03,1.0
14484,137,58,2637,274,776.69,83.56,1.0
14485,213,57,2713,426,776.68,98.3,1.0
14486,14,46,2514,28,776.67,68.89,1.0
14487,26,34,2526,52,776.65,69.93,1.0
14488,58,49,2558,116,776.64,72.34,1.0
14489,93,57,2593,186,776.64,75.67,1.0
14490,241,7,2741,482,776.64,136.01,1.0
14491,296,60,2796,592,776.63,112.4,1.0
14492,16,40,2516,32,776.62,72.93,1.0
14493,110,59,2610,220,776.58,85.04,1.0
14494,46,35,2546,92,776.57,71.23,1.0
14495,255,7,2755,510,776.56,143.52,1.0
14496,228,58,2728,456,776.55,103.93,1.0
14497,34,41,2534,68,776.52,66.5,1.0
14498,55,49,2555,110,776.5,70.52,1.0
14499,273,60,2773,546,776.47,112.56,1.0
14500,154,60,2654,308,776.46,98.84,1.0
14501,248,60,2748,496,776.46,108.86,1.0
14502,29,47,2529,58,776.45,61.41,1.0
14503,210,59,2710,420,776.42,103.64,1.0
14504,279,60,2779,558,776.42,104.61,1.0
14505,15,43,2515,30,776.4,67.02,1.0
14506,29,38,2529,58,776.39,78.92,1.0
14507,24,47,2524,48,776.38,71.5,1.0
14508,49,35,2549,98,776.37,69.33,1.0
14509,60,5,2560,120,776.37,87.63,1.0
14510,54,5,2554,108,776.36,91.71,1.0
14511,140,6,2640,280,776.36,127.71,1.0
14512,34,44,2534,68,776.35,70.48,1.0
14513,154,59,2654,308,776.35,94.63,1.0
14514,16,34,2516,32,776.34,69.33,1.0
14515,43,30,2543,86,776.31,80.16,1.0
14516,89,54,2589,178,776.3,81.97,1.0
14517,86,56,2586,172,776.3,75.19,1.0
14518,113,60,2613,226,776.3,87.21,1.0
14519,126,59,2626,252,776.3,94.38,1.0
14520,139,57,2639,278,776.3,88.32,1.0
14521,24,31,2524,48,776.27,71.54,1.0
14522,92,52,2592,184,776.26,81.8,1.0
14523,112,6,2612,224,776.26,104.34,1.0
14524,42,51,2542,84,776.25,75.47,1.0
14525,53,54,2553,106,776.24,75.87,1.0
14526,259,60,2759,518,776.24,106.42,1.0
14527,56,53,2556,112,776.23,72.48,1.0
14528,196,58,2696,392,776.22,104.69,1.0
14529,50,49,2550,100,776.2,70.55,1.0
14530,49,52,2549,98,776.19,67.91,1.0
14531,43,46,2543,86,776.13,78.48,1.0
14532,57,35,2557,114,776.12,68.88,1.0
14533,66,50,2566,132,776.1,71.93,1.0
14534,87,55,2587,174,776.08,82.07,1.0
14535,265,7,2765,530,776.08,146.42,1.0
14536,24,45,2524,48,776.07,76.32,1.0
14537,49,51,2549,98,776.06,80.32,1.0
14538,29,46,2529,58,776.06,76.02,1.0
14539,42,5,2542,84,776.05,86.2,1.0
14540,45,31,2545,90,776.02,68.75,1.0
14541,26,44,2526,52,776.02,68.96,1.0
14542,38,52,2538,76,775.99,70.59,1.0
14543,121,57,2621,242,775.99,83.47,1.0
14544,156,57,2656,312,775.99,86.94,1.0
14545,157,52,2657,314,775.97,91.93,1.0
14546,50,48,2550,100,775.96,73.6,1.0
14547,108,6,2608,216,775.96,100.42,1.0
14548,99,58,2599,198,775.93,85.67,1.0
14549,135,60,2635,270,775.9,97.23,1.0
14550,109,57,2609,218,775.89,85.22,1.0
14551,106,60,2606,212,775.88,82.44,1.0
14552,194,59,2694,388,775.84,96.14,1.0
14553,33,59,2533,66,775.82,82.35,1.0
14554,164,59,2664,328,775.82,95.91,1.0
14555,70,55,2570,140,775.78,78.26,1.0
14556,39,34,2539,78,775.76,69.65,1.0
14557,21,50,2521,42,775.74,66.77,1.0
14558,116,59,2616,232,775.73,87.89,1.0
14559,42,35,2542,84,775.72,71.18,1.0
14560,58,53,2558,116,775.72,81.7,1.0
14561,65,52,2565,130,775.71,75.88,1.0
14562,29,37,2529,58,775.7,81.79,1.0
14563,170,60,2670,340,775.7,97.7,1.0
14564,14,48,2514,28,775.68,74.19,1.0
14565,89,52,2589,178,775.66,75.5,1.0
14566,42,39,2542,84,775.63,72.34,1.0
14567,37,39,2537,74,775.62,70.93,1.0
14568,19,50,2519,38,775.62,75.35,1.0
14569,152,59,2652,304,775.6,86.95,1.0
14570,22,31,2522,44,775.59,68.36,1.0
14571,42,48,2542,84,775.59,73.73,1.0
14572,25,39,2525,50,775.54,73.14,1.0
14573,57,50,2557,114,775.53,76.26,1.0
14574,106,57,2606,212,775.53,82.16,1.0
14575,16,48,2516,32,775.5,69.16,1.0
14576,282,58,2782,564,775.5,115.27,1.0
14577,48,49,2548,96,775.48,70.57,1.0
14578,21,42,2521,42,775.47,67.47,1.0
14579,58,38,2558,116,775.44,74.12,1.0
14580,144,59,2644,288,775.42,97.67,1.0
14581,45,6,2545,90,775.41,89.19,1.0
14582,175,57,2675,350,775.4,90.74,1.0
14583,31,37,2531,62,775.38,73.08,1.0
14584,52,6,2552,104,775.38,89.69,1.0
14585,64,55,2564,128,775.38,79.5,1.0
14586,42,53,2542,84,775.37,72.1,1.0
14587,26,43,2526,52,775.34,73.31,1.0
14588,160,57,2660,320,775.34,98.72,1.0
14589,112,58,2612,224,775.33,90.56,1.0
14590,21,48,2521,42,775.31,69.74,1.0
14591,34,31,2534,68,775.29,76.19,1.0
14592,72,52,2572,144,775.28,75.56,1.0
14593,56,52,2556,112,775.27,74.19,1.0
14594,88,5,2588,176,775.27,100.0,1.0
14595,216,60,2716,432,775.25,105.81,1.0
14596,247,59,2747,494,775.25,109.39,1.0
14597,39,39,2539,78,775.22,73.3,1.0
14598,161,7,2661,322,775.2,115.86,1.0
14599,281,59,2781,562,775.2,110.18,1.0
14600,24,34,2524,48,775.19,72.37,1.0
14601,169,59,2669,338,775.19,102.78,1.0
14602,43,38,2543,86,775.15,79.61,1.0
14603,16,31,2516,32,775.15,69.62,1.0
14604,21,46,2521,42,775.14,67.05,1.0
14605,31,31,2531,62,775.14,77.19,1.0
14606,31,33,2531,62,775.14,76.64,1.0
14607,23,31,2523,46,775.1,65.14,1.0
14608,42,34,2542,84,775.08,74.87,1.0
14609,90,55,2590,180,775.07,80.71,1.0
14610,89,57,2589,178,775.07,83.98,1.0
14611,248,7,2748,496,775.02,145.75,1.0
14612,34,35,2534,68,774.99,72.78,1.0
14613,92,58,2592,184,774.95,76.01,1.0
14614,121,59,2621,242,774.95,84.04,1.0
14615,58,47,2558,116,774.94,75.1,1.0
14616,162,59,2662,324,774.94,90.35,1.0
14617,42,45,2542,84,774.91,69.63,1.0
14618,31,40,2531,62,774.9,84.7,1.0
14619,26,45,2526,52,774.89,68.0,1.0
14620,150,58,2650,300,774.88,87.87,1.0
14621,127,57,2627,254,774.84,90.82,1.0
14622,12,37,2512,24,774.83,72.63,1.0
14623,12,48,2512,24,774.83,73.02,1.0
14624,38,51,2538,76,774.83,68.09,1.0
14625,39,30,2539,78,774.82,71.77,1.0
14626,75,52,2575,150,774.81,78.66,1.0
14627,159,60,2659,318,774.79,99.88,1.0
14628,31,45,2531,62,774.76,76.52,1.0
14629,63,53,2563,126,774.76,82.89,1.0
14630,42,32,2542,84,774.75,73.67,1.0
14631,25,41,2525,50,774.72,72.32,1.0
14632,91,57,2591,182,774.72,83.8,1.0
14633,87,53,2587,174,774.7,82.3,1.0
14634,36,36,2536,72,774.67,71.63,1.0
14635,46,33,2546,92,774.66,72.63,1.0
14636,29,45,2529,58,774.66,70.16,1.0
14637,44,56,2544,88,774.63,72.5,1.0
14638,19,32,2519,38,774.63,71.91,1.0
14639,46,32,2546,92,774.62,70.06,1.0
14640,242,59,2742,484,774.62,121.06,1.0
14641,78,57,2578,156,774.6,83.94,1.0
14642,29,49,2529,58,774.56,72.51,1.0
14643,210,58,2710,420,774.56,102.76,1.0
14644,109,6,2609,218,774.54,112.93,1.0
14645,16,46,2516,32,774.52,68.23,1.0
14646,12,42,2512,24,774.5,69.89,1.0
14647,107,58,2607,214,774.5,79.29,1.0
14648,44,53,2544,88,774.46,78.54,1.0
14649,264,60,2764,528,774.46,103.44,1.0
14650,14,51,2514,28,774.44,71.53,1.0
14651,16,54,2516,32,774.42,71.93,1.0
14652,103,53,2603,206,774.42,80.94,1.0
14653,166,7,2666,332,774.42,120.02,1.0
14654,119,58,2619,238,774.39,96.67,1.0
14655,50,52,2550,100,774.38,69.69,1.0
14656,31,30,2531,62,774.37,71.77,1.0
14657,37,34,2537,74,774.35,72.84,1.0
14658,185,57,2685,370,774.35,95.38,1.0
14659,22,46,2522,44,774.34,71.07,1.0
14660,134,54,2634,268,774.34,88.17,1.0
14661,232,60,2732,464,774.32,107.55,1.0
14662,33,60,2533,66,774.31,77.67,1.0
14663,21,53,2521,42,774.3,70.99,1.0
14664,36,32,2536,72,774.3,72.4,1.0
14665,12,34,2512,24,774.29,66.51,1.0
14666,15,46,2515,30,774.23,72.95,1.0
14667,51,60,2551,102,774.22,69.79,1.0
14668,33,58,2533,66,774.21,74.59,1.0
14669,29,39,2529,58,774.2,67.48,1.0
14670,39,44,2539,78,774.17,69.38,1.0
14671,21,49,2521,42,774.17,75.2,1.0
14672,72,53,2572,144,774.17,75.12,1.0
14673,111,6,2611,222,774.17,107.13,1.0
14674,37,31,2537,74,774.16,70.88,1.0
14675,80,59,2580,160,774.13,79.11,1.0
14676,168,7,2668,336,774.09,111.15,1.0
14677,28,46,2528,56,774.08,72.02,1.0
14678,81,54,2581,162,774.08,81.68,1.0
14679,141,58,2641,282,774.08,90.21,1.0
14680,26,51,2526,52,774.06,76.75,1.0
14681,21,39,2521,42,774.04,71.8,1.0
14682,23,49,2523,46,774.04,69.15,1.0
14683,44,5,2544,88,774.04,84.07,1.0
14684,72,54,2572,144,774.04,82.83,1.0
14685,43,33,2543,86,774.02,78.41,1.0
14686,35,5,2535,70,774.01,78.88,1.0
14687,29,53,2529,58,774.0,76.26,1.0
14688,23,35,2523,46,773.98,71.1,1.0
14689,25,37,2525,50,773.97,62.29,1.0
14690,22,42,2522,44,773.96,67.44,1.0
14691,42,41,2542,84,773.96,71.97,1.0
14692,100,5,2600,200,773.96,98.28,1.0
14693,29,48,2529,58,773.95,71.96,1.0
14694,212,8,2712,424,773.93,118.45,1.0
14695,43,48,2543,86,773.89,73.97,1.0
14696,15,42,2515,30,773.88,72.99,1.0
14697,149,60,2649,298,773.87,88.87,1.0
14698,21,54,2521,42,773.8,66.92,1.0
14699,185,7,2685,370,773.79,123.0,1.0
14700,34,30,2534,68,773.78,74.87,1.0
14701,281,58,2781,562,773.78,105.46,1.0
14702,105,57,2605,210,773.76,84.48,1.0
14703,28,50,2528,56,773.75,81.16,1.0
14704,25,38,2525,50,773.75,74.88,1.0
14705,1,5,2501,2,773.74,71.03,1.0
14706,47,59,2547,94,773.72,77.58,1.0
14707,11,5,2511,22,773.71,73.35,1.0
14708,16,42,2516,32,773.7,70.27,1.0
14709,25,36,2525,50,773.7,71.69,1.0
14710,77,57,2577,154,773.7,76.86,1.0
14711,12,36,2512,24,773.66,70.73,1.0
14712,24,35,2524,48,773.66,71.18,1.0
14713,106,55,2606,212,773.65,77.64,1.0
14714,39,5,2539,78,773.63,94.5,1.0
14715,87,6,2587,174,773.63,104.52,1.0
14716,22,38,2522,44,773.62,70.85,1.0
14717,202,59,2702,404,773.58,101.87,1.0
14718,185,58,2685,370,773.56,111.37,1.0
14719,168,58,2668,336,773.53,95.57,1.0
14720,34,42,2534,68,773.52,72.95,1.0
14721,172,6,2672,344,773.52,129.91,1.0
14722,297,58,2797,594,773.52,107.24,1.0
14723,19,48,2519,38,773.51,67.69,1.0
14724,24,36,2524,48,773.51,71.06,1.0
14725,18,39,2518,36,773.5,75.15,1.0
14726,220,59,2720,440,773.46,100.14,1.0
14727,24,44,2524,48,773.45,67.46,1.0
14728,23,32,2523,46,773.44,77.36,1.0
14729,100,57,2600,200,773.44,86.08,1.0
14730,28,53,2528,56,773.43,72.81,1.0
14731,65,50,2565,130,773.43,75.13,1.0
14732,21,38,2521,42,773.42,71.6,1.0
14733,108,58,2608,216,773.39,86.88,1.0
14734,86,55,2586,172,773.36,79.09,1.0
14735,16,50,2516,32,773.34,75.15,1.0
14736,63,52,2563,126,773.33,84.06,1.0
14737,127,6,2627,254,773.32,102.51,1.0
14738,196,60,2696,392,773.32,96.38,1.0
14739,75,53,2575,150,773.3,77.24,1.0
14740,94,58,2594,188,773.3,80.89,1.0
14741,106,58,2606,212,773.28,83.7,1.0
14742,46,50,2546,92,773.25,71.68,1.0
14743,16,57,2516,32,773.25,67.74,1.0
14744,145,57,2645,290,773.22,87.82,1.0
14745,19,41,2519,38,773.19,74.89,1.0
14746,244,60,2744,488,773.16,106.49,1.0
14747,276,7,2776,552,773.14,127.36,1.0
14748,22,44,2522,44,773.13,75.62,1.0
14749,1,29,2501,2,773.1,70.1,1.0
14750,22,49,2522,44,773.1,64.43,1.0
14751,161,58,2661,322,773.1,97.37,1.0
14752,221,60,2721,442,773.1,101.04,1.0
14753,73,56,2573,146,773.09,74.28,1.0
14754,16,45,2516,32,773.04,69.2,1.0
14755,25,35,2525,50,773.04,72.65,1.0
14756,21,47,2521,42,773.03,69.57,1.0
14757,23,46,2523,46,773.03,66.8,1.0
14758,159,6,2659,318,772.98,112.35,1.0
14759,19,52,2519,38,772.97,75.33,1.0
14760,25,32,2525,50,772.96,71.35,1.0
14761,55,53,2555,110,772.96,72.4,1.0
14762,218,58,2718,436,772.95,98.45,1.0
14763,21,41,2521,42,772.94,64.52,1.0
14764,15,30,2515,30,772.93,65.44,1.0
14765,24,42,2524,48,772.92,69.21,1.0
14766,114,59,2614,228,772.91,87.48,1.0
14767,25,33,2525,50,772.87,70.09,1.0
14768,73,54,2573,146,772.84,76.38,1.0
14769,15,40,2515,30,772.82,71.45,1.0
14770,147,60,2647,294,772.82,88.28,1.0
14771,284,60,2784,568,772.82,109.93,1.0
14772,49,49,2549,98,772.79,73.29,1.0
14773,117,57,2617,234,772.78,87.7,1.0
14774,14,49,2514,28,772.76,76.38,1.0
14775,32,34,2532,64,772.76,68.95,1.0
14776,89,53,2589,178,772.76,79.21,1.0
14777,155,57,2655,310,772.74,87.77,1.0
14778,62,57,2562,124,772.7,76.7,1.0
14779,68,59,2568,136,772.7,76.28,1.0
14780,24,38,2524,48,772.68,74.75,1.0
14781,201,59,2701,402,772.64,93.09,1.0
14782,45,32,2545,90,772.61,66.95,1.0
14783,190,60,2690,380,772.58,102.29,1.0
14784,57,36,2557,114,772.55,76.8,1.0
14785,36,37,2536,72,772.52,75.73,1.0
14786,217,7,2717,434,772.51,131.14,1.0
14787,55,47,2555,110,772.5,71.82,1.0
14788,23,43,2523,46,772.47,68.88,1.0
14789,57,49,2557,114,772.47,76.46,1.0
14790,136,59,2636,272,772.47,84.46,1.0
14791,45,35,2545,90,772.46,72.13,1.0
14792,136,58,2636,272,772.43,89.53,1.0
14793,67,60,2567,134,772.36,78.06,1.0
14794,219,59,2719,438,772.35,97.48,1.0
14795,43,44,2543,86,772.34,83.73,1.0
14796,22,37,2522,44,772.33,68.45,1.0
14797,12,54,2512,24,772.33,65.27,1.0
14798,37,46,2537,74,772.29,72.98,1.0
14799,46,46,2546,92,772.28,71.74,1.0
14800,44,55,2544,88,772.26,66.53,1.0
14801,45,44,2545,90,772.26,66.91,1.0
14802,34,43,2534,68,772.19,76.83,1.0
14803,47,58,2547,94,772.19,78.71,1.0
14804,124,6,2624,248,772.19,113.46,1.0
14805,129,59,2629,258,772.19,98.35,1.0
14806,43,52,2543,86,772.18,78.56,1.0
14807,61,50,2561,122,772.18,77.28,1.0
14808,101,53,2601,202,772.17,83.76,1.0
14809,23,40,2523,46,772.14,69.5,1.0
14810,36,44,2536,72,772.11,74.29,1.0
14811,124,55,2624,248,772.1,88.29,1.0
14812,52,34,2552,104,772.07,74.37,1.0
14813,17,5,2517,34,772.06,71.3,1.0
14814,47,56,2547,94,772.04,83.67,1.0
14815,15,50,2515,30,772.04,69.4,1.0
14816,14,31,2514,28,772.03,66.27,1.0
14817,39,48,2539,78,771.94,72.47,1.0
14818,31,34,2531,62,771.94,65.18,1.0
14819,19,54,2519,38,771.93,72.01,1.0
14820,51,58,2551,102,771.91,73.13,1.0
14821,265,60,2765,530,771.91,104.55,1.0
14822,150,60,2650,300,771.9,93.41,1.0
14823,235,60,2735,470,771.9,104.89,1.0
14824,76,59,2576,152,771.88,80.34,1.0
14825,22,47,2522,44,771.87,71.57,1.0
14826,196,59,2696,392,771.87,99.15,1.0
14827,30,50,2530,60,771.86,73.25,1.0
14828,25,50,2525,50,771.86,69.17,1.0
14829,54,54,2554,108,771.86,79.25,1.0
14830,29,42,2529,58,771.82,76.93,1.0
14831,23,42,2523,46,771.77,69.71,1.0
14832,34,39,2534,68,771.76,72.06,1.0
14833,42,55,2542,84,771.75,74.76,1.0
14834,198,7,2698,396,771.75,123.29,1.0
14835,218,59,2718,436,771.74,99.5,1.0
14836,14,47,2514,28,771.71,74.6,1.0
14837,14,43,2514,28,771.7,71.2,1.0
14838,36,35,2536,72,771.7,74.14,1.0
14839,137,57,2637,274,771.7,87.04,1.0
14840,157,53,2657,314,771.7,91.12,1.0
14841,77,55,2577,154,771.69,79.57,1.0
14842,61,52,2561,122,771.58,78.4,1.0
14843,28,54,2528,56,771.56,75.08,1.0
14844,62,54,2562,124,771.55,76.57,1.0
14845,12,32,2512,24,771.54,69.8,1.0
14846,46,52,2546,92,771.54,76.06,1.0
14847,219,60,2719,438,771.52,100.38,1.0
14848,10,5,2510,20,771.5,78.04,1.0
14849,15,34,2515,30,771.5,66.39,1.0
14850,164,60,2664,328,771.47,86.34,1.0
14851,14,39,2514,28,771.46,74.4,1.0
14852,15,49,2515,30,771.46,67.55,1.0
14853,45,42,2545,90,771.44,70.64,1.0
14854,59,55,2559,118,771.44,78.56,1.0
14855,25,42,2525,50,771.43,69.99,1.0
14856,26,46,2526,52,771.42,67.67,1.0
14857,31,49,2531,62,771.4,72.21,1.0
14858,45,39,2545,90,771.39,68.24,1.0
14859,166,59,2666,332,771.34,100.37,1.0
14860,244,59,2744,488,771.34,114.45,1.0
14861,8,5,2508,16,771.32,81.81,1.0
14862,5,44,2505,10,771.3,74.67,1.0
14863,36,5,2536,72,771.3,83.44,1.0
14864,29,35,2529,58,771.3,70.25,1.0
14865,199,6,2699,398,771.3,131.66,1.0
14866,104,57,2604,208,771.28,88.06,1.0
14867,122,57,2622,244,771.27,93.32,1.0
14868,44,54,2544,88,771.26,70.26,1.0
14869,245,60,2745,490,771.26,106.87,1.0
14870,109,58,2609,218,771.24,83.24,1.0
14871,65,53,2565,130,771.2,74.0,1.0
14872,118,5,2618,236,771.17,101.95,1.0
14873,238,60,2738,476,771.16,104.26,1.0
14874,56,56,2556,112,771.15,74.67,1.0
14875,34,33,2534,68,771.1,71.04,1.0
14876,49,53,2549,98,771.1,75.04,1.0
14877,54,58,2554,108,771.1,79.5,1.0
14878,40,42,2540,80,771.08,78.63,1.0
14879,54,56,2554,108,771.06,77.33,1.0
14880,274,8,2774,548,771.02,150.92,1.0
14881,22,41,2522,44,770.98,67.34,1.0
14882,64,58,2564,128,770.97,83.0,1.0
14883,131,57,2631,262,770.97,86.3,1.0
14884,60,57,2560,120,770.94,79.81,1.0
14885,15,36,2515,30,770.9,65.48,1.0
14886,15,37,2515,30,770.9,72.75,1.0
14887,74,60,2574,148,770.9,84.02,1.0
14888,85,5,2585,170,770.89,108.3,1.0
14889,224,7,2724,448,770.89,137.75,1.0
14890,55,54,2555,110,770.88,75.57,1.0
14891,12,30,2512,24,770.87,66.67,1.0
14892,90,57,2590,180,770.87,88.04,1.0
14893,57,48,2557,114,770.84,75.5,1.0
14894,161,59,2661,322,770.82,97.13,1.0
14895,55,51,2555,110,770.81,75.55,1.0
14896,15,48,2515,30,770.76,70.74,1.0
14897,133,58,2633,266,770.76,84.83,1.0
14898,34,32,2534,68,770.74,70.62,1.0
14899,23,51,2523,46,770.74,76.17,1.0
14900,112,57,2612,224,770.74,90.84,1.0
14901,247,60,2747,494,770.73,103.99,1.0
14902,22,30,2522,44,770.72,69.84,1.0
14903,12,39,2512,24,770.7,68.04,1.0
14904,52,31,2552,104,770.68,71.43,1.0
14905,81,55,2581,162,770.67,75.34,1.0
14906,88,59,2588,176,770.66,81.55,1.0
14907,297,59,2797,594,770.66,115.99,1.0
14908,16,52,2516,32,770.63,68.55,1.0
14909,23,53,2523,46,770.59,74.76,1.0
14910,29,36,2529,58,770.59,69.35,1.0
14911,12,59,2512,24,770.56,68.43,1.0
14912,53,56,2553,106,770.55,83.04,1.0
14913,122,56,2622,244,770.55,93.64,1.0
14914,202,58,2702,404,770.54,109.27,1.0
14915,34,38,2534,68,770.53,69.33,1.0
14916,46,5,2546,92,770.53,83.84,1.0
14917,68,57,2568,136,770.53,78.8,1.0
14918,15,41,2515,30,770.52,71.65,1.0
14919,240,60,2740,480,770.51,105.77,1.0
14920,103,6,2603,206,770.5,100.33,1.0
14921,19,33,2519,38,770.46,71.85,1.0
14922,19,55,2519,38,770.43,72.02,1.0
14923,30,54,2530,60,770.43,74.48,1.0
14924,229,59,2729,458,770.43,104.79,1.0
14925,19,40,2519,38,770.4,71.13,1.0
14926,43,47,2543,86,770.38,72.67,1.0
14927,20,46,2520,40,770.35,70.98,1.0
14928,100,60,2600,200,770.33,96.03,1.0
14929,21,36,2521,42,770.29,70.58,1.0
14930,202,7,2702,404,770.26,117.57,1.0
14931,22,36,2522,44,770.24,64.73,1.0
14932,29,54,2529,58,770.22,73.41,1.0
14933,120,58,2620,240,770.22,83.08,1.0
14934,107,59,2607,214,770.21,90.47,1.0
14935,18,41,2518,36,770.2,76.16,1.0
14936,16,58,2516,32,770.2,70.39,1.0
14937,43,5,2543,86,770.17,94.5,1.0
14938,22,39,2522,44,770.16,65.16,1.0
14939,49,47,2549,98,770.16,72.09,1.0
14940,26,40,2526,52,770.14,66.61,1.0
14941,22,33,2522,44,770.09,68.84,1.0
14942,77,56,2577,154,770.08,83.66,1.0
14943,14,53,2514,28,770.07,71.51,1.0
14944,53,58,2553,106,770.07,76.95,1.0
14945,19,53,2519,38,770.06,73.88,1.0
14946,83,60,2583,166,770.05,87.62,1.0
14947,29,51,2529,58,770.02,70.2,1.0
14948,18,44,2518,36,770.01,79.03,1.0
14949,52,40,2552,104,770.0,72.23,1.0
14950,85,60,2585,170,769.96,82.32,1.0
14951,16,53,2516,32,769.95,73.17,1.0
14952,67,5,2567,134,769.95,92.13,1.0
14953,28,57,2528,56,769.94,81.2,1.0
14954,37,30,2537,74,769.92,68.16,1.0
14955,18,37,2518,36,769.92,78.54,1.0
14956,31,36,2531,62,769.91,69.59,1.0
14957,101,6,2601,202,769.9,101.42,1.0
14958,49,50,2549,98,769.89,69.26,1.0
14959,220,58,2720,440,769.89,114.08,1.0
14960,156,7,2656,312,769.88,116.13,1.0
14961,42,52,2542,84,769.86,71.03,1.0
14962,53,55,2553,106,769.85,69.86,1.0
14963,164,7,2664,328,769.81,118.63,1.0
14964,12,50,2512,24,769.8,71.17,1.0
14965,19,44,2519,38,769.8,68.21,1.0
14966,23,44,2523,46,769.78,71.89,1.0
14967,69,54,2569,138,769.78,76.0,1.0
14968,266,60,2766,532,769.78,118.61,1.0
14969,18,51,2518,36,769.76,86.2,1.0
14970,24,33,2524,48,769.76,70.95,1.0
14971,52,38,2552,104,769.73,74.47,1.0
14972,167,6,2667,334,769.71,128.8,1.0
14973,25,47,2525,50,769.7,70.72,1.0
14974,192,7,2692,384,769.69,118.52,1.0
14975,24,39,2524,48,769.68,72.1,1.0
14976,40,37,2540,80,769.67,77.63,1.0
14977,59,56,2559,118,769.67,78.44,1.0
14978,16,51,2516,32,769.66,70.98,1.0
14979,123,58,2623,246,769.66,88.63,1.0
14980,12,40,2512,24,769.62,68.73,1.0
14981,187,59,2687,374,769.62,101.31,1.0
14982,24,32,2524,48,769.58,76.59,1.0
14983,46,49,2546,92,769.57,73.4,1.0
14984,22,34,2522,44,769.56,69.11,1.0
14985,44,57,2544,88,769.56,66.34,1.0
14986,16,59,2516,32,769.49,74.06,1.0
14987,228,8,2728,456,769.48,142.15,1.0
14988,25,31,2525,50,769.47,63.6,1.0
14989,192,60,2692,384,769.47,95.26,1.0
14990,81,58,2581,162,769.46,83.95,1.0
14991,128,55,2628,256,769.46,93.86,1.0
14992,101,56,2601,202,769.44,82.92,1.0
14993,31,46,2531,62,769.39,71.38,1.0
14994,12,43,2512,24,769.38,68.17,1.0
14995,24,48,2524,48,769.38,75.91,1.0
14996,12,47,2512,24,769.37,70.27,1.0
14997,62,55,2562,124,769.36,80.24,1.0
14998,69,53,2569,138,769.36,75.38,1.0
14999,89,56,2589,178,769.35,86.11,1.0
15000,129,60,2629,258,769.35,93.5,1.0
15001,150,59,2650,300,769.34,92.93,1.0
15002,58,50,2558,116,769.33,73.83,1.0
15003,43,50,2543,86,769.32,78.7,1.0
15004,39,51,2539,78,769.29,71.07,1.0
15005,12,52,2512,24,769.29,62.88,1.0
15006,22,45,2522,44,769.28,64.52,1.0
15007,37,38,2537,74,769.26,76.49,1.0
15008,138,6,2638,276,769.26,105.73,1.0
15009,34,37,2534,68,769.25,68.66,1.0
15010,54,57,2554,108,769.25,77.7,1.0
15011,198,60,2698,396,769.23,102.92,1.0
15012,105,56,2605,210,769.22,83.79,1.0
15013,38,55,2538,76,769.21,71.6,1.0
15014,92,60,2592,184,769.21,79.88,1.0
15015,23,48,2523,46,769.18,67.21,1.0
15016,73,59,2573,146,769.18,79.86,1.0
15017,39,37,2539,78,769.17,78.66,1.0
15018,16,33,2516,32,769.17,71.34,1.0
15019,14,41,2514,28,769.16,78.97,1.0
15020,25,45,2525,50,769.16,72.14,1.0
15021,42,56,2542,84,769.15,73.71,1.0
15022,35,37,2535,70,769.14,70.53,1.0
15023,12,45,2512,24,769.14,72.1,1.0
15024,46,48,2546,92,769.13,72.95,1.0
15025,134,55,2634,268,769.1,81.25,1.0
15026,39,42,2539,78,769.08,75.46,1.0
15027,15,54,2515,30,769.07,70.21,1.0
15028,120,56,2620,240,769.07,91.1,1.0
15029,203,6,2703,406,769.07,135.09,1.0
15030,21,59,2521,42,769.04,74.55,1.0
15031,23,36,2523,46,768.99,71.74,1.0
15032,189,59,2689,378,768.99,102.27,1.0
15033,12,46,2512,24,768.98,63.91,1.0
15034,73,57,2573,146,768.98,80.98,1.0
15035,127,58,2627,254,768.97,81.49,1.0
15036,34,45,2534,68,768.95,72.64,1.0
15037,68,58,2568,136,768.94,75.93,1.0
15038,22,54,2522,44,768.93,74.29,1.0
15039,61,51,2561,122,768.91,72.61,1.0
15040,71,59,2571,142,768.91,83.74,1.0
15041,14,58,2514,28,768.9,69.17,1.0
15042,62,56,2562,124,768.9,81.7,1.0
15043,171,6,2671,342,768.9,115.33,1.0
15044,25,44,2525,50,768.89,65.84,1.0
15045,22,43,2522,44,768.88,63.68,1.0
15046,59,5,2559,118,768.85,89.73,1.0
15047,156,59,2656,312,768.84,100.16,1.0
15048,258,8,2758,516,768.82,130.81,1.0
15049,101,57,2601,202,768.8,91.1,1.0
15050,63,54,2563,126,768.76,90.28,1.0
15051,39,50,2539,78,768.72,74.62,1.0
15052,30,45,2530,60,768.72,72.4,1.0
15053,19,56,2519,38,768.71,73.99,1.0
15054,207,58,2707,414,768.71,99.81,1.0
15055,146,6,2646,292,768.7,114.75,1.0
15056,156,58,2656,312,768.7,93.05,1.0
15057,212,58,2712,424,768.7,110.37,1.0
15058,23,54,2523,46,768.68,66.33,1.0
15059,286,60,2786,572,768.68,118.46,1.0
15060,50,51,2550,100,768.67,78.83,1.0
15061,25,51,2525,50,768.64,69.89,1.0
15062,12,31,2512,24,768.63,66.13,1.0
15063,34,47,2534,68,768.6,72.66,1.0
15064,39,47,2539,78,768.6,73.37,1.0
15065,73,55,2573,146,768.6,72.42,1.0
15066,37,33,2537,74,768.59,74.13,1.0
15067,80,60,2580,160,768.57,83.16,1.0
15068,16,55,2516,32,768.56,70.59,1.0
15069,23,47,2523,46,768.54,73.95,1.0
15070,212,59,2712,424,768.51,113.22,1.0
15071,23,50,2523,46,768.5,70.27,1.0
15072,28,55,2528,56,768.48,67.83,1.0
15073,228,60,2728,456,768.47,105.95,1.0
15074,142,58,2642,284,768.44,96.24,1.0
15075,55,52,2555,110,768.43,70.88,1.0
15076,75,51,2575,150,768.4,75.45,1.0
15077,14,42,2514,28,768.34,67.83,1.0
15078,15,39,2515,30,768.32,69.13,1.0
15079,128,54,2628,256,768.3,90.1,1.0
15080,112,60,2612,224,768.29,92.28,1.0
15081,42,54,2542,84,768.25,70.46,1.0
15082,102,5,2602,204,768.24,104.92,1.0
15083,36,31,2536,72,768.22,74.32,1.0
15084,35,42,2535,70,768.21,70.42,1.0
15085,75,54,2575,150,768.15,84.51,1.0
15086,54,55,2554,108,768.14,80.4,1.0
15087,71,58,2571,142,768.14,81.04,1.0
15088,41,60,2541,82,768.1,76.31,1.0
15089,23,37,2523,46,768.08,71.95,1.0
15090,16,35,2516,32,768.07,72.93,1.0
15091,128,57,2628,256,768.06,86.3,1.0
15092,81,56,2581,162,768.05,79.44,1.0
15093,74,56,2574,148,768.03,76.89,1.0
15094,56,57,2556,112,768.01,81.86,1.0
15095,116,57,2616,232,768.01,95.42,1.0
15096,165,60,2665,330,767.99,102.55,1.0
15097,39,33,2539,78,767.98,73.84,1.0
15098,207,59,2707,414,767.98,101.81,1.0
15099,42,49,2542,84,767.95,72.59,1.0
15100,107,60,2607,214,767.95,82.45,1.0
15101,55,55,2555,110,767.94,74.7,1.0
15102,81,57,2581,162,767.94,93.04,1.0
15103,69,55,2569,138,767.93,82.58,1.0
15104,83,59,2583,166,767.93,80.4,1.0
15105,16,43,2516,32,767.89,69.33,1.0
15106,30,55,2530,60,767.88,75.05,1.0
15107,104,59,2604,208,767.85,85.1,1.0
15108,38,54,2538,76,767.81,74.63,1.0
15109,137,59,2637,274,767.81,88.26,1.0
15110,274,60,2774,548,767.8,108.7,1.0
15111,298,7,2798,596,767.8,132.47,1.0
15112,25,46,2525,50,767.79,66.2,1.0
15113,142,60,2642,284,767.78,93.31,1.0
15114,37,48,2537,74,767.77,74.09,1.0
15115,161,60,2661,322,767.77,104.22,1.0
15116,31,47,2531,62,767.75,72.77,1.0
15117,162,60,2662,324,767.73,88.6,1.0
15118,24,46,2524,48,767.72,72.19,1.0
15119,93,60,2593,186,767.71,72.33,1.0
15120,96,56,2596,192,767.69,79.26,1.0
15121,31,51,2531,62,767.68,79.16,1.0
15122,66,53,2566,132,767.68,69.3,1.0
15123,142,59,2642,284,767.66,90.7,1.0
15124,70,58,2570,140,767.65,86.26,1.0
15125,131,58,2631,262,767.65,80.4,1.0
15126,21,40,2521,42,767.63,64.13,1.0
15127,45,40,2545,90,767.6,76.42,1.0
15128,40,33,2540,80,767.58,75.15,1.0
15129,14,57,2514,28,767.54,78.12,1.0
15130,61,55,2561,122,767.54,84.93,1.0
15131,271,60,2771,542,767.54,112.04,1.0
15132,22,32,2522,44,767.5,72.95,1.0
15133,57,53,2557,114,767.49,77.78,1.0
15134,21,56,2521,42,767.47,67.27,1.0
15135,62,60,2562,124,767.46,88.09,1.0
15136,21,34,2521,42,767.4,73.97,1.0
15137,87,56,2587,174,767.4,81.38,1.0
15138,151,58,2651,302,767.39,98.85,1.0
15139,45,41,2545,90,767.38,70.81,1.0
15140,22,50,2522,44,767.36,68.64,1.0
15141,31,32,2531,62,767.35,75.26,1.0
15142,105,58,2605,210,767.32,81.54,1.0
15143,24,50,2524,48,767.31,70.66,1.0
15144,56,54,2556,112,767.31,75.87,1.0
15145,91,58,2591,182,767.31,87.09,1.0
15146,145,58,2645,290,767.3,94.79,1.0
15147,122,6,2622,244,767.25,106.02,1.0
15148,59,57,2559,118,767.21,75.71,1.0
15149,76,60,2576,152,767.21,81.32,1.0
15150,147,59,2647,294,767.19,89.12,1.0
15151,56,55,2556,112,767.16,76.05,1.0
15152,57,51,2557,114,767.16,77.96,1.0
15153,104,60,2604,208,767.14,86.59,1.0
15154,31,50,2531,62,767.13,73.51,1.0
15155,35,30,2535,70,767.12,74.71,1.0
15156,16,32,2516,32,767.1,68.91,1.0
15157,253,59,2753,506,767.08,98.07,1.0
15158,120,57,2620,240,767.02,83.82,1.0
15159,31,44,2531,62,767.0,68.63,1.0
15160,97,6,2597,194,767.0,108.36,1.0
15161,146,60,2646,292,766.98,92.81,1.0
15162,25,40,2525,50,766.95,76.42,1.0
15163,28,58,2528,56,766.94,72.84,1.0
15164,45,34,2545,90,766.9,61.7,1.0
15165,30,56,2530,60,766.86,74.73,1.0
15166,26,49,2526,52,766.84,68.75,1.0
15167,295,9,2795,590,766.84,139.61,1.0
15168,40,49,2540,80,766.81,78.42,1.0
15169,37,44,2537,74,766.81,74.82,1.0
15170,28,59,2528,56,766.81,71.82,1.0
15171,52,37,2552,104,766.78,71.92,1.0
15172,55,50,2555,110,766.78,73.63,1.0
15173,58,52,2558,116,766.78,78.44,1.0
15174,44,59,2544,88,766.76,75.71,1.0
15175,24,53,2524,48,766.76,76.15,1.0
15176,89,58,2589,178,766.76,83.8,1.0
15177,40,30,2540,80,766.75,75.45,1.0
15178,18,42,2518,36,766.72,77.43,1.0
15179,282,60,2782,564,766.72,102.12,1.0
15180,188,59,2688,376,766.71,90.22,1.0
15181,37,47,2537,74,766.7,70.77,1.0
15182,29,58,2529,58,766.69,70.1,1.0
15183,52,44,2552,104,766.68,73.71,1.0
15184,25,34,2525,50,766.67,73.98,1.0
15185,94,60,2594,188,766.65,85.64,1.0
15186,189,60,2689,378,766.64,102.14,1.0
15187,32,44,2532,64,766.6,73.83,1.0
15188,26,60,2526,52,766.6,72.28,1.0
15189,64,56,2564,128,766.6,77.89,1.0
15190,86,59,2586,172,766.58,81.9,1.0
15191,35,31,2535,70,766.54,61.73,1.0
15192,155,58,2655,310,766.51,89.34,1.0
15193,256,7,2756,512,766.5,138.9,1.0
15194,34,48,2534,68,766.49,72.69,1.0
15195,23,52,2523,46,766.49,78.18,1.0
15196,20,43,2520,40,766.49,70.61,1.0
15197,15,44,2515,30,766.49,72.57,1.0
15198,74,57,2574,148,766.48,83.1,1.0
15199,34,36,2534,68,766.44,71.69,1.0
15200,36,40,2536,72,766.39,69.03,1.0
15201,100,59,2600,200,766.38,87.4,1.0
15202,18,36,2518,36,766.36,69.95,1.0
15203,15,51,2515,30,766.36,72.05,1.0
15204,92,59,2592,184,766.36,89.8,1.0
15205,14,34,2514,28,766.35,72.6,1.0
15206,65,55,2565,130,766.33,82.04,1.0
15207,29,52,2529,58,766.29,74.63,1.0
15208,37,5,2537,74,766.23,79.13,1.0
15209,15,35,2515,30,766.23,68.53,1.0
15210,26,56,2526,52,766.23,72.03,1.0
15211,236,59,2736,472,766.23,102.2,1.0
15212,132,58,2632,264,766.22,81.79,1.0
15213,186,60,2686,372,766.22,96.44,1.0
15214,23,55,2523,46,766.18,70.85,1.0
15215,18,30,2518,36,766.18,69.08,1.0
15216,28,49,2528,56,766.16,67.23,1.0
15217,151,59,2651,302,766.11,95.06,1.0
15218,45,45,2545,90,766.1,73.11,1.0
15219,239,7,2739,478,766.05,128.13,1.0
15220,36,48,2536,72,766.04,76.65,1.0
15221,32,37,2532,64,766.02,68.12,1.0
15222,72,56,2572,144,766.0,85.51,1.0
15223,114,60,2614,228,765.99,88.46,1.0
15224,23,45,2523,46,765.95,64.12,1.0
15225,133,59,2633,266,765.95,92.41,1.0
15226,29,56,2529,58,765.94,77.1,1.0
15227,30,53,2530,60,765.93,72.71,1.0
15228,226,60,2726,452,765.92,108.35,1.0
15229,52,36,2552,104,765.88,78.47,1.0
15230,35,39,2535,70,765.86,67.35,1.0
15231,35,41,2535,70,765.84,77.38,1.0
15232,64,57,2564,128,765.82,79.01,1.0
15233,74,59,2574,148,765.82,83.55,1.0
15234,153,60,2653,306,765.78,101.12,1.0
15235,26,50,2526,52,765.76,73.6,1.0
15236,93,59,2593,186,765.76,78.6,1.0
15237,111,60,2611,222,765.76,103.99,1.0
15238,35,33,2535,70,765.75,72.04,1.0
15239,103,56,2603,206,765.72,81.4,1.0
15240,116,58,2616,232,765.69,91.14,1.0
15241,188,58,2688,376,765.68,95.35,1.0
15242,59,58,2559,118,765.67,79.61,1.0
15243,91,59,2591,182,765.66,84.18,1.0
15244,49,5,2549,98,765.65,88.59,1.0
15245,63,55,2563,126,765.61,84.37,1.0
15246,52,41,2552,104,765.58,71.59,1.0
15247,68,60,2568,136,765.57,82.76,1.0
15248,44,58,2544,88,765.56,74.4,1.0
15249,166,60,2666,332,765.52,94.39,1.0
15250,32,30,2532,64,765.46,68.68,1.0
15251,31,48,2531,62,765.45,80.55,1.0
15252,50,50,2550,100,765.45,65.2,1.0
15253,35,44,2535,70,765.44,74.13,1.0
15254,19,57,2519,38,765.42,70.44,1.0
15255,236,7,2736,472,765.42,129.8,1.0
15256,45,36,2545,90,765.4,67.72,1.0
15257,37,45,2537,74,765.39,70.85,1.0
15258,35,36,2535,70,765.38,69.81,1.0
15259,31,54,2531,62,765.38,79.95,1.0
15260,16,56,2516,32,765.38,79.95,1.0
15261,130,6,2630,260,765.37,111.96,1.0
15262,257,60,2757,514,765.37,112.53,1.0
15263,36,34,2536,72,765.36,70.03,1.0
15264,78,55,2578,156,765.35,76.9,1.0
15265,18,34,2518,36,765.33,70.81,1.0
15266,66,55,2566,132,765.33,77.94,1.0
15267,19,51,2519,38,765.28,73.57,1.0
15268,52,42,2552,104,765.27,70.99,1.0
15269,171,60,2671,342,765.27,105.38,1.0
15270,120,6,2620,240,765.26,115.82,1.0
15271,82,59,2582,164,765.23,90.16,1.0
15272,9,46,2509,18,765.22,76.25,1.0
15273,36,33,2536,72,765.22,70.67,1.0
15274,25,49,2525,50,765.2,66.47,1.0
15275,238,7,2738,476,765.2,129.86,1.0
15276,70,57,2570,140,765.19,78.91,1.0
15277,72,55,2572,144,765.18,84.0,1.0
15278,82,58,2582,164,765.18,87.19,1.0
15279,79,57,2579,158,765.17,74.92,1.0
15280,145,56,2645,290,765.17,95.42,1.0
15281,195,60,2695,390,765.16,103.57,1.0
15282,216,7,2716,432,765.1,129.25,1.0
15283,275,59,2775,550,765.1,105.64,1.0
15284,56,58,2556,112,765.07,77.4,1.0
15285,110,6,2610,220,765.07,111.63,1.0
15286,45,37,2545,90,765.06,72.85,1.0
15287,45,47,2545,90,765.02,68.71,1.0
15288,96,57,2596,192,765.02,85.12,1.0
15289,53,59,2553,106,764.98,83.01,1.0
15290,20,42,2520,40,764.97,72.5,1.0
15291,79,58,2579,158,764.95,78.81,1.0
15292,56,59,2556,112,764.94,75.84,1.0
15293,14,32,2514,28,764.93,74.03,1.0
15294,15,33,2515,30,764.92,65.35,1.0
15295,74,58,2574,148,764.91,78.77,1.0
15296,149,6,2649,298,764.91,120.46,1.0
15297,42,57,2542,84,764.89,69.13,1.0
15298,210,60,2710,420,764.88,106.4,1.0
15299,18,55,2518,36,764.86,87.69,1.0
15300,150,6,2650,300,764.86,114.68,1.0
15301,244,8,2744,488,764.86,148.85,1.0
15302,254,60,2754,508,764.85,107.78,1.0
15303,77,58,2577,154,764.82,78.41,1.0
15304,50,54,2550,100,764.81,75.42,1.0
15305,28,51,2528,56,764.74,76.37,1.0
15306,9,37,2509,18,764.66,70.22,1.0
15307,25,57,2525,50,764.66,75.52,1.0
15308,26,52,2526,52,764.66,76.44,1.0
15309,225,58,2725,450,764.66,103.88,1.0
15310,91,60,2591,182,764.62,85.03,1.0
15311,139,6,2639,278,764.62,113.32,1.0
15312,14,50,2514,28,764.61,74.56,1.0
15313,126,60,2626,252,764.61,93.18,1.0
15314,116,60,2616,232,764.6,86.75,1.0
15315,47,60,2547,94,764.58,82.56,1.0
15316,45,46,2545,90,764.53,69.52,1.0
15317,158,60,2658,316,764.52,90.01,1.0
15318,173,6,2673,346,764.52,116.65,1.0
15319,38,60,2538,76,764.5,72.35,1.0
15320,52,32,2552,104,764.5,74.12,1.0
15321,35,47,2535,70,764.47,74.66,1.0
15322,25,48,2525,50,764.47,73.02,1.0
15323,134,57,2634,268,764.47,87.77,1.0
15324,45,48,2545,90,764.43,71.26,1.0
15325,37,41,2537,74,764.42,72.28,1.0
15326,90,58,2590,180,764.42,88.82,1.0
15327,12,49,2512,24,764.4,71.49,1.0
15328,14,52,2514,28,764.38,78.32,1.0
15329,49,56,2549,98,764.38,75.2,1.0
15330,36,38,2536,72,764.36,67.17,1.0
15331,105,60,2605,210,764.36,86.37,1.0
15332,18,45,2518,36,764.33,75.77,1.0
15333,28,56,2528,56,764.27,70.01,1.0
15334,124,57,2624,248,764.2,96.88,1.0
15335,96,55,2596,192,764.12,83.23,1.0
15336,115,59,2615,230,764.11,88.96,1.0
15337,22,48,2522,44,764.08,68.95,1.0
15338,36,47,2536,72,763.97,73.72,1.0
15339,5,42,2505,10,763.94,71.68,1.0
15340,22,56,2522,44,763.93,68.6,1.0
15341,230,59,2730,460,763.92,106.95,1.0
15342,12,56,2512,24,763.9,71.4,1.0
15343,127,59,2627,254,763.9,87.69,1.0
15344,42,46,2542,84,763.88,77.2,1.0
15345,31,52,2531,62,763.88,76.62,1.0
15346,6,38,2506,12,763.81,69.81,1.0
15347,77,60,2577,154,763.81,85.93,1.0
15348,24,54,2524,48,763.8,74.53,1.0
15349,42,50,2542,84,763.78,77.96,1.0
15350,84,5,2584,168,763.76,97.36,1.0
15351,18,48,2518,36,763.73,72.23,1.0
15352,24,49,2524,48,763.72,66.99,1.0
15353,48,5,2548,96,763.68,83.54,1.0
15354,197,7,2697,394,763.68,131.2,1.0
15355,24,30,2524,48,763.65,66.05,1.0
15356,18,43,2518,36,763.63,81.41,1.0
15357,139,60,2639,278,763.61,88.52,1.0
15358,52,35,2552,104,763.6,73.99,1.0
15359,58,51,2558,116,763.59,70.43,1.0
15360,62,59,2562,124,763.59,80.93,1.0
15361,63,57,2563,126,763.58,95.54,1.0
15362,35,43,2535,70,763.57,73.09,1.0
15363,40,41,2540,80,763.56,74.95,1.0
15364,75,6,2575,150,763.56,100.61,1.0
15365,132,59,2632,264,763.56,85.4,1.0
15366,36,41,2536,72,763.52,65.96,1.0
15367,29,55,2529,58,763.52,74.13,1.0
15368,264,59,2764,528,763.5,111.07,1.0
15369,16,49,2516,32,763.48,69.39,1.0
15370,35,34,2535,70,763.47,73.81,1.0
15371,18,31,2518,36,763.46,79.92,1.0
15372,34,46,2534,68,763.45,71.4,1.0
15373,37,51,2537,74,763.44,75.51,1.0
15374,60,60,2560,120,763.38,92.78,1.0
15375,95,59,2595,190,763.37,79.29,1.0
15376,250,60,2750,500,763.36,110.14,1.0
15377,9,35,2509,18,763.34,66.77,1.0
15378,43,53,2543,86,763.34,74.2,1.0
15379,18,40,2518,36,763.34,69.71,1.0
15380,137,60,2637,274,763.34,92.43,1.0
15381,151,6,2651,302,763.34,120.18,1.0
15382,257,59,2757,514,763.33,111.93,1.0
15383,37,37,2537,74,763.32,72.1,1.0
15384,31,58,2531,62,763.32,78.24,1.0
15385,32,39,2532,64,763.32,71.04,1.0
15386,95,58,2595,190,763.31,86.07,1.0
15387,18,38,2518,36,763.3,73.14,1.0
15388,168,60,2668,336,763.22,101.1,1.0
15389,52,30,2552,104,763.21,72.71,1.0
15390,157,55,2657,314,763.18,102.85,1.0
15391,5,34,2505,10,763.16,69.38,1.0
15392,70,60,2570,140,763.13,83.38,1.0
15393,30,59,2530,60,763.12,77.21,1.0
15394,65,57,2565,130,763.11,74.65,1.0
15395,6,34,2506,12,763.1,73.24,1.0
15396,53,57,2553,106,763.08,78.11,1.0
15397,14,54,2514,28,763.03,77.33,1.0
15398,38,58,2538,76,763.02,72.4,1.0
15399,106,59,2606,212,763.02,82.11,1.0
15400,220,7,2720,440,762.99,134.83,1.0
15401,61,5,2561,122,762.98,90.58,1.0
15402,103,58,2603,206,762.96,83.35,1.0
15403,40,34,2540,80,762.95,69.73,1.0
15404,18,35,2518,36,762.95,71.79,1.0
15405,24,40,2524,48,762.94,71.22,1.0
15406,57,52,2557,114,762.92,71.82,1.0
15407,160,59,2660,320,762.92,86.53,1.0
15408,14,56,2514,28,762.85,78.77,1.0
15409,24,51,2524,48,762.85,76.22,1.0
15410,29,50,2529,58,762.82,72.2,1.0
15411,14,55,2514,28,762.8,78.61,1.0
15412,30,57,2530,60,762.8,79.37,1.0
15413,70,59,2570,140,762.8,75.46,1.0
15414,72,60,2572,144,762.8,88.58,1.0
15415,207,60,2707,414,762.72,104.39,1.0
15416,25,43,2525,50,762.71,70.49,1.0
15417,181,6,2681,362,762.71,122.69,1.0
15418,61,54,2561,122,762.65,77.2,1.0
15419,45,49,2545,90,762.62,65.51,1.0
15420,63,56,2563,126,762.59,88.9,1.0
15421,42,60,2542,84,762.56,77.1,1.0
15422,88,60,2588,176,762.54,85.54,1.0
15423,98,59,2598,196,762.53,91.85,1.0
15424,236,60,2736,472,762.52,102.72,1.0
15425,12,53,2512,24,762.51,67.52,1.0
15426,103,57,2603,206,762.51,89.16,1.0
15427,197,60,2697,394,762.51,98.46,1.0
15428,98,57,2598,196,762.5,94.51,1.0
15429,36,45,2536,72,762.48,76.57,1.0
15430,35,40,2535,70,762.38,70.08,1.0
15431,15,58,2515,30,762.36,73.51,1.0
15432,90,60,2590,180,762.36,85.85,1.0
15433,82,57,2582,164,762.36,88.46,1.0
15434,121,60,2621,242,762.34,81.95,1.0
15435,52,39,2552,104,762.32,75.24,1.0
15436,20,45,2520,40,762.29,70.26,1.0
15437,124,58,2624,248,762.28,95.77,1.0
15438,23,59,2523,46,762.26,74.43,1.0
15439,37,49,2537,74,762.24,69.28,1.0
15440,54,60,2554,108,762.24,83.85,1.0
15441,15,47,2515,30,762.2,70.99,1.0
15442,65,58,2565,130,762.18,75.86,1.0
15443,48,52,2548,96,762.17,76.38,1.0
15444,52,49,2552,104,762.17,75.57,1.0
15445,71,5,2571,142,762.16,99.41,1.0
15446,299,7,2799,598,762.16,138.81,1.0
15447,52,33,2552,104,762.11,73.52,1.0
15448,2,42,2502,4,762.1,75.77,1.0
15449,36,42,2536,72,762.08,73.71,1.0
15450,99,60,2599,198,761.98,89.0,1.0
15451,168,59,2668,336,761.98,85.59,1.0
15452,130,58,2630,260,761.97,94.03,1.0
15453,176,6,2676,352,761.96,118.58,1.0
15454,18,32,2518,36,761.9,71.92,1.0
15455,34,49,2534,68,761.88,71.94,1.0
15456,56,60,2556,112,761.86,75.73,1.0
15457,69,5,2569,138,761.86,92.65,1.0
15458,32,36,2532,64,761.85,64.16,1.0
15459,49,57,2549,98,761.85,71.59,1.0
15460,5,31,2505,10,761.83,74.81,1.0
15461,29,30,2529,58,761.83,71.88,1.0
15462,268,60,2768,536,761.79,121.72,1.0
15463,24,59,2524,48,761.76,71.2,1.0
15464,130,59,2630,260,761.75,87.63,1.0
15465,40,35,2540,80,761.7,70.83,1.0
15466,25,54,2525,50,761.68,66.96,1.0
15467,32,45,2532,64,761.64,71.07,1.0
15468,111,59,2611,222,761.64,84.37,1.0
15469,18,47,2518,36,761.62,78.6,1.0
15470,15,60,2515,30,761.56,74.54,1.0
15471,289,7,2789,578,761.55,138.51,1.0
15472,169,60,2669,338,761.54,101.82,1.0
15473,26,54,2526,52,761.5,73.83,1.0
15474,99,59,2599,198,761.5,86.86,1.0
15475,97,56,2597,194,761.48,84.5,1.0
15476,71,60,2571,142,761.47,87.94,1.0
15477,123,59,2623,246,761.46,85.97,1.0
15478,5,40,2505,10,761.44,70.47,1.0
15479,249,7,2749,498,761.43,139.53,1.0
15480,110,60,2610,220,761.42,95.04,1.0
15481,40,40,2540,80,761.39,72.2,1.0
15482,18,54,2518,36,761.39,76.13,1.0
15483,20,36,2520,40,761.38,64.72,1.0
15484,225,60,2725,450,761.38,99.07,1.0
15485,43,56,2543,86,761.37,82.53,1.0
15486,32,43,2532,64,761.37,76.17,1.0
15487,180,6,2680,360,761.36,108.91,1.0
15488,72,58,2572,144,761.32,81.32,1.0
15489,65,59,2565,130,761.29,82.86,1.0
15490,5,32,2505,10,761.27,65.09,1.0
15491,36,46,2536,72,761.27,73.43,1.0
15492,24,57,2524,48,761.27,75.23,1.0
15493,52,46,2552,104,761.26,73.22,1.0
15494,25,52,2525,50,761.26,68.02,1.0
15495,65,54,2565,130,761.24,82.9,1.0
15496,32,35,2532,64,761.22,71.99,1.0
15497,20,30,2520,40,761.21,68.68,1.0
15498,6,41,2506,12,761.2,67.54,1.0
15499,86,58,2586,172,761.2,87.5,1.0
15500,16,60,2516,32,761.18,70.49,1.0
15501,134,56,2634,268,761.14,92.15,1.0
15502,260,7,2760,520,761.11,140.15,1.0
15503,79,56,2579,158,761.08,80.71,1.0
15504,21,60,2521,42,761.06,76.25,1.0
15505,38,59,2538,76,761.06,69.99,1.0
15506,26,58,2526,52,761.05,75.76,1.0
15507,293,8,2793,586,761.04,145.28,1.0
15508,39,49,2539,78,761.0,77.75,1.0
15509,19,60,2519,38,761.0,78.61,1.0
15510,231,7,2731,462,761.0,125.44,1.0
15511,40,38,2540,80,760.99,75.18,1.0
15512,43,54,2543,86,760.98,78.87,1.0
15513,40,39,2540,80,760.96,77.04,1.0
15514,32,31,2532,64,760.95,72.46,1.0
15515,15,53,2515,30,760.93,71.17,1.0
15516,15,56,2515,30,760.92,76.96,1.0
15517,20,50,2520,40,760.9,72.34,1.0
15518,37,54,2537,74,760.88,77.79,1.0
15519,49,54,2549,98,760.88,73.34,1.0
15520,64,59,2564,128,760.84,82.64,1.0
15521,213,59,2713,426,760.79,104.32,1.0
15522,69,58,2569,138,760.74,86.44,1.0
15523,12,55,2512,24,760.73,76.65,1.0
15524,25,58,2525,50,760.73,76.95,1.0
15525,37,50,2537,74,760.72,72.99,1.0
15526,15,52,2515,30,760.72,72.76,1.0
15527,105,59,2605,210,760.7,92.61,1.0
15528,21,58,2521,42,760.68,76.85,1.0
15529,59,60,2559,118,760.68,85.01,1.0
15530,22,53,2522,44,760.66,70.88,1.0
15531,48,55,2548,96,760.64,77.84,1.0
15532,57,55,2557,114,760.61,85.73,1.0
15533,15,57,2515,30,760.6,73.43,1.0
15534,66,57,2566,132,760.6,87.24,1.0
15535,9,60,2509,18,760.55,78.66,1.0
15536,18,49,2518,36,760.54,75.89,1.0
15537,58,54,2558,116,760.5,83.74,1.0
15538,185,59,2685,370,760.5,102.35,1.0
15539,61,56,2561,122,760.46,81.2,1.0
15540,5,46,2505,10,760.44,75.8,1.0
15541,293,60,2793,586,760.43,106.63,1.0
15542,55,57,2555,110,760.42,74.67,1.0
15543,46,51,2546,92,760.39,75.46,1.0
15544,40,45,2540,80,760.38,76.76,1.0
15545,27,32,2527,54,760.37,75.37,1.0
15546,9,54,2509,18,760.34,65.56,1.0
15547,42,58,2542,84,760.34,77.57,1.0
15548,37,53,2537,74,760.33,71.84,1.0
15549,46,53,2546,92,760.3,75.35,1.0
15550,17,36,2517,34,760.29,65.25,1.0
15551,49,55,2549,98,760.29,72.06,1.0
15552,26,55,2526,52,760.27,79.51,1.0
15553,20,5,2520,40,760.26,79.26,1.0
15554,63,59,2563,126,760.25,82.2,1.0
15555,272,7,2772,544,760.24,133.87,1.0
15556,5,35,2505,10,760.23,71.64,1.0
15557,94,59,2594,188,760.18,84.63,1.0
15558,105,6,2605,210,760.18,101.33,1.0
15559,61,57,2561,122,760.17,82.79,1.0
15560,3,54,2503,6,760.16,76.36,1.0
15561,115,58,2615,230,760.14,77.78,1.0
15562,2,39,2502,4,760.12,76.82,1.0
15563,52,43,2552,104,760.11,69.62,1.0
15564,35,32,2535,70,760.1,73.3,1.0
15565,77,59,2577,154,760.1,84.08,1.0
15566,32,47,2532,64,760.08,73.37,1.0
15567,187,60,2687,374,760.05,98.64,1.0
15568,194,6,2694,388,760.05,120.54,1.0
15569,209,60,2709,418,760.04,99.39,1.0
15570,22,52,2522,44,760.03,69.32,1.0
15571,20,35,2520,40,760.02,69.5,1.0
15572,32,38,2532,64,760.02,73.18,1.0
15573,23,56,2523,46,760.01,76.77,1.0
15574,55,5,2555,110,759.92,90.88,1.0
15575,23,60,2523,46,759.91,69.62,1.0
15576,186,59,2686,372,759.89,102.97,1.0
15577,135,6,2635,270,759.88,112.15,1.0
15578,82,5,2582,164,759.86,94.15,1.0
15579,6,51,2506,12,759.85,69.38,1.0
15580,55,56,2555,110,759.81,75.32,1.0
15581,49,60,2549,98,759.8,74.62,1.0
15582,142,6,2642,284,759.8,118.66,1.0
15583,87,58,2587,174,759.74,85.53,1.0
15584,42,59,2542,84,759.73,78.01,1.0
15585,26,53,2526,52,759.72,69.87,1.0
15586,2,30,2502,4,759.69,69.33,1.0
15587,207,7,2707,414,759.69,125.7,1.0
15588,6,55,2506,12,759.63,68.52,1.0
15589,73,60,2573,146,759.6,84.31,1.0
15590,34,52,2534,68,759.59,76.64,1.0
15591,50,53,2550,100,759.58,75.86,1.0
15592,45,33,2545,90,759.57,71.19,1.0
15593,218,60,2718,436,759.54,117.91,1.0
15594,45,50,2545,90,759.53,68.98,1.0
15595,23,58,2523,46,759.52,77.0,1.0
15596,152,6,2652,304,759.49,117.43,1.0
15597,237,7,2737,474,759.48,139.45,1.0
15598,30,58,2530,60,759.44,78.32,1.0
15599,31,55,2531,62,759.38,81.49,1.0
15600,52,45,2552,104,759.38,71.73,1.0
15601,48,53,2548,96,759.36,74.96,1.0
15602,63,5,2563,126,759.35,102.29,1.0
15603,269,60,2769,538,759.31,109.89,1.0
15604,18,57,2518,36,759.29,70.89,1.0
15605,35,35,2535,70,759.27,71.46,1.0
15606,18,60,2518,36,759.26,78.69,1.0
15607,53,5,2553,106,759.26,98.54,1.0
15608,25,53,2525,50,759.24,69.77,1.0
15609,56,5,2556,112,759.24,96.66,1.0
15610,72,57,2572,144,759.24,82.89,1.0
15611,67,59,2567,134,759.19,81.16,1.0
15612,35,52,2535,70,759.18,76.79,1.0
15613,261,7,2761,522,759.14,128.33,1.0
15614,31,56,2531,62,759.06,80.6,1.0
15615,35,38,2535,70,759.04,69.58,1.0
15616,35,48,2535,70,759.02,72.33,1.0
15617,63,60,2563,126,759.02,90.91,1.0
15618,27,42,2527,54,759.01,69.41,1.0
15619,62,5,2562,124,758.97,97.47,1.0
15620,32,33,2532,64,758.96,71.72,1.0
15621,133,60,2633,266,758.93,98.19,1.0
15622,34,56,2534,68,758.92,72.14,1.0
15623,18,46,2518,36,758.92,78.27,1.0
15624,10,41,2510,20,758.9,76.19,1.0
15625,20,41,2520,40,758.9,71.88,1.0
15626,20,33,2520,40,758.88,75.88,1.0
15627,201,60,2701,402,758.88,118.01,1.0
15628,5,53,2505,10,758.86,76.14,1.0
15629,9,51,2509,18,758.85,70.41,1.0
15630,39,52,2539,78,758.84,74.04,1.0
15631,117,58,2617,234,758.84,81.52,1.0
15632,73,58,2573,146,758.8,78.08,1.0
15633,202,60,2702,404,758.79,96.64,1.0
15634,46,55,2546,92,758.71,76.84,1.0
15635,5,36,2505,10,758.64,73.94,1.0
15636,115,6,2615,230,758.64,113.96,1.0
15637,119,60,2619,238,758.6,87.75,1.0
15638,101,59,2601,202,758.59,85.99,1.0
15639,62,58,2562,124,758.58,84.68,1.0
15640,79,5,2579,158,758.58,102.14,1.0
15641,29,59,2529,58,758.53,78.63,1.0
15642,24,52,2524,48,758.53,66.5,1.0
15643,27,43,2527,54,758.48,72.23,1.0
15644,66,54,2566,132,758.48,80.07,1.0
15645,97,57,2597,194,758.46,88.27,1.0
15646,36,52,2536,72,758.43,69.51,1.0
15647,23,57,2523,46,758.39,68.45,1.0
15648,40,36,2540,80,758.37,71.69,1.0
15649,19,58,2519,38,758.37,68.95,1.0
15650,63,58,2563,126,758.36,89.63,1.0
15651,87,57,2587,174,758.35,81.55,1.0
15652,104,58,2604,208,758.35,87.01,1.0
15653,103,59,2603,206,758.32,101.54,1.0
15654,9,33,2509,18,758.29,71.7,1.0
15655,12,51,2512,24,758.27,76.93,1.0
15656,81,59,2581,162,758.26,83.39,1.0
15657,26,57,2526,52,758.14,74.18,1.0
15658,5,39,2505,10,758.08,70.17,1.0
15659,40,31,2540,80,758.03,75.07,1.0
15660,6,40,2506,12,757.99,73.66,1.0
15661,74,5,2574,148,757.99,95.33,1.0
15662,29,60,2529,58,757.98,75.83,1.0
15663,24,56,2524,48,757.97,73.93,1.0
15664,18,50,2518,36,757.96,72.46,1.0
15665,15,55,2515,30,757.94,75.09,1.0
15666,108,57,2608,216,757.94,86.99,1.0
15667,117,60,2617,234,757.94,93.09,1.0
15668,264,8,2764,528,757.94,122.24,1.0
15669,15,59,2515,30,757.92,71.75,1.0
15670,9,30,2509,18,757.9,70.84,1.0
15671,9,52,2509,18,757.9,71.95,1.0
15672,145,59,2645,290,757.9,85.57,1.0
15673,30,60,2530,60,757.84,79.08,1.0
15674,13,43,2513,26,757.81,73.0,1.0
15675,9,36,2509,18,757.8,66.63,1.0
15676,5,50,2505,10,757.79,66.16,1.0
15677,29,57,2529,58,757.79,77.37,1.0
15678,151,60,2651,302,757.76,89.18,1.0
15679,79,59,2579,158,757.73,80.42,1.0
15680,139,59,2639,278,757.73,94.11,1.0
15681,32,42,2532,64,757.72,67.8,1.0
15682,153,6,2653,306,757.72,123.11,1.0
15683,18,56,2518,36,757.71,72.91,1.0
15684,40,47,2540,80,757.68,77.54,1.0
15685,17,40,2517,34,757.68,65.73,1.0
15686,141,60,2641,282,757.68,92.29,1.0
15687,65,56,2565,130,757.62,74.2,1.0
15688,37,57,2537,74,757.6,72.17,1.0
15689,14,60,2514,28,757.56,74.13,1.0
15690,266,7,2766,532,757.54,135.06,1.0
15691,141,6,2641,282,757.53,115.47,1.0
15692,123,6,2623,246,757.52,104.51,1.0
15693,182,6,2682,364,757.51,125.7,1.0
15694,225,59,2725,450,757.48,108.4,1.0
15695,39,55,2539,78,757.44,77.07,1.0
15696,57,56,2557,114,757.44,74.93,1.0
15697,83,5,2583,166,757.43,93.56,1.0
15698,5,54,2505,10,757.36,75.84,1.0
15699,20,40,2520,40,757.29,72.31,1.0
15700,5,47,2505,10,757.28,71.31,1.0
15701,162,6,2662,324,757.26,117.4,1.0
15702,40,52,2540,80,757.22,77.73,1.0
15703,69,57,2569,138,757.22,85.4,1.0
15704,49,59,2549,98,757.21,72.44,1.0
15705,37,52,2537,74,757.2,68.66,1.0
15706,43,58,2543,86,757.18,77.61,1.0
15707,45,38,2545,90,757.13,62.49,1.0
15708,72,5,2572,144,757.13,97.13,1.0
15709,124,59,2624,248,757.11,98.07,1.0
15710,19,59,2519,38,757.09,76.2,1.0
15711,34,51,2534,68,757.08,70.3,1.0
15712,9,42,2509,18,757.05,70.79,1.0
15713,9,41,2509,18,757.01,67.38,1.0
15714,18,33,2518,36,756.99,72.33,1.0
15715,40,46,2540,80,756.98,78.02,1.0
15716,5,51,2505,10,756.98,77.59,1.0
15717,52,47,2552,104,756.96,74.97,1.0
15718,18,52,2518,36,756.95,70.87,1.0
15719,9,47,2509,18,756.93,70.58,1.0
15720,66,56,2566,132,756.92,81.52,1.0
15721,3,55,2503,6,756.91,72.3,1.0
15722,32,46,2532,64,756.9,71.32,1.0
15723,3,45,2503,6,756.89,76.57,1.0
15724,225,7,2725,450,756.84,143.94,1.0
15725,21,57,2521,42,756.82,75.71,1.0
15726,58,5,2558,116,756.8,90.68,1.0
15727,31,53,2531,62,756.78,72.58,1.0
15728,9,39,2509,18,756.73,67.98,1.0
15729,64,60,2564,128,756.71,83.71,1.0
15730,32,40,2532,64,756.68,78.19,1.0
15731,10,38,2510,20,756.66,76.51,1.0
15732,280,59,2780,560,756.62,116.33,1.0
15733,14,59,2514,28,756.6,77.56,1.0
15734,25,55,2525,50,756.6,76.09,1.0
15735,77,5,2577,154,756.59,98.51,1.0
15736,5,41,2505,10,756.58,70.58,1.0
15737,36,49,2536,72,756.57,80.41,1.0
15738,18,58,2518,36,756.57,73.64,1.0
15739,2,55,2502,4,756.56,73.35,1.0
15740,17,37,2517,34,756.55,69.84,1.0
15741,9,44,2509,18,756.54,72.52,1.0
15742,20,44,2520,40,756.52,77.16,1.0
15743,278,7,2778,556,756.5,136.15,1.0
15744,61,60,2561,122,756.46,77.35,1.0
15745,28,60,2528,56,756.44,76.04,1.0
15746,35,46,2535,70,756.43,68.23,1.0
15747,43,57,2543,86,756.43,86.17,1.0
15748,34,50,2534,68,756.42,76.55,1.0
15749,34,53,2534,68,756.41,72.68,1.0
15750,5,57,2505,10,756.4,77.47,1.0
15751,4,36,2504,8,756.34,69.23,1.0
15752,109,59,2609,218,756.32,93.98,1.0
15753,34,54,2534,68,756.3,75.65,1.0
15754,156,60,2656,312,756.29,89.07,1.0
15755,39,53,2539,78,756.28,75.19,1.0
15756,59,59,2559,118,756.26,72.95,1.0
15757,22,58,2522,44,756.24,67.12,1.0
15758,58,56,2558,116,756.24,82.07,1.0
15759,5,33,2505,10,756.19,70.68,1.0
15760,175,60,2675,350,756.17,87.6,1.0
15761,9,56,2509,18,756.16,77.96,1.0
15762,48,54,2548,96,756.12,68.85,1.0
15763,54,59,2554,108,756.11,75.67,1.0
15764,9,49,2509,18,756.1,69.55,1.0
15765,233,7,2733,466,756.1,123.91,1.0
15766,35,45,2535,70,756.09,73.82,1.0
15767,45,53,2545,90,756.08,65.42,1.0
15768,17,39,2517,34,756.05,69.24,1.0
15769,57,54,2557,114,756.02,75.16,1.0
15770,134,58,2634,268,756.01,81.67,1.0
15771,78,60,2578,156,755.99,83.79,1.0
15772,20,47,2520,40,755.97,73.44,1.0
15773,58,55,2558,116,755.96,82.62,1.0
15774,25,56,2525,50,755.9,73.79,1.0
15775,120,59,2620,240,755.9,92.27,1.0
15776,13,30,2513,26,755.86,73.87,1.0
15777,17,44,2517,34,755.85,74.28,1.0
15778,3,34,2503,6,755.82,75.16,1.0
15779,12,60,2512,24,755.82,73.46,1.0
15780,242,7,2742,484,755.82,136.79,1.0
15781,70,5,2570,140,755.78,99.51,1.0
15782,75,57,2575,150,755.78,78.49,1.0
15783,97,58,2597,194,755.78,89.26,1.0
15784,20,52,2520,40,755.74,75.8,1.0
15785,12,58,2512,24,755.72,67.76,1.0
15786,272,60,2772,544,755.72,107.91,1.0
15787,20,34,2520,40,755.66,71.4,1.0
15788,43,51,2543,86,755.65,79.71,1.0
15789,36,51,2536,72,755.6,77.62,1.0
15790,6,58,2506,12,755.56,71.01,1.0
15791,89,60,2589,178,755.55,86.21,1.0
15792,5,38,2505,10,755.53,75.76,1.0
15793,37,55,2537,74,755.52,73.93,1.0
15794,127,60,2627,254,755.52,90.52,1.0
15795,32,32,2532,64,755.47,67.91,1.0
15796,53,60,2553,106,755.42,80.02,1.0
15797,122,59,2622,244,755.42,87.32,1.0
15798,170,6,2670,340,755.42,124.0,1.0
15799,22,51,2522,44,755.4,65.68,1.0
15800,6,46,2506,12,755.4,72.55,1.0
15801,174,6,2674,348,755.38,123.5,1.0
15802,108,59,2608,216,755.34,89.54,1.0
15803,93,5,2593,186,755.33,90.68,1.0
15804,4,59,2504,8,755.3,72.08,1.0
15805,2,35,2502,4,755.22,73.94,1.0
15806,43,55,2543,86,755.21,78.93,1.0
15807,80,5,2580,160,755.13,96.86,1.0
15808,268,7,2768,536,755.1,144.98,1.0
15809,69,56,2569,138,755.07,75.02,1.0
15810,9,38,2509,18,755.02,69.19,1.0
15811,27,40,2527,54,754.92,71.03,1.0
15812,8,33,2508,16,754.86,70.54,1.0
15813,292,7,2792,584,754.86,140.12,1.0
15814,20,31,2520,40,754.84,69.99,1.0
15815,218,7,2718,436,754.84,127.49,1.0
15816,20,38,2520,40,754.83,70.62,1.0
15817,10,37,2510,20,754.82,72.43,1.0
15818,2,33,2502,4,754.81,69.18,1.0
15819,5,43,2505,10,754.8,71.83,1.0
15820,61,58,2561,122,754.79,82.35,1.0
15821,136,6,2636,272,754.78,105.48,1.0
15822,82,60,2582,164,754.74,87.09,1.0
15823,2,56,2502,4,754.73,75.22,1.0
15824,6,52,2506,12,754.71,75.75,1.0
15825,61,59,2561,122,754.69,78.47,1.0
15826,75,56,2575,150,754.68,77.85,1.0
15827,188,60,2688,376,754.67,99.57,1.0
15828,40,32,2540,80,754.66,78.07,1.0
15829,277,7,2777,554,754.66,136.43,1.0
15830,291,7,2791,582,754.64,141.7,1.0
15831,3,48,2503,6,754.63,76.3,1.0
15832,9,48,2509,18,754.58,73.12,1.0
15833,20,39,2520,40,754.58,71.18,1.0
15834,22,55,2522,44,754.56,69.27,1.0
15835,32,51,2532,64,754.53,78.42,1.0
15836,40,44,2540,80,754.52,70.77,1.0
15837,8,39,2508,16,754.52,71.12,1.0
15838,116,5,2616,232,754.45,107.47,1.0
15839,24,58,2524,48,754.35,76.38,1.0
15840,107,5,2607,214,754.32,99.74,1.0
15841,78,58,2578,156,754.28,89.02,1.0
15842,5,37,2505,10,754.26,73.45,1.0
15843,45,52,2545,90,754.24,71.88,1.0
15844,9,32,2509,18,754.22,69.59,1.0
15845,87,59,2587,174,754.22,83.88,1.0
15846,5,48,2505,10,754.2,74.4,1.0
15847,39,54,2539,78,754.17,71.15,1.0
15848,123,60,2623,246,754.17,95.17,1.0
15849,3,38,2503,6,754.15,76.28,1.0
15850,13,47,2513,26,754.15,70.09,1.0
15851,90,59,2590,180,754.15,86.3,1.0
15852,117,59,2617,234,754.14,89.75,1.0
15853,6,31,2506,12,754.12,70.16,1.0
15854,27,44,2527,54,754.12,70.04,1.0
15855,75,55,2575,150,754.07,77.88,1.0
15856,2,45,2502,4,754.05,74.41,1.0
15857,57,58,2557,114,754.04,80.11,1.0
15858,177,6,2677,354,754.03,120.57,1.0
15859,9,45,2509,18,754.01,73.91,1.0
15860,58,57,2558,116,754.0,81.61,1.0
15861,20,51,2520,40,753.98,71.64,1.0
15862,3,46,2503,6,753.89,71.41,1.0
15863,86,60,2586,172,753.85,87.85,1.0
15864,4,38,2504,8,753.84,69.77,1.0
15865,4,31,2504,8,753.81,70.4,1.0
15866,24,55,2524,48,753.78,73.35,1.0
15867,13,40,2513,26,753.76,66.13,1.0
15868,8,42,2508,16,753.76,73.48,1.0
15869,13,37,2513,26,753.74,69.39,1.0
15870,246,7,2746,492,753.69,136.21,1.0
15871,35,57,2535,70,753.65,76.31,1.0
15872,4,51,2504,8,753.65,76.29,1.0
15873,46,56,2546,92,753.65,78.38,1.0
15874,128,6,2628,256,753.64,111.61,1.0
15875,157,56,2657,314,753.63,93.29,1.0
15876,3,51,2503,6,753.61,69.93,1.0
15877,6,44,2506,12,753.56,69.83,1.0
15878,40,43,2540,80,753.54,77.14,1.0
15879,6,47,2506,12,753.52,76.22,1.0
15880,3,49,2503,6,753.5,75.65,1.0
15881,2,47,2502,4,753.48,71.99,1.0
15882,11,43,2511,22,753.47,70.3,1.0
15883,27,35,2527,54,753.47,74.08,1.0
15884,2,32,2502,4,753.45,73.16,1.0
15885,27,38,2527,54,753.45,74.09,1.0
15886,49,58,2549,98,753.44,76.0,1.0
15887,9,40,2509,18,753.41,70.13,1.0
15888,235,7,2735,470,753.41,132.56,1.0
15889,219,7,2719,438,753.4,132.84,1.0
15890,267,7,2767,534,753.35,148.94,1.0
15891,37,56,2537,74,753.32,73.58,1.0
15892,17,38,2517,34,753.32,65.66,1.0
15893,17,30,2517,34,753.3,68.02,1.0
15894,7,37,2507,14,753.28,77.83,1.0
15895,26,59,2526,52,753.27,80.51,1.0
15896,5,45,2505,10,753.22,67.66,1.0
15897,7,32,2507,14,753.22,71.0,1.0
15898,72,59,2572,144,753.22,85.31,1.0
15899,50,56,2550,100,753.21,74.6,1.0
15900,8,52,2508,16,753.16,74.7,1.0
15901,73,5,2573,146,753.16,93.26,1.0
15902,0,49,2500,0,753.14,75.19,1.0
15903,5,49,2505,10,753.1,67.32,1.0
15904,160,60,2660,320,753.1,97.15,1.0
15905,4,57,2504,8,753.07,74.32,1.0
15906,132,60,2632,264,753.03,98.54,1.0
15907,44,60,2544,88,753.01,80.98,1.0
15908,66,58,2566,132,753.0,79.46,1.0
15909,8,49,2508,16,752.99,67.63,1.0
15910,79,60,2579,158,752.98,84.1,1.0
15911,300,8,2800,600,752.97,140.19,1.0
15912,11,37,2511,22,752.96,71.7,1.0
15913,281,8,2781,562,752.89,147.7,1.0
15914,52,50,2552,104,752.88,77.42,1.0
15915,12,57,2512,24,752.84,73.05,1.0
15916,10,42,2510,20,752.82,71.94,1.0
15917,45,55,2545,90,752.82,72.46,1.0
15918,10,46,2510,20,752.8,69.47,1.0
15919,22,57,2522,44,752.8,71.88,1.0
15920,3,53,2503,6,752.78,74.57,1.0
15921,9,50,2509,18,752.75,68.8,1.0
15922,31,57,2531,62,752.72,84.98,1.0
15923,95,60,2595,190,752.71,92.3,1.0
15924,13,45,2513,26,752.7,75.86,1.0
15925,6,35,2506,12,752.64,71.39,1.0
15926,10,39,2510,20,752.62,63.33,1.0
15927,46,54,2546,92,752.6,78.71,1.0
15928,7,47,2507,14,752.6,74.2,1.0
15929,160,58,2660,320,752.59,92.7,1.0
15930,9,55,2509,18,752.55,74.61,1.0
15931,13,32,2513,26,752.55,64.61,1.0
15932,6,37,2506,12,752.54,76.81,1.0
15933,169,6,2669,338,752.53,114.52,1.0
15934,6,39,2506,12,752.48,72.75,1.0
15935,6,42,2506,12,752.46,71.6,1.0
15936,6,50,2506,12,752.46,72.69,1.0
15937,271,7,2771,542,752.45,135.72,1.0
15938,101,58,2601,202,752.41,85.85,1.0
15939,17,33,2517,34,752.36,73.11,1.0
15940,20,54,2520,40,752.35,79.04,1.0
15941,213,60,2713,426,752.34,95.39,1.0
15942,32,48,2532,64,752.24,72.3,1.0
15943,200,6,2700,400,752.19,113.82,1.0
15944,3,57,2503,6,752.16,79.14,1.0
15945,50,5,2550,100,752.15,88.59,1.0
15946,229,7,2729,458,752.15,136.09,1.0
15947,8,55,2508,16,752.14,71.26,1.0
15948,13,36,2513,26,752.1,67.23,1.0
15949,50,55,2550,100,752.07,71.39,1.0
15950,7,52,2507,14,752.03,77.26,1.0
15951,7,57,2507,14,752.01,80.82,1.0
15952,115,60,2615,230,752.01,94.09,1.0
15953,4,41,2504,8,751.97,69.21,1.0
15954,36,54,2536,72,751.96,72.14,1.0
15955,32,41,2532,64,751.93,70.45,1.0
15956,39,57,2539,78,751.92,82.71,1.0
15957,22,59,2522,44,751.91,74.91,1.0
15958,7,43,2507,14,751.88,77.53,1.0
15959,215,6,2715,430,751.86,124.84,1.0
15960,9,34,2509,18,751.84,68.89,1.0
15961,8,31,2508,16,751.84,73.74,1.0
15962,4,34,2504,8,751.82,69.85,1.0
15963,40,48,2540,80,751.8,74.68,1.0
15964,27,37,2527,54,751.73,68.29,1.0
15965,4,40,2504,8,751.72,73.86,1.0
15966,13,31,2513,26,751.72,72.76,1.0
15967,57,60,2557,114,751.71,81.48,1.0
15968,20,37,2520,40,751.7,74.68,1.0
15969,11,44,2511,22,751.68,72.08,1.0
15970,5,55,2505,10,751.68,73.32,1.0
15971,17,49,2517,34,751.68,71.87,1.0
15972,0,30,2500,0,751.67,79.07,1.0
15973,6,30,2506,12,751.67,71.04,1.0
15974,22,60,2522,44,751.66,73.9,1.0
15975,131,60,2631,262,751.66,84.11,1.0
15976,163,6,2663,326,751.66,113.1,1.0
15977,39,58,2539,78,751.65,77.35,1.0
15978,45,51,2545,90,751.65,69.29,1.0
15979,4,37,2504,8,751.64,71.89,1.0
15980,4,39,2504,8,751.64,74.06,1.0
15981,7,46,2507,14,751.64,72.52,1.0
15982,57,57,2557,114,751.59,79.75,1.0
15983,5,30,2505,10,751.58,74.22,1.0
15984,27,33,2527,54,751.56,68.0,1.0
15985,103,60,2603,206,751.54,91.62,1.0
15986,5,60,2505,10,751.49,68.86,1.0
15987,43,59,2543,86,751.45,83.36,1.0
15988,8,30,2508,16,751.45,66.04,1.0
15989,35,49,2535,70,751.44,73.62,1.0
15990,9,43,2509,18,751.44,73.22,1.0
15991,6,32,2506,12,751.42,73.01,1.0
15992,6,36,2506,12,751.38,71.63,1.0
15993,113,5,2613,226,751.32,107.07,1.0
15994,13,41,2513,26,751.26,69.61,1.0
15995,5,52,2505,10,751.24,71.7,1.0
15996,20,56,2520,40,751.24,75.67,1.0
15997,17,35,2517,34,751.24,68.06,1.0
15998,31,60,2531,62,751.22,80.31,1.0
15999,27,36,2527,54,751.21,69.16,1.0
16000,57,5,2557,114,751.2,85.62,1.0
16001,96,59,2596,192,751.18,88.94,1.0
16002,241,6,2741,482,751.17,136.75,1.0
16003,46,58,2546,92,751.16,78.13,1.0
16004,8,44,2508,16,751.15,68.79,1.0
16005,27,45,2527,54,751.15,69.5,1.0
16006,6,45,2506,12,751.14,67.26,1.0
16007,64,5,2564,128,751.11,93.32,1.0
16008,8,50,2508,16,751.08,67.83,1.0
16009,2,51,2502,4,751.07,76.56,1.0
16010,212,60,2712,424,751.06,102.83,1.0
16011,20,49,2520,40,751.05,76.35,1.0
16012,179,6,2679,358,751.05,117.71,1.0
16013,4,42,2504,8,751.0,72.96,1.0
16014,2,58,2502,4,751.0,70.44,1.0
16015,8,47,2508,16,751.0,67.19,1.0
16016,10,44,2510,20,750.96,69.5,1.0
16017,7,33,2507,14,750.93,69.94,1.0
16018,35,50,2535,70,750.92,73.35,1.0
16019,128,56,2628,256,750.91,85.93,1.0
16020,4,58,2504,8,750.89,76.68,1.0
16021,18,53,2518,36,750.88,78.98,1.0
16022,55,59,2555,110,750.8,78.2,1.0
16023,96,58,2596,192,750.8,97.11,1.0
16024,10,35,2510,20,750.77,77.03,1.0
16025,36,53,2536,72,750.75,74.24,1.0
16026,7,55,2507,14,750.74,76.0,1.0
16027,7,30,2507,14,750.7,78.21,1.0
16028,18,59,2518,36,750.64,76.34,1.0
16029,7,58,2507,14,750.63,77.49,1.0
16030,98,60,2598,196,750.62,96.81,1.0
16031,144,6,2644,288,750.61,121.25,1.0
16032,3,42,2503,6,750.58,71.89,1.0
16033,2,38,2502,4,750.58,80.03,1.0
16034,13,53,2513,26,750.58,67.68,1.0
16035,36,56,2536,72,750.58,78.26,1.0
16036,52,48,2552,104,750.58,71.37,1.0
16037,3,32,2503,6,750.56,74.08,1.0
16038,25,59,2525,50,750.47,73.72,1.0
16039,17,45,2517,34,750.43,69.28,1.0
16040,228,7,2728,456,750.39,139.13,1.0
16041,8,38,2508,16,750.38,70.82,1.0
16042,136,60,2636,272,750.38,92.15,1.0
16043,2,60,2502,4,750.37,73.57,1.0
16044,2,31,2502,4,750.36,70.31,1.0
16045,17,34,2517,34,750.33,63.98,1.0
16046,69,59,2569,138,750.3,80.45,1.0
16047,20,59,2520,40,750.25,74.65,1.0
16048,17,42,2517,34,750.25,70.88,1.0
16049,8,41,2508,16,750.25,74.07,1.0
16050,35,51,2535,70,750.23,74.78,1.0
16051,10,45,2510,20,750.22,74.65,1.0
16052,17,43,2517,34,750.21,73.3,1.0
16053,78,59,2578,156,750.19,77.6,1.0
16054,4,43,2504,8,750.16,67.67,1.0
16055,7,38,2507,14,750.15,70.88,1.0
16056,10,32,2510,20,750.14,74.24,1.0
16057,10,33,2510,20,750.14,68.62,1.0
16058,7,59,2507,14,750.14,81.01,1.0
16059,117,6,2617,234,750.07,111.84,1.0
16060,45,54,2545,90,750.04,71.16,1.0
16061,52,51,2552,104,750.03,73.31,1.0
16062,2,40,2502,4,750.0,66.99,1.0
16063,75,60,2575,150,750.0,84.65,1.0
16064,46,57,2546,92,749.99,78.46,1.0
16065,97,60,2597,194,749.99,88.13,1.0
16066,130,60,2630,260,749.98,90.84,1.0
16067,230,60,2730,460,749.98,108.96,1.0
16068,155,60,2655,310,749.96,93.19,1.0
16069,10,50,2510,20,749.95,69.9,1.0
16070,10,30,2510,20,749.94,69.28,1.0
16071,7,36,2507,14,749.94,71.91,1.0
16072,13,34,2513,26,749.92,70.49,1.0
16073,43,60,2543,86,749.92,79.19,1.0
16074,9,58,2509,18,749.89,73.15,1.0
16075,8,40,2508,16,749.88,71.33,1.0
16076,3,50,2503,6,749.87,73.31,1.0
16077,20,32,2520,40,749.79,74.32,1.0
16078,194,60,2694,388,749.74,100.19,1.0
16079,4,30,2504,8,749.67,73.46,1.0
16080,37,59,2537,74,749.66,76.05,1.0
16081,294,7,2794,588,749.66,139.33,1.0
16082,50,59,2550,100,749.65,77.06,1.0
16083,35,54,2535,70,749.64,73.58,1.0
16084,4,54,2504,8,749.62,70.02,1.0
16085,128,59,2628,256,749.62,95.69,1.0
16086,5,58,2505,10,749.58,76.38,1.0
16087,3,40,2503,6,749.56,70.28,1.0
16088,55,58,2555,110,749.49,73.63,1.0
16089,55,60,2555,110,749.46,79.17,1.0
16090,17,31,2517,34,749.36,64.75,1.0
16091,27,48,2527,54,749.35,69.72,1.0
16092,4,60,2504,8,749.33,72.12,1.0
16093,9,53,2509,18,749.31,73.98,1.0
16094,7,49,2507,14,749.2,75.25,1.0
16095,66,59,2566,132,749.19,81.5,1.0
16096,282,8,2782,564,749.19,146.96,1.0
16097,27,39,2527,54,749.18,78.0,1.0
16098,9,31,2509,18,749.16,69.39,1.0
16099,147,6,2647,294,749.16,117.84,1.0
16100,2,50,2502,4,749.14,65.62,1.0
16101,7,40,2507,14,749.12,70.58,1.0
16102,17,50,2517,34,749.11,66.57,1.0
16103,3,30,2503,6,749.08,73.69,1.0
16104,11,39,2511,22,749.06,68.08,1.0
16105,6,59,2506,12,749.04,64.52,1.0
16106,27,41,2527,54,749.03,73.54,1.0
16107,32,50,2532,64,749.02,74.34,1.0
16108,155,59,2655,310,749.0,91.9,1.0
16109,232,7,2732,464,749.0,135.62,1.0
16110,8,43,2508,16,748.98,70.37,1.0
16111,4,48,2504,8,748.93,76.35,1.0
16112,39,59,2539,78,748.92,77.22,1.0
16113,40,51,2540,80,748.91,79.99,1.0
16114,32,53,2532,64,748.91,78.57,1.0
16115,13,38,2513,26,748.89,75.69,1.0
16116,227,6,2727,454,748.88,131.14,1.0
16117,134,59,2634,268,748.85,92.3,1.0
16118,9,59,2509,18,748.84,73.46,1.0
16119,8,53,2508,16,748.84,71.57,1.0
16120,9,57,2509,18,748.82,70.65,1.0
16121,24,60,2524,48,748.78,75.56,1.0
16122,13,57,2513,26,748.75,71.87,1.0
16123,17,32,2517,34,748.74,68.8,1.0
16124,2,34,2502,4,748.71,72.92,1.0
16125,10,34,2510,20,748.7,74.29,1.0
16126,81,60,2581,162,748.69,86.33,1.0
16127,4,35,2504,8,748.66,71.7,1.0
16128,13,56,2513,26,748.66,75.99,1.0
16129,283,7,2783,566,748.65,137.1,1.0
16130,11,41,2511,22,748.64,70.45,1.0
16131,99,5,2599,198,748.62,103.83,1.0
16132,48,56,2548,96,748.59,79.51,1.0
16133,7,44,2507,14,748.54,67.72,1.0
16134,13,33,2513,26,748.53,71.51,1.0
16135,234,6,2734,468,748.53,133.02,1.0
16136,157,7,2657,314,748.5,132.87,1.0
16137,4,33,2504,8,748.45,71.74,1.0
16138,13,51,2513,26,748.45,66.4,1.0
16139,8,46,2508,16,748.45,79.31,1.0
16140,27,31,2527,54,748.38,71.65,1.0
16141,50,58,2550,100,748.36,69.27,1.0
16142,3,52,2503,6,748.33,64.25,1.0
16143,7,31,2507,14,748.32,73.2,1.0
16144,4,49,2504,8,748.26,71.55,1.0
16145,40,54,2540,80,748.24,84.83,1.0
16146,0,46,2500,0,748.23,71.19,1.0
16147,2,52,2502,4,748.17,71.53,1.0
16148,27,34,2527,54,748.14,69.05,1.0
16149,6,57,2506,12,748.11,65.11,1.0
16150,4,45,2504,8,748.1,69.74,1.0
16151,13,39,2513,26,748.1,72.79,1.0
16152,97,59,2597,194,748.1,86.43,1.0
16153,190,6,2690,380,748.09,114.49,1.0
16154,8,48,2508,16,748.05,74.15,1.0
16155,17,48,2517,34,748.04,70.41,1.0
16156,2,44,2502,4,748.03,69.52,1.0
16157,89,5,2589,178,748.01,103.31,1.0
16158,13,50,2513,26,747.96,70.88,1.0
16159,2,49,2502,4,747.94,74.47,1.0
16160,13,49,2513,26,747.91,69.87,1.0
16161,20,60,2520,40,747.89,75.73,1.0
16162,0,34,2500,0,747.85,65.23,1.0
16163,0,50,2500,0,747.8,69.32,1.0
16164,8,34,2508,16,747.79,73.16,1.0
16165,25,60,2525,50,747.79,72.28,1.0
16166,50,57,2550,100,747.77,80.82,1.0
16167,11,31,2511,22,747.76,70.54,1.0
16168,48,58,2548,96,747.74,81.46,1.0
16169,7,54,2507,14,747.74,72.89,1.0
16170,286,8,2786,572,747.72,147.6,1.0
16171,32,55,2532,64,747.66,71.41,1.0
16172,7,34,2507,14,747.63,73.05,1.0
16173,11,40,2511,22,747.62,73.25,1.0
16174,275,8,2775,550,747.59,139.71,1.0
16175,69,60,2569,138,747.57,81.26,1.0
16176,2,36,2502,4,747.52,78.58,1.0
16177,2,57,2502,4,747.49,75.2,1.0
16178,10,47,2510,20,747.47,77.43,1.0
16179,34,59,2534,68,747.37,82.47,1.0
16180,2,54,2502,4,747.37,72.4,1.0
16181,4,52,2504,8,747.32,69.48,1.0
16182,3,31,2503,6,747.31,71.14,1.0
16183,8,36,2508,16,747.25,74.03,1.0
16184,31,59,2531,62,747.24,82.41,1.0
16185,0,58,2500,0,747.2,63.81,1.0
16186,11,35,2511,22,747.18,70.15,1.0
16187,6,53,2506,12,747.14,68.88,1.0
16188,165,6,2665,330,747.12,135.69,1.0
16189,3,33,2503,6,747.07,67.5,1.0
16190,7,39,2507,14,747.07,78.44,1.0
16191,3,36,2503,6,747.06,73.18,1.0
16192,39,56,2539,78,747.04,79.8,1.0
16193,253,60,2753,506,747.02,97.62,1.0
16194,297,60,2797,594,747.02,121.09,1.0
16195,17,55,2517,34,747.01,75.13,1.0
16196,37,58,2537,74,747.0,74.91,1.0
16197,8,37,2508,16,746.99,70.1,1.0
16198,6,60,2506,12,746.96,74.03,1.0
16199,27,5,2527,54,746.94,82.64,1.0
16200,52,5,2552,104,746.92,79.54,1.0
16201,7,56,2507,14,746.9,72.0,1.0
16202,211,6,2711,422,746.9,141.44,1.0
16203,10,43,2510,20,746.88,74.77,1.0
16204,198,6,2698,396,746.86,112.8,1.0
16205,4,46,2504,8,746.8,63.01,1.0
16206,4,50,2504,8,746.8,70.4,1.0
16207,6,43,2506,12,746.8,69.46,1.0
16208,36,55,2536,72,746.79,75.66,1.0
16209,131,59,2631,262,746.78,92.68,1.0
16210,36,50,2536,72,746.77,75.95,1.0
16211,13,52,2513,26,746.72,73.02,1.0
16212,187,6,2687,374,746.72,120.15,1.0
16213,6,56,2506,12,746.68,76.39,1.0
16214,27,46,2527,54,746.66,73.84,1.0
16215,65,60,2565,130,746.66,80.75,1.0
16216,124,60,2624,248,746.65,100.65,1.0
16217,3,44,2503,6,746.63,73.9,1.0
16218,204,6,2704,408,746.62,122.65,1.0
16219,0,52,2500,0,746.58,66.93,1.0
16220,3,41,2503,6,746.56,74.47,1.0
16221,13,54,2513,26,746.55,71.54,1.0
16222,297,8,2797,594,746.54,150.67,1.0
16223,245,7,2745,490,746.49,136.69,1.0
16224,35,53,2535,70,746.48,71.98,1.0
16225,185,60,2685,370,746.48,99.52,1.0
16226,11,42,2511,22,746.47,69.42,1.0
16227,6,33,2506,12,746.42,70.07,1.0
16228,0,42,2500,0,746.38,69.36,1.0
16229,5,59,2505,10,746.33,74.04,1.0
16230,13,42,2513,26,746.32,63.2,1.0
16231,34,55,2534,68,746.28,77.88,1.0
16232,3,43,2503,6,746.28,73.0,1.0
16233,13,44,2513,26,746.26,72.47,1.0
16234,52,54,2552,104,746.26,78.13,1.0
16235,39,60,2539,78,746.23,83.33,1.0
16236,35,58,2535,70,746.22,72.35,1.0
16237,20,53,2520,40,746.21,76.57,1.0
16238,20,55,2520,40,746.2,74.69,1.0
16239,0,54,2500,0,746.17,69.91,1.0
16240,11,34,2511,22,746.15,69.53,1.0
16241,134,6,2634,268,746.11,105.15,1.0
16242,6,49,2506,12,746.08,70.77,1.0
16243,27,47,2527,54,746.04,71.35,1.0
16244,0,44,2500,0,745.98,71.53,1.0
16245,75,58,2575,150,745.98,74.79,1.0
16246,195,6,2695,390,745.88,121.77,1.0
16247,35,55,2535,70,745.87,73.17,1.0
16248,2,46,2502,4,745.86,68.04,1.0
16249,10,40,2510,20,745.82,70.61,1.0
16250,7,41,2507,14,745.78,77.27,1.0
16251,20,58,2520,40,745.76,73.01,1.0
16252,175,59,2675,350,745.75,97.22,1.0
16253,3,47,2503,6,745.72,72.34,1.0
16254,52,52,2552,104,745.69,72.78,1.0
16255,10,52,2510,20,745.67,76.0,1.0
16256,52,53,2552,104,745.6,68.16,1.0
16257,240,7,2740,480,745.57,135.28,1.0
16258,5,56,2505,10,745.56,71.36,1.0
16259,229,60,2729,458,745.54,103.61,1.0
16260,4,47,2504,8,745.5,76.1,1.0
16261,10,55,2510,20,745.42,75.29,1.0
16262,108,60,2608,216,745.4,79.5,1.0
16263,125,5,2625,250,745.4,112.55,1.0
16264,20,57,2520,40,745.34,80.78,1.0
16265,52,55,2552,104,745.24,79.34,1.0
16266,8,57,2508,16,745.24,72.98,1.0
16267,57,59,2557,114,745.22,78.16,1.0
16268,10,31,2510,20,745.21,68.21,1.0
16269,27,30,2527,54,745.19,75.54,1.0
16270,11,45,2511,22,745.17,72.38,1.0
16271,13,46,2513,26,745.09,71.31,1.0
16272,128,60,2628,256,745.07,99.28,1.0
16273,0,37,2500,0,745.06,68.7,1.0
16274,17,41,2517,34,745.04,69.82,1.0
16275,10,51,2510,20,745.0,71.28,1.0
16276,10,53,2510,20,745.0,79.38,1.0
16277,284,7,2784,568,744.99,146.05,1.0
16278,7,60,2507,14,744.98,76.75,1.0
16279,8,51,2508,16,744.97,71.76,1.0
16280,87,60,2587,174,744.95,81.43,1.0
16281,0,57,2500,0,744.93,68.97,1.0
16282,10,48,2510,20,744.84,79.12,1.0
16283,11,58,2511,22,744.82,68.82,1.0
16284,6,54,2506,12,744.81,70.99,1.0
16285,4,44,2504,8,744.8,72.45,1.0
16286,288,7,2788,576,744.8,137.27,1.0
16287,122,58,2622,244,744.76,88.02,1.0
16288,48,57,2548,96,744.73,81.81,1.0
16289,3,35,2503,6,744.69,67.78,1.0
16290,8,58,2508,16,744.66,73.99,1.0
16291,11,46,2511,22,744.64,72.04,1.0
16292,17,51,2517,34,744.61,73.12,1.0
16293,0,48,2500,0,744.6,72.56,1.0
16294,6,48,2506,12,744.59,67.46,1.0
16295,143,5,2643,286,744.59,118.94,1.0
16296,2,41,2502,4,744.54,66.61,1.0
16297,3,58,2503,6,744.48,68.46,1.0
16298,27,49,2527,54,744.44,68.67,1.0
16299,66,60,2566,132,744.44,81.5,1.0
16300,4,55,2504,8,744.42,68.13,1.0
16301,7,35,2507,14,744.42,69.3,1.0
16302,220,60,2720,440,744.42,103.09,1.0
16303,8,56,2508,16,744.37,74.91,1.0
16304,7,42,2507,14,744.32,72.62,1.0
16305,48,60,2548,96,744.21,82.14,1.0
16306,13,35,2513,26,744.19,66.37,1.0
16307,7,45,2507,14,744.17,73.72,1.0
16308,20,48,2520,40,744.16,79.09,1.0
16309,133,6,2633,266,744.11,118.56,1.0
16310,7,50,2507,14,744.1,77.54,1.0
16311,120,60,2620,240,744.1,90.16,1.0
16312,11,48,2511,22,744.08,73.03,1.0
16313,8,45,2508,16,744.05,69.08,1.0
16314,109,60,2609,218,744.03,94.28,1.0
16315,0,32,2500,0,744.0,75.53,1.0
16316,1,43,2501,2,743.98,68.16,1.0
16317,262,6,2762,524,743.96,131.74,1.0
16318,78,5,2578,156,743.93,104.44,1.0
16319,2,48,2502,4,743.9,73.32,1.0
16320,4,53,2504,8,743.82,68.37,1.0
16321,230,7,2730,460,743.75,134.38,1.0
16322,2,59,2502,4,743.62,75.05,1.0
16323,58,58,2558,116,743.62,80.67,1.0
16324,11,50,2511,22,743.61,64.04,1.0
16325,40,50,2540,80,743.58,86.03,1.0
16326,3,39,2503,6,743.58,71.77,1.0
16327,35,56,2535,70,743.56,75.31,1.0
16328,7,53,2507,14,743.56,74.9,1.0
16329,285,7,2785,570,743.55,151.87,1.0
16330,0,35,2500,0,743.53,72.47,1.0
16331,91,5,2591,182,743.42,99.17,1.0
16332,0,53,2500,0,743.31,75.64,1.0
16333,7,48,2507,14,743.3,69.28,1.0
16334,3,37,2503,6,743.27,73.25,1.0
16335,10,49,2510,20,743.14,74.28,1.0
16336,129,5,2629,258,743.12,108.39,1.0
16337,11,36,2511,22,743.09,65.64,1.0
16338,32,56,2532,64,743.09,80.86,1.0
16339,94,5,2594,188,743.04,101.24,1.0
16340,4,32,2504,8,742.94,73.86,1.0
16341,17,46,2517,34,742.91,75.53,1.0
16342,128,58,2628,256,742.88,85.4,1.0
16343,96,6,2596,192,742.87,115.09,1.0
16344,281,60,2781,562,742.83,110.27,1.0
16345,2,37,2502,4,742.72,73.44,1.0
16346,0,51,2500,0,742.57,72.36,1.0
16347,0,43,2500,0,742.53,73.53,1.0
16348,32,49,2532,64,742.53,79.9,1.0
16349,58,59,2558,116,742.53,80.97,1.0
16350,40,53,2540,80,742.52,77.69,1.0
16351,259,7,2759,518,742.52,130.55,1.0
16352,3,59,2503,6,742.48,67.29,1.0
16353,34,58,2534,68,742.46,76.9,1.0
16354,4,56,2504,8,742.45,77.41,1.0
16355,36,57,2536,72,742.44,79.68,1.0
16356,273,6,2773,546,742.43,145.97,1.0
16357,90,5,2590,180,742.38,99.57,1.0
16358,8,59,2508,16,742.3,68.46,1.0
16359,157,58,2657,314,742.29,98.02,1.0
16360,0,36,2500,0,742.28,72.07,1.0
16361,254,7,2754,508,742.26,128.32,1.0
16362,32,58,2532,64,742.22,76.68,1.0
16363,8,32,2508,16,742.21,72.77,1.0
16364,17,47,2517,34,742.19,61.53,1.0
16365,109,5,2609,218,742.16,103.55,1.0
16366,48,59,2548,96,742.13,75.46,1.0
16367,140,5,2640,280,742.1,107.85,1.0
16368,145,6,2645,290,742.08,118.55,1.0
16369,32,54,2532,64,742.02,77.19,1.0
16370,11,32,2511,22,741.99,69.75,1.0
16371,86,5,2586,172,741.83,99.42,1.0
16372,8,60,2508,16,741.79,72.06,1.0
16373,193,6,2693,386,741.77,130.46,1.0
16374,45,60,2545,90,741.69,77.21,1.0
16375,36,59,2536,72,741.67,75.03,1.0
16376,168,6,2668,336,741.64,120.01,1.0
16377,11,47,2511,22,741.55,72.52,1.0
16378,0,45,2500,0,741.48,75.11,1.0
16379,191,6,2691,382,741.46,112.99,1.0
16380,13,48,2513,26,741.42,67.7,1.0
16381,75,59,2575,150,741.38,79.97,1.0
16382,45,56,2545,90,741.37,74.33,1.0
16383,32,52,2532,64,741.34,75.14,1.0
16384,7,51,2507,14,741.29,72.98,1.0
16385,34,57,2534,68,741.28,79.19,1.0
16386,0,39,2500,0,741.23,72.47,1.0
16387,17,52,2517,34,741.18,71.25,1.0
16388,1,35,2501,2,741.09,64.83,1.0
16389,45,58,2545,90,740.93,80.42,1.0
16390,35,59,2535,70,740.88,74.69,1.0
16391,0,40,2500,0,740.88,71.48,1.0
16392,32,59,2532,64,740.86,80.22,1.0
16393,0,59,2500,0,740.82,72.03,1.0
16394,50,60,2550,100,740.79,73.12,1.0
16395,11,57,2511,22,740.76,75.21,1.0
16396,212,7,2712,424,740.68,128.22,1.0
16397,1,54,2501,2,740.57,72.97,1.0
16398,3,60,2503,6,740.54,68.05,1.0
16399,10,56,2510,20,740.42,70.69,1.0
16400,11,53,2511,22,740.4,70.78,1.0
16401,13,59,2513,26,740.39,74.3,1.0
16402,11,33,2511,22,740.37,68.17,1.0
16403,3,56,2503,6,740.27,78.33,1.0
16404,35,60,2535,70,740.26,81.0,1.0
16405,132,6,2632,264,740.26,113.03,1.0
16406,0,41,2500,0,740.12,69.87,1.0
16407,68,5,2568,136,740.06,97.99,1.0
16408,202,6,2702,404,740.0,132.83,1.0
16409,0,38,2500,0,739.99,68.07,1.0
16410,243,7,2743,486,739.9,150.33,1.0
16411,11,38,2511,22,739.83,69.08,1.0
16412,95,5,2595,190,739.83,109.45,1.0
16413,145,60,2645,290,739.81,98.47,1.0
16414,0,47,2500,0,739.69,72.41,1.0
16415,160,6,2660,320,739.62,115.47,1.0
16416,17,53,2517,34,739.61,72.5,1.0
16417,32,57,2532,64,739.59,78.19,1.0
16418,10,54,2510,20,739.54,73.2,1.0
16419,0,31,2500,0,739.43,76.16,1.0
16420,45,59,2545,90,739.38,71.81,1.0
16421,269,7,2769,538,739.31,128.77,1.0
16422,161,6,2661,322,739.28,117.63,1.0
16423,37,60,2537,74,739.25,74.77,1.0
16424,11,30,2511,22,739.24,68.35,1.0
16425,253,7,2753,506,739.22,130.54,1.0
16426,1,60,2501,2,739.1,66.43,1.0
16427,2,43,2502,4,739.1,74.07,1.0
16428,157,57,2657,314,739.08,97.09,1.0
16429,10,58,2510,20,739.06,74.05,1.0
16430,127,5,2627,254,739.06,110.26,1.0
16431,34,60,2534,68,739.05,73.12,1.0
16432,112,5,2612,224,739.04,110.18,1.0
16433,13,58,2513,26,739.01,71.8,1.0
16434,214,6,2714,428,738.96,120.98,1.0
16435,10,36,2510,20,738.94,67.38,1.0
16436,0,56,2500,0,738.93,76.39,1.0
16437,10,60,2510,20,738.84,72.74,1.0
16438,8,35,2508,16,738.7,71.81,1.0
16439,104,5,2604,208,738.66,98.58,1.0
16440,251,6,2751,502,738.6,133.61,1.0
16441,89,59,2589,178,738.59,80.63,1.0
16442,1,55,2501,2,738.54,67.59,1.0
16443,1,42,2501,2,738.5,73.12,1.0
16444,52,56,2552,104,738.48,76.49,1.0
16445,32,60,2532,64,738.45,77.6,1.0
16446,13,55,2513,26,738.4,72.21,1.0
16447,244,7,2744,488,738.4,146.6,1.0
16448,0,60,2500,0,738.37,69.69,1.0
16449,1,41,2501,2,738.36,68.93,1.0
16450,36,60,2536,72,738.35,79.03,1.0
16451,119,5,2619,238,738.28,107.65,1.0
16452,156,6,2656,312,738.22,119.03,1.0
16453,2,53,2502,4,738.14,69.44,1.0
16454,208,6,2708,416,738.04,127.66,1.0
16455,17,59,2517,34,738.03,74.2,1.0
16456,17,54,2517,34,737.97,65.14,1.0
16457,11,56,2511,22,737.86,76.34,1.0
16458,46,60,2546,92,737.86,74.28,1.0
16459,17,56,2517,34,737.72,74.24,1.0
16460,106,5,2606,212,737.72,109.08,1.0
16461,1,46,2501,2,737.7,72.41,1.0
16462,192,6,2692,384,737.64,126.05,1.0
16463,10,57,2510,20,737.57,71.93,1.0
16464,0,55,2500,0,737.56,74.1,1.0
16465,40,5,2540,80,737.55,85.65,1.0
16466,17,60,2517,34,737.54,66.06,1.0
16467,13,60,2513,26,737.46,70.75,1.0
16468,1,37,2501,2,737.41,69.54,1.0
16469,279,7,2779,558,737.25,136.83,1.0
16470,40,58,2540,80,737.1,77.14,1.0
16471,27,56,2527,54,737.1,73.92,1.0
16472,1,59,2501,2,737.04,72.64,1.0
16473,122,60,2622,244,737.02,98.36,1.0
16474,1,31,2501,2,736.99,69.88,1.0
16475,10,59,2510,20,736.96,74.34,1.0
16476,154,6,2654,308,736.92,115.48,1.0
16477,114,5,2614,228,736.9,106.86,1.0
16478,290,7,2790,580,736.87,149.78,1.0
16479,8,54,2508,16,736.8,65.96,1.0
16480,101,60,2601,202,736.69,88.22,1.0
16481,27,50,2527,54,736.6,74.06,1.0
16482,183,5,2683,366,736.58,129.48,1.0
16483,134,60,2634,268,736.42,94.63,1.0
16484,270,7,2770,540,736.31,128.78,1.0
16485,96,60,2596,192,736.14,94.89,1.0
16486,92,5,2592,184,736.12,94.46,1.0
16487,126,5,2626,252,736.12,108.97,1.0
16488,46,59,2546,92,736.08,80.53,1.0
16489,11,54,2511,22,736.06,68.74,1.0
16490,11,49,2511,22,736.04,74.19,1.0
16491,1,57,2501,2,735.99,62.79,1.0
16492,280,60,2780,560,735.96,109.51,1.0
16493,275,60,2775,550,735.95,108.75,1.0
16494,248,6,2748,496,735.92,140.61,1.0
16495,1,50,2501,2,735.91,67.95,1.0
16496,45,57,2545,90,735.89,78.61,1.0
16497,213,6,2713,426,735.66,150.33,1.0
16498,296,7,2796,592,735.64,138.57,1.0
16499,221,7,2721,442,735.63,132.02,1.0
16500,137,5,2637,274,735.62,105.83,1.0
16501,11,59,2511,22,735.59,67.69,1.0
16502,1,30,2501,2,735.36,71.5,1.0
16503,155,6,2655,310,735.33,126.62,1.0
16504,1,33,2501,2,735.13,71.34,1.0
16505,1,51,2501,2,735.05,68.43,1.0
16506,201,6,2701,402,734.81,128.93,1.0
16507,1,48,2501,2,734.79,65.54,1.0
16508,1,52,2501,2,734.66,74.2,1.0
16509,40,56,2540,80,734.58,77.88,1.0
16510,40,57,2540,80,734.45,75.3,1.0
16511,0,33,2500,0,734.42,65.83,1.0
16512,226,6,2726,452,734.38,136.19,1.0
16513,265,6,2765,530,734.33,145.25,1.0
16514,97,5,2597,194,734.02,105.77,1.0
16515,210,7,2710,420,734.02,123.24,1.0
16516,175,6,2675,350,733.98,116.34,1.0
16517,1,45,2501,2,733.92,68.65,1.0
16518,148,5,2648,296,733.89,107.49,1.0
16519,98,5,2598,196,733.86,109.33,1.0
16520,1,49,2501,2,733.85,69.06,1.0
16521,36,58,2536,72,733.78,82.19,1.0
16522,250,7,2750,500,733.72,142.47,1.0
16523,11,51,2511,22,733.71,71.76,1.0
16524,81,5,2581,162,733.7,99.9,1.0
16525,111,5,2611,222,733.69,102.41,1.0
16526,27,51,2527,54,733.66,69.09,1.0
16527,1,39,2501,2,733.58,72.03,1.0
16528,1,44,2501,2,733.55,70.35,1.0
16529,11,52,2511,22,733.53,69.65,1.0
16530,40,55,2540,80,733.47,80.12,1.0
16531,1,47,2501,2,733.32,68.52,1.0
16532,40,60,2540,80,733.27,77.57,1.0
16533,52,57,2552,104,733.23,82.99,1.0
16534,153,5,2653,306,732.86,128.34,1.0
16535,184,6,2684,368,732.67,127.1,1.0
16536,199,5,2699,398,732.65,134.21,1.0
16537,27,54,2527,54,732.45,67.7,1.0
16538,1,40,2501,2,732.35,72.47,1.0
16539,205,6,2705,410,732.3,124.69,1.0
16540,11,60,2511,22,732.18,75.97,1.0
16541,171,5,2671,342,732.03,121.69,1.0
16542,66,5,2566,132,732.0,98.69,1.0
16543,27,53,2527,54,731.93,73.47,1.0
16544,1,34,2501,2,731.71,69.69,1.0
16545,17,57,2517,34,731.64,79.15,1.0
16546,17,58,2517,34,731.48,70.92,1.0
16547,58,60,2558,116,731.4,87.31,1.0
16548,280,8,2780,560,731.31,143.94,1.0
16549,131,6,2631,262,731.15,112.64,1.0
16550,45,5,2545,90,731.13,82.85,1.0
16551,1,53,2501,2,731.05,66.1,1.0
16552,295,8,2795,590,730.93,141.3,1.0
16553,167,5,2667,334,730.87,115.05,1.0
16554,52,58,2552,104,730.84,80.23,1.0
16555,159,5,2659,318,729.91,121.64,1.0
16556,178,5,2678,356,729.85,121.27,1.0
16557,186,7,2686,372,729.8,115.77,1.0
16558,11,55,2511,22,729.56,64.31,1.0
16559,164,6,2664,328,729.0,123.92,1.0
16560,27,59,2527,54,728.93,79.74,1.0
16561,1,56,2501,2,728.79,63.36,1.0
16562,110,5,2610,220,728.75,107.42,1.0
16563,1,32,2501,2,728.7,70.12,1.0
16564,263,6,2763,526,728.66,143.46,1.0
16565,209,6,2709,418,728.62,136.71,1.0
16566,222,6,2722,444,728.62,129.59,1.0
16567,115,5,2615,230,728.57,106.32,1.0
16568,258,7,2758,516,728.52,147.65,1.0
16569,1,38,2501,2,727.99,70.01,1.0
16570,252,6,2752,504,727.99,125.8,1.0
16571,1,58,2501,2,727.92,66.32,1.0
16572,27,52,2527,54,727.66,68.93,1.0
16573,65,5,2565,130,727.64,93.28,1.0
16574,27,55,2527,54,727.48,71.64,1.0
16575,108,5,2608,216,727.39,105.86,1.0
16576,257,7,2757,514,727.36,119.12,1.0
16577,52,59,2552,104,727.27,79.15,1.0
16578,139,5,2639,278,726.84,108.95,1.0
16579,124,5,2624,248,726.54,116.29,1.0
16580,138,5,2638,276,726.47,111.45,1.0
16581,40,59,2540,80,726.44,81.73,1.0
16582,207,6,2707,414,726.32,124.13,1.0
16583,223,6,2723,446,726.29,140.0,1.0
16584,274,7,2774,548,726.26,136.41,1.0
16585,123,5,2623,246,726.22,103.62,1.0
16586,158,5,2658,316,725.83,121.65,1.0
16587,27,60,2527,54,725.61,74.82,1.0
16588,52,60,2552,104,725.58,75.78,1.0
16589,272,6,2772,544,725.57,128.97,1.0
16590,256,6,2756,512,725.09,138.56,1.0
16591,166,6,2666,332,724.96,118.56,1.0
16592,300,7,2800,600,724.74,160.81,1.0
16593,224,6,2724,448,724.62,129.64,1.0
16594,75,5,2575,150,724.53,101.42,1.0
16595,237,6,2737,474,724.44,139.43,1.0
16596,87,5,2587,174,724.29,98.73,1.0
16597,289,6,2789,578,724.11,152.38,1.0
16598,132,5,2632,264,724.08,108.85,1.0
16599,27,58,2527,54,723.9,71.19,1.0
16600,1,36,2501,2,723.26,67.03,1.0
16601,27,57,2527,54,722.68,71.57,1.0
16602,121,5,2621,242,722.42,105.94,1.0
16603,188,6,2688,376,722.31,128.79,1.0
16604,117,5,2617,234,721.66,115.19,1.0
16605,146,5,2646,292,721.52,113.59,1.0
16606,219,6,2719,438,721.42,131.88,1.0
16607,135,5,2635,270,721.28,110.4,1.0
16608,120,5,2620,240,721.16,110.33,1.0
16609,220,6,2720,440,720.99,134.98,1.0
16610,245,6,2745,490,720.35,140.38,1.0
16611,196,6,2696,392,720.16,141.39,1.0
16612,233,6,2733,466,720.01,140.58,1.0
16613,221,6,2721,442,719.41,134.74,1.0
16614,136,5,2636,272,719.38,113.13,1.0
16615,268,6,2768,536,719.08,129.59,1.0
16616,122,5,2622,244,718.8,120.74,1.0
16617,144,5,2644,288,718.76,124.12,1.0
16618,197,6,2697,394,718.37,128.48,1.0
16619,189,6,2689,378,718.3,117.91,1.0
16620,271,6,2771,542,718.23,140.69,1.0
16621,217,6,2717,434,718.0,136.04,1.0
16622,185,6,2685,370,717.54,120.05,1.0
16623,260,6,2760,520,717.43,146.82,1.0
16624,177,5,2677,354,717.36,120.45,1.0
16625,275,7,2775,550,717.01,146.75,1.0
16626,238,6,2738,476,716.9,141.98,1.0
16627,246,6,2746,492,716.11,149.59,1.0
16628,232,6,2732,464,716.01,141.81,1.0
16629,157,60,2657,314,715.89,100.06,1.0
16630,157,59,2657,314,715.85,97.66,1.0
16631,239,6,2739,478,715.43,135.75,1.0
16632,133,5,2633,266,715.39,112.09,1.0
16633,172,5,2672,344,715.37,115.13,1.0
16634,240,6,2740,480,715.37,133.74,1.0
16635,231,6,2731,462,715.1,121.65,1.0
16636,163,5,2663,326,714.18,119.79,1.0
16637,279,6,2779,558,713.74,135.51,1.0
16638,264,7,2764,528,713.7,129.83,1.0
16639,105,5,2605,210,713.52,105.38,1.0
16640,247,6,2747,494,713.3,135.89,1.0
16641,180,5,2680,360,713.23,123.08,1.0
16642,173,5,2673,346,712.82,122.5,1.0
16643,141,5,2641,282,712.69,113.72,1.0
16644,235,6,2735,470,712.67,127.32,1.0
16645,228,6,2728,456,712.49,149.28,1.0
16646,293,7,2793,586,712.26,158.25,1.0
16647,103,5,2603,206,712.16,108.2,1.0
16648,267,6,2767,534,712.02,130.91,1.0
16649,230,6,2730,460,711.75,134.28,1.0
16650,216,6,2716,432,711.31,132.18,1.0
16651,152,5,2652,304,710.93,116.77,1.0
16652,193,5,2693,386,710.42,117.56,1.0
16653,150,5,2650,300,709.94,102.71,1.0
16654,282,7,2782,564,709.7,137.13,1.0
16655,249,6,2749,498,709.44,137.1,1.0
16656,255,6,2755,510,708.87,139.75,1.0
16657,298,6,2798,596,708.05,133.06,1.0
16658,215,5,2715,430,707.83,131.86,1.0
16659,294,6,2794,588,707.62,144.33,1.0
16660,259,6,2759,518,707.2,132.57,1.0
16661,154,5,2654,308,707.18,129.94,1.0
16662,131,5,2631,262,707.04,106.32,1.0
16663,218,6,2718,436,706.85,134.58,1.0
16664,182,5,2682,364,706.8,128.99,1.0
16665,287,7,2787,574,706.7,157.88,1.0
16666,299,6,2799,598,706.68,155.81,1.0
16667,278,6,2778,556,706.62,134.21,1.0
16668,261,6,2761,522,706.36,137.84,1.0
16669,101,5,2601,202,706.33,101.82,1.0
16670,96,5,2596,192,706.29,109.77,1.0
16671,174,5,2674,348,706.09,122.53,1.0
16672,130,5,2630,260,706.05,119.17,1.0
16673,286,7,2786,572,705.92,148.29,1.0
16674,149,5,2649,298,705.35,118.37,1.0
16675,285,6,2785,570,705.07,139.59,1.0
16676,142,5,2642,284,704.85,116.68,1.0
16677,280,7,2780,560,704.01,144.96,1.0
16678,184,5,2684,368,703.75,121.16,1.0
16679,236,6,2736,472,703.58,131.97,1.0
16680,276,6,2776,552,703.58,144.17,1.0
16681,229,6,2729,458,703.51,136.26,1.0
16682,295,7,2795,590,703.24,152.22,1.0
16683,200,5,2700,400,703.17,115.78,1.0
16684,206,6,2706,412,703.07,135.18,1.0
16685,170,5,2670,340,703.05,117.67,1.0
16686,165,5,2665,330,702.98,124.93,1.0
16687,181,5,2681,362,702.85,121.01,1.0
16688,134,5,2634,268,702.81,116.02,1.0
16689,288,6,2788,576,702.34,136.05,1.0
16690,283,6,2783,566,702.3,145.97,1.0
16691,162,5,2662,324,702.16,123.85,1.0
16692,254,6,2754,508,701.59,146.37,1.0
16693,224,5,2724,448,701.16,136.24,1.0
16694,176,5,2676,352,701.12,129.35,1.0
16695,281,7,2781,562,701.05,136.16,1.0
16696,212,6,2712,424,700.85,140.57,1.0
16697,157,6,2657,314,700.84,122.91,1.0
16698,179,5,2679,358,700.2,129.71,1.0
16699,277,6,2777,554,700.06,147.67,1.0
16700,190,5,2690,380,699.89,127.76,1.0
16701,203,5,2703,406,699.77,139.21,1.0
16702,297,7,2797,594,699.76,150.8,1.0
16703,214,5,2714,428,699.0,133.74,1.0
16704,161,5,2661,322,698.67,120.45,1.0
16705,225,6,2725,450,698.03,131.87,1.0
16706,187,5,2687,374,697.94,124.56,1.0
16707,208,5,2708,416,697.58,128.13,1.0
16708,191,5,2691,382,696.65,113.56,1.0
16709,128,5,2628,256,696.56,115.37,1.0
16710,287,6,2787,574,696.46,145.31,1.0
16711,290,6,2790,580,696.22,142.53,1.0
16712,241,5,2741,482,695.96,135.35,1.0
16713,211,5,2711,422,695.87,139.62,1.0
16714,250,6,2750,500,695.27,137.44,1.0
16715,198,5,2698,396,695.08,123.33,1.0
16716,160,5,2660,320,694.74,115.47,1.0
16717,195,5,2695,390,694.5,129.33,1.0
16718,151,5,2651,302,694.43,105.1,1.0
16719,147,5,2647,294,693.61,121.67,1.0
16720,189,5,2689,378,693.36,112.97,1.0
16721,175,5,2675,350,693.06,107.44,1.0
16722,227,5,2727,454,693.06,121.02,1.0
16723,266,6,2766,532,693.06,135.01,1.0
16724,194,5,2694,388,692.96,135.83,1.0
16725,210,6,2710,420,692.6,130.95,1.0
16726,204,5,2704,408,692.43,126.5,1.0
16727,270,6,2770,540,692.19,148.01,1.0
16728,244,6,2744,488,691.66,140.07,1.0
16729,296,6,2796,592,691.38,144.91,1.0
16730,201,5,2701,402,691.18,127.76,1.0
16731,205,5,2705,410,690.94,118.6,1.0
16732,145,5,2645,290,690.9,115.89,1.0
16733,223,5,2723,446,690.47,124.9,1.0
16734,156,5,2656,312,689.38,116.43,1.0
16735,291,6,2791,582,689.02,162.51,1.0
16736,265,5,2765,530,688.74,139.7,1.0
16737,262,5,2762,524,688.48,116.82,1.0
16738,293,6,2793,586,688.22,148.24,1.0
16739,292,6,2792,584,687.44,153.45,1.0
16740,222,5,2722,444,686.86,128.07,1.0
16741,257,6,2757,514,686.41,143.99,1.0
16742,269,6,2769,538,684.4,141.57,1.0
16743,274,6,2774,548,684.3,134.1,1.0
16744,242,6,2742,484,684.0,139.25,1.0
16745,234,5,2734,468,683.82,135.08,1.0
16746,246,5,2746,492,683.77,129.19,1.0
16747,248,5,2748,496,683.5,132.53,1.0
16748,264,6,2764,528,683.19,130.65,1.0
16749,213,5,2713,426,681.98,131.89,1.0
16750,155,5,2655,310,681.2,109.58,1.0
16751,256,5,2756,512,680.89,144.15,1.0
16752,243,6,2743,486,680.34,139.86,1.0
16753,251,5,2751,502,680.3,151.31,1.0
16754,271,5,2771,542,679.25,146.42,1.0
16755,252,5,2752,504,678.88,136.13,1.0
16756,197,5,2697,394,678.74,128.6,1.0
16757,166,5,2666,332,678.62,130.85,1.0
16758,192,5,2692,384,678.46,120.02,1.0
16759,168,5,2668,336,678.33,127.9,1.0
16760,164,5,2664,328,678.06,122.63,1.0
16761,284,6,2784,568,677.06,142.4,1.0
16762,263,5,2763,526,676.79,144.84,1.0
16763,169,5,2669,338,676.32,113.56,1.0
16764,258,6,2758,516,675.34,158.71,1.0
16765,206,5,2706,412,675.18,133.67,1.0
16766,275,6,2775,550,675.01,141.79,1.0
16767,295,6,2795,590,674.85,147.25,1.0
16768,216,5,2716,432,674.66,126.27,1.0
16769,254,5,2754,508,674.56,133.22,1.0
16770,226,5,2726,452,674.36,135.69,1.0
16771,282,6,2782,564,673.76,147.45,1.0
16772,300,6,2800,600,673.76,155.56,1.0
16773,196,5,2696,392,673.44,127.63,1.0
16774,231,5,2731,462,673.38,131.86,1.0
16775,186,6,2686,372,673.37,142.87,1.0
16776,273,5,2773,546,673.26,138.68,1.0
16777,218,5,2718,436,673.05,132.88,1.0
16778,209,5,2709,418,672.72,132.5,1.0
16779,253,6,2753,506,672.4,144.02,1.0
16780,207,5,2707,414,672.35,120.35,1.0
16781,245,5,2745,490,671.64,130.89,1.0
16782,188,5,2688,376,670.97,128.56,1.0
16783,237,5,2737,474,670.9,137.7,1.0
16784,277,5,2777,554,670.84,143.85,1.0
16785,239,5,2739,478,670.6,138.96,1.0
16786,202,5,2702,404,670.38,141.94,1.0
16787,185,5,2685,370,669.8,127.46,1.0
16788,221,5,2721,442,669.32,125.94,1.0
16789,232,5,2732,464,669.25,125.1,1.0
16790,240,5,2740,480,669.1,125.94,1.0
16791,299,5,2799,598,668.27,154.06,1.0
16792,238,5,2738,476,667.64,138.86,1.0
16793,230,5,2730,460,667.5,133.89,1.0
16794,260,5,2760,520,666.44,141.22,1.0
16795,225,5,2725,450,664.47,136.96,1.0
16796,219,5,2719,438,664.39,133.7,1.0
16797,261,5,2761,522,663.48,137.79,1.0
16798,217,5,2717,434,661.8,131.19,1.0
16799,236,5,2736,472,661.42,138.68,1.0
16800,247,5,2747,494,659.01,127.62,1.0
16801,220,5,2720,440,658.8,140.96,1.0
16802,228,5,2728,456,658.74,134.12,1.0
16803,281,6,2781,562,658.26,133.57,1.0
16804,288,5,2788,576,657.85,139.96,1.0
16805,286,6,2786,572,657.84,148.41,1.0
16806,235,5,2735,470,657.53,139.11,1.0
16807,233,5,2733,466,657.5,137.73,1.0
16808,186,5,2686,372,657.32,123.76,1.0
16809,242,5,2742,484,657.24,151.9,1.0
16810,267,5,2767,534,656.91,141.07,1.0
16811,278,5,2778,556,656.82,136.53,1.0
16812,287,5,2787,574,655.01,148.35,1.0
16813,259,5,2759,518,654.84,132.9,1.0
16814,275,5,2775,550,654.01,136.98,1.0
16815,157,5,2657,314,653.77,135.29,1.0
16816,291,5,2791,582,653.48,143.73,1.0
16817,255,5,2755,510,653.21,141.76,1.0
16818,210,5,2710,420,651.32,134.74,1.0
16819,276,5,2776,552,651.24,147.01,1.0
16820,266,5,2766,532,650.92,135.17,1.0
16821,244,5,2744,488,650.23,139.35,1.0
16822,289,5,2789,578,648.64,144.81,1.0
16823,269,5,2769,538,648.58,142.66,1.0
16824,280,6,2780,560,647.94,138.84,1.0
16825,298,5,2798,596,647.24,137.07,1.0
16826,296,5,2796,592,646.5,140.3,1.0
16827,274,5,2774,548,646.27,130.32,1.0
16828,297,6,2797,594,646.04,149.09,1.0
16829,285,5,2785,570,644.5,149.78,1.0
16830,290,5,2790,580,644.42,136.69,1.0
16831,212,5,2712,424,643.85,140.78,1.0
16832,229,5,2729,458,643.72,142.73,1.0
16833,249,5,2749,498,642.55,141.64,1.0
16834,292,5,2792,584,642.06,160.41,1.0
16835,268,5,2768,536,638.65,140.59,1.0
16836,279,5,2779,558,638.39,134.35,1.0
16837,294,5,2794,588,638.04,144.16,1.0
16838,250,5,2750,500,635.38,137.23,1.0
16839,264,5,2764,528,635.05,133.57,1.0
16840,243,5,2743,486,633.71,151.29,1.0
16841,272,5,2772,544,632.31,136.81,1.0
16842,284,5,2784,568,630.86,144.59,1.0
16843,281,5,2781,562,628.53,139.51,1.0
16844,270,5,2770,540,627.24,158.51,1.0
16845,300,5,2800,600,627.18,156.79,1.0
16846,257,5,2757,514,624.9,144.8,1.0
16847,258,5,2758,516,622.67,147.07,0.996
16848,282,5,2782,564,622.56,142.73,1.0
16849,253,5,2753,506,618.17,128.01,1.0
16850,293,5,2793,586,613.4,146.41,1.0
16851,297,5,2797,594,610.08,147.06,1.0
16852,286,5,2786,572,609.44,155.1,1.0
16853,283,5,2783,566,606.4,162.67,0.996
16854,295,5,2795,590,606.09,152.36,1.0
16855,280,5,2780,560,600.8,149.74,1.0
