rank,x,h,start_apples,thorns,mean_remaining,std_remaining,win_rate
1,240,29,2750,500,1097.96,96.26,1.0
2,270,35,2747,494,1095.3,97.91,1.0
3,250,21,2747,494,1094.59,103.6,1.0
4,250,21,2784,568,1093.65,109.48,1.0
5,250,21,2747,494,1093.59,104.57,1.0
6,250,21,2797,594,1093.24,112.18,1.0
7,250,21,2786,572,1092.98,103.71,1.0
8,250,20,2789,578,1092.86,105.64,1.0
9,250,22,2784,568,1092.6,99.91,1.0
10,286,19,2786,572,1092.52,107.66,1.0
11,290,21,2790,580,1092.47,101.89,1.0
12,226,20,2726,452,1091.96,96.48,1.0
13,297,22,2797,594,1091.14,110.61,1.0
14,247,21,2747,494,1091.13,102.32,1.0
15,276,22,2776,552,1090.25,102.11,1.0
16,261,22,2761,522,1090.04,98.42,1.0
17,265,22,2765,530,1089.25,96.84,1.0
18,261,21,2761,522,1089.19,99.4,1.0
19,284,21,2784,568,1088.75,102.44,1.0
20,289,21,2789,578,1088.38,105.11,1.0
21,262,22,2762,524,1088.19,96.05,1.0
22,289,22,2789,578,1088.18,102.19,1.0
23,260,21,2760,520,1087.89,103.73,1.0
24,297,23,2797,594,1087.81,107.94,1.0
25,233,20,2733,466,1087.73,98.52,1.0
26,209,19,2709,418,1086.23,92.96,1.0
27,265,19,2765,530,1085.98,102.18,1.0
28,226,21,2726,452,1085.31,96.7,1.0
29,215,20,2715,430,1085.17,96.77,1.0
30,297,24,2797,594,1084.26,100.07,1.0
31,250,19,2750,500,1084.12,105.11,1.0
32,276,23,2776,552,1084.11,100.36,1.0
33,235,19,2735,470,1084.01,108.76,1.0
34,245,20,2745,490,1083.76,102.22,1.0
35,289,19,2789,578,1083.61,109.93,1.0
36,300,23,2800,600,1083.6,99.52,1.0
37,276,21,2776,552,1083.38,108.62,1.0
38,270,22,2770,540,1083.19,99.33,1.0
39,210,21,2710,420,1083.12,93.2,1.0
40,260,19,2760,520,1083.1,105.59,1.0
41,265,21,2765,530,1083.08,105.57,1.0
42,282,21,2782,564,1082.96,105.55,1.0
43,286,21,2786,572,1082.89,99.79,1.0
44,240,22,2740,480,1082.88,97.29,1.0
45,284,19,2784,568,1082.86,111.59,1.0
46,250,22,2750,500,1082.84,95.8,1.0
47,245,21,2745,490,1082.8,98.47,1.0
48,245,22,2745,490,1082.77,91.61,1.0
49,249,21,2749,498,1082.52,98.92,1.0
50,282,22,2782,564,1082.52,105.67,1.0
51,297,21,2797,594,1082.35,110.26,1.0
52,276,19,2776,552,1082.31,106.16,1.0
53,268,22,2768,536,1082.11,97.34,1.0
54,265,20,2765,530,1082.07,104.07,1.0
55,290,22,2790,580,1082.07,99.57,1.0
56,219,21,2719,438,1081.9,93.53,1.0
57,235,22,2735,470,1081.74,97.67,1.0
58,300,21,2800,600,1081.59,107.92,1.0
59,285,22,2785,570,1081.51,101.94,1.0
60,226,22,2726,452,1081.43,93.09,1.0
61,233,19,2733,466,1081.32,105.73,1.0
62,290,19,2790,580,1081.25,111.28,1.0
63,211,20,2711,422,1081.22,93.28,1.0
64,235,21,2735,470,1081.19,100.39,1.0
65,235,20,2735,470,1081.17,104.73,1.0
66,243,19,2743,486,1081.08,100.21,1.0
67,165,19,2665,330,1081.03,95.85,1.0
68,250,20,2750,500,1080.79,99.09,1.0
69,261,23,2761,522,1080.41,99.02,1.0
70,287,21,2787,574,1080.25,113.03,1.0
71,300,24,2800,600,1080.23,93.65,1.0
72,209,20,2709,418,1080.08,92.62,1.0
73,215,21,2715,430,1079.83,96.96,1.0
74,290,23,2790,580,1079.57,98.97,1.0
75,262,20,2762,524,1079.51,104.86,1.0
76,300,19,2800,600,1079.34,112.78,1.0
77,247,18,2747,494,1079.3,111.15,1.0
78,270,23,2770,540,1079.27,92.11,1.0
79,284,24,2784,568,1079.27,99.54,1.0
80,292,20,2792,584,1079.09,112.94,1.0
81,251,20,2751,502,1079.01,105.48,1.0
82,285,21,2785,570,1078.91,101.9,1.0
83,268,21,2768,536,1078.88,100.69,1.0
84,260,22,2760,520,1078.84,100.94,1.0
85,210,20,2710,420,1078.75,99.91,1.0
86,270,20,2770,540,1078.68,100.1,1.0
87,286,22,2786,572,1078.56,99.08,1.0
88,226,19,2726,452,1078.55,104.79,1.0
89,232,20,2732,464,1078.4,103.36,1.0
90,289,23,2789,578,1078.39,104.51,1.0
91,239,20,2739,478,1078.19,101.59,1.0
92,195,20,2695,390,1078.13,100.07,1.0
93,265,23,2765,530,1078.11,101.81,1.0
94,247,23,2747,494,1078.1,97.93,1.0
95,248,21,2748,496,1078.1,102.3,1.0
96,287,23,2787,574,1078.1,107.2,1.0
97,287,22,2787,574,1078.01,102.64,1.0
98,174,20,2674,348,1078.0,86.39,1.0
99,165,20,2665,330,1077.78,91.24,1.0
100,254,20,2754,508,1077.66,102.5,1.0
101,260,23,2760,520,1077.45,97.31,1.0
102,262,23,2762,524,1077.21,97.7,1.0
103,233,21,2733,466,1077.11,98.67,1.0
104,254,22,2754,508,1077.06,98.63,1.0
105,255,22,2755,510,1077.02,99.08,1.0
106,228,19,2728,456,1077.0,104.92,1.0
107,251,21,2751,502,1076.97,103.41,1.0
108,270,21,2770,540,1076.96,98.74,1.0
109,240,21,2740,480,1076.91,106.31,1.0
110,149,19,2649,298,1076.72,89.25,1.0
111,288,20,2788,576,1076.63,111.02,1.0
112,193,20,2693,386,1076.6,98.43,1.0
113,219,20,2719,438,1076.57,97.4,1.0
114,282,19,2782,564,1076.51,103.07,1.0
115,285,20,2785,570,1076.51,106.58,1.0
116,205,20,2705,410,1076.43,91.07,1.0
117,290,24,2790,580,1076.3,94.39,1.0
118,275,21,2775,550,1076.17,108.64,1.0
119,254,21,2754,508,1076.0,97.36,1.0
120,282,20,2782,564,1076.0,105.65,1.0
121,209,21,2709,418,1075.98,91.04,1.0
122,286,23,2786,572,1075.91,97.17,1.0
123,284,23,2784,568,1075.88,100.58,1.0
124,292,22,2792,584,1075.86,100.83,1.0
125,199,19,2699,398,1075.74,93.1,1.0
126,255,21,2755,510,1075.74,97.53,1.0
127,235,23,2735,470,1075.66,91.36,1.0
128,284,18,2784,568,1075.58,112.95,1.0
129,249,22,2749,498,1075.56,96.82,1.0
130,268,23,2768,536,1075.47,97.35,1.0
131,295,23,2795,590,1075.46,106.22,1.0
132,275,23,2775,550,1075.38,99.45,1.0
133,276,20,2776,552,1075.33,106.59,1.0
134,300,20,2800,600,1075.24,105.77,1.0
135,210,22,2710,420,1075.2,90.29,1.0
136,210,19,2710,420,1075.19,95.52,1.0
137,145,20,2645,290,1075.18,81.03,1.0
138,209,18,2709,418,1075.16,96.64,1.0
139,255,20,2755,510,1075.15,103.23,1.0
140,251,22,2751,502,1075.05,98.52,1.0
141,228,22,2728,456,1074.94,95.25,1.0
142,297,19,2797,594,1074.94,115.88,1.0
143,249,20,2749,498,1074.89,103.69,1.0
144,262,21,2762,524,1074.84,104.47,1.0
145,287,20,2787,574,1074.83,114.27,1.0
146,297,25,2797,594,1074.82,101.31,1.0
147,211,22,2711,422,1074.78,90.11,1.0
148,254,19,2754,508,1074.77,101.31,1.0
149,251,19,2751,502,1074.73,106.96,1.0
150,251,23,2751,502,1074.71,96.11,1.0
151,250,23,2750,500,1074.69,96.3,1.0
152,300,22,2800,600,1074.69,101.07,1.0
153,255,19,2755,510,1074.64,108.33,1.0
154,256,21,2756,512,1074.51,100.58,1.0
155,240,20,2740,480,1074.5,100.3,1.0
156,291,21,2791,582,1074.48,103.72,1.0
157,254,23,2754,508,1074.34,92.86,1.0
158,226,23,2726,452,1074.27,91.93,1.0
159,239,21,2739,478,1074.19,102.82,1.0
160,245,23,2745,490,1074.13,98.55,1.0
161,248,20,2748,496,1074.12,106.5,1.0
162,253,22,2753,506,1074.12,95.5,1.0
163,195,19,2695,390,1074.11,103.23,1.0
164,238,21,2738,476,1074.08,99.54,1.0
165,265,18,2765,530,1074.06,110.21,1.0
166,256,20,2756,512,1074.02,101.1,1.0
167,149,18,2649,298,1073.91,91.37,1.0
168,262,19,2762,524,1073.84,105.84,1.0
169,275,22,2775,550,1073.84,104.9,1.0
170,286,24,2786,572,1073.82,98.57,1.0
171,253,21,2753,506,1073.8,98.6,1.0
172,289,24,2789,578,1073.76,96.88,1.0
173,260,20,2760,520,1073.74,108.69,1.0
174,300,18,2800,600,1073.69,111.48,1.0
175,238,22,2738,476,1073.67,87.6,1.0
176,114,18,2614,228,1073.6,84.83,1.0
177,62,18,2562,124,1073.52,73.9,1.0
178,252,21,2752,504,1073.43,102.08,1.0
179,259,22,2759,518,1073.38,101.9,1.0
180,207,20,2707,414,1073.36,96.22,1.0
181,295,20,2795,590,1073.34,111.45,1.0
182,248,19,2748,496,1073.27,111.23,1.0
183,240,23,2740,480,1073.25,93.5,1.0
184,265,24,2765,530,1073.17,93.83,1.0
185,255,23,2755,510,1073.14,98.95,1.0
186,183,18,2683,366,1073.13,93.09,1.0
187,240,18,2740,480,1073.13,109.04,1.0
188,219,22,2719,438,1073.11,89.87,1.0
189,299,22,2799,598,1073.04,107.92,1.0
190,211,21,2711,422,1073.03,89.71,1.0
191,250,24,2750,500,1073.03,89.7,1.0
192,232,21,2732,464,1073.0,98.56,1.0
193,273,22,2773,546,1072.94,102.47,1.0
194,295,22,2795,590,1072.94,114.72,1.0
195,228,21,2728,456,1072.88,100.78,1.0
196,299,23,2799,598,1072.88,103.15,1.0
197,165,21,2665,330,1072.8,86.69,1.0
198,266,22,2766,532,1072.8,97.75,1.0
199,227,20,2727,454,1072.68,102.29,1.0
200,239,19,2739,478,1072.66,107.4,1.0
201,276,24,2776,552,1072.54,102.15,1.0
202,248,22,2748,496,1072.51,102.09,1.0
203,237,20,2737,474,1072.5,102.25,1.0
204,114,20,2614,228,1072.41,79.85,1.0
205,262,24,2762,524,1072.39,92.63,1.0
206,232,22,2732,464,1072.33,95.56,1.0
207,210,18,2710,420,1072.29,102.8,1.0
208,219,19,2719,438,1072.17,101.98,1.0
209,243,22,2743,486,1072.12,95.59,1.0
210,204,21,2704,408,1072.1,87.49,1.0
211,270,19,2770,540,1072.0,103.4,1.0
212,50,19,2550,100,1071.99,68.88,1.0
213,256,19,2756,512,1071.98,103.43,1.0
214,245,19,2745,490,1071.94,102.85,1.0
215,184,18,2684,368,1071.92,93.56,1.0
216,299,20,2799,598,1071.92,115.21,1.0
217,209,22,2709,418,1071.89,88.92,1.0
218,265,17,2765,530,1071.87,104.55,1.0
219,233,23,2733,466,1071.82,90.1,1.0
220,263,22,2763,526,1071.76,99.46,1.0
221,256,22,2756,512,1071.7,94.93,1.0
222,257,22,2757,514,1071.67,100.73,1.0
223,298,20,2798,596,1071.64,109.1,1.0
224,184,19,2684,368,1071.62,91.97,1.0
225,288,21,2788,576,1071.57,110.36,1.0
226,247,24,2747,494,1071.36,96.6,1.0
227,243,21,2743,486,1071.33,102.18,1.0
228,240,19,2740,480,1071.3,105.27,1.0
229,227,21,2727,454,1071.25,100.27,1.0
230,259,21,2759,518,1071.25,102.91,1.0
231,268,20,2768,536,1071.22,103.56,1.0
232,186,21,2686,372,1071.21,91.03,1.0
233,250,18,2750,500,1071.19,101.32,1.0
234,298,21,2798,596,1071.09,109.91,1.0
235,238,19,2738,476,1071.05,109.88,1.0
236,298,23,2798,596,1071.03,100.32,1.0
237,290,20,2790,580,1070.96,106.25,1.0
238,170,20,2670,340,1070.92,86.79,1.0
239,199,18,2699,398,1070.87,92.18,1.0
240,193,18,2693,386,1070.86,100.18,1.0
241,295,21,2795,590,1070.85,116.03,1.0
242,205,21,2705,410,1070.75,92.68,1.0
243,50,17,2550,100,1070.7,70.57,1.0
244,225,20,2725,450,1070.69,96.59,1.0
245,213,21,2713,426,1070.67,95.83,1.0
246,268,19,2768,536,1070.67,106.95,1.0
247,184,20,2684,368,1070.63,91.26,1.0
248,248,18,2748,496,1070.57,105.16,1.0
249,277,20,2777,554,1070.57,107.35,1.0
250,248,23,2748,496,1070.56,98.33,1.0
251,245,18,2745,490,1070.43,103.97,1.0
252,62,19,2562,124,1070.36,72.14,1.0
253,235,18,2735,470,1070.35,110.02,1.0
254,276,18,2776,552,1070.3,114.49,1.0
255,282,23,2782,564,1070.29,99.02,1.0
256,228,20,2728,456,1070.27,102.48,1.0
257,183,21,2683,366,1070.26,90.81,1.0
258,186,20,2686,372,1070.25,93.75,1.0
259,114,19,2614,228,1070.23,78.64,1.0
260,228,23,2728,456,1070.21,89.69,1.0
261,253,20,2753,506,1070.15,101.83,1.0
262,237,22,2737,474,1070.05,97.1,1.0
263,269,22,2769,538,1069.92,105.47,1.0
264,275,20,2775,550,1069.83,114.7,1.0
265,149,20,2649,298,1069.78,87.98,1.0
266,257,23,2757,514,1069.77,102.96,1.0
267,208,19,2708,416,1069.71,93.93,1.0
268,183,20,2683,366,1069.61,93.55,1.0
269,225,21,2725,450,1069.61,92.01,1.0
270,215,19,2715,430,1069.57,102.74,1.0
271,163,19,2663,326,1069.56,87.36,1.0
272,181,21,2681,362,1069.55,87.41,1.0
273,238,20,2738,476,1069.48,102.65,1.0
274,233,18,2733,466,1069.47,106.49,1.0
275,174,19,2674,348,1069.45,90.96,1.0
276,183,19,2683,366,1069.45,90.79,1.0
277,238,18,2738,476,1069.4,104.48,1.0
278,292,21,2792,584,1069.21,112.16,1.0
279,266,21,2766,532,1069.2,103.72,1.0
280,292,24,2792,584,1069.2,105.11,1.0
281,261,19,2761,522,1069.13,110.45,1.0
282,252,22,2752,504,1069.13,98.52,1.0
283,292,23,2792,584,1069.13,101.06,1.0
284,261,20,2761,522,1069.01,110.5,1.0
285,142,19,2642,284,1068.98,85.17,1.0
286,298,19,2798,596,1068.97,112.49,1.0
287,209,23,2709,418,1068.88,86.4,1.0
288,170,19,2670,340,1068.81,92.1,1.0
289,249,19,2749,498,1068.79,107.2,1.0
290,257,20,2757,514,1068.76,105.33,1.0
291,184,21,2684,368,1068.67,88.74,1.0
292,140,19,2640,280,1068.63,89.14,1.0
293,239,22,2739,478,1068.59,100.07,1.0
294,215,22,2715,430,1068.58,97.48,1.0
295,232,19,2732,464,1068.55,106.38,1.0
296,66,19,2566,132,1068.53,78.06,1.0
297,215,18,2715,430,1068.51,100.09,1.0
298,232,18,2732,464,1068.47,105.22,1.0
299,273,21,2773,546,1068.45,108.93,1.0
300,114,17,2614,228,1068.36,86.83,1.0
301,163,20,2663,326,1068.35,86.45,1.0
302,233,22,2733,466,1068.34,94.52,1.0
303,219,23,2719,438,1068.31,91.18,1.0
304,216,22,2716,432,1068.27,89.26,1.0
305,283,22,2783,566,1068.25,103.83,1.0
306,296,23,2796,592,1068.16,101.14,1.0
307,219,18,2719,438,1068.1,95.91,1.0
308,243,20,2743,486,1068.06,102.19,1.0
309,285,23,2785,570,1068.04,106.91,1.0
310,234,21,2734,468,1068.03,101.28,1.0
311,133,20,2633,266,1067.98,80.74,1.0
312,274,22,2774,548,1067.98,99.37,1.0
313,195,21,2695,390,1067.95,93.45,1.0
314,281,22,2781,562,1067.92,100.84,1.0
315,260,24,2760,520,1067.91,98.18,1.0
316,207,21,2707,414,1067.83,89.32,1.0
317,296,22,2796,592,1067.81,106.56,1.0
318,249,23,2749,498,1067.69,95.69,1.0
319,225,18,2725,450,1067.61,106.41,1.0
320,299,21,2799,598,1067.61,111.46,1.0
321,262,18,2762,524,1067.5,109.33,1.0
322,187,20,2687,374,1067.46,90.35,1.0
323,211,19,2711,422,1067.46,95.24,1.0
324,239,23,2739,478,1067.42,94.68,1.0
325,257,21,2757,514,1067.42,106.96,1.0
326,289,25,2789,578,1067.42,93.26,1.0
327,232,23,2732,464,1067.41,95.0,1.0
328,263,23,2763,526,1067.41,98.59,1.0
329,256,23,2756,512,1067.34,101.24,1.0
330,290,25,2790,580,1067.26,91.4,1.0
331,199,21,2699,398,1067.22,91.68,1.0
332,298,22,2798,596,1067.2,104.2,1.0
333,278,23,2778,556,1067.12,99.44,1.0
334,228,18,2728,456,1067.07,107.7,1.0
335,237,21,2737,474,1066.99,100.0,1.0
336,243,23,2743,486,1066.94,94.81,1.0
337,263,21,2763,526,1066.93,101.37,1.0
338,68,19,2568,136,1066.92,73.87,1.0
339,208,18,2708,416,1066.91,96.18,1.0
340,199,20,2699,398,1066.85,93.26,1.0
341,208,20,2708,416,1066.83,93.55,1.0
342,149,17,2649,298,1066.76,91.91,1.0
343,204,20,2704,408,1066.76,93.58,1.0
344,133,19,2633,266,1066.75,85.77,1.0
345,238,24,2738,476,1066.72,90.54,1.0
346,234,22,2734,468,1066.71,97.86,1.0
347,280,22,2780,560,1066.68,100.83,1.0
348,165,18,2665,330,1066.67,100.54,1.0
349,285,19,2785,570,1066.61,117.05,1.0
350,68,17,2568,136,1066.58,74.76,1.0
351,68,18,2568,136,1066.56,75.26,1.0
352,205,19,2705,410,1066.54,97.93,1.0
353,130,19,2630,260,1066.47,83.94,1.0
354,247,17,2747,494,1066.47,110.62,1.0
355,291,20,2791,582,1066.46,108.18,1.0
356,193,21,2693,386,1066.43,95.45,1.0
357,285,24,2785,570,1066.42,101.22,1.0
358,283,21,2783,566,1066.35,109.92,1.0
359,287,18,2787,574,1066.31,113.04,1.0
360,62,16,2562,124,1066.28,77.36,1.0
361,174,21,2674,348,1066.22,88.95,1.0
362,209,17,2709,418,1066.22,103.27,1.0
363,204,22,2704,408,1066.2,88.53,1.0
364,269,21,2769,538,1066.16,109.45,1.0
365,168,20,2668,336,1066.08,88.97,1.0
366,184,22,2684,368,1066.05,84.44,1.0
367,186,19,2686,372,1066.04,98.13,1.0
368,238,23,2738,476,1066.0,92.5,1.0
369,199,22,2699,398,1065.96,87.15,1.0
370,201,19,2701,402,1065.96,97.2,1.0
371,235,24,2735,470,1065.96,89.94,1.0
372,252,20,2752,504,1065.93,103.45,1.0
373,282,18,2782,564,1065.89,117.56,1.0
374,145,21,2645,290,1065.74,83.62,1.0
375,165,22,2665,330,1065.7,88.82,1.0
376,226,18,2726,452,1065.68,101.43,1.0
377,222,19,2722,444,1065.68,95.71,1.0
378,269,20,2769,538,1065.68,105.56,1.0
379,229,21,2729,458,1065.67,99.29,1.0
380,108,19,2608,216,1065.66,83.64,1.0
381,126,20,2626,252,1065.59,81.54,1.0
382,50,16,2550,100,1065.57,73.13,1.0
383,175,18,2675,350,1065.54,100.01,1.0
384,126,19,2626,252,1065.53,83.06,1.0
385,108,17,2608,216,1065.52,85.87,1.0
386,187,18,2687,374,1065.52,96.16,1.0
387,265,25,2765,530,1065.49,91.16,1.0
388,218,21,2718,436,1065.42,94.24,1.0
389,202,20,2702,404,1065.39,94.05,1.0
390,50,18,2550,100,1065.38,71.34,1.0
391,201,20,2701,402,1065.38,93.15,1.0
392,226,24,2726,452,1065.36,85.79,1.0
393,222,21,2722,444,1065.35,94.54,1.0
394,202,21,2702,404,1065.27,92.07,1.0
395,132,19,2632,264,1065.23,84.44,1.0
396,123,18,2623,246,1065.21,85.11,1.0
397,229,19,2729,458,1065.18,95.52,1.0
398,131,19,2631,262,1065.14,85.97,1.0
399,269,19,2769,538,1065.1,111.01,1.0
400,263,24,2763,526,1065.07,94.22,1.0
401,295,24,2795,590,1065.05,103.59,1.0
402,62,17,2562,124,1064.99,73.13,1.0
403,270,24,2770,540,1064.96,95.97,1.0
404,290,18,2790,580,1064.93,111.1,1.0
405,231,19,2731,462,1064.92,104.67,1.0
406,108,18,2608,216,1064.91,83.62,1.0
407,233,17,2733,466,1064.86,104.43,1.0
408,140,20,2640,280,1064.78,85.88,1.0
409,206,22,2706,412,1064.77,92.27,1.0
410,206,19,2706,412,1064.67,100.55,1.0
411,237,19,2737,474,1064.57,105.14,1.0
412,284,25,2784,568,1064.53,98.46,1.0
413,281,21,2781,562,1064.51,106.93,1.0
414,283,20,2783,566,1064.49,115.79,1.0
415,103,18,2603,206,1064.47,82.03,1.0
416,156,19,2656,312,1064.44,89.3,1.0
417,131,20,2631,262,1064.35,84.19,1.0
418,229,23,2729,458,1064.35,89.78,1.0
419,240,24,2740,480,1064.32,96.97,1.0
420,287,19,2787,574,1064.32,113.19,1.0
421,260,18,2760,520,1064.31,112.72,1.0
422,277,21,2777,554,1064.31,108.28,1.0
423,286,18,2786,572,1064.31,116.64,1.0
424,167,19,2667,334,1064.27,94.78,1.0
425,272,22,2772,544,1064.26,98.24,1.0
426,186,22,2686,372,1064.23,90.27,1.0
427,293,23,2793,586,1064.2,106.38,1.0
428,195,23,2695,390,1064.18,88.96,1.0
429,203,20,2703,406,1064.17,100.78,1.0
430,261,24,2761,522,1064.17,94.84,1.0
431,231,20,2731,462,1064.13,103.19,1.0
432,263,20,2763,526,1064.1,106.86,1.0
433,50,20,2550,100,1064.03,67.81,1.0
434,225,19,2725,450,1064.01,101.61,1.0
435,252,19,2752,504,1064.01,112.81,1.0
436,236,20,2736,472,1063.99,104.25,1.0
437,231,22,2731,462,1063.95,95.99,1.0
438,266,24,2766,532,1063.93,93.85,1.0
439,114,21,2614,228,1063.88,79.5,1.0
440,287,24,2787,574,1063.88,101.03,1.0
441,280,21,2780,560,1063.87,108.25,1.0
442,144,19,2644,288,1063.85,84.25,1.0
443,275,19,2775,550,1063.84,111.17,1.0
444,291,23,2791,582,1063.82,102.1,1.0
445,235,17,2735,470,1063.8,109.64,1.0
446,292,19,2792,584,1063.8,117.9,1.0
447,291,22,2791,582,1063.77,103.76,1.0
448,294,20,2794,588,1063.77,114.67,1.0
449,213,20,2713,426,1063.76,96.36,1.0
450,206,21,2706,412,1063.76,96.41,1.0
451,133,18,2633,266,1063.73,81.68,1.0
452,187,19,2687,374,1063.73,95.9,1.0
453,180,18,2680,360,1063.69,97.42,1.0
454,264,22,2764,528,1063.67,97.82,1.0
455,160,20,2660,320,1063.66,88.27,1.0
456,62,15,2562,124,1063.63,78.23,1.0
457,289,18,2789,578,1063.61,115.14,1.0
458,64,18,2564,128,1063.52,76.08,1.0
459,119,19,2619,238,1063.52,85.51,1.0
460,268,24,2768,536,1063.51,91.84,1.0
461,212,22,2712,424,1063.49,95.98,1.0
462,179,18,2679,358,1063.47,92.73,1.0
463,215,23,2715,430,1063.47,92.89,1.0
464,253,19,2753,506,1063.47,104.17,1.0
465,163,21,2663,326,1063.44,87.84,1.0
466,213,22,2713,426,1063.41,96.65,1.0
467,206,20,2706,412,1063.39,102.28,1.0
468,249,24,2749,498,1063.39,92.6,1.0
469,181,20,2681,362,1063.38,89.39,1.0
470,223,18,2723,446,1063.37,109.21,1.0
471,177,20,2677,354,1063.33,96.32,1.0
472,199,17,2699,398,1063.32,99.19,1.0
473,300,17,2800,600,1063.32,114.61,1.0
474,234,23,2734,468,1063.31,94.89,1.0
475,241,21,2741,482,1063.31,101.98,1.0
476,252,23,2752,504,1063.3,98.58,1.0
477,66,18,2566,132,1063.29,77.49,1.0
478,195,22,2695,390,1063.26,90.92,1.0
479,126,18,2626,252,1063.22,86.11,1.0
480,294,21,2794,588,1063.21,112.02,1.0
481,53,16,2553,106,1063.18,76.37,1.0
482,197,19,2697,394,1063.14,95.2,1.0
483,290,17,2790,580,1063.13,113.93,1.0
484,68,16,2568,136,1063.09,77.38,1.0
485,86,19,2586,172,1063.08,76.25,1.0
486,159,20,2659,318,1063.08,90.94,1.0
487,227,22,2727,454,1063.07,100.15,1.0
488,174,22,2674,348,1063.03,86.4,1.0
489,15,17,2515,30,1063.0,66.51,1.0
490,210,17,2710,420,1062.99,103.42,1.0
491,296,21,2796,592,1062.97,109.23,1.0
492,257,18,2757,514,1062.95,114.52,1.0
493,298,24,2798,596,1062.95,102.46,1.0
494,291,24,2791,582,1062.94,99.97,1.0
495,125,19,2625,250,1062.91,80.6,1.0
496,259,19,2759,518,1062.86,111.08,1.0
497,281,20,2781,562,1062.86,104.24,1.0
498,288,22,2788,576,1062.85,108.96,1.0
499,245,24,2745,490,1062.8,95.09,1.0
500,297,18,2797,594,1062.8,115.06,1.0
501,120,19,2620,240,1062.78,82.71,1.0
502,86,18,2586,172,1062.76,79.2,1.0
503,229,20,2729,458,1062.74,97.21,1.0
504,195,18,2695,390,1062.71,101.23,1.0
505,259,24,2759,518,1062.69,93.37,1.0
506,294,22,2794,588,1062.65,106.21,1.0
507,201,21,2701,402,1062.62,93.36,1.0
508,61,18,2561,122,1062.6,72.5,1.0
509,66,17,2566,132,1062.57,76.58,1.0
510,251,18,2751,502,1062.51,105.45,1.0
511,86,20,2586,172,1062.48,71.74,1.0
512,283,23,2783,566,1062.48,104.94,1.0
513,223,22,2723,446,1062.47,96.06,1.0
514,100,17,2600,200,1062.45,81.51,1.0
515,179,20,2679,358,1062.45,91.93,1.0
516,183,22,2683,366,1062.43,91.21,1.0
517,255,18,2755,510,1062.41,105.78,1.0
518,218,22,2718,436,1062.37,89.53,1.0
519,259,23,2759,518,1062.36,99.56,1.0
520,264,23,2764,528,1062.33,93.43,1.0
521,266,23,2766,532,1062.33,97.77,1.0
522,282,24,2782,564,1062.23,99.49,1.0
523,278,21,2778,556,1062.21,103.8,1.0
524,243,18,2743,486,1062.18,107.96,1.0
525,223,20,2723,446,1062.16,100.34,1.0
526,108,21,2608,216,1062.13,79.68,1.0
527,180,20,2680,360,1062.12,93.91,1.0
528,254,24,2754,508,1062.11,93.16,1.0
529,193,22,2693,386,1062.1,94.26,1.0
530,285,18,2785,570,1062.09,114.86,1.0
531,276,25,2776,552,1062.05,98.34,1.0
532,145,19,2645,290,1062.03,88.04,1.0
533,211,24,2711,422,1062.03,83.75,1.0
534,257,19,2757,514,1062.01,108.63,1.0
535,223,19,2723,446,1061.98,104.66,1.0
536,273,20,2773,546,1061.97,110.6,1.0
537,288,23,2788,576,1061.97,102.85,1.0
538,157,19,2657,314,1061.94,88.61,1.0
539,189,20,2689,378,1061.94,89.83,1.0
540,66,16,2566,132,1061.92,82.66,1.0
541,150,19,2650,300,1061.91,90.34,1.0
542,29,17,2529,58,1061.87,71.22,1.0
543,234,19,2734,468,1061.84,101.39,1.0
544,288,19,2788,576,1061.83,115.82,1.0
545,211,23,2711,422,1061.8,80.77,1.0
546,275,24,2775,550,1061.79,101.36,1.0
547,216,21,2716,432,1061.75,95.22,1.0
548,119,21,2619,238,1061.72,80.33,1.0
549,124,19,2624,248,1061.72,85.47,1.0
550,142,20,2642,284,1061.69,83.21,1.0
551,108,20,2608,216,1061.68,79.62,1.0
552,299,24,2799,598,1061.67,103.99,1.0
553,140,18,2640,280,1061.66,91.64,1.0
554,208,21,2708,416,1061.65,92.81,1.0
555,205,22,2705,410,1061.64,90.15,1.0
556,175,19,2675,350,1061.61,95.13,1.0
557,212,23,2712,424,1061.61,93.33,1.0
558,274,21,2774,548,1061.59,106.42,1.0
559,157,20,2657,314,1061.58,87.24,1.0
560,248,17,2748,496,1061.58,115.77,1.0
561,231,23,2731,462,1061.57,97.55,1.0
562,155,21,2655,310,1061.48,87.01,1.0
563,213,23,2713,426,1061.43,93.5,1.0
564,167,20,2667,334,1061.42,96.06,1.0
565,167,21,2667,334,1061.38,90.87,1.0
566,216,19,2716,432,1061.33,101.07,1.0
567,239,18,2739,478,1061.32,110.03,1.0
568,231,21,2731,462,1061.31,103.15,1.0
569,208,17,2708,416,1061.26,100.05,1.0
570,130,20,2630,260,1061.23,82.71,1.0
571,255,24,2755,510,1061.21,90.27,1.0
572,100,19,2600,200,1061.2,82.77,1.0
573,120,18,2620,240,1061.19,83.56,1.0
574,229,22,2729,458,1061.06,92.32,1.0
575,158,19,2658,316,1061.05,87.63,1.0
576,273,23,2773,546,1061.04,100.91,1.0
577,256,17,2756,512,1060.96,108.55,1.0
578,108,16,2608,216,1060.95,91.76,1.0
579,260,25,2760,520,1060.88,87.27,1.0
580,225,22,2725,450,1060.86,91.28,1.0
581,292,25,2792,584,1060.84,94.12,1.0
582,198,21,2698,396,1060.81,89.75,1.0
583,207,19,2707,414,1060.76,97.17,1.0
584,154,19,2654,308,1060.65,85.84,1.0
585,259,18,2759,518,1060.65,112.76,1.0
586,278,22,2778,556,1060.65,102.72,1.0
587,207,22,2707,414,1060.63,88.04,1.0
588,199,23,2699,398,1060.62,85.73,1.0
589,283,19,2783,566,1060.62,112.82,1.0
590,177,21,2677,354,1060.61,88.74,1.0
591,132,18,2632,264,1060.6,88.96,1.0
592,227,19,2727,454,1060.59,106.93,1.0
593,53,18,2553,106,1060.58,69.83,1.0
594,259,20,2759,518,1060.52,108.84,1.0
595,272,21,2772,544,1060.49,107.8,1.0
596,160,19,2660,320,1060.47,95.45,1.0
597,134,18,2634,268,1060.45,89.67,1.0
598,250,17,2750,500,1060.42,107.07,1.0
599,144,20,2644,288,1060.41,84.33,1.0
600,294,23,2794,588,1060.38,104.65,1.0
601,203,19,2703,406,1060.33,106.55,1.0
602,78,18,2578,156,1060.31,74.93,1.0
603,228,17,2728,456,1060.31,103.6,1.0
604,248,24,2748,496,1060.31,97.38,1.0
605,168,18,2668,336,1060.25,95.9,1.0
606,203,21,2703,406,1060.24,100.6,1.0
607,195,17,2695,390,1060.2,105.97,1.0
608,88,17,2588,176,1060.19,82.85,1.0
609,70,18,2570,140,1060.18,75.04,1.0
610,120,17,2620,240,1060.14,83.47,1.0
611,159,19,2659,318,1060.14,87.12,1.0
612,193,19,2693,386,1060.14,100.5,1.0
613,151,20,2651,302,1060.13,88.68,1.0
614,222,20,2722,444,1060.12,95.74,1.0
615,236,19,2736,472,1060.09,111.05,1.0
616,145,22,2645,290,1060.08,83.11,1.0
617,204,19,2704,408,1060.06,98.8,1.0
618,133,21,2633,266,1060.03,79.31,1.0
619,176,19,2676,352,1059.98,91.77,1.0
620,197,20,2697,394,1059.98,93.32,1.0
621,149,21,2649,298,1059.94,88.96,1.0
622,198,20,2698,396,1059.91,93.91,1.0
623,129,20,2629,258,1059.9,81.85,1.0
624,146,20,2646,292,1059.89,87.41,1.0
625,189,19,2689,378,1059.87,96.0,1.0
626,234,18,2734,468,1059.87,109.51,1.0
627,53,17,2553,106,1059.85,71.0,1.0
628,150,20,2650,300,1059.85,81.14,1.0
629,145,18,2645,290,1059.85,90.05,1.0
630,155,19,2655,310,1059.84,92.66,1.0
631,204,18,2704,408,1059.83,99.59,1.0
632,216,23,2716,432,1059.81,92.43,1.0
633,272,20,2772,544,1059.76,112.24,1.0
634,272,23,2772,544,1059.75,100.64,1.0
635,182,20,2682,364,1059.74,98.07,1.0
636,62,20,2562,124,1059.71,71.98,1.0
637,168,17,2668,336,1059.71,95.48,1.0
638,271,23,2771,542,1059.71,99.46,1.0
639,222,22,2722,444,1059.7,95.85,1.0
640,127,19,2627,254,1059.68,82.87,1.0
641,162,20,2662,324,1059.63,85.02,1.0
642,279,22,2779,558,1059.62,99.58,1.0
643,69,17,2569,138,1059.61,76.38,1.0
644,189,21,2689,378,1059.61,92.72,1.0
645,134,19,2634,268,1059.58,83.88,1.0
646,237,23,2737,474,1059.58,96.81,1.0
647,151,21,2651,302,1059.52,85.07,1.0
648,259,25,2759,518,1059.51,93.2,1.0
649,297,17,2797,594,1059.5,118.4,1.0
650,168,19,2668,336,1059.47,94.04,1.0
651,254,18,2754,508,1059.46,109.38,1.0
652,27,18,2527,54,1059.45,65.26,1.0
653,29,18,2529,58,1059.45,71.66,1.0
654,272,24,2772,544,1059.44,96.47,1.0
655,59,18,2559,118,1059.42,75.97,1.0
656,160,21,2660,320,1059.38,84.22,1.0
657,142,21,2642,284,1059.34,79.93,1.0
658,179,19,2679,358,1059.32,94.66,1.0
659,198,19,2698,396,1059.3,97.98,1.0
660,66,20,2566,132,1059.28,73.52,1.0
661,264,21,2764,528,1059.27,104.94,1.0
662,162,19,2662,324,1059.26,92.54,1.0
663,209,16,2709,418,1059.25,108.88,1.0
664,52,18,2552,104,1059.23,71.7,1.0
665,181,19,2681,362,1059.22,91.69,1.0
666,132,20,2632,264,1059.21,86.55,1.0
667,171,20,2671,342,1059.2,88.57,1.0
668,4,17,2504,8,1059.11,61.89,1.0
669,293,22,2793,586,1059.09,103.46,1.0
670,219,17,2719,438,1059.08,106.88,1.0
671,125,20,2625,250,1059.07,79.42,1.0
672,212,21,2712,424,1059.05,95.08,1.0
673,158,20,2658,316,1059.04,88.23,1.0
674,253,23,2753,506,1059.03,97.71,1.0
675,149,22,2649,298,1058.97,82.4,1.0
676,234,20,2734,468,1058.94,106.75,1.0
677,278,20,2778,556,1058.91,106.52,1.0
678,36,18,2536,72,1058.9,65.34,1.0
679,154,21,2654,308,1058.9,85.74,1.0
680,256,18,2756,512,1058.84,106.46,1.0
681,103,17,2603,206,1058.8,84.92,1.0
682,216,20,2716,432,1058.76,94.73,1.0
683,261,18,2761,522,1058.75,105.91,1.0
684,203,22,2703,406,1058.7,94.66,1.0
685,52,19,2552,104,1058.67,73.94,1.0
686,257,24,2757,514,1058.64,96.0,1.0
687,51,19,2551,102,1058.62,69.49,1.0
688,213,19,2713,426,1058.57,103.1,1.0
689,174,18,2674,348,1058.54,92.35,1.0
690,205,18,2705,410,1058.54,100.44,1.0
691,44,18,2544,88,1058.53,71.03,1.0
692,82,17,2582,164,1058.46,80.12,1.0
693,202,19,2702,404,1058.46,99.24,1.0
694,155,18,2655,310,1058.45,92.08,1.0
695,167,18,2667,334,1058.41,94.36,1.0
696,151,19,2651,302,1058.39,87.19,1.0
697,174,23,2674,348,1058.39,82.61,1.0
698,12,17,2512,24,1058.38,65.21,1.0
699,273,19,2773,546,1058.38,112.52,1.0
700,182,21,2682,364,1058.37,95.94,1.0
701,70,17,2570,140,1058.35,81.49,1.0
702,73,19,2573,146,1058.35,74.09,1.0
703,260,17,2760,520,1058.35,114.59,1.0
704,73,18,2573,146,1058.34,69.33,1.0
705,129,19,2629,258,1058.33,90.4,1.0
706,237,24,2737,474,1058.33,95.42,1.0
707,65,18,2565,130,1058.29,75.05,1.0
708,177,18,2677,354,1058.29,100.66,1.0
709,186,18,2686,372,1058.28,103.12,1.0
710,180,21,2680,360,1058.24,93.14,1.0
711,75,18,2575,150,1058.23,80.57,1.0
712,184,17,2684,368,1058.23,98.02,1.0
713,268,25,2768,536,1058.22,90.83,1.0
714,243,17,2743,486,1058.21,109.18,1.0
715,153,21,2653,306,1058.2,86.91,1.0
716,215,17,2715,430,1058.2,106.39,1.0
717,271,21,2771,542,1058.2,101.98,1.0
718,71,17,2571,142,1058.19,80.79,1.0
719,170,21,2670,340,1058.19,85.07,1.0
720,163,18,2663,326,1058.12,92.41,1.0
721,291,19,2791,582,1058.09,119.02,1.0
722,297,26,2797,594,1058.09,97.77,1.0
723,223,23,2723,446,1058.07,93.84,1.0
724,140,21,2640,280,1058.03,83.61,1.0
725,211,18,2711,422,1058.02,96.42,1.0
726,218,20,2718,436,1058.02,95.38,1.0
727,284,17,2784,568,1057.99,115.23,1.0
728,235,25,2735,470,1057.98,87.17,1.0
729,132,17,2632,264,1057.96,90.87,1.0
730,298,18,2798,596,1057.95,111.65,1.0
731,154,20,2654,308,1057.93,88.26,1.0
732,88,19,2588,176,1057.92,75.13,1.0
733,132,21,2632,264,1057.9,80.06,1.0
734,4,18,2504,8,1057.89,61.15,1.0
735,89,18,2589,178,1057.87,82.48,1.0
736,299,19,2799,598,1057.87,114.79,1.0
737,288,18,2788,576,1057.84,116.89,1.0
738,146,19,2646,292,1057.82,88.87,1.0
739,51,18,2551,102,1057.81,70.93,1.0
740,156,18,2656,312,1057.8,91.83,1.0
741,180,19,2680,360,1057.79,98.21,1.0
742,296,24,2796,592,1057.76,100.66,1.0
743,146,21,2646,292,1057.73,84.16,1.0
744,58,17,2558,116,1057.69,74.31,1.0
745,70,19,2570,140,1057.68,73.22,1.0
746,15,18,2515,30,1057.67,63.63,1.0
747,193,17,2693,386,1057.67,99.83,1.0
748,227,18,2727,454,1057.66,102.36,1.0
749,253,18,2753,506,1057.66,107.43,1.0
750,94,19,2594,188,1057.64,78.96,1.0
751,206,18,2706,412,1057.64,102.25,1.0
752,186,17,2686,372,1057.61,102.21,1.0
753,110,19,2610,220,1057.55,77.8,1.0
754,256,24,2756,512,1057.5,98.41,1.0
755,282,17,2782,564,1057.5,115.92,1.0
756,155,20,2655,310,1057.47,90.64,1.0
757,182,22,2682,364,1057.47,87.25,1.0
758,93,19,2593,186,1057.42,79.91,1.0
759,152,19,2652,304,1057.42,92.99,1.0
760,103,19,2603,206,1057.41,77.06,1.0
761,191,20,2691,382,1057.41,90.56,1.0
762,197,21,2697,394,1057.38,95.19,1.0
763,173,20,2673,346,1057.36,95.09,1.0
764,166,18,2666,332,1057.35,91.88,1.0
765,287,17,2787,574,1057.31,119.9,1.0
766,115,19,2615,230,1057.3,78.43,1.0
767,1,17,2501,2,1057.29,58.29,1.0
768,237,17,2737,474,1057.23,106.18,1.0
769,161,19,2661,322,1057.22,89.63,1.0
770,123,20,2623,246,1057.21,88.89,1.0
771,32,18,2532,64,1057.18,64.96,1.0
772,158,17,2658,316,1057.18,94.76,1.0
773,197,22,2697,394,1057.16,89.05,1.0
774,269,23,2769,538,1057.16,103.61,1.0
775,286,25,2786,572,1057.16,91.81,1.0
776,157,18,2657,314,1057.14,93.36,1.0
777,52,17,2552,104,1057.13,76.5,1.0
778,64,19,2564,128,1057.13,71.91,1.0
779,209,24,2709,418,1057.11,84.17,1.0
780,224,19,2724,448,1057.1,103.68,1.0
781,166,20,2666,332,1057.07,89.31,1.0
782,160,18,2660,320,1057.03,92.97,1.0
783,183,23,2683,366,1057.0,89.17,1.0
784,95,17,2595,190,1056.91,82.83,1.0
785,174,17,2674,348,1056.89,95.88,1.0
786,220,21,2720,440,1056.84,90.23,1.0
787,278,24,2778,556,1056.8,96.44,1.0
788,65,16,2565,130,1056.79,77.94,1.0
789,82,18,2582,164,1056.79,78.46,1.0
790,156,20,2656,312,1056.79,88.01,1.0
791,71,19,2571,142,1056.76,73.59,1.0
792,215,24,2715,430,1056.76,88.66,1.0
793,246,20,2746,492,1056.75,110.37,1.0
794,177,19,2677,354,1056.69,96.01,1.0
795,65,17,2565,130,1056.68,78.99,1.0
796,251,24,2751,502,1056.68,95.74,1.0
797,205,17,2705,410,1056.66,105.79,1.0
798,295,19,2795,590,1056.66,123.48,1.0
799,142,18,2642,284,1056.65,88.02,1.0
800,20,18,2520,40,1056.64,65.73,1.0
801,258,21,2758,516,1056.64,97.38,1.0
802,134,21,2634,268,1056.63,83.91,1.0
803,252,18,2752,504,1056.62,112.4,1.0
804,32,17,2532,64,1056.61,69.64,1.0
805,191,19,2691,382,1056.58,95.22,1.0
806,222,18,2722,444,1056.58,103.53,1.0
807,249,18,2749,498,1056.57,109.34,1.0
808,233,24,2733,466,1056.56,93.91,1.0
809,166,19,2666,332,1056.55,91.96,1.0
810,119,20,2619,238,1056.51,83.27,1.0
811,110,18,2610,220,1056.5,81.01,1.0
812,141,19,2641,282,1056.49,84.02,1.0
813,283,18,2783,566,1056.49,116.87,1.0
814,129,21,2629,258,1056.46,79.92,1.0
815,170,22,2670,340,1056.46,81.7,1.0
816,91,17,2591,182,1056.45,81.54,1.0
817,123,19,2623,246,1056.45,85.78,1.0
818,293,21,2793,586,1056.4,106.59,1.0
819,89,19,2589,178,1056.38,79.54,1.0
820,202,17,2702,404,1056.38,98.63,1.0
821,138,18,2638,276,1056.37,93.0,1.0
822,239,24,2739,478,1056.35,94.89,1.0
823,202,22,2702,404,1056.33,87.39,1.0
824,67,18,2567,134,1056.29,73.36,1.0
825,42,17,2542,84,1056.28,70.06,1.0
826,294,24,2794,588,1056.24,101.24,1.0
827,21,17,2521,42,1056.23,64.63,1.0
828,140,16,2640,280,1056.23,92.49,1.0
829,282,25,2782,564,1056.23,93.83,1.0
830,146,18,2646,292,1056.2,89.98,1.0
831,294,19,2794,588,1056.19,121.07,1.0
832,210,23,2710,420,1056.17,90.02,1.0
833,244,20,2744,488,1056.17,106.24,1.0
834,95,19,2595,190,1056.16,81.25,1.0
835,131,17,2631,262,1056.16,91.28,1.0
836,78,17,2578,156,1056.13,79.37,1.0
837,229,18,2729,458,1056.09,95.47,1.0
838,61,17,2561,122,1056.08,75.19,1.0
839,23,17,2523,46,1056.07,68.74,1.0
840,279,23,2779,558,1056.07,96.81,1.0
841,71,18,2571,142,1056.03,77.94,1.0
842,176,21,2676,352,1055.99,85.71,1.0
843,274,23,2774,548,1055.99,98.76,1.0
844,274,20,2774,548,1055.98,104.15,1.0
845,258,20,2758,516,1055.91,101.5,1.0
846,154,22,2654,308,1055.87,82.98,1.0
847,167,22,2667,334,1055.86,89.22,1.0
848,293,20,2793,586,1055.82,114.2,1.0
849,41,18,2541,82,1055.79,66.53,1.0
850,220,22,2720,440,1055.77,90.68,1.0
851,227,23,2727,454,1055.76,93.26,1.0
852,175,20,2675,350,1055.74,90.29,1.0
853,244,21,2744,488,1055.74,100.63,1.0
854,71,16,2571,142,1055.7,79.68,1.0
855,73,16,2573,146,1055.7,76.61,1.0
856,142,17,2642,284,1055.69,88.73,1.0
857,161,20,2661,322,1055.69,90.98,1.0
858,129,18,2629,258,1055.67,88.36,1.0
859,162,18,2662,324,1055.64,89.63,1.0
860,263,18,2763,526,1055.64,112.47,1.0
861,64,17,2564,128,1055.63,77.11,1.0
862,226,25,2726,452,1055.6,86.8,1.0
863,223,21,2723,446,1055.59,100.48,1.0
864,300,25,2800,600,1055.58,99.72,1.0
865,69,16,2569,138,1055.55,79.62,1.0
866,89,16,2589,178,1055.55,82.07,1.0
867,173,21,2673,346,1055.55,88.77,1.0
868,123,17,2623,246,1055.54,91.6,1.0
869,54,18,2554,108,1055.53,73.32,1.0
870,269,24,2769,538,1055.53,100.27,1.0
871,21,18,2521,42,1055.52,66.76,1.0
872,100,18,2600,200,1055.43,84.42,1.0
873,264,20,2764,528,1055.43,107.28,1.0
874,131,18,2631,262,1055.41,85.12,1.0
875,173,18,2673,346,1055.41,95.64,1.0
876,216,17,2716,432,1055.4,103.53,1.0
877,270,25,2770,540,1055.37,94.62,1.0
878,59,17,2559,118,1055.36,76.45,1.0
879,138,19,2638,276,1055.36,80.98,1.0
880,298,25,2798,596,1055.36,101.35,1.0
881,169,20,2669,338,1055.34,88.63,1.0
882,213,24,2713,426,1055.33,88.96,1.0
883,234,24,2734,468,1055.31,91.15,1.0
884,271,20,2771,542,1055.31,105.62,1.0
885,49,18,2549,98,1055.28,70.26,1.0
886,1,18,2501,2,1055.28,60.78,1.0
887,238,17,2738,476,1055.26,109.32,1.0
888,171,19,2671,342,1055.25,91.13,1.0
889,268,18,2768,536,1055.24,112.58,1.0
890,158,21,2658,316,1055.23,82.8,1.0
891,182,19,2682,364,1055.23,96.69,1.0
892,158,18,2658,316,1055.22,99.01,1.0
893,179,21,2679,358,1055.22,90.08,1.0
894,193,23,2693,386,1055.22,88.15,1.0
895,52,16,2552,104,1055.2,77.05,1.0
896,88,18,2588,176,1055.18,75.25,1.0
897,246,21,2746,492,1055.17,100.31,1.0
898,85,18,2585,170,1055.16,76.66,1.0
899,61,19,2561,122,1055.15,72.33,1.0
900,157,17,2657,314,1055.15,89.96,1.0
901,245,17,2745,490,1055.13,111.12,1.0
902,9,17,2509,18,1055.09,63.12,1.0
903,144,21,2644,288,1055.09,83.3,1.0
904,263,19,2763,526,1055.09,110.52,1.0
905,100,20,2600,200,1055.08,77.02,1.0
906,190,19,2690,380,1055.06,89.43,1.0
907,125,18,2625,250,1055.04,84.73,1.0
908,203,18,2703,406,1055.01,105.57,1.0
909,124,18,2624,248,1054.94,85.1,1.0
910,176,20,2676,352,1054.93,89.66,1.0
911,132,22,2632,264,1054.92,76.19,1.0
912,65,19,2565,130,1054.91,73.63,1.0
913,199,16,2699,398,1054.91,101.63,1.0
914,170,18,2670,340,1054.9,94.34,1.0
915,232,17,2732,464,1054.88,110.18,1.0
916,247,25,2747,494,1054.87,90.27,1.0
917,120,21,2620,240,1054.86,77.21,1.0
918,271,22,2771,542,1054.84,100.81,1.0
919,14,17,2514,28,1054.83,65.51,1.0
920,118,20,2618,236,1054.82,85.93,1.0
921,291,25,2791,582,1054.82,100.32,1.0
922,122,18,2622,244,1054.78,86.84,1.0
923,241,20,2741,482,1054.78,103.47,1.0
924,153,17,2653,306,1054.7,95.37,1.0
925,0,17,2500,0,1054.68,60.55,1.0
926,75,17,2575,150,1054.68,82.52,1.0
927,221,20,2721,442,1054.68,100.65,1.0
928,157,22,2657,314,1054.63,81.43,1.0
929,236,21,2736,472,1054.63,100.91,1.0
930,68,20,2568,136,1054.61,74.53,1.0
931,242,21,2742,484,1054.57,96.63,1.0
932,88,20,2588,176,1054.54,76.42,1.0
933,152,20,2652,304,1054.52,86.97,1.0
934,44,19,2544,88,1054.5,69.71,1.0
935,289,17,2789,578,1054.45,115.96,1.0
936,162,21,2662,324,1054.43,84.45,1.0
937,20,17,2520,40,1054.4,68.95,1.0
938,280,23,2780,560,1054.39,102.89,1.0
939,279,24,2779,558,1054.37,95.59,1.0
940,127,20,2627,254,1054.27,81.33,1.0
941,172,19,2672,344,1054.26,90.32,1.0
942,185,19,2685,370,1054.26,99.29,1.0
943,54,17,2554,108,1054.24,74.45,1.0
944,48,18,2548,96,1054.23,70.6,1.0
945,145,17,2645,290,1054.22,93.12,1.0
946,251,17,2751,502,1054.22,111.58,1.0
947,157,21,2657,314,1054.2,84.54,1.0
948,177,22,2677,354,1054.19,88.19,1.0
949,94,20,2594,188,1054.18,81.23,1.0
950,292,18,2792,584,1054.18,118.02,1.0
951,15,16,2515,30,1054.14,68.86,1.0
952,95,18,2595,190,1054.12,84.39,1.0
953,225,17,2725,450,1054.09,107.54,1.0
954,126,17,2626,252,1054.06,91.14,1.0
955,152,21,2652,304,1054.06,88.62,1.0
956,50,15,2550,100,1054.05,74.05,1.0
957,155,22,2655,310,1053.99,83.53,1.0
958,200,21,2700,400,1053.99,94.99,1.0
959,143,20,2643,286,1053.98,81.53,1.0
960,271,19,2771,542,1053.98,109.99,1.0
961,192,18,2692,384,1053.97,99.12,1.0
962,168,21,2668,336,1053.95,88.89,1.0
963,95,20,2595,190,1053.92,77.44,1.0
964,123,21,2623,246,1053.92,82.42,1.0
965,220,20,2720,440,1053.92,95.88,1.0
966,224,22,2724,448,1053.92,96.65,1.0
967,236,22,2736,472,1053.9,100.92,1.0
968,172,18,2672,344,1053.87,93.05,1.0
969,167,23,2667,334,1053.85,82.14,1.0
970,194,20,2694,388,1053.84,98.85,1.0
971,159,18,2659,318,1053.83,94.9,1.0
972,91,18,2591,182,1053.8,78.51,1.0
973,127,21,2627,254,1053.76,82.15,1.0
974,266,18,2766,532,1053.76,107.75,1.0
975,71,20,2571,142,1053.74,76.19,1.0
976,53,15,2553,106,1053.73,76.69,1.0
977,219,24,2719,438,1053.7,91.59,1.0
978,122,20,2622,244,1053.69,82.35,1.0
979,192,21,2692,384,1053.68,96.64,1.0
980,75,19,2575,150,1053.67,77.72,1.0
981,145,23,2645,290,1053.63,80.42,1.0
982,161,21,2661,322,1053.63,89.42,1.0
983,243,24,2743,486,1053.61,92.73,1.0
984,65,20,2565,130,1053.6,69.16,1.0
985,14,18,2514,28,1053.59,65.5,1.0
986,100,16,2600,200,1053.56,84.64,1.0
987,127,18,2627,254,1053.56,87.72,1.0
988,233,16,2733,466,1053.56,111.1,1.0
989,176,22,2676,352,1053.55,87.55,1.0
990,143,18,2643,286,1053.54,81.08,1.0
991,165,17,2665,330,1053.53,101.86,1.0
992,252,24,2752,504,1053.53,95.68,1.0
993,275,18,2775,550,1053.51,111.92,1.0
994,237,18,2737,474,1053.5,106.87,1.0
995,130,18,2630,260,1053.48,93.49,1.0
996,201,18,2701,402,1053.48,102.03,1.0
997,270,18,2770,540,1053.48,112.11,1.0
998,283,24,2783,566,1053.48,101.8,1.0
999,198,18,2698,396,1053.46,103.9,1.0
1000,216,18,2716,432,1053.44,102.88,1.0
1001,109,20,2609,218,1053.42,79.9,1.0
1002,86,17,2586,172,1053.39,81.31,1.0
1003,165,23,2665,330,1053.38,85.47,1.0
1004,134,20,2634,268,1053.37,86.11,1.0
1005,54,19,2554,108,1053.36,70.88,1.0
1006,28,18,2528,56,1053.36,63.74,1.0
1007,133,17,2633,266,1053.35,88.9,1.0
1008,288,24,2788,576,1053.34,99.41,1.0
1009,51,17,2551,102,1053.33,75.26,1.0
1010,44,17,2544,88,1053.3,70.48,1.0
1011,181,22,2681,362,1053.3,82.84,1.0
1012,69,18,2569,138,1053.29,72.99,1.0
1013,130,21,2630,260,1053.28,83.23,1.0
1014,153,19,2653,306,1053.24,88.19,1.0
1015,207,18,2707,414,1053.2,96.1,1.0
1016,7,18,2507,14,1053.19,63.05,1.0
1017,253,24,2753,506,1053.19,93.66,1.0
1018,93,18,2593,186,1053.14,85.27,1.0
1019,153,20,2653,306,1053.14,85.61,1.0
1020,201,22,2701,402,1053.13,93.29,1.0
1021,208,22,2708,416,1053.12,89.22,1.0
1022,81,18,2581,162,1053.11,79.55,1.0
1023,191,21,2691,382,1053.08,91.42,1.0
1024,186,16,2686,372,1053.07,100.62,1.0
1025,29,19,2529,58,1053.04,68.1,1.0
1026,73,17,2573,146,1053.03,76.05,1.0
1027,246,22,2746,492,1052.99,99.27,1.0
1028,105,17,2605,210,1052.98,85.8,1.0
1029,245,25,2745,490,1052.98,91.25,1.0
1030,185,23,2685,370,1052.96,87.87,1.0
1031,67,19,2567,134,1052.95,74.16,1.0
1032,105,18,2605,210,1052.93,79.78,1.0
1033,36,17,2536,72,1052.92,66.13,1.0
1034,150,18,2650,300,1052.89,89.61,1.0
1035,120,20,2620,240,1052.88,79.29,1.0
1036,27,19,2527,54,1052.82,67.2,1.0
1037,192,20,2692,384,1052.81,97.51,1.0
1038,219,25,2719,438,1052.8,85.97,1.0
1039,126,16,2626,252,1052.79,90.3,1.0
1040,213,18,2713,426,1052.79,102.97,1.0
1041,131,21,2631,262,1052.77,83.22,1.0
1042,144,17,2644,288,1052.77,94.49,1.0
1043,187,21,2687,374,1052.76,88.92,1.0
1044,56,18,2556,112,1052.73,71.29,1.0
1045,226,17,2726,452,1052.7,105.69,1.0
1046,276,17,2776,552,1052.69,117.48,1.0
1047,128,19,2628,256,1052.66,85.53,1.0
1048,274,24,2774,548,1052.65,98.91,1.0
1049,240,25,2740,480,1052.63,86.76,1.0
1050,247,16,2747,494,1052.63,113.35,1.0
1051,108,22,2608,216,1052.61,76.66,1.0
1052,89,17,2589,178,1052.57,81.24,1.0
1053,284,16,2784,568,1052.56,110.07,1.0
1054,97,19,2597,194,1052.53,80.8,1.0
1055,68,15,2568,136,1052.52,81.97,1.0
1056,105,20,2605,210,1052.52,76.03,1.0
1057,240,17,2740,480,1052.5,120.41,1.0
1058,196,20,2696,392,1052.47,93.53,1.0
1059,20,16,2520,40,1052.45,71.29,1.0
1060,115,18,2615,230,1052.45,87.29,1.0
1061,103,20,2603,206,1052.44,79.75,1.0
1062,107,18,2607,214,1052.43,81.5,1.0
1063,18,17,2518,36,1052.42,62.76,1.0
1064,149,16,2649,298,1052.35,99.41,1.0
1065,33,17,2533,66,1052.34,75.2,1.0
1066,202,23,2702,404,1052.33,89.0,1.0
1067,175,21,2675,350,1052.32,87.33,1.0
1068,109,18,2609,218,1052.29,82.04,1.0
1069,225,23,2725,450,1052.27,92.89,1.0
1070,277,23,2777,554,1052.27,102.03,1.0
1071,244,22,2744,488,1052.25,95.56,1.0
1072,99,17,2599,198,1052.23,85.17,1.0
1073,293,24,2793,586,1052.23,100.78,1.0
1074,115,20,2615,230,1052.21,82.72,1.0
1075,153,18,2653,306,1052.21,90.54,1.0
1076,250,25,2750,500,1052.21,87.89,1.0
1077,95,16,2595,190,1052.19,90.37,1.0
1078,28,17,2528,56,1052.15,67.84,1.0
1079,202,18,2702,404,1052.14,100.9,1.0
1080,154,18,2654,308,1052.13,87.0,1.0
1081,151,18,2651,302,1052.08,90.78,1.0
1082,280,25,2780,560,1052.06,94.33,1.0
1083,244,19,2744,488,1052.05,106.95,1.0
1084,49,17,2549,98,1052.04,74.93,1.0
1085,299,25,2799,598,1052.03,98.23,1.0
1086,166,21,2666,332,1052.0,89.02,1.0
1087,59,20,2559,118,1051.99,71.18,1.0
1088,156,21,2656,312,1051.99,83.21,1.0
1089,159,21,2659,318,1051.99,88.49,1.0
1090,279,21,2779,558,1051.99,97.87,1.0
1091,194,18,2694,388,1051.98,102.23,1.0
1092,220,23,2720,440,1051.95,88.54,1.0
1093,160,17,2660,320,1051.94,97.53,1.0
1094,205,23,2705,410,1051.93,88.8,1.0
1095,183,17,2683,366,1051.9,97.73,1.0
1096,141,20,2641,282,1051.88,85.79,1.0
1097,173,19,2673,346,1051.85,97.1,1.0
1098,144,18,2644,288,1051.81,91.89,1.0
1099,138,21,2638,276,1051.78,84.64,1.0
1100,54,16,2554,108,1051.77,74.31,1.0
1101,266,25,2766,532,1051.75,94.18,1.0
1102,143,19,2643,286,1051.74,84.19,1.0
1103,169,19,2669,338,1051.74,91.71,1.0
1104,192,19,2692,384,1051.74,91.43,1.0
1105,294,18,2794,588,1051.74,119.89,1.0
1106,90,18,2590,180,1051.73,74.56,1.0
1107,12,16,2512,24,1051.7,66.04,1.0
1108,272,19,2772,544,1051.7,109.9,1.0
1109,277,22,2777,554,1051.69,103.77,1.0
1110,41,19,2541,82,1051.67,67.72,1.0
1111,187,17,2687,374,1051.67,99.22,1.0
1112,242,22,2742,484,1051.67,98.59,1.0
1113,29,16,2529,58,1051.63,74.5,1.0
1114,15,19,2515,30,1051.63,63.37,1.0
1115,190,20,2690,380,1051.62,89.94,1.0
1116,227,17,2727,454,1051.62,107.97,1.0
1117,84,17,2584,168,1051.61,79.85,1.0
1118,169,21,2669,338,1051.59,82.61,1.0
1119,218,19,2718,436,1051.59,101.27,1.0
1120,140,17,2640,280,1051.54,89.05,1.0
1121,174,16,2674,348,1051.54,104.27,1.0
1122,273,18,2773,546,1051.53,112.07,1.0
1123,232,24,2732,464,1051.5,93.93,1.0
1124,126,21,2626,252,1051.48,81.38,1.0
1125,295,25,2795,590,1051.4,101.63,1.0
1126,216,24,2716,432,1051.38,88.72,1.0
1127,102,19,2602,204,1051.37,87.52,1.0
1128,42,18,2542,84,1051.36,69.93,1.0
1129,6,17,2506,12,1051.36,62.11,1.0
1130,51,16,2551,102,1051.35,74.33,1.0
1131,150,21,2650,300,1051.33,82.32,1.0
1132,70,16,2570,140,1051.32,78.4,1.0
1133,17,17,2517,34,1051.3,64.28,1.0
1134,105,19,2605,210,1051.3,81.25,1.0
1135,101,20,2601,202,1051.29,80.03,1.0
1136,138,20,2638,276,1051.29,87.3,1.0
1137,180,22,2680,360,1051.29,91.72,1.0
1138,266,20,2766,532,1051.29,107.13,1.0
1139,203,23,2703,406,1051.28,91.77,1.0
1140,294,25,2794,588,1051.27,99.8,1.0
1141,228,24,2728,456,1051.25,95.32,1.0
1142,295,18,2795,590,1051.25,122.32,1.0
1143,286,26,2786,572,1051.24,94.01,1.0
1144,172,21,2672,344,1051.2,92.05,1.0
1145,266,19,2766,532,1051.2,105.64,1.0
1146,61,20,2561,122,1051.19,74.13,1.0
1147,172,20,2672,344,1051.19,90.95,1.0
1148,238,16,2738,476,1051.16,111.99,1.0
1149,197,18,2697,394,1051.15,102.37,1.0
1150,262,17,2762,524,1051.15,115.8,1.0
1151,112,18,2612,224,1051.09,87.11,1.0
1152,275,25,2775,550,1051.05,94.98,1.0
1153,119,18,2619,238,1051.03,86.97,1.0
1154,287,25,2787,574,1051.03,104.38,1.0
1155,14,16,2514,28,1051.0,69.28,1.0
1156,2,17,2502,4,1050.98,57.57,1.0
1157,78,19,2578,156,1050.97,73.95,1.0
1158,32,19,2532,64,1050.96,63.39,1.0
1159,125,16,2625,250,1050.96,87.09,1.0
1160,231,24,2731,462,1050.96,91.39,1.0
1161,221,21,2721,442,1050.95,96.64,1.0
1162,271,24,2771,542,1050.93,98.61,1.0
1163,38,17,2538,76,1050.92,71.75,1.0
1164,277,19,2777,554,1050.92,113.97,1.0
1165,171,21,2671,342,1050.89,88.88,1.0
1166,45,18,2545,90,1050.88,67.43,1.0
1167,102,18,2602,204,1050.86,83.33,1.0
1168,124,20,2624,248,1050.85,85.05,1.0
1169,52,20,2552,104,1050.81,67.1,1.0
1170,12,18,2512,24,1050.79,62.52,1.0
1171,200,18,2700,400,1050.79,106.76,1.0
1172,4,19,2504,8,1050.78,61.26,1.0
1173,86,21,2586,172,1050.72,70.59,1.0
1174,32,16,2532,64,1050.7,69.98,1.0
1175,89,20,2589,178,1050.7,78.63,1.0
1176,66,15,2566,132,1050.69,80.44,1.0
1177,135,17,2635,270,1050.68,86.21,1.0
1178,163,17,2663,326,1050.65,92.86,1.0
1179,190,18,2690,380,1050.65,89.46,1.0
1180,70,20,2570,140,1050.64,74.15,1.0
1181,218,18,2718,436,1050.64,101.46,1.0
1182,66,21,2566,132,1050.63,67.97,1.0
1183,110,20,2610,220,1050.62,77.66,1.0
1184,185,21,2685,370,1050.59,91.46,1.0
1185,281,24,2781,562,1050.59,100.35,1.0
1186,130,17,2630,260,1050.58,93.05,1.0
1187,64,20,2564,128,1050.57,73.55,1.0
1188,27,17,2527,54,1050.57,68.31,1.0
1189,67,20,2567,134,1050.54,70.77,1.0
1190,146,17,2646,292,1050.54,94.15,1.0
1191,281,23,2781,562,1050.52,98.23,1.0
1192,81,17,2581,162,1050.51,80.3,1.0
1193,172,17,2672,344,1050.5,99.07,1.0
1194,62,21,2562,124,1050.49,70.63,1.0
1195,1,16,2501,2,1050.49,64.19,1.0
1196,27,16,2527,54,1050.48,66.52,1.0
1197,185,22,2685,370,1050.48,86.2,1.0
1198,257,25,2757,514,1050.48,90.18,1.0
1199,97,17,2597,194,1050.47,87.97,1.0
1200,176,18,2676,352,1050.45,97.3,1.0
1201,250,16,2750,500,1050.44,112.64,1.0
1202,48,17,2548,96,1050.38,73.51,1.0
1203,147,19,2647,294,1050.35,90.15,1.0
1204,200,19,2700,400,1050.31,100.71,1.0
1205,150,17,2650,300,1050.3,89.73,1.0
1206,160,22,2660,320,1050.29,81.74,1.0
1207,191,22,2691,382,1050.28,87.03,1.0
1208,208,23,2708,416,1050.28,84.37,1.0
1209,150,22,2650,300,1050.27,79.17,1.0
1210,30,18,2530,60,1050.25,66.32,1.0
1211,189,22,2689,378,1050.24,92.17,1.0
1212,190,22,2690,380,1050.22,85.28,1.0
1213,38,19,2538,76,1050.21,64.38,1.0
1214,112,20,2612,224,1050.21,79.27,1.0
1215,69,19,2569,138,1050.2,71.94,1.0
1216,127,17,2627,254,1050.13,87.92,1.0
1217,18,16,2518,36,1050.11,65.96,1.0
1218,103,16,2603,206,1050.1,84.35,1.0
1219,21,19,2521,42,1050.07,64.96,1.0
1220,85,17,2585,170,1050.05,78.15,1.0
1221,82,19,2582,164,1050.02,78.4,1.0
1222,81,19,2581,162,1049.99,76.56,1.0
1223,208,24,2708,416,1049.98,85.86,1.0
1224,45,19,2545,90,1049.97,67.04,1.0
1225,23,18,2523,46,1049.97,66.73,1.0
1226,201,17,2701,402,1049.97,104.43,1.0
1227,196,18,2696,392,1049.96,97.08,1.0
1228,61,16,2561,122,1049.95,77.87,1.0
1229,190,21,2690,380,1049.95,89.82,1.0
1230,16,16,2516,32,1049.92,66.85,1.0
1231,131,22,2631,262,1049.89,74.7,1.0
1232,98,19,2598,196,1049.88,78.45,1.0
1233,175,17,2675,350,1049.88,92.92,1.0
1234,2,18,2502,4,1049.86,60.15,1.0
1235,95,21,2595,190,1049.86,75.32,1.0
1236,181,18,2681,362,1049.86,96.95,1.0
1237,167,17,2667,334,1049.85,96.93,1.0
1238,59,19,2559,118,1049.82,71.83,1.0
1239,241,22,2741,482,1049.81,101.48,1.0
1240,280,20,2780,560,1049.76,117.97,1.0
1241,140,22,2640,280,1049.75,85.54,1.0
1242,80,20,2580,160,1049.74,77.57,1.0
1243,118,18,2618,236,1049.73,84.1,1.0
1244,291,18,2791,582,1049.73,117.93,1.0
1245,200,23,2700,400,1049.71,92.31,1.0
1246,118,21,2618,236,1049.69,81.11,1.0
1247,9,16,2509,18,1049.68,64.04,1.0
1248,118,19,2618,236,1049.68,85.17,1.0
1249,235,16,2735,470,1049.66,109.73,1.0
1250,26,18,2526,52,1049.65,69.74,1.0
1251,162,22,2662,324,1049.65,82.61,1.0
1252,86,16,2586,172,1049.64,79.23,1.0
1253,195,15,2695,390,1049.62,105.94,1.0
1254,49,20,2549,98,1049.59,71.54,1.0
1255,107,20,2607,214,1049.59,79.74,1.0
1256,78,16,2578,156,1049.57,79.7,1.0
1257,84,16,2584,168,1049.56,81.52,1.0
1258,94,18,2594,188,1049.55,81.02,1.0
1259,47,18,2547,94,1049.54,73.05,1.0
1260,125,21,2625,250,1049.51,77.35,1.0
1261,168,22,2668,336,1049.48,83.48,1.0
1262,178,19,2678,356,1049.48,100.75,1.0
1263,161,18,2661,322,1049.45,92.86,1.0
1264,241,19,2741,482,1049.44,102.88,1.0
1265,248,16,2748,496,1049.44,115.18,1.0
1266,29,20,2529,58,1049.43,66.11,1.0
1267,169,22,2669,338,1049.42,82.78,1.0
1268,289,26,2789,578,1049.42,93.62,1.0
1269,290,26,2790,580,1049.42,92.39,1.0
1270,84,19,2584,168,1049.41,82.8,1.0
1271,38,18,2538,76,1049.38,69.78,1.0
1272,71,15,2571,142,1049.38,87.05,1.0
1273,91,20,2591,182,1049.38,76.02,1.0
1274,45,17,2545,90,1049.35,69.41,1.0
1275,153,22,2653,306,1049.34,82.36,1.0
1276,256,25,2756,512,1049.33,96.66,1.0
1277,269,18,2769,538,1049.31,116.73,1.0
1278,3,18,2503,6,1049.3,65.38,1.0
1279,26,17,2526,52,1049.28,68.59,1.0
1280,134,17,2634,268,1049.26,94.78,1.0
1281,0,16,2500,0,1049.25,62.18,1.0
1282,142,22,2642,284,1049.25,80.12,1.0
1283,267,22,2767,534,1049.25,103.99,1.0
1284,211,17,2711,422,1049.24,99.75,1.0
1285,236,23,2736,472,1049.24,98.24,1.0
1286,49,19,2549,98,1049.23,73.7,1.0
1287,182,18,2682,364,1049.21,103.87,1.0
1288,63,18,2563,126,1049.2,74.33,1.0
1289,110,17,2610,220,1049.18,80.12,1.0
1290,280,24,2780,560,1049.14,97.78,1.0
1291,179,22,2679,358,1049.09,84.98,1.0
1292,59,16,2559,118,1049.08,73.75,1.0
1293,55,19,2555,110,1049.06,67.01,1.0
1294,40,18,2540,80,1049.05,71.67,1.0
1295,138,17,2638,276,1049.02,91.2,1.0
1296,170,17,2670,340,1048.99,100.49,1.0
1297,24,18,2524,48,1048.97,67.27,1.0
1298,163,22,2663,326,1048.97,85.96,1.0
1299,148,20,2648,296,1048.93,86.77,1.0
1300,129,17,2629,258,1048.92,90.6,1.0
1301,152,22,2652,304,1048.88,85.59,1.0
1302,82,20,2582,164,1048.86,74.77,1.0
1303,179,17,2679,358,1048.86,99.65,1.0
1304,24,16,2524,48,1048.85,68.6,1.0
1305,17,18,2517,34,1048.85,64.43,1.0
1306,262,25,2762,524,1048.85,91.33,1.0
1307,16,18,2516,32,1048.82,62.17,1.0
1308,53,19,2553,106,1048.77,70.19,1.0
1309,293,25,2793,586,1048.77,93.92,1.0
1310,41,17,2541,82,1048.75,66.59,1.0
1311,155,17,2655,310,1048.74,98.78,1.0
1312,159,22,2659,318,1048.72,84.99,1.0
1313,195,16,2695,390,1048.72,106.28,1.0
1314,236,18,2736,472,1048.71,104.82,1.0
1315,44,20,2544,88,1048.69,63.58,1.0
1316,28,19,2528,56,1048.68,62.11,1.0
1317,221,19,2721,442,1048.66,99.85,1.0
1318,9,18,2509,18,1048.63,61.27,1.0
1319,284,26,2784,568,1048.62,92.35,1.0
1320,74,18,2574,148,1048.61,79.25,1.0
1321,217,22,2717,434,1048.59,96.48,1.0
1322,146,22,2646,292,1048.56,80.37,1.0
1323,97,18,2597,194,1048.54,82.05,1.0
1324,254,25,2754,508,1048.54,88.16,1.0
1325,137,21,2637,274,1048.52,83.9,1.0
1326,200,22,2700,400,1048.52,93.01,1.0
1327,96,20,2596,192,1048.51,78.87,1.0
1328,122,19,2622,244,1048.49,81.32,1.0
1329,278,19,2778,556,1048.46,105.99,1.0
1330,72,17,2572,144,1048.45,77.65,1.0
1331,204,23,2704,408,1048.45,87.38,1.0
1332,278,25,2778,556,1048.44,96.21,1.0
1333,122,17,2622,244,1048.41,84.02,1.0
1334,279,20,2779,558,1048.4,106.66,1.0
1335,81,21,2581,162,1048.34,72.75,1.0
1336,93,16,2593,186,1048.32,81.99,1.0
1337,33,16,2533,66,1048.29,71.82,1.0
1338,106,19,2606,212,1048.28,83.45,1.0
1339,234,17,2734,468,1048.28,111.67,1.0
1340,148,21,2648,296,1048.24,81.22,1.0
1341,198,22,2698,396,1048.23,91.65,1.0
1342,81,20,2581,162,1048.22,73.88,1.0
1343,272,18,2772,544,1048.22,111.28,1.0
1344,1,19,2501,2,1048.21,57.72,1.0
1345,219,16,2719,438,1048.21,108.99,1.0
1346,241,23,2741,482,1048.2,100.91,1.0
1347,265,16,2765,530,1048.2,115.77,1.0
1348,100,21,2600,200,1048.18,81.01,1.0
1349,217,21,2717,434,1048.17,95.12,1.0
1350,102,17,2602,204,1048.16,83.24,1.0
1351,128,20,2628,256,1048.15,84.24,1.0
1352,109,21,2609,218,1048.15,75.79,1.0
1353,58,18,2558,116,1048.07,72.13,1.0
1354,50,21,2550,100,1048.07,66.08,1.0
1355,27,15,2527,54,1048.05,68.74,1.0
1356,114,22,2614,228,1048.05,76.79,1.0
1357,149,15,2649,298,1048.04,98.65,1.0
1358,273,24,2773,546,1048.03,101.23,1.0
1359,56,17,2556,112,1048.0,74.26,1.0
1360,238,25,2738,476,1048.0,90.52,1.0
1361,1,20,2501,2,1047.98,59.87,1.0
1362,138,22,2638,276,1047.97,77.46,1.0
1363,152,18,2652,304,1047.96,96.52,1.0
1364,172,22,2672,344,1047.95,86.01,1.0
1365,272,25,2772,544,1047.95,95.61,1.0
1366,124,17,2624,248,1047.92,86.05,1.0
1367,194,21,2694,388,1047.89,94.49,1.0
1368,280,19,2780,560,1047.89,115.81,1.0
1369,296,20,2796,592,1047.89,116.03,1.0
1370,47,17,2547,94,1047.88,70.13,1.0
1371,63,19,2563,126,1047.87,71.31,1.0
1372,141,18,2641,282,1047.85,93.17,1.0
1373,264,19,2764,528,1047.85,103.03,1.0
1374,108,15,2608,216,1047.84,90.75,1.0
1375,263,25,2763,526,1047.83,89.45,1.0
1376,178,21,2678,356,1047.8,91.7,1.0
1377,159,17,2659,318,1047.79,93.86,1.0
1378,24,17,2524,48,1047.78,61.12,1.0
1379,135,18,2635,270,1047.76,91.58,1.0
1380,251,25,2751,502,1047.76,96.06,1.0
1381,99,20,2599,198,1047.74,82.01,1.0
1382,134,22,2634,268,1047.73,85.13,1.0
1383,30,17,2530,60,1047.72,68.84,1.0
1384,28,16,2528,56,1047.72,66.18,1.0
1385,36,16,2536,72,1047.72,69.86,1.0
1386,44,16,2544,88,1047.69,71.41,1.0
1387,210,24,2710,420,1047.69,87.01,1.0
1388,81,16,2581,162,1047.68,78.72,1.0
1389,286,17,2786,572,1047.68,114.07,1.0
1390,42,19,2542,84,1047.67,69.22,1.0
1391,101,18,2601,202,1047.67,85.82,1.0
1392,125,17,2625,250,1047.65,85.9,1.0
1393,18,18,2518,36,1047.61,60.26,1.0
1394,197,23,2697,394,1047.59,88.39,1.0
1395,36,19,2536,72,1047.55,64.21,1.0
1396,101,17,2601,202,1047.54,83.68,1.0
1397,182,23,2682,364,1047.5,87.35,1.0
1398,78,20,2578,156,1047.47,75.65,1.0
1399,3,17,2503,6,1047.44,63.63,1.0
1400,15,15,2515,30,1047.44,71.16,1.0
1401,4,16,2504,8,1047.43,64.56,1.0
1402,132,16,2632,264,1047.43,93.9,1.0
1403,258,22,2758,516,1047.41,93.01,1.0
1404,212,18,2712,424,1047.38,104.38,1.0
1405,54,20,2554,108,1047.37,68.71,1.0
1406,90,17,2590,180,1047.37,81.35,1.0
1407,187,22,2687,374,1047.36,90.5,1.0
1408,2,15,2502,4,1047.32,62.53,1.0
1409,24,19,2524,48,1047.31,63.21,1.0
1410,212,19,2712,424,1047.31,100.99,1.0
1411,26,19,2526,52,1047.3,67.45,1.0
1412,139,20,2639,278,1047.3,85.02,1.0
1413,73,20,2573,146,1047.29,70.2,1.0
1414,242,20,2742,484,1047.26,102.6,1.0
1415,91,19,2591,182,1047.25,76.89,1.0
1416,124,21,2624,248,1047.22,81.86,1.0
1417,119,22,2619,238,1047.21,79.92,1.0
1418,196,19,2696,392,1047.2,97.75,1.0
1419,99,18,2599,198,1047.16,85.17,1.0
1420,15,20,2515,30,1047.12,63.32,1.0
1421,56,20,2556,112,1047.11,70.23,1.0
1422,259,17,2759,518,1047.06,117.44,1.0
1423,194,19,2694,388,1047.04,97.53,1.0
1424,246,23,2746,492,1047.04,101.75,1.0
1425,16,17,2516,32,1047.02,63.41,1.0
1426,118,17,2618,236,1047.02,90.18,1.0
1427,25,17,2525,50,1046.99,66.98,1.0
1428,84,18,2584,168,1046.99,84.05,1.0
1429,23,15,2523,46,1046.95,71.45,1.0
1430,4,15,2504,8,1046.92,61.6,1.0
1431,33,18,2533,66,1046.88,73.45,1.0
1432,229,24,2729,458,1046.88,89.25,1.0
1433,230,20,2730,460,1046.87,106.19,1.0
1434,200,20,2700,400,1046.84,95.54,1.0
1435,52,15,2552,104,1046.83,78.1,1.0
1436,65,15,2565,130,1046.83,79.96,1.0
1437,7,15,2507,14,1046.81,67.36,1.0
1438,193,24,2693,386,1046.81,89.62,1.0
1439,12,19,2512,24,1046.79,61.21,1.0
1440,69,15,2569,138,1046.78,79.47,1.0
1441,300,26,2800,600,1046.78,94.24,1.0
1442,74,19,2574,148,1046.77,72.78,1.0
1443,234,25,2734,468,1046.77,86.61,1.0
1444,23,16,2523,46,1046.68,71.86,1.0
1445,217,20,2717,434,1046.68,99.22,1.0
1446,222,17,2722,444,1046.68,108.47,1.0
1447,173,17,2673,346,1046.66,102.49,1.0
1448,244,23,2744,488,1046.64,102.32,1.0
1449,58,19,2558,116,1046.62,68.03,1.0
1450,230,22,2730,460,1046.61,98.56,1.0
1451,70,15,2570,140,1046.6,82.23,1.0
1452,21,16,2521,42,1046.53,70.0,1.0
1453,194,22,2694,388,1046.53,95.54,1.0
1454,156,22,2656,312,1046.52,85.55,1.0
1455,206,17,2706,412,1046.52,105.79,1.0
1456,99,19,2599,198,1046.5,82.71,1.0
1457,142,23,2642,284,1046.48,76.73,1.0
1458,224,18,2724,448,1046.48,104.82,1.0
1459,122,21,2622,244,1046.47,76.33,1.0
1460,279,25,2779,558,1046.47,94.08,1.0
1461,192,22,2692,384,1046.45,89.89,1.0
1462,51,20,2551,102,1046.44,72.5,1.0
1463,167,16,2667,334,1046.44,96.81,1.0
1464,114,16,2614,228,1046.42,87.93,1.0
1465,292,26,2792,584,1046.41,93.22,1.0
1466,198,17,2698,396,1046.4,102.29,1.0
1467,20,19,2520,40,1046.36,63.1,1.0
1468,98,18,2598,196,1046.36,78.77,1.0
1469,180,17,2680,360,1046.36,100.0,1.0
1470,143,21,2643,286,1046.35,81.46,1.0
1471,224,21,2724,448,1046.34,101.06,1.0
1472,65,21,2565,130,1046.31,70.24,1.0
1473,273,25,2773,546,1046.31,94.19,1.0
1474,21,20,2521,42,1046.3,64.38,1.0
1475,212,20,2712,424,1046.3,100.42,1.0
1476,220,19,2720,440,1046.27,99.58,1.0
1477,25,19,2525,50,1046.25,62.32,1.0
1478,281,19,2781,562,1046.24,113.04,1.0
1479,144,22,2644,288,1046.23,82.54,1.0
1480,72,18,2572,144,1046.2,80.89,1.0
1481,160,16,2660,320,1046.2,101.55,1.0
1482,185,20,2685,370,1046.18,95.48,1.0
1483,218,23,2718,436,1046.18,90.32,1.0
1484,177,17,2677,354,1046.16,102.53,1.0
1485,267,23,2767,534,1046.15,104.9,1.0
1486,40,16,2540,80,1046.14,77.64,1.0
1487,2,16,2502,4,1046.11,60.53,1.0
1488,119,17,2619,238,1046.11,93.99,1.0
1489,143,17,2643,286,1046.11,90.59,1.0
1490,107,17,2607,214,1046.09,83.9,1.0
1491,156,17,2656,312,1046.09,90.54,1.0
1492,186,23,2686,372,1046.09,89.24,1.0
1493,123,16,2623,246,1046.05,88.65,1.0
1494,209,15,2709,418,1046.05,109.76,1.0
1495,63,16,2563,126,1046.04,73.02,1.0
1496,115,17,2615,230,1046.03,86.55,1.0
1497,298,26,2798,596,1046.0,100.37,1.0
1498,169,18,2669,338,1045.99,94.67,1.0
1499,45,20,2545,90,1045.98,67.67,1.0
1500,226,16,2726,452,1045.98,108.07,1.0
1501,25,16,2525,50,1045.96,68.5,1.0
1502,93,20,2593,186,1045.96,79.4,1.0
1503,300,16,2800,600,1045.93,117.16,1.0
1504,169,17,2669,338,1045.92,102.3,1.0
1505,171,22,2671,342,1045.91,85.51,1.0
1506,201,23,2701,402,1045.91,90.33,1.0
1507,158,22,2658,316,1045.86,82.5,1.0
1508,91,21,2591,182,1045.8,75.3,1.0
1509,195,24,2695,390,1045.8,89.75,1.0
1510,0,18,2500,0,1045.79,59.28,1.0
1511,82,16,2582,164,1045.79,83.05,1.0
1512,230,21,2730,460,1045.79,102.08,1.0
1513,62,14,2562,124,1045.72,76.63,1.0
1514,103,15,2603,206,1045.72,85.89,1.0
1515,85,16,2585,170,1045.72,86.09,1.0
1516,85,19,2585,170,1045.71,77.2,1.0
1517,107,19,2607,214,1045.71,83.38,1.0
1518,162,17,2662,324,1045.69,93.12,1.0
1519,133,22,2633,266,1045.66,80.65,1.0
1520,14,19,2514,28,1045.65,61.44,1.0
1521,96,19,2596,192,1045.63,79.13,1.0
1522,249,25,2749,498,1045.61,92.59,1.0
1523,243,25,2743,486,1045.59,93.45,1.0
1524,224,20,2724,448,1045.56,102.44,1.0
1525,32,15,2532,64,1045.54,68.78,1.0
1526,49,16,2549,98,1045.52,75.83,1.0
1527,27,20,2527,54,1045.5,66.71,1.0
1528,258,23,2758,516,1045.5,94.58,1.0
1529,264,24,2764,528,1045.5,91.27,1.0
1530,30,16,2530,60,1045.41,69.8,1.0
1531,1,15,2501,2,1045.4,63.93,1.0
1532,67,17,2567,134,1045.38,77.11,1.0
1533,109,19,2609,218,1045.38,80.79,1.0
1534,29,15,2529,58,1045.37,72.82,1.0
1535,21,15,2521,42,1045.36,69.41,1.0
1536,105,21,2605,210,1045.36,76.27,1.0
1537,267,20,2767,534,1045.36,114.02,1.0
1538,133,16,2633,266,1045.34,90.22,1.0
1539,36,20,2536,72,1045.31,66.25,1.0
1540,145,16,2645,290,1045.31,92.98,1.0
1541,42,16,2542,84,1045.28,72.13,1.0
1542,40,17,2540,80,1045.27,71.93,1.0
1543,184,16,2684,368,1045.23,99.91,1.0
1544,3,16,2503,6,1045.21,66.87,1.0
1545,173,22,2673,346,1045.2,89.81,1.0
1546,180,16,2680,360,1045.16,102.69,1.0
1547,267,21,2767,534,1045.16,112.36,1.0
1548,99,21,2599,198,1045.15,76.12,1.0
1549,10,18,2510,20,1045.08,61.82,1.0
1550,262,26,2762,524,1045.08,87.68,1.0
1551,105,16,2605,210,1045.07,84.79,1.0
1552,268,17,2768,536,1045.07,112.26,1.0
1553,287,26,2787,574,1045.06,99.06,1.0
1554,33,19,2533,66,1045.03,68.44,1.0
1555,197,17,2697,394,1045.03,106.95,1.0
1556,88,16,2588,176,1045.01,81.95,1.0
1557,175,22,2675,350,1045.01,88.33,1.0
1558,42,15,2542,84,1044.99,78.49,1.0
1559,43,19,2543,86,1044.99,71.45,1.0
1560,61,21,2561,122,1044.99,75.88,1.0
1561,116,20,2616,232,1044.98,79.51,1.0
1562,68,21,2568,136,1044.97,75.95,1.0
1563,166,22,2666,332,1044.95,78.5,1.0
1564,72,19,2572,144,1044.93,75.78,1.0
1565,80,16,2580,160,1044.92,85.64,1.0
1566,285,25,2785,570,1044.9,92.96,1.0
1567,5,17,2505,10,1044.89,64.56,1.0
1568,223,17,2723,446,1044.89,108.77,1.0
1569,16,19,2516,32,1044.88,60.54,1.0
1570,148,17,2648,296,1044.88,92.18,1.0
1571,89,15,2589,178,1044.87,85.68,1.0
1572,281,25,2781,562,1044.87,96.9,1.0
1573,47,19,2547,94,1044.86,68.4,1.0
1574,43,18,2543,86,1044.85,74.57,1.0
1575,97,20,2597,194,1044.85,78.69,1.0
1576,41,16,2541,82,1044.8,74.08,1.0
1577,80,18,2580,160,1044.78,81.42,1.0
1578,44,15,2544,88,1044.77,76.5,1.0
1579,140,23,2640,280,1044.77,78.04,1.0
1580,116,19,2616,232,1044.74,83.05,1.0
1581,98,20,2598,196,1044.71,74.54,1.0
1582,130,22,2630,260,1044.7,78.47,1.0
1583,242,19,2742,484,1044.69,103.58,1.0
1584,295,26,2795,590,1044.69,97.67,1.0
1585,94,21,2594,188,1044.67,78.65,1.0
1586,85,20,2585,170,1044.67,77.95,1.0
1587,151,22,2651,302,1044.67,81.63,1.0
1588,166,17,2666,332,1044.67,89.91,1.0
1589,51,15,2551,102,1044.66,75.87,1.0
1590,211,25,2711,422,1044.65,79.11,1.0
1591,58,20,2558,116,1044.63,67.82,1.0
1592,80,17,2580,160,1044.63,79.77,1.0
1593,6,16,2506,12,1044.61,63.57,1.0
1594,167,15,2667,334,1044.61,103.08,1.0
1595,82,21,2582,164,1044.59,71.91,1.0
1596,0,19,2500,0,1044.53,57.89,1.0
1597,45,16,2545,90,1044.5,73.18,1.0
1598,225,24,2725,450,1044.5,93.8,1.0
1599,91,16,2591,182,1044.49,82.84,1.0
1600,174,24,2674,348,1044.48,79.78,1.0
1601,85,21,2585,170,1044.44,76.01,1.0
1602,127,16,2627,254,1044.44,87.42,1.0
1603,162,23,2662,324,1044.44,79.24,1.0
1604,93,15,2593,186,1044.43,86.94,1.0
1605,139,21,2639,278,1044.43,86.06,1.0
1606,9,19,2509,18,1044.42,62.94,1.0
1607,88,21,2588,176,1044.41,72.99,1.0
1608,131,16,2631,262,1044.4,96.23,1.0
1609,69,20,2569,138,1044.36,71.83,1.0
1610,244,18,2744,488,1044.36,115.26,1.0
1611,34,16,2534,68,1044.35,68.19,1.0
1612,222,23,2722,444,1044.35,95.62,1.0
1613,231,18,2731,462,1044.33,103.75,1.0
1614,43,17,2543,86,1044.32,71.04,1.0
1615,31,17,2531,62,1044.32,67.5,1.0
1616,55,18,2555,110,1044.28,70.4,1.0
1617,148,18,2648,296,1044.28,91.31,1.0
1618,136,20,2636,272,1044.24,83.95,1.0
1619,93,21,2593,186,1044.23,73.99,1.0
1620,129,22,2629,258,1044.23,83.39,1.0
1621,112,21,2612,224,1044.22,76.7,1.0
1622,75,16,2575,150,1044.2,83.48,1.0
1623,208,16,2708,416,1044.17,105.74,1.0
1624,122,16,2622,244,1044.16,88.15,1.0
1625,139,19,2639,278,1044.15,90.93,1.0
1626,227,24,2727,454,1044.15,90.08,1.0
1627,170,23,2670,340,1044.1,80.82,1.0
1628,189,18,2689,378,1044.09,100.44,1.0
1629,23,19,2523,46,1044.06,68.93,1.0
1630,137,20,2637,274,1044.03,82.86,1.0
1631,147,21,2647,294,1043.99,86.99,1.0
1632,192,17,2692,384,1043.97,104.13,1.0
1633,45,21,2545,90,1043.95,62.78,1.0
1634,96,18,2596,192,1043.95,84.87,1.0
1635,185,18,2685,370,1043.92,103.34,1.0
1636,196,21,2696,392,1043.9,94.51,1.0
1637,48,19,2548,96,1043.89,71.59,1.0
1638,142,16,2642,284,1043.89,93.17,1.0
1639,254,17,2754,508,1043.86,108.6,1.0
1640,135,19,2635,270,1043.84,88.55,1.0
1641,255,25,2755,510,1043.84,89.8,1.0
1642,141,21,2641,282,1043.81,82.12,1.0
1643,154,17,2654,308,1043.8,89.66,1.0
1644,193,16,2693,386,1043.8,110.04,1.0
1645,260,26,2760,520,1043.8,88.06,1.0
1646,207,23,2707,414,1043.75,88.21,1.0
1647,121,20,2621,242,1043.74,84.15,1.0
1648,175,23,2675,350,1043.74,88.43,1.0
1649,163,16,2663,326,1043.71,97.72,1.0
1650,110,16,2610,220,1043.7,82.44,1.0
1651,137,19,2637,274,1043.66,88.12,1.0
1652,44,21,2544,88,1043.58,68.0,1.0
1653,75,20,2575,150,1043.54,75.44,1.0
1654,90,19,2590,180,1043.54,81.16,1.0
1655,153,16,2653,306,1043.53,99.66,1.0
1656,31,16,2531,62,1043.52,71.05,1.0
1657,184,23,2684,368,1043.52,88.38,1.0
1658,24,15,2524,48,1043.51,70.98,1.0
1659,192,23,2692,384,1043.47,83.59,1.0
1660,46,18,2546,92,1043.44,68.98,1.0
1661,285,17,2785,570,1043.44,124.51,1.0
1662,299,18,2799,598,1043.43,118.16,1.0
1663,146,16,2646,292,1043.42,91.33,1.0
1664,280,18,2780,560,1043.41,112.87,1.0
1665,6,19,2506,12,1043.39,63.78,1.0
1666,252,25,2752,504,1043.39,97.64,1.0
1667,163,23,2663,326,1043.36,85.92,1.0
1668,67,16,2567,134,1043.33,76.03,1.0
1669,121,19,2621,242,1043.33,80.57,1.0
1670,147,18,2647,294,1043.3,96.05,1.0
1671,63,20,2563,126,1043.29,70.17,1.0
1672,112,17,2612,224,1043.29,88.78,1.0
1673,207,24,2707,414,1043.29,85.02,1.0
1674,83,20,2583,166,1043.26,78.0,1.0
1675,202,16,2702,404,1043.26,100.08,1.0
1676,55,17,2555,110,1043.25,73.77,1.0
1677,137,17,2637,274,1043.24,92.99,1.0
1678,3,19,2503,6,1043.21,64.56,1.0
1679,11,17,2511,22,1043.21,64.06,1.0
1680,173,23,2673,346,1043.21,88.83,1.0
1681,178,20,2678,356,1043.18,97.85,1.0
1682,27,14,2527,54,1043.17,72.61,1.0
1683,168,16,2668,336,1043.15,96.06,1.0
1684,110,21,2610,220,1043.09,77.65,1.0
1685,120,16,2620,240,1043.09,86.65,1.0
1686,166,16,2666,332,1043.08,92.1,1.0
1687,106,18,2606,212,1043.06,87.48,1.0
1688,56,19,2556,112,1043.04,70.72,1.0
1689,77,19,2577,154,1043.03,78.04,1.0
1690,6,18,2506,12,1043.01,63.43,1.0
1691,45,15,2545,90,1043.0,72.94,1.0
1692,78,21,2578,156,1042.97,71.35,1.0
1693,128,18,2628,256,1042.97,88.37,1.0
1694,10,17,2510,20,1042.96,62.23,1.0
1695,84,20,2584,168,1042.94,77.23,1.0
1696,229,25,2729,458,1042.94,89.3,1.0
1697,14,15,2514,28,1042.91,70.12,1.0
1698,265,26,2765,530,1042.91,90.88,1.0
1699,60,18,2560,120,1042.9,77.08,1.0
1700,73,15,2573,146,1042.87,78.34,1.0
1701,255,17,2755,510,1042.84,115.25,1.0
1702,102,20,2602,204,1042.83,82.68,1.0
1703,115,21,2615,230,1042.83,77.45,1.0
1704,157,16,2657,314,1042.83,99.86,1.0
1705,276,26,2776,552,1042.83,96.85,1.0
1706,38,16,2538,76,1042.82,69.79,1.0
1707,58,16,2558,116,1042.81,72.03,1.0
1708,135,20,2635,270,1042.81,88.06,1.0
1709,229,17,2729,458,1042.81,103.96,1.0
1710,189,17,2689,378,1042.79,99.89,1.0
1711,0,15,2500,0,1042.78,63.88,1.0
1712,113,19,2613,226,1042.78,82.58,1.0
1713,212,24,2712,424,1042.74,89.54,1.0
1714,274,25,2774,548,1042.72,92.15,1.0
1715,63,17,2563,126,1042.68,77.91,1.0
1716,127,22,2627,254,1042.68,81.19,1.0
1717,268,26,2768,536,1042.68,89.05,1.0
1718,18,15,2518,36,1042.66,69.59,1.0
1719,204,17,2704,408,1042.66,102.03,1.0
1720,55,20,2555,110,1042.65,69.0,1.0
1721,30,19,2530,60,1042.64,68.74,1.0
1722,257,17,2757,514,1042.63,113.64,1.0
1723,101,19,2601,202,1042.62,81.17,1.0
1724,199,24,2699,398,1042.59,87.14,1.0
1725,204,24,2704,408,1042.57,84.0,1.0
1726,83,18,2583,166,1042.56,79.17,1.0
1727,7,16,2507,14,1042.55,63.78,1.0
1728,230,23,2730,460,1042.55,97.03,1.0
1729,152,17,2652,304,1042.53,95.36,1.0
1730,165,15,2665,330,1042.53,101.29,1.0
1731,272,26,2772,544,1042.49,94.71,1.0
1732,185,24,2685,370,1042.47,82.08,1.0
1733,48,20,2548,96,1042.46,68.91,1.0
1734,296,19,2796,592,1042.46,118.22,1.0
1735,147,20,2647,294,1042.45,89.43,1.0
1736,182,17,2682,364,1042.45,100.65,1.0
1737,89,21,2589,178,1042.43,76.02,1.0
1738,74,20,2574,148,1042.4,72.56,1.0
1739,149,23,2649,298,1042.4,80.17,1.0
1740,289,16,2789,578,1042.4,114.75,1.0
1741,109,17,2609,218,1042.38,84.39,1.0
1742,255,26,2755,510,1042.38,91.81,1.0
1743,7,19,2507,14,1042.34,61.99,1.0
1744,244,24,2744,488,1042.33,97.23,1.0
1745,2,19,2502,4,1042.29,57.64,1.0
1746,26,20,2526,52,1042.27,63.03,1.0
1747,113,18,2613,226,1042.25,85.5,1.0
1748,53,20,2553,106,1042.23,69.71,1.0
1749,155,23,2655,310,1042.23,84.25,1.0
1750,77,18,2577,154,1042.22,79.43,1.0
1751,157,23,2657,314,1042.21,75.72,1.0
1752,240,16,2740,480,1042.2,116.39,1.0
1753,10,16,2510,20,1042.1,65.71,1.0
1754,181,17,2681,362,1042.09,97.54,1.0
1755,97,16,2597,194,1042.08,87.9,1.0
1756,218,24,2718,436,1042.08,85.48,1.0
1757,188,22,2688,376,1042.06,89.66,1.0
1758,217,19,2717,434,1042.06,107.47,1.0
1759,5,16,2505,10,1042.05,67.93,1.0
1760,233,25,2733,466,1042.02,91.38,1.0
1761,20,15,2520,40,1041.99,72.19,1.0
1762,183,24,2683,366,1041.99,86.29,1.0
1763,297,27,2797,594,1041.97,93.01,1.0
1764,93,17,2593,186,1041.9,85.03,1.0
1765,134,15,2634,268,1041.9,95.08,1.0
1766,61,15,2561,122,1041.88,82.1,1.0
1767,55,16,2555,110,1041.88,75.1,1.0
1768,126,22,2626,252,1041.88,79.79,1.0
1769,41,20,2541,82,1041.87,69.47,1.0
1770,11,16,2511,22,1041.87,67.01,1.0
1771,190,17,2690,380,1041.87,100.93,1.0
1772,64,16,2564,128,1041.86,79.75,1.0
1773,239,17,2739,478,1041.86,112.24,1.0
1774,113,17,2613,226,1041.83,87.4,1.0
1775,178,18,2678,356,1041.83,101.0,1.0
1776,60,20,2560,120,1041.81,72.99,1.0
1777,32,20,2532,64,1041.81,62.75,1.0
1778,25,18,2525,50,1041.77,62.94,1.0
1779,9,15,2509,18,1041.77,66.63,1.0
1780,94,17,2594,188,1041.76,81.52,1.0
1781,266,16,2766,532,1041.76,110.22,1.0
1782,22,17,2522,44,1041.73,65.03,1.0
1783,115,16,2615,230,1041.66,92.75,1.0
1784,75,21,2575,150,1041.63,74.5,1.0
1785,56,16,2556,112,1041.6,78.94,1.0
1786,125,15,2625,250,1041.6,92.71,1.0
1787,209,25,2709,418,1041.59,82.0,1.0
1788,189,23,2689,378,1041.58,86.73,1.0
1789,269,17,2769,538,1041.51,107.72,1.0
1790,33,20,2533,66,1041.49,68.74,1.0
1791,242,23,2742,484,1041.49,93.78,1.0
1792,248,25,2748,496,1041.49,95.0,1.0
1793,77,20,2577,154,1041.47,75.22,1.0
1794,86,15,2586,172,1041.47,85.13,1.0
1795,241,18,2741,482,1041.46,109.53,1.0
1796,16,20,2516,32,1041.44,60.68,1.0
1797,7,17,2507,14,1041.41,64.19,1.0
1798,40,19,2540,80,1041.38,67.45,1.0
1799,191,18,2691,382,1041.37,99.63,1.0
1800,144,16,2644,288,1041.34,95.4,1.0
1801,221,18,2721,442,1041.34,105.58,1.0
1802,136,19,2636,272,1041.28,86.96,1.0
1803,33,15,2533,66,1041.27,76.78,1.0
1804,72,20,2572,144,1041.27,74.12,1.0
1805,128,22,2628,256,1041.26,79.14,1.0
1806,271,18,2771,542,1041.26,114.55,1.0
1807,153,23,2653,306,1041.24,86.19,1.0
1808,190,23,2690,380,1041.24,85.79,1.0
1809,217,23,2717,434,1041.24,94.25,1.0
1810,288,26,2788,576,1041.24,97.27,1.0
1811,132,15,2632,264,1041.21,92.4,1.0
1812,261,25,2761,522,1041.2,95.9,1.0
1813,213,17,2713,426,1041.19,109.39,1.0
1814,28,20,2528,56,1041.17,64.66,1.0
1815,171,18,2671,342,1041.15,98.3,1.0
1816,59,21,2559,118,1041.14,71.79,1.0
1817,271,25,2771,542,1041.14,92.44,1.0
1818,280,26,2780,560,1041.14,90.01,1.0
1819,87,19,2587,174,1041.13,80.4,1.0
1820,101,21,2601,202,1041.11,75.86,1.0
1821,37,19,2537,74,1041.1,65.59,1.0
1822,31,18,2531,62,1041.07,70.36,1.0
1823,54,21,2554,108,1041.06,66.71,1.0
1824,133,23,2633,266,1041.04,76.69,1.0
1825,245,26,2745,490,1041.03,90.61,1.0
1826,112,19,2612,224,1041.02,87.12,1.0
1827,64,21,2564,128,1041.01,74.28,1.0
1828,293,19,2793,586,1041.01,116.76,1.0
1829,17,16,2517,34,1041.0,69.53,1.0
1830,34,17,2534,68,1040.98,68.29,1.0
1831,296,25,2796,592,1040.98,95.58,1.0
1832,19,18,2519,38,1040.96,65.75,1.0
1833,214,22,2714,428,1040.96,97.6,1.0
1834,274,19,2774,548,1040.93,111.6,1.0
1835,277,18,2777,554,1040.9,122.84,1.0
1836,222,24,2722,444,1040.89,89.51,1.0
1837,283,25,2783,566,1040.89,99.66,1.0
1838,90,21,2590,180,1040.88,75.22,1.0
1839,47,16,2547,94,1040.87,72.72,1.0
1840,106,20,2606,212,1040.84,85.36,1.0
1841,55,21,2555,110,1040.81,67.93,1.0
1842,275,26,2775,550,1040.81,95.97,1.0
1843,205,16,2705,410,1040.8,106.52,1.0
1844,266,26,2766,532,1040.78,93.97,1.0
1845,97,21,2597,194,1040.77,78.47,1.0
1846,121,21,2621,242,1040.74,79.34,1.0
1847,52,21,2552,104,1040.7,66.9,1.0
1848,22,18,2522,44,1040.69,64.34,1.0
1849,10,19,2510,20,1040.69,59.74,1.0
1850,295,17,2795,590,1040.68,120.84,1.0
1851,12,15,2512,24,1040.66,68.2,1.0
1852,143,22,2643,286,1040.65,79.47,1.0
1853,249,17,2749,498,1040.65,109.81,1.0
1854,136,21,2636,272,1040.62,83.56,1.0
1855,235,26,2735,470,1040.6,87.16,1.0
1856,183,16,2683,366,1040.59,106.83,1.0
1857,279,18,2779,558,1040.59,114.17,1.0
1858,126,15,2626,252,1040.56,94.78,1.0
1859,215,16,2715,430,1040.54,110.14,1.0
1860,43,16,2543,86,1040.53,77.23,1.0
1861,177,23,2677,354,1040.51,84.45,1.0
1862,226,26,2726,452,1040.51,85.19,1.0
1863,236,17,2736,472,1040.51,116.54,1.0
1864,288,17,2788,576,1040.48,122.61,1.0
1865,3,15,2503,6,1040.43,69.15,1.0
1866,235,15,2735,470,1040.43,115.87,1.0
1867,107,21,2607,214,1040.4,76.39,1.0
1868,11,18,2511,22,1040.38,63.16,1.0
1869,83,19,2583,166,1040.38,82.27,1.0
1870,69,14,2569,138,1040.37,80.82,1.0
1871,202,24,2702,404,1040.36,88.8,1.0
1872,98,17,2598,196,1040.35,81.2,1.0
1873,243,16,2743,486,1040.35,109.47,1.0
1874,299,17,2799,598,1040.34,119.61,1.0
1875,53,14,2553,106,1040.33,79.07,1.0
1876,228,25,2728,456,1040.33,89.34,1.0
1877,161,22,2661,322,1040.3,85.59,1.0
1878,60,19,2560,120,1040.29,74.31,1.0
1879,90,20,2590,180,1040.28,79.34,1.0
1880,123,22,2623,246,1040.27,77.71,1.0
1881,165,24,2665,330,1040.27,84.26,1.0
1882,219,15,2719,438,1040.26,109.92,1.0
1883,239,25,2739,478,1040.26,91.02,1.0
1884,13,17,2513,26,1040.25,63.27,1.0
1885,148,22,2648,296,1040.22,80.99,1.0
1886,41,15,2541,82,1040.21,74.07,1.0
1887,78,15,2578,156,1040.21,79.18,1.0
1888,87,18,2587,174,1040.21,84.47,1.0
1889,137,18,2637,274,1040.21,92.21,1.0
1890,246,19,2746,492,1040.2,109.44,1.0
1891,26,16,2526,52,1040.15,70.68,1.0
1892,128,21,2628,256,1040.13,79.87,1.0
1893,100,15,2600,200,1040.03,90.99,1.0
1894,279,19,2779,558,1040.02,108.09,1.0
1895,88,15,2588,176,1040.0,86.01,1.0
1896,196,17,2696,392,1040.0,101.79,1.0
1897,221,22,2721,442,1039.99,94.15,1.0
1898,58,15,2558,116,1039.98,75.87,1.0
1899,95,15,2595,190,1039.98,91.76,1.0
1900,298,17,2798,596,1039.97,113.88,1.0
1901,98,16,2598,196,1039.96,87.28,1.0
1902,12,20,2512,24,1039.95,62.03,1.0
1903,176,23,2676,352,1039.9,87.35,1.0
1904,267,19,2767,534,1039.89,118.28,1.0
1905,187,23,2687,374,1039.88,88.15,1.0
1906,220,24,2720,440,1039.88,83.6,1.0
1907,70,21,2570,140,1039.85,72.02,1.0
1908,99,16,2599,198,1039.83,84.62,1.0
1909,214,21,2714,428,1039.81,97.99,1.0
1910,46,17,2546,92,1039.78,73.89,1.0
1911,283,17,2783,566,1039.78,122.05,1.0
1912,232,25,2732,464,1039.73,90.54,1.0
1913,32,14,2532,64,1039.72,72.53,1.0
1914,120,22,2620,240,1039.7,76.42,1.0
1915,36,15,2536,72,1039.69,75.92,1.0
1916,117,20,2617,234,1039.67,88.02,1.0
1917,131,15,2631,262,1039.67,96.02,1.0
1918,206,23,2706,412,1039.67,95.82,1.0
1919,217,18,2717,434,1039.66,107.17,1.0
1920,220,18,2720,440,1039.65,100.46,1.0
1921,107,16,2607,214,1039.64,91.27,1.0
1922,211,16,2711,422,1039.64,101.91,1.0
1923,267,24,2767,534,1039.6,98.34,1.0
1924,205,24,2705,410,1039.59,87.35,1.0
1925,74,17,2574,148,1039.57,79.84,1.0
1926,200,24,2700,400,1039.56,86.5,1.0
1927,27,21,2527,54,1039.55,61.43,1.0
1928,71,21,2571,142,1039.51,72.31,1.0
1929,165,16,2665,330,1039.5,101.19,1.0
1930,169,23,2669,338,1039.46,86.79,1.0
1931,221,23,2721,442,1039.46,91.61,1.0
1932,171,17,2671,342,1039.4,103.8,1.0
1933,277,24,2777,554,1039.4,99.45,1.0
1934,60,17,2560,120,1039.36,78.37,1.0
1935,83,16,2583,166,1039.33,85.49,1.0
1936,25,15,2525,50,1039.31,73.93,1.0
1937,254,16,2754,508,1039.3,116.62,1.0
1938,216,25,2716,432,1039.29,86.77,1.0
1939,133,15,2633,266,1039.28,97.32,1.0
1940,94,16,2594,188,1039.25,87.41,1.0
1941,127,23,2627,254,1039.25,77.25,1.0
1942,269,25,2769,538,1039.24,98.68,1.0
1943,46,16,2546,92,1039.22,72.82,1.0
1944,37,18,2537,74,1039.2,67.2,1.0
1945,196,22,2696,392,1039.17,90.57,1.0
1946,48,16,2548,96,1039.14,78.25,1.0
1947,6,20,2506,12,1039.12,62.67,1.0
1948,35,18,2535,70,1039.11,68.08,1.0
1949,37,17,2537,74,1039.09,69.67,1.0
1950,42,20,2542,84,1039.08,66.83,1.0
1951,96,21,2596,192,1039.08,77.49,1.0
1952,136,18,2636,272,1039.07,93.5,1.0
1953,50,14,2550,100,1039.06,74.47,1.0
1954,201,24,2701,402,1039.02,89.04,1.0
1955,83,17,2583,166,1039.01,83.37,1.0
1956,141,22,2641,282,1039.0,85.74,1.0
1957,65,22,2565,130,1038.96,67.09,1.0
1958,282,26,2782,564,1038.93,92.41,1.0
1959,67,21,2567,134,1038.92,71.25,1.0
1960,147,17,2647,294,1038.87,97.36,1.0
1961,100,14,2600,200,1038.85,91.69,1.0
1962,100,22,2600,200,1038.85,76.77,1.0
1963,103,21,2603,206,1038.82,74.48,1.0
1964,232,16,2732,464,1038.82,109.49,1.0
1965,151,17,2651,302,1038.8,94.77,1.0
1966,225,16,2725,450,1038.8,106.19,1.0
1967,124,16,2624,248,1038.78,91.52,1.0
1968,278,17,2778,556,1038.78,115.67,1.0
1969,166,23,2666,332,1038.75,79.24,1.0
1970,176,17,2676,352,1038.73,100.06,1.0
1971,287,16,2787,574,1038.72,119.08,1.0
1972,8,17,2508,16,1038.69,63.5,1.0
1973,177,16,2677,354,1038.64,106.26,1.0
1974,54,15,2554,108,1038.62,75.55,1.0
1975,161,17,2661,322,1038.61,94.98,1.0
1976,221,17,2721,442,1038.6,106.68,1.0
1977,117,18,2617,234,1038.57,85.17,1.0
1978,114,15,2614,228,1038.57,90.97,1.0
1979,262,16,2762,524,1038.57,114.79,1.0
1980,94,22,2594,188,1038.56,78.68,1.0
1981,148,19,2648,296,1038.55,90.39,1.0
1982,237,16,2737,474,1038.55,107.18,1.0
1983,178,22,2678,356,1038.53,91.23,1.0
1984,266,17,2766,532,1038.53,116.85,1.0
1985,5,18,2505,10,1038.49,64.94,1.0
1986,119,23,2619,238,1038.49,76.25,1.0
1987,79,17,2579,158,1038.45,79.58,1.0
1988,95,22,2595,190,1038.43,74.54,1.0
1989,203,17,2703,406,1038.42,114.65,1.0
1990,96,17,2596,192,1038.41,80.42,1.0
1991,146,23,2646,292,1038.4,81.95,1.0
1992,164,21,2664,328,1038.37,91.54,1.0
1993,129,16,2629,258,1038.34,94.69,1.0
1994,64,15,2564,128,1038.33,80.25,1.0
1995,9,20,2509,18,1038.29,62.14,1.0
1996,13,18,2513,26,1038.28,65.44,1.0
1997,207,17,2707,414,1038.26,102.81,1.0
1998,13,19,2513,26,1038.22,63.03,1.0
1999,159,16,2659,318,1038.22,98.57,1.0
2000,208,25,2708,416,1038.18,81.29,1.0
2001,203,24,2703,406,1038.17,87.6,1.0
2002,242,24,2742,484,1038.16,92.69,1.0
2003,14,20,2514,28,1038.13,57.65,1.0
2004,261,17,2761,522,1038.11,119.07,1.0
2005,261,26,2761,522,1038.11,94.25,1.0
2006,264,25,2764,528,1038.06,94.68,1.0
2007,38,20,2538,76,1038.04,66.16,1.0
2008,117,17,2617,234,1038.04,88.72,1.0
2009,188,23,2688,376,1038.04,88.61,1.0
2010,187,16,2687,374,1038.01,99.19,1.0
2011,116,18,2616,232,1037.96,86.56,1.0
2012,256,26,2756,512,1037.91,89.62,1.0
2013,49,15,2549,98,1037.89,79.35,1.0
2014,172,23,2672,344,1037.89,86.24,1.0
2015,17,19,2517,34,1037.88,63.35,1.0
2016,154,23,2654,308,1037.85,84.01,1.0
2017,198,23,2698,396,1037.84,87.09,1.0
2018,299,26,2799,598,1037.84,96.09,1.0
2019,112,16,2612,224,1037.81,89.2,1.0
2020,18,19,2518,36,1037.8,60.59,1.0
2021,236,24,2736,472,1037.8,92.67,1.0
2022,134,16,2634,268,1037.79,92.53,1.0
2023,162,16,2662,324,1037.79,96.61,1.0
2024,215,25,2715,430,1037.78,91.42,1.0
2025,24,20,2524,48,1037.75,63.6,1.0
2026,91,15,2591,182,1037.75,83.61,1.0
2027,167,24,2667,334,1037.7,88.39,1.0
2028,206,24,2706,412,1037.7,90.36,1.0
2029,270,26,2770,540,1037.66,89.29,1.0
2030,125,22,2625,250,1037.65,77.63,1.0
2031,62,22,2562,124,1037.62,69.08,1.0
2032,33,14,2533,66,1037.59,75.73,1.0
2033,47,15,2547,94,1037.57,78.03,1.0
2034,16,15,2516,32,1037.57,67.95,1.0
2035,257,26,2757,514,1037.57,88.76,1.0
2036,131,23,2631,262,1037.54,78.66,1.0
2037,275,17,2775,550,1037.53,119.72,1.0
2038,92,20,2592,184,1037.52,83.65,1.0
2039,176,16,2676,352,1037.5,99.29,1.0
2040,210,16,2710,420,1037.48,107.23,1.0
2041,111,17,2611,222,1037.47,90.37,1.0
2042,80,19,2580,160,1037.45,78.56,1.0
2043,223,16,2723,446,1037.45,113.29,1.0
2044,76,19,2576,152,1037.44,76.75,1.0
2045,35,19,2535,70,1037.43,62.71,1.0
2046,179,16,2679,358,1037.43,97.09,1.0
2047,194,17,2694,388,1037.43,99.25,1.0
2048,53,21,2553,106,1037.41,66.18,1.0
2049,63,21,2563,126,1037.41,68.95,1.0
2050,147,22,2647,294,1037.41,87.89,1.0
2051,5,15,2505,10,1037.36,67.04,1.0
2052,90,16,2590,180,1037.36,84.12,1.0
2053,241,24,2741,482,1037.32,96.18,1.0
2054,37,16,2537,74,1037.3,73.73,1.0
2055,140,15,2640,280,1037.29,91.31,1.0
2056,179,23,2679,358,1037.28,83.54,1.0
2057,34,18,2534,68,1037.27,65.98,1.0
2058,102,16,2602,204,1037.26,89.77,1.0
2059,105,22,2605,210,1037.24,75.68,1.0
2060,188,21,2688,376,1037.24,95.13,1.0
2061,19,19,2519,38,1037.23,65.07,1.0
2062,122,22,2622,244,1037.22,76.72,1.0
2063,247,26,2747,494,1037.21,87.25,1.0
2064,23,14,2523,46,1037.2,75.01,1.0
2065,102,21,2602,204,1037.15,78.39,1.0
2066,116,17,2616,232,1037.14,89.74,1.0
2067,43,20,2543,86,1037.08,68.45,1.0
2068,4,20,2504,8,1037.06,60.89,1.0
2069,145,15,2645,290,1037.06,99.59,1.0
2070,231,25,2731,462,1037.06,90.29,1.0
2071,65,14,2565,130,1037.05,83.76,1.0
2072,230,19,2730,460,1037.05,106.51,1.0
2073,219,26,2719,438,1037.04,85.36,1.0
2074,1,14,2501,2,1037.02,65.33,1.0
2075,34,19,2534,68,1036.99,66.32,1.0
2076,19,17,2519,38,1036.98,68.13,1.0
2077,121,18,2621,242,1036.98,88.17,1.0
2078,221,24,2721,442,1036.96,87.16,1.0
2079,234,16,2734,468,1036.95,112.56,1.0
2080,195,25,2695,390,1036.93,86.48,1.0
2081,188,19,2688,376,1036.92,95.52,1.0
2082,290,27,2790,580,1036.9,83.26,1.0
2083,269,16,2769,538,1036.89,116.69,1.0
2084,104,21,2604,208,1036.88,79.36,1.0
2085,212,17,2712,424,1036.87,106.32,1.0
2086,139,18,2639,278,1036.86,91.17,1.0
2087,199,15,2699,398,1036.84,111.62,1.0
2088,224,17,2724,448,1036.83,107.26,1.0
2089,40,15,2540,80,1036.82,76.25,1.0
2090,114,23,2614,228,1036.81,77.09,1.0
2091,294,26,2794,588,1036.81,95.51,1.0
2092,197,16,2697,394,1036.8,100.54,1.0
2093,101,16,2601,202,1036.79,87.42,1.0
2094,31,19,2531,62,1036.78,68.73,1.0
2095,254,26,2754,508,1036.78,85.59,1.0
2096,168,23,2668,336,1036.74,88.59,1.0
2097,200,17,2700,400,1036.74,109.63,1.0
2098,237,15,2737,474,1036.7,110.55,1.0
2099,118,16,2618,236,1036.67,92.25,1.0
2100,161,16,2661,322,1036.64,107.41,1.0
2101,106,21,2606,212,1036.61,79.75,1.0
2102,130,16,2630,260,1036.6,89.09,1.0
2103,49,21,2549,98,1036.58,71.4,1.0
2104,228,16,2728,456,1036.58,107.96,1.0
2105,159,15,2659,318,1036.57,100.02,1.0
2106,38,15,2538,76,1036.55,74.54,1.0
2107,18,20,2518,36,1036.54,60.98,1.0
2108,223,24,2723,446,1036.54,97.27,1.0
2109,285,26,2785,570,1036.54,97.51,1.0
2110,66,22,2566,132,1036.53,66.29,1.0
2111,76,18,2576,152,1036.53,81.54,1.0
2112,4,14,2504,8,1036.47,64.4,1.0
2113,278,18,2778,556,1036.46,111.34,1.0
2114,189,24,2689,378,1036.44,84.05,1.0
2115,214,20,2714,428,1036.44,102.72,1.0
2116,106,17,2606,212,1036.4,88.88,1.0
2117,6,15,2506,12,1036.37,66.76,1.0
2118,98,21,2598,196,1036.34,75.05,1.0
2119,60,16,2560,120,1036.33,84.98,1.0
2120,18,14,2518,36,1036.3,69.48,1.0
2121,202,15,2702,404,1036.3,104.05,1.0
2122,218,17,2718,436,1036.3,103.82,1.0
2123,110,15,2610,220,1036.29,84.32,1.0
2124,139,22,2639,278,1036.29,83.74,1.0
2125,111,20,2611,222,1036.28,81.5,1.0
2126,82,15,2582,164,1036.27,83.12,1.0
2127,101,22,2601,202,1036.24,77.75,1.0
2128,186,24,2686,372,1036.22,89.19,1.0
2129,59,15,2559,118,1036.21,76.09,1.0
2130,141,17,2641,282,1036.19,93.41,1.0
2131,227,16,2727,454,1036.18,113.05,1.0
2132,237,25,2737,474,1036.14,89.91,1.0
2133,7,14,2507,14,1036.09,72.8,1.0
2134,260,16,2760,520,1036.09,115.59,1.0
2135,291,26,2791,582,1036.08,97.89,1.0
2136,116,21,2616,232,1036.07,78.2,1.0
2137,246,18,2746,492,1036.04,107.6,1.0
2138,125,23,2625,250,1036.03,78.39,1.0
2139,267,25,2767,534,1036.03,95.64,1.0
2140,58,21,2558,116,1036.01,65.71,1.0
2141,143,16,2643,286,1036.01,98.6,1.0
2142,21,14,2521,42,1035.99,73.02,1.0
2143,93,22,2593,186,1035.99,74.27,1.0
2144,138,16,2638,276,1035.98,88.95,1.0
2145,170,24,2670,340,1035.98,81.27,1.0
2146,76,20,2576,152,1035.96,77.45,1.0
2147,127,15,2627,254,1035.95,90.39,1.0
2148,253,17,2753,506,1035.93,110.88,1.0
2149,188,20,2688,376,1035.92,96.22,1.0
2150,277,25,2777,554,1035.92,94.54,1.0
2151,91,22,2591,182,1035.91,73.4,1.0
2152,184,15,2684,368,1035.9,100.42,1.0
2153,8,18,2508,16,1035.89,60.62,1.0
2154,129,23,2629,258,1035.88,76.55,1.0
2155,197,24,2697,394,1035.88,83.69,1.0
2156,113,20,2613,226,1035.86,84.3,1.0
2157,118,22,2618,236,1035.86,77.04,1.0
2158,164,18,2664,328,1035.86,97.22,1.0
2159,10,15,2510,20,1035.85,68.57,1.0
2160,99,22,2599,198,1035.81,75.27,1.0
2161,258,24,2758,516,1035.8,93.98,1.0
2162,224,23,2724,448,1035.78,98.23,1.0
2163,110,22,2610,220,1035.77,75.26,1.0
2164,253,25,2753,506,1035.75,93.15,1.0
2165,210,25,2710,420,1035.74,87.41,1.0
2166,55,15,2555,110,1035.71,76.24,1.0
2167,238,26,2738,476,1035.7,89.94,1.0
2168,111,21,2611,222,1035.69,85.29,1.0
2169,175,16,2675,350,1035.67,101.94,1.0
2170,135,21,2635,270,1035.65,84.98,1.0
2171,36,14,2536,72,1035.62,74.38,1.0
2172,71,22,2571,142,1035.62,69.66,1.0
2173,128,17,2628,256,1035.62,88.6,1.0
2174,181,16,2681,362,1035.61,102.08,1.0
2175,39,17,2539,78,1035.59,73.02,1.0
2176,185,17,2685,370,1035.58,105.19,1.0
2177,240,26,2740,480,1035.58,89.61,1.0
2178,35,16,2535,70,1035.55,76.99,1.0
2179,80,21,2580,160,1035.54,72.51,1.0
2180,135,16,2635,270,1035.54,94.19,1.0
2181,157,24,2657,314,1035.54,75.95,1.0
2182,156,23,2656,312,1035.53,77.49,1.0
2183,11,15,2511,22,1035.52,69.21,1.0
2184,81,22,2581,162,1035.52,72.39,1.0
2185,43,21,2543,86,1035.49,65.48,1.0
2186,92,19,2592,184,1035.46,85.06,1.0
2187,121,17,2621,242,1035.46,90.17,1.0
2188,160,23,2660,320,1035.46,84.25,1.0
2189,81,15,2581,162,1035.45,86.43,1.0
2190,72,21,2572,144,1035.42,73.82,1.0
2191,184,24,2684,368,1035.38,89.27,1.0
2192,172,16,2672,344,1035.36,95.44,1.0
2193,83,15,2583,166,1035.33,81.47,1.0
2194,271,17,2771,542,1035.33,118.34,1.0
2195,68,22,2568,136,1035.27,73.93,1.0
2196,25,20,2525,50,1035.22,60.16,1.0
2197,39,16,2539,78,1035.21,72.88,1.0
2198,22,19,2522,44,1035.19,64.1,1.0
2199,164,19,2664,328,1035.19,97.93,1.0
2200,181,23,2681,362,1035.17,87.28,1.0
2201,120,15,2620,240,1035.15,89.06,1.0
2202,73,21,2573,146,1035.14,71.53,1.0
2203,108,14,2608,216,1035.13,91.68,1.0
2204,30,15,2530,60,1035.12,69.84,1.0
2205,108,23,2608,216,1035.12,72.49,1.0
2206,194,23,2694,388,1035.12,92.15,1.0
2207,37,20,2537,74,1035.09,64.5,1.0
2208,67,15,2567,134,1035.08,78.75,1.0
2209,104,20,2604,208,1035.07,79.14,1.0
2210,246,24,2746,492,1035.07,98.62,1.0
2211,137,22,2637,274,1035.03,81.75,1.0
2212,278,26,2778,556,1034.98,92.1,1.0
2213,92,16,2592,184,1034.95,90.72,1.0
2214,72,16,2572,144,1034.94,84.21,1.0
2215,119,16,2619,238,1034.94,97.36,1.0
2216,109,16,2609,218,1034.93,86.44,1.0
2217,22,15,2522,44,1034.91,69.04,1.0
2218,1,21,2501,2,1034.9,58.6,1.0
2219,112,22,2612,224,1034.89,75.1,1.0
2220,107,22,2607,214,1034.89,78.09,1.0
2221,37,15,2537,74,1034.88,76.82,1.0
2222,86,22,2586,172,1034.86,69.94,1.0
2223,3,20,2503,6,1034.85,60.12,1.0
2224,69,21,2569,138,1034.84,67.5,1.0
2225,270,17,2770,540,1034.84,111.34,1.0
2226,113,21,2613,226,1034.81,81.99,1.0
2227,191,23,2691,382,1034.81,88.59,1.0
2228,21,21,2521,42,1034.79,63.25,1.0
2229,173,16,2673,346,1034.79,104.34,1.0
2230,29,21,2529,58,1034.77,64.91,1.0
2231,264,18,2764,528,1034.75,108.08,1.0
2232,35,17,2535,70,1034.74,72.53,1.0
2233,63,15,2563,126,1034.72,75.66,1.0
2234,33,21,2533,66,1034.69,69.73,1.0
2235,11,19,2511,22,1034.66,58.08,1.0
2236,288,25,2788,576,1034.65,103.11,1.0
2237,300,27,2800,600,1034.61,93.32,1.0
2238,116,22,2616,232,1034.6,75.83,1.0
2239,66,14,2566,132,1034.58,80.43,1.0
2240,104,17,2604,208,1034.58,86.54,1.0
2241,2,20,2502,4,1034.56,57.78,1.0
2242,136,22,2636,272,1034.56,84.01,1.0
2243,96,16,2596,192,1034.54,86.74,1.0
2244,98,15,2598,196,1034.54,83.69,1.0
2245,57,18,2557,114,1034.5,77.13,1.0
2246,151,23,2651,302,1034.5,79.96,1.0
2247,139,17,2639,278,1034.49,93.52,1.0
2248,19,16,2519,38,1034.36,67.21,1.0
2249,245,27,2745,490,1034.33,87.22,1.0
2250,39,18,2539,78,1034.3,71.95,1.0
2251,206,16,2706,412,1034.3,111.42,1.0
2252,57,19,2557,114,1034.26,72.46,1.0
2253,9,14,2509,18,1034.26,68.17,1.0
2254,117,21,2617,234,1034.26,84.03,1.0
2255,263,16,2763,526,1034.25,111.29,1.0
2256,243,15,2743,486,1034.25,111.96,1.0
2257,251,16,2751,502,1034.25,111.99,1.0
2258,46,19,2546,92,1034.23,70.12,1.0
2259,41,14,2541,82,1034.23,75.93,1.0
2260,180,23,2680,360,1034.21,88.91,1.0
2261,119,15,2619,238,1034.2,93.99,1.0
2262,8,16,2508,16,1034.18,64.04,1.0
2263,233,15,2733,466,1034.16,108.84,1.0
2264,50,22,2550,100,1034.15,67.9,1.0
2265,23,20,2523,46,1034.14,65.71,1.0
2266,213,25,2713,426,1034.12,87.43,1.0
2267,7,20,2507,14,1034.1,62.34,1.0
2268,28,15,2528,56,1034.1,67.07,1.0
2269,198,24,2698,396,1034.08,86.12,1.0
2270,164,20,2664,328,1034.06,97.58,1.0
2271,77,17,2577,154,1034.04,81.56,1.0
2272,148,16,2648,296,1034.04,90.87,1.0
2273,28,21,2528,56,1034.01,62.6,1.0
2274,70,14,2570,140,1033.94,80.58,1.0
2275,121,22,2621,242,1033.94,80.85,1.0
2276,47,20,2547,94,1033.93,67.46,1.0
2277,34,15,2534,68,1033.92,67.95,1.0
2278,170,16,2670,340,1033.9,99.87,1.0
2279,17,15,2517,34,1033.85,65.14,1.0
2280,95,14,2595,190,1033.83,93.13,1.0
2281,291,17,2791,582,1033.83,118.84,1.0
2282,159,23,2659,318,1033.8,83.56,1.0
2283,229,16,2729,458,1033.79,105.6,1.0
2284,154,16,2654,308,1033.78,95.88,1.0
2285,84,15,2584,168,1033.76,89.71,1.0
2286,124,22,2624,248,1033.65,78.0,1.0
2287,230,17,2730,460,1033.63,107.99,1.0
2288,242,18,2742,484,1033.63,104.59,1.0
2289,256,16,2756,512,1033.62,114.29,1.0
2290,217,24,2717,434,1033.61,92.5,1.0
2291,92,18,2592,184,1033.59,87.31,1.0
2292,253,16,2753,506,1033.59,116.13,1.0
2293,272,17,2772,544,1033.59,119.65,1.0
2294,285,16,2785,570,1033.58,118.17,1.0
2295,188,18,2688,376,1033.55,95.62,1.0
2296,24,14,2524,48,1033.54,67.98,1.0
2297,296,26,2796,592,1033.49,93.23,1.0
2298,19,15,2519,38,1033.48,70.61,1.0
2299,158,16,2658,316,1033.42,96.53,1.0
2300,274,26,2774,548,1033.41,91.07,1.0
2301,48,21,2548,96,1033.34,69.92,1.0
2302,77,16,2577,154,1033.34,82.42,1.0
2303,205,15,2705,410,1033.34,108.56,1.0
2304,243,26,2743,486,1033.3,87.65,1.0
2305,105,15,2605,210,1033.28,87.9,1.0
2306,142,15,2642,284,1033.25,94.92,1.0
2307,76,17,2576,152,1033.19,74.36,1.0
2308,130,23,2630,260,1033.18,81.22,1.0
2309,214,19,2714,428,1033.18,106.48,1.0
2310,230,18,2730,460,1033.18,106.67,1.0
2311,30,20,2530,60,1033.15,66.36,1.0
2312,35,20,2535,70,1033.11,67.03,1.0
2313,144,23,2644,288,1033.07,83.2,1.0
2314,180,24,2680,360,1033.07,84.53,1.0
2315,12,21,2512,24,1033.04,61.26,1.0
2316,150,23,2650,300,1033.0,79.6,1.0
2317,26,15,2526,52,1032.96,66.63,1.0
2318,222,16,2722,444,1032.95,110.85,1.0
2319,0,20,2500,0,1032.93,55.41,1.0
2320,48,15,2548,96,1032.92,78.55,1.0
2321,117,19,2617,234,1032.88,87.92,1.0
2322,196,23,2696,392,1032.84,85.03,1.0
2323,163,24,2663,326,1032.83,81.18,1.0
2324,263,17,2763,526,1032.81,117.15,1.0
2325,182,16,2682,364,1032.8,103.45,1.0
2326,208,15,2708,416,1032.79,107.6,1.0
2327,216,16,2716,432,1032.77,113.17,1.0
2328,38,14,2538,76,1032.75,79.86,1.0
2329,88,14,2588,176,1032.75,82.85,1.0
2330,176,24,2676,352,1032.75,79.12,1.0
2331,178,23,2678,356,1032.75,90.25,1.0
2332,224,24,2724,448,1032.75,88.17,1.0
2333,118,15,2618,236,1032.71,89.39,1.0
2334,258,19,2758,516,1032.71,106.1,1.0
2335,5,14,2505,10,1032.7,68.13,1.0
2336,234,15,2734,468,1032.67,117.24,1.0
2337,51,14,2551,102,1032.61,79.19,1.0
2338,20,20,2520,40,1032.61,66.2,1.0
2339,123,15,2623,246,1032.59,89.63,1.0
2340,204,16,2704,408,1032.58,105.18,1.0
2341,84,21,2584,168,1032.57,75.65,1.0
2342,15,21,2515,30,1032.56,61.11,1.0
2343,60,21,2560,120,1032.55,70.75,1.0
2344,111,19,2611,222,1032.54,81.89,1.0
2345,252,17,2752,504,1032.51,116.05,1.0
2346,148,23,2648,296,1032.48,80.43,1.0
2347,189,16,2689,378,1032.48,103.78,1.0
2348,168,15,2668,336,1032.36,101.69,1.0
2349,204,25,2704,408,1032.36,83.47,1.0
2350,181,15,2681,362,1032.34,97.42,1.0
2351,297,16,2797,594,1032.28,120.46,1.0
2352,38,21,2538,76,1032.26,67.37,1.0
2353,156,16,2656,312,1032.25,100.34,1.0
2354,280,17,2780,560,1032.22,118.62,1.0
2355,128,16,2628,256,1032.21,92.19,1.0
2356,250,15,2750,500,1032.21,111.61,1.0
2357,233,26,2733,466,1032.2,90.81,1.0
2358,292,27,2792,584,1032.2,96.5,1.0
2359,109,22,2609,218,1032.18,80.24,1.0
2360,246,25,2746,492,1032.17,93.3,1.0
2361,61,14,2561,122,1032.16,85.07,1.0
2362,2,14,2502,4,1032.15,63.66,1.0
2363,200,16,2700,400,1032.15,104.81,1.0
2364,134,23,2634,268,1032.12,81.47,1.0
2365,23,21,2523,46,1032.08,60.63,1.0
2366,60,15,2560,120,1032.07,81.73,1.0
2367,153,15,2653,306,1032.02,101.2,1.0
2368,11,20,2511,22,1032.0,60.49,1.0
2369,104,19,2604,208,1032.0,84.34,1.0
2370,29,14,2529,58,1031.97,73.53,1.0
2371,150,16,2650,300,1031.9,95.83,1.0
2372,223,25,2723,446,1031.87,90.35,1.0
2373,70,22,2570,140,1031.85,68.49,1.0
2374,80,15,2580,160,1031.85,88.13,1.0
2375,77,21,2577,154,1031.84,72.72,1.0
2376,296,18,2796,592,1031.84,116.19,1.0
2377,241,25,2741,482,1031.8,93.39,1.0
2378,279,26,2779,558,1031.79,90.86,1.0
2379,43,15,2543,86,1031.77,77.23,1.0
2380,129,15,2629,258,1031.77,97.44,1.0
2381,97,22,2597,194,1031.74,75.76,1.0
2382,16,14,2516,32,1031.73,71.17,1.0
2383,231,17,2731,462,1031.73,109.78,1.0
2384,57,20,2557,114,1031.72,71.61,1.0
2385,71,14,2571,142,1031.71,85.59,1.0
2386,13,20,2513,26,1031.67,63.97,1.0
2387,271,26,2771,542,1031.66,92.55,1.0
2388,111,18,2611,222,1031.65,87.97,1.0
2389,244,25,2744,488,1031.62,97.22,1.0
2390,274,18,2774,548,1031.61,116.94,1.0
2391,79,19,2579,158,1031.6,73.93,1.0
2392,115,22,2615,230,1031.59,79.61,1.0
2393,138,23,2638,276,1031.59,77.72,1.0
2394,56,15,2556,112,1031.58,78.0,1.0
2395,140,24,2640,280,1031.57,81.14,1.0
2396,113,16,2613,226,1031.56,93.84,1.0
2397,239,16,2739,478,1031.56,112.95,1.0
2398,250,26,2750,500,1031.43,90.34,1.0
2399,257,16,2757,514,1031.43,115.53,1.0
2400,52,14,2552,104,1031.37,83.25,1.0
2401,6,21,2506,12,1031.37,60.8,1.0
2402,42,14,2542,84,1031.33,77.93,1.0
2403,28,14,2528,56,1031.33,66.1,1.0
2404,99,15,2599,198,1031.31,86.85,1.0
2405,166,15,2666,332,1031.3,95.97,1.0
2406,282,16,2782,564,1031.27,123.01,1.0
2407,22,16,2522,44,1031.24,67.44,1.0
2408,251,26,2751,502,1031.23,89.8,1.0
2409,281,18,2781,562,1031.23,114.97,1.0
2410,0,14,2500,0,1031.22,64.7,1.0
2411,150,15,2650,300,1031.21,94.55,1.0
2412,36,21,2536,72,1031.17,61.69,1.0
2413,191,24,2691,382,1031.09,86.38,1.0
2414,198,16,2698,396,1031.08,106.21,1.0
2415,299,27,2799,598,1031.05,92.41,1.0
2416,51,21,2551,102,1031.04,71.05,1.0
2417,109,15,2609,218,1031.02,89.43,1.0
2418,96,22,2596,192,1030.98,75.14,1.0
2419,293,26,2793,586,1030.97,93.69,1.0
2420,44,14,2544,88,1030.96,77.03,1.0
2421,120,23,2620,240,1030.96,77.86,1.0
2422,152,23,2652,304,1030.96,84.85,1.0
2423,212,25,2712,424,1030.96,91.42,1.0
2424,87,20,2587,174,1030.93,77.41,1.0
2425,17,20,2517,34,1030.89,61.91,1.0
2426,104,18,2604,208,1030.88,85.36,1.0
2427,294,17,2794,588,1030.87,122.33,1.0
2428,259,16,2759,518,1030.86,116.42,1.0
2429,147,16,2647,294,1030.82,94.31,1.0
2430,287,27,2787,574,1030.81,101.96,1.0
2431,133,24,2633,266,1030.78,74.36,1.0
2432,164,22,2664,328,1030.78,90.6,1.0
2433,39,15,2539,78,1030.77,73.44,1.0
2434,39,19,2539,78,1030.72,68.93,1.0
2435,87,17,2587,174,1030.72,88.56,1.0
2436,133,14,2633,266,1030.71,95.95,1.0
2437,132,23,2632,264,1030.7,77.45,1.0
2438,245,16,2745,490,1030.64,114.65,1.0
2439,236,25,2736,472,1030.63,90.28,1.0
2440,73,14,2573,146,1030.62,81.07,1.0
2441,85,22,2585,170,1030.62,72.64,1.0
2442,205,25,2705,410,1030.62,86.4,1.0
2443,173,24,2673,346,1030.58,83.82,1.0
2444,273,26,2773,546,1030.54,96.92,1.0
2445,54,14,2554,108,1030.53,81.4,1.0
2446,20,14,2520,40,1030.52,74.25,1.0
2447,136,17,2636,272,1030.5,93.18,1.0
2448,277,16,2777,554,1030.5,124.58,1.0
2449,57,21,2557,114,1030.47,69.78,1.0
2450,283,16,2783,566,1030.45,123.89,1.0
2451,207,25,2707,414,1030.43,83.29,1.0
2452,12,14,2512,24,1030.41,70.62,1.0
2453,276,16,2776,552,1030.37,122.0,1.0
2454,276,27,2776,552,1030.37,88.03,1.0
2455,102,22,2602,204,1030.35,79.13,1.0
2456,52,22,2552,104,1030.33,68.82,1.0
2457,82,22,2582,164,1030.33,73.77,1.0
2458,194,16,2694,388,1030.31,101.33,1.0
2459,111,16,2611,222,1030.29,86.76,1.0
2460,242,17,2742,484,1030.23,103.55,1.0
2461,188,17,2688,376,1030.2,100.22,1.0
2462,289,27,2789,578,1030.17,93.82,1.0
2463,192,24,2692,384,1030.16,86.01,1.0
2464,142,24,2642,284,1030.15,75.63,1.0
2465,155,24,2655,310,1030.15,79.6,1.0
2466,15,14,2515,30,1030.12,72.03,1.0
2467,56,21,2556,112,1030.11,68.77,1.0
2468,31,15,2531,62,1030.11,70.09,1.0
2469,145,24,2645,290,1030.11,75.64,1.0
2470,177,24,2677,354,1030.01,83.94,1.0
2471,137,16,2637,274,1029.97,89.61,1.0
2472,228,15,2728,456,1029.96,118.76,1.0
2473,290,16,2790,580,1029.94,119.61,1.0
2474,214,23,2714,428,1029.93,94.13,1.0
2475,162,24,2662,324,1029.91,79.8,1.0
2476,110,14,2610,220,1029.89,87.1,1.0
2477,167,14,2667,334,1029.88,105.34,1.0
2478,207,16,2707,414,1029.83,106.21,1.0
2479,74,21,2574,148,1029.81,76.34,1.0
2480,53,13,2553,106,1029.78,81.22,1.0
2481,30,14,2530,60,1029.73,74.27,1.0
2482,78,22,2578,156,1029.73,70.39,1.0
2483,146,15,2646,292,1029.73,98.08,1.0
2484,179,24,2679,358,1029.72,87.26,1.0
2485,299,16,2799,598,1029.66,132.86,1.0
2486,17,14,2517,34,1029.64,69.21,1.0
2487,149,24,2649,298,1029.63,77.07,1.0
2488,169,16,2669,338,1029.63,99.5,1.0
2489,103,14,2603,206,1029.61,89.5,1.0
2490,103,22,2603,206,1029.5,74.92,1.0
2491,102,15,2602,204,1029.34,88.52,1.0
2492,231,16,2731,462,1029.34,111.95,1.0
2493,79,20,2579,158,1029.33,74.39,1.0
2494,166,24,2666,332,1029.33,77.52,1.0
2495,241,17,2741,482,1029.33,114.33,1.0
2496,27,13,2527,54,1029.31,73.51,1.0
2497,67,22,2567,134,1029.3,71.01,1.0
2498,158,23,2658,316,1029.26,79.3,1.0
2499,196,16,2696,392,1029.26,105.01,1.0
2500,286,16,2786,572,1029.25,119.77,1.0
2501,242,25,2742,484,1029.24,88.41,1.0
2502,88,22,2588,176,1029.23,73.17,1.0
2503,97,15,2597,194,1029.21,93.85,1.0
2504,11,14,2511,22,1029.16,68.78,1.0
2505,263,26,2763,526,1029.14,97.47,1.0
2506,247,15,2747,494,1029.09,121.27,1.0
2507,248,26,2748,496,1029.04,91.81,1.0
2508,46,15,2546,92,1028.97,75.08,1.0
2509,275,16,2775,550,1028.95,114.25,1.0
2510,171,23,2671,342,1028.91,87.43,1.0
2511,273,17,2773,546,1028.91,117.37,1.0
2512,181,24,2681,362,1028.86,77.21,1.0
2513,101,15,2601,202,1028.84,88.87,1.0
2514,284,27,2784,568,1028.75,92.45,1.0
2515,178,17,2678,356,1028.71,106.68,1.0
2516,298,27,2798,596,1028.71,92.14,1.0
2517,26,21,2526,52,1028.7,63.3,1.0
2518,126,23,2626,252,1028.7,76.88,1.0
2519,34,20,2534,68,1028.67,63.66,1.0
2520,249,26,2749,498,1028.66,92.48,1.0
2521,10,20,2510,20,1028.65,59.06,1.0
2522,202,25,2702,404,1028.6,83.69,1.0
2523,57,16,2557,114,1028.59,77.82,1.0
2524,281,17,2781,562,1028.59,116.5,1.0
2525,244,16,2744,488,1028.58,114.1,1.0
2526,13,15,2513,26,1028.57,70.83,1.0
2527,282,27,2782,564,1028.56,91.69,1.0
2528,175,24,2675,350,1028.54,86.44,1.0
2529,74,16,2574,148,1028.52,79.54,1.0
2530,94,15,2594,188,1028.51,91.77,1.0
2531,281,26,2781,562,1028.5,96.49,1.0
2532,46,20,2546,92,1028.49,67.55,1.0
2533,169,24,2669,338,1028.47,82.95,1.0
2534,174,25,2674,348,1028.47,78.29,1.0
2535,270,27,2770,540,1028.47,82.65,1.0
2536,193,25,2693,386,1028.45,89.96,1.0
2537,89,22,2589,178,1028.36,75.2,1.0
2538,225,25,2725,450,1028.36,89.73,1.0
2539,151,16,2651,302,1028.35,95.21,1.0
2540,292,17,2792,584,1028.31,125.89,1.0
2541,47,21,2547,94,1028.29,65.08,1.0
2542,259,26,2759,518,1028.29,99.96,1.0
2543,182,24,2682,364,1028.28,89.91,1.0
2544,19,20,2519,38,1028.27,63.59,1.0
2545,77,15,2577,154,1028.27,84.93,1.0
2546,143,23,2643,286,1028.24,80.99,1.0
2547,62,13,2562,124,1028.21,85.58,1.0
2548,83,21,2583,166,1028.19,77.94,1.0
2549,116,16,2616,232,1028.11,89.83,1.0
2550,8,19,2508,16,1028.08,58.81,1.0
2551,90,22,2590,180,1028.07,73.87,1.0
2552,123,23,2623,246,1028.06,79.51,1.0
2553,179,15,2679,358,1028.0,101.15,1.0
2554,38,22,2538,76,1027.99,63.76,1.0
2555,174,15,2674,348,1027.99,100.54,1.0
2556,42,21,2542,84,1027.95,66.9,1.0
2557,258,25,2758,516,1027.94,86.12,1.0
2558,5,19,2505,10,1027.93,58.24,1.0
2559,186,15,2686,372,1027.92,107.19,1.0
2560,32,21,2532,64,1027.91,61.51,1.0
2561,275,27,2775,550,1027.9,92.61,1.0
2562,79,18,2579,158,1027.88,78.65,1.0
2563,92,17,2592,184,1027.84,87.9,1.0
2564,20,21,2520,40,1027.83,65.78,1.0
2565,79,16,2579,158,1027.79,79.91,1.0
2566,269,26,2769,538,1027.72,93.74,1.0
2567,185,25,2685,370,1027.71,84.93,1.0
2568,220,17,2720,440,1027.71,101.03,1.0
2569,137,15,2637,274,1027.7,94.63,1.0
2570,294,16,2794,588,1027.69,121.87,1.0
2571,190,16,2690,380,1027.67,102.24,1.0
2572,41,21,2541,82,1027.65,64.48,1.0
2573,147,23,2647,294,1027.65,83.5,1.0
2574,128,23,2628,256,1027.64,78.62,1.0
2575,217,25,2717,434,1027.62,94.36,1.0
2576,64,22,2564,128,1027.61,73.55,1.0
2577,3,21,2503,6,1027.6,60.26,1.0
2578,45,14,2545,90,1027.59,76.64,1.0
2579,260,27,2760,520,1027.57,89.49,1.0
2580,201,25,2701,402,1027.52,84.95,1.0
2581,227,25,2727,454,1027.52,92.78,1.0
2582,262,27,2762,524,1027.51,85.69,1.0
2583,265,15,2765,530,1027.51,113.86,1.0
2584,16,21,2516,32,1027.47,62.36,1.0
2585,245,15,2745,490,1027.47,113.19,1.0
2586,248,15,2748,496,1027.47,117.62,1.0
2587,13,16,2513,26,1027.4,68.39,1.0
2588,40,20,2540,80,1027.33,68.89,1.0
2589,168,14,2668,336,1027.33,99.78,1.0
2590,100,23,2600,200,1027.32,72.17,1.0
2591,113,15,2613,226,1027.3,91.43,1.0
2592,39,20,2539,78,1027.27,68.79,1.0
2593,141,16,2641,282,1027.26,97.52,1.0
2594,30,21,2530,60,1027.25,66.52,1.0
2595,75,15,2575,150,1027.25,86.36,1.0
2596,254,15,2754,508,1027.24,118.92,1.0
2597,230,24,2730,460,1027.23,94.81,1.0
2598,35,15,2535,70,1027.22,75.51,1.0
2599,73,22,2573,146,1027.21,72.53,1.0
2600,226,15,2726,452,1027.2,114.03,1.0
2601,300,15,2800,600,1027.2,124.33,1.0
2602,210,15,2710,420,1027.13,109.26,1.0
2603,56,14,2556,112,1027.1,81.64,1.0
2604,1,13,2501,2,1027.08,68.18,1.0
2605,288,16,2788,576,1027.07,121.7,1.0
2606,262,15,2762,524,1027.04,118.69,1.0
2607,157,15,2657,314,1027.0,97.28,1.0
2608,295,27,2795,590,1026.97,97.61,1.0
2609,22,14,2522,44,1026.86,70.37,1.0
2610,286,27,2786,572,1026.85,89.59,1.0
2611,111,22,2611,222,1026.82,78.79,1.0
2612,22,20,2522,44,1026.8,63.96,1.0
2613,25,14,2525,50,1026.76,73.79,1.0
2614,75,22,2575,150,1026.76,71.74,1.0
2615,170,15,2670,340,1026.74,103.24,1.0
2616,37,21,2537,74,1026.7,64.15,1.0
2617,18,21,2518,36,1026.66,59.84,1.0
2618,297,28,2797,594,1026.63,91.65,1.0
2619,295,16,2795,590,1026.62,127.32,1.0
2620,87,21,2587,174,1026.61,80.55,1.0
2621,57,17,2557,114,1026.6,76.26,1.0
2622,141,23,2641,282,1026.55,83.44,1.0
2623,228,26,2728,456,1026.55,87.09,1.0
2624,21,13,2521,42,1026.54,69.71,1.0
2625,241,16,2741,482,1026.52,120.33,1.0
2626,3,14,2503,6,1026.47,69.18,1.0
2627,40,14,2540,80,1026.44,76.07,1.0
2628,92,21,2592,184,1026.44,82.88,1.0
2629,94,23,2594,188,1026.41,77.31,1.0
2630,2,21,2502,4,1026.4,57.56,1.0
2631,134,14,2634,268,1026.39,93.78,1.0
2632,164,23,2664,328,1026.39,87.04,1.0
2633,236,16,2736,472,1026.31,116.94,1.0
2634,234,26,2734,468,1026.28,91.15,1.0
2635,146,24,2646,292,1026.25,84.97,1.0
2636,161,23,2661,322,1026.25,88.91,1.0
2637,200,25,2700,400,1026.24,88.23,1.0
2638,44,22,2544,88,1026.21,61.83,1.0
2639,135,22,2635,270,1026.19,86.43,1.0
2640,199,25,2699,398,1026.17,89.37,1.0
2641,229,26,2729,458,1026.17,81.08,1.0
2642,246,17,2746,492,1026.16,112.7,1.0
2643,79,21,2579,158,1026.14,73.62,1.0
2644,54,22,2554,108,1026.11,68.06,1.0
2645,240,15,2740,480,1026.09,117.78,1.0
2646,104,16,2604,208,1026.06,89.68,1.0
2647,186,25,2686,372,1026.06,86.17,1.0
2648,14,14,2514,28,1026.02,72.17,1.0
2649,191,17,2691,382,1025.97,103.31,1.0
2650,261,16,2761,522,1025.97,116.63,1.0
2651,51,22,2551,102,1025.96,66.6,1.0
2652,113,22,2613,226,1025.92,77.45,1.0
2653,195,14,2695,390,1025.92,110.29,1.0
2654,31,20,2531,62,1025.89,64.25,1.0
2655,193,15,2693,386,1025.89,108.37,1.0
2656,277,17,2777,554,1025.89,120.49,1.0
2657,187,24,2687,374,1025.88,86.21,1.0
2658,81,14,2581,162,1025.86,86.16,1.0
2659,14,21,2514,28,1025.85,60.78,1.0
2660,162,15,2662,324,1025.8,100.73,1.0
2661,217,17,2717,434,1025.8,108.02,1.0
2662,203,16,2703,406,1025.79,106.22,1.0
2663,122,23,2622,244,1025.75,78.47,1.0
2664,153,24,2653,306,1025.71,83.43,1.0
2665,66,13,2566,132,1025.68,84.52,1.0
2666,130,15,2630,260,1025.67,97.36,1.0
2667,135,15,2635,270,1025.61,96.64,1.0
2668,80,22,2580,160,1025.58,71.93,1.0
2669,104,22,2604,208,1025.58,77.29,1.0
2670,285,27,2785,570,1025.55,90.64,1.0
2671,87,16,2587,174,1025.54,87.42,1.0
2672,154,24,2654,308,1025.47,80.68,1.0
2673,182,15,2682,364,1025.47,105.64,1.0
2674,206,25,2706,412,1025.47,87.57,1.0
2675,35,21,2535,70,1025.45,64.1,1.0
2676,124,23,2624,248,1025.44,78.17,1.0
2677,137,23,2637,274,1025.43,79.15,1.0
2678,283,26,2783,566,1025.41,99.83,1.0
2679,178,16,2678,356,1025.4,104.58,1.0
2680,249,16,2749,498,1025.31,114.84,1.0
2681,126,14,2626,252,1025.3,97.33,1.0
2682,143,15,2643,286,1025.27,94.11,1.0
2683,29,22,2529,58,1025.22,65.26,1.0
2684,94,14,2594,188,1025.22,92.33,1.0
2685,138,15,2638,276,1025.2,94.83,1.0
2686,117,16,2617,234,1025.17,93.28,1.0
2687,209,14,2709,418,1025.17,111.03,1.0
2688,86,14,2586,172,1025.16,84.86,1.0
2689,115,14,2615,230,1025.15,92.46,1.0
2690,83,22,2583,166,1025.14,72.02,1.0
2691,72,15,2572,144,1025.09,81.9,1.0
2692,76,16,2576,152,1025.08,83.54,1.0
2693,144,15,2644,288,1025.02,102.98,1.0
2694,118,23,2618,236,1024.99,76.72,1.0
2695,122,15,2622,244,1024.98,94.17,1.0
2696,172,24,2672,344,1024.89,84.9,1.0
2697,185,16,2685,370,1024.86,104.69,1.0
2698,92,22,2592,184,1024.84,75.26,1.0
2699,37,14,2537,74,1024.83,74.01,1.0
2700,267,18,2767,534,1024.79,124.71,1.0
2701,68,14,2568,136,1024.77,85.17,1.0
2702,183,25,2683,366,1024.71,82.61,1.0
2703,93,23,2593,186,1024.7,71.57,1.0
2704,45,22,2545,90,1024.68,65.01,1.0
2705,258,18,2758,516,1024.68,108.98,1.0
2706,127,14,2627,254,1024.63,95.49,1.0
2707,265,27,2765,530,1024.56,89.57,1.0
2708,85,15,2585,170,1024.54,86.13,1.0
2709,221,16,2721,442,1024.48,105.29,1.0
2710,49,22,2549,98,1024.46,71.13,1.0
2711,89,14,2589,178,1024.46,91.46,1.0
2712,6,14,2506,12,1024.4,70.82,1.0
2713,151,24,2651,302,1024.36,82.35,1.0
2714,155,16,2655,310,1024.36,100.27,1.0
2715,107,15,2607,214,1024.35,90.37,1.0
2716,98,22,2598,196,1024.33,73.38,1.0
2717,131,24,2631,262,1024.24,76.01,1.0
2718,43,14,2543,86,1024.21,77.28,1.0
2719,212,16,2712,424,1024.21,115.33,1.0
2720,49,14,2549,98,1024.2,81.3,1.0
2721,7,21,2507,14,1024.19,61.99,1.0
2722,78,14,2578,156,1024.17,82.64,1.0
2723,198,25,2698,396,1024.15,86.76,1.0
2724,36,13,2536,72,1024.14,78.35,1.0
2725,76,21,2576,152,1024.14,74.97,1.0
2726,244,17,2744,488,1024.12,115.97,1.0
2727,268,16,2768,536,1024.07,116.56,1.0
2728,25,21,2525,50,1024.06,60.45,1.0
2729,66,23,2566,132,1024.04,68.24,1.0
2730,50,13,2550,100,1024.02,77.41,1.0
2731,247,27,2747,494,1024.01,85.89,1.0
2732,267,17,2767,534,1024.01,124.75,1.0
2733,106,16,2606,212,1024.0,89.33,1.0
2734,59,14,2559,118,1023.99,83.26,1.0
2735,272,27,2772,544,1023.98,91.07,1.0
2736,79,15,2579,158,1023.97,86.62,1.0
2737,36,22,2536,72,1023.92,60.22,1.0
2738,227,15,2727,454,1023.82,111.92,1.0
2739,293,18,2793,586,1023.81,119.56,1.0
2740,232,15,2732,464,1023.77,122.98,1.0
2741,282,15,2782,564,1023.75,122.76,1.0
2742,26,14,2526,52,1023.71,71.21,1.0
2743,90,15,2590,180,1023.71,87.21,1.0
2744,165,14,2665,330,1023.71,112.55,1.0
2745,77,22,2577,154,1023.7,73.23,1.0
2746,279,17,2779,558,1023.7,116.58,1.0
2747,40,21,2540,80,1023.69,64.53,1.0
2748,197,25,2697,394,1023.68,84.23,1.0
2749,121,16,2621,242,1023.67,91.74,1.0
2750,183,15,2683,366,1023.66,111.92,1.0
2751,255,27,2755,510,1023.58,87.41,1.0
2752,238,15,2738,476,1023.55,113.26,1.0
2753,214,18,2714,428,1023.51,108.72,1.0
2754,255,16,2755,510,1023.41,116.78,1.0
2755,160,15,2660,320,1023.39,102.08,1.0
2756,148,15,2648,296,1023.37,97.61,1.0
2757,222,25,2722,444,1023.36,89.33,1.0
2758,115,15,2615,230,1023.29,93.49,1.0
2759,96,15,2596,192,1023.27,84.68,1.0
2760,293,27,2793,586,1023.24,91.15,1.0
2761,215,15,2715,430,1023.21,114.56,1.0
2762,58,22,2558,116,1023.13,67.77,1.0
2763,5,20,2505,10,1023.1,63.65,1.0
2764,136,23,2636,272,1023.03,83.19,1.0
2765,64,14,2564,128,1023.01,82.58,1.0
2766,32,13,2532,64,1022.98,75.14,1.0
2767,99,23,2599,198,1022.91,73.43,1.0
2768,171,16,2671,342,1022.8,104.49,1.0
2769,192,16,2692,384,1022.8,106.2,1.0
2770,218,25,2718,436,1022.77,82.42,1.0
2771,135,23,2635,270,1022.74,81.95,1.0
2772,17,21,2517,34,1022.7,64.62,1.0
2773,288,27,2788,576,1022.61,94.92,1.0
2774,235,14,2735,470,1022.55,120.09,1.0
2775,34,14,2534,68,1022.54,75.49,1.0
2776,84,14,2584,168,1022.51,88.81,1.0
2777,154,15,2654,308,1022.48,100.31,1.0
2778,205,14,2705,410,1022.47,108.61,1.0
2779,236,26,2736,472,1022.44,84.26,1.0
2780,253,26,2753,506,1022.44,91.08,1.0
2781,4,13,2504,8,1022.42,68.42,1.0
2782,299,15,2799,598,1022.41,128.4,1.0
2783,158,15,2658,316,1022.39,97.97,1.0
2784,84,22,2584,168,1022.37,71.9,1.0
2785,123,14,2623,246,1022.37,96.31,1.0
2786,85,14,2585,170,1022.33,83.75,1.0
2787,237,26,2737,474,1022.31,89.44,1.0
2788,114,24,2614,228,1022.3,79.6,1.0
2789,148,24,2648,296,1022.29,78.31,1.0
2790,98,14,2598,196,1022.28,88.32,1.0
2791,229,15,2729,458,1022.28,109.27,1.0
2792,190,24,2690,380,1022.26,85.66,1.0
2793,34,21,2534,68,1022.25,63.77,1.0
2794,194,24,2694,388,1022.25,92.58,1.0
2795,9,13,2509,18,1022.23,69.8,1.0
2796,95,23,2595,190,1022.23,74.16,1.0
2797,59,22,2559,118,1022.21,69.41,1.0
2798,203,25,2703,406,1022.2,88.25,1.0
2799,211,15,2711,422,1022.15,107.89,1.0
2800,201,16,2701,402,1022.14,109.7,1.0
2801,231,26,2731,462,1022.12,87.37,1.0
2802,93,14,2593,186,1022.11,90.8,1.0
2803,220,25,2720,440,1022.02,86.36,1.0
2804,151,15,2651,302,1022.0,101.55,1.0
2805,76,15,2576,152,1021.98,82.9,1.0
2806,224,16,2724,448,1021.98,109.85,1.0
2807,9,21,2509,18,1021.97,59.13,1.0
2808,48,22,2548,96,1021.96,65.72,1.0
2809,19,14,2519,38,1021.95,75.87,1.0
2810,55,14,2555,110,1021.94,78.58,1.0
2811,215,26,2715,430,1021.92,84.58,1.0
2812,58,14,2558,116,1021.9,80.88,1.0
2813,119,14,2619,238,1021.88,96.03,1.0
2814,136,16,2636,272,1021.88,93.59,1.0
2815,294,27,2794,588,1021.88,93.48,1.0
2816,74,22,2574,148,1021.87,68.23,1.0
2817,269,15,2769,538,1021.85,122.6,1.0
2818,187,15,2687,374,1021.81,102.68,1.0
2819,80,14,2580,160,1021.78,86.65,1.0
2820,41,13,2541,82,1021.72,78.28,1.0
2821,160,24,2660,320,1021.72,84.05,1.0
2822,52,13,2552,104,1021.71,84.52,1.0
2823,121,15,2621,242,1021.69,92.79,1.0
2824,133,13,2633,266,1021.64,99.23,1.0
2825,106,15,2606,212,1021.63,94.93,1.0
2826,124,15,2624,248,1021.63,92.97,1.0
2827,267,26,2767,534,1021.6,94.33,1.0
2828,138,24,2638,276,1021.59,77.07,1.0
2829,70,13,2570,140,1021.58,86.62,1.0
2830,110,23,2610,220,1021.56,73.21,1.0
2831,115,23,2615,230,1021.51,76.36,1.0
2832,168,24,2668,336,1021.51,81.03,1.0
2833,280,27,2780,560,1021.51,88.24,1.0
2834,238,27,2738,476,1021.47,87.33,1.0
2835,91,14,2591,182,1021.42,87.7,1.0
2836,24,13,2524,48,1021.41,71.79,1.0
2837,29,13,2529,58,1021.33,76.6,1.0
2838,74,15,2574,148,1021.29,84.29,1.0
2839,220,16,2720,440,1021.28,106.47,1.0
2840,4,21,2504,8,1021.24,58.58,1.0
2841,287,28,2787,574,1021.23,95.6,1.0
2842,82,23,2582,164,1021.21,72.76,1.0
2843,86,13,2586,172,1021.21,86.66,1.0
2844,1,22,2501,2,1021.11,59.93,1.0
2845,221,25,2721,442,1021.11,86.29,1.0
2846,218,16,2718,436,1021.11,106.6,1.0
2847,216,15,2716,432,1021.08,115.21,1.0
2848,109,23,2609,218,1021.04,76.85,1.0
2849,8,20,2508,16,1021.01,58.44,1.0
2850,252,26,2752,504,1021.01,92.96,1.0
2851,264,17,2764,528,1020.99,112.29,1.0
2852,134,24,2634,268,1020.98,74.96,1.0
2853,105,23,2605,210,1020.95,76.78,1.0
2854,156,24,2656,312,1020.93,79.63,1.0
2855,61,22,2561,122,1020.88,71.92,1.0
2856,114,14,2614,228,1020.81,94.07,1.0
2857,171,24,2671,342,1020.75,83.8,1.0
2858,248,27,2748,496,1020.75,92.46,1.0
2859,22,21,2522,44,1020.72,63.99,1.0
2860,232,26,2732,464,1020.66,85.2,1.0
2861,8,15,2508,16,1020.64,66.53,1.0
2862,19,21,2519,38,1020.63,65.46,1.0
2863,210,26,2710,420,1020.63,81.69,1.0
2864,0,13,2500,0,1020.62,71.35,1.0
2865,87,15,2587,174,1020.6,89.36,1.0
2866,0,21,2500,0,1020.58,59.62,1.0
2867,121,23,2621,242,1020.57,78.98,1.0
2868,32,22,2532,64,1020.54,63.93,1.0
2869,43,22,2543,86,1020.46,61.64,1.0
2870,188,24,2688,376,1020.45,87.99,1.0
2871,91,23,2591,182,1020.43,72.59,1.0
2872,163,15,2663,326,1020.42,106.3,1.0
2873,67,14,2567,134,1020.35,81.55,1.0
2874,156,15,2656,312,1020.33,98.44,1.0
2875,63,22,2563,126,1020.21,66.1,1.0
2876,7,13,2507,14,1020.19,69.53,1.0
2877,213,16,2713,426,1020.13,110.4,1.0
2878,72,14,2572,144,1020.12,82.66,1.0
2879,72,22,2572,144,1020.12,72.24,1.0
2880,261,27,2761,522,1020.11,90.1,1.0
2881,180,25,2680,360,1020.04,82.67,1.0
2882,127,24,2627,254,1019.97,78.28,1.0
2883,159,24,2659,318,1019.94,82.94,1.0
2884,103,23,2603,206,1019.93,74.41,1.0
2885,184,25,2684,368,1019.88,79.61,1.0
2886,211,26,2711,422,1019.88,85.39,1.0
2887,191,16,2691,382,1019.85,101.15,1.0
2888,116,23,2616,232,1019.82,77.01,1.0
2889,23,13,2523,46,1019.81,74.6,1.0
2890,260,15,2760,520,1019.81,118.11,1.0
2891,31,14,2531,62,1019.76,72.32,1.0
2892,209,26,2709,418,1019.76,80.37,1.0
2893,53,22,2553,106,1019.74,66.01,1.0
2894,152,16,2652,304,1019.73,99.66,1.0
2895,13,14,2513,26,1019.72,72.52,1.0
2896,16,13,2516,32,1019.71,70.33,1.0
2897,176,15,2676,352,1019.63,104.5,1.0
2898,65,23,2565,130,1019.58,71.8,1.0
2899,33,13,2533,66,1019.57,79.33,1.0
2900,31,21,2531,62,1019.56,61.12,1.0
2901,106,22,2606,212,1019.56,79.35,1.0
2902,194,15,2694,388,1019.54,104.78,1.0
2903,90,23,2590,180,1019.53,73.84,1.0
2904,200,15,2700,400,1019.51,111.07,1.0
2905,102,14,2602,204,1019.5,90.03,1.0
2906,139,16,2639,278,1019.47,99.05,1.0
2907,15,13,2515,30,1019.41,68.95,1.0
2908,298,16,2798,596,1019.37,119.73,1.0
2909,35,14,2535,70,1019.36,79.88,1.0
2910,144,24,2644,288,1019.35,79.64,1.0
2911,149,14,2649,298,1019.33,99.93,1.0
2912,272,16,2772,544,1019.33,121.21,1.0
2913,112,23,2612,224,1019.28,81.08,1.0
2914,257,15,2757,514,1019.23,119.31,1.0
2915,214,24,2714,428,1019.16,93.65,1.0
2916,81,23,2581,162,1019.15,72.56,1.0
2917,132,14,2632,264,1019.12,99.83,1.0
2918,176,25,2676,352,1019.1,84.47,1.0
2919,33,22,2533,66,1019.08,68.64,1.0
2920,87,22,2587,174,1019.08,73.09,1.0
2921,257,27,2757,514,1019.05,90.71,1.0
2922,175,15,2675,350,1019.04,101.72,1.0
2923,57,15,2557,114,1019.02,80.89,1.0
2924,173,15,2673,346,1018.94,107.09,1.0
2925,46,21,2546,92,1018.93,65.59,1.0
2926,60,22,2560,120,1018.86,72.93,1.0
2927,69,22,2569,138,1018.8,69.12,1.0
2928,214,17,2714,428,1018.8,105.63,1.0
2929,230,25,2730,460,1018.8,89.9,1.0
2930,150,24,2650,300,1018.79,80.05,1.0
2931,47,22,2547,94,1018.77,65.61,1.0
2932,14,13,2514,28,1018.74,72.18,1.0
2933,28,22,2528,56,1018.71,62.33,1.0
2934,68,23,2568,136,1018.7,73.06,1.0
2935,256,27,2756,512,1018.69,87.97,1.0
2936,239,26,2739,478,1018.64,90.51,1.0
2937,97,23,2597,194,1018.58,71.29,1.0
2938,258,17,2758,516,1018.55,110.57,1.0
2939,2,13,2502,4,1018.54,66.11,1.0
2940,219,14,2719,438,1018.52,116.25,1.0
2941,28,13,2528,56,1018.48,73.35,1.0
2942,119,24,2619,238,1018.46,74.81,1.0
2943,189,25,2689,378,1018.41,85.13,1.0
2944,62,23,2562,124,1018.35,67.27,1.0
2945,101,23,2601,202,1018.34,74.14,1.0
2946,13,21,2513,26,1018.29,61.35,1.0
2947,251,27,2751,502,1018.26,90.28,1.0
2948,47,14,2547,94,1018.25,78.61,1.0
2949,147,15,2647,294,1018.2,102.13,1.0
2950,3,13,2503,6,1018.18,67.67,1.0
2951,86,23,2586,172,1018.13,71.6,1.0
2952,143,24,2643,286,1018.13,75.89,1.0
2953,71,13,2571,142,1018.12,90.02,1.0
2954,55,22,2555,110,1018.11,66.15,1.0
2955,65,13,2565,130,1018.07,86.29,1.0
2956,268,27,2768,536,1018.05,89.15,1.0
2957,264,26,2764,528,1018.04,90.71,1.0
2958,120,14,2620,240,1017.91,93.46,1.0
2959,117,22,2617,234,1017.87,81.82,1.0
2960,10,14,2510,20,1017.82,67.26,1.0
2961,280,16,2780,560,1017.82,119.36,1.0
2962,291,27,2791,582,1017.81,101.31,1.0
2963,102,23,2602,204,1017.8,77.67,1.0
2964,165,25,2665,330,1017.8,82.77,1.0
2965,24,21,2524,48,1017.79,63.77,1.0
2966,169,15,2669,338,1017.76,105.2,1.0
2967,140,14,2640,280,1017.73,96.47,1.0
2968,131,14,2631,262,1017.68,100.34,1.0
2969,128,15,2628,256,1017.65,95.68,1.0
2970,167,25,2667,334,1017.58,80.17,1.0
2971,82,14,2582,164,1017.53,81.54,1.0
2972,73,13,2573,146,1017.51,84.97,1.0
2973,162,25,2662,324,1017.48,75.83,1.0
2974,274,17,2774,548,1017.47,114.25,1.0
2975,163,25,2663,326,1017.45,78.98,1.0
2976,182,25,2682,364,1017.45,83.79,1.0
2977,233,14,2733,466,1017.35,114.27,1.0
2978,39,21,2539,78,1017.34,65.68,1.0
2979,206,15,2706,412,1017.31,110.6,1.0
2980,42,22,2542,84,1017.3,67.36,1.0
2981,235,27,2735,470,1017.25,83.19,1.0
2982,60,14,2560,120,1017.22,84.81,1.0
2983,251,15,2751,502,1017.22,112.91,1.0
2984,174,26,2674,348,1017.21,74.94,1.0
2985,12,13,2512,24,1017.19,72.59,1.0
2986,194,25,2694,388,1017.18,87.28,1.0
2987,146,14,2646,292,1017.17,94.29,1.0
2988,231,15,2731,462,1017.12,111.82,1.0
2989,112,15,2612,224,1017.11,83.74,1.0
2990,96,23,2596,192,1017.11,72.81,1.0
2991,11,21,2511,22,1017.05,59.28,1.0
2992,266,27,2766,532,1017.04,90.55,1.0
2993,273,16,2773,546,1017.04,120.96,1.0
2994,246,16,2746,492,1017.03,121.46,1.0
2995,180,15,2680,360,1017.01,99.07,1.0
2996,243,14,2743,486,1016.95,115.29,1.0
2997,18,13,2518,36,1016.94,71.54,1.0
2998,61,13,2561,122,1016.92,86.94,1.0
2999,125,14,2625,250,1016.91,96.7,1.0
3000,88,23,2588,176,1016.9,69.62,1.0
3001,108,24,2608,216,1016.84,71.93,1.0
3002,177,15,2677,354,1016.84,102.28,1.0
3003,279,27,2779,558,1016.81,88.36,1.0
3004,142,14,2642,284,1016.78,96.28,1.0
3005,57,22,2557,114,1016.67,68.6,1.0
3006,75,14,2575,150,1016.6,90.54,1.0
3007,149,25,2649,298,1016.6,76.79,1.0
3008,177,25,2677,354,1016.6,80.86,1.0
3009,252,16,2752,504,1016.6,114.2,1.0
3010,157,25,2657,314,1016.59,79.18,1.0
3011,63,14,2563,126,1016.58,83.13,1.0
3012,41,22,2541,82,1016.58,64.71,1.0
3013,295,28,2795,590,1016.55,87.81,1.0
3014,56,22,2556,112,1016.54,70.22,1.0
3015,92,15,2592,184,1016.51,93.48,1.0
3016,230,16,2730,460,1016.47,111.72,1.0
3017,125,24,2625,250,1016.42,76.52,1.0
3018,283,27,2783,566,1016.39,93.03,1.0
3019,164,17,2664,328,1016.34,98.87,1.0
3020,153,14,2653,306,1016.21,108.61,1.0
3021,8,14,2508,16,1016.2,65.37,1.0
3022,222,15,2722,444,1016.2,110.22,1.0
3023,213,26,2713,426,1016.17,89.16,1.0
3024,113,23,2613,226,1016.09,78.13,1.0
3025,196,25,2696,392,1016.07,83.79,1.0
3026,15,22,2515,30,1016.06,60.75,1.0
3027,158,24,2658,316,1016.06,76.57,1.0
3028,268,15,2768,536,1016.06,118.18,1.0
3029,139,23,2639,278,1016.02,79.96,1.0
3030,227,26,2727,454,1016.0,88.54,1.0
3031,90,14,2590,180,1015.95,89.07,1.0
3032,184,14,2684,368,1015.91,101.2,1.0
3033,241,26,2741,482,1015.9,92.63,1.0
3034,197,15,2697,394,1015.85,105.67,1.0
3035,185,15,2685,370,1015.84,111.08,1.0
3036,105,14,2605,210,1015.78,92.26,1.0
3037,178,24,2678,356,1015.73,84.23,1.0
3038,270,15,2770,540,1015.73,117.07,1.0
3039,52,23,2552,104,1015.69,67.39,1.0
3040,274,27,2774,548,1015.65,92.6,1.0
3041,10,21,2510,20,1015.6,57.01,1.0
3042,175,25,2675,350,1015.55,83.57,1.0
3043,83,14,2583,166,1015.54,90.96,1.0
3044,126,24,2626,252,1015.54,77.17,1.0
3045,254,27,2754,508,1015.54,89.09,1.0
3046,263,27,2763,526,1015.53,85.45,1.0
3047,11,13,2511,22,1015.52,71.54,1.0
3048,152,24,2652,304,1015.47,82.91,1.0
3049,277,26,2777,554,1015.47,99.67,1.0
3050,196,24,2696,392,1015.46,84.05,1.0
3051,249,27,2749,498,1015.44,86.97,1.0
3052,85,23,2585,170,1015.41,70.35,1.0
3053,27,22,2527,54,1015.38,62.77,1.0
3054,145,25,2645,290,1015.36,80.66,1.0
3055,172,15,2672,344,1015.33,101.6,1.0
3056,137,24,2637,274,1015.26,75.97,1.0
3057,99,14,2599,198,1015.19,93.51,1.0
3058,39,14,2539,78,1015.16,76.47,1.0
3059,132,24,2632,264,1015.15,75.51,1.0
3060,145,14,2645,290,1015.15,100.25,1.0
3061,37,22,2537,74,1015.13,63.16,1.0
3062,130,24,2630,260,1015.11,79.27,1.0
3063,155,25,2655,310,1015.11,85.39,1.0
3064,191,25,2691,382,1015.11,85.69,1.0
3065,172,25,2672,344,1015.04,78.63,1.0
3066,70,23,2570,140,1015.02,68.26,1.0
3067,25,13,2525,50,1014.99,74.02,1.0
3068,6,13,2506,12,1014.99,71.8,1.0
3069,38,13,2538,76,1014.91,77.5,1.0
3070,97,14,2597,194,1014.91,92.91,1.0
3071,256,15,2756,512,1014.89,119.21,1.0
3072,26,13,2526,52,1014.86,78.34,1.0
3073,123,24,2623,246,1014.86,75.38,1.0
3074,186,14,2686,372,1014.84,112.64,1.0
3075,246,26,2746,492,1014.82,94.42,1.0
3076,111,15,2611,222,1014.78,97.2,1.0
3077,155,15,2655,310,1014.76,102.35,1.0
3078,290,28,2790,580,1014.76,87.09,1.0
3079,71,23,2571,142,1014.75,68.14,1.0
3080,225,15,2725,450,1014.74,112.88,1.0
3081,291,16,2791,582,1014.72,120.33,1.0
3082,300,28,2800,600,1014.71,87.05,1.0
3083,273,27,2773,546,1014.62,84.94,1.0
3084,143,14,2643,286,1014.6,97.06,1.0
3085,21,22,2521,42,1014.58,64.02,1.0
3086,51,13,2551,102,1014.54,81.08,1.0
3087,50,23,2550,100,1014.54,68.36,1.0
3088,170,25,2670,340,1014.5,82.4,1.0
3089,208,26,2708,416,1014.49,82.6,1.0
3090,106,23,2606,212,1014.4,79.68,1.0
3091,204,15,2704,408,1014.37,109.75,1.0
3092,111,23,2611,222,1014.33,78.23,1.0
3093,216,26,2716,432,1014.28,83.75,1.0
3094,261,15,2761,522,1014.2,114.94,1.0
3095,270,16,2770,540,1014.15,114.5,1.0
3096,271,27,2771,542,1014.11,89.14,1.0
3097,161,15,2661,322,1014.08,104.56,1.0
3098,224,25,2724,448,1014.08,92.18,1.0
3099,151,25,2651,302,1014.03,79.49,1.0
3100,64,13,2564,128,1014.02,84.33,1.0
3101,108,13,2608,216,1014.0,95.66,1.0
3102,45,13,2545,90,1013.99,79.26,1.0
3103,122,24,2622,244,1013.99,72.78,1.0
3104,264,16,2764,528,1013.98,114.12,1.0
3105,55,13,2555,110,1013.95,78.12,1.0
3106,6,22,2506,12,1013.92,59.82,1.0
3107,20,13,2520,40,1013.92,74.76,1.0
3108,68,13,2568,136,1013.92,83.45,1.0
3109,144,14,2644,288,1013.91,99.12,1.0
3110,136,15,2636,272,1013.9,97.5,1.0
3111,293,17,2793,586,1013.88,119.15,1.0
3112,219,27,2719,438,1013.86,80.38,1.0
3113,20,22,2520,40,1013.84,63.21,1.0
3114,129,24,2629,258,1013.82,78.36,1.0
3115,281,27,2781,562,1013.82,92.09,1.0
3116,77,14,2577,154,1013.81,86.49,1.0
3117,215,14,2715,430,1013.8,116.71,1.0
3118,230,26,2730,460,1013.79,91.33,1.0
3119,26,22,2526,52,1013.74,66.81,1.0
3120,87,14,2587,174,1013.74,93.36,1.0
3121,107,23,2607,214,1013.73,71.88,1.0
3122,203,15,2703,406,1013.72,112.92,1.0
3123,192,25,2692,384,1013.68,82.97,1.0
3124,147,24,2647,294,1013.6,80.69,1.0
3125,169,25,2669,338,1013.6,78.79,1.0
3126,196,15,2696,392,1013.6,105.97,1.0
3127,270,28,2770,540,1013.51,85.37,1.0
3128,22,13,2522,44,1013.48,75.57,1.0
3129,16,22,2516,32,1013.47,61.0,1.0
3130,44,13,2544,88,1013.45,76.7,1.0
3131,141,24,2641,282,1013.45,81.15,1.0
3132,46,14,2546,92,1013.37,75.43,1.0
3133,33,12,2533,66,1013.32,76.92,1.0
3134,284,15,2784,568,1013.29,113.86,1.0
3135,289,15,2789,578,1013.29,125.16,1.0
3136,93,13,2593,186,1013.27,88.98,1.0
3137,67,13,2567,134,1013.25,81.34,1.0
3138,190,25,2690,380,1013.25,86.41,1.0
3139,103,13,2603,206,1013.22,90.41,1.0
3140,173,25,2673,346,1013.16,80.74,1.0
3141,214,25,2714,428,1013.16,88.0,1.0
3142,207,26,2707,414,1013.16,80.33,1.0
3143,286,15,2786,572,1013.1,125.71,1.0
3144,223,15,2723,446,1013.08,115.69,1.0
3145,204,26,2704,408,1013.07,82.74,1.0
3146,141,15,2641,282,1013.05,102.85,1.0
3147,64,23,2564,128,1013.03,70.29,1.0
3148,67,23,2567,134,1012.96,68.2,1.0
3149,296,27,2796,592,1012.95,91.01,1.0
3150,154,25,2654,308,1012.92,82.33,1.0
3151,198,15,2698,396,1012.92,107.45,1.0
3152,201,26,2701,402,1012.92,83.59,1.0
3153,206,26,2706,412,1012.87,84.38,1.0
3154,190,15,2690,380,1012.83,109.01,1.0
3155,69,13,2569,138,1012.82,80.73,1.0
3156,58,13,2558,116,1012.75,79.68,1.0
3157,104,23,2604,208,1012.74,75.7,1.0
3158,10,13,2510,20,1012.72,73.05,1.0
3159,104,15,2604,208,1012.66,89.96,1.0
3160,188,16,2688,376,1012.62,104.86,1.0
3161,212,26,2712,424,1012.62,89.97,1.0
3162,187,25,2687,374,1012.57,83.28,1.0
3163,48,14,2548,96,1012.51,81.8,1.0
3164,236,15,2736,472,1012.5,118.08,1.0
3165,1,12,2501,2,1012.45,70.15,1.0
3166,133,25,2633,266,1012.45,75.37,1.0
3167,250,14,2750,500,1012.41,121.64,1.0
3168,249,15,2749,498,1012.39,121.94,1.0
3169,259,27,2759,518,1012.38,90.41,1.0
3170,98,13,2598,196,1012.36,92.47,1.0
3171,89,23,2589,178,1012.29,73.38,1.0
3172,250,27,2750,500,1012.29,83.34,1.0
3173,42,13,2542,84,1012.24,83.73,1.0
3174,23,22,2523,46,1012.24,64.92,1.0
3175,54,23,2554,108,1012.24,62.87,1.0
3176,263,15,2763,526,1012.2,116.42,1.0
3177,14,22,2514,28,1012.18,60.61,1.0
3178,232,14,2732,464,1012.16,116.85,1.0
3179,161,24,2661,322,1012.15,83.83,1.0
3180,284,28,2784,568,1012.04,86.48,1.0
3181,78,13,2578,156,1012.03,86.58,1.0
3182,76,22,2576,152,1011.99,69.72,1.0
3183,54,13,2554,108,1011.95,81.94,1.0
3184,5,13,2505,10,1011.94,71.88,1.0
3185,118,14,2618,236,1011.93,95.08,1.0
3186,21,12,2521,42,1011.88,79.03,1.0
3187,27,12,2527,54,1011.88,72.83,1.0
3188,253,27,2753,506,1011.86,89.57,1.0
3189,199,26,2699,398,1011.78,84.2,1.0
3190,78,23,2578,156,1011.73,68.33,1.0
3191,109,14,2609,218,1011.73,86.8,1.0
3192,107,14,2607,214,1011.71,89.44,1.0
3193,198,26,2698,396,1011.71,80.81,1.0
3194,17,13,2517,34,1011.69,74.12,1.0
3195,286,28,2786,572,1011.65,89.04,1.0
3196,92,14,2592,184,1011.49,92.77,1.0
3197,255,15,2755,510,1011.4,122.5,1.0
3198,142,25,2642,284,1011.37,76.04,1.0
3199,109,24,2609,218,1011.32,77.02,1.0
3200,292,28,2792,584,1011.3,92.99,1.0
3201,276,15,2776,552,1011.28,126.93,1.0
3202,116,15,2616,232,1011.23,88.49,1.0
3203,124,24,2624,248,1011.22,71.61,1.0
3204,242,16,2742,484,1011.1,107.84,1.0
3205,171,15,2671,342,1010.98,100.35,1.0
3206,16,12,2516,32,1010.94,72.79,1.0
3207,128,24,2628,256,1010.93,77.94,1.0
3208,258,26,2758,516,1010.9,84.28,1.0
3209,12,22,2512,24,1010.78,62.91,1.0
3210,278,16,2778,556,1010.78,123.61,1.0
3211,80,23,2580,160,1010.77,73.01,1.0
3212,241,15,2741,482,1010.75,119.61,1.0
3213,264,15,2764,528,1010.73,120.59,1.0
3214,214,16,2714,428,1010.71,109.4,1.0
3215,242,26,2742,484,1010.71,89.76,1.0
3216,290,15,2790,580,1010.71,119.81,1.0
3217,122,14,2622,244,1010.68,95.41,1.0
3218,146,25,2646,292,1010.68,81.47,1.0
3219,278,27,2778,556,1010.68,89.15,1.0
3220,49,13,2549,98,1010.64,84.05,1.0
3221,168,25,2668,336,1010.58,82.72,1.0
3222,240,27,2740,480,1010.58,90.79,1.0
3223,171,25,2671,342,1010.56,80.34,1.0
3224,271,16,2771,542,1010.56,114.61,1.0
3225,30,22,2530,60,1010.52,65.57,1.0
3226,136,24,2636,272,1010.52,76.94,1.0
3227,166,14,2666,332,1010.47,98.79,1.0
3228,34,22,2534,68,1010.42,63.53,1.0
3229,18,22,2518,36,1010.42,57.99,1.0
3230,223,26,2723,446,1010.41,92.29,1.0
3231,244,26,2744,488,1010.41,91.58,1.0
3232,170,14,2670,340,1010.37,107.59,1.0
3233,44,23,2544,88,1010.34,62.62,1.0
3234,77,23,2577,154,1010.32,72.37,1.0
3235,5,21,2505,10,1010.31,61.75,1.0
3236,73,23,2573,146,1010.26,74.61,1.0
3237,285,28,2785,570,1010.26,94.66,1.0
3238,89,13,2589,178,1010.25,91.95,1.0
3239,2,22,2502,4,1010.22,57.38,1.0
3240,277,27,2777,554,1010.18,94.72,1.0
3241,152,15,2652,304,1010.17,105.87,1.0
3242,79,22,2579,158,1010.15,69.12,1.0
3243,126,13,2626,252,1010.11,98.95,1.0
3244,164,24,2664,328,1010.11,89.98,1.0
3245,297,29,2797,594,1010.0,92.43,1.0
3246,30,13,2530,60,1009.96,77.87,1.0
3247,213,15,2713,426,1009.96,114.7,1.0
3248,289,28,2789,578,1009.92,89.46,1.0
3249,222,26,2722,444,1009.89,90.7,1.0
3250,178,25,2678,356,1009.88,80.92,1.0
3251,43,13,2543,86,1009.86,77.61,1.0
3252,139,24,2639,278,1009.86,76.7,1.0
3253,40,22,2540,80,1009.82,62.71,1.0
3254,287,15,2787,574,1009.82,124.51,1.0
3255,208,14,2708,416,1009.8,111.37,1.0
3256,193,26,2693,386,1009.77,83.09,1.0
3257,93,24,2593,186,1009.76,69.71,1.0
3258,160,14,2660,320,1009.75,100.71,1.0
3259,95,13,2595,190,1009.7,89.61,1.0
3260,105,24,2605,210,1009.7,75.29,1.0
3261,234,27,2734,468,1009.6,88.66,1.0
3262,172,14,2672,344,1009.52,101.54,1.0
3263,297,15,2797,594,1009.49,126.21,1.0
3264,84,23,2584,168,1009.48,71.11,1.0
3265,45,23,2545,90,1009.46,63.37,1.0
3266,202,14,2702,404,1009.46,112.83,1.0
3267,57,14,2557,114,1009.45,84.69,1.0
3268,56,13,2556,112,1009.43,83.52,1.0
3269,35,22,2535,70,1009.43,62.8,1.0
3270,135,24,2635,270,1009.41,78.9,1.0
3271,181,25,2681,362,1009.41,83.94,1.0
3272,205,26,2705,410,1009.39,88.03,1.0
3273,9,22,2509,18,1009.36,58.66,1.0
3274,131,25,2631,262,1009.36,77.34,1.0
3275,75,23,2575,150,1009.29,69.85,1.0
3276,189,15,2689,378,1009.29,108.46,1.0
3277,203,26,2703,406,1009.29,84.72,1.0
3278,120,24,2620,240,1009.26,76.7,1.0
3279,228,14,2728,456,1009.21,122.29,1.0
3280,197,26,2697,394,1009.18,81.96,1.0
3281,7,12,2507,14,1009.15,73.49,1.0
3282,92,23,2592,184,1009.15,76.04,1.0
3283,76,14,2576,152,1009.07,90.07,1.0
3284,140,25,2640,280,1009.07,77.72,1.0
3285,88,13,2588,176,1009.05,88.16,1.0
3286,266,15,2766,532,1009.05,117.91,1.0
3287,282,28,2782,564,1009.03,86.97,1.0
3288,101,14,2601,202,1009.01,95.91,1.0
3289,98,23,2598,196,1008.98,70.67,1.0
3290,201,15,2701,402,1008.94,109.29,1.0
3291,259,15,2759,518,1008.91,121.91,1.0
3292,225,26,2725,450,1008.9,86.62,1.0
3293,53,23,2553,106,1008.87,66.55,1.0
3294,178,15,2678,356,1008.86,105.58,1.0
3295,188,25,2688,376,1008.8,84.92,1.0
3296,200,26,2700,400,1008.8,85.12,1.0
3297,292,16,2792,584,1008.77,124.04,1.0
3298,19,13,2519,38,1008.75,73.09,1.0
3299,83,23,2583,166,1008.72,73.88,1.0
3300,199,14,2699,398,1008.66,111.47,1.0
3301,106,14,2606,212,1008.61,93.29,1.0
3302,103,24,2603,206,1008.57,71.9,1.0
3303,62,12,2562,124,1008.56,86.93,1.0
3304,264,27,2764,528,1008.56,88.91,1.0
3305,275,28,2775,550,1008.55,92.8,1.0
3306,120,13,2620,240,1008.53,96.54,1.0
3307,59,13,2559,118,1008.51,85.72,1.0
3308,137,14,2637,274,1008.43,93.9,1.0
3309,164,16,2664,328,1008.39,102.48,1.0
3310,74,14,2574,148,1008.33,86.96,1.0
3311,159,25,2659,318,1008.32,82.44,1.0
3312,39,22,2539,78,1008.27,65.98,1.0
3313,185,26,2685,370,1008.23,82.2,1.0
3314,186,26,2686,372,1008.02,83.53,1.0
3315,260,14,2760,520,1008.02,125.0,1.0
3316,72,23,2572,144,1008.01,75.76,1.0
3317,91,13,2591,182,1008.0,88.73,1.0
3318,233,27,2733,466,1008.0,88.48,1.0
3319,36,12,2536,72,1007.97,77.92,1.0
3320,104,14,2604,208,1007.92,93.85,1.0
3321,39,13,2539,78,1007.9,77.58,1.0
3322,129,14,2629,258,1007.78,101.35,1.0
3323,224,15,2724,448,1007.76,110.85,1.0
3324,159,14,2659,318,1007.75,108.05,1.0
3325,207,15,2707,414,1007.73,108.09,1.0
3326,117,15,2617,234,1007.67,96.66,1.0
3327,239,15,2739,478,1007.67,120.48,1.0
3328,118,24,2618,236,1007.66,76.32,1.0
3329,299,28,2799,598,1007.66,90.43,1.0
3330,22,22,2522,44,1007.65,64.08,1.0
3331,127,13,2627,254,1007.63,96.65,1.0
3332,281,16,2781,562,1007.58,119.71,1.0
3333,112,24,2612,224,1007.56,73.69,1.0
3334,31,22,2531,62,1007.55,63.98,1.0
3335,117,23,2617,234,1007.54,84.45,1.0
3336,247,14,2747,494,1007.53,119.98,1.0
3337,82,13,2582,164,1007.46,87.74,1.0
3338,217,16,2717,434,1007.42,111.04,1.0
3339,25,22,2525,50,1007.41,64.6,1.0
3340,243,27,2743,486,1007.41,89.88,1.0
3341,239,27,2739,478,1007.41,86.65,1.0
3342,50,12,2550,100,1007.37,79.97,1.0
3343,17,22,2517,34,1007.34,61.3,1.0
3344,95,24,2595,190,1007.34,70.16,1.0
3345,139,15,2639,278,1007.34,96.85,1.0
3346,148,25,2648,296,1007.2,75.88,1.0
3347,265,28,2765,530,1007.2,93.27,1.0
3348,212,15,2712,424,1007.17,112.26,1.0
3349,296,17,2796,592,1007.17,118.82,1.0
3350,138,25,2638,276,1007.16,77.71,1.0
3351,202,26,2702,404,1007.09,85.43,1.0
3352,240,14,2740,480,1007.02,121.47,1.0
3353,293,28,2793,586,1007.0,88.89,1.0
3354,9,12,2509,18,1006.96,71.76,1.0
3355,124,14,2624,248,1006.96,98.82,1.0
3356,288,15,2788,576,1006.95,130.16,1.0
3357,128,14,2628,256,1006.94,99.89,1.0
3358,7,22,2507,14,1006.89,61.3,1.0
3359,179,25,2679,358,1006.89,85.52,1.0
3360,56,23,2556,112,1006.88,67.52,1.0
3361,96,14,2596,192,1006.87,89.21,1.0
3362,138,14,2638,276,1006.85,96.35,1.0
3363,157,14,2657,314,1006.81,104.97,1.0
3364,3,22,2503,6,1006.8,60.76,1.0
3365,192,15,2692,384,1006.79,112.22,1.0
3366,0,12,2500,0,1006.76,68.98,1.0
3367,99,24,2599,198,1006.73,74.19,1.0
3368,177,14,2677,354,1006.54,109.21,1.0
3369,197,14,2697,394,1006.52,105.5,1.0
3370,116,24,2616,232,1006.46,71.04,1.0
3371,237,27,2737,474,1006.45,84.1,1.0
3372,40,13,2540,80,1006.43,79.33,1.0
3373,150,14,2650,300,1006.41,96.47,1.0
3374,94,24,2594,188,1006.4,75.72,1.0
3375,275,15,2775,550,1006.39,124.13,1.0
3376,166,25,2666,332,1006.33,73.98,1.0
3377,8,13,2508,16,1006.3,68.82,1.0
3378,8,21,2508,16,1006.29,57.19,1.0
3379,220,26,2720,440,1006.29,80.49,1.0
3380,110,13,2610,220,1006.26,92.15,1.0
3381,153,25,2653,306,1006.25,80.3,1.0
3382,285,15,2785,570,1006.24,120.55,1.0
3383,101,24,2601,202,1006.19,75.98,1.0
3384,152,25,2652,304,1006.19,81.25,1.0
3385,81,13,2581,162,1006.17,91.27,1.0
3386,195,13,2695,390,1006.17,113.23,1.0
3387,221,26,2721,442,1006.13,88.69,1.0
3388,13,22,2513,26,1006.1,59.19,1.0
3389,63,23,2563,126,1006.05,67.2,1.0
3390,269,27,2769,538,1006.04,97.5,1.0
3391,107,24,2607,214,1006.03,71.75,1.0
3392,121,14,2621,242,1006.02,98.32,1.0
3393,146,13,2646,292,1005.94,97.79,1.0
3394,38,23,2538,76,1005.92,63.75,1.0
3395,66,24,2566,132,1005.91,67.89,1.0
3396,94,13,2594,188,1005.9,95.33,1.0
3397,162,14,2662,324,1005.88,103.42,1.0
3398,58,23,2558,116,1005.86,69.68,1.0
3399,221,15,2721,442,1005.84,109.23,1.0
3400,210,14,2710,420,1005.8,112.25,1.0
3401,125,13,2625,250,1005.7,98.89,1.0
3402,37,13,2537,74,1005.62,79.61,1.0
3403,100,13,2600,200,1005.59,88.98,1.0
3404,150,25,2650,300,1005.54,78.2,1.0
3405,294,15,2794,588,1005.54,128.55,1.0
3406,10,22,2510,20,1005.47,60.16,1.0
3407,60,13,2560,120,1005.46,85.79,1.0
3408,83,13,2583,166,1005.43,88.16,1.0
3409,175,14,2675,350,1005.43,103.13,1.0
3410,51,23,2551,102,1005.31,68.77,1.0
3411,183,14,2683,366,1005.25,111.3,1.0
3412,163,14,2663,326,1005.16,101.13,1.0
3413,84,13,2584,168,1005.11,89.73,1.0
3414,130,14,2630,260,1005.04,97.77,1.0
3415,272,15,2772,544,1004.98,121.19,1.0
3416,148,14,2648,296,1004.95,105.31,1.0
3417,43,23,2543,86,1004.92,66.88,1.0
3418,115,24,2615,230,1004.92,79.0,1.0
3419,267,16,2767,534,1004.91,125.57,1.0
3420,167,13,2667,334,1004.87,107.08,1.0
3421,226,27,2726,452,1004.84,89.58,1.0
3422,33,23,2533,66,1004.82,65.03,1.0
3423,298,28,2798,596,1004.82,93.81,1.0
3424,114,25,2614,228,1004.78,71.98,1.0
3425,4,22,2504,8,1004.76,57.64,1.0
3426,18,12,2518,36,1004.69,74.31,1.0
3427,149,13,2649,298,1004.59,101.74,1.0
3428,254,14,2754,508,1004.59,124.83,1.0
3429,180,14,2680,360,1004.57,98.29,1.0
3430,198,14,2698,396,1004.57,111.36,1.0
3431,195,26,2695,390,1004.56,85.2,1.0
3432,36,23,2536,72,1004.51,62.37,1.0
3433,185,14,2685,370,1004.5,109.94,1.0
3434,100,24,2600,200,1004.36,76.84,1.0
3435,11,22,2511,22,1004.29,56.27,1.0
3436,215,27,2715,430,1004.21,85.78,1.0
3437,24,12,2524,48,1004.19,76.21,1.0
3438,47,13,2547,94,1004.18,77.04,1.0
3439,187,14,2687,374,1004.17,104.42,1.0
3440,2,12,2502,4,1004.16,68.33,1.0
3441,267,27,2767,534,1004.11,93.29,1.0
3442,4,12,2504,8,1004.1,70.72,1.0
3443,156,25,2656,312,1004.1,79.03,1.0
3444,158,14,2658,316,1004.07,102.51,1.0
3445,72,13,2572,144,1004.06,87.63,1.0
3446,248,14,2748,496,1004.06,128.19,1.0
3447,252,27,2752,504,1003.98,94.9,1.0
3448,295,15,2795,590,1003.97,133.38,1.0
3449,144,25,2644,288,1003.96,73.15,1.0
3450,258,16,2758,516,1003.96,114.8,1.0
3451,238,14,2738,476,1003.95,119.87,1.0
3452,227,27,2727,454,1003.94,87.82,1.0
3453,15,12,2515,30,1003.86,73.75,1.0
3454,31,13,2531,62,1003.83,71.32,1.0
3455,68,24,2568,136,1003.82,71.98,1.0
3456,101,13,2601,202,1003.79,98.82,1.0
3457,216,27,2716,432,1003.76,82.43,1.0
3458,280,28,2780,560,1003.75,86.42,1.0
3459,102,24,2602,204,1003.7,71.13,1.0
3460,218,26,2718,436,1003.59,84.45,1.0
3461,136,14,2636,272,1003.49,99.87,1.0
3462,23,12,2523,46,1003.48,76.31,1.0
3463,69,23,2569,138,1003.47,68.89,1.0
3464,253,15,2753,506,1003.37,112.2,1.0
3465,156,14,2656,312,1003.35,104.25,1.0
3466,91,24,2591,182,1003.31,74.46,1.0
3467,177,26,2677,354,1003.3,87.0,1.0
3468,183,26,2683,366,1003.25,80.37,1.0
3469,71,12,2571,142,1003.24,87.5,1.0
3470,46,22,2546,92,1003.15,65.94,1.0
3471,82,24,2582,164,1003.14,70.3,1.0
3472,87,23,2587,174,1003.11,76.81,1.0
3473,154,14,2654,308,1003.08,100.4,1.0
3474,11,12,2511,22,1003.05,72.39,1.0
3475,24,22,2524,48,1003.02,62.08,1.0
3476,62,24,2562,124,1002.9,65.37,1.0
3477,231,27,2731,462,1002.81,88.16,1.0
3478,71,24,2571,142,1002.74,69.0,1.0
3479,222,14,2722,444,1002.74,117.44,1.0
3480,19,22,2519,38,1002.71,61.39,1.0
3481,234,14,2734,468,1002.69,119.8,1.0
3482,245,28,2745,490,1002.67,81.77,1.0
3483,41,12,2541,82,1002.66,78.36,1.0
3484,112,14,2612,224,1002.6,90.93,1.0
3485,174,14,2674,348,1002.47,107.98,1.0
3486,199,13,2699,398,1002.46,110.99,1.0
3487,113,14,2613,226,1002.45,94.55,1.0
3488,110,24,2610,220,1002.45,71.14,1.0
3489,226,14,2726,452,1002.43,114.26,1.0
3490,176,14,2676,352,1002.41,105.83,1.0
3491,181,14,2681,362,1002.32,103.37,1.0
3492,291,15,2791,582,1002.29,125.57,1.0
3493,279,16,2779,558,1002.28,118.9,1.0
3494,119,25,2619,238,1002.27,78.97,1.0
3495,134,13,2634,268,1002.22,94.71,1.0
3496,125,25,2625,250,1002.2,74.72,1.0
3497,194,14,2694,388,1002.19,107.8,1.0
3498,49,23,2549,98,1002.06,70.15,1.0
3499,29,12,2529,58,1002.05,78.58,1.0
3500,41,23,2541,82,1002.04,63.94,1.0
3501,207,14,2707,414,1002.04,109.79,1.0
3502,273,15,2773,546,1002.03,119.51,1.0
3503,59,23,2559,118,1002.02,67.64,1.0
3504,294,28,2794,588,1001.98,95.57,1.0
3505,228,27,2728,456,1001.95,87.06,1.0
3506,169,14,2669,338,1001.93,104.24,1.0
3507,34,13,2534,68,1001.92,77.13,1.0
3508,86,24,2586,172,1001.84,67.36,1.0
3509,217,26,2717,434,1001.84,87.93,1.0
3510,191,15,2691,382,1001.75,107.6,1.0
3511,262,28,2762,524,1001.75,87.77,1.0
3512,246,15,2746,492,1001.7,124.06,1.0
3513,135,14,2635,270,1001.69,99.14,1.0
3514,123,13,2623,246,1001.68,94.36,1.0
3515,134,25,2634,268,1001.64,78.59,1.0
3516,191,26,2691,382,1001.64,83.2,1.0
3517,147,14,2647,294,1001.63,99.18,1.0
3518,90,13,2590,180,1001.58,93.22,1.0
3519,5,12,2505,10,1001.51,70.53,1.0
3520,292,15,2792,584,1001.5,130.96,1.0
3521,61,23,2561,122,1001.47,69.5,1.0
3522,52,12,2552,104,1001.43,88.71,1.0
3523,179,14,2679,358,1001.41,108.43,1.0
3524,26,12,2526,52,1001.39,76.85,1.0
3525,90,24,2590,180,1001.33,72.26,1.0
3526,220,15,2720,440,1001.33,109.28,1.0
3527,48,13,2548,96,1001.31,83.92,1.0
3528,218,15,2718,436,1001.28,114.28,1.0
3529,53,12,2553,106,1001.22,83.28,1.0
3530,60,23,2560,120,1001.22,69.78,1.0
3531,268,28,2768,536,1001.21,86.19,1.0
3532,76,23,2576,152,1001.18,72.37,1.0
3533,96,24,2596,192,1001.17,68.56,1.0
3534,235,28,2735,470,1001.16,84.02,1.0
3535,229,27,2729,458,1001.15,85.06,1.0
3536,76,13,2576,152,1001.09,88.19,1.0
3537,13,13,2513,26,1001.08,74.57,1.0
3538,17,12,2517,34,1001.06,75.15,1.0
3539,215,13,2715,430,1000.85,115.53,1.0
3540,242,15,2742,484,1000.84,111.42,1.0
3541,132,13,2632,264,1000.82,99.44,1.0
3542,205,13,2705,410,1000.8,109.76,1.0
3543,115,13,2615,230,1000.65,95.91,1.0
3544,3,12,2503,6,1000.64,74.06,1.0
3545,79,14,2579,158,1000.64,83.22,1.0
3546,51,12,2551,102,1000.63,79.4,1.0
3547,160,25,2660,320,1000.59,79.11,1.0
3548,105,13,2605,210,1000.58,92.74,1.0
3549,32,12,2532,64,1000.55,74.42,1.0
3550,0,22,2500,0,1000.51,59.62,1.0
3551,77,13,2577,154,1000.5,87.18,1.0
3552,107,13,2607,214,1000.49,93.24,1.0
3553,206,14,2706,412,1000.49,113.08,1.0
3554,75,24,2575,150,1000.47,69.2,1.0
3555,293,16,2793,586,1000.46,120.27,1.0
3556,102,13,2602,204,1000.41,93.2,1.0
3557,179,26,2679,358,1000.41,82.9,1.0
3558,96,13,2596,192,1000.37,86.64,1.0
3559,57,23,2557,114,1000.34,63.77,1.0
3560,108,12,2608,216,1000.33,94.07,1.0
3561,236,27,2736,472,1000.33,87.26,1.0
3562,42,23,2542,84,1000.32,65.13,1.0
3563,256,14,2756,512,1000.31,120.33,1.0
3564,5,22,2505,10,1000.27,61.76,1.0
3565,14,12,2514,28,1000.22,72.81,1.0
3566,89,24,2589,178,1000.13,76.84,1.0
3567,296,16,2796,592,1000.1,123.11,1.0
3568,79,23,2579,158,999.99,72.7,1.0
3569,227,14,2727,454,999.92,114.81,1.0
3570,119,13,2619,238,999.9,96.38,1.0
3571,28,12,2528,56,999.89,74.67,1.0
3572,173,14,2673,346,999.89,105.85,1.0
3573,147,25,2647,294,999.88,79.44,1.0
3574,224,26,2724,448,999.87,89.48,1.0
3575,75,13,2575,150,999.85,88.98,1.0
3576,168,13,2668,336,999.84,101.29,1.0
3577,204,14,2704,408,999.8,110.28,1.0
3578,55,23,2555,110,999.79,67.7,1.0
3579,291,28,2791,582,999.73,91.87,1.0
3580,15,23,2515,30,999.72,60.06,1.0
3581,88,24,2588,176,999.66,71.69,1.0
3582,46,13,2546,92,999.6,78.76,1.0
3583,230,15,2730,460,999.59,114.72,1.0
3584,288,28,2788,576,999.53,92.08,1.0
3585,141,25,2641,282,999.48,79.1,1.0
3586,209,27,2709,418,999.46,84.08,1.0
3587,47,23,2547,94,999.45,67.27,1.0
3588,152,14,2652,304,999.42,101.62,1.0
3589,85,24,2585,170,999.4,69.57,1.0
3590,114,13,2614,228,999.31,96.42,1.0
3591,121,24,2621,242,999.3,77.28,1.0
3592,296,28,2796,592,999.3,92.47,1.0
3593,276,28,2776,552,999.27,89.0,1.0
3594,122,13,2622,244,999.21,98.51,1.0
3595,182,14,2682,364,999.2,108.74,1.0
3596,70,24,2570,140,999.14,70.84,1.0
3597,283,15,2783,566,999.14,123.2,1.0
3598,54,12,2554,108,999.09,87.55,1.0
3599,42,12,2542,84,999.02,85.16,1.0
3600,211,14,2711,422,999.01,112.61,1.0
3601,186,13,2686,372,998.92,114.15,1.0
3602,184,26,2684,368,998.9,81.42,1.0
3603,104,24,2604,208,998.89,71.53,1.0
3604,81,24,2581,162,998.88,71.29,1.0
3605,240,28,2740,480,998.82,85.14,1.0
3606,74,23,2574,148,998.78,67.99,1.0
3607,201,14,2701,402,998.78,113.06,1.0
3608,164,25,2664,328,998.75,85.54,1.0
3609,127,25,2627,254,998.72,78.45,1.0
3610,28,23,2528,56,998.67,60.71,1.0
3611,284,14,2784,568,998.63,124.07,1.0
3612,277,15,2777,554,998.57,127.39,1.0
3613,210,27,2710,420,998.54,86.36,1.0
3614,64,24,2564,128,998.45,66.04,1.0
3615,22,12,2522,44,998.42,74.77,1.0
3616,132,25,2632,264,998.38,80.54,1.0
3617,257,14,2757,514,998.36,117.57,1.0
3618,244,27,2744,488,998.28,91.53,1.0
3619,280,15,2780,560,998.22,119.9,1.0
3620,158,25,2658,316,998.12,78.59,1.0
3621,1,23,2501,2,998.11,59.65,1.0
3622,281,28,2781,562,998.11,90.02,1.0
3623,173,26,2673,346,998.1,84.77,1.0
3624,25,12,2525,50,998.08,75.12,1.0
3625,203,14,2703,406,998.06,119.76,1.0
3626,213,27,2713,426,998.06,83.02,1.0
3627,214,15,2714,428,998.04,107.83,1.0
3628,248,28,2748,496,998.0,86.59,1.0
3629,137,25,2637,274,997.95,78.77,1.0
3630,180,26,2680,360,997.94,80.5,1.0
3631,202,13,2702,404,997.94,118.37,1.0
3632,85,13,2585,170,997.92,87.58,1.0
3633,262,14,2762,524,997.89,118.8,1.0
3634,265,14,2765,530,997.89,120.33,1.0
3635,281,15,2781,562,997.88,122.95,1.0
3636,266,28,2766,532,997.84,86.89,1.0
3637,167,26,2667,334,997.83,79.79,1.0
3638,48,23,2548,96,997.82,65.37,1.0
3639,252,15,2752,504,997.8,124.39,1.0
3640,272,28,2772,544,997.73,90.96,1.0
3641,278,28,2778,556,997.73,88.17,1.0
3642,97,13,2597,194,997.55,96.18,1.0
3643,255,28,2755,510,997.5,88.2,1.0
3644,142,13,2642,284,997.4,100.27,1.0
3645,153,13,2653,306,997.37,104.97,1.0
3646,182,26,2682,364,997.35,82.26,1.0
3647,259,28,2759,518,997.33,88.69,1.0
3648,80,13,2580,160,997.32,88.29,1.0
3649,200,14,2700,400,997.31,108.67,1.0
3650,111,24,2611,222,997.3,78.96,1.0
3651,108,25,2608,216,997.25,70.27,1.0
3652,154,26,2654,308,997.23,79.58,1.0
3653,211,27,2711,422,997.2,81.9,1.0
3654,161,25,2661,322,997.17,83.6,1.0
3655,29,23,2529,58,997.1,64.97,1.0
3656,12,12,2512,24,997.1,74.36,1.0
3657,244,15,2744,488,997.09,121.71,1.0
3658,32,23,2532,64,997.03,59.92,1.0
3659,93,12,2593,186,997.03,90.92,1.0
3660,231,14,2731,462,997.03,115.08,1.0
3661,300,14,2800,600,997.02,128.37,1.0
3662,194,26,2694,388,997.01,84.76,1.0
3663,259,14,2759,518,997.0,126.49,1.0
3664,139,14,2639,278,996.99,105.49,1.0
3665,113,13,2613,226,996.98,93.97,1.0
3666,232,27,2732,464,996.95,84.42,1.0
3667,187,26,2687,374,996.93,82.14,1.0
3668,130,25,2630,260,996.9,77.94,1.0
3669,63,13,2563,126,996.89,86.89,1.0
3670,261,28,2761,522,996.88,88.93,1.0
3671,23,23,2523,46,996.85,64.98,1.0
3672,21,23,2521,42,996.82,61.82,1.0
3673,111,14,2611,222,996.8,95.55,1.0
3674,184,13,2684,368,996.77,107.98,1.0
3675,57,13,2557,114,996.6,89.31,1.0
3676,10,12,2510,20,996.6,70.33,1.0
3677,161,14,2661,322,996.5,103.39,1.0
3678,157,13,2657,314,996.48,97.4,1.0
3679,61,12,2561,122,996.45,90.3,1.0
3680,260,28,2760,520,996.45,85.89,1.0
3681,190,26,2690,380,996.42,81.3,1.0
3682,2,23,2502,4,996.35,58.15,1.0
3683,35,23,2535,70,996.33,61.68,1.0
3684,18,23,2518,36,996.32,59.96,1.0
3685,214,26,2714,428,996.3,88.25,1.0
3686,129,25,2629,258,996.22,78.4,1.0
3687,65,12,2565,130,996.19,87.98,1.0
3688,204,27,2704,408,996.18,80.78,1.0
3689,229,14,2729,458,996.15,110.97,1.0
3690,289,14,2789,578,996.08,126.08,1.0
3691,117,24,2617,234,996.05,75.25,1.0
3692,290,29,2790,580,996.02,83.58,1.0
3693,145,26,2645,290,995.88,74.19,1.0
3694,271,28,2771,542,995.86,85.03,1.0
3695,258,27,2758,516,995.82,87.84,1.0
3696,121,13,2621,242,995.8,102.23,1.0
3697,267,15,2767,534,995.79,127.64,1.0
3698,68,12,2568,136,995.77,83.68,1.0
3699,155,14,2655,310,995.7,105.63,1.0
3700,193,14,2693,386,995.69,110.31,1.0
3701,208,27,2708,416,995.62,81.7,1.0
3702,268,14,2768,536,995.54,127.14,1.0
3703,175,26,2675,350,995.51,81.07,1.0
3704,297,14,2797,594,995.51,124.41,1.0
3705,241,27,2741,482,995.5,90.62,1.0
3706,155,26,2655,310,995.49,77.8,1.0
3707,65,24,2565,130,995.48,68.48,1.0
3708,37,23,2537,74,995.47,60.87,1.0
3709,245,14,2745,490,995.45,120.54,1.0
3710,247,28,2747,494,995.4,90.31,1.0
3711,256,28,2756,512,995.27,83.38,1.0
3712,70,12,2570,140,995.25,87.97,1.0
3713,124,25,2624,248,995.25,74.18,1.0
3714,105,25,2605,210,995.23,72.99,1.0
3715,20,12,2520,40,995.22,76.89,1.0
3716,47,12,2547,94,995.2,78.32,1.0
3717,27,23,2527,54,995.17,66.54,1.0
3718,282,14,2782,564,995.16,132.24,1.0
3719,191,14,2691,382,995.14,106.09,1.0
3720,66,12,2566,132,995.11,91.08,1.0
3721,45,12,2545,90,995.03,80.83,1.0
3722,135,25,2635,270,995.03,78.06,1.0
3723,290,14,2790,580,994.96,126.75,1.0
3724,67,24,2567,134,994.94,68.63,1.0
3725,200,27,2700,400,994.93,80.21,1.0
3726,56,12,2556,112,994.79,89.24,1.0
3727,88,12,2588,176,994.78,89.22,1.0
3728,149,26,2649,298,994.78,75.93,1.0
3729,188,15,2688,376,994.74,110.05,1.0
3730,117,14,2617,234,994.71,98.95,1.0
3731,174,27,2674,348,994.67,75.57,1.0
3732,35,13,2535,70,994.66,80.08,1.0
3733,118,13,2618,236,994.59,98.17,1.0
3734,246,27,2746,492,994.59,88.72,1.0
3735,164,15,2664,328,994.58,107.39,1.0
3736,116,14,2616,232,994.57,91.85,1.0
3737,22,23,2522,44,994.56,62.69,1.0
3738,98,24,2598,196,994.54,71.69,1.0
3739,269,14,2769,538,994.53,128.68,1.0
3740,98,12,2598,196,994.51,92.13,1.0
3741,120,25,2620,240,994.5,74.23,1.0
3742,189,26,2689,378,994.5,86.04,1.0
3743,213,14,2713,426,994.49,115.25,1.0
3744,151,14,2651,302,994.47,96.98,1.0
3745,284,29,2784,568,994.47,89.17,1.0
3746,106,24,2606,212,994.42,77.19,1.0
3747,84,24,2584,168,994.37,72.2,1.0
3748,286,29,2786,572,994.33,84.98,1.0
3749,80,24,2580,160,994.32,72.71,1.0
3750,44,12,2544,88,994.26,79.94,1.0
3751,16,11,2516,32,994.26,72.06,1.0
3752,255,14,2755,510,994.26,125.91,1.0
3753,12,23,2512,24,994.14,59.92,1.0
3754,274,16,2774,548,994.12,118.82,1.0
3755,249,14,2749,498,994.1,113.33,1.0
3756,43,12,2543,86,994.09,79.37,1.0
3757,123,25,2623,246,994.09,75.25,1.0
3758,218,27,2718,436,994.08,82.79,1.0
3759,171,26,2671,342,994.04,79.89,1.0
3760,219,28,2719,438,994.04,80.43,1.0
3761,263,14,2763,526,994.04,121.12,1.0
3762,6,12,2506,12,994.03,70.48,1.0
3763,263,28,2763,526,993.94,88.08,1.0
3764,283,28,2783,566,993.94,94.62,1.0
3765,251,28,2751,502,993.87,90.7,1.0
3766,243,28,2743,486,993.8,84.96,1.0
3767,52,24,2552,104,993.75,66.11,1.0
3768,31,23,2531,62,993.75,61.42,1.0
3769,205,27,2705,410,993.75,86.14,1.0
3770,136,25,2636,272,993.71,76.5,1.0
3771,271,15,2771,542,993.66,118.44,1.0
3772,170,26,2670,340,993.65,78.4,1.0
3773,209,13,2709,418,993.65,114.48,1.0
3774,145,13,2645,290,993.64,103.91,1.0
3775,30,12,2530,60,993.61,79.04,1.0
3776,78,24,2578,156,993.54,69.35,1.0
3777,165,26,2665,330,993.48,86.56,1.0
3778,253,14,2753,506,993.46,121.93,1.0
3779,128,25,2628,256,993.4,72.77,1.0
3780,239,14,2739,478,993.4,118.61,1.0
3781,6,23,2506,12,993.36,61.24,1.0
3782,126,25,2626,252,993.34,76.51,1.0
3783,140,13,2640,280,993.29,106.7,1.0
3784,225,27,2725,450,993.28,87.52,1.0
3785,278,15,2778,556,993.28,122.26,1.0
3786,210,13,2710,420,993.27,115.38,1.0
3787,139,25,2639,278,993.25,78.59,1.0
3788,78,12,2578,156,993.23,88.3,1.0
3789,298,15,2798,596,993.2,121.78,1.0
3790,19,12,2519,38,993.19,76.26,1.0
3791,16,23,2516,32,993.04,62.39,1.0
3792,192,26,2692,384,992.98,82.1,1.0
3793,37,12,2537,74,992.97,78.44,1.0
3794,1,11,2501,2,992.95,72.46,1.0
3795,59,12,2559,118,992.9,86.41,1.0
3796,30,23,2530,60,992.84,67.88,1.0
3797,193,27,2693,386,992.79,79.47,1.0
3798,73,24,2573,146,992.78,71.9,1.0
3799,143,13,2643,286,992.77,96.32,1.0
3800,133,12,2633,266,992.74,103.89,1.0
3801,225,14,2725,450,992.74,118.21,1.0
3802,270,29,2770,540,992.73,86.07,1.0
3803,176,26,2676,352,992.63,82.62,1.0
3804,109,25,2609,218,992.55,71.07,1.0
3805,171,14,2671,342,992.49,102.66,1.0
3806,299,14,2799,598,992.48,127.7,1.0
3807,146,26,2646,292,992.47,75.96,1.0
3808,109,13,2609,218,992.45,94.33,1.0
3809,144,13,2644,288,992.31,105.72,1.0
3810,103,12,2603,206,992.27,95.27,1.0
3811,237,14,2737,474,992.24,117.47,1.0
3812,169,26,2669,338,992.21,78.76,1.0
3813,55,12,2555,110,992.19,80.61,1.0
3814,34,23,2534,68,992.16,62.7,1.0
3815,181,26,2681,362,992.13,81.17,1.0
3816,249,28,2749,498,992.12,88.91,1.0
3817,295,29,2795,590,992.12,93.23,1.0
3818,212,27,2712,424,992.09,85.86,1.0
3819,217,27,2717,434,992.05,87.74,1.0
3820,242,27,2742,484,992.04,85.28,1.0
3821,49,12,2549,98,991.99,84.25,1.0
3822,148,13,2648,296,991.99,103.61,1.0
3823,25,23,2525,50,991.98,63.79,1.0
3824,81,12,2581,162,991.97,94.75,1.0
3825,14,23,2514,28,991.96,62.26,1.0
3826,264,28,2764,528,991.96,87.07,1.0
3827,157,26,2657,314,991.95,72.09,1.0
3828,172,13,2672,344,991.95,103.89,1.0
3829,112,25,2612,224,991.94,73.86,1.0
3830,274,28,2774,548,991.93,89.75,1.0
3831,8,12,2508,16,991.85,70.7,1.0
3832,257,28,2757,514,991.84,90.07,1.0
3833,251,14,2751,502,991.75,119.16,1.0
3834,190,14,2690,380,991.74,107.7,1.0
3835,20,23,2520,40,991.73,64.57,1.0
3836,141,14,2641,282,991.73,105.41,1.0
3837,143,25,2643,286,991.7,77.57,1.0
3838,72,24,2572,144,991.65,72.61,1.0
3839,69,24,2569,138,991.63,69.14,1.0
3840,86,12,2586,172,991.62,89.73,1.0
3841,97,24,2597,194,991.62,70.32,1.0
3842,212,14,2712,424,991.55,112.47,1.0
3843,112,13,2612,224,991.54,94.02,1.0
3844,287,29,2787,574,991.47,103.4,1.0
3845,100,12,2600,200,991.42,92.64,1.0
3846,224,14,2724,448,991.42,111.34,1.0
3847,188,26,2688,376,991.23,84.23,1.0
3848,38,12,2538,76,991.21,78.19,1.0
3849,69,12,2569,138,991.19,85.67,1.0
3850,216,14,2716,432,991.19,118.65,1.0
3851,282,29,2782,564,991.19,90.82,1.0
3852,129,13,2629,258,991.16,103.88,1.0
3853,113,24,2613,226,991.1,77.96,1.0
3854,172,26,2672,344,991.09,82.96,1.0
3855,279,28,2779,558,990.99,84.81,1.0
3856,219,13,2719,438,990.97,119.82,1.0
3857,104,13,2604,208,990.96,92.0,1.0
3858,165,13,2665,330,990.91,110.34,1.0
3859,199,27,2699,398,990.9,77.95,1.0
3860,253,28,2753,506,990.87,85.99,1.0
3861,115,25,2615,230,990.81,75.31,1.0
3862,254,28,2754,508,990.78,87.3,1.0
3863,94,25,2594,188,990.74,74.78,1.0
3864,61,24,2561,122,990.66,70.84,1.0
3865,45,24,2545,90,990.59,60.83,1.0
3866,83,24,2583,166,990.59,73.19,1.0
3867,196,14,2696,392,990.58,108.64,1.0
3868,26,23,2526,52,990.53,61.86,1.0
3869,195,27,2695,390,990.4,86.3,1.0
3870,159,13,2659,318,990.35,103.72,1.0
3871,74,13,2574,148,990.31,83.88,1.0
3872,273,28,2773,546,990.29,85.12,1.0
3873,7,23,2507,14,990.26,63.87,1.0
3874,40,23,2540,80,990.22,68.43,1.0
3875,99,13,2599,198,990.21,97.46,1.0
3876,287,14,2787,574,990.06,124.72,1.0
3877,208,13,2708,416,990.04,112.94,1.0
3878,232,13,2732,464,990.03,120.03,1.0
3879,151,26,2651,302,989.99,80.7,1.0
3880,276,14,2776,552,989.98,128.21,1.0
3881,73,12,2573,146,989.86,86.64,1.0
3882,217,15,2717,434,989.79,112.06,1.0
3883,131,13,2631,262,989.77,101.16,1.0
3884,8,22,2508,16,989.73,59.31,1.0
3885,152,13,2652,304,989.53,107.85,1.0
3886,79,13,2579,158,989.52,88.24,1.0
3887,207,27,2707,414,989.48,79.37,1.0
3888,10,23,2510,20,989.41,58.86,1.0
3889,153,26,2653,306,989.4,81.06,1.0
3890,266,14,2766,532,989.4,126.19,1.0
3891,150,13,2650,300,989.37,103.43,1.0
3892,34,12,2534,68,989.28,77.63,1.0
3893,0,23,2500,0,989.28,61.69,1.0
3894,58,24,2558,116,989.21,65.47,1.0
3895,223,27,2723,446,989.18,86.86,1.0
3896,50,24,2550,100,989.15,67.82,1.0
3897,2,11,2502,4,989.15,69.64,1.0
3898,234,13,2734,468,989.13,116.05,1.0
3899,298,29,2798,596,989.13,94.62,1.0
3900,21,11,2521,42,989.09,74.62,1.0
3901,54,24,2554,108,989.05,66.92,1.0
3902,163,13,2663,326,989.04,105.27,1.0
3903,223,14,2723,446,989.02,116.49,1.0
3904,111,13,2611,222,989.01,98.35,1.0
3905,82,12,2582,164,988.98,89.4,1.0
3906,196,26,2696,392,988.98,81.23,1.0
3907,288,14,2788,576,988.97,130.29,1.0
3908,118,25,2618,236,988.87,74.27,1.0
3909,185,27,2685,370,988.85,82.24,1.0
3910,261,14,2761,522,988.83,123.63,1.0
3911,0,11,2500,0,988.78,73.31,1.0
3912,41,24,2541,82,988.75,63.97,1.0
3913,92,24,2592,184,988.75,78.27,1.0
3914,13,23,2513,26,988.74,59.9,1.0
3915,53,24,2553,106,988.72,63.44,1.0
3916,64,12,2564,128,988.72,84.91,1.0
3917,166,13,2666,332,988.63,107.83,1.0
3918,151,13,2651,302,988.6,101.68,1.0
3919,138,13,2638,276,988.6,98.94,1.0
3920,166,26,2666,332,988.59,77.54,1.0
3921,206,27,2706,412,988.59,85.34,1.0
3922,35,12,2535,70,988.58,82.64,1.0
3923,250,28,2750,500,988.58,85.21,1.0
3924,224,27,2724,448,988.56,87.07,1.0
3925,9,23,2509,18,988.52,59.91,1.0
3926,89,12,2589,178,988.5,92.89,1.0
3927,126,12,2626,252,988.46,99.17,1.0
3928,300,29,2800,600,988.46,85.0,1.0
3929,24,23,2524,48,988.42,60.58,1.0
3930,59,24,2559,118,988.4,67.88,1.0
3931,9,11,2509,18,988.35,72.06,1.0
3932,218,14,2718,436,988.27,115.88,1.0
3933,158,26,2658,316,988.23,82.05,1.0
3934,243,13,2743,486,988.17,121.65,1.0
3935,100,25,2600,200,988.15,72.61,1.0
3936,233,28,2733,466,988.15,84.34,1.0
3937,198,13,2698,396,988.03,117.21,1.0
3938,31,12,2531,62,987.96,77.66,1.0
3939,178,14,2678,356,987.92,109.83,1.0
3940,87,24,2587,174,987.91,71.79,1.0
3941,51,24,2551,102,987.86,67.61,1.0
3942,44,24,2544,88,987.77,63.86,1.0
3943,160,13,2660,320,987.75,106.28,1.0
3944,160,26,2660,320,987.75,81.88,1.0
3945,203,27,2703,406,987.73,83.67,1.0
3946,77,24,2577,154,987.7,74.72,1.0
3947,17,23,2517,34,987.68,59.13,1.0
3948,162,26,2662,324,987.56,75.63,1.0
3949,277,28,2777,554,987.56,91.84,1.0
3950,122,25,2622,244,987.53,72.51,1.0
3951,269,28,2769,538,987.53,88.34,1.0
3952,275,29,2775,550,987.53,89.75,1.0
3953,46,23,2546,92,987.51,67.23,1.0
3954,163,26,2663,326,987.48,85.24,1.0
3955,226,28,2726,452,987.44,83.91,1.0
3956,193,13,2693,386,987.42,109.45,1.0
3957,39,12,2539,78,987.38,82.76,1.0
3958,238,28,2738,476,987.37,82.72,1.0
3959,181,13,2681,362,987.3,103.26,1.0
3960,189,14,2689,378,987.29,105.83,1.0
3961,62,11,2562,124,987.17,88.71,1.0
3962,229,28,2729,458,987.17,77.59,1.0
3963,221,27,2721,442,987.11,81.36,1.0
3964,136,13,2636,272,987.07,100.47,1.0
3965,275,14,2775,550,987.02,127.49,1.0
3966,124,13,2624,248,986.96,96.01,1.0
3967,133,26,2633,266,986.95,73.94,1.0
3968,222,27,2722,444,986.93,85.55,1.0
3969,202,27,2702,404,986.8,83.33,1.0
3970,38,24,2538,76,986.78,63.62,1.0
3971,58,12,2558,116,986.74,82.86,1.0
3972,93,25,2593,186,986.71,69.29,1.0
3973,131,26,2631,262,986.7,77.62,1.0
3974,60,12,2560,120,986.67,86.14,1.0
3975,175,13,2675,350,986.42,107.52,1.0
3976,120,12,2620,240,986.38,94.59,1.0
3977,103,25,2603,206,986.34,72.22,1.0
3978,180,13,2680,360,986.3,105.08,1.0
3979,141,13,2641,282,986.24,100.45,1.0
3980,63,12,2563,126,986.21,86.08,1.0
3981,267,28,2767,534,986.16,90.38,1.0
3982,177,13,2677,354,986.08,109.92,1.0
3983,121,25,2621,242,986.07,77.39,1.0
3984,142,26,2642,284,985.95,74.7,1.0
3985,274,15,2774,548,985.88,123.51,1.0
3986,79,24,2579,158,985.85,72.53,1.0
3987,295,14,2795,590,985.82,135.17,1.0
3988,201,27,2701,402,985.77,85.35,1.0
3989,292,29,2792,584,985.72,94.27,1.0
3990,298,14,2798,596,985.71,124.71,1.0
3991,220,27,2720,440,985.7,85.69,1.0
3992,237,13,2737,474,985.67,120.14,1.0
3993,101,12,2601,202,985.64,98.5,1.0
3994,110,25,2610,220,985.63,71.09,1.0
3995,226,13,2726,452,985.52,115.69,1.0
3996,140,26,2640,280,985.49,74.1,1.0
3997,247,13,2747,494,985.49,121.9,1.0
3998,137,13,2637,274,985.47,97.36,1.0
3999,71,25,2571,142,985.35,69.09,1.0
4000,150,26,2650,300,985.33,74.47,1.0
4001,49,24,2549,98,985.32,68.09,1.0
4002,297,36,2797,594,985.31,89.52,1.0
4003,299,29,2799,598,985.22,90.64,1.0
4004,148,26,2648,296,985.15,77.91,1.0
4005,159,26,2659,318,985.09,78.81,1.0
4006,11,23,2511,22,985.05,56.96,1.0
4007,192,14,2692,384,984.99,111.44,1.0
4008,39,23,2539,78,984.97,66.22,1.0
4009,3,23,2503,6,984.97,62.1,1.0
4010,127,12,2627,254,984.87,103.47,1.0
4011,220,14,2720,440,984.86,106.51,1.0
4012,228,13,2728,456,984.8,122.29,1.0
4013,297,40,2797,594,984.78,89.57,1.0
4014,168,26,2668,336,984.77,81.19,1.0
4015,83,12,2583,166,984.69,89.62,1.0
4016,94,12,2594,188,984.68,92.69,1.0
4017,211,13,2711,422,984.67,116.02,1.0
4018,297,32,2797,594,984.64,89.88,1.0
4019,36,11,2536,72,984.63,77.95,1.0
4020,80,12,2580,160,984.59,90.85,1.0
4021,27,11,2527,54,984.49,75.94,1.0
4022,293,15,2793,586,984.48,127.18,1.0
4023,125,12,2625,250,984.47,98.46,1.0
4024,178,26,2678,356,984.46,80.54,1.0
4025,236,14,2736,472,984.46,122.93,1.0
4026,116,25,2616,232,984.45,71.67,1.0
4027,158,13,2658,316,984.4,105.87,1.0
4028,289,29,2789,578,984.39,88.08,1.0
4029,63,24,2563,126,984.37,64.57,1.0
4030,101,25,2601,202,984.34,73.46,1.0
4031,115,12,2615,230,984.33,98.21,1.0
4032,95,12,2595,190,984.32,90.5,1.0
4033,230,27,2730,460,984.32,92.75,1.0
4034,102,25,2602,204,984.27,68.93,1.0
4035,15,11,2515,30,984.22,74.36,1.0
4036,118,12,2618,236,984.16,95.99,1.0
4037,194,13,2694,388,984.1,110.35,1.0
4038,240,13,2740,480,984.08,116.5,1.0
4039,40,12,2540,80,983.97,79.64,1.0
4040,87,13,2587,174,983.91,89.47,1.0
4041,169,13,2669,338,983.87,104.26,1.0
4042,43,24,2543,86,983.85,66.58,1.0
4043,67,12,2567,134,983.85,84.57,1.0
4044,18,11,2518,36,983.81,74.72,1.0
4045,170,13,2670,340,983.79,109.78,1.0
4046,234,28,2734,468,983.73,85.1,1.0
4047,123,12,2623,246,983.71,96.9,1.0
4048,239,28,2739,478,983.68,82.98,1.0
4049,71,11,2571,142,983.61,90.26,1.0
4050,55,24,2555,110,983.58,66.52,1.0
4051,74,24,2574,148,983.55,73.33,1.0
4052,117,25,2617,234,983.51,75.07,1.0
4053,272,29,2772,544,983.48,87.61,1.0
4054,162,13,2662,324,983.47,106.06,1.0
4055,92,13,2592,184,983.43,94.57,1.0
4056,214,14,2714,428,983.43,111.43,1.0
4057,179,13,2679,358,983.37,109.39,1.0
4058,128,13,2628,256,983.36,103.68,1.0
4059,102,12,2602,204,983.34,95.04,1.0
4060,138,26,2638,276,983.31,76.99,1.0
4061,164,14,2664,328,983.22,110.73,1.0
4062,292,14,2792,584,983.19,131.51,1.0
4063,197,27,2697,394,983.15,80.1,1.0
4064,286,14,2786,572,983.09,129.63,1.0
4065,82,25,2582,164,983.05,67.27,1.0
4066,156,26,2656,312,983.03,74.66,1.0
4067,90,12,2590,180,983.02,91.04,1.0
4068,245,29,2745,490,982.95,86.02,1.0
4069,186,27,2686,372,982.82,85.2,1.0
4070,215,28,2715,430,982.81,79.69,1.0
4071,57,12,2557,114,982.74,87.1,1.0
4072,238,13,2738,476,982.74,112.1,1.0
4073,297,38,2797,594,982.68,94.26,1.0
4074,233,13,2733,466,982.65,118.6,1.0
4075,13,12,2513,26,982.6,73.75,1.0
4076,19,23,2519,38,982.57,63.2,1.0
4077,214,27,2714,428,982.5,87.67,1.0
4078,198,27,2698,396,982.48,83.51,1.0
4079,25,11,2525,50,982.46,77.84,1.0
4080,84,12,2584,168,982.38,90.7,1.0
4081,231,28,2731,462,982.35,86.39,1.0
4082,36,24,2536,72,982.34,65.6,1.0
4083,33,11,2533,66,982.3,80.47,1.0
4084,14,11,2514,28,982.25,73.86,1.0
4085,110,12,2610,220,982.23,96.69,1.0
4086,252,28,2752,504,982.2,88.82,1.0
4087,53,11,2553,106,982.13,79.16,1.0
4088,50,11,2550,100,982.13,80.81,1.0
4089,185,13,2685,370,982.01,111.66,1.0
4090,293,29,2793,586,982.01,90.66,1.0
4091,250,13,2750,500,981.97,125.48,1.0
4092,106,13,2606,212,981.96,95.19,1.0
4093,152,26,2652,304,981.95,76.6,1.0
4094,294,29,2794,588,981.95,91.59,1.0
4095,147,13,2647,294,981.94,107.24,1.0
4096,265,29,2765,530,981.92,82.44,1.0
4097,130,13,2630,260,981.91,99.7,1.0
4098,227,13,2727,454,981.87,117.51,1.0
4099,187,13,2687,374,981.86,119.73,1.0
4100,117,13,2617,234,981.79,100.54,1.0
4101,237,28,2737,474,981.76,82.4,1.0
4102,280,14,2780,560,981.67,120.77,1.0
4103,12,11,2512,24,981.66,71.72,1.0
4104,228,28,2728,456,981.65,80.28,1.0
4105,154,13,2654,308,981.61,100.09,1.0
4106,144,26,2644,288,981.59,75.61,1.0
4107,10,11,2510,20,981.47,68.64,1.0
4108,285,29,2785,570,981.47,88.64,1.0
4109,56,24,2556,112,981.44,66.78,1.0
4110,90,25,2590,180,981.42,68.87,1.0
4111,291,14,2791,582,981.39,129.12,1.0
4112,236,28,2736,472,981.34,86.93,1.0
4113,28,11,2528,56,981.32,73.89,1.0
4114,195,12,2695,390,981.32,112.64,1.0
4115,221,14,2721,442,981.31,114.42,1.0
4116,142,12,2642,284,981.24,102.92,1.0
4117,96,25,2596,192,981.22,70.58,1.0
4118,147,26,2647,294,981.21,81.91,1.0
4119,3,11,2503,6,981.19,69.81,1.0
4120,210,28,2710,420,981.14,83.47,1.0
4121,134,12,2634,268,981.05,101.65,1.0
4122,33,24,2533,66,981.03,66.67,1.0
4123,11,11,2511,22,981.01,72.16,1.0
4124,88,25,2588,176,980.98,70.52,1.0
4125,86,25,2586,172,980.98,66.47,1.0
4126,262,13,2762,524,980.98,122.63,1.0
4127,4,11,2504,8,980.92,73.29,1.0
4128,235,13,2735,470,980.92,124.76,1.0
4129,91,12,2591,182,980.91,92.83,1.0
4130,41,11,2541,82,980.83,83.36,1.0
4131,61,11,2561,122,980.82,88.75,1.0
4132,85,12,2585,170,980.81,89.21,1.0
4133,114,26,2614,228,980.79,75.33,1.0
4134,66,25,2566,132,980.75,66.43,1.0
4135,197,13,2697,394,980.73,106.16,1.0
4136,99,25,2599,198,980.66,70.32,1.0
4137,26,11,2526,52,980.62,79.2,1.0
4138,268,29,2768,536,980.57,84.24,1.0
4139,284,13,2784,568,980.5,118.06,1.0
4140,119,12,2619,238,980.48,101.92,1.0
4141,290,39,2790,580,980.41,81.08,1.0
4142,4,23,2504,8,980.37,57.92,1.0
4143,48,24,2548,96,980.33,66.04,1.0
4144,42,24,2542,84,980.21,66.18,1.0
4145,182,13,2682,364,980.19,112.81,1.0
4146,65,11,2565,130,980.09,89.44,1.0
4147,76,24,2576,152,980.08,73.2,1.0
4148,105,12,2605,210,980.08,94.38,1.0
4149,171,13,2671,342,980.07,106.28,1.0
4150,149,12,2649,298,980.05,104.28,1.0
4151,107,25,2607,214,980.01,70.52,1.0
4152,7,11,2507,14,979.99,75.7,1.0
4153,124,12,2624,248,979.92,98.92,1.0
4154,113,12,2613,226,979.88,100.99,1.0
4155,27,24,2527,54,979.73,63.0,1.0
4156,297,42,2797,594,979.71,90.91,1.0
4157,254,13,2754,508,979.65,124.93,1.0
4158,291,29,2791,582,979.62,90.82,1.0
4159,174,13,2674,348,979.55,108.81,1.0
4160,57,24,2557,114,979.46,67.52,1.0
4161,245,13,2745,490,979.46,123.54,1.0
4162,184,12,2684,368,979.41,111.32,1.0
4163,156,13,2656,312,979.39,103.67,1.0
4164,277,14,2777,554,979.36,125.43,1.0
4165,70,25,2570,140,979.35,68.36,1.0
4166,278,29,2778,556,979.31,87.51,1.0
4167,191,13,2691,382,979.27,106.87,1.0
4168,190,13,2690,380,979.25,110.93,1.0
4169,155,13,2655,310,979.2,109.88,1.0
4170,91,25,2591,182,979.15,72.96,1.0
4171,72,12,2572,144,979.12,87.55,1.0
4172,227,28,2727,454,979.09,86.11,1.0
4173,263,13,2763,526,979.07,125.05,1.0
4174,177,27,2677,354,979.06,83.52,1.0
4175,260,29,2760,520,979.01,84.62,1.0
4176,296,29,2796,592,979.0,86.65,1.0
4177,135,26,2635,270,978.97,79.54,1.0
4178,75,12,2575,150,978.93,88.08,1.0
4179,290,34,2790,580,978.82,83.64,1.0
4180,213,13,2713,426,978.73,115.43,1.0
4181,183,27,2683,366,978.72,78.84,1.0
4182,30,11,2530,60,978.71,85.82,1.0
4183,135,13,2635,270,978.69,104.43,1.0
4184,46,12,2546,92,978.62,81.57,1.0
4185,189,27,2689,378,978.57,86.81,1.0
4186,297,31,2797,594,978.55,92.68,1.0
4187,132,12,2632,264,978.54,99.34,1.0
4188,5,11,2505,10,978.51,74.29,1.0
4189,17,11,2517,34,978.41,73.64,1.0
4190,42,11,2542,84,978.37,80.05,1.0
4191,106,25,2606,212,978.36,77.81,1.0
4192,270,14,2770,540,978.35,122.33,1.0
4193,281,14,2781,562,978.32,124.14,1.0
4194,29,11,2529,58,978.29,80.21,1.0
4195,129,26,2629,258,978.29,76.76,1.0
4196,47,24,2547,94,978.27,66.32,1.0
4197,187,27,2687,374,978.23,79.34,1.0
4198,32,24,2532,64,978.22,62.12,1.0
4199,62,25,2562,124,978.2,62.37,1.0
4200,95,25,2595,190,978.19,74.57,1.0
4201,139,13,2639,278,978.18,106.93,1.0
4202,54,11,2554,108,978.14,85.37,1.0
4203,242,14,2742,484,978.13,111.05,1.0
4204,297,39,2797,594,978.02,87.8,1.0
4205,161,26,2661,322,977.99,84.34,1.0
4206,153,12,2653,306,977.98,102.25,1.0
4207,167,12,2667,334,977.96,113.74,1.0
4208,244,14,2744,488,977.92,120.53,1.0
4209,107,12,2607,214,977.91,95.9,1.0
4210,24,11,2524,48,977.89,75.64,1.0
4211,68,25,2568,136,977.86,67.93,1.0
4212,81,25,2581,162,977.78,72.66,1.0
4213,23,11,2523,46,977.63,81.55,1.0
4214,262,29,2762,524,977.61,86.16,1.0
4215,44,11,2544,88,977.57,83.31,1.0
4216,241,14,2741,482,977.54,123.71,1.0
4217,297,34,2797,594,977.54,90.24,1.0
4218,6,11,2506,12,977.47,73.72,1.0
4219,297,30,2797,594,977.47,91.43,1.0
4220,191,27,2691,382,977.36,82.81,1.0
4221,70,11,2570,140,977.33,92.24,1.0
4222,108,26,2608,216,977.31,71.25,1.0
4223,223,28,2723,446,977.31,84.42,1.0
4224,97,12,2597,194,977.29,94.17,1.0
4225,257,13,2757,514,977.24,126.66,1.0
4226,48,12,2548,96,977.21,87.77,1.0
4227,60,24,2560,120,977.13,68.82,1.0
4228,288,29,2788,576,977.09,93.07,1.0
4229,297,44,2797,594,977.05,91.26,1.0
4230,273,14,2773,546,977.02,127.5,1.0
4231,31,24,2531,62,976.88,62.02,1.0
4232,143,26,2643,286,976.88,73.95,1.0
4233,216,13,2716,432,976.88,119.2,1.0
4234,272,14,2772,544,976.88,124.84,1.0
4235,5,23,2505,10,976.82,60.98,1.0
4236,184,27,2684,368,976.82,81.06,1.0
4237,32,11,2532,64,976.74,77.74,1.0
4238,264,14,2764,528,976.74,119.74,1.0
4239,141,26,2641,282,976.71,75.4,1.0
4240,20,24,2520,40,976.64,63.34,1.0
4241,85,25,2585,170,976.58,72.33,1.0
4242,114,12,2614,228,976.58,98.02,1.0
4243,280,29,2780,560,976.55,89.93,1.0
4244,266,29,2766,532,976.47,82.33,1.0
4245,204,13,2704,408,976.43,110.73,1.0
4246,134,26,2634,268,976.42,79.0,1.0
4247,297,43,2797,594,976.37,91.09,1.0
4248,225,13,2725,450,976.32,117.49,1.0
4249,258,28,2758,516,976.32,86.03,1.0
4250,231,13,2731,462,976.31,118.9,1.0
4251,217,14,2717,434,976.24,121.07,1.0
4252,296,15,2796,592,976.23,124.87,1.0
4253,205,12,2705,410,976.17,118.41,1.0
4254,258,15,2758,516,976.17,121.12,1.0
4255,165,27,2665,330,976.14,83.16,1.0
4256,281,29,2781,562,976.01,87.51,1.0
4257,225,28,2725,450,975.99,83.35,1.0
4258,116,13,2616,232,975.95,97.96,1.0
4259,200,13,2700,400,975.95,104.83,1.0
4260,125,26,2625,250,975.93,73.95,1.0
4261,22,11,2522,44,975.91,74.37,1.0
4262,285,14,2785,570,975.89,124.29,1.0
4263,181,27,2681,362,975.82,77.03,1.0
4264,241,28,2741,482,975.75,88.36,1.0
4265,64,11,2564,128,975.74,86.58,1.0
4266,297,35,2797,594,975.71,90.49,1.0
4267,28,24,2528,56,975.7,59.12,1.0
4268,297,37,2797,594,975.7,89.74,1.0
4269,188,14,2688,376,975.69,111.61,1.0
4270,126,26,2626,252,975.64,74.87,1.0
4271,21,24,2521,42,975.63,65.29,1.0
4272,97,25,2597,194,975.61,72.71,1.0
4273,111,25,2611,222,975.57,74.74,1.0
4274,80,25,2580,160,975.54,70.73,1.0
4275,29,24,2529,58,975.51,64.62,1.0
4276,132,26,2632,264,975.5,78.03,1.0
4277,111,12,2611,222,975.46,103.76,1.0
4278,189,13,2689,378,975.45,110.4,1.0
4279,51,11,2551,102,975.43,85.72,1.0
4280,61,25,2561,122,975.41,69.69,1.0
4281,178,13,2678,356,975.26,110.22,1.0
4282,89,25,2589,178,975.25,74.47,1.0
4283,297,33,2797,594,975.15,89.38,1.0
4284,290,33,2790,580,975.11,82.33,1.0
4285,212,28,2712,424,975.1,80.94,1.0
4286,55,11,2555,110,975.06,80.54,1.0
4287,249,13,2749,498,975.06,119.93,1.0
4288,206,13,2706,412,975.03,116.42,1.0
4289,168,12,2668,336,974.96,107.32,1.0
4290,260,13,2760,520,974.96,130.75,1.0
4291,215,12,2715,430,974.94,118.36,1.0
4292,271,14,2771,542,974.93,126.53,1.0
4293,77,12,2577,154,974.86,89.94,1.0
4294,190,27,2690,380,974.79,83.94,1.0
4295,203,13,2703,406,974.78,116.17,1.0
4296,287,38,2787,574,974.74,90.85,1.0
4297,96,12,2596,192,974.7,91.97,1.0
4298,146,12,2646,292,974.6,99.45,1.0
4299,248,13,2748,496,974.6,127.12,1.0
4300,265,13,2765,530,974.59,119.39,1.0
4301,209,28,2709,418,974.56,83.24,1.0
4302,287,36,2787,574,974.54,94.23,1.0
4303,138,12,2638,276,974.48,99.72,1.0
4304,45,11,2545,90,974.47,79.78,1.0
4305,52,25,2552,104,974.45,64.88,1.0
4306,207,13,2707,414,974.41,114.43,1.0
4307,75,25,2575,150,974.38,68.52,1.0
4308,176,13,2676,352,974.35,111.9,1.0
4309,192,27,2692,384,974.35,81.74,1.0
4310,8,23,2508,16,974.33,58.66,1.0
4311,104,25,2604,208,974.31,71.27,1.0
4312,246,14,2746,492,974.27,122.43,1.0
4313,246,28,2746,492,974.26,88.84,1.0
4314,38,11,2538,76,974.24,76.61,1.0
4315,297,45,2797,594,974.17,93.0,1.0
4316,242,28,2742,484,974.12,86.47,1.0
4317,239,13,2739,478,974.03,122.86,1.0
4318,92,25,2592,184,973.99,74.76,1.0
4319,238,29,2738,476,973.95,79.21,1.0
4320,259,13,2759,518,973.93,127.98,1.0
4321,167,27,2667,334,973.87,79.82,1.0
4322,255,13,2755,510,973.82,130.62,1.0
4323,78,25,2578,156,973.81,69.61,1.0
4324,179,27,2679,358,973.8,83.34,1.0
4325,297,13,2797,594,973.74,131.94,1.0
4326,176,27,2676,352,973.71,80.82,1.0
4327,295,42,2795,590,973.7,87.02,1.0
4328,300,13,2800,600,973.69,127.03,1.0
4329,144,12,2644,288,973.67,102.52,1.0
4330,47,11,2547,94,973.65,83.05,1.0
4331,290,30,2790,580,973.64,82.58,1.0
4332,127,26,2627,254,973.6,76.07,1.0
4333,67,25,2567,134,973.59,64.58,1.0
4334,23,24,2523,46,973.53,59.6,1.0
4335,295,39,2795,590,973.53,90.66,1.0
4336,123,26,2623,246,973.51,77.53,1.0
4337,137,26,2637,274,973.51,76.65,1.0
4338,196,13,2696,392,973.45,117.2,1.0
4339,183,13,2683,366,973.43,117.46,1.0
4340,278,14,2778,556,973.39,129.03,1.0
4341,196,27,2696,392,973.36,82.82,1.0
4342,219,12,2719,438,973.36,119.59,1.0
4343,16,24,2516,32,973.31,62.71,1.0
4344,105,26,2605,210,973.25,70.51,1.0
4345,93,11,2593,186,973.21,93.66,1.0
4346,199,12,2699,398,973.21,116.99,1.0
4347,24,24,2524,48,973.2,60.77,1.0
4348,276,29,2776,552,973.17,87.39,1.0
4349,179,12,2679,358,973.16,112.78,1.0
4350,297,41,2797,594,973.05,89.16,1.0
4351,163,12,2663,326,973.02,106.27,1.0
4352,290,41,2790,580,973.0,84.63,1.0
4353,130,26,2630,260,972.98,78.24,1.0
4354,73,11,2573,146,972.89,86.43,1.0
4355,14,24,2514,28,972.83,58.93,1.0
4356,43,11,2543,86,972.82,84.89,1.0
4357,65,25,2565,130,972.81,70.25,1.0
4358,89,11,2589,178,972.71,98.31,1.0
4359,52,11,2552,104,972.62,87.4,1.0
4360,205,28,2705,410,972.59,83.06,1.0
4361,76,12,2576,152,972.57,90.53,1.0
4362,118,26,2618,236,972.54,76.85,1.0
4363,99,12,2599,198,972.42,97.56,1.0
4364,73,25,2573,146,972.4,66.03,1.0
4365,161,13,2661,322,972.39,110.12,1.0
4366,140,12,2640,280,972.36,101.15,1.0
4367,290,37,2790,580,972.35,82.45,1.0
4368,15,24,2515,30,972.32,61.24,1.0
4369,209,12,2709,418,972.31,118.03,1.0
4370,232,28,2732,464,972.27,87.76,1.0
4371,247,29,2747,494,972.19,84.3,1.0
4372,180,27,2680,360,972.11,83.45,1.0
4373,182,27,2682,364,972.09,82.17,1.0
4374,104,12,2604,208,972.08,93.55,1.0
4375,164,26,2664,328,972.05,84.64,1.0
4376,257,29,2757,514,972.05,90.95,1.0
4377,109,12,2609,218,971.99,98.28,1.0
4378,295,34,2795,590,971.98,89.53,1.0
4379,139,26,2639,278,971.89,77.6,1.0
4380,150,12,2650,300,971.87,104.3,1.0
4381,271,29,2771,542,971.87,85.0,1.0
4382,290,32,2790,580,971.87,79.11,1.0
4383,295,30,2795,590,971.83,89.69,1.0
4384,223,13,2723,446,971.82,126.53,1.0
4385,295,38,2795,590,971.81,90.16,1.0
4386,249,29,2749,498,971.8,87.42,1.0
4387,74,12,2574,148,971.78,87.6,1.0
4388,201,13,2701,402,971.78,108.83,1.0
4389,279,15,2779,558,971.78,125.33,1.0
4390,98,25,2598,196,971.77,72.92,1.0
4391,1,24,2501,2,971.76,59.72,1.0
4392,84,25,2584,168,971.73,74.29,1.0
4393,222,13,2722,444,971.73,119.2,1.0
4394,254,29,2754,508,971.71,86.64,1.0
4395,64,25,2564,128,971.49,68.62,1.0
4396,217,28,2717,434,971.44,84.39,1.0
4397,253,13,2753,506,971.44,118.69,1.0
4398,66,11,2566,132,971.43,87.95,1.0
4399,194,27,2694,388,971.43,85.19,1.0
4400,26,24,2526,52,971.41,65.48,1.0
4401,250,29,2750,500,971.4,82.58,1.0
4402,230,14,2730,460,971.39,119.39,1.0
4403,13,11,2513,26,971.37,71.36,1.0
4404,211,28,2711,422,971.29,83.0,1.0
4405,284,37,2784,568,971.18,85.79,1.0
4406,256,29,2756,512,971.17,87.56,1.0
4407,113,25,2613,226,971.13,78.07,1.0
4408,59,11,2559,118,971.1,87.14,1.0
4409,12,24,2512,24,971.09,58.2,1.0
4410,216,28,2716,432,971.06,84.75,1.0
4411,175,27,2675,350,971.03,76.43,1.0
4412,261,29,2761,522,971.02,87.63,1.0
4413,282,40,2782,564,970.99,90.68,1.0
4414,20,11,2520,40,970.93,77.81,1.0
4415,103,26,2603,206,970.92,70.98,1.0
4416,276,13,2776,552,970.88,130.59,1.0
4417,68,11,2568,136,970.84,87.46,1.0
4418,60,11,2560,120,970.77,86.6,1.0
4419,292,37,2792,584,970.76,92.08,1.0
4420,295,33,2795,590,970.76,91.73,1.0
4421,267,14,2767,534,970.72,123.43,1.0
4422,63,25,2563,126,970.69,69.47,1.0
4423,292,41,2792,584,970.66,87.42,1.0
4424,31,11,2531,62,970.65,76.75,1.0
4425,34,24,2534,68,970.62,61.94,1.0
4426,169,27,2669,338,970.6,81.83,1.0
4427,103,11,2603,206,970.53,96.78,1.0
4428,218,28,2718,436,970.5,77.76,1.0
4429,290,42,2790,580,970.36,83.8,1.0
4430,46,24,2546,92,970.35,67.51,1.0
4431,173,13,2673,346,970.34,114.01,1.0
4432,290,40,2790,580,970.3,86.96,1.0
4433,8,11,2508,16,970.25,73.97,1.0
4434,173,27,2673,346,970.2,83.89,1.0
4435,53,25,2553,106,970.19,64.52,1.0
4436,251,29,2751,502,970.17,89.44,1.0
4437,287,31,2787,574,970.15,90.66,1.0
4438,1,10,2501,2,970.14,73.42,1.0
4439,263,29,2763,526,970.14,85.19,1.0
4440,170,27,2670,340,970.13,78.11,1.0
4441,213,28,2713,426,970.04,82.11,1.0
4442,34,11,2534,68,970.01,81.45,1.0
4443,56,11,2556,112,970.0,90.65,1.0
4444,253,29,2753,506,969.99,81.53,1.0
4445,292,35,2792,584,969.96,91.16,1.0
4446,235,29,2735,470,969.92,82.54,1.0
4447,252,14,2752,504,969.92,128.27,1.0
4448,274,29,2774,548,969.88,87.83,1.0
4449,250,12,2750,500,969.86,127.82,1.0
4450,287,42,2787,574,969.86,89.53,1.0
4451,19,11,2519,38,969.85,76.29,1.0
4452,87,12,2587,174,969.85,91.43,1.0
4453,7,24,2507,14,969.8,59.17,1.0
4454,67,11,2567,134,969.76,88.56,1.0
4455,284,40,2784,568,969.75,91.85,1.0
4456,244,28,2744,488,969.72,88.06,1.0
4457,295,37,2795,590,969.7,89.99,1.0
4458,145,27,2645,290,969.67,74.5,1.0
4459,188,27,2688,376,969.67,82.32,1.0
4460,290,31,2790,580,969.66,81.91,1.0
4461,287,43,2787,574,969.65,88.56,1.0
4462,290,44,2790,580,969.65,83.47,1.0
4463,287,30,2787,574,969.59,90.57,1.0
4464,37,24,2537,74,969.58,63.05,1.0
4465,186,12,2686,372,969.55,118.07,1.0
4466,155,27,2655,310,969.54,77.54,1.0
4467,40,24,2540,80,969.53,68.58,1.0
4468,162,27,2662,324,969.51,74.15,1.0
4469,165,12,2665,330,969.47,111.23,1.0
4470,100,11,2600,200,969.44,99.92,1.0
4471,18,24,2518,36,969.43,61.36,1.0
4472,131,12,2631,262,969.43,106.69,1.0
4473,282,37,2782,564,969.43,90.64,1.0
4474,81,11,2581,162,969.36,95.02,1.0
4475,268,13,2768,536,969.36,125.19,1.0
4476,282,33,2782,564,969.35,88.23,1.0
4477,37,11,2537,74,969.34,79.29,1.0
4478,290,38,2790,580,969.33,82.3,1.0
4479,35,24,2535,70,969.28,62.23,1.0
4480,218,13,2718,436,969.28,117.56,1.0
4481,208,28,2708,416,969.26,77.83,1.0
4482,295,35,2795,590,969.21,91.11,1.0
4483,287,35,2787,574,969.15,94.21,1.0
4484,284,35,2784,568,969.09,87.85,1.0
4485,115,26,2615,230,969.07,73.82,1.0
4486,282,38,2782,564,969.05,85.67,1.0
4487,299,13,2799,598,969.03,137.96,1.0
4488,2,24,2502,4,968.94,58.05,1.0
4489,79,12,2579,158,968.94,89.34,1.0
4490,143,12,2643,286,968.92,103.58,1.0
4491,290,35,2790,580,968.9,82.39,1.0
4492,290,36,2790,580,968.9,86.14,1.0
4493,122,26,2622,244,968.89,75.84,1.0
4494,21,10,2521,42,968.87,76.26,1.0
4495,282,30,2782,564,968.87,87.0,1.0
4496,287,33,2787,574,968.81,90.5,1.0
4497,287,37,2787,574,968.78,88.94,1.0
4498,283,29,2783,566,968.77,92.05,1.0
4499,300,37,2800,600,968.72,87.2,1.0
4500,136,12,2636,272,968.67,105.71,1.0
4501,282,44,2782,564,968.66,87.01,1.0
4502,69,11,2569,138,968.63,87.46,1.0
4503,266,13,2766,532,968.61,120.16,1.0
4504,86,11,2586,172,968.52,96.52,1.0
4505,119,26,2619,238,968.48,75.25,1.0
4506,284,41,2784,568,968.43,90.54,1.0
4507,229,13,2729,458,968.41,112.03,1.0
4508,122,12,2622,244,968.39,104.88,1.0
4509,206,28,2706,412,968.36,86.95,1.0
4510,98,11,2598,196,968.33,92.28,1.0
4511,204,28,2704,408,968.31,81.24,1.0
4512,49,11,2549,98,968.3,85.4,1.0
4513,236,13,2736,472,968.26,122.14,1.0
4514,284,36,2784,568,968.26,87.71,1.0
4515,222,28,2722,444,968.25,83.3,1.0
4516,295,32,2795,590,968.17,91.55,1.0
4517,50,25,2550,100,968.16,67.24,1.0
4518,177,12,2677,354,968.15,112.69,1.0
4519,294,14,2794,588,968.15,132.19,1.0
4520,300,34,2800,600,968.13,86.66,1.0
4521,121,12,2621,242,968.12,101.76,1.0
4522,145,12,2645,290,968.09,103.33,1.0
4523,295,44,2795,590,968.08,90.32,1.0
4524,284,33,2784,568,968.05,89.43,1.0
4525,59,25,2559,118,968.01,68.39,1.0
4526,105,11,2605,210,967.95,94.98,1.0
4527,128,12,2628,256,967.92,103.7,1.0
4528,9,24,2509,18,967.86,58.67,1.0
4529,284,39,2784,568,967.84,90.1,1.0
4530,283,14,2783,566,967.78,127.47,1.0
4531,273,29,2773,546,967.68,86.81,1.0
4532,77,25,2577,154,967.61,72.2,1.0
4533,221,28,2721,442,967.5,88.83,1.0
4534,120,26,2620,240,967.47,72.53,1.0
4535,295,36,2795,590,967.39,91.36,1.0
4536,149,27,2649,298,967.37,74.2,1.0
4537,22,24,2522,44,967.36,64.09,1.0
4538,109,26,2609,218,967.34,70.94,1.0
4539,282,32,2782,564,967.34,88.03,1.0
4540,295,43,2795,590,967.33,89.03,1.0
4541,128,26,2628,256,967.29,72.49,1.0
4542,16,10,2516,32,967.24,73.95,1.0
4543,151,27,2651,302,967.24,82.3,1.0
4544,292,31,2792,584,967.24,89.78,1.0
4545,295,41,2795,590,967.23,94.66,1.0
4546,78,11,2578,156,967.21,91.43,1.0
4547,157,12,2657,314,967.2,109.85,1.0
4548,178,27,2678,356,967.17,81.95,1.0
4549,292,42,2792,584,967.15,91.21,1.0
4550,290,45,2790,580,967.14,84.57,1.0
4551,159,12,2659,318,967.12,109.15,1.0
4552,287,44,2787,574,967.07,93.4,1.0
4553,192,13,2692,384,967.06,108.75,1.0
4554,0,10,2500,0,967.04,68.91,1.0
4555,92,12,2592,184,967.03,100.15,1.0
4556,277,29,2777,554,967.01,92.68,1.0
4557,0,24,2500,0,967.0,59.22,1.0
4558,290,13,2790,580,967.0,129.93,1.0
4559,157,27,2657,314,966.99,74.02,1.0
4560,296,14,2796,592,966.98,121.21,1.0
4561,72,25,2572,144,966.97,71.1,1.0
4562,299,31,2799,598,966.97,91.1,1.0
4563,129,12,2629,258,966.96,104.32,1.0
4564,292,38,2792,584,966.94,88.1,1.0
4565,259,29,2759,518,966.8,88.83,1.0
4566,282,34,2782,564,966.75,88.8,1.0
4567,282,39,2782,564,966.62,88.79,1.0
4568,45,25,2545,90,966.58,65.35,1.0
4569,39,24,2539,78,966.56,63.16,1.0
4570,154,27,2654,308,966.54,79.59,1.0
4571,248,29,2748,496,966.54,86.86,1.0
4572,79,25,2579,158,966.53,69.67,1.0
4573,9,10,2509,18,966.46,77.26,1.0
4574,25,24,2525,50,966.44,60.39,1.0
4575,267,29,2767,534,966.43,88.38,1.0
4576,159,27,2659,318,966.39,79.34,1.0
4577,287,41,2787,574,966.38,90.53,1.0
4578,11,24,2511,22,966.37,56.64,1.0
4579,292,43,2792,584,966.32,87.71,1.0
4580,287,40,2787,574,966.28,91.35,1.0
4581,275,13,2775,550,966.26,124.31,1.0
4582,83,25,2583,166,966.24,74.18,1.0
4583,292,30,2792,584,966.24,92.16,1.0
4584,255,29,2755,510,966.14,89.28,1.0
4585,300,42,2800,600,966.12,87.67,1.0
4586,292,36,2792,584,966.06,88.4,1.0
4587,287,32,2787,574,966.02,88.59,1.0
4588,300,40,2800,600,965.99,87.4,1.0
4589,300,31,2800,600,965.91,86.75,1.0
4590,27,10,2527,54,965.89,79.95,1.0
4591,292,44,2792,584,965.89,89.73,1.0
4592,292,32,2792,584,965.84,89.75,1.0
4593,286,37,2786,572,965.82,83.82,1.0
4594,261,13,2761,522,965.79,119.85,1.0
4595,290,43,2790,580,965.79,86.39,1.0
4596,292,45,2792,584,965.76,88.25,1.0
4597,282,36,2782,564,965.71,89.02,1.0
4598,233,29,2733,466,965.69,84.82,1.0
4599,299,34,2799,598,965.64,87.88,1.0
4600,160,27,2660,320,965.62,75.98,1.0
4601,39,11,2539,78,965.59,83.44,1.0
4602,3,10,2503,6,965.59,74.26,1.0
4603,295,40,2795,590,965.59,87.63,1.0
4604,30,24,2530,60,965.54,66.05,1.0
4605,154,12,2654,308,965.51,105.3,1.0
4606,300,44,2800,600,965.43,89.04,1.0
4607,108,11,2608,216,965.39,96.31,1.0
4608,286,36,2786,572,965.36,84.24,1.0
4609,240,29,2740,480,965.35,84.62,1.0
4610,124,26,2624,248,965.34,75.81,1.0
4611,166,12,2666,332,965.33,108.35,1.0
4612,224,28,2724,448,965.32,83.26,1.0
4613,199,28,2699,398,965.3,80.26,1.0
4614,171,27,2671,342,965.29,78.47,1.0
4615,10,24,2510,20,965.21,59.72,1.0
4616,13,24,2513,26,965.2,61.61,1.0
4617,286,41,2786,572,965.16,86.91,1.0
4618,163,27,2663,326,965.13,84.9,1.0
4619,282,31,2782,564,965.13,91.46,1.0
4620,299,33,2799,598,965.04,88.97,1.0
4621,212,13,2712,424,964.94,116.04,1.0
4622,82,11,2582,164,964.91,91.35,1.0
4623,238,12,2738,476,964.89,118.31,1.0
4624,300,38,2800,600,964.88,86.56,1.0
4625,220,28,2720,440,964.87,80.79,1.0
4626,83,11,2583,166,964.86,94.22,1.0
4627,299,36,2799,598,964.83,91.32,1.0
4628,115,11,2615,230,964.77,102.05,1.0
4629,299,42,2799,598,964.75,86.31,1.0
4630,168,27,2668,336,964.73,78.09,1.0
4631,58,25,2558,116,964.62,66.84,1.0
4632,292,33,2792,584,964.61,90.11,1.0
4633,6,24,2506,12,964.57,64.24,1.0
4634,44,25,2544,88,964.54,64.38,1.0
4635,282,41,2782,564,964.48,89.82,1.0
4636,295,31,2795,590,964.48,88.23,1.0
4637,279,29,2779,558,964.47,86.27,1.0
4638,300,36,2800,600,964.33,85.94,1.0
4639,293,14,2793,586,964.28,126.99,1.0
4640,251,13,2751,502,964.27,123.87,1.0
4641,299,43,2799,598,964.26,87.32,1.0
4642,287,13,2787,574,964.25,129.11,1.0
4643,58,11,2558,116,964.24,83.3,1.0
4644,136,26,2636,272,964.16,78.17,1.0
4645,148,12,2648,296,964.15,103.61,1.0
4646,284,38,2784,568,964.06,90.61,1.0
4647,50,10,2550,100,963.98,81.49,1.0
4648,110,26,2610,220,963.95,73.4,1.0
4649,265,12,2765,530,963.95,118.17,1.0
4650,17,24,2517,34,963.93,60.16,1.0
4651,102,26,2602,204,963.92,74.28,1.0
4652,112,12,2612,224,963.91,93.5,1.0
4653,282,43,2782,564,963.9,89.5,1.0
4654,15,10,2515,30,963.84,76.25,1.0
4655,299,39,2799,598,963.83,86.13,1.0
4656,87,25,2587,174,963.81,73.23,1.0
4657,181,12,2681,362,963.76,107.98,1.0
4658,300,43,2800,600,963.76,90.07,1.0
4659,292,39,2792,584,963.76,91.06,1.0
4660,46,11,2546,92,963.73,84.01,1.0
4661,210,12,2710,420,963.68,116.35,1.0
4662,289,31,2789,578,963.68,90.14,1.0
4663,172,27,2672,344,963.62,84.03,1.0
4664,200,28,2700,400,963.62,85.19,1.0
4665,284,44,2784,568,963.61,91.35,1.0
4666,153,27,2653,306,963.6,79.78,1.0
4667,203,28,2703,406,963.54,83.88,1.0
4668,295,45,2795,590,963.5,89.09,1.0
4669,51,25,2551,102,963.45,68.11,1.0
4670,57,25,2557,114,963.44,66.98,1.0
4671,219,29,2719,438,963.41,83.13,1.0
4672,49,25,2549,98,963.32,69.97,1.0
4673,174,12,2674,348,963.26,112.83,1.0
4674,2,10,2502,4,963.23,70.92,1.0
4675,264,29,2764,528,963.23,86.89,1.0
4676,280,35,2780,560,963.23,85.85,1.0
4677,279,14,2779,558,963.22,125.39,1.0
4678,284,32,2784,568,963.21,88.24,1.0
4679,286,33,2786,572,963.18,85.46,1.0
4680,166,27,2666,332,963.1,76.55,1.0
4681,284,34,2784,568,963.03,91.19,1.0
4682,120,11,2620,240,963.02,101.68,1.0
4683,112,26,2612,224,963.0,74.63,1.0
4684,172,12,2672,344,962.91,106.56,1.0
4685,286,31,2786,572,962.87,87.11,1.0
4686,299,38,2799,598,962.87,88.0,1.0
4687,293,31,2793,586,962.68,86.03,1.0
4688,80,11,2580,160,962.65,94.72,1.0
4689,245,12,2745,490,962.63,123.87,1.0
4690,292,34,2792,584,962.63,86.97,1.0
4691,300,41,2800,600,962.62,90.23,1.0
4692,293,37,2793,586,962.62,82.19,1.0
4693,152,12,2652,304,962.6,107.23,1.0
4694,106,12,2606,212,962.59,95.21,1.0
4695,298,32,2798,596,962.56,90.92,1.0
4696,4,10,2504,8,962.53,73.15,1.0
4697,287,39,2787,574,962.47,91.32,1.0
4698,56,25,2556,112,962.44,66.04,1.0
4699,286,39,2786,572,962.43,89.9,1.0
4700,169,12,2669,338,962.37,107.71,1.0
4701,282,13,2782,564,962.28,133.29,1.0
4702,287,34,2787,574,962.28,90.87,1.0
4703,285,43,2785,570,962.27,87.21,1.0
4704,4,24,2504,8,962.22,61.99,1.0
4705,150,27,2650,300,962.22,78.32,1.0
4706,62,10,2562,124,962.17,88.52,1.0
4707,292,40,2792,584,962.16,88.77,1.0
4708,100,26,2600,200,962.14,71.19,1.0
4709,230,28,2730,460,962.11,85.07,1.0
4710,130,12,2630,260,962.1,99.35,1.0
4711,282,35,2782,564,962.1,88.37,1.0
4712,300,39,2800,600,962.08,83.37,1.0
4713,183,28,2683,366,962.06,76.2,1.0
4714,286,32,2786,572,962.06,87.19,1.0
4715,285,33,2785,570,962.04,87.01,1.0
4716,285,36,2785,570,962.04,84.22,1.0
4717,94,26,2594,188,962.03,73.63,1.0
4718,270,40,2770,540,961.99,79.77,1.0
4719,284,31,2784,568,961.99,90.67,1.0
4720,10,10,2510,20,961.95,76.75,1.0
4721,282,45,2782,564,961.95,87.87,1.0
4722,69,25,2569,138,961.94,67.02,1.0
4723,280,36,2780,560,961.93,85.96,1.0
4724,197,12,2697,394,961.88,113.72,1.0
4725,289,30,2789,578,961.87,87.86,1.0
4726,127,11,2627,254,961.79,101.76,1.0
4727,40,11,2540,80,961.77,83.78,1.0
4728,270,35,2770,540,961.71,81.14,1.0
4729,270,37,2770,540,961.71,81.15,1.0
4730,299,44,2799,598,961.68,86.48,1.0
4731,299,40,2799,598,961.63,86.06,1.0
4732,284,42,2784,568,961.59,89.71,1.0
4733,88,11,2588,176,961.57,97.95,1.0
4734,85,11,2585,170,961.57,94.2,1.0
4735,286,43,2786,572,961.57,86.72,1.0
4736,286,34,2786,572,961.54,88.89,1.0
4737,298,39,2798,596,961.51,93.76,1.0
4738,215,29,2715,430,961.49,80.99,1.0
4739,284,43,2784,568,961.45,88.07,1.0
4740,297,46,2797,594,961.44,89.76,1.0
4741,285,44,2785,570,961.43,87.83,1.0
4742,175,12,2675,350,961.41,111.11,1.0
4743,298,35,2798,596,961.39,93.74,1.0
4744,284,30,2784,568,961.36,92.21,1.0
4745,286,30,2786,572,961.36,86.65,1.0
4746,293,40,2793,586,961.36,86.61,1.0
4747,292,13,2792,584,961.35,129.76,1.0
4748,3,24,2503,6,961.33,60.3,1.0
4749,266,32,2766,532,961.3,85.76,1.0
4750,270,34,2770,540,961.3,81.61,1.0
4751,75,11,2575,150,961.28,92.05,1.0
4752,266,39,2766,532,961.28,86.42,1.0
4753,147,12,2647,294,961.27,111.26,1.0
4754,174,28,2674,348,961.25,70.55,1.0
4755,202,12,2702,404,961.2,115.17,1.0
4756,293,36,2793,586,961.16,84.59,1.0
4757,206,12,2706,412,961.14,120.41,1.0
4758,262,12,2762,524,961.12,126.45,1.0
4759,260,12,2760,520,961.1,127.6,1.0
4760,270,33,2770,540,961.1,84.95,1.0
4761,63,11,2563,126,961.07,91.98,1.0
4762,240,12,2740,480,961.07,123.82,1.0
4763,55,25,2555,110,961.06,64.58,1.0
4764,41,10,2541,82,961.06,85.25,1.0
4765,286,38,2786,572,961.05,88.5,1.0
4766,289,32,2789,578,961.04,91.48,1.0
4767,158,27,2658,316,961.0,74.06,1.0
4768,254,12,2754,508,961.0,120.18,1.0
4769,202,28,2702,404,960.99,85.71,1.0
4770,234,29,2734,468,960.99,83.49,1.0
4771,146,27,2646,292,960.91,76.52,1.0
4772,243,29,2743,486,960.88,87.67,1.0
4773,217,13,2717,434,960.86,121.15,1.0
4774,133,27,2633,266,960.82,74.32,1.0
4775,141,12,2641,282,960.79,105.91,1.0
4776,185,28,2685,370,960.77,76.82,1.0
4777,293,34,2793,586,960.69,82.7,1.0
4778,286,35,2786,572,960.68,85.0,1.0
4779,286,40,2786,572,960.67,85.06,1.0
4780,153,11,2653,306,960.64,108.18,1.0
4781,300,33,2800,600,960.64,91.3,1.0
4782,280,37,2780,560,960.63,87.86,1.0
4783,201,28,2701,402,960.57,84.13,1.0
4784,270,44,2770,540,960.56,82.3,1.0
4785,193,12,2693,386,960.53,114.7,1.0
4786,72,11,2572,144,960.52,88.7,1.0
4787,266,38,2766,532,960.47,85.5,1.0
4788,299,41,2799,598,960.47,89.43,1.0
4789,300,30,2800,600,960.46,89.45,1.0
4790,258,14,2758,516,960.45,117.39,1.0
4791,133,11,2633,266,960.39,104.98,1.0
4792,298,36,2798,596,960.38,90.84,1.0
4793,237,12,2737,474,960.36,123.67,1.0
4794,282,42,2782,564,960.32,89.84,1.0
4795,299,30,2799,598,960.3,87.82,1.0
4796,289,33,2789,578,960.25,90.68,1.0
4797,208,12,2708,416,960.23,116.25,1.0
4798,36,25,2536,72,960.18,62.94,1.0
4799,207,28,2707,414,960.14,79.25,1.0
4800,289,34,2789,578,960.12,88.32,1.0
4801,156,27,2656,312,960.09,80.02,1.0
4802,11,10,2511,22,960.08,73.5,1.0
4803,162,12,2662,324,960.07,106.91,1.0
4804,298,43,2798,596,960.04,92.36,1.0
4805,90,11,2590,180,960.03,97.26,1.0
4806,54,25,2554,108,960.01,65.81,1.0
4807,183,12,2683,366,960.0,110.96,1.0
4808,43,25,2543,86,959.99,67.01,1.0
4809,289,35,2789,578,959.97,88.53,1.0
4810,235,12,2735,470,959.96,126.1,1.0
4811,266,42,2766,532,959.91,83.38,1.0
4812,184,28,2684,368,959.9,79.97,1.0
4813,12,10,2512,24,959.89,75.25,1.0
4814,137,12,2637,274,959.83,100.68,1.0
4815,288,13,2788,576,959.83,133.69,1.0
4816,126,11,2626,252,959.81,104.54,1.0
4817,298,40,2798,596,959.8,88.69,1.0
4818,38,25,2538,76,959.77,64.28,1.0
4819,300,35,2800,600,959.77,84.73,1.0
4820,197,28,2697,394,959.76,79.12,1.0
4821,293,43,2793,586,959.74,86.4,1.0
4822,256,13,2756,512,959.65,125.44,1.0
4823,293,35,2793,586,959.65,86.97,1.0
4824,299,35,2799,598,959.59,88.63,1.0
4825,158,12,2658,316,959.58,106.58,1.0
4826,293,32,2793,586,959.53,81.42,1.0
4827,36,10,2536,72,959.46,80.29,1.0
4828,160,12,2660,320,959.46,111.02,1.0
4829,177,28,2677,354,959.46,78.81,1.0
4830,280,41,2780,560,959.46,85.48,1.0
4831,84,11,2584,168,959.44,98.86,1.0
4832,299,32,2799,598,959.43,91.01,1.0
4833,252,13,2752,504,959.4,122.46,1.0
4834,270,41,2770,540,959.39,80.33,1.0
4835,285,41,2785,570,959.39,86.11,1.0
4836,277,13,2777,554,959.38,131.39,1.0
4837,298,44,2798,596,959.31,89.42,1.0
4838,222,12,2722,444,959.27,119.57,1.0
4839,293,39,2793,586,959.27,86.0,1.0
4840,200,12,2700,400,959.26,114.96,1.0
4841,149,11,2649,298,959.23,100.1,1.0
4842,293,41,2793,586,959.23,83.17,1.0
4843,291,13,2791,582,959.21,130.2,1.0
4844,266,41,2766,532,959.15,82.4,1.0
4845,286,42,2786,572,959.1,84.54,1.0
4846,125,11,2625,250,959.07,106.24,1.0
4847,280,40,2780,560,959.06,85.28,1.0
4848,266,34,2766,532,959.02,85.96,1.0
4849,121,26,2621,242,959.0,76.72,1.0
4850,151,12,2651,302,958.98,107.94,1.0
4851,278,13,2778,556,958.96,124.18,1.0
4852,242,13,2742,484,958.91,117.32,1.0
4853,182,12,2682,364,958.9,108.7,1.0
4854,289,42,2789,578,958.86,85.52,1.0
4855,289,13,2789,578,958.85,128.23,1.0
4856,19,24,2519,38,958.81,64.04,1.0
4857,94,11,2594,188,958.79,98.42,1.0
4858,5,24,2505,10,958.77,61.82,1.0
4859,289,43,2789,578,958.76,89.37,1.0
4860,287,45,2787,574,958.73,92.08,1.0
4861,188,13,2688,376,958.72,110.63,1.0
4862,281,30,2781,562,958.71,84.13,1.0
4863,285,42,2785,570,958.7,86.55,1.0
4864,265,42,2765,530,958.68,80.56,1.0
4865,170,12,2670,340,958.67,112.47,1.0
4866,243,12,2743,486,958.67,124.79,1.0
4867,144,27,2644,288,958.64,78.02,1.0
4868,102,11,2602,204,958.6,96.27,1.0
4869,286,44,2786,572,958.59,87.37,1.0
4870,93,26,2593,186,958.55,68.38,1.0
4871,286,13,2786,572,958.54,129.5,1.0
4872,293,33,2793,586,958.53,82.18,1.0
4873,296,39,2796,592,958.53,89.33,1.0
4874,224,13,2724,448,958.52,117.7,1.0
4875,289,37,2789,578,958.51,90.89,1.0
4876,71,26,2571,142,958.48,71.03,1.0
4877,180,12,2680,360,958.44,113.42,1.0
4878,281,31,2781,562,958.44,86.84,1.0
4879,298,30,2798,596,958.42,91.32,1.0
4880,293,38,2793,586,958.41,86.24,1.0
4881,298,31,2798,596,958.36,87.14,1.0
4882,281,36,2781,562,958.35,88.23,1.0
4883,270,42,2770,540,958.34,83.02,1.0
4884,195,28,2695,390,958.32,85.14,1.0
4885,300,32,2800,600,958.21,89.7,1.0
4886,298,37,2798,596,958.21,88.96,1.0
4887,33,10,2533,66,958.2,81.25,1.0
4888,101,26,2601,202,958.2,71.04,1.0
4889,266,43,2766,532,958.16,84.48,1.0
4890,270,30,2770,540,958.15,83.85,1.0
4891,119,11,2619,238,958.12,100.12,1.0
4892,285,35,2785,570,958.1,87.29,1.0
4893,7,10,2507,14,958.09,75.14,1.0
4894,186,28,2686,372,958.07,84.32,1.0
4895,288,32,2788,576,958.07,88.47,1.0
4896,265,33,2765,530,958.04,83.21,1.0
4897,293,44,2793,586,958.0,84.91,1.0
4898,23,10,2523,46,957.96,81.89,1.0
4899,266,33,2766,532,957.95,86.74,1.0
4900,18,10,2518,36,957.93,76.71,1.0
4901,234,12,2734,468,957.93,122.16,1.0
4902,35,11,2535,70,957.92,81.61,1.0
4903,285,32,2785,570,957.91,88.34,1.0
4904,289,40,2789,578,957.85,90.66,1.0
4905,194,28,2694,388,957.82,85.83,1.0
4906,300,12,2800,600,957.81,122.53,1.0
4907,299,37,2799,598,957.81,88.06,1.0
4908,23,25,2523,46,957.79,62.43,1.0
4909,269,29,2769,538,957.78,92.08,1.0
4910,156,12,2656,312,957.77,105.91,1.0
4911,173,12,2673,346,957.77,117.37,1.0
4912,89,26,2589,178,957.75,70.98,1.0
4913,232,12,2732,464,957.75,124.84,1.0
4914,298,41,2798,596,957.75,88.07,1.0
4915,272,34,2772,544,957.7,88.8,1.0
4916,88,26,2588,176,957.63,67.5,1.0
4917,135,12,2635,270,957.6,107.54,1.0
4918,288,41,2788,576,957.6,89.95,1.0
4919,265,39,2765,530,957.44,83.4,1.0
4920,95,26,2595,190,957.43,69.22,1.0
4921,211,12,2711,422,957.35,118.71,1.0
4922,276,36,2776,552,957.35,84.45,1.0
4923,290,46,2790,580,957.32,85.67,1.0
4924,285,31,2785,570,957.31,88.45,1.0
4925,246,29,2746,492,957.3,86.94,1.0
4926,76,25,2576,152,957.24,71.7,1.0
4927,293,42,2793,586,957.24,85.86,1.0
4928,228,29,2728,456,957.23,80.72,1.0
4929,296,40,2796,592,957.23,88.46,1.0
4930,138,27,2638,276,957.21,73.75,1.0
4931,270,36,2770,540,957.21,83.16,1.0
4932,280,31,2780,560,957.21,89.76,1.0
4933,288,31,2788,576,957.21,94.05,1.0
4934,27,25,2527,54,957.18,62.6,1.0
4935,289,36,2789,578,957.11,90.29,1.0
4936,233,12,2733,466,957.09,118.91,1.0
4937,275,36,2775,550,957.09,85.11,1.0
4938,273,39,2773,546,957.07,87.85,1.0
4939,96,26,2596,192,957.06,71.83,1.0
4940,280,38,2780,560,957.06,89.12,1.0
4941,266,30,2766,532,957.04,86.66,1.0
4942,57,11,2557,114,957.03,87.39,1.0
4943,285,38,2785,570,957.03,89.78,1.0
4944,164,13,2664,328,957.0,114.54,1.0
4945,270,32,2770,540,956.99,82.34,1.0
4946,74,25,2574,148,956.97,69.89,1.0
4947,152,27,2652,304,956.97,78.9,1.0
4948,295,13,2795,590,956.97,136.78,1.0
4949,288,39,2788,576,956.96,88.05,1.0
4950,296,44,2796,592,956.96,91.13,1.0
4951,265,35,2765,530,956.88,81.44,1.0
4952,296,30,2796,592,956.88,86.52,1.0
4953,44,10,2544,88,956.83,79.62,1.0
4954,32,25,2532,64,956.82,62.05,1.0
4955,178,12,2678,356,956.82,109.8,1.0
4956,270,39,2770,540,956.81,81.6,1.0
4957,296,37,2796,592,956.79,85.09,1.0
4958,252,29,2752,504,956.75,94.5,1.0
4959,97,26,2597,194,956.71,72.13,1.0
4960,266,36,2766,532,956.7,85.62,1.0
4961,289,44,2789,578,956.65,90.77,1.0
4962,298,38,2798,596,956.64,92.01,1.0
4963,285,30,2785,570,956.61,85.82,1.0
4964,95,11,2595,190,956.6,94.48,1.0
4965,289,39,2789,578,956.57,86.88,1.0
4966,288,33,2788,576,956.55,88.72,1.0
4967,86,26,2586,172,956.52,69.66,1.0
4968,273,44,2773,546,956.5,84.39,1.0
4969,247,12,2747,494,956.49,128.02,1.0
4970,288,38,2788,576,956.4,87.72,1.0
4971,41,25,2541,82,956.3,61.44,1.0
4972,276,33,2776,552,956.25,86.65,1.0
4973,280,34,2780,560,956.23,87.38,1.0
4974,285,37,2785,570,956.23,88.99,1.0
4975,171,12,2671,342,956.21,112.72,1.0
4976,272,31,2772,544,956.21,89.83,1.0
4977,280,39,2780,560,956.19,86.0,1.0
4978,265,41,2765,530,956.15,82.24,1.0
4979,275,44,2775,550,956.14,87.2,1.0
4980,280,33,2780,560,956.13,84.52,1.0
4981,62,26,2562,124,956.12,65.28,1.0
4982,189,28,2689,378,956.08,82.29,1.0
4983,266,40,2766,532,956.07,85.6,1.0
4984,281,13,2781,562,956.07,133.23,1.0
4985,214,13,2714,428,956.05,110.84,1.0
4986,226,29,2726,452,956.03,83.24,1.0
4987,265,36,2765,530,955.98,85.66,1.0
4988,275,37,2775,550,955.96,90.19,1.0
4989,288,35,2788,576,955.96,88.88,1.0
4990,25,10,2525,50,955.92,82.26,1.0
4991,289,41,2789,578,955.92,92.16,1.0
4992,272,33,2772,544,955.91,86.65,1.0
4993,140,27,2640,280,955.9,78.9,1.0
4994,161,12,2661,322,955.89,109.97,1.0
4995,273,37,2773,546,955.86,86.72,1.0
4996,296,35,2796,592,955.84,87.92,1.0
4997,300,45,2800,600,955.8,87.47,1.0
4998,272,36,2772,544,955.79,84.85,1.0
4999,285,13,2785,570,955.79,129.13,1.0
5000,241,13,2741,482,955.78,125.79,1.0
5001,272,39,2772,544,955.77,92.98,1.0
5002,285,40,2785,570,955.77,86.16,1.0
5003,275,41,2775,550,955.76,90.59,1.0
5004,293,30,2793,586,955.74,85.5,1.0
5005,296,43,2796,592,955.73,90.55,1.0
5006,265,37,2765,530,955.72,82.58,1.0
5007,275,40,2775,550,955.71,86.09,1.0
5008,270,43,2770,540,955.71,85.71,1.0
5009,280,44,2780,560,955.64,83.1,1.0
5010,139,12,2639,278,955.63,107.02,1.0
5011,276,32,2776,552,955.63,80.95,1.0
5012,209,29,2709,418,955.58,78.95,1.0
5013,291,31,2791,582,955.57,93.55,1.0
5014,26,10,2526,52,955.55,79.5,1.0
5015,294,39,2794,588,955.51,84.76,1.0
5016,288,44,2788,576,955.47,87.08,1.0
5017,99,26,2599,198,955.46,70.34,1.0
5018,285,34,2785,570,955.45,90.14,1.0
5019,291,32,2791,582,955.43,89.23,1.0
5020,288,34,2788,576,955.38,90.44,1.0
5021,270,38,2770,540,955.35,83.92,1.0
5022,285,39,2785,570,955.35,86.69,1.0
5023,226,12,2726,452,955.33,122.16,1.0
5024,229,29,2729,458,955.33,82.15,1.0
5025,266,35,2766,532,955.33,83.63,1.0
5026,280,43,2780,560,955.32,82.74,1.0
5027,28,10,2528,56,955.3,75.88,1.0
5028,107,26,2607,214,955.3,74.49,1.0
5029,155,12,2655,310,955.25,113.06,1.0
5030,124,11,2624,248,955.24,99.08,1.0
5031,244,13,2744,488,955.2,121.08,1.0
5032,299,45,2799,598,955.18,90.61,1.0
5033,294,31,2794,588,955.18,86.44,1.0
5034,193,28,2693,386,955.17,81.38,1.0
5035,116,26,2616,232,955.11,72.83,1.0
5036,280,32,2780,560,955.08,90.09,1.0
5037,104,26,2604,208,955.03,71.66,1.0
5038,116,12,2616,232,955.03,100.21,1.0
5039,142,27,2642,284,955.0,78.06,1.0
5040,48,25,2548,96,954.99,65.66,1.0
5041,111,26,2611,222,954.99,71.74,1.0
5042,289,38,2789,578,954.93,92.31,1.0
5043,291,44,2791,582,954.89,90.15,1.0
5044,296,32,2796,592,954.86,89.63,1.0
5045,246,13,2746,492,954.8,124.21,1.0
5046,266,37,2766,532,954.78,84.1,1.0
5047,6,10,2506,12,954.76,73.32,1.0
5048,277,31,2777,554,954.76,85.95,1.0
5049,293,45,2793,586,954.76,86.77,1.0
5050,291,35,2791,582,954.74,86.28,1.0
5051,60,25,2560,120,954.69,68.76,1.0
5052,280,30,2780,560,954.69,83.9,1.0
5053,29,10,2529,58,954.67,81.27,1.0
5054,236,29,2736,472,954.67,83.77,1.0
5055,272,30,2772,544,954.67,88.67,1.0
5056,273,43,2773,546,954.65,85.03,1.0
5057,42,25,2542,84,954.62,68.89,1.0
5058,90,26,2590,180,954.6,72.49,1.0
5059,20,10,2520,40,954.54,74.81,1.0
5060,265,38,2765,530,954.53,86.97,1.0
5061,32,10,2532,64,954.51,77.48,1.0
5062,284,45,2784,568,954.48,88.58,1.0
5063,146,11,2646,292,954.47,109.05,1.0
5064,298,34,2798,596,954.46,91.53,1.0
5065,265,43,2765,530,954.45,82.59,1.0
5066,272,40,2772,544,954.45,87.08,1.0
5067,91,26,2591,182,954.4,73.02,1.0
5068,164,27,2664,328,954.39,79.09,1.0
5069,232,29,2732,464,954.39,84.67,1.0
5070,296,34,2796,592,954.38,90.61,1.0
5071,216,29,2716,432,954.36,80.81,1.0
5072,14,10,2514,28,954.35,76.95,1.0
5073,265,30,2765,530,954.35,84.46,1.0
5074,275,39,2775,550,954.35,92.41,1.0
5075,272,35,2772,544,954.34,87.73,1.0
5076,270,31,2770,540,954.32,79.09,1.0
5077,187,12,2687,374,954.24,114.37,1.0
5078,296,41,2796,592,954.2,92.84,1.0
5079,106,26,2606,212,954.15,73.57,1.0
5080,294,41,2794,588,954.12,88.56,1.0
5081,289,45,2789,578,954.1,91.61,1.0
5082,148,27,2648,296,954.08,73.78,1.0
5083,291,41,2791,582,954.06,89.86,1.0
5084,291,43,2791,582,954.05,90.72,1.0
5085,132,27,2632,264,954.02,76.1,1.0
5086,288,40,2788,576,954.0,88.41,1.0
5087,294,40,2794,588,953.99,87.65,1.0
5088,278,41,2778,556,953.96,84.34,1.0
5089,281,39,2781,562,953.94,85.64,1.0
5090,292,46,2792,584,953.94,92.7,1.0
5091,265,34,2765,530,953.91,82.68,1.0
5092,281,40,2781,562,953.9,89.73,1.0
5093,275,38,2775,550,953.89,91.69,1.0
5094,275,43,2775,550,953.88,86.64,1.0
5095,272,38,2772,544,953.78,86.83,1.0
5096,137,27,2637,274,953.75,76.82,1.0
5097,291,39,2791,582,953.71,87.82,1.0
5098,117,12,2617,234,953.69,108.0,1.0
5099,266,31,2766,532,953.69,85.91,1.0
5100,97,11,2597,194,953.67,96.8,1.0
5101,281,43,2781,562,953.66,84.52,1.0
5102,42,10,2542,84,953.65,82.76,1.0
5103,107,11,2607,214,953.65,98.17,1.0
5104,17,10,2517,34,953.64,75.93,1.0
5105,204,12,2704,408,953.64,115.25,1.0
5106,262,39,2762,524,953.64,84.1,1.0
5107,272,13,2772,544,953.63,127.68,1.0
5108,274,14,2774,548,953.59,117.79,1.0
5109,5,10,2505,10,953.56,69.16,1.0
5110,276,42,2776,552,953.52,85.45,1.0
5111,269,13,2769,538,953.51,134.33,1.0
5112,275,35,2775,550,953.51,88.21,1.0
5113,276,37,2776,552,953.46,85.89,1.0
5114,288,42,2788,576,953.45,86.72,1.0
5115,288,43,2788,576,953.4,86.1,1.0
5116,262,40,2762,524,953.37,86.48,1.0
5117,272,43,2772,544,953.37,85.4,1.0
5118,273,38,2773,546,953.36,85.31,1.0
5119,267,13,2767,534,953.35,130.2,1.0
5120,113,11,2613,226,953.31,98.05,1.0
5121,123,11,2623,246,953.3,97.3,1.0
5122,239,12,2739,478,953.3,120.37,1.0
5123,294,44,2794,588,953.29,88.01,1.0
5124,266,44,2766,532,953.28,84.26,1.0
5125,272,45,2772,544,953.25,88.66,1.0
5126,98,26,2598,196,953.23,73.8,1.0
5127,185,12,2685,370,953.21,116.71,1.0
5128,296,31,2796,592,953.21,92.38,1.0
5129,265,40,2765,530,953.2,86.38,1.0
5130,48,11,2548,96,953.15,84.66,1.0
5131,22,10,2522,44,953.12,74.62,1.0
5132,294,36,2794,588,953.1,85.74,1.0
5133,276,31,2776,552,953.06,83.28,1.0
5134,53,10,2553,106,953.05,85.65,1.0
5135,281,33,2781,562,952.99,85.66,1.0
5136,278,39,2778,556,952.96,84.27,1.0
5137,278,40,2778,556,952.91,80.85,1.0
5138,82,26,2582,164,952.89,70.99,1.0
5139,281,34,2781,562,952.87,90.52,1.0
5140,101,11,2601,202,952.84,96.79,1.0
5141,273,13,2773,546,952.81,126.73,1.0
5142,33,25,2533,66,952.72,63.75,1.0
5143,257,12,2757,514,952.72,128.8,1.0
5144,131,27,2631,262,952.71,74.06,1.0
5145,181,28,2681,362,952.69,76.93,1.0
5146,135,27,2635,270,952.66,76.08,1.0
5147,281,37,2781,562,952.66,86.31,1.0
5148,70,26,2570,140,952.65,67.42,1.0
5149,282,46,2782,564,952.63,92.2,1.0
5150,298,33,2798,596,952.58,91.11,1.0
5151,134,11,2634,268,952.52,106.9,1.0
5152,296,38,2796,592,952.52,89.74,1.0
5153,280,42,2780,560,952.5,83.44,1.0
5154,288,37,2788,576,952.49,88.99,1.0
5155,91,11,2591,182,952.43,97.83,1.0
5156,38,10,2538,76,952.42,82.02,1.0
5157,201,12,2701,402,952.42,114.61,1.0
5158,288,30,2788,576,952.39,90.91,1.0
5159,265,31,2765,530,952.36,86.26,1.0
5160,214,28,2714,428,952.33,82.96,1.0
5161,46,25,2546,92,952.31,65.12,1.0
5162,256,35,2756,512,952.3,84.58,1.0
5163,15,25,2515,30,952.29,59.68,1.0
5164,273,40,2773,546,952.26,84.66,1.0
5165,281,44,2781,562,952.26,86.56,1.0
5166,64,10,2564,128,952.25,89.36,1.0
5167,298,13,2798,596,952.22,128.74,1.0
5168,278,37,2778,556,952.21,86.52,1.0
5169,291,34,2791,582,952.21,84.72,1.0
5170,291,40,2791,582,952.17,88.14,1.0
5171,176,12,2676,352,952.11,107.96,1.0
5172,113,26,2613,226,952.06,74.86,1.0
5173,281,42,2781,562,952.03,88.22,1.0
5174,276,44,2776,552,951.96,86.99,1.0
5175,78,26,2578,156,951.95,69.74,1.0
5176,75,26,2575,150,951.93,66.07,1.0
5177,275,42,2775,550,951.92,89.2,1.0
5178,286,45,2786,572,951.92,86.79,1.0
5179,275,31,2775,550,951.9,91.62,1.0
5180,256,44,2756,512,951.89,84.26,1.0
5181,291,33,2791,582,951.89,92.71,1.0
5182,288,36,2788,576,951.88,87.73,1.0
5183,207,12,2707,414,951.85,113.07,1.0
5184,273,30,2773,546,951.85,84.33,1.0
5185,273,41,2773,546,951.84,83.42,1.0
5186,275,30,2775,550,951.8,85.98,1.0
5187,24,10,2524,48,951.77,77.27,1.0
5188,189,12,2689,378,951.75,112.08,1.0
5189,262,42,2762,524,951.74,84.88,1.0
5190,85,26,2585,170,951.66,68.56,1.0
5191,280,45,2780,560,951.64,92.04,1.0
5192,74,11,2574,148,951.61,89.13,1.0
5193,278,44,2778,556,951.55,88.19,1.0
5194,260,36,2760,520,951.52,81.98,1.0
5195,291,37,2791,582,951.49,89.75,1.0
5196,270,45,2770,540,951.45,85.17,1.0
5197,281,35,2781,562,951.44,87.07,1.0
5198,216,12,2716,432,951.43,123.12,1.0
5199,220,13,2720,440,951.42,119.5,1.0
5200,262,36,2762,524,951.41,86.08,1.0
5201,81,26,2581,162,951.36,67.88,1.0
5202,65,10,2565,130,951.35,89.72,1.0
5203,80,26,2580,160,951.34,67.81,1.0
5204,268,40,2768,536,951.32,81.75,1.0
5205,264,13,2764,528,951.32,122.38,1.0
5206,127,27,2627,254,951.31,72.99,1.0
5207,265,44,2765,530,951.28,81.06,1.0
5208,273,33,2773,546,951.26,87.79,1.0
5209,277,44,2777,554,951.26,86.23,1.0
5210,296,36,2796,592,951.16,88.21,1.0
5211,231,29,2731,462,951.12,80.61,1.0
5212,273,36,2773,546,951.11,83.7,1.0
5213,140,11,2640,280,951.09,105.77,1.0
5214,294,34,2794,588,951.07,85.22,1.0
5215,273,34,2773,546,951.06,84.5,1.0
5216,45,10,2545,90,951.05,81.64,1.0
5217,198,28,2698,396,951.04,82.39,1.0
5218,71,10,2571,142,951.01,88.05,1.0
5219,281,41,2781,562,951.01,87.9,1.0
5220,294,30,2794,588,951.0,87.42,1.0
5221,294,38,2794,588,950.98,85.81,1.0
5222,141,27,2641,282,950.96,79.54,1.0
5223,190,12,2690,380,950.96,113.76,1.0
5224,272,37,2772,544,950.94,89.47,1.0
5225,227,12,2727,454,950.93,123.24,1.0
5226,239,29,2739,478,950.92,85.58,1.0
5227,291,30,2791,582,950.92,92.58,1.0
5228,276,43,2776,552,950.91,84.56,1.0
5229,294,37,2794,588,950.88,87.75,1.0
5230,109,11,2609,218,950.82,98.32,1.0
5231,277,42,2777,554,950.82,88.42,1.0
5232,70,10,2570,140,950.8,92.45,1.0
5233,37,25,2537,74,950.73,63.31,1.0
5234,180,28,2680,360,950.72,82.38,1.0
5235,68,10,2568,136,950.69,89.56,1.0
5236,290,47,2790,580,950.66,87.61,1.0
5237,262,35,2762,524,950.6,84.32,1.0
5238,265,45,2765,530,950.55,86.35,1.0
5239,276,39,2776,552,950.52,86.55,1.0
5240,51,10,2551,102,950.49,85.7,1.0
5241,262,38,2762,524,950.49,84.21,1.0
5242,271,13,2771,542,950.43,127.69,1.0
5243,276,35,2776,552,950.4,86.09,1.0
5244,54,10,2554,108,950.33,84.77,1.0
5245,277,30,2777,554,950.3,88.4,1.0
5246,162,28,2662,324,950.22,71.76,1.0
5247,270,13,2770,540,950.2,127.67,1.0
5248,61,10,2561,122,950.14,93.2,1.0
5249,268,33,2768,536,950.14,86.67,1.0
5250,272,42,2772,544,950.11,85.14,1.0
5251,262,41,2762,524,950.08,83.88,1.0
5252,47,25,2547,94,950.07,61.94,1.0
5253,275,33,2775,550,950.06,90.17,1.0
5254,278,34,2778,556,950.06,86.01,1.0
5255,294,43,2794,588,950.03,88.07,1.0
5256,125,27,2625,250,950.02,78.58,1.0
5257,237,29,2737,474,950.01,83.22,1.0
5258,294,13,2794,588,949.97,130.51,1.0
5259,117,26,2617,234,949.95,74.7,1.0
5260,190,28,2690,380,949.95,80.23,1.0
5261,261,42,2761,522,949.93,86.44,1.0
5262,249,12,2749,498,949.92,127.31,1.0
5263,285,45,2785,570,949.92,89.03,1.0
5264,273,31,2773,546,949.91,84.52,1.0
5265,294,32,2794,588,949.9,86.41,1.0
5266,40,25,2540,80,949.88,67.63,1.0
5267,268,30,2768,536,949.87,83.61,1.0
5268,175,28,2675,350,949.84,78.27,1.0
5269,126,27,2626,252,949.79,77.86,1.0
5270,291,38,2791,582,949.79,91.85,1.0
5271,261,38,2761,522,949.77,82.6,1.0
5272,268,34,2768,536,949.77,83.57,1.0
5273,278,38,2778,556,949.77,84.51,1.0
5274,296,42,2796,592,949.73,87.74,1.0
5275,276,40,2776,552,949.72,84.95,1.0
5276,278,30,2778,556,949.72,93.59,1.0
5277,278,33,2778,556,949.68,84.99,1.0
5278,298,42,2798,596,949.68,88.96,1.0
5279,31,25,2531,62,949.67,62.7,1.0
5280,276,34,2776,552,949.64,88.22,1.0
5281,278,31,2778,556,949.64,87.66,1.0
5282,272,41,2772,544,949.62,86.29,1.0
5283,261,44,2761,522,949.61,90.43,1.0
5284,256,31,2756,512,949.58,84.59,1.0
5285,284,12,2784,568,949.57,139.5,1.0
5286,275,32,2775,550,949.55,91.02,1.0
5287,31,10,2531,62,949.52,79.8,1.0
5288,221,13,2721,442,949.51,116.91,1.0
5289,130,27,2630,260,949.5,75.97,1.0
5290,291,36,2791,582,949.46,89.83,1.0
5291,245,31,2745,490,949.42,82.44,1.0
5292,258,29,2758,516,949.42,81.01,1.0
5293,278,42,2778,556,949.38,87.31,1.0
5294,173,28,2673,346,949.37,84.2,1.0
5295,176,28,2676,352,949.37,78.87,1.0
5296,296,33,2796,592,949.37,88.54,1.0
5297,296,45,2796,592,949.37,86.4,1.0
5298,66,10,2566,132,949.32,92.29,1.0
5299,84,26,2584,168,949.31,70.45,1.0
5300,194,12,2694,388,949.27,112.96,1.0
5301,210,29,2710,420,949.27,81.49,1.0
5302,288,45,2788,576,949.21,86.48,1.0
5303,187,28,2687,374,949.18,82.02,1.0
5304,64,26,2564,128,949.15,66.95,1.0
5305,77,11,2577,154,949.15,97.87,1.0
5306,277,43,2777,554,949.13,86.68,1.0
5307,20,25,2520,40,949.1,59.4,1.0
5308,262,31,2762,524,949.08,85.05,1.0
5309,73,10,2573,146,949.05,92.71,1.0
5310,35,25,2535,70,949.04,64.18,1.0
5311,261,43,2761,522,949.04,86.25,1.0
5312,265,32,2765,530,948.99,83.17,1.0
5313,179,28,2679,358,948.97,79.41,1.0
5314,278,43,2778,556,948.95,86.4,1.0
5315,132,11,2632,264,948.94,104.79,1.0
5316,277,37,2777,554,948.93,87.73,1.0
5317,208,29,2708,416,948.91,83.7,1.0
5318,275,34,2775,550,948.91,89.49,1.0
5319,278,32,2778,556,948.9,86.53,1.0
5320,256,40,2756,512,948.89,83.52,1.0
5321,161,27,2661,322,948.88,80.46,1.0
5322,28,25,2528,56,948.87,62.09,1.0
5323,259,12,2759,518,948.87,126.33,1.0
5324,159,11,2659,318,948.82,105.64,1.0
5325,294,33,2794,588,948.82,88.5,1.0
5326,262,37,2762,524,948.8,83.8,1.0
5327,256,42,2756,512,948.76,84.01,1.0
5328,147,27,2647,294,948.75,79.92,1.0
5329,291,42,2791,582,948.74,92.28,1.0
5330,276,38,2776,552,948.73,84.82,1.0
5331,21,25,2521,42,948.69,65.87,1.0
5332,66,26,2566,132,948.68,69.88,1.0
5333,104,11,2604,208,948.68,95.73,1.0
5334,111,11,2611,222,948.66,104.87,1.0
5335,110,11,2610,220,948.61,101.37,1.0
5336,114,11,2614,228,948.61,95.66,1.0
5337,272,32,2772,544,948.6,88.82,1.0
5338,261,30,2761,522,948.56,87.91,1.0
5339,273,32,2773,546,948.51,89.89,1.0
5340,177,11,2677,354,948.46,114.38,1.0
5341,262,34,2762,524,948.43,85.51,1.0
5342,281,38,2781,562,948.39,85.87,1.0
5343,12,25,2512,24,948.37,60.67,1.0
5344,227,29,2727,454,948.32,86.23,1.0
5345,268,32,2768,536,948.31,86.21,1.0
5346,276,30,2776,552,948.31,88.91,1.0
5347,142,11,2642,284,948.27,108.36,1.0
5348,257,39,2757,514,948.27,84.02,1.0
5349,118,11,2618,236,948.25,100.82,1.0
5350,257,38,2757,514,948.25,85.52,1.0
5351,92,11,2592,184,948.19,99.27,1.0
5352,26,25,2526,52,948.14,63.01,1.0
5353,68,26,2568,136,948.11,70.37,1.0
5354,279,39,2779,558,948.11,81.91,1.0
5355,8,24,2508,16,948.07,60.76,1.0
5356,291,45,2791,582,948.07,90.76,1.0
5357,114,27,2614,228,948.06,70.23,1.0
5358,261,39,2761,522,948.06,85.55,1.0
5359,251,12,2751,502,948.05,126.1,1.0
5360,276,41,2776,552,948.04,89.67,1.0
5361,96,11,2596,192,948.02,100.3,1.0
5362,78,10,2578,156,948.01,88.61,1.0
5363,262,44,2762,524,948.01,88.09,1.0
5364,268,38,2768,536,947.99,82.87,1.0
5365,34,25,2534,68,947.98,62.6,1.0
5366,198,12,2698,396,947.98,116.08,1.0
5367,56,10,2556,112,947.92,93.14,1.0
5368,83,26,2583,166,947.88,71.47,1.0
5369,281,32,2781,562,947.88,88.96,1.0
5370,260,37,2760,520,947.87,85.23,1.0
5371,261,31,2761,522,947.85,84.59,1.0
5372,262,33,2762,524,947.82,84.0,1.0
5373,29,25,2529,58,947.81,63.71,1.0
5374,192,28,2692,384,947.8,80.57,1.0
5375,273,35,2773,546,947.78,88.55,1.0
5376,261,37,2761,522,947.73,88.32,1.0
5377,273,42,2773,546,947.72,83.97,1.0
5378,253,12,2753,506,947.69,128.27,1.0
5379,295,46,2795,590,947.67,89.25,1.0
5380,296,13,2796,592,947.67,133.66,1.0
5381,256,32,2756,512,947.66,85.05,1.0
5382,260,31,2760,520,947.65,87.39,1.0
5383,129,11,2629,258,947.48,100.21,1.0
5384,278,35,2778,556,947.48,86.97,1.0
5385,279,34,2779,558,947.44,84.62,1.0
5386,76,11,2576,152,947.42,90.38,1.0
5387,55,10,2555,110,947.41,84.85,1.0
5388,157,28,2657,314,947.41,71.17,1.0
5389,260,33,2760,520,947.41,83.63,1.0
5390,279,40,2779,558,947.4,84.48,1.0
5391,167,28,2667,334,947.39,76.58,1.0
5392,260,43,2760,520,947.39,84.72,1.0
5393,191,28,2691,382,947.38,80.67,1.0
5394,8,10,2508,16,947.25,72.06,1.0
5395,260,38,2760,520,947.25,87.24,1.0
5396,92,26,2592,184,947.23,76.92,1.0
5397,144,11,2644,288,947.23,107.47,1.0
5398,260,40,2760,520,947.21,81.67,1.0
5399,256,30,2756,512,947.17,84.85,1.0
5400,213,12,2713,426,947.15,116.48,1.0
5401,105,27,2605,210,947.13,73.91,1.0
5402,245,44,2745,490,947.07,81.4,1.0
5403,65,26,2565,130,947.03,67.82,1.0
5404,182,28,2682,364,947.03,77.06,1.0
5405,251,44,2751,502,947.03,85.82,1.0
5406,268,37,2768,536,946.96,84.7,1.0
5407,297,47,2797,594,946.93,90.49,1.0
5408,167,11,2667,334,946.89,113.16,1.0
5409,259,31,2759,518,946.89,88.66,1.0
5410,283,13,2783,566,946.86,132.11,1.0
5411,43,10,2543,86,946.77,82.93,1.0
5412,218,29,2718,436,946.75,77.07,1.0
5413,256,39,2756,512,946.71,84.05,1.0
5414,256,43,2756,512,946.7,87.34,1.0
5415,280,13,2780,560,946.68,121.94,1.0
5416,268,39,2768,536,946.67,85.73,1.0
5417,277,40,2777,554,946.67,90.85,1.0
5418,81,10,2581,162,946.58,96.09,1.0
5419,235,44,2735,470,946.57,82.33,1.0
5420,277,41,2777,554,946.57,86.24,1.0
5421,118,27,2618,236,946.55,74.26,1.0
5422,230,13,2730,460,946.54,117.46,1.0
5423,268,44,2768,536,946.52,86.2,1.0
5424,262,32,2762,524,946.49,85.78,1.0
5425,52,26,2552,104,946.45,68.52,1.0
5426,247,40,2747,494,946.41,87.04,1.0
5427,39,25,2539,78,946.39,63.93,1.0
5428,209,11,2709,418,946.35,114.4,1.0
5429,257,41,2757,514,946.34,88.76,1.0
5430,267,32,2767,534,946.31,88.24,1.0
5431,278,36,2778,556,946.29,86.12,1.0
5432,259,43,2759,518,946.28,88.12,1.0
5433,108,27,2608,216,946.27,74.41,1.0
5434,259,42,2759,518,946.27,83.14,1.0
5435,260,44,2760,520,946.2,88.17,1.0
5436,245,36,2745,490,946.14,83.43,1.0
5437,248,38,2748,496,946.12,82.61,1.0
5438,18,25,2518,36,946.11,63.87,1.0
5439,170,28,2670,340,946.09,75.62,1.0
5440,16,25,2516,32,946.06,66.38,1.0
5441,271,36,2771,542,946.05,83.96,1.0
5442,256,37,2756,512,946.04,84.09,1.0
5443,266,45,2766,532,946.01,85.78,1.0
5444,247,39,2747,494,946.0,84.51,1.0
5445,287,46,2787,574,945.98,91.5,1.0
5446,225,12,2725,450,945.97,116.53,1.0
5447,245,30,2745,490,945.97,82.58,1.0
5448,245,35,2745,490,945.91,84.57,1.0
5449,247,38,2747,494,945.91,85.89,1.0
5450,79,11,2579,158,945.9,93.19,1.0
5451,30,25,2530,60,945.88,67.88,1.0
5452,13,10,2513,26,945.88,78.81,1.0
5453,245,34,2745,490,945.87,81.76,1.0
5454,99,11,2599,198,945.83,98.66,1.0
5455,274,35,2774,548,945.83,86.46,1.0
5456,260,35,2760,520,945.81,85.18,1.0
5457,162,11,2662,324,945.8,107.28,1.0
5458,261,32,2761,522,945.8,85.26,1.0
5459,298,45,2798,596,945.77,93.62,1.0
5460,279,32,2779,558,945.72,85.52,1.0
5461,259,37,2759,518,945.66,85.82,1.0
5462,277,32,2777,554,945.65,86.05,1.0
5463,294,42,2794,588,945.63,84.15,1.0
5464,151,28,2651,302,945.62,78.32,1.0
5465,58,10,2558,116,945.58,88.7,1.0
5466,249,43,2749,498,945.55,83.59,1.0
5467,249,44,2749,498,945.53,85.66,1.0
5468,196,28,2696,392,945.46,84.48,1.0
5469,47,10,2547,94,945.45,83.31,1.0
5470,256,33,2756,512,945.43,83.75,1.0
5471,271,43,2771,542,945.4,85.39,1.0
5472,279,33,2779,558,945.4,85.94,1.0
5473,300,46,2800,600,945.38,90.11,1.0
5474,256,38,2756,512,945.37,84.54,1.0
5475,259,38,2759,518,945.36,89.26,1.0
5476,188,28,2688,376,945.34,80.02,1.0
5477,256,34,2756,512,945.33,85.64,1.0
5478,294,35,2794,588,945.33,88.82,1.0
5479,261,34,2761,522,945.32,86.04,1.0
5480,277,38,2777,554,945.27,86.7,1.0
5481,143,27,2643,286,945.22,73.21,1.0
5482,228,12,2728,456,945.21,120.22,1.0
5483,268,31,2768,536,945.19,86.83,1.0
5484,165,28,2665,330,945.16,80.98,1.0
5485,235,30,2735,470,945.16,80.41,1.0
5486,236,12,2736,472,945.16,125.84,1.0
5487,245,38,2745,490,945.15,84.6,1.0
5488,115,27,2615,230,945.14,75.57,1.0
5489,205,29,2705,410,945.12,82.31,1.0
5490,262,43,2762,524,945.11,85.35,1.0
5491,128,11,2628,256,945.09,105.28,1.0
5492,168,11,2668,336,945.09,110.68,1.0
5493,251,39,2751,502,945.08,85.69,1.0
5494,241,29,2741,482,945.07,89.6,1.0
5495,298,46,2798,596,945.07,91.56,1.0
5496,79,26,2579,158,945.05,68.23,1.0
5497,289,12,2789,578,945.05,132.69,1.0
5498,87,11,2587,174,945.04,94.23,1.0
5499,120,27,2620,240,945.03,74.46,1.0
5500,129,27,2629,258,945.02,76.62,1.0
5501,272,44,2772,544,944.99,88.7,1.0
5502,257,43,2757,514,944.98,88.78,1.0
5503,294,45,2794,588,944.98,88.2,1.0
5504,211,29,2711,422,944.95,77.97,1.0
5505,261,41,2761,522,944.95,89.05,1.0
5506,14,25,2514,28,944.93,59.48,1.0
5507,169,28,2669,338,944.9,79.61,1.0
5508,24,25,2524,48,944.88,62.62,1.0
5509,50,26,2550,100,944.87,66.96,1.0
5510,247,34,2747,494,944.87,85.44,1.0
5511,268,36,2768,536,944.87,83.69,1.0
5512,247,35,2747,494,944.83,89.48,1.0
5513,44,26,2544,88,944.81,65.87,1.0
5514,205,11,2705,410,944.81,121.2,1.0
5515,25,25,2525,50,944.76,63.01,1.0
5516,262,30,2762,524,944.76,87.95,1.0
5517,268,43,2768,536,944.75,83.43,1.0
5518,274,41,2774,548,944.73,84.23,1.0
5519,103,10,2603,206,944.71,100.54,1.0
5520,259,39,2759,518,944.71,85.64,1.0
5521,259,30,2759,518,944.7,86.34,1.0
5522,73,26,2573,146,944.69,65.97,1.0
5523,247,31,2747,494,944.65,89.2,1.0
5524,279,36,2779,558,944.63,81.31,1.0
5525,184,11,2684,368,944.62,119.23,1.0
5526,134,27,2634,268,944.61,72.54,1.0
5527,256,36,2756,512,944.6,85.72,1.0
5528,30,10,2530,60,944.59,84.67,1.0
5529,188,12,2688,376,944.59,116.86,1.0
5530,254,30,2754,508,944.59,82.15,1.0
5531,283,39,2783,566,944.59,92.13,1.0
5532,286,46,2786,572,944.59,91.83,1.0
5533,63,26,2563,126,944.57,67.95,1.0
5534,245,43,2745,490,944.53,82.27,1.0
5535,245,41,2745,490,944.5,84.93,1.0
5536,251,41,2751,502,944.48,86.06,1.0
5537,267,37,2767,534,944.45,87.26,1.0
5538,223,29,2723,446,944.42,86.36,1.0
5539,279,35,2779,558,944.42,82.02,1.0
5540,37,10,2537,74,944.41,80.23,1.0
5541,67,26,2567,134,944.34,68.26,1.0
5542,260,41,2760,520,944.34,86.59,1.0
5543,259,40,2759,518,944.33,85.9,1.0
5544,247,41,2747,494,944.31,84.02,1.0
5545,259,36,2759,518,944.3,84.6,1.0
5546,268,42,2768,536,944.3,83.98,1.0
5547,145,11,2645,290,944.29,105.77,1.0
5548,257,32,2757,514,944.28,87.8,1.0
5549,192,12,2692,384,944.25,113.53,1.0
5550,244,29,2744,488,944.21,86.36,1.0
5551,247,43,2747,494,944.16,85.45,1.0
5552,287,47,2787,574,944.15,95.77,1.0
5553,261,36,2761,522,944.14,83.48,1.0
5554,260,39,2760,520,944.13,84.77,1.0
5555,271,42,2771,542,944.1,86.02,1.0
5556,247,32,2747,494,944.09,86.01,1.0
5557,260,30,2760,520,944.07,86.8,1.0
5558,277,35,2777,554,944.02,83.76,1.0
5559,275,12,2775,550,943.99,133.16,1.0
5560,274,36,2774,548,943.97,86.6,1.0
5561,88,10,2588,176,943.96,93.75,1.0
5562,256,41,2756,512,943.94,87.84,1.0
5563,299,12,2799,598,943.93,137.87,1.0
5564,259,32,2759,518,943.91,84.18,1.0
5565,279,38,2779,558,943.87,82.18,1.0
5566,52,10,2552,104,943.85,89.26,1.0
5567,3,9,2503,6,943.85,73.4,1.0
5568,257,40,2757,514,943.82,87.3,1.0
5569,271,34,2771,542,943.82,88.66,1.0
5570,248,36,2748,496,943.78,85.24,1.0
5571,297,48,2797,594,943.78,90.3,1.0
5572,87,26,2587,174,943.74,70.73,1.0
5573,292,47,2792,584,943.71,91.04,1.0
5574,265,46,2765,530,943.69,88.91,1.0
5575,275,45,2775,550,943.69,86.88,1.0
5576,259,33,2759,518,943.68,88.94,1.0
5577,257,36,2757,514,943.68,83.36,1.0
5578,263,31,2763,526,943.67,85.52,1.0
5579,245,39,2745,490,943.63,86.06,1.0
5580,297,12,2797,594,943.62,137.7,1.0
5581,231,12,2731,462,943.59,121.49,1.0
5582,279,31,2779,558,943.59,86.36,1.0
5583,103,27,2603,206,943.58,70.32,1.0
5584,274,33,2774,548,943.58,87.6,1.0
5585,157,11,2657,314,943.56,103.69,1.0
5586,299,46,2799,598,943.56,87.77,1.0
5587,247,37,2747,494,943.55,84.69,1.0
5588,0,25,2500,0,943.54,59.2,1.0
5589,279,42,2779,558,943.54,82.9,1.0
5590,1,25,2501,2,943.51,63.05,1.0
5591,285,46,2785,570,943.46,93.61,1.0
5592,119,27,2619,238,943.44,78.02,1.0
5593,271,39,2771,542,943.41,82.58,1.0
5594,249,30,2749,498,943.37,83.89,1.0
5595,295,47,2795,590,943.36,92.26,1.0
5596,251,38,2751,502,943.33,88.17,1.0
5597,274,32,2774,548,943.3,84.33,1.0
5598,274,44,2774,548,943.29,84.43,1.0
5599,277,34,2777,554,943.28,85.85,1.0
5600,58,26,2558,116,943.27,66.78,1.0
5601,123,27,2623,246,943.27,75.86,1.0
5602,276,45,2776,552,943.25,85.99,1.0
5603,249,39,2749,498,943.24,83.78,1.0
5604,122,11,2622,244,943.22,96.06,1.0
5605,268,35,2768,536,943.2,85.99,1.0
5606,259,34,2759,518,943.17,88.64,1.0
5607,242,29,2742,484,943.15,88.11,1.0
5608,269,40,2769,538,943.13,85.9,1.0
5609,235,39,2735,470,943.08,82.4,1.0
5610,240,31,2740,480,943.07,84.43,1.0
5611,72,26,2572,144,943.06,69.76,1.0
5612,261,40,2761,522,943.05,85.45,1.0
5613,274,30,2774,548,943.05,86.17,1.0
5614,247,44,2747,494,943.04,88.39,1.0
5615,268,41,2768,536,943.04,87.1,1.0
5616,251,36,2751,502,943.03,86.31,1.0
5617,245,37,2745,490,942.96,82.73,1.0
5618,247,36,2747,494,942.96,86.63,1.0
5619,130,11,2630,260,942.92,100.5,1.0
5620,235,38,2735,470,942.86,77.37,1.0
5621,250,44,2750,500,942.83,83.81,1.0
5622,281,45,2781,562,942.83,88.54,1.0
5623,248,34,2748,496,942.82,85.11,1.0
5624,257,35,2757,514,942.81,87.16,1.0
5625,249,40,2749,498,942.75,83.83,1.0
5626,284,46,2784,568,942.75,92.44,1.0
5627,254,43,2754,508,942.68,83.8,1.0
5628,257,44,2757,514,942.65,88.14,1.0
5629,277,33,2777,554,942.65,86.35,1.0
5630,261,33,2761,522,942.62,83.87,1.0
5631,296,46,2796,592,942.6,90.42,1.0
5632,271,37,2771,542,942.57,86.38,1.0
5633,147,11,2647,294,942.55,110.11,1.0
5634,254,31,2754,508,942.55,84.78,1.0
5635,9,9,2509,18,942.53,79.51,1.0
5636,251,43,2751,502,942.53,87.22,1.0
5637,279,44,2779,558,942.53,83.81,1.0
5638,112,11,2612,224,942.52,97.17,1.0
5639,279,37,2779,558,942.51,82.66,1.0
5640,267,35,2767,534,942.47,86.21,1.0
5641,249,35,2749,498,942.46,83.99,1.0
5642,59,10,2559,118,942.45,89.7,1.0
5643,255,37,2755,510,942.44,84.47,1.0
5644,124,27,2624,248,942.39,71.92,1.0
5645,245,45,2745,490,942.38,87.33,1.0
5646,267,33,2767,534,942.38,85.1,1.0
5647,259,35,2759,518,942.37,87.47,1.0
5648,250,36,2750,500,942.37,84.42,1.0
5649,276,12,2776,552,942.34,131.2,1.0
5650,195,11,2695,390,942.32,120.53,1.0
5651,53,26,2553,106,942.29,66.91,1.0
5652,255,36,2755,510,942.29,83.61,1.0
5653,271,38,2771,542,942.28,83.04,1.0
5654,19,10,2519,38,942.27,78.85,1.0
5655,261,35,2761,522,942.22,84.78,1.0
5656,262,45,2762,524,942.22,85.84,1.0
5657,255,40,2755,510,942.22,87.38,1.0
5658,279,30,2779,558,942.22,84.01,1.0
5659,263,40,2763,526,942.15,86.01,1.0
5660,259,41,2759,518,942.15,87.23,1.0
5661,251,32,2751,502,942.14,86.15,1.0
5662,267,30,2767,534,942.14,85.4,1.0
5663,235,33,2735,470,942.1,82.75,1.0
5664,255,12,2755,510,942.1,131.94,1.0
5665,222,29,2722,444,942.09,84.4,1.0
5666,250,43,2750,500,942.06,80.75,1.0
5667,263,35,2763,526,942.03,86.77,1.0
5668,249,31,2749,498,942.03,81.44,1.0
5669,279,13,2779,558,942.01,124.27,1.0
5670,248,35,2748,496,942.0,85.94,1.0
5671,245,42,2745,490,941.96,84.51,1.0
5672,22,25,2522,44,941.93,63.98,1.0
5673,277,36,2777,554,941.93,86.79,1.0
5674,174,11,2674,348,941.86,113.27,1.0
5675,245,32,2745,490,941.86,84.74,1.0
5676,247,42,2747,494,941.85,86.56,1.0
5677,235,35,2735,470,941.84,82.36,1.0
5678,248,37,2748,496,941.81,87.28,1.0
5679,39,10,2539,78,941.77,83.72,1.0
5680,139,27,2639,278,941.77,79.32,1.0
5681,221,29,2721,442,941.74,85.51,1.0
5682,253,41,2753,506,941.74,82.48,1.0
5683,2,25,2502,4,941.72,54.84,1.0
5684,249,42,2749,498,941.72,81.95,1.0
5685,255,32,2755,510,941.72,85.29,1.0
5686,225,29,2725,450,941.71,79.58,1.0
5687,274,31,2774,548,941.71,81.8,1.0
5688,271,33,2771,542,941.71,85.84,1.0
5689,271,35,2771,542,941.66,88.65,1.0
5690,251,30,2751,502,941.65,86.44,1.0
5691,250,39,2750,500,941.64,85.83,1.0
5692,219,39,2719,438,941.62,81.33,1.0
5693,245,40,2745,490,941.61,85.3,1.0
5694,253,36,2753,506,941.61,83.16,1.0
5695,251,34,2751,502,941.61,89.79,1.0
5696,98,10,2598,196,941.56,96.7,1.0
5697,257,33,2757,514,941.55,87.54,1.0
5698,283,42,2783,566,941.54,90.72,1.0
5699,223,12,2723,446,941.52,125.49,1.0
5700,267,41,2767,534,941.52,87.61,1.0
5701,1,9,2501,2,941.51,73.09,1.0
5702,56,26,2556,112,941.49,68.56,1.0
5703,270,46,2770,540,941.49,82.38,1.0
5704,249,36,2749,498,941.48,82.05,1.0
5705,259,44,2759,518,941.47,87.89,1.0
5706,149,28,2649,298,941.45,74.4,1.0
5707,267,44,2767,534,941.39,81.97,1.0
5708,138,11,2638,276,941.27,103.73,1.0
5709,254,40,2754,508,941.26,86.54,1.0
5710,86,10,2586,172,941.24,97.6,1.0
5711,251,33,2751,502,941.23,86.57,1.0
5712,17,25,2517,34,941.2,63.37,1.0
5713,248,32,2748,496,941.19,83.17,1.0
5714,274,40,2774,548,941.19,84.49,1.0
5715,34,10,2534,68,941.18,81.0,1.0
5716,249,33,2749,498,941.15,84.67,1.0
5717,203,12,2703,406,941.13,119.82,1.0
5718,224,12,2724,448,941.1,116.3,1.0
5719,61,26,2561,122,941.07,70.04,1.0
5720,268,12,2768,536,941.06,122.28,1.0
5721,260,32,2760,520,941.04,83.79,1.0
5722,271,44,2771,542,941.0,86.35,1.0
5723,3,25,2503,6,940.99,58.86,1.0
5724,267,42,2767,534,940.99,87.97,1.0
5725,136,27,2636,272,940.98,76.54,1.0
5726,2,9,2502,4,940.96,71.31,1.0
5727,248,12,2748,496,940.96,127.78,1.0
5728,255,42,2755,510,940.95,85.13,1.0
5729,257,42,2757,514,940.95,84.83,1.0
5730,255,41,2755,510,940.94,84.6,1.0
5731,257,34,2757,514,940.93,85.01,1.0
5732,278,45,2778,556,940.92,87.04,1.0
5733,294,46,2794,588,940.88,86.42,1.0
5734,13,25,2513,26,940.85,61.64,1.0
5735,210,11,2710,420,940.85,119.45,1.0
5736,250,40,2750,500,940.83,82.19,1.0
5737,143,11,2643,286,940.79,106.93,1.0
5738,212,29,2712,424,940.77,85.7,1.0
5739,274,37,2774,548,940.76,82.75,1.0
5740,260,34,2760,520,940.75,88.2,1.0
5741,274,38,2774,548,940.75,88.26,1.0
5742,166,11,2666,332,940.73,109.03,1.0
5743,248,33,2748,496,940.73,83.31,1.0
5744,271,32,2771,542,940.73,85.16,1.0
5745,254,37,2754,508,940.72,85.29,1.0
5746,51,26,2551,102,940.71,67.64,1.0
5747,280,46,2780,560,940.71,85.95,1.0
5748,245,33,2745,490,940.62,82.79,1.0
5749,249,41,2749,498,940.62,84.73,1.0
5750,235,43,2735,470,940.58,79.91,1.0
5751,229,12,2729,458,940.57,111.81,1.0
5752,235,36,2735,470,940.56,80.88,1.0
5753,267,38,2767,534,940.56,88.75,1.0
5754,248,31,2748,496,940.52,82.1,1.0
5755,83,10,2583,166,940.49,93.41,1.0
5756,235,11,2735,470,940.49,130.85,1.0
5757,267,43,2767,534,940.49,91.53,1.0
5758,247,45,2747,494,940.46,89.99,1.0
5759,282,12,2782,564,940.45,134.7,1.0
5760,255,34,2755,510,940.43,85.38,1.0
5761,283,41,2783,566,940.43,89.52,1.0
5762,248,30,2748,496,940.39,87.92,1.0
5763,283,43,2783,566,940.39,92.47,1.0
5764,215,11,2715,430,940.37,116.9,1.0
5765,240,44,2740,480,940.37,88.61,1.0
5766,253,39,2753,506,940.37,80.4,1.0
5767,250,37,2750,500,940.37,80.66,1.0
5768,282,47,2782,564,940.37,92.16,1.0
5769,277,39,2777,554,940.36,84.74,1.0
5770,250,42,2750,500,940.35,84.56,1.0
5771,254,34,2754,508,940.34,83.05,1.0
5772,136,11,2636,272,940.33,106.78,1.0
5773,247,30,2747,494,940.33,86.54,1.0
5774,109,27,2609,218,940.31,71.1,1.0
5775,251,40,2751,502,940.26,87.14,1.0
5776,235,42,2735,470,940.25,80.26,1.0
5777,261,12,2761,522,940.25,125.66,1.0
5778,267,40,2767,534,940.25,86.97,1.0
5779,146,28,2646,292,940.23,77.15,1.0
5780,172,28,2672,344,940.22,79.79,1.0
5781,45,26,2545,90,940.21,61.65,1.0
5782,251,42,2751,502,940.2,86.38,1.0
5783,6,25,2506,12,940.19,62.3,1.0
5784,254,38,2754,508,940.15,85.95,1.0
5785,248,42,2748,496,940.13,81.04,1.0
5786,199,11,2699,398,940.12,117.96,1.0
5787,271,40,2771,542,940.12,87.89,1.0
5788,166,28,2666,332,940.05,77.01,1.0
5789,279,43,2779,558,940.05,83.06,1.0
5790,257,37,2757,514,940.04,86.02,1.0
5791,271,30,2771,542,940.04,86.03,1.0
5792,255,44,2755,510,940.03,86.13,1.0
5793,269,33,2769,538,940.0,86.93,1.0
5794,93,10,2593,186,939.97,99.16,1.0
5795,274,43,2774,548,939.95,85.93,1.0
5796,9,25,2509,18,939.94,61.77,1.0
5797,163,11,2663,326,939.92,110.29,1.0
5798,267,36,2767,534,939.92,87.9,1.0
5799,243,39,2743,486,939.91,85.71,1.0
5800,271,41,2771,542,939.89,85.22,1.0
5801,274,39,2774,548,939.88,84.56,1.0
5802,254,36,2754,508,939.85,82.61,1.0
5803,165,11,2665,330,939.83,114.4,1.0
5804,251,35,2751,502,939.82,87.97,1.0
5805,281,46,2781,562,939.82,87.42,1.0
5806,219,44,2719,438,939.8,76.5,1.0
5807,254,44,2754,508,939.8,88.64,1.0
5808,168,28,2668,336,939.75,78.86,1.0
5809,233,30,2733,466,939.71,82.29,1.0
5810,197,11,2697,394,939.68,119.54,1.0
5811,27,9,2527,54,939.64,82.77,1.0
5812,263,30,2763,526,939.62,88.69,1.0
5813,251,37,2751,502,939.61,87.23,1.0
5814,255,35,2755,510,939.6,84.59,1.0
5815,60,10,2560,120,939.59,91.89,1.0
5816,235,37,2735,470,939.54,80.16,1.0
5817,275,46,2775,550,939.52,90.2,1.0
5818,145,28,2645,290,939.49,74.45,1.0
5819,4,25,2504,8,939.48,61.63,1.0
5820,121,11,2621,242,939.48,104.91,1.0
5821,120,10,2620,240,939.47,104.69,1.0
5822,248,41,2748,496,939.42,84.07,1.0
5823,112,27,2612,224,939.41,74.33,1.0
5824,267,39,2767,534,939.41,88.35,1.0
5825,219,37,2719,438,939.4,79.81,1.0
5826,271,31,2771,542,939.38,85.52,1.0
5827,269,30,2769,538,939.36,84.6,1.0
5828,260,42,2760,520,939.31,86.43,1.0
5829,238,33,2738,476,939.31,82.42,1.0
5830,268,45,2768,536,939.3,80.74,1.0
5831,247,33,2747,494,939.28,88.92,1.0
5832,249,32,2749,498,939.28,85.71,1.0
5833,250,41,2750,500,939.24,81.56,1.0
5834,77,26,2577,154,939.23,72.17,1.0
5835,191,12,2691,382,939.23,111.65,1.0
5836,248,44,2748,496,939.18,85.83,1.0
5837,273,45,2773,546,939.16,87.45,1.0
5838,186,11,2686,372,939.15,112.65,1.0
5839,253,30,2753,506,939.15,83.09,1.0
5840,254,32,2754,508,939.15,88.34,1.0
5841,131,11,2631,262,939.14,107.57,1.0
5842,230,29,2730,460,939.02,85.08,1.0
5843,279,45,2779,558,939.0,86.23,1.0
5844,155,11,2655,310,938.89,112.0,1.0
5845,154,28,2654,308,938.87,78.41,1.0
5846,196,12,2696,392,938.86,112.76,1.0
5847,263,41,2763,526,938.86,87.21,1.0
5848,250,30,2750,500,938.86,81.7,1.0
5849,264,31,2764,528,938.85,82.48,1.0
5850,126,10,2626,252,938.84,103.75,1.0
5851,219,30,2719,438,938.79,79.1,1.0
5852,249,34,2749,498,938.79,84.29,1.0
5853,219,41,2719,438,938.78,78.0,1.0
5854,235,31,2735,470,938.74,80.1,1.0
5855,249,37,2749,498,938.74,81.54,1.0
5856,277,45,2777,554,938.72,86.05,1.0
5857,240,32,2740,480,938.7,81.27,1.0
5858,259,45,2759,518,938.69,88.42,1.0
5859,283,37,2783,566,938.67,94.23,1.0
5860,224,29,2724,448,938.66,78.78,1.0
5861,283,31,2783,566,938.65,89.5,1.0
5862,249,38,2749,498,938.6,83.29,1.0
5863,220,29,2720,440,938.58,79.91,1.0
5864,250,35,2750,500,938.58,81.85,1.0
5865,160,28,2660,320,938.55,80.28,1.0
5866,250,32,2750,500,938.55,83.13,1.0
5867,269,37,2769,538,938.53,89.29,1.0
5868,235,40,2735,470,938.52,82.62,1.0
5869,253,34,2753,506,938.51,84.67,1.0
5870,181,11,2681,362,938.45,106.68,1.0
5871,238,39,2738,476,938.45,83.52,1.0
5872,251,31,2751,502,938.45,88.85,1.0
5873,238,42,2738,476,938.43,83.98,1.0
5874,255,43,2755,510,938.43,82.99,1.0
5875,289,46,2789,578,938.43,92.99,1.0
5876,255,30,2755,510,938.42,87.44,1.0
5877,7,25,2507,14,938.4,59.83,1.0
5878,4,9,2504,8,938.39,76.43,1.0
5879,283,35,2783,566,938.39,91.58,1.0
5880,219,36,2719,438,938.38,76.03,1.0
5881,255,39,2755,510,938.35,87.81,1.0
5882,69,26,2569,138,938.34,68.73,1.0
5883,46,10,2546,92,938.33,83.69,1.0
5884,250,31,2750,500,938.32,84.87,1.0
5885,219,42,2719,438,938.29,76.75,1.0
5886,240,42,2740,480,938.27,85.57,1.0
5887,254,42,2754,508,938.27,82.22,1.0
5888,293,46,2793,586,938.25,87.09,1.0
5889,238,31,2738,476,938.22,81.26,1.0
5890,250,33,2750,500,938.2,85.08,1.0
5891,263,42,2763,526,938.15,84.34,1.0
5892,264,37,2764,528,938.15,88.1,1.0
5893,283,38,2783,566,937.98,92.73,1.0
5894,82,10,2582,164,937.96,96.56,1.0
5895,257,31,2757,514,937.96,86.61,1.0
5896,274,34,2774,548,937.95,86.75,1.0
5897,10,25,2510,20,937.94,58.11,1.0
5898,243,43,2743,486,937.94,87.96,1.0
5899,255,33,2755,510,937.92,79.93,1.0
5900,122,27,2622,244,937.89,73.79,1.0
5901,267,31,2767,534,937.89,88.25,1.0
5902,287,12,2787,574,937.88,128.54,1.0
5903,253,40,2753,506,937.83,85.35,1.0
5904,94,27,2594,188,937.82,71.08,1.0
5905,171,28,2671,342,937.81,77.19,1.0
5906,199,29,2699,398,937.81,79.9,1.0
5907,263,38,2763,526,937.81,87.34,1.0
5908,49,10,2549,98,937.8,90.74,1.0
5909,63,10,2563,126,937.78,88.34,1.0
5910,137,11,2637,274,937.78,102.4,1.0
5911,59,26,2559,118,937.76,69.76,1.0
5912,161,11,2661,322,937.76,110.33,1.0
5913,274,42,2774,548,937.74,86.65,1.0
5914,283,40,2783,566,937.74,92.76,1.0
5915,106,11,2606,212,937.71,96.44,1.0
5916,204,29,2704,408,937.71,83.79,1.0
5917,84,10,2584,168,937.7,96.33,1.0
5918,240,33,2740,480,937.7,84.73,1.0
5919,74,26,2574,148,937.68,72.78,1.0
5920,217,12,2717,434,937.68,131.13,1.0
5921,255,31,2755,510,937.67,84.89,1.0
5922,293,13,2793,586,937.65,131.52,1.0
5923,264,41,2764,528,937.6,83.95,1.0
5924,255,38,2755,510,937.59,85.26,1.0
5925,267,34,2767,534,937.58,83.26,1.0
5926,253,43,2753,506,937.55,85.1,1.0
5927,243,42,2743,486,937.53,83.23,1.0
5928,253,35,2753,506,937.49,85.94,1.0
5929,257,30,2757,514,937.49,86.24,1.0
5930,240,34,2740,480,937.47,85.34,1.0
5931,253,32,2753,506,937.47,82.31,1.0
5932,76,26,2576,152,937.46,70.32,1.0
5933,263,32,2763,526,937.44,84.99,1.0
5934,264,38,2764,528,937.44,86.89,1.0
5935,127,10,2627,254,937.4,104.58,1.0
5936,35,10,2535,70,937.38,84.59,1.0
5937,248,40,2748,496,937.31,85.08,1.0
5938,283,33,2783,566,937.3,89.33,1.0
5939,254,41,2754,508,937.28,84.84,1.0
5940,269,31,2769,538,937.28,88.13,1.0
5941,256,12,2756,512,937.26,124.95,1.0
5942,151,11,2651,302,937.25,106.92,1.0
5943,264,35,2764,528,937.24,85.99,1.0
5944,235,34,2735,470,937.23,81.89,1.0
5945,235,45,2735,470,937.23,80.67,1.0
5946,269,35,2769,538,937.21,88.71,1.0
5947,264,36,2764,528,937.2,81.81,1.0
5948,217,29,2717,434,937.19,85.3,1.0
5949,235,41,2735,470,937.19,78.5,1.0
5950,253,38,2753,506,937.18,82.8,1.0
5951,14,9,2514,28,937.16,73.93,1.0
5952,266,46,2766,532,937.15,86.52,1.0
5953,212,12,2712,424,937.13,117.17,1.0
5954,269,43,2769,538,937.12,85.32,1.0
5955,40,10,2540,80,937.09,82.4,1.0
5956,241,12,2741,482,937.07,127.39,1.0
5957,284,47,2784,568,937.06,89.87,1.0
5958,283,34,2783,566,937.03,90.88,1.0
5959,233,42,2733,466,937.01,82.54,1.0
5960,238,44,2738,476,937.0,82.73,1.0
5961,219,38,2719,438,936.99,78.31,1.0
5962,283,30,2783,566,936.98,90.26,1.0
5963,264,44,2764,528,936.92,83.78,1.0
5964,206,29,2706,412,936.91,80.13,1.0
5965,219,32,2719,438,936.9,82.55,1.0
5966,276,46,2776,552,936.85,88.59,1.0
5967,133,28,2633,266,936.79,71.51,1.0
5968,264,39,2764,528,936.79,83.51,1.0
5969,243,32,2743,486,936.77,86.98,1.0
5970,49,26,2549,98,936.75,70.84,1.0
5971,253,33,2753,506,936.7,86.46,1.0
5972,176,11,2676,352,936.68,115.28,1.0
5973,250,34,2750,500,936.67,82.13,1.0
5974,254,33,2754,508,936.66,84.4,1.0
5975,206,11,2706,412,936.63,118.85,1.0
5976,240,36,2740,480,936.6,87.4,1.0
5977,254,35,2754,508,936.56,82.95,1.0
5978,238,30,2738,476,936.53,81.75,1.0
5979,102,27,2602,204,936.52,72.12,1.0
5980,172,11,2672,344,936.51,114.36,1.0
5981,163,28,2663,326,936.5,83.68,1.0
5982,243,38,2743,486,936.48,85.99,1.0
5983,11,25,2511,22,936.43,60.9,1.0
5984,219,35,2719,438,936.42,79.41,1.0
5985,287,48,2787,574,936.41,96.64,1.0
5986,150,11,2650,300,936.38,110.39,1.0
5987,117,11,2617,234,936.36,106.62,1.0
5988,222,11,2722,444,936.34,124.24,1.0
5989,269,39,2769,538,936.33,88.34,1.0
5990,263,12,2763,526,936.31,124.99,1.0
5991,269,41,2769,538,936.31,90.06,1.0
5992,220,12,2720,440,936.28,117.06,1.0
5993,128,27,2628,256,936.2,76.63,1.0
5994,240,35,2740,480,936.19,81.52,1.0
5995,182,11,2682,364,936.17,113.54,1.0
5996,269,38,2769,538,936.17,84.55,1.0
5997,286,47,2786,572,936.14,92.93,1.0
5998,133,10,2633,266,936.12,108.25,1.0
5999,288,46,2788,576,936.12,91.45,1.0
6000,240,40,2740,480,936.11,84.93,1.0
6001,243,36,2743,486,936.1,86.09,1.0
6002,15,9,2515,30,936.08,80.84,1.0
6003,238,34,2738,476,936.08,82.89,1.0
6004,154,11,2654,308,936.07,104.83,1.0
6005,67,10,2567,134,936.04,89.14,1.0
6006,233,31,2733,466,936.04,79.27,1.0
6007,214,29,2714,428,936.01,86.15,1.0
6008,263,34,2763,526,936.0,86.51,1.0
6009,248,43,2748,496,935.99,84.47,1.0
6010,279,41,2779,558,935.99,85.21,1.0
6011,263,36,2763,526,935.96,87.75,1.0
6012,141,11,2641,282,935.94,110.09,1.0
6013,159,28,2659,318,935.92,77.96,1.0
6014,283,36,2783,566,935.91,95.21,1.0
6015,269,36,2769,538,935.9,89.38,1.0
6016,239,32,2739,478,935.88,84.68,1.0
6017,250,38,2750,500,935.85,83.83,1.0
6018,19,25,2519,38,935.83,64.17,1.0
6019,85,10,2585,170,935.81,96.35,1.0
6020,94,10,2594,188,935.79,94.51,1.0
6021,263,37,2763,526,935.79,86.21,1.0
6022,247,11,2747,494,935.77,126.16,1.0
6023,160,11,2660,320,935.67,108.75,1.0
6024,260,45,2760,520,935.66,86.98,1.0
6025,269,32,2769,538,935.56,86.51,1.0
6026,283,32,2783,566,935.54,93.12,1.0
6027,41,9,2541,82,935.52,84.45,1.0
6028,238,41,2738,476,935.41,84.64,1.0
6029,291,46,2791,582,935.41,93.86,1.0
6030,253,42,2753,506,935.39,84.25,1.0
6031,116,11,2616,232,935.38,98.51,1.0
6032,238,37,2738,476,935.37,82.65,1.0
6033,250,45,2750,500,935.37,83.76,1.0
6034,183,29,2683,366,935.34,77.36,1.0
6035,219,43,2719,438,935.24,83.53,1.0
6036,93,27,2593,186,935.21,71.02,1.0
6037,274,45,2774,548,935.21,89.54,1.0
6038,219,34,2719,438,935.2,81.61,1.0
6039,263,33,2763,526,935.19,92.63,1.0
6040,57,26,2557,114,935.17,67.95,1.0
6041,116,27,2616,232,935.17,74.66,1.0
6042,135,11,2635,270,935.16,104.71,1.0
6043,263,43,2763,526,935.15,83.34,1.0
6044,263,44,2763,526,935.15,88.58,1.0
6045,269,34,2769,538,935.15,87.66,1.0
6046,264,34,2764,528,935.14,87.11,1.0
6047,300,47,2800,600,935.1,91.12,1.0
6048,240,41,2740,480,935.07,87.47,1.0
6049,148,11,2648,296,935.0,108.7,1.0
6050,270,47,2770,540,934.96,87.11,1.0
6051,264,43,2764,528,934.93,87.44,1.0
6052,235,32,2735,470,934.9,81.88,1.0
6053,57,10,2557,114,934.89,86.12,1.0
6054,234,36,2734,468,934.88,82.36,1.0
6055,258,13,2758,516,934.88,123.9,1.0
6056,240,39,2740,480,934.86,88.13,1.0
6057,158,28,2658,316,934.81,75.72,1.0
6058,237,11,2737,474,934.77,125.33,1.0
6059,152,11,2652,304,934.74,112.92,1.0
6060,233,32,2733,466,934.74,78.4,1.0
6061,238,32,2738,476,934.73,84.38,1.0
6062,269,44,2769,538,934.7,86.66,1.0
6063,283,44,2783,566,934.7,92.54,1.0
6064,238,35,2738,476,934.69,83.1,1.0
6065,184,29,2684,368,934.57,81.79,1.0
6066,299,47,2799,598,934.57,89.15,1.0
6067,69,10,2569,138,934.56,89.88,1.0
6068,254,39,2754,508,934.55,87.33,1.0
6069,240,43,2740,480,934.5,85.5,1.0
6070,240,37,2740,480,934.46,82.88,1.0
6071,105,10,2605,210,934.42,97.82,1.0
6072,219,33,2719,438,934.42,78.04,1.0
6073,197,29,2697,394,934.35,80.54,1.0
6074,240,30,2740,480,934.35,86.65,1.0
6075,243,41,2743,486,934.25,87.87,1.0
6076,243,44,2743,486,934.25,86.36,1.0
6077,90,10,2590,180,934.21,98.07,1.0
6078,101,27,2601,202,934.18,72.44,1.0
6079,38,26,2538,76,934.16,63.88,1.0
6080,155,28,2655,310,934.16,79.79,1.0
6081,289,47,2789,578,934.16,90.12,1.0
6082,174,29,2674,348,934.12,74.5,1.0
6083,264,32,2764,528,934.12,83.98,1.0
6084,264,42,2764,528,934.11,88.08,1.0
6085,239,34,2739,478,933.95,86.08,1.0
6086,214,12,2714,428,933.92,122.38,1.0
6087,248,45,2748,496,933.91,89.88,1.0
6088,121,27,2621,242,933.88,72.75,1.0
6089,178,28,2678,356,933.88,79.37,1.0
6090,233,36,2733,466,933.81,80.72,1.0
6091,185,29,2685,370,933.8,76.43,1.0
6092,253,44,2753,506,933.79,85.69,1.0
6093,280,47,2780,560,933.79,85.93,1.0
6094,55,26,2555,110,933.78,67.0,1.0
6095,123,10,2623,246,933.78,98.14,1.0
6096,140,28,2640,280,933.73,78.27,1.0
6097,218,12,2718,436,933.7,117.13,1.0
6098,234,42,2734,468,933.68,81.73,1.0
6099,100,10,2600,200,933.64,100.8,1.0
6100,262,46,2762,524,933.64,85.95,1.0
6101,153,28,2653,306,933.62,78.92,1.0
6102,16,9,2516,32,933.6,77.68,1.0
6103,208,11,2708,416,933.6,116.18,1.0
6104,100,27,2600,200,933.59,76.34,1.0
6105,228,33,2728,456,933.57,83.32,1.0
6106,232,35,2732,464,933.56,80.4,1.0
6107,243,37,2743,486,933.56,86.04,1.0
6108,269,42,2769,538,933.49,86.81,1.0
6109,264,30,2764,528,933.46,84.65,1.0
6110,200,29,2700,400,933.44,83.17,1.0
6111,229,33,2729,458,933.42,80.79,1.0
6112,12,9,2512,24,933.41,74.4,1.0
6113,213,29,2713,426,933.41,83.02,1.0
6114,246,37,2746,492,933.41,86.12,1.0
6115,115,10,2615,230,933.39,101.47,1.0
6116,21,9,2521,42,933.22,80.36,1.0
6117,219,31,2719,438,933.15,72.24,1.0
6118,240,38,2740,480,933.13,87.14,1.0
6119,54,26,2554,108,933.12,67.23,1.0
6120,110,27,2610,220,933.05,70.86,1.0
6121,261,45,2761,522,933.03,83.06,1.0
6122,18,9,2518,36,933.02,75.45,1.0
6123,117,27,2617,234,933.02,73.48,1.0
6124,253,37,2753,506,932.99,82.96,1.0
6125,253,45,2753,506,932.96,86.81,1.0
6126,88,27,2588,176,932.92,66.97,1.0
6127,248,39,2748,496,932.92,86.21,1.0
6128,219,11,2719,438,932.91,123.58,1.0
6129,0,9,2500,0,932.89,73.49,1.0
6130,207,29,2707,414,932.87,81.39,1.0
6131,264,40,2764,528,932.87,87.46,1.0
6132,233,39,2733,466,932.85,80.47,1.0
6133,297,49,2797,594,932.85,96.65,1.0
6134,11,9,2511,22,932.77,72.23,1.0
6135,43,26,2543,86,932.72,65.47,1.0
6136,234,40,2734,468,932.72,83.33,1.0
6137,239,39,2739,478,932.71,80.69,1.0
6138,89,10,2589,178,932.7,98.38,1.0
6139,232,36,2732,464,932.65,77.67,1.0
6140,6,9,2506,12,932.64,75.29,1.0
6141,274,13,2774,548,932.64,130.27,1.0
6142,200,11,2700,400,932.6,123.43,1.0
6143,239,35,2739,478,932.6,83.19,1.0
6144,273,46,2773,546,932.6,90.55,1.0
6145,256,45,2756,512,932.56,86.76,1.0
6146,234,30,2734,468,932.51,87.16,1.0
6147,246,39,2746,492,932.5,81.04,1.0
6148,263,45,2763,526,932.45,89.75,1.0
6149,238,40,2738,476,932.44,81.95,1.0
6150,229,37,2729,458,932.42,80.33,1.0
6151,272,46,2772,544,932.4,89.6,1.0
6152,234,43,2734,468,932.34,81.41,1.0
6153,219,40,2719,438,932.33,81.0,1.0
6154,107,27,2607,214,932.3,71.01,1.0
6155,72,10,2572,144,932.26,94.47,1.0
6156,242,12,2742,484,932.22,118.74,1.0
6157,150,28,2650,300,932.21,74.92,1.0
6158,48,26,2548,96,932.2,65.39,1.0
6159,271,46,2771,542,932.18,87.69,1.0
6160,221,12,2721,442,932.17,115.85,1.0
6161,257,45,2757,514,932.12,86.2,1.0
6162,233,44,2733,466,932.07,83.14,1.0
6163,111,27,2611,222,932.02,73.41,1.0
6164,144,28,2644,288,932.01,80.57,1.0
6165,183,11,2683,366,932.01,117.88,1.0
6166,249,45,2749,498,932.0,85.79,1.0
6167,226,11,2726,452,931.99,121.13,1.0
6168,132,28,2632,264,931.91,72.13,1.0
6169,253,31,2753,506,931.86,86.18,1.0
6170,246,35,2746,492,931.83,83.45,1.0
6171,243,33,2743,486,931.78,86.61,1.0
6172,246,12,2746,492,931.71,122.7,1.0
6173,246,44,2746,492,931.69,85.11,1.0
6174,26,9,2526,52,931.68,79.5,1.0
6175,233,38,2733,466,931.68,82.55,1.0
6176,201,29,2701,402,931.65,80.56,1.0
6177,234,38,2734,468,931.65,81.85,1.0
6178,260,46,2760,520,931.64,89.07,1.0
6179,246,33,2746,492,931.63,83.73,1.0
6180,243,34,2743,486,931.61,85.45,1.0
6181,234,32,2734,468,931.57,79.6,1.0
6182,156,11,2656,312,931.56,110.88,1.0
6183,245,46,2745,490,931.5,84.86,1.0
6184,202,11,2702,404,931.49,117.56,1.0
6185,233,37,2733,466,931.48,84.32,1.0
6186,233,43,2733,466,931.47,82.06,1.0
6187,269,12,2769,538,931.46,133.83,1.0
6188,246,43,2746,492,931.44,83.65,1.0
6189,265,11,2765,530,931.36,122.49,1.0
6190,158,11,2658,316,931.32,111.28,1.0
6191,243,31,2743,486,931.29,85.06,1.0
6192,254,45,2754,508,931.29,83.6,1.0
6193,239,31,2739,478,931.28,81.53,1.0
6194,179,11,2679,358,931.25,111.79,1.0
6195,161,28,2661,322,931.22,80.16,1.0
6196,195,29,2695,390,931.15,86.82,1.0
6197,246,40,2746,492,931.13,82.98,1.0
6198,104,27,2604,208,931.07,76.05,1.0
6199,228,40,2728,456,931.07,84.29,1.0
6200,142,28,2642,284,931.06,74.58,1.0
6201,152,28,2652,304,931.02,79.76,1.0
6202,37,26,2537,74,931.01,66.09,1.0
6203,271,45,2771,542,930.99,88.48,1.0
6204,291,47,2791,582,930.99,92.43,1.0
6205,300,48,2800,600,930.95,91.43,1.0
6206,228,42,2728,456,930.93,82.17,1.0
6207,233,41,2733,466,930.92,80.79,1.0
6208,238,38,2738,476,930.88,83.23,1.0
6209,232,30,2732,464,930.82,81.61,1.0
6210,255,45,2755,510,930.79,88.35,1.0
6211,89,27,2589,178,930.78,71.15,1.0
6212,170,11,2670,340,930.76,120.95,1.0
6213,298,47,2798,596,930.75,97.13,1.0
6214,226,33,2726,452,930.74,80.34,1.0
6215,29,9,2529,58,930.73,84.08,1.0
6216,277,12,2777,554,930.69,123.54,1.0
6217,277,46,2777,554,930.64,87.8,1.0
6218,135,28,2635,270,930.62,73.85,1.0
6219,65,9,2565,130,930.61,92.95,1.0
6220,234,41,2734,468,930.58,84.84,1.0
6221,263,39,2763,526,930.57,87.49,1.0
6222,239,44,2739,478,930.57,84.92,1.0
6223,283,45,2783,566,930.5,92.54,1.0
6224,48,10,2548,96,930.49,84.72,1.0
6225,175,11,2675,350,930.49,112.05,1.0
6226,295,48,2795,590,930.49,92.74,1.0
6227,251,45,2751,502,930.48,87.62,1.0
6228,234,44,2734,468,930.43,86.87,1.0
6229,278,12,2778,556,930.43,129.61,1.0
6230,240,11,2740,480,930.4,125.66,1.0
6231,7,9,2507,14,930.38,75.03,1.0
6232,234,31,2734,468,930.37,85.54,1.0
6233,246,30,2746,492,930.37,83.26,1.0
6234,244,12,2744,488,930.32,128.05,1.0
6235,295,12,2795,590,930.28,137.22,1.0
6236,228,30,2728,456,930.23,83.98,1.0
6237,247,46,2747,494,930.22,85.75,1.0
6238,264,33,2764,528,930.17,86.56,1.0
6239,246,38,2746,492,930.14,86.43,1.0
6240,259,46,2759,518,930.14,92.69,1.0
6241,239,30,2739,478,930.14,82.77,1.0
6242,139,11,2639,278,930.13,110.04,1.0
6243,28,9,2528,56,930.11,80.33,1.0
6244,41,26,2541,82,930.09,65.41,1.0
6245,250,46,2750,500,930.09,85.27,1.0
6246,228,38,2728,456,930.06,81.98,1.0
6247,262,47,2762,524,930.06,84.6,1.0
6248,234,39,2734,468,930.05,86.0,1.0
6249,95,10,2595,190,930.04,97.57,1.0
6250,203,29,2703,406,929.99,81.97,1.0
6251,286,12,2786,572,929.99,129.7,1.0
6252,250,11,2750,500,929.9,128.11,1.0
6253,36,26,2536,72,929.89,64.09,1.0
6254,108,10,2608,216,929.88,97.47,1.0
6255,186,29,2686,372,929.85,80.84,1.0
6256,233,33,2733,466,929.81,78.78,1.0
6257,256,46,2756,512,929.8,83.03,1.0
6258,23,9,2523,46,929.78,86.83,1.0
6259,5,9,2505,10,929.78,72.72,1.0
6260,47,26,2547,94,929.76,67.96,1.0
6261,233,34,2733,466,929.75,80.17,1.0
6262,228,39,2728,456,929.74,83.57,1.0
6263,238,36,2738,476,929.73,85.26,1.0
6264,232,38,2732,464,929.72,82.7,1.0
6265,239,33,2739,478,929.68,83.34,1.0
6266,90,27,2590,180,929.6,69.33,1.0
6267,243,40,2743,486,929.59,87.08,1.0
6268,164,12,2664,328,929.54,119.82,1.0
6269,265,47,2765,530,929.5,86.64,1.0
6270,272,47,2772,544,929.5,87.61,1.0
6271,288,47,2788,576,929.48,86.92,1.0
6272,243,45,2743,486,929.47,84.49,1.0
6273,239,37,2739,478,929.46,80.87,1.0
6274,282,48,2782,564,929.41,98.51,1.0
6275,234,33,2734,468,929.35,83.67,1.0
6276,243,30,2743,486,929.35,87.83,1.0
6277,246,34,2746,492,929.33,83.93,1.0
6278,249,46,2749,498,929.3,86.89,1.0
6279,75,10,2575,150,929.29,93.5,1.0
6280,42,9,2542,84,929.28,86.08,1.0
6281,233,45,2733,466,929.28,83.04,1.0
6282,270,12,2770,540,929.24,127.78,1.0
6283,234,35,2734,468,929.23,82.2,1.0
6284,238,43,2738,476,929.19,84.13,1.0
6285,80,10,2580,160,929.17,99.97,1.0
6286,113,10,2613,226,929.17,102.19,1.0
6287,292,12,2792,584,929.17,132.42,1.0
6288,96,10,2596,192,929.14,100.28,1.0
6289,228,36,2728,456,929.13,83.77,1.0
6290,248,46,2748,496,929.13,86.89,1.0
6291,10,9,2510,20,929.12,75.73,1.0
6292,231,35,2731,462,929.08,85.15,1.0
6293,191,29,2691,382,929.04,84.15,1.0
6294,226,36,2726,452,929.0,82.42,1.0
6295,267,45,2767,534,929.0,88.07,1.0
6296,233,40,2733,466,928.96,81.95,1.0
6297,86,27,2586,172,928.95,67.83,1.0
6298,246,42,2746,492,928.89,86.65,1.0
6299,194,29,2694,388,928.88,82.15,1.0
6300,226,34,2726,452,928.87,85.1,1.0
6301,226,42,2726,452,928.85,80.48,1.0
6302,281,47,2781,562,928.78,88.59,1.0
6303,71,27,2571,142,928.77,69.71,1.0
6304,246,36,2746,492,928.74,86.05,1.0
6305,258,31,2758,516,928.72,82.78,1.0
6306,292,48,2792,584,928.7,91.63,1.0
6307,290,48,2790,580,928.69,88.48,1.0
6308,20,9,2520,40,928.66,78.65,1.0
6309,294,47,2794,588,928.64,95.11,1.0
6310,258,32,2758,516,928.62,81.6,1.0
6311,229,38,2729,458,928.59,83.3,1.0
6312,298,48,2798,596,928.53,91.9,1.0
6313,279,46,2779,558,928.5,87.59,1.0
6314,228,37,2728,456,928.49,82.2,1.0
6315,233,35,2733,466,928.44,83.31,1.0
6316,239,43,2739,478,928.41,85.52,1.0
6317,235,46,2735,470,928.4,84.89,1.0
6318,229,42,2729,458,928.38,82.83,1.0
6319,258,35,2758,516,928.38,80.61,1.0
6320,229,32,2729,458,928.35,80.72,1.0
6321,240,45,2740,480,928.35,88.92,1.0
6322,232,37,2732,464,928.33,78.99,1.0
6323,246,31,2746,492,928.33,84.74,1.0
6324,228,32,2728,456,928.29,84.34,1.0
6325,273,12,2773,546,928.29,128.74,1.0
6326,79,10,2579,158,928.28,95.9,1.0
6327,234,34,2734,468,928.25,87.36,1.0
6328,82,27,2582,164,928.22,68.11,1.0
6329,169,11,2669,338,928.21,110.91,1.0
6330,232,31,2732,464,928.2,85.13,1.0
6331,299,48,2799,598,928.17,90.62,1.0
6332,228,43,2728,456,928.15,83.31,1.0
6333,215,30,2715,430,928.14,78.77,1.0
6334,231,11,2731,462,928.14,124.34,1.0
6335,193,29,2693,386,928.13,82.13,1.0
6336,229,31,2729,458,928.12,80.36,1.0
6337,239,40,2739,478,928.12,88.07,1.0
6338,194,11,2694,388,928.09,118.08,1.0
6339,234,37,2734,468,928.08,82.92,1.0
6340,60,26,2560,120,928.06,73.02,1.0
6341,62,9,2562,124,928.05,87.94,1.0
6342,227,11,2727,454,928.04,125.2,1.0
6343,98,27,2598,196,928.03,71.5,1.0
6344,97,10,2597,194,928.01,100.93,1.0
6345,239,38,2739,478,927.99,84.42,1.0
6346,231,30,2731,462,927.97,81.88,1.0
6347,211,11,2711,422,927.95,121.65,1.0
6348,202,29,2702,404,927.87,82.81,1.0
6349,285,47,2785,570,927.85,92.03,1.0
6350,289,48,2789,578,927.83,91.45,1.0
6351,113,27,2613,226,927.79,73.28,1.0
6352,295,49,2795,590,927.79,93.82,1.0
6353,85,27,2585,170,927.78,66.28,1.0
6354,229,40,2729,458,927.77,82.01,1.0
6355,102,10,2602,204,927.75,99.98,1.0
6356,258,33,2758,516,927.72,81.96,1.0
6357,226,37,2726,452,927.71,83.76,1.0
6358,232,39,2732,464,927.69,81.91,1.0
6359,5,25,2505,10,927.65,62.61,1.0
6360,71,9,2571,142,927.58,88.01,1.0
6361,251,46,2751,502,927.58,88.87,1.0
6362,156,28,2656,312,927.54,76.82,1.0
6363,252,42,2752,504,927.53,87.52,1.0
6364,238,45,2738,476,927.52,82.42,1.0
6365,75,27,2575,150,927.51,64.05,1.0
6366,226,32,2726,452,927.5,83.83,1.0
6367,231,36,2731,462,927.48,83.42,1.0
6368,243,35,2743,486,927.47,85.88,1.0
6369,91,10,2591,182,927.46,101.39,1.0
6370,278,46,2778,556,927.44,90.5,1.0
6371,215,44,2715,430,927.42,78.78,1.0
6372,164,28,2664,328,927.41,82.45,1.0
6373,232,42,2732,464,927.41,79.8,1.0
6374,282,49,2782,564,927.4,92.51,1.0
6375,187,11,2687,374,927.36,114.46,1.0
6376,252,41,2752,504,927.34,86.37,1.0
6377,231,42,2731,462,927.16,79.13,1.0
6378,252,35,2752,504,927.14,87.78,1.0
6379,101,10,2601,202,927.1,100.38,1.0
6380,239,45,2739,478,927.1,84.49,1.0
6381,33,26,2533,66,927.08,64.88,1.0
6382,104,10,2604,208,927.06,99.81,1.0
6383,239,36,2739,478,927.06,84.21,1.0
6384,253,46,2753,506,927.04,85.17,1.0
6385,266,12,2766,532,927.04,125.72,1.0
6386,264,45,2764,528,927.02,87.3,1.0
6387,215,38,2715,430,926.99,80.04,1.0
6388,228,31,2728,456,926.98,83.44,1.0
6389,232,41,2732,464,926.85,77.89,1.0
6390,236,37,2736,472,926.84,84.27,1.0
6391,215,39,2715,430,926.82,79.35,1.0
6392,215,40,2715,430,926.81,80.23,1.0
6393,125,10,2625,250,926.8,102.68,1.0
6394,36,9,2536,72,926.77,84.37,1.0
6395,99,27,2599,198,926.77,73.44,1.0
6396,226,40,2726,452,926.76,85.65,1.0
6397,232,44,2732,464,926.74,83.96,1.0
6398,228,35,2728,456,926.73,81.72,1.0
6399,198,29,2698,396,926.72,81.47,1.0
6400,232,32,2732,464,926.72,80.25,1.0
6401,25,9,2525,50,926.7,85.68,1.0
6402,77,10,2577,154,926.7,90.06,1.0
6403,17,9,2517,34,926.67,77.02,1.0
6404,231,43,2731,462,926.67,82.5,1.0
6405,232,34,2732,464,926.66,82.0,1.0
6406,275,47,2775,550,926.64,87.72,1.0
6407,226,44,2726,452,926.62,83.8,1.0
6408,96,27,2596,192,926.61,74.35,1.0
6409,252,38,2752,504,926.61,86.21,1.0
6410,238,11,2738,476,926.6,123.58,1.0
6411,107,10,2607,214,926.59,99.11,1.0
6412,32,26,2532,64,926.51,64.31,1.0
6413,239,41,2739,478,926.51,82.53,1.0
6414,230,12,2730,460,926.48,122.08,1.0
6415,245,11,2745,490,926.48,124.61,1.0
6416,284,11,2784,568,926.48,134.74,1.0
6417,239,42,2739,478,926.46,82.28,1.0
6418,286,48,2786,572,926.41,91.0,1.0
6419,247,47,2747,494,926.31,90.58,1.0
6420,232,43,2732,464,926.28,80.16,1.0
6421,269,45,2769,538,926.27,90.96,1.0
6422,110,10,2610,220,926.23,103.93,1.0
6423,42,26,2542,84,926.21,67.76,1.0
6424,177,29,2677,354,926.12,77.59,1.0
6425,252,40,2752,504,926.12,86.78,1.0
6426,293,47,2793,586,926.12,87.54,1.0
6427,229,36,2729,458,926.1,78.9,1.0
6428,193,11,2693,386,926.09,116.19,1.0
6429,44,9,2544,88,926.08,82.68,1.0
6430,296,47,2796,592,926.07,94.75,1.0
6431,258,38,2758,516,926.05,82.7,1.0
6432,147,28,2647,294,926.04,76.4,1.0
6433,228,44,2728,456,926.04,82.25,1.0
6434,231,37,2731,462,925.99,83.42,1.0
6435,173,11,2673,346,925.94,115.05,1.0
6436,134,10,2634,268,925.9,104.25,1.0
6437,264,12,2764,528,925.9,130.27,1.0
6438,271,12,2771,542,925.9,123.79,1.0
6439,210,41,2710,420,925.85,80.28,1.0
6440,290,12,2790,580,925.85,127.17,1.0
6441,189,11,2689,378,925.83,118.21,1.0
6442,258,41,2758,516,925.82,81.83,1.0
6443,215,31,2715,430,925.76,82.38,1.0
6444,281,12,2781,562,925.74,138.15,1.0
6445,231,41,2731,462,925.73,88.75,1.0
6446,92,27,2592,184,925.72,73.86,1.0
6447,215,32,2715,430,925.72,82.57,1.0
6448,146,10,2646,292,925.7,110.72,1.0
6449,258,37,2758,516,925.65,84.05,1.0
6450,226,39,2726,452,925.63,83.15,1.0
6451,78,27,2578,156,925.62,70.3,1.0
6452,242,44,2742,484,925.62,85.26,1.0
6453,229,43,2729,458,925.59,78.28,1.0
6454,32,9,2532,64,925.51,78.65,1.0
6455,188,29,2688,376,925.5,78.44,1.0
6456,229,30,2729,458,925.49,80.22,1.0
6457,246,32,2746,492,925.49,87.45,1.0
6458,227,43,2727,454,925.43,84.06,1.0
6459,229,41,2729,458,925.43,81.65,1.0
6460,243,11,2743,486,925.43,122.32,1.0
6461,215,36,2715,430,925.42,79.73,1.0
6462,266,47,2766,532,925.42,89.87,1.0
6463,216,32,2716,432,925.4,82.0,1.0
6464,237,36,2737,474,925.39,85.36,1.0
6465,232,40,2732,464,925.38,84.44,1.0
6466,74,10,2574,148,925.37,91.44,1.0
6467,285,12,2785,570,925.37,129.13,1.0
6468,232,33,2732,464,925.33,87.01,1.0
6469,231,39,2731,462,925.32,81.6,1.0
6470,142,10,2642,284,925.31,107.28,1.0
6471,231,38,2731,462,925.23,85.42,1.0
6472,95,27,2595,190,925.21,72.13,1.0
6473,246,41,2746,492,925.2,84.41,1.0
6474,252,31,2752,504,925.2,86.43,1.0
6475,229,34,2729,458,925.18,82.92,1.0
6476,153,10,2653,306,925.16,105.87,1.0
6477,268,46,2768,536,925.13,87.71,1.0
6478,256,47,2756,512,925.11,84.78,1.0
6479,274,47,2774,548,925.05,87.1,1.0
6480,228,41,2728,456,924.99,82.92,1.0
6481,226,38,2726,452,924.96,81.47,1.0
6482,231,33,2731,462,924.95,81.17,1.0
6483,261,46,2761,522,924.9,87.43,1.0
6484,137,28,2637,274,924.87,75.84,1.0
6485,236,33,2736,472,924.87,82.57,1.0
6486,122,10,2622,244,924.84,104.36,1.0
6487,196,29,2696,392,924.84,81.63,1.0
6488,215,35,2715,430,924.84,81.72,1.0
6489,297,50,2797,594,924.82,99.98,1.0
6490,226,35,2726,452,924.8,85.24,1.0
6491,27,26,2527,54,924.78,63.92,1.0
6492,228,34,2728,456,924.78,79.19,1.0
6493,242,43,2742,484,924.76,84.17,1.0
6494,252,44,2752,504,924.73,90.54,1.0
6495,226,41,2726,452,924.58,81.64,1.0
6496,265,48,2765,530,924.57,87.08,1.0
6497,138,28,2638,276,924.56,76.12,1.0
6498,257,46,2757,514,924.56,87.3,1.0
6499,216,41,2716,432,924.54,80.82,1.0
6500,236,35,2736,472,924.54,81.29,1.0
6501,252,32,2752,504,924.53,87.04,1.0
6502,254,46,2754,508,924.51,88.46,1.0
6503,210,39,2710,420,924.43,81.72,1.0
6504,50,9,2550,100,924.42,84.55,1.0
6505,252,37,2752,504,924.42,87.67,1.0
6506,215,34,2715,430,924.4,82.39,1.0
6507,258,34,2758,516,924.4,82.08,1.0
6508,219,45,2719,438,924.35,81.31,1.0
6509,269,46,2769,538,924.35,90.11,1.0
6510,216,39,2716,432,924.33,81.45,1.0
6511,215,42,2715,430,924.23,81.81,1.0
6512,46,26,2546,92,924.22,64.11,1.0
6513,210,32,2710,420,924.2,82.61,1.0
6514,143,28,2643,286,924.19,73.64,1.0
6515,231,44,2731,462,924.19,83.06,1.0
6516,242,33,2742,484,924.17,83.18,1.0
6517,227,38,2727,454,924.16,83.33,1.0
6518,258,42,2758,516,924.16,83.54,1.0
6519,273,47,2773,546,924.15,91.54,1.0
6520,284,48,2784,568,924.14,94.69,1.0
6521,258,43,2758,516,924.08,81.95,1.0
6522,8,25,2508,16,924.0,61.12,1.0
6523,91,27,2591,182,923.91,74.68,1.0
6524,209,44,2709,418,923.88,78.2,1.0
6525,61,9,2561,122,923.83,94.3,1.0
6526,291,12,2791,582,923.82,140.33,1.0
6527,288,48,2788,576,923.8,88.64,1.0
6528,248,47,2748,496,923.77,85.18,1.0
6529,28,26,2528,56,923.74,62.75,1.0
6530,215,33,2715,430,923.74,82.01,1.0
6531,178,11,2678,356,923.72,117.88,1.0
6532,97,27,2597,194,923.7,77.25,1.0
6533,260,47,2760,520,923.7,86.89,1.0
6534,22,9,2522,44,923.69,78.44,1.0
6535,242,36,2742,484,923.67,86.52,1.0
6536,180,11,2680,360,923.66,112.18,1.0
6537,55,9,2555,110,923.62,86.08,1.0
6538,21,26,2521,42,923.6,67.18,1.0
6539,216,30,2716,432,923.6,81.46,1.0
6540,226,43,2726,452,923.55,81.66,1.0
6541,226,31,2726,452,923.53,83.27,1.0
6542,290,49,2790,580,923.52,89.03,1.0
6543,213,11,2713,426,923.49,121.71,1.0
6544,51,9,2551,102,923.48,84.76,1.0
6545,226,30,2726,452,923.48,81.09,1.0
6546,228,11,2728,456,923.48,124.55,1.0
6547,236,41,2736,472,923.47,83.54,1.0
6548,231,34,2731,462,923.44,83.45,1.0
6549,228,45,2728,456,923.43,84.27,1.0
6550,215,41,2715,430,923.42,81.28,1.0
6551,229,39,2729,458,923.34,81.92,1.0
6552,272,12,2772,544,923.3,130.4,1.0
6553,209,32,2709,418,923.27,78.94,1.0
6554,210,31,2710,420,923.26,80.77,1.0
6555,236,40,2736,472,923.25,81.68,1.0
6556,242,42,2742,484,923.25,83.19,1.0
6557,292,49,2792,584,923.25,92.9,1.0
6558,15,26,2515,30,923.22,62.5,1.0
6559,231,32,2731,462,923.2,86.99,1.0
6560,169,29,2669,338,923.19,81.42,1.0
6561,258,36,2758,516,923.15,82.11,1.0
6562,294,12,2794,588,923.14,131.17,1.0
6563,236,44,2736,472,923.1,84.7,1.0
6564,237,37,2737,474,923.06,84.64,1.0
6565,127,28,2627,254,923.02,75.56,1.0
6566,210,38,2710,420,922.99,78.49,1.0
6567,177,10,2677,354,922.91,115.05,1.0
6568,241,44,2741,482,922.91,88.52,1.0
6569,242,39,2742,484,922.91,82.63,1.0
6570,236,31,2736,472,922.9,84.74,1.0
6571,106,27,2606,212,922.89,72.99,1.0
6572,191,11,2691,382,922.88,112.22,1.0
6573,237,40,2737,474,922.85,82.78,1.0
6574,54,9,2554,108,922.82,92.53,1.0
6575,225,11,2725,450,922.82,118.09,1.0
6576,62,27,2562,124,922.8,68.84,1.0
6577,229,44,2729,458,922.78,77.63,1.0
6578,187,29,2687,374,922.75,82.56,1.0
6579,243,46,2743,486,922.68,84.78,1.0
6580,31,26,2531,62,922.66,61.23,1.0
6581,231,31,2731,462,922.65,86.23,1.0
6582,231,40,2731,462,922.65,82.31,1.0
6583,276,47,2776,552,922.64,89.09,1.0
6584,279,47,2779,558,922.63,87.87,1.0
6585,190,11,2690,380,922.59,116.38,1.0
6586,237,41,2737,474,922.59,84.2,1.0
6587,111,10,2611,222,922.58,101.2,1.0
6588,227,33,2727,454,922.56,86.85,1.0
6589,210,40,2710,420,922.55,80.04,1.0
6590,31,9,2531,62,922.54,81.16,1.0
6591,209,41,2709,418,922.52,79.64,1.0
6592,251,47,2751,502,922.51,90.58,1.0
6593,149,10,2649,298,922.5,110.45,1.0
6594,196,11,2696,392,922.48,126.71,1.0
6595,291,48,2791,582,922.48,91.13,1.0
6596,40,26,2540,80,922.47,63.88,1.0
6597,261,47,2761,522,922.47,88.58,1.0
6598,188,11,2688,376,922.45,114.09,1.0
6599,252,34,2752,504,922.45,85.99,1.0
6600,242,37,2742,484,922.43,83.73,1.0
6601,241,43,2741,482,922.4,85.4,1.0
6602,258,30,2758,516,922.4,80.11,1.0
6603,215,43,2715,430,922.38,82.13,1.0
6604,236,34,2736,472,922.38,81.84,1.0
6605,242,38,2742,484,922.38,85.17,1.0
6606,296,48,2796,592,922.38,95.43,1.0
6607,229,35,2729,458,922.37,82.59,1.0
6608,263,46,2763,526,922.35,90.62,1.0
6609,218,40,2718,436,922.34,78.09,1.0
6610,209,35,2709,418,922.34,79.67,1.0
6611,229,45,2729,458,922.34,79.39,1.0
6612,270,48,2770,540,922.34,87.35,1.0
6613,68,27,2568,136,922.27,68.16,1.0
6614,131,28,2631,262,922.27,76.64,1.0
6615,237,44,2737,474,922.27,83.85,1.0
6616,258,44,2758,516,922.24,81.89,1.0
6617,119,10,2619,238,922.23,101.24,1.0
6618,66,27,2566,132,922.19,68.44,1.0
6619,227,44,2727,454,922.06,85.27,1.0
6620,30,9,2530,60,922.05,82.53,1.0
6621,189,29,2689,378,922.05,80.03,1.0
6622,252,43,2752,504,922.03,84.32,1.0
6623,240,46,2740,480,922.02,84.72,1.0
6624,254,11,2754,508,922.02,127.6,1.0
6625,35,26,2535,70,921.9,63.51,1.0
6626,258,39,2758,516,921.87,83.27,1.0
6627,242,40,2742,484,921.84,83.48,1.0
6628,210,33,2710,420,921.79,80.21,1.0
6629,201,11,2701,402,921.75,120.78,1.0
6630,267,46,2767,534,921.74,85.72,1.0
6631,70,27,2570,140,921.72,69.57,1.0
6632,131,10,2631,262,921.7,106.16,1.0
6633,236,32,2736,472,921.7,83.67,1.0
6634,83,27,2583,166,921.69,70.21,1.0
6635,210,42,2710,420,921.69,84.3,1.0
6636,216,31,2716,432,921.67,82.07,1.0
6637,148,28,2648,296,921.66,74.92,1.0
6638,258,40,2758,516,921.66,83.74,1.0
6639,216,33,2716,432,921.64,81.79,1.0
6640,209,40,2709,418,921.6,80.03,1.0
6641,25,26,2525,50,921.59,63.54,1.0
6642,81,27,2581,162,921.56,69.76,1.0
6643,210,44,2710,420,921.56,82.87,1.0
6644,239,11,2739,478,921.55,126.63,1.0
6645,23,26,2523,46,921.54,65.61,1.0
6646,278,47,2778,556,921.5,90.74,1.0
6647,252,39,2752,504,921.49,88.0,1.0
6648,242,35,2742,484,921.48,84.9,1.0
6649,242,30,2742,484,921.47,85.4,1.0
6650,241,40,2741,482,921.44,86.04,1.0
6651,241,42,2741,482,921.42,85.02,1.0
6652,64,9,2564,128,921.39,92.05,1.0
6653,266,48,2766,532,921.39,88.03,1.0
6654,234,45,2734,468,921.38,81.16,1.0
6655,129,28,2629,258,921.34,78.7,1.0
6656,242,31,2742,484,921.29,89.88,1.0
6657,237,30,2737,474,921.28,85.93,1.0
6658,227,32,2727,454,921.26,88.68,1.0
6659,221,31,2721,442,921.25,85.51,1.0
6660,237,38,2737,474,921.23,83.11,1.0
6661,227,31,2727,454,921.17,82.06,1.0
6662,252,33,2752,504,921.17,85.19,1.0
6663,241,34,2741,482,921.11,87.86,1.0
6664,284,49,2784,568,921.07,92.63,1.0
6665,210,37,2710,420,921.01,80.81,1.0
6666,181,29,2681,362,920.98,78.8,1.0
6667,162,10,2662,324,920.96,111.38,1.0
6668,210,30,2710,420,920.92,76.89,1.0
6669,210,34,2710,420,920.91,82.89,1.0
6670,47,9,2547,94,920.9,88.53,1.0
6671,87,27,2587,174,920.88,74.73,1.0
6672,216,36,2716,432,920.82,85.52,1.0
6673,216,44,2716,432,920.81,81.45,1.0
6674,236,43,2736,472,920.81,85.91,1.0
6675,118,10,2618,236,920.77,100.2,1.0
6676,216,43,2716,432,920.76,79.13,1.0
6677,252,36,2752,504,920.76,87.32,1.0
6678,242,34,2742,484,920.73,82.51,1.0
6679,246,45,2746,492,920.72,87.1,1.0
6680,258,45,2758,516,920.72,82.35,1.0
6681,230,37,2730,460,920.7,85.65,1.0
6682,227,30,2727,454,920.66,83.59,1.0
6683,157,10,2657,314,920.63,110.87,1.0
6684,221,35,2721,442,920.63,81.72,1.0
6685,236,42,2736,472,920.58,83.16,1.0
6686,129,10,2629,258,920.57,107.14,1.0
6687,76,10,2576,152,920.55,96.16,1.0
6688,125,28,2625,250,920.54,75.49,1.0
6689,216,40,2716,432,920.48,78.63,1.0
6690,236,39,2736,472,920.45,85.04,1.0
6691,215,37,2715,430,920.42,81.95,1.0
6692,241,38,2741,482,920.42,88.32,1.0
6693,295,50,2795,590,920.42,92.72,1.0
6694,227,41,2727,454,920.41,83.74,1.0
6695,255,46,2755,510,920.41,84.84,1.0
6696,216,35,2716,432,920.37,80.31,1.0
6697,225,35,2725,450,920.37,80.96,1.0
6698,241,39,2741,482,920.34,88.9,1.0
6699,114,28,2614,228,920.28,72.04,1.0
6700,209,38,2709,418,920.28,81.23,1.0
6701,237,39,2737,474,920.28,82.09,1.0
6702,236,30,2736,472,920.27,83.94,1.0
6703,216,38,2716,432,920.25,76.64,1.0
6704,241,31,2741,482,920.25,86.54,1.0
6705,180,29,2680,360,920.24,83.67,1.0
6706,216,34,2716,432,920.24,82.48,1.0
6707,242,32,2742,484,920.24,83.69,1.0
6708,171,11,2671,342,920.22,115.07,1.0
6709,24,9,2524,48,920.18,78.32,1.0
6710,34,26,2534,68,920.18,65.43,1.0
6711,64,27,2564,128,920.14,70.06,1.0
6712,242,41,2742,484,920.08,85.25,1.0
6713,141,28,2641,282,920.07,75.94,1.0
6714,227,39,2727,454,920.07,84.92,1.0
6715,210,36,2710,420,920.05,82.28,1.0
6716,244,43,2744,488,920.03,90.14,1.0
6717,283,12,2783,566,920.02,132.68,1.0
6718,298,12,2798,596,919.97,130.16,1.0
6719,219,46,2719,438,919.94,81.33,1.0
6720,207,11,2707,414,919.94,114.42,1.0
6721,24,26,2524,48,919.92,61.19,1.0
6722,225,43,2725,450,919.92,85.77,1.0
6723,241,33,2741,482,919.9,88.07,1.0
6724,190,29,2690,380,919.89,81.87,1.0
6725,29,26,2529,58,919.86,70.42,1.0
6726,65,27,2565,130,919.82,67.79,1.0
6727,236,36,2736,472,919.79,81.09,1.0
6728,209,30,2709,418,919.77,78.83,1.0
6729,209,33,2709,418,919.76,79.22,1.0
6730,241,36,2741,482,919.75,86.27,1.0
6731,268,47,2768,536,919.75,84.25,1.0
6732,176,29,2676,352,919.67,81.44,1.0
6733,227,36,2727,454,919.66,85.09,1.0
6734,274,46,2774,548,919.63,88.14,1.0
6735,237,31,2737,474,919.6,85.58,1.0
6736,66,9,2566,132,919.57,94.03,1.0
6737,179,29,2679,358,919.57,78.63,1.0
6738,288,12,2788,576,919.54,144.29,1.0
6739,210,43,2710,420,919.51,81.84,1.0
6740,236,38,2736,472,919.5,82.86,1.0
6741,209,39,2709,418,919.48,81.39,1.0
6742,262,11,2762,524,919.48,131.39,1.0
6743,241,35,2741,482,919.47,91.08,1.0
6744,167,10,2667,334,919.43,115.22,1.0
6745,73,27,2573,146,919.42,68.4,1.0
6746,99,10,2599,198,919.41,104.24,1.0
6747,243,47,2743,486,919.34,82.4,1.0
6748,286,49,2786,572,919.33,90.71,1.0
6749,225,30,2725,450,919.3,83.05,1.0
6750,33,9,2533,66,919.27,83.38,1.0
6751,227,35,2727,454,919.27,82.38,1.0
6752,237,33,2737,474,919.25,78.91,1.0
6753,205,36,2705,410,919.24,84.28,1.0
6754,58,9,2558,116,919.22,86.59,1.0
6755,227,37,2727,454,919.19,83.14,1.0
6756,218,44,2718,436,919.17,77.35,1.0
6757,225,37,2725,450,919.16,82.89,1.0
6758,205,38,2705,410,919.14,82.28,1.0
6759,221,44,2721,442,919.13,82.32,1.0
6760,283,46,2783,566,919.13,93.97,1.0
6761,235,47,2735,470,919.12,83.56,1.0
6762,238,46,2738,476,919.1,83.45,1.0
6763,252,12,2752,504,919.08,129.15,1.0
6764,114,10,2614,228,919.03,103.32,1.0
6765,249,47,2749,498,919.02,88.57,1.0
6766,294,48,2794,588,919.02,94.83,1.0
6767,216,37,2716,432,919.0,81.83,1.0
6768,253,47,2753,506,918.98,88.93,1.0
6769,250,47,2750,500,918.96,85.34,1.0
6770,285,48,2785,570,918.92,93.38,1.0
6771,237,42,2737,474,918.9,85.08,1.0
6772,237,43,2737,474,918.9,84.68,1.0
6773,38,9,2538,76,918.88,82.53,1.0
6774,209,43,2709,418,918.86,81.18,1.0
6775,225,31,2725,450,918.84,82.64,1.0
6776,232,45,2732,464,918.84,83.12,1.0
6777,218,39,2718,436,918.79,76.73,1.0
6778,204,11,2704,408,918.77,118.45,1.0
6779,225,32,2725,450,918.73,84.94,1.0
6780,245,47,2745,490,918.73,88.98,1.0
6781,134,28,2634,268,918.72,73.09,1.0
6782,112,10,2612,224,918.7,97.59,1.0
6783,275,48,2775,550,918.7,90.13,1.0
6784,293,12,2793,586,918.63,137.26,1.0
6785,34,9,2534,68,918.6,81.68,1.0
6786,205,30,2705,410,918.57,84.77,1.0
6787,221,30,2721,442,918.57,82.51,1.0
6788,205,44,2705,410,918.56,80.4,1.0
6789,216,45,2716,432,918.56,82.32,1.0
6790,223,35,2723,446,918.55,83.34,1.0
6791,208,41,2708,416,918.51,78.57,1.0
6792,255,11,2755,510,918.51,128.7,1.0
6793,182,29,2682,364,918.42,78.65,1.0
6794,229,11,2729,458,918.39,118.36,1.0
6795,225,39,2725,450,918.36,81.16,1.0
6796,53,9,2553,106,918.31,88.12,1.0
6797,218,38,2718,436,918.26,79.68,1.0
6798,275,11,2775,550,918.25,133.42,1.0
6799,252,45,2752,504,918.24,89.65,1.0
6800,205,37,2705,410,918.23,81.46,1.0
6801,205,35,2705,410,918.21,81.88,1.0
6802,244,34,2744,488,918.21,85.65,1.0
6803,280,48,2780,560,918.17,92.25,1.0
6804,271,47,2771,542,918.15,91.18,1.0
6805,241,32,2741,482,918.11,84.66,1.0
6806,19,9,2519,38,918.1,82.32,1.0
6807,175,29,2675,350,918.07,78.6,1.0
6808,280,12,2780,560,918.06,129.7,1.0
6809,186,10,2686,372,918.02,124.21,1.0
6810,198,11,2698,396,918.01,114.45,1.0
6811,267,47,2767,534,917.99,89.18,1.0
6812,236,11,2736,472,917.91,129.76,1.0
6813,20,26,2520,40,917.9,66.38,1.0
6814,205,33,2705,410,917.85,83.03,1.0
6815,209,34,2709,418,917.82,80.97,1.0
6816,8,9,2508,16,917.74,74.71,1.0
6817,13,9,2513,26,917.72,75.42,1.0
6818,63,27,2563,126,917.68,69.61,1.0
6819,192,29,2692,384,917.68,79.77,1.0
6820,217,31,2717,434,917.67,85.81,1.0
6821,230,30,2730,460,917.65,82.78,1.0
6822,205,32,2705,410,917.63,82.03,1.0
6823,92,10,2592,184,917.58,97.07,1.0
6824,237,34,2737,474,917.56,81.4,1.0
6825,56,9,2556,112,917.51,90.68,1.0
6826,84,27,2584,168,917.51,73.27,1.0
6827,211,38,2711,422,917.5,81.64,1.0
6828,212,33,2712,424,917.46,79.76,1.0
6829,225,38,2725,450,917.45,81.06,1.0
6830,233,11,2733,466,917.4,129.61,1.0
6831,241,37,2741,482,917.39,85.44,1.0
6832,209,42,2709,418,917.34,75.67,1.0
6833,126,28,2626,252,917.33,77.5,1.0
6834,230,39,2730,460,917.32,81.08,1.0
6835,132,10,2632,264,917.3,108.14,1.0
6836,208,40,2708,416,917.3,80.56,1.0
6837,261,48,2761,522,917.29,90.3,1.0
6838,244,36,2744,488,917.26,91.91,1.0
6839,73,9,2573,146,917.23,93.37,1.0
6840,244,39,2744,488,917.23,84.38,1.0
6841,230,34,2730,460,917.2,82.71,1.0
6842,262,48,2762,524,917.18,89.51,1.0
6843,227,40,2727,454,917.16,87.65,1.0
6844,208,37,2708,416,917.12,85.2,1.0
6845,290,50,2790,580,917.12,89.87,1.0
6846,124,10,2624,248,917.11,99.46,1.0
6847,211,40,2711,422,917.1,80.44,1.0
6848,216,42,2716,432,917.07,84.93,1.0
6849,173,29,2673,346,917.06,80.96,1.0
6850,209,37,2709,418,917.06,75.94,1.0
6851,277,47,2777,554,917.03,88.71,1.0
6852,218,41,2718,436,917.02,80.85,1.0
6853,30,26,2530,60,917.01,66.23,1.0
6854,269,47,2769,538,916.99,91.71,1.0
6855,231,45,2731,462,916.92,81.18,1.0
6856,272,48,2772,544,916.91,90.83,1.0
6857,225,36,2725,450,916.89,86.21,1.0
6858,59,27,2559,118,916.84,69.28,1.0
6859,80,27,2580,160,916.84,72.11,1.0
6860,218,37,2718,436,916.8,78.58,1.0
6861,255,47,2755,510,916.8,87.18,1.0
6862,237,32,2737,474,916.79,90.66,1.0
6863,45,9,2545,90,916.77,84.05,1.0
6864,234,11,2734,468,916.77,130.72,1.0
6865,1,8,2501,2,916.74,73.64,1.0
6866,185,11,2685,370,916.74,114.79,1.0
6867,144,10,2644,288,916.73,105.67,1.0
6868,12,26,2512,24,916.7,63.3,1.0
6869,224,41,2724,448,916.69,85.27,1.0
6870,252,30,2752,504,916.63,88.09,1.0
6871,211,31,2711,422,916.62,80.79,1.0
6872,205,41,2705,410,916.62,82.05,1.0
6873,223,38,2723,446,916.59,83.05,1.0
6874,224,36,2724,448,916.59,80.9,1.0
6875,289,49,2789,578,916.59,94.29,1.0
6876,130,28,2630,260,916.58,78.1,1.0
6877,205,43,2705,410,916.55,82.98,1.0
6878,1,26,2501,2,916.53,63.42,1.0
6879,223,41,2723,446,916.49,85.62,1.0
6880,68,9,2568,136,916.48,89.84,1.0
6881,281,48,2781,562,916.47,93.8,1.0
6882,211,39,2711,422,916.38,77.5,1.0
6883,226,45,2726,452,916.38,82.91,1.0
6884,208,38,2708,416,916.34,78.97,1.0
6885,241,30,2741,482,916.33,91.12,1.0
6886,300,49,2800,600,916.32,93.18,1.0
6887,3,26,2503,6,916.31,62.36,1.0
6888,225,42,2725,450,916.31,81.95,1.0
6889,218,42,2718,436,916.29,75.74,1.0
6890,223,42,2723,446,916.26,82.49,1.0
6891,223,31,2723,446,916.25,85.65,1.0
6892,223,33,2723,446,916.22,83.96,1.0
6893,265,49,2765,530,916.22,88.12,1.0
6894,120,28,2620,240,916.18,73.05,1.0
6895,205,31,2705,410,916.18,80.2,1.0
6896,237,45,2737,474,916.17,81.02,1.0
6897,240,47,2740,480,916.14,88.67,1.0
6898,81,9,2581,162,916.09,97.29,1.0
6899,257,47,2757,514,916.08,83.67,1.0
6900,218,36,2718,436,916.07,77.7,1.0
6901,205,34,2705,410,916.04,84.71,1.0
6902,227,42,2727,454,916.04,84.11,1.0
6903,232,11,2732,464,916.04,124.27,1.0
6904,205,39,2705,410,916.03,81.09,1.0
6905,224,32,2724,448,916.02,82.44,1.0
6906,221,43,2721,442,915.98,81.6,1.0
6907,208,42,2708,416,915.96,76.68,1.0
6908,39,26,2539,78,915.95,63.83,1.0
6909,109,28,2609,218,915.95,69.39,1.0
6910,225,44,2725,450,915.94,82.72,1.0
6911,60,9,2560,120,915.89,96.66,1.0
6912,218,43,2718,436,915.88,78.96,1.0
6913,288,49,2788,576,915.85,93.15,1.0
6914,208,30,2708,416,915.84,80.08,1.0
6915,224,37,2724,448,915.83,78.13,1.0
6916,254,47,2754,508,915.82,85.75,1.0
6917,218,33,2718,436,915.79,77.33,1.0
6918,260,48,2760,520,915.79,91.36,1.0
6919,230,32,2730,460,915.73,86.12,1.0
6920,270,49,2770,540,915.71,87.88,1.0
6921,249,48,2749,498,915.69,89.72,1.0
6922,227,34,2727,454,915.68,87.54,1.0
6923,221,42,2721,442,915.65,83.64,1.0
6924,52,9,2552,104,915.64,87.78,1.0
6925,293,48,2793,586,915.59,90.62,1.0
6926,210,45,2710,420,915.58,83.87,1.0
6927,224,30,2724,448,915.58,80.98,1.0
6928,150,10,2650,300,915.56,113.56,1.0
6929,225,33,2725,450,915.56,82.4,1.0
6930,223,36,2723,446,915.47,84.19,1.0
6931,246,46,2746,492,915.45,86.34,1.0
6932,259,47,2759,518,915.43,89.82,1.0
6933,118,28,2618,236,915.41,71.92,1.0
6934,209,31,2709,418,915.4,80.38,1.0
6935,26,26,2526,52,915.39,65.19,1.0
6936,211,32,2711,422,915.37,79.68,1.0
6937,242,45,2742,484,915.31,85.96,1.0
6938,226,46,2726,452,915.3,81.49,1.0
6939,218,34,2718,436,915.28,81.36,1.0
6940,218,35,2718,436,915.28,77.66,1.0
6941,208,36,2708,416,915.26,78.86,1.0
6942,209,36,2709,418,915.26,79.86,1.0
6943,241,41,2741,482,915.25,87.51,1.0
6944,230,31,2730,460,915.24,84.05,1.0
6945,244,37,2744,488,915.24,87.67,1.0
6946,287,49,2787,574,915.24,103.19,1.0
6947,237,35,2737,474,915.23,82.17,1.0
6948,247,48,2747,494,915.2,90.81,1.0
6949,124,28,2624,248,915.06,76.94,1.0
6950,35,9,2535,70,915.04,86.0,1.0
6951,233,46,2733,466,915.02,84.37,1.0
6952,230,33,2730,460,914.99,83.76,1.0
6953,49,9,2549,98,914.97,90.33,1.0
6954,234,46,2734,468,914.97,84.82,1.0
6955,221,39,2721,442,914.96,84.89,1.0
6956,219,47,2719,438,914.95,83.77,1.0
6957,223,11,2723,446,914.93,126.78,1.0
6958,244,38,2744,488,914.89,86.92,1.0
6959,230,42,2730,460,914.88,83.12,1.0
6960,211,44,2711,422,914.87,79.92,1.0
6961,283,47,2783,566,914.87,92.04,1.0
6962,167,29,2667,334,914.82,77.22,1.0
6963,162,29,2662,324,914.81,72.41,1.0
6964,9,26,2509,18,914.8,60.18,1.0
6965,11,26,2511,22,914.71,60.95,1.0
6966,79,27,2579,158,914.71,70.55,1.0
6967,230,38,2730,460,914.71,83.21,1.0
6968,223,39,2723,446,914.69,86.32,1.0
6969,218,30,2718,436,914.62,77.0,1.0
6970,230,40,2730,460,914.62,83.44,1.0
6971,217,37,2717,434,914.56,83.04,1.0
6972,123,28,2623,246,914.53,74.35,1.0
6973,205,42,2705,410,914.52,81.27,1.0
6974,10,26,2510,20,914.47,62.28,1.0
6975,13,26,2513,26,914.46,62.81,1.0
6976,220,39,2720,440,914.45,80.01,1.0
6977,223,40,2723,446,914.41,82.0,1.0
6978,208,39,2708,416,914.4,81.2,1.0
6979,222,39,2722,444,914.36,84.45,1.0
6980,264,46,2764,528,914.35,89.71,1.0
6981,138,10,2638,276,914.34,107.8,1.0
6982,282,51,2782,564,914.3,96.74,1.0
6983,238,47,2738,476,914.25,85.6,1.0
6984,244,42,2744,488,914.24,90.48,1.0
6985,264,47,2764,528,914.24,92.28,1.0
6986,281,49,2781,562,914.23,96.38,1.0
6987,244,41,2744,488,914.15,85.76,1.0
6988,210,35,2710,420,914.13,80.85,1.0
6989,273,48,2773,546,914.09,87.36,1.0
6990,244,40,2744,488,914.05,87.76,1.0
6991,223,30,2723,446,914.04,81.0,1.0
6992,227,45,2727,454,914.03,87.64,1.0
6993,18,26,2518,36,913.98,64.07,1.0
6994,225,41,2725,450,913.98,79.64,1.0
6995,211,41,2711,422,913.97,79.36,1.0
6996,218,32,2718,436,913.97,78.41,1.0
6997,37,9,2537,74,913.95,82.55,1.0
6998,230,44,2730,460,913.93,84.65,1.0
6999,145,10,2645,290,913.86,111.14,1.0
7000,165,29,2665,330,913.81,81.38,1.0
7001,117,10,2617,234,913.79,110.38,1.0
7002,236,45,2736,472,913.78,83.88,1.0
7003,278,48,2778,556,913.76,93.8,1.0
7004,67,27,2567,134,913.72,71.83,1.0
7005,215,46,2715,430,913.72,82.36,1.0
7006,248,11,2748,496,913.71,131.1,1.0
7007,106,10,2606,212,913.7,100.46,1.0
7008,225,40,2725,450,913.67,78.93,1.0
7009,149,29,2649,298,913.64,76.51,1.0
7010,228,46,2728,456,913.64,85.95,1.0
7011,220,36,2720,440,913.61,80.77,1.0
7012,217,43,2717,434,913.61,82.26,1.0
7013,212,31,2712,424,913.59,79.55,1.0
7014,222,43,2722,444,913.53,85.4,1.0
7015,244,30,2744,488,913.53,86.67,1.0
7016,108,28,2608,216,913.5,70.42,1.0
7017,122,28,2622,244,913.5,72.68,1.0
7018,43,9,2543,86,913.48,83.69,1.0
7019,44,27,2544,88,913.4,65.19,1.0
7020,287,11,2787,574,913.4,131.98,1.0
7021,179,10,2679,358,913.38,114.14,1.0
7022,211,36,2711,422,913.36,79.96,1.0
7023,16,26,2516,32,913.34,60.77,1.0
7024,14,26,2514,28,913.33,61.87,1.0
7025,172,29,2672,344,913.32,77.63,1.0
7026,17,26,2517,34,913.31,61.31,1.0
7027,215,45,2715,430,913.31,84.09,1.0
7028,87,10,2587,174,913.29,98.46,1.0
7029,212,44,2712,424,913.29,81.51,1.0
7030,211,42,2711,422,913.25,80.03,1.0
7031,244,44,2744,488,913.24,85.11,1.0
7032,297,51,2797,594,913.22,97.91,1.0
7033,154,10,2654,308,913.2,112.21,1.0
7034,223,43,2723,446,913.17,82.07,1.0
7035,224,38,2724,448,913.15,81.6,1.0
7036,40,9,2540,80,913.14,88.32,1.0
7037,224,44,2724,448,913.14,81.07,1.0
7038,139,28,2639,278,913.13,76.26,1.0
7039,224,42,2724,448,913.12,84.29,1.0
7040,249,11,2749,498,913.1,131.94,1.0
7041,89,9,2589,178,913.04,99.2,1.0
7042,170,29,2670,340,913.04,79.87,1.0
7043,212,37,2712,424,913.04,83.56,1.0
7044,260,11,2760,520,913.01,136.88,1.0
7045,222,36,2722,444,912.99,82.46,1.0
7046,213,36,2713,426,912.92,85.06,1.0
7047,22,26,2522,44,912.89,67.04,1.0
7048,221,34,2721,442,912.89,83.31,1.0
7049,220,44,2720,440,912.87,82.26,1.0
7050,205,40,2705,410,912.86,80.44,1.0
7051,208,43,2708,416,912.85,82.97,1.0
7052,223,32,2723,446,912.8,84.81,1.0
7053,221,38,2721,442,912.79,80.22,1.0
7054,221,40,2721,442,912.79,81.22,1.0
7055,221,37,2721,442,912.75,83.06,1.0
7056,115,28,2615,230,912.74,74.91,1.0
7057,69,27,2569,138,912.73,68.05,1.0
7058,217,32,2717,434,912.73,87.11,1.0
7059,279,12,2779,558,912.73,126.27,1.0
7060,266,49,2766,532,912.71,92.64,1.0
7061,277,48,2777,554,912.71,88.79,1.0
7062,192,11,2692,384,912.69,117.87,1.0
7063,211,43,2711,422,912.67,79.97,1.0
7064,212,42,2712,424,912.66,84.7,1.0
7065,208,32,2708,416,912.61,81.95,1.0
7066,208,33,2708,416,912.61,79.52,1.0
7067,261,11,2761,522,912.59,127.23,1.0
7068,211,37,2711,422,912.54,77.93,1.0
7069,217,35,2717,434,912.54,89.11,1.0
7070,6,26,2506,12,912.53,62.22,1.0
7071,271,48,2771,542,912.52,89.06,1.0
7072,256,48,2756,512,912.49,89.4,1.0
7073,208,31,2708,416,912.48,83.62,1.0
7074,223,34,2723,446,912.48,83.41,1.0
7075,212,39,2712,424,912.45,84.45,1.0
7076,230,43,2730,460,912.45,86.21,1.0
7077,199,36,2699,398,912.44,78.75,1.0
7078,279,48,2779,558,912.4,89.95,1.0
7079,220,31,2720,440,912.38,82.26,1.0
7080,222,32,2722,444,912.37,82.42,1.0
7081,136,10,2636,272,912.36,108.52,1.0
7082,213,41,2713,426,912.35,82.62,1.0
7083,56,27,2556,112,912.33,67.27,1.0
7084,222,40,2722,444,912.33,81.3,1.0
7085,224,34,2724,448,912.28,82.36,1.0
7086,199,43,2699,398,912.24,77.22,1.0
7087,211,35,2711,422,912.21,77.48,1.0
7088,280,49,2780,560,912.18,91.22,1.0
7089,4,26,2504,8,912.16,63.33,1.0
7090,244,31,2744,488,912.16,86.2,1.0
7091,39,9,2539,78,912.15,87.97,1.0
7092,225,45,2725,450,912.15,80.93,1.0
7093,248,48,2748,496,912.15,85.69,1.0
7094,217,44,2717,434,912.13,85.55,1.0
7095,168,29,2668,336,912.11,76.93,1.0
7096,222,42,2722,444,912.08,83.08,1.0
7097,58,27,2558,116,912.05,66.46,1.0
7098,218,31,2718,436,912.04,77.91,1.0
7099,244,35,2744,488,912.04,86.79,1.0
7100,292,50,2792,584,912.04,98.94,1.0
7101,70,9,2570,140,911.94,94.17,1.0
7102,171,29,2671,342,911.89,77.02,1.0
7103,217,39,2717,434,911.84,85.75,1.0
7104,2,26,2502,4,911.81,62.87,1.0
7105,77,27,2577,154,911.78,67.19,1.0
7106,208,35,2708,416,911.75,81.08,1.0
7107,53,27,2553,106,911.72,64.94,1.0
7108,220,11,2720,440,911.68,117.9,1.0
7109,136,28,2636,272,911.66,76.65,1.0
7110,213,43,2713,426,911.65,81.3,1.0
7111,244,33,2744,488,911.61,84.14,1.0
7112,251,48,2751,502,911.6,88.66,1.0
7113,209,10,2709,418,911.59,122.4,1.0
7114,276,11,2776,552,911.58,132.48,1.0
7115,140,10,2640,280,911.57,111.8,1.0
7116,284,50,2784,568,911.57,96.29,1.0
7117,83,9,2583,166,911.56,93.93,1.0
7118,233,47,2733,466,911.53,85.46,1.0
7119,245,48,2745,490,911.52,87.33,1.0
7120,224,39,2724,448,911.5,80.0,1.0
7121,298,49,2798,596,911.49,94.26,1.0
7122,213,31,2713,426,911.46,80.18,1.0
7123,207,44,2707,414,911.44,80.38,1.0
7124,220,33,2720,440,911.41,78.57,1.0
7125,276,48,2776,552,911.4,93.17,1.0
7126,212,41,2712,424,911.39,83.87,1.0
7127,216,46,2716,432,911.36,84.54,1.0
7128,222,41,2722,444,911.35,84.91,1.0
7129,216,11,2716,432,911.34,121.48,1.0
7130,267,12,2767,534,911.26,129.86,1.0
7131,224,35,2724,448,911.23,84.51,1.0
7132,204,41,2704,408,911.21,80.11,1.0
7133,235,48,2735,470,911.21,84.83,1.0
7134,102,28,2602,204,911.19,72.0,1.0
7135,282,50,2782,564,911.16,94.5,1.0
7136,211,30,2711,422,911.14,81.38,1.0
7137,231,46,2731,462,911.14,83.65,1.0
7138,294,49,2794,588,911.13,89.93,1.0
7139,274,12,2774,548,911.1,132.12,1.0
7140,63,9,2563,126,911.07,91.01,1.0
7141,268,48,2768,536,911.07,85.41,1.0
7142,212,34,2712,424,911.02,80.75,1.0
7143,224,31,2724,448,911.02,82.6,1.0
7144,295,51,2795,590,911.01,93.95,1.0
7145,221,33,2721,442,910.98,81.91,1.0
7146,212,32,2712,424,910.97,87.47,1.0
7147,258,12,2758,516,910.97,125.94,1.0
7148,225,34,2725,450,910.92,82.15,1.0
7149,105,28,2605,210,910.91,74.65,1.0
7150,54,27,2554,108,910.9,67.96,1.0
7151,203,11,2703,406,910.89,127.66,1.0
7152,253,48,2753,506,910.88,87.95,1.0
7153,206,30,2706,412,910.86,81.89,1.0
7154,255,48,2755,510,910.86,88.0,1.0
7155,199,34,2699,398,910.83,75.46,1.0
7156,182,10,2682,364,910.8,120.59,1.0
7157,212,30,2712,424,910.76,82.73,1.0
7158,224,33,2724,448,910.71,84.62,1.0
7159,261,49,2761,522,910.7,88.81,1.0
7160,207,37,2707,414,910.69,80.23,1.0
7161,157,29,2657,314,910.68,77.47,1.0
7162,217,42,2717,434,910.63,84.44,1.0
7163,103,28,2603,206,910.59,72.36,1.0
7164,212,11,2712,424,910.48,120.23,1.0
7165,208,44,2708,416,910.47,81.02,1.0
7166,61,27,2561,122,910.42,70.44,1.0
7167,223,37,2723,446,910.42,83.27,1.0
7168,206,39,2706,412,910.4,83.87,1.0
7169,151,29,2651,302,910.39,79.17,1.0
7170,165,10,2665,330,910.39,115.72,1.0
7171,230,36,2730,460,910.37,87.71,1.0
7172,154,29,2654,308,910.35,78.55,1.0
7173,204,33,2704,408,910.35,76.91,1.0
7174,211,33,2711,422,910.34,81.0,1.0
7175,213,39,2713,426,910.32,80.72,1.0
7176,146,29,2646,292,910.3,75.77,1.0
7177,211,34,2711,422,910.29,82.98,1.0
7178,220,34,2720,440,910.26,80.62,1.0
7179,201,43,2701,402,910.24,79.11,1.0
7180,67,9,2567,134,910.23,90.89,1.0
7181,204,32,2704,408,910.23,77.94,1.0
7182,228,47,2728,456,910.23,87.32,1.0
7183,184,10,2684,368,910.22,116.03,1.0
7184,217,45,2717,434,910.22,83.74,1.0
7185,220,38,2720,440,910.18,75.97,1.0
7186,128,28,2628,256,910.17,72.96,1.0
7187,230,41,2730,460,910.16,86.11,1.0
7188,252,46,2752,504,910.16,89.91,1.0
7189,204,38,2704,408,910.15,81.86,1.0
7190,199,38,2699,398,910.12,74.83,1.0
7191,296,49,2796,592,910.09,94.99,1.0
7192,199,31,2699,398,910.07,79.56,1.0
7193,205,45,2705,410,910.07,83.38,1.0
7194,204,37,2704,408,910.06,80.5,1.0
7195,257,11,2757,514,910.06,130.91,1.0
7196,285,49,2785,570,910.05,91.67,1.0
7197,212,36,2712,424,910.04,84.32,1.0
7198,220,30,2720,440,910.04,83.84,1.0
7199,241,45,2741,482,910.03,91.02,1.0
7200,278,49,2778,556,910.02,91.34,1.0
7201,222,38,2722,444,910.01,86.46,1.0
7202,199,40,2699,398,909.99,78.26,1.0
7203,263,47,2763,526,909.99,90.61,1.0
7204,143,10,2643,286,909.93,103.36,1.0
7205,217,41,2717,434,909.92,84.52,1.0
7206,137,10,2637,274,909.91,107.07,1.0
7207,220,41,2720,440,909.91,80.82,1.0
7208,119,28,2619,238,909.9,74.98,1.0
7209,206,40,2706,412,909.87,80.22,1.0
7210,199,35,2699,398,909.86,81.07,1.0
7211,239,46,2739,478,909.81,82.56,1.0
7212,222,44,2722,444,909.75,81.2,1.0
7213,258,46,2758,516,909.72,84.51,1.0
7214,221,36,2721,442,909.68,84.39,1.0
7215,244,45,2744,488,909.68,85.19,1.0
7216,206,33,2706,412,909.63,81.61,1.0
7217,223,44,2723,446,909.59,85.95,1.0
7218,76,27,2576,152,909.58,70.4,1.0
7219,220,43,2720,440,909.56,80.21,1.0
7220,206,38,2706,412,909.53,82.09,1.0
7221,112,28,2612,224,909.49,74.24,1.0
7222,212,43,2712,424,909.47,79.68,1.0
7223,217,30,2717,434,909.47,85.85,1.0
7224,204,42,2704,408,909.46,81.46,1.0
7225,208,34,2708,416,909.46,79.32,1.0
7226,222,33,2722,444,909.46,80.91,1.0
7227,296,12,2796,592,909.41,140.19,1.0
7228,48,9,2548,96,909.37,89.79,1.0
7229,204,30,2704,408,909.35,79.82,1.0
7230,293,49,2793,586,909.35,94.44,1.0
7231,299,49,2799,598,909.34,88.78,1.0
7232,210,46,2710,420,909.33,85.72,1.0
7233,259,11,2759,518,909.33,120.74,1.0
7234,69,9,2569,138,909.31,91.28,1.0
7235,166,10,2666,332,909.31,109.69,1.0
7236,222,37,2722,444,909.3,81.69,1.0
7237,199,37,2699,398,909.29,78.88,1.0
7238,206,44,2706,412,909.28,84.63,1.0
7239,74,27,2574,148,909.27,71.09,1.0
7240,243,48,2743,486,909.25,89.09,1.0
7241,163,10,2663,326,909.23,109.61,1.0
7242,72,27,2572,144,909.22,70.14,1.0
7243,133,29,2633,266,909.21,70.6,1.0
7244,212,38,2712,424,909.17,82.34,1.0
7245,207,31,2707,414,909.16,78.45,1.0
7246,51,27,2551,102,909.14,68.21,1.0
7247,152,10,2652,304,909.14,110.38,1.0
7248,82,9,2582,164,909.09,95.67,1.0
7249,220,35,2720,440,909.09,82.66,1.0
7250,168,10,2668,336,909.07,111.73,1.0
7251,213,40,2713,426,909.07,81.4,1.0
7252,291,49,2791,582,909.06,93.41,1.0
7253,207,38,2707,414,909.04,80.5,1.0
7254,100,9,2600,200,909.01,102.22,1.0
7255,218,11,2718,436,908.98,120.46,1.0
7256,234,47,2734,468,908.98,90.9,1.0
7257,59,9,2559,118,908.96,91.26,1.0
7258,217,33,2717,434,908.96,83.55,1.0
7259,222,30,2722,444,908.96,85.18,1.0
7260,259,48,2759,518,908.95,89.38,1.0
7261,207,33,2707,414,908.94,83.16,1.0
7262,212,35,2712,424,908.87,82.6,1.0
7263,160,29,2660,320,908.82,78.73,1.0
7264,217,34,2717,434,908.82,84.96,1.0
7265,206,43,2706,412,908.79,82.12,1.0
7266,213,32,2713,426,908.78,84.19,1.0
7267,221,32,2721,442,908.77,86.77,1.0
7268,217,11,2717,434,908.76,130.36,1.0
7269,213,37,2713,426,908.71,84.43,1.0
7270,204,40,2704,408,908.69,81.28,1.0
7271,217,40,2717,434,908.69,87.97,1.0
7272,185,34,2685,370,908.68,79.61,1.0
7273,244,32,2744,488,908.68,87.56,1.0
7274,207,30,2707,414,908.58,79.13,1.0
7275,200,40,2700,400,908.57,81.6,1.0
7276,206,32,2706,412,908.57,80.8,1.0
7277,197,43,2697,394,908.56,77.17,1.0
7278,204,34,2704,408,908.56,79.63,1.0
7279,262,49,2762,524,908.56,91.99,1.0
7280,85,9,2585,170,908.55,94.1,1.0
7281,266,50,2766,532,908.55,88.54,1.0
7282,204,36,2704,408,908.54,81.39,1.0
7283,224,40,2724,448,908.53,82.84,1.0
7284,215,10,2715,430,908.47,126.87,1.0
7285,213,30,2713,426,908.46,86.13,1.0
7286,213,35,2713,426,908.46,80.51,1.0
7287,2,8,2502,4,908.45,70.45,1.0
7288,232,46,2732,464,908.45,83.9,1.0
7289,57,9,2557,114,908.44,85.88,1.0
7290,220,32,2720,440,908.39,76.47,1.0
7291,9,8,2509,18,908.38,76.94,1.0
7292,121,10,2621,242,908.38,108.37,1.0
7293,224,11,2724,448,908.36,118.51,1.0
7294,222,31,2722,444,908.32,86.79,1.0
7295,220,37,2720,440,908.31,78.72,1.0
7296,156,10,2656,312,908.3,106.91,1.0
7297,52,27,2552,104,908.22,69.55,1.0
7298,213,42,2713,426,908.21,83.62,1.0
7299,227,46,2727,454,908.16,84.71,1.0
7300,197,34,2697,394,908.15,78.7,1.0
7301,199,30,2699,398,908.15,77.23,1.0
7302,207,32,2707,414,908.15,81.02,1.0
7303,224,43,2724,448,908.07,79.01,1.0
7304,197,44,2697,394,908.05,75.41,1.0
7305,204,39,2704,408,908.04,80.81,1.0
7306,229,47,2729,458,908.04,83.95,1.0
7307,241,11,2741,482,908.04,128.52,1.0
7308,206,34,2706,412,908.03,82.65,1.0
7309,206,31,2706,412,908.01,81.42,1.0
7310,230,35,2730,460,908.01,84.17,1.0
7311,116,10,2616,232,908.0,101.93,1.0
7312,7,26,2507,14,907.99,62.47,1.0
7313,223,45,2723,446,907.96,86.82,1.0
7314,55,27,2555,110,907.94,71.59,1.0
7315,78,9,2578,156,907.9,96.34,1.0
7316,212,40,2712,424,907.9,82.62,1.0
7317,186,32,2686,372,907.89,79.07,1.0
7318,209,45,2709,418,907.89,78.15,1.0
7319,257,48,2757,514,907.89,88.83,1.0
7320,183,30,2683,366,907.85,76.4,1.0
7321,45,27,2545,90,907.83,64.57,1.0
7322,206,45,2706,412,907.83,82.98,1.0
7323,206,41,2706,412,907.79,85.16,1.0
7324,220,42,2720,440,907.78,79.41,1.0
7325,218,45,2718,436,907.78,83.88,1.0
7326,222,34,2722,444,907.74,83.26,1.0
7327,3,8,2503,6,907.73,75.44,1.0
7328,207,41,2707,414,907.69,81.73,1.0
7329,109,10,2609,218,907.65,102.55,1.0
7330,201,33,2701,402,907.65,79.3,1.0
7331,178,29,2678,356,907.62,82.05,1.0
7332,19,26,2519,38,907.61,62.31,1.0
7333,86,9,2586,172,907.61,100.29,1.0
7334,199,44,2699,398,907.61,81.26,1.0
7335,201,41,2701,402,907.54,81.2,1.0
7336,239,47,2739,478,907.54,85.69,1.0
7337,158,29,2658,316,907.52,78.9,1.0
7338,204,35,2704,408,907.51,79.65,1.0
7339,153,29,2653,306,907.49,76.55,1.0
7340,183,10,2683,366,907.48,116.42,1.0
7341,199,39,2699,398,907.47,76.95,1.0
7342,214,42,2714,428,907.45,83.75,1.0
7343,195,10,2695,390,907.41,120.24,1.0
7344,199,32,2699,398,907.4,80.92,1.0
7345,27,8,2527,54,907.39,81.22,1.0
7346,275,49,2775,550,907.36,95.18,1.0
7347,217,38,2717,434,907.34,90.18,1.0
7348,222,35,2722,444,907.34,82.53,1.0
7349,207,34,2707,414,907.32,79.0,1.0
7350,204,31,2704,408,907.28,82.53,1.0
7351,219,48,2719,438,907.28,83.18,1.0
7352,213,38,2713,426,907.26,84.76,1.0
7353,57,27,2557,114,907.25,71.56,1.0
7354,236,46,2736,472,907.25,88.74,1.0
7355,295,11,2795,590,907.24,134.84,1.0
7356,220,40,2720,440,907.2,81.52,1.0
7357,267,48,2767,534,907.19,94.22,1.0
7358,50,27,2550,100,907.18,64.53,1.0
7359,287,50,2787,574,907.15,101.31,1.0
7360,121,28,2621,242,907.11,73.34,1.0
7361,199,10,2699,398,906.96,119.44,1.0
7362,130,10,2630,260,906.9,104.98,1.0
7363,222,45,2722,444,906.84,84.44,1.0
7364,207,43,2707,414,906.83,84.74,1.0
7365,251,11,2751,502,906.82,130.44,1.0
7366,166,29,2666,332,906.8,79.85,1.0
7367,201,44,2701,402,906.8,77.87,1.0
7368,221,45,2721,442,906.79,85.94,1.0
7369,94,9,2594,188,906.78,98.27,1.0
7370,7,8,2507,14,906.75,78.1,1.0
7371,200,38,2700,400,906.75,81.14,1.0
7372,207,42,2707,414,906.75,82.55,1.0
7373,161,10,2661,322,906.74,113.16,1.0
7374,46,9,2546,92,906.71,88.07,1.0
7375,230,45,2730,460,906.69,84.5,1.0
7376,215,47,2715,430,906.68,84.3,1.0
7377,169,10,2669,338,906.64,111.05,1.0
7378,206,36,2706,412,906.63,86.39,1.0
7379,223,46,2723,446,906.6,85.2,1.0
7380,214,39,2714,428,906.59,80.71,1.0
7381,202,30,2702,404,906.57,79.66,1.0
7382,224,45,2724,448,906.54,83.3,1.0
7383,207,39,2707,414,906.4,77.21,1.0
7384,220,45,2720,440,906.36,79.17,1.0
7385,21,8,2521,42,906.33,78.76,1.0
7386,201,36,2701,402,906.28,79.57,1.0
7387,283,48,2783,566,906.26,96.25,1.0
7388,159,10,2659,318,906.25,107.82,1.0
7389,186,36,2686,372,906.23,82.11,1.0
7390,226,47,2726,452,906.22,84.87,1.0
7391,260,49,2760,520,906.22,87.4,1.0
7392,94,28,2594,188,906.19,71.76,1.0
7393,211,45,2711,422,906.17,82.04,1.0
7394,288,50,2788,576,906.14,94.81,1.0
7395,213,34,2713,426,906.13,81.6,1.0
7396,213,44,2713,426,906.1,81.71,1.0
7397,197,35,2697,394,906.09,77.25,1.0
7398,207,36,2707,414,906.08,80.95,1.0
7399,93,9,2593,186,906.07,102.62,1.0
7400,214,33,2714,428,906.07,84.35,1.0
7401,183,38,2683,366,906.06,81.72,1.0
7402,280,50,2780,560,906.06,92.45,1.0
7403,202,36,2702,404,906.04,86.37,1.0
7404,254,48,2754,508,906.04,91.1,1.0
7405,199,33,2699,398,906.02,78.3,1.0
7406,206,42,2706,412,905.98,85.44,1.0
7407,206,37,2706,412,905.88,82.38,1.0
7408,270,50,2770,540,905.88,90.28,1.0
7409,282,11,2782,564,905.85,135.27,1.0
7410,207,40,2707,414,905.83,79.55,1.0
7411,263,11,2763,526,905.83,128.61,1.0
7412,145,29,2645,290,905.82,73.15,1.0
7413,213,33,2713,426,905.82,85.9,1.0
7414,116,28,2616,232,905.78,74.05,1.0
7415,185,42,2685,370,905.78,81.52,1.0
7416,217,36,2717,434,905.76,85.1,1.0
7417,0,26,2500,0,905.75,60.47,1.0
7418,160,10,2660,320,905.7,114.32,1.0
7419,268,11,2768,536,905.68,129.92,1.0
7420,186,34,2686,372,905.66,81.22,1.0
7421,204,44,2704,408,905.64,77.36,1.0
7422,183,35,2683,366,905.63,76.06,1.0
7423,185,40,2685,370,905.62,78.34,1.0
7424,263,48,2763,526,905.59,90.17,1.0
7425,201,38,2701,402,905.55,81.8,1.0
7426,148,10,2648,296,905.5,106.3,1.0
7427,249,49,2749,498,905.46,86.27,1.0
7428,209,46,2709,418,905.45,79.59,1.0
7429,254,10,2754,508,905.4,123.55,1.0
7430,245,10,2745,490,905.37,128.15,1.0
7431,204,43,2704,408,905.3,78.38,1.0
7432,205,46,2705,410,905.3,86.32,1.0
7433,197,33,2697,394,905.24,78.39,1.0
7434,197,36,2697,394,905.2,77.32,1.0
7435,201,37,2701,402,905.18,80.86,1.0
7436,221,41,2721,442,905.18,80.33,1.0
7437,177,39,2677,354,905.17,76.11,1.0
7438,184,39,2684,368,905.16,75.49,1.0
7439,183,41,2683,366,905.15,76.41,1.0
7440,159,29,2659,318,905.11,78.2,1.0
7441,0,8,2500,0,905.1,71.14,1.0
7442,300,50,2800,600,905.08,98.16,1.0
7443,285,50,2785,570,905.04,94.48,1.0
7444,246,47,2746,492,905.02,90.75,1.0
7445,128,10,2628,256,905.0,102.77,1.0
7446,229,46,2729,458,904.99,84.25,1.0
7447,197,32,2697,394,904.98,77.92,1.0
7448,200,44,2700,400,904.97,81.1,1.0
7449,147,10,2647,294,904.96,110.98,1.0
7450,265,50,2765,530,904.96,88.95,1.0
7451,197,30,2697,394,904.92,78.43,1.0
7452,206,35,2706,412,904.89,83.23,1.0
7453,186,45,2686,372,904.87,77.7,1.0
7454,207,35,2707,414,904.87,78.71,1.0
7455,183,42,2683,366,904.86,76.26,1.0
7456,47,27,2547,94,904.85,67.22,1.0
7457,101,28,2601,202,904.8,73.27,1.0
7458,201,40,2701,402,904.78,82.08,1.0
7459,250,48,2750,500,904.77,86.53,1.0
7460,197,39,2697,394,904.75,79.4,1.0
7461,247,49,2747,494,904.73,91.71,1.0
7462,200,30,2700,400,904.72,80.93,1.0
7463,272,49,2772,544,904.7,92.39,1.0
7464,185,44,2685,370,904.63,79.6,1.0
7465,151,10,2651,302,904.62,109.24,1.0
7466,98,9,2598,196,904.6,97.97,1.0
7467,185,37,2685,370,904.53,77.84,1.0
7468,200,34,2700,400,904.49,82.18,1.0
7469,245,49,2745,490,904.49,92.34,1.0
7470,199,41,2699,398,904.45,76.92,1.0
7471,197,41,2697,394,904.43,75.81,1.0
7472,108,9,2608,216,904.42,101.49,1.0
7473,117,28,2617,234,904.41,76.12,1.0
7474,49,27,2549,98,904.4,68.98,1.0
7475,248,49,2748,496,904.39,88.51,1.0
7476,164,29,2664,328,904.36,79.81,1.0
7477,297,11,2797,594,904.36,142.18,1.0
7478,208,45,2708,416,904.34,84.8,1.0
7479,290,11,2790,580,904.34,132.31,1.0
7480,200,43,2700,400,904.33,83.05,1.0
7481,202,31,2702,404,904.33,84.04,1.0
7482,18,8,2518,36,904.32,80.39,1.0
7483,214,36,2714,428,904.32,84.02,1.0
7484,193,37,2693,386,904.3,81.8,1.0
7485,268,49,2768,536,904.25,86.1,1.0
7486,185,39,2685,370,904.24,77.14,1.0
7487,183,37,2683,366,904.22,78.02,1.0
7488,199,42,2699,398,904.22,80.64,1.0
7489,277,49,2777,554,904.17,93.56,1.0
7490,208,10,2708,416,904.07,121.78,1.0
7491,274,48,2774,548,904.06,86.69,1.0
7492,205,10,2705,410,904.02,122.72,1.0
7493,185,35,2685,370,904.0,77.04,1.0
7494,202,44,2702,404,904.0,81.79,1.0
7495,14,8,2514,28,903.99,78.2,1.0
7496,84,9,2584,168,903.99,97.06,1.0
7497,183,31,2683,366,903.99,76.71,1.0
7498,88,9,2588,176,903.96,98.08,1.0
7499,185,43,2685,370,903.96,79.59,1.0
7500,258,47,2758,516,903.96,84.97,1.0
7501,93,28,2593,186,903.91,71.23,1.0
7502,200,32,2700,400,903.91,83.75,1.0
7503,202,32,2702,404,903.89,79.84,1.0
7504,175,10,2675,350,903.87,117.07,1.0
7505,185,36,2685,370,903.8,80.52,1.0
7506,202,37,2702,404,903.75,80.03,1.0
7507,299,50,2799,598,903.74,96.44,1.0
7508,197,31,2697,394,903.71,76.2,1.0
7509,200,36,2700,400,903.69,80.47,1.0
7510,264,48,2764,528,903.68,90.27,1.0
7511,186,37,2686,372,903.67,83.87,1.0
7512,200,41,2700,400,903.64,77.69,1.0
7513,242,46,2742,484,903.63,87.05,1.0
7514,199,45,2699,398,903.62,81.17,1.0
7515,203,35,2703,406,903.62,81.4,1.0
7516,276,49,2776,552,903.61,95.07,1.0
7517,214,40,2714,428,903.6,86.99,1.0
7518,111,28,2611,222,903.58,75.49,1.0
7519,183,44,2683,366,903.58,77.69,1.0
7520,185,32,2685,370,903.58,79.69,1.0
7521,186,40,2686,372,903.51,80.25,1.0
7522,183,33,2683,366,903.51,78.59,1.0
7523,214,38,2714,428,903.5,86.64,1.0
7524,6,8,2506,12,903.49,76.57,1.0
7525,197,37,2697,394,903.49,77.02,1.0
7526,164,11,2664,328,903.48,120.45,1.0
7527,186,44,2686,372,903.38,80.05,1.0
7528,197,40,2697,394,903.38,78.45,1.0
7529,186,33,2686,372,903.37,80.17,1.0
7530,193,30,2693,386,903.37,83.79,1.0
7531,232,47,2732,464,903.37,84.96,1.0
7532,135,10,2635,270,903.35,111.72,1.0
7533,200,42,2700,400,903.34,82.59,1.0
7534,251,49,2751,502,903.32,86.47,1.0
7535,216,47,2716,432,903.31,81.38,1.0
7536,240,48,2740,480,903.31,88.88,1.0
7537,225,46,2725,450,903.3,82.58,1.0
7538,208,46,2708,416,903.3,83.44,1.0
7539,197,38,2697,394,903.29,77.68,1.0
7540,186,38,2686,372,903.27,78.39,1.0
7541,201,32,2701,402,903.27,78.88,1.0
7542,193,36,2693,386,903.23,78.57,1.0
7543,289,50,2789,578,903.23,98.54,1.0
7544,238,10,2738,476,903.21,123.3,1.0
7545,253,11,2753,506,903.19,132.5,1.0
7546,286,50,2786,572,903.12,91.72,1.0
7547,214,41,2714,428,903.1,83.78,1.0
7548,250,49,2750,500,903.03,88.06,1.0
7549,184,44,2684,368,903.01,79.32,1.0
7550,212,45,2712,424,902.99,81.53,1.0
7551,202,40,2702,404,902.96,80.18,1.0
7552,186,35,2686,372,902.94,79.7,1.0
7553,221,11,2721,442,902.94,127.01,1.0
7554,201,35,2701,402,902.93,81.83,1.0
7555,183,34,2683,366,902.91,76.31,1.0
7556,292,51,2792,584,902.91,94.61,1.0
7557,273,49,2773,546,902.89,90.61,1.0
7558,186,31,2686,372,902.88,78.47,1.0
7559,110,28,2610,220,902.86,72.9,1.0
7560,170,10,2670,340,902.82,117.78,1.0
7561,237,46,2737,474,902.82,90.5,1.0
7562,197,42,2697,394,902.77,77.11,1.0
7563,297,52,2797,594,902.77,97.57,1.0
7564,230,46,2730,460,902.74,85.53,1.0
7565,176,10,2676,352,902.7,114.24,1.0
7566,43,27,2543,86,902.55,65.36,1.0
7567,273,50,2773,546,902.55,88.0,1.0
7568,294,50,2794,588,902.53,95.63,1.0
7569,235,49,2735,470,902.5,88.88,1.0
7570,16,8,2516,32,902.49,73.45,1.0
7571,279,49,2779,558,902.47,89.75,1.0
7572,214,32,2714,428,902.46,84.17,1.0
7573,38,27,2538,76,902.45,65.93,1.0
7574,193,33,2693,386,902.41,77.67,1.0
7575,293,50,2793,586,902.41,91.18,1.0
7576,201,31,2701,402,902.39,78.9,1.0
7577,184,38,2684,368,902.37,81.29,1.0
7578,74,9,2574,148,902.35,91.68,1.0
7579,177,34,2677,354,902.33,78.7,1.0
7580,193,41,2693,386,902.33,79.3,1.0
7581,214,34,2714,428,902.33,79.57,1.0
7582,202,38,2702,404,902.32,81.88,1.0
7583,184,41,2684,368,902.24,75.63,1.0
7584,172,10,2672,344,902.22,111.88,1.0
7585,48,27,2548,96,902.21,68.61,1.0
7586,12,8,2512,24,902.21,77.08,1.0
7587,195,39,2695,390,902.21,82.53,1.0
7588,201,34,2701,402,902.18,77.67,1.0
7589,202,35,2702,404,902.17,81.05,1.0
7590,185,41,2685,370,902.15,78.91,1.0
7591,284,51,2784,568,902.12,91.65,1.0
7592,202,33,2702,404,902.11,81.84,1.0
7593,217,46,2717,434,902.11,87.42,1.0
7594,244,46,2744,488,902.11,87.56,1.0
7595,60,27,2560,120,902.08,70.78,1.0
7596,300,11,2800,600,902.05,127.95,1.0
7597,197,10,2697,394,902.04,114.43,1.0
7598,197,45,2697,394,902.04,76.86,1.0
7599,269,49,2769,538,902.03,92.23,1.0
7600,186,30,2686,372,902.01,79.52,1.0
7601,186,41,2686,372,902.01,79.88,1.0
7602,183,36,2683,366,902.0,78.8,1.0
7603,203,30,2703,406,901.97,83.39,1.0
7604,193,32,2693,386,901.96,84.28,1.0
7605,201,30,2701,402,901.96,77.23,1.0
7606,214,44,2714,428,901.95,83.32,1.0
7607,202,41,2702,404,901.91,79.69,1.0
7608,290,51,2790,580,901.9,95.41,1.0
7609,203,37,2703,406,901.86,82.55,1.0
7610,184,36,2684,368,901.84,76.26,1.0
7611,184,43,2684,368,901.84,76.41,1.0
7612,214,30,2714,428,901.83,84.83,1.0
7613,185,30,2685,370,901.77,80.28,1.0
7614,241,46,2741,482,901.76,88.53,1.0
7615,238,48,2738,476,901.75,89.02,1.0
7616,174,39,2674,348,901.73,79.69,1.0
7617,278,11,2778,556,901.66,132.41,1.0
7618,220,46,2720,440,901.65,84.47,1.0
7619,186,42,2686,372,901.61,81.72,1.0
7620,177,32,2677,354,901.6,76.54,1.0
7621,15,8,2515,30,901.59,76.43,1.0
7622,105,9,2605,210,901.57,98.67,1.0
7623,201,42,2701,402,901.56,79.98,1.0
7624,4,8,2504,8,901.53,74.72,1.0
7625,257,49,2757,514,901.48,89.81,1.0
7626,142,29,2642,284,901.47,77.03,1.0
7627,269,48,2769,538,901.47,89.25,1.0
7628,126,9,2626,252,901.46,111.98,1.0
7629,256,49,2756,512,901.45,91.08,1.0
7630,123,9,2623,246,901.44,99.0,1.0
7631,207,45,2707,414,901.41,79.28,1.0
7632,272,11,2772,544,901.37,133.73,1.0
7633,185,38,2685,370,901.36,77.39,1.0
7634,195,30,2695,390,901.36,87.22,1.0
7635,228,48,2728,456,901.36,86.84,1.0
7636,104,28,2604,208,901.35,72.87,1.0
7637,193,43,2693,386,901.35,78.44,1.0
7638,181,10,2681,362,901.34,110.6,1.0
7639,197,46,2697,394,901.32,81.7,1.0
7640,200,37,2700,400,901.29,80.94,1.0
7641,174,35,2674,348,901.28,79.54,1.0
7642,195,36,2695,390,901.28,81.52,1.0
7643,184,32,2684,368,901.25,77.48,1.0
7644,277,11,2777,554,901.24,131.38,1.0
7645,203,41,2703,406,901.22,81.67,1.0
7646,282,52,2782,564,901.2,97.98,1.0
7647,41,8,2541,82,901.18,89.04,1.0
7648,214,35,2714,428,901.12,86.4,1.0
7649,202,39,2702,404,901.09,83.42,1.0
7650,185,31,2685,370,901.08,77.94,1.0
7651,177,40,2677,354,901.08,75.36,1.0
7652,185,33,2685,370,901.07,79.48,1.0
7653,206,10,2706,412,901.03,122.76,1.0
7654,195,42,2695,390,900.99,85.45,1.0
7655,299,11,2799,598,900.99,141.37,1.0
7656,203,40,2703,406,900.98,80.6,1.0
7657,240,49,2740,480,900.94,91.29,1.0
7658,184,40,2684,368,900.93,79.77,1.0
7659,203,44,2703,406,900.92,82.92,1.0
7660,183,43,2683,366,900.85,77.62,1.0
7661,155,29,2655,310,900.82,79.77,1.0
7662,174,32,2674,348,900.79,79.01,1.0
7663,193,44,2693,386,900.75,80.93,1.0
7664,200,39,2700,400,900.75,78.87,1.0
7665,186,43,2686,372,900.67,83.47,1.0
7666,113,28,2613,226,900.64,76.67,1.0
7667,292,11,2792,584,900.63,131.15,1.0
7668,288,11,2788,576,900.56,133.86,1.0
7669,103,9,2603,206,900.54,100.88,1.0
7670,271,49,2771,542,900.53,88.58,1.0
7671,161,29,2661,322,900.51,78.39,1.0
7672,200,31,2700,400,900.5,82.22,1.0
7673,186,39,2686,372,900.48,78.5,1.0
7674,226,10,2726,452,900.45,123.01,1.0
7675,214,37,2714,428,900.44,83.42,1.0
7676,256,11,2756,512,900.4,132.17,1.0
7677,46,27,2546,92,900.29,66.14,1.0
7678,291,50,2791,582,900.29,95.31,1.0
7679,219,10,2719,438,900.26,122.21,1.0
7680,224,46,2724,448,900.26,84.84,1.0
7681,266,11,2766,532,900.22,131.53,1.0
7682,193,40,2693,386,900.16,80.45,1.0
7683,75,9,2575,150,900.15,92.05,1.0
7684,232,48,2732,464,900.15,85.16,1.0
7685,276,50,2776,552,900.1,93.39,1.0
7686,132,29,2632,264,900.09,77.08,1.0
7687,10,8,2510,20,900.06,75.78,1.0
7688,163,29,2663,326,900.05,82.06,1.0
7689,227,47,2727,454,900.03,84.88,1.0
7690,107,28,2607,214,900.01,74.03,1.0
7691,250,10,2750,500,900.0,124.94,1.0
7692,11,8,2511,22,899.99,76.38,1.0
7693,231,47,2731,462,899.97,85.74,1.0
7694,36,27,2536,72,899.96,66.06,1.0
7695,156,29,2656,312,899.95,73.97,1.0
7696,235,50,2735,470,899.94,87.0,1.0
7697,252,47,2752,504,899.94,91.59,1.0
7698,183,45,2683,366,899.86,79.65,1.0
7699,185,45,2685,370,899.85,82.7,1.0
7700,177,43,2677,354,899.83,80.5,1.0
7701,194,44,2694,388,899.8,82.18,1.0
7702,187,10,2687,374,899.77,113.58,1.0
7703,100,28,2600,200,899.68,76.11,1.0
7704,201,45,2701,402,899.66,84.66,1.0
7705,150,29,2650,300,899.63,77.04,1.0
7706,198,35,2698,396,899.63,79.51,1.0
7707,193,42,2693,386,899.56,84.32,1.0
7708,234,48,2734,468,899.56,91.1,1.0
7709,97,28,2597,194,899.55,76.49,1.0
7710,211,46,2711,422,899.55,82.5,1.0
7711,255,49,2755,510,899.54,87.54,1.0
7712,177,41,2677,354,899.52,79.47,1.0
7713,193,31,2693,386,899.52,82.91,1.0
7714,174,44,2674,348,899.51,77.48,1.0
7715,195,41,2695,390,899.51,81.77,1.0
7716,194,33,2694,388,899.49,79.21,1.0
7717,140,29,2640,280,899.48,77.02,1.0
7718,225,47,2725,450,899.48,85.81,1.0
7719,184,37,2684,368,899.4,79.18,1.0
7720,177,38,2677,354,899.39,80.29,1.0
7721,144,29,2644,288,899.37,79.34,1.0
7722,139,10,2639,278,899.35,113.59,1.0
7723,177,42,2677,354,899.35,75.58,1.0
7724,183,32,2683,366,899.33,81.87,1.0
7725,177,33,2677,354,899.33,76.25,1.0
7726,210,47,2710,420,899.31,85.97,1.0
7727,155,10,2655,310,899.3,119.28,1.0
7728,281,50,2781,562,899.28,95.16,1.0
7729,193,34,2693,386,899.26,80.91,1.0
7730,200,33,2700,400,899.25,84.99,1.0
7731,193,35,2693,386,899.21,82.11,1.0
7732,202,34,2702,404,899.19,81.5,1.0
7733,200,10,2700,400,899.15,125.8,1.0
7734,200,45,2700,400,899.15,79.17,1.0
7735,80,9,2580,160,899.14,96.74,1.0
7736,184,34,2684,368,899.13,81.79,1.0
7737,133,9,2633,266,899.12,110.91,1.0
7738,194,43,2694,388,899.11,79.41,1.0
7739,204,45,2704,408,899.11,80.77,1.0
7740,218,46,2718,436,899.1,80.75,1.0
7741,174,30,2674,348,899.09,76.54,1.0
7742,5,26,2505,10,899.07,63.49,1.0
7743,214,43,2714,428,899.02,84.34,1.0
7744,270,11,2770,540,899.02,128.42,1.0
7745,173,10,2673,346,899.01,121.72,1.0
7746,194,41,2694,388,899.01,78.69,1.0
7747,202,42,2702,404,899.0,78.22,1.0
7748,174,41,2674,348,898.98,77.96,1.0
7749,213,45,2713,426,898.98,81.87,1.0
7750,210,10,2710,420,898.97,123.08,1.0
7751,195,32,2695,390,898.94,82.9,1.0
7752,29,8,2529,58,898.89,86.01,1.0
7753,261,50,2761,522,898.88,89.72,1.0
7754,23,8,2523,46,898.86,79.33,1.0
7755,203,31,2703,406,898.86,81.25,1.0
7756,296,50,2796,592,898.82,93.57,1.0
7757,41,27,2541,82,898.81,65.0,1.0
7758,195,38,2695,390,898.8,86.26,1.0
7759,90,9,2590,180,898.75,97.14,1.0
7760,275,50,2775,550,898.69,94.65,1.0
7761,184,42,2684,368,898.66,76.36,1.0
7762,200,35,2700,400,898.61,81.12,1.0
7763,247,10,2747,494,898.47,131.48,1.0
7764,174,38,2674,348,898.44,80.41,1.0
7765,214,31,2714,428,898.44,78.84,1.0
7766,183,39,2683,366,898.43,79.87,1.0
7767,195,33,2695,390,898.41,83.42,1.0
7768,195,37,2695,390,898.4,81.62,1.0
7769,195,40,2695,390,898.38,82.29,1.0
7770,207,46,2707,414,898.37,84.4,1.0
7771,242,47,2742,484,898.37,84.72,1.0
7772,91,28,2591,182,898.36,72.54,1.0
7773,238,49,2738,476,898.34,84.46,1.0
7774,243,49,2743,486,898.32,89.03,1.0
7775,230,11,2730,460,898.31,119.85,1.0
7776,298,50,2798,596,898.26,93.05,1.0
7777,259,49,2759,518,898.23,91.88,1.0
7778,110,9,2610,220,898.21,101.91,1.0
7779,278,50,2778,556,898.2,88.31,1.0
7780,287,51,2787,574,898.2,97.72,1.0
7781,120,9,2620,240,898.19,106.78,1.0
7782,174,37,2674,348,898.18,78.11,1.0
7783,198,36,2698,396,898.15,78.68,1.0
7784,228,10,2728,456,898.12,133.64,1.0
7785,274,49,2774,548,898.09,90.19,1.0
7786,180,10,2680,360,898.05,111.09,1.0
7787,198,44,2698,396,898.04,81.39,1.0
7788,212,46,2712,424,898.03,86.36,1.0
7789,252,48,2752,504,897.98,93.25,1.0
7790,137,29,2637,274,897.94,75.75,1.0
7791,71,28,2571,142,897.89,70.26,1.0
7792,257,50,2757,514,897.88,95.03,1.0
7793,184,33,2684,368,897.86,80.14,1.0
7794,195,43,2695,390,897.83,84.39,1.0
7795,289,11,2789,578,897.83,134.8,1.0
7796,194,40,2694,388,897.81,78.04,1.0
7797,262,50,2762,524,897.81,90.28,1.0
7798,127,9,2627,254,897.78,107.46,1.0
7799,213,10,2713,426,897.77,129.13,1.0
7800,202,43,2702,404,897.74,80.97,1.0
7801,72,9,2572,144,897.73,94.42,1.0
7802,203,39,2703,406,897.72,83.61,1.0
7803,232,10,2732,464,897.71,123.88,1.0
7804,201,39,2701,402,897.7,81.35,1.0
7805,203,42,2703,406,897.67,80.67,1.0
7806,184,30,2684,368,897.64,78.5,1.0
7807,198,30,2698,396,897.59,82.34,1.0
7808,194,35,2694,388,897.57,80.6,1.0
7809,152,29,2652,304,897.56,80.27,1.0
7810,20,8,2520,40,897.52,82.17,1.0
7811,79,9,2579,158,897.52,94.81,1.0
7812,214,45,2714,428,897.5,87.93,1.0
7813,203,33,2703,406,897.48,84.13,1.0
7814,127,29,2627,254,897.47,71.98,1.0
7815,185,10,2685,370,897.47,117.98,1.0
7816,300,51,2800,600,897.47,97.32,1.0
7817,141,10,2641,282,897.42,110.03,1.0
7818,183,40,2683,366,897.41,76.15,1.0
7819,194,34,2694,388,897.39,77.97,1.0
7820,242,11,2742,484,897.37,121.24,1.0
7821,270,51,2770,540,897.37,88.75,1.0
7822,226,48,2726,452,897.33,83.79,1.0
7823,194,30,2694,388,897.3,82.29,1.0
7824,236,47,2736,472,897.28,85.32,1.0
7825,85,28,2585,170,897.25,71.56,1.0
7826,214,11,2714,428,897.23,126.53,1.0
7827,262,10,2762,524,897.18,125.06,1.0
7828,219,49,2719,438,897.15,81.48,1.0
7829,209,47,2709,418,897.15,82.4,1.0
7830,36,8,2536,72,897.13,81.89,1.0
7831,95,9,2595,190,897.13,97.46,1.0
7832,295,52,2795,590,897.12,97.57,1.0
7833,263,49,2763,526,897.1,92.9,1.0
7834,203,32,2703,406,897.04,82.58,1.0
7835,102,9,2602,204,897.02,103.12,1.0
7836,96,28,2596,192,896.94,74.0,1.0
7837,174,40,2674,348,896.92,76.52,1.0
7838,177,35,2677,354,896.89,76.04,1.0
7839,90,28,2590,180,896.86,71.64,1.0
7840,267,49,2767,534,896.85,95.83,1.0
7841,101,9,2601,202,896.83,103.43,1.0
7842,158,10,2658,316,896.82,108.85,1.0
7843,174,10,2674,348,896.8,119.14,1.0
7844,174,36,2674,348,896.79,78.36,1.0
7845,194,36,2694,388,896.77,83.86,1.0
7846,146,9,2646,292,896.74,108.68,1.0
7847,203,34,2703,406,896.73,83.69,1.0
7848,8,26,2508,16,896.72,64.66,1.0
7849,265,10,2765,530,896.71,131.06,1.0
7850,91,9,2591,182,896.69,98.25,1.0
7851,177,30,2677,354,896.63,76.24,1.0
7852,196,32,2696,392,896.63,80.27,1.0
7853,272,50,2772,544,896.63,93.06,1.0
7854,196,42,2696,392,896.62,81.62,1.0
7855,147,29,2647,294,896.6,78.28,1.0
7856,177,36,2677,354,896.6,79.69,1.0
7857,203,43,2703,406,896.58,81.34,1.0
7858,237,47,2737,474,896.54,87.36,1.0
7859,208,47,2708,416,896.53,81.01,1.0
7860,253,49,2753,506,896.53,84.93,1.0
7861,233,48,2733,466,896.52,83.31,1.0
7862,191,32,2691,382,896.49,73.29,1.0
7863,174,43,2674,348,896.48,75.82,1.0
7864,184,35,2684,368,896.43,81.12,1.0
7865,184,31,2684,368,896.36,78.97,1.0
7866,112,9,2612,224,896.35,99.31,1.0
7867,115,9,2615,230,896.29,108.21,1.0
7868,33,27,2533,66,896.23,64.75,1.0
7869,174,33,2674,348,896.15,75.35,1.0
7870,268,50,2768,536,896.15,91.46,1.0
7871,31,27,2531,62,896.14,66.23,1.0
7872,192,43,2692,384,896.14,76.59,1.0
7873,229,48,2729,458,896.12,87.48,1.0
7874,195,34,2695,390,896.11,83.73,1.0
7875,193,38,2693,386,896.11,82.06,1.0
7876,224,47,2724,448,896.11,85.22,1.0
7877,239,48,2739,478,896.11,89.05,1.0
7878,213,46,2713,426,896.1,83.34,1.0
7879,174,34,2674,348,896.07,80.91,1.0
7880,255,50,2755,510,896.03,86.94,1.0
7881,26,8,2526,52,895.94,83.86,1.0
7882,192,40,2692,384,895.94,78.69,1.0
7883,76,9,2576,152,895.93,96.27,1.0
7884,42,8,2542,84,895.84,90.49,1.0
7885,195,31,2695,390,895.81,83.92,1.0
7886,174,42,2674,348,895.8,79.55,1.0
7887,198,33,2698,396,895.79,79.11,1.0
7888,248,50,2748,496,895.71,88.06,1.0
7889,271,50,2771,542,895.71,87.78,1.0
7890,286,11,2786,572,895.7,134.79,1.0
7891,203,38,2703,406,895.67,83.26,1.0
7892,203,36,2703,406,895.6,84.36,1.0
7893,249,50,2749,498,895.58,87.77,1.0
7894,294,11,2794,588,895.54,139.44,1.0
7895,177,37,2677,354,895.5,78.06,1.0
7896,199,47,2699,398,895.47,79.45,1.0
7897,177,44,2677,354,895.44,74.45,1.0
7898,194,38,2694,388,895.4,84.94,1.0
7899,186,47,2686,372,895.39,80.66,1.0
7900,196,38,2696,392,895.39,82.76,1.0
7901,77,9,2577,154,895.37,101.22,1.0
7902,173,30,2673,346,895.31,79.73,1.0
7903,198,32,2698,396,895.31,84.31,1.0
7904,193,39,2693,386,895.3,80.26,1.0
7905,260,50,2760,520,895.29,93.0,1.0
7906,185,46,2685,370,895.27,81.11,1.0
7907,196,34,2696,392,895.24,81.16,1.0
7908,27,27,2527,54,895.23,66.04,1.0
7909,149,9,2649,298,895.21,111.53,1.0
7910,187,36,2687,374,895.17,80.96,1.0
7911,82,28,2582,164,895.16,70.42,1.0
7912,198,34,2698,396,895.11,79.29,1.0
7913,138,29,2638,276,895.04,73.25,1.0
7914,189,39,2689,378,895.03,79.82,1.0
7915,198,37,2698,396,895.02,77.82,1.0
7916,291,11,2791,582,895.02,133.03,1.0
7917,194,42,2694,388,895.01,80.87,1.0
7918,216,48,2716,432,895.0,84.56,1.0
7919,198,38,2698,396,894.98,80.93,1.0
7920,289,51,2789,578,894.93,93.64,1.0
7921,173,41,2673,346,894.88,77.87,1.0
7922,194,32,2694,388,894.85,82.54,1.0
7923,222,10,2722,444,894.8,125.56,1.0
7924,28,8,2528,56,894.76,81.53,1.0
7925,186,46,2686,372,894.72,81.49,1.0
7926,214,46,2714,428,894.68,84.96,1.0
7927,189,34,2689,378,894.63,78.75,1.0
7928,264,49,2764,528,894.57,87.62,1.0
7929,31,8,2531,62,894.51,83.16,1.0
7930,114,9,2614,228,894.51,107.19,1.0
7931,188,37,2688,376,894.51,79.63,1.0
7932,192,37,2692,384,894.5,76.19,1.0
7933,135,29,2635,270,894.49,75.73,1.0
7934,233,49,2733,466,894.46,84.76,1.0
7935,189,35,2689,378,894.41,81.33,1.0
7936,177,31,2677,354,894.4,76.69,1.0
7937,265,51,2765,530,894.38,91.93,1.0
7938,32,27,2532,64,894.35,65.22,1.0
7939,291,51,2791,582,894.35,96.21,1.0
7940,199,46,2699,398,894.34,80.29,1.0
7941,198,41,2698,396,894.33,82.67,1.0
7942,189,44,2689,378,894.32,84.38,1.0
7943,192,34,2692,384,894.32,78.05,1.0
7944,205,47,2705,410,894.29,85.31,1.0
7945,196,30,2696,392,894.25,81.88,1.0
7946,188,40,2688,376,894.24,78.16,1.0
7947,192,42,2692,384,894.19,81.16,1.0
7948,148,29,2648,296,894.18,78.44,1.0
7949,5,8,2505,10,894.14,77.37,1.0
7950,75,28,2575,150,894.12,71.61,1.0
7951,211,47,2711,422,894.12,83.99,1.0
7952,113,9,2613,226,894.11,100.54,1.0
7953,212,47,2712,424,894.1,85.06,1.0
7954,190,32,2690,380,894.08,80.25,1.0
7955,280,51,2780,560,894.02,92.91,1.0
7956,271,11,2771,542,894.01,129.84,1.0
7957,50,8,2550,100,893.98,84.32,1.0
7958,202,45,2702,404,893.92,84.26,1.0
7959,86,28,2586,172,893.88,71.42,1.0
7960,196,35,2696,392,893.87,82.69,1.0
7961,219,50,2719,438,893.84,87.12,1.0
7962,195,44,2695,390,893.82,85.24,1.0
7963,245,50,2745,490,893.78,92.42,1.0
7964,193,45,2693,386,893.76,83.33,1.0
7965,189,41,2689,378,893.75,81.73,1.0
7966,281,11,2781,562,893.75,136.68,1.0
7967,44,8,2544,88,893.74,82.66,1.0
7968,221,46,2721,442,893.73,88.44,1.0
7969,280,11,2780,560,893.7,130.14,1.0
7970,104,9,2604,208,893.6,102.92,1.0
7971,286,51,2786,572,893.58,92.04,1.0
7972,193,10,2693,386,893.57,122.27,1.0
7973,227,10,2727,454,893.55,122.56,1.0
7974,187,34,2687,374,893.54,82.25,1.0
7975,28,27,2528,56,893.53,63.01,1.0
7976,89,28,2589,178,893.52,75.85,1.0
7977,189,33,2689,378,893.44,80.43,1.0
7978,194,39,2694,388,893.43,79.49,1.0
7979,195,35,2695,390,893.4,84.48,1.0
7980,217,47,2717,434,893.4,91.39,1.0
7981,283,49,2783,566,893.4,97.37,1.0
7982,141,29,2641,282,893.33,78.2,1.0
7983,188,35,2688,376,893.3,81.28,1.0
7984,239,49,2739,478,893.3,88.95,1.0
7985,187,42,2687,374,893.28,81.89,1.0
7986,292,52,2792,584,893.26,98.66,1.0
7987,64,8,2564,128,893.23,94.35,1.0
7988,198,31,2698,396,893.21,84.21,1.0
7989,66,28,2566,132,893.2,68.6,1.0
7990,215,49,2715,430,893.18,82.69,1.0
7991,215,48,2715,430,893.16,85.05,1.0
7992,174,31,2674,348,893.14,75.54,1.0
7993,266,51,2766,532,893.14,93.44,1.0
7994,87,9,2587,174,893.13,97.39,1.0
7995,188,31,2688,376,893.13,81.79,1.0
7996,198,43,2698,396,893.12,82.61,1.0
7997,189,38,2689,378,893.08,82.18,1.0
7998,178,10,2678,356,893.07,118.45,1.0
7999,179,39,2679,358,893.01,76.45,1.0
8000,192,33,2692,384,892.99,77.58,1.0
8001,70,8,2570,140,892.97,91.27,1.0
8002,203,45,2703,406,892.96,86.51,1.0
8003,188,38,2688,376,892.95,78.26,1.0
8004,247,50,2747,494,892.93,90.07,1.0
8005,277,50,2777,554,892.9,92.29,1.0
8006,191,38,2691,382,892.88,79.36,1.0
8007,70,28,2570,140,892.87,70.7,1.0
8008,236,48,2736,472,892.86,86.57,1.0
8009,188,34,2688,376,892.85,76.37,1.0
8010,196,44,2696,392,892.83,82.63,1.0
8011,191,36,2691,382,892.81,81.96,1.0
8012,244,11,2744,488,892.79,127.79,1.0
8013,204,46,2704,408,892.78,84.27,1.0
8014,196,43,2696,392,892.73,82.13,1.0
8015,92,28,2592,184,892.7,72.58,1.0
8016,189,43,2689,378,892.69,83.36,1.0
8017,188,44,2688,376,892.68,77.46,1.0
8018,258,48,2758,516,892.63,84.5,1.0
8019,88,28,2588,176,892.61,70.97,1.0
8020,195,45,2695,390,892.61,85.65,1.0
8021,256,50,2756,512,892.61,88.4,1.0
8022,196,40,2696,392,892.58,79.83,1.0
8023,191,37,2691,382,892.57,80.2,1.0
8024,99,28,2599,198,892.52,73.89,1.0
8025,235,51,2735,470,892.49,91.97,1.0
8026,198,40,2698,396,892.46,77.84,1.0
8027,188,42,2688,376,892.42,79.09,1.0
8028,191,42,2691,382,892.41,79.55,1.0
8029,198,39,2698,396,892.41,81.01,1.0
8030,231,48,2731,462,892.4,89.11,1.0
8031,194,37,2694,388,892.37,80.11,1.0
8032,194,31,2694,388,892.35,81.22,1.0
8033,182,41,2682,364,892.34,77.46,1.0
8034,205,48,2705,410,892.33,86.62,1.0
8035,111,9,2611,222,892.25,107.06,1.0
8036,182,36,2682,364,892.23,74.33,1.0
8037,279,50,2779,558,892.23,86.42,1.0
8038,196,39,2696,392,892.22,80.54,1.0
8039,196,37,2696,392,892.21,80.75,1.0
8040,97,9,2597,194,892.19,97.58,1.0
8041,196,31,2696,392,892.14,79.84,1.0
8042,210,48,2710,420,892.13,87.58,1.0
8043,229,10,2729,458,892.11,121.64,1.0
8044,218,47,2718,436,892.1,82.73,1.0
8045,71,8,2571,142,892.09,92.06,1.0
8046,209,48,2709,418,892.09,81.84,1.0
8047,191,31,2691,382,892.05,80.75,1.0
8048,191,34,2691,382,892.02,79.24,1.0
8049,192,39,2692,384,892.02,79.0,1.0
8050,191,39,2691,382,892.0,79.52,1.0
8051,179,37,2679,358,891.99,79.76,1.0
8052,234,10,2734,468,891.99,125.38,1.0
8053,143,29,2643,286,891.97,72.82,1.0
8054,173,33,2673,346,891.96,78.43,1.0
8055,190,38,2690,380,891.96,76.74,1.0
8056,38,8,2538,76,891.95,84.78,1.0
8057,182,42,2682,364,891.95,76.89,1.0
8058,246,48,2746,492,891.93,84.11,1.0
8059,293,51,2793,586,891.92,92.65,1.0
8060,188,30,2688,376,891.91,78.46,1.0
8061,182,38,2682,364,891.86,79.4,1.0
8062,191,30,2691,382,891.86,81.7,1.0
8063,62,8,2562,124,891.85,91.32,1.0
8064,299,51,2799,598,891.83,96.54,1.0
8065,32,8,2532,64,891.77,82.91,1.0
8066,17,8,2517,34,891.76,75.2,1.0
8067,192,32,2692,384,891.75,76.11,1.0
8068,192,30,2692,384,891.71,79.63,1.0
8069,245,51,2745,490,891.71,88.37,1.0
8070,42,27,2542,84,891.66,71.17,1.0
8071,179,44,2679,358,891.65,81.0,1.0
8072,188,39,2688,376,891.63,82.5,1.0
8073,192,36,2692,384,891.57,78.26,1.0
8074,98,28,2598,196,891.55,74.64,1.0
8075,187,31,2687,374,891.55,79.57,1.0
8076,96,9,2596,192,891.54,101.18,1.0
8077,188,36,2688,376,891.54,76.08,1.0
8078,254,49,2754,508,891.54,90.86,1.0
8079,29,27,2529,58,891.51,68.3,1.0
8080,189,45,2689,378,891.48,82.57,1.0
8081,187,43,2687,374,891.44,80.51,1.0
8082,222,46,2722,444,891.42,85.97,1.0
8083,189,32,2689,378,891.38,79.5,1.0
8084,192,35,2692,384,891.38,76.64,1.0
8085,202,46,2702,404,891.37,84.05,1.0
8086,188,10,2688,376,891.36,114.78,1.0
8087,187,44,2687,374,891.34,80.74,1.0
8088,189,30,2689,378,891.32,79.67,1.0
8089,173,31,2673,346,891.27,80.28,1.0
8090,187,37,2687,374,891.26,77.02,1.0
8091,220,47,2720,440,891.25,85.39,1.0
8092,173,35,2673,346,891.23,76.81,1.0
8093,173,40,2673,346,891.21,79.69,1.0
8094,190,10,2690,380,891.21,120.39,1.0
8095,201,10,2701,402,891.18,121.17,1.0
8096,189,37,2689,378,891.17,82.43,1.0
8097,237,10,2737,474,891.15,123.74,1.0
8098,251,50,2751,502,891.11,89.13,1.0
8099,196,36,2696,392,891.08,82.3,1.0
8100,25,27,2525,50,890.99,63.74,1.0
8101,243,50,2743,486,890.98,89.0,1.0
8102,293,11,2793,586,890.98,131.92,1.0
8103,73,28,2573,146,890.97,67.62,1.0
8104,230,47,2730,460,890.97,87.69,1.0
8105,22,8,2522,44,890.94,82.29,1.0
8106,177,9,2677,354,890.93,113.0,1.0
8107,191,41,2691,382,890.93,83.84,1.0
8108,284,52,2784,568,890.92,97.17,1.0
8109,192,41,2692,384,890.9,79.75,1.0
8110,187,35,2687,374,890.88,83.48,1.0
8111,37,27,2537,74,890.86,63.94,1.0
8112,191,35,2691,382,890.85,83.16,1.0
8113,196,41,2696,392,890.85,81.65,1.0
8114,206,46,2706,412,890.81,84.2,1.0
8115,283,50,2783,566,890.79,94.74,1.0
8116,8,8,2508,16,890.78,76.53,1.0
8117,182,40,2682,364,890.7,80.33,1.0
8118,179,41,2679,358,890.67,78.85,1.0
8119,269,11,2769,538,890.65,138.0,1.0
8120,55,8,2555,110,890.61,90.28,1.0
8121,187,38,2687,374,890.59,78.49,1.0
8122,190,35,2690,380,890.58,78.93,1.0
8123,106,28,2606,212,890.55,75.23,1.0
8124,187,41,2687,374,890.55,80.78,1.0
8125,188,43,2688,376,890.53,78.8,1.0
8126,190,43,2690,380,890.52,78.67,1.0
8127,131,29,2631,262,890.49,74.09,1.0
8128,190,45,2690,380,890.46,79.34,1.0
8129,68,28,2568,136,890.45,67.72,1.0
8130,188,33,2688,376,890.42,76.49,1.0
8131,189,36,2689,378,890.42,79.07,1.0
8132,65,28,2565,130,890.37,68.14,1.0
8133,25,8,2525,50,890.33,86.22,1.0
8134,173,36,2673,346,890.31,78.44,1.0
8135,264,11,2764,528,890.3,135.96,1.0
8136,173,43,2673,346,890.22,80.61,1.0
8137,192,31,2692,384,890.22,76.02,1.0
8138,274,50,2774,548,890.22,90.59,1.0
8139,87,28,2587,174,890.19,73.35,1.0
8140,238,50,2738,476,890.19,88.19,1.0
8141,184,45,2684,368,890.17,80.49,1.0
8142,206,47,2706,412,890.16,88.17,1.0
8143,173,32,2673,346,890.08,80.85,1.0
8144,250,50,2750,500,890.07,88.83,1.0
8145,228,49,2728,456,890.06,85.8,1.0
8146,95,28,2595,190,890.04,70.85,1.0
8147,190,40,2690,380,890.01,74.7,1.0
8148,171,10,2671,342,890.0,112.99,1.0
8149,241,47,2741,482,890.0,89.3,1.0
8150,81,28,2581,162,889.96,71.82,1.0
8151,184,46,2684,368,889.96,78.16,1.0
8152,179,33,2679,358,889.96,73.98,1.0
8153,234,49,2734,468,889.96,87.16,1.0
8154,169,30,2669,338,889.94,78.34,1.0
8155,196,33,2696,392,889.92,82.32,1.0
8156,21,27,2521,42,889.9,65.22,1.0
8157,188,41,2688,376,889.82,78.39,1.0
8158,296,51,2796,592,889.81,96.58,1.0
8159,173,34,2673,346,889.77,82.08,1.0
8160,198,42,2698,396,889.77,78.24,1.0
8161,83,28,2583,166,889.76,70.19,1.0
8162,173,39,2673,346,889.76,77.62,1.0
8163,174,45,2674,348,889.75,78.33,1.0
8164,124,9,2624,248,889.72,103.7,1.0
8165,181,30,2681,362,889.7,76.95,1.0
8166,264,50,2764,528,889.7,92.07,1.0
8167,180,32,2680,360,889.68,80.67,1.0
8168,197,47,2697,394,889.63,80.08,1.0
8169,177,46,2677,354,889.61,83.14,1.0
8170,181,34,2681,362,889.61,78.31,1.0
8171,187,32,2687,374,889.6,81.2,1.0
8172,181,32,2681,362,889.6,77.6,1.0
8173,190,42,2690,380,889.6,78.49,1.0
8174,240,50,2740,480,889.6,90.44,1.0
8175,107,9,2607,214,889.59,98.18,1.0
8176,213,47,2713,426,889.58,83.75,1.0
8177,13,8,2513,26,889.56,82.13,1.0
8178,78,28,2578,156,889.53,68.53,1.0
8179,191,43,2691,382,889.53,82.33,1.0
8180,297,53,2797,594,889.5,100.18,1.0
8181,182,33,2682,364,889.49,77.99,1.0
8182,283,11,2783,566,889.47,134.31,1.0
8183,167,41,2667,334,889.45,76.68,1.0
8184,176,43,2676,352,889.42,80.42,1.0
8185,64,28,2564,128,889.41,69.96,1.0
8186,187,39,2687,374,889.4,82.36,1.0
8187,192,38,2692,384,889.4,78.07,1.0
8188,173,44,2673,346,889.39,81.11,1.0
8189,182,35,2682,364,889.38,82.11,1.0
8190,223,47,2723,446,889.37,92.8,1.0
8191,183,46,2683,366,889.32,79.46,1.0
8192,194,45,2694,388,889.32,83.73,1.0
8193,180,41,2680,360,889.27,80.47,1.0
8194,290,52,2790,580,889.27,97.92,1.0
8195,180,31,2680,360,889.24,78.34,1.0
8196,99,9,2599,198,889.22,97.08,1.0
8197,124,29,2624,248,889.22,76.42,1.0
8198,281,51,2781,562,889.18,94.68,1.0
8199,173,38,2673,346,888.99,76.38,1.0
8200,262,51,2762,524,888.92,93.0,1.0
8201,284,10,2784,568,888.89,139.57,1.0
8202,288,51,2788,576,888.86,96.45,1.0
8203,180,30,2680,360,888.85,78.77,1.0
8204,153,9,2653,306,888.84,108.43,1.0
8205,84,28,2584,168,888.79,73.09,1.0
8206,189,42,2689,378,888.79,82.5,1.0
8207,191,44,2691,382,888.78,82.59,1.0
8208,20,27,2520,40,888.75,65.21,1.0
8209,190,39,2690,380,888.74,81.42,1.0
8210,175,39,2675,350,888.71,75.63,1.0
8211,179,42,2679,358,888.7,79.27,1.0
8212,18,27,2518,36,888.68,63.06,1.0
8213,229,50,2729,458,888.68,84.92,1.0
8214,40,27,2540,80,888.67,68.37,1.0
8215,260,51,2760,520,888.67,91.17,1.0
8216,125,9,2625,250,888.65,108.71,1.0
8217,191,45,2691,382,888.65,82.6,1.0
8218,275,51,2775,550,888.6,95.04,1.0
8219,189,31,2689,378,888.58,80.73,1.0
8220,190,31,2690,380,888.57,79.99,1.0
8221,35,27,2535,70,888.55,63.83,1.0
8222,174,46,2674,348,888.53,80.03,1.0
8223,267,50,2767,534,888.46,96.24,1.0
8224,61,8,2561,122,888.43,93.83,1.0
8225,175,37,2675,350,888.42,74.03,1.0
8226,179,30,2679,358,888.41,79.78,1.0
8227,30,8,2530,60,888.4,86.93,1.0
8228,198,45,2698,396,888.4,79.95,1.0
8229,201,46,2701,402,888.4,83.45,1.0
8230,200,46,2700,400,888.35,84.27,1.0
8231,175,34,2675,350,888.34,77.06,1.0
8232,255,10,2755,510,888.27,128.32,1.0
8233,53,8,2553,106,888.24,85.58,1.0
8234,119,9,2619,238,888.24,105.02,1.0
8235,236,49,2736,472,888.24,90.12,1.0
8236,122,9,2622,244,888.18,104.24,1.0
8237,125,29,2625,250,888.17,74.93,1.0
8238,180,44,2680,360,888.17,80.46,1.0
8239,179,40,2679,358,888.15,79.43,1.0
8240,182,37,2682,364,888.15,77.62,1.0
8241,51,8,2551,102,888.14,88.88,1.0
8242,175,40,2675,350,888.14,78.51,1.0
8243,173,42,2673,346,888.12,80.58,1.0
8244,244,48,2744,488,888.1,88.91,1.0
8245,190,34,2690,380,888.08,76.67,1.0
8246,207,10,2707,414,888.07,123.62,1.0
8247,162,33,2662,324,888.05,75.82,1.0
8248,191,33,2691,382,888.05,84.34,1.0
8249,188,32,2688,376,888.04,79.55,1.0
8250,185,47,2685,370,888.04,80.24,1.0
8251,179,43,2679,358,888.04,82.8,1.0
8252,35,8,2535,70,888.02,83.29,1.0
8253,179,38,2679,358,888.02,75.94,1.0
8254,287,52,2787,574,888.02,98.15,1.0
8255,180,43,2680,360,887.96,82.09,1.0
8256,276,51,2776,552,887.91,89.12,1.0
8257,45,8,2545,90,887.9,83.57,1.0
8258,182,44,2682,364,887.9,78.72,1.0
8259,181,37,2681,362,887.87,74.34,1.0
8260,273,11,2773,546,887.87,128.83,1.0
8261,187,40,2687,374,887.85,83.39,1.0
8262,270,52,2770,540,887.8,90.58,1.0
8263,123,29,2623,246,887.76,77.38,1.0
8264,132,9,2632,264,887.76,106.48,1.0
8265,167,38,2667,334,887.74,78.26,1.0
8266,175,31,2675,350,887.72,76.26,1.0
8267,180,36,2680,360,887.71,79.48,1.0
8268,255,51,2755,510,887.7,91.0,1.0
8269,240,51,2740,480,887.65,90.11,1.0
8270,231,10,2731,462,887.62,122.57,1.0
8271,179,31,2679,358,887.59,77.92,1.0
8272,230,48,2730,460,887.58,86.6,1.0
8273,129,29,2629,258,887.57,76.6,1.0
8274,126,29,2626,252,887.54,78.67,1.0
8275,145,9,2645,290,887.54,111.04,1.0
8276,176,38,2676,352,887.5,79.06,1.0
8277,69,28,2569,138,887.43,71.0,1.0
8278,294,51,2794,588,887.42,93.88,1.0
8279,181,43,2681,362,887.38,75.98,1.0
8280,210,49,2710,420,887.35,81.86,1.0
8281,175,36,2675,350,887.34,74.07,1.0
8282,118,9,2618,236,887.32,108.28,1.0
8283,33,8,2533,66,887.31,81.33,1.0
8284,134,9,2634,268,887.27,107.2,1.0
8285,187,30,2687,374,887.24,82.14,1.0
8286,181,41,2681,362,887.23,79.64,1.0
8287,192,45,2692,384,887.23,77.17,1.0
8288,47,8,2547,94,887.21,85.31,1.0
8289,167,44,2667,334,887.2,79.16,1.0
8290,227,48,2727,454,887.2,90.21,1.0
8291,177,45,2677,354,887.18,76.97,1.0
8292,254,50,2754,508,887.18,93.33,1.0
8293,134,29,2634,268,887.16,73.33,1.0
8294,203,46,2703,406,887.14,86.07,1.0
8295,204,47,2704,408,887.13,84.95,1.0
8296,285,51,2785,570,887.13,96.15,1.0
8297,170,39,2670,340,887.11,80.02,1.0
8298,176,31,2676,352,887.09,75.94,1.0
8299,244,47,2744,488,887.09,87.29,1.0
8300,190,30,2690,380,887.08,79.45,1.0
8301,192,44,2692,384,887.07,77.18,1.0
8302,182,34,2682,364,887.06,77.92,1.0
8303,175,35,2675,350,887.03,76.03,1.0
8304,190,36,2690,380,886.98,81.06,1.0
8305,182,43,2682,364,886.95,78.53,1.0
8306,176,44,2676,352,886.94,76.89,1.0
8307,181,40,2681,362,886.92,77.62,1.0
8308,202,10,2702,404,886.89,125.05,1.0
8309,203,10,2703,406,886.89,126.75,1.0
8310,193,46,2693,386,886.88,80.62,1.0
8311,249,51,2749,498,886.88,88.64,1.0
8312,235,10,2735,470,886.87,130.19,1.0
8313,196,10,2696,392,886.77,119.99,1.0
8314,222,47,2722,444,886.76,87.62,1.0
8315,187,33,2687,374,886.74,80.85,1.0
8316,253,50,2753,506,886.69,88.66,1.0
8317,181,39,2681,362,886.67,72.55,1.0
8318,54,8,2554,108,886.66,92.51,1.0
8319,189,40,2689,378,886.66,82.17,1.0
8320,220,48,2720,440,886.65,80.05,1.0
8321,179,45,2679,358,886.62,82.16,1.0
8322,252,49,2752,504,886.62,92.34,1.0
8323,129,9,2629,258,886.61,114.31,1.0
8324,225,10,2725,450,886.6,123.46,1.0
8325,172,31,2672,344,886.57,77.12,1.0
8326,273,51,2773,546,886.51,94.22,1.0
8327,278,51,2778,556,886.5,91.14,1.0
8328,180,37,2680,360,886.49,81.17,1.0
8329,191,40,2691,382,886.49,78.65,1.0
8330,182,39,2682,364,886.48,77.23,1.0
8331,187,45,2687,374,886.47,82.63,1.0
8332,207,47,2707,414,886.42,83.18,1.0
8333,118,29,2618,236,886.41,75.2,1.0
8334,209,49,2709,418,886.41,84.74,1.0
8335,15,27,2515,30,886.4,63.92,1.0
8336,225,48,2725,450,886.38,88.17,1.0
8337,298,51,2798,596,886.37,98.69,1.0
8338,165,41,2665,330,886.26,82.54,1.0
8339,268,51,2768,536,886.26,90.21,1.0
8340,243,10,2743,486,886.25,127.06,1.0
8341,199,9,2699,398,886.22,120.96,1.0
8342,232,49,2732,464,886.21,86.19,1.0
8343,218,48,2718,436,886.18,83.82,1.0
8344,191,10,2691,382,886.14,122.85,1.0
8345,259,50,2759,518,886.14,94.98,1.0
8346,175,32,2675,350,886.12,76.22,1.0
8347,181,36,2681,362,886.12,78.92,1.0
8348,173,37,2673,346,886.1,80.43,1.0
8349,257,51,2757,514,886.1,93.51,1.0
8350,176,41,2676,352,886.08,76.58,1.0
8351,222,48,2722,444,886.06,87.06,1.0
8352,179,35,2679,358,886.01,79.71,1.0
8353,190,37,2690,380,886.0,79.45,1.0
8354,204,10,2704,408,885.99,118.07,1.0
8355,62,28,2562,124,885.97,71.43,1.0
8356,237,48,2737,474,885.96,89.58,1.0
8357,175,44,2675,350,885.93,74.1,1.0
8358,176,32,2676,352,885.93,76.45,1.0
8359,190,41,2690,380,885.93,81.12,1.0
8360,37,8,2537,74,885.91,81.08,1.0
8361,216,49,2716,432,885.87,84.2,1.0
8362,195,46,2695,390,885.86,85.49,1.0
8363,182,30,2682,364,885.84,80.54,1.0
8364,182,31,2682,364,885.84,80.45,1.0
8365,226,50,2726,452,885.84,88.1,1.0
8366,170,38,2670,340,885.83,80.13,1.0
8367,142,9,2642,284,885.81,113.02,1.0
8368,190,44,2690,380,885.77,80.11,1.0
8369,256,51,2756,512,885.77,90.59,1.0
8370,233,50,2733,466,885.76,85.11,1.0
8371,180,34,2680,360,885.69,83.76,1.0
8372,180,40,2680,360,885.65,84.52,1.0
8373,267,11,2767,534,885.57,132.0,1.0
8374,263,50,2763,526,885.56,92.08,1.0
8375,221,47,2721,442,885.55,88.18,1.0
8376,140,9,2640,280,885.54,113.76,1.0
8377,117,9,2617,234,885.5,104.06,1.0
8378,257,10,2757,514,885.5,133.14,1.0
8379,172,44,2672,344,885.49,77.64,1.0
8380,226,49,2726,452,885.48,86.62,1.0
8381,131,9,2631,262,885.47,104.31,1.0
8382,180,35,2680,360,885.43,78.61,1.0
8383,197,48,2697,394,885.42,83.44,1.0
8384,252,11,2752,504,885.42,132.0,1.0
8385,261,10,2761,522,885.41,128.34,1.0
8386,167,39,2667,334,885.4,76.13,1.0
8387,233,10,2733,466,885.39,129.44,1.0
8388,167,36,2667,334,885.37,77.76,1.0
8389,271,51,2771,542,885.34,93.35,1.0
8390,289,52,2789,578,885.34,98.41,1.0
8391,19,8,2519,38,885.33,81.45,1.0
8392,183,47,2683,366,885.32,79.76,1.0
8393,180,39,2680,360,885.31,80.68,1.0
8394,188,45,2688,376,885.29,82.63,1.0
8395,189,10,2689,378,885.28,126.46,1.0
8396,229,49,2729,458,885.23,87.31,1.0
8397,182,32,2682,364,885.2,77.51,1.0
8398,167,30,2667,334,885.18,76.93,1.0
8399,169,33,2669,338,885.17,77.87,1.0
8400,165,36,2665,330,885.15,80.66,1.0
8401,167,40,2667,334,885.13,77.28,1.0
8402,106,9,2606,212,885.08,100.97,1.0
8403,167,34,2667,334,885.08,77.96,1.0
8404,162,40,2662,324,885.06,73.1,1.0
8405,261,51,2761,522,885.06,90.22,1.0
8406,196,45,2696,392,885.03,81.34,1.0
8407,24,8,2524,48,885.02,80.65,1.0
8408,26,27,2526,52,885.0,65.18,1.0
8409,181,44,2681,362,884.99,72.54,1.0
8410,3,27,2503,6,884.97,65.76,1.0
8411,175,43,2675,350,884.97,74.69,1.0
8412,180,38,2680,360,884.97,82.29,1.0
8413,175,41,2675,350,884.91,75.73,1.0
8414,165,9,2665,330,884.89,120.18,1.0
8415,246,49,2746,492,884.83,88.9,1.0
8416,34,27,2534,68,884.79,67.28,1.0
8417,200,47,2700,400,884.76,82.19,1.0
8418,242,48,2742,484,884.76,86.88,1.0
8419,149,38,2649,298,884.75,73.36,1.0
8420,180,33,2680,360,884.74,80.86,1.0
8421,92,9,2592,184,884.7,102.72,1.0
8422,165,39,2665,330,884.7,78.89,1.0
8423,251,51,2751,502,884.59,92.72,1.0
8424,176,35,2676,352,884.55,80.06,1.0
8425,24,27,2524,48,884.51,65.17,1.0
8426,266,52,2766,532,884.51,96.4,1.0
8427,179,32,2679,358,884.5,77.02,1.0
8428,66,8,2566,132,884.46,94.66,1.0
8429,167,35,2667,334,884.46,79.85,1.0
8430,49,8,2549,98,884.45,91.63,1.0
8431,175,38,2675,350,884.45,76.51,1.0
8432,224,49,2724,448,884.43,86.5,1.0
8433,169,35,2669,338,884.41,81.72,1.0
8434,165,34,2665,330,884.39,77.56,1.0
8435,239,10,2739,478,884.39,126.61,1.0
8436,281,52,2781,562,884.39,96.34,1.0
8437,22,27,2522,44,884.36,67.02,1.0
8438,179,36,2679,358,884.35,78.11,1.0
8439,73,8,2573,146,884.33,90.15,1.0
8440,139,29,2639,278,884.29,78.43,1.0
8441,30,27,2530,60,884.28,68.15,1.0
8442,169,41,2669,338,884.26,77.73,1.0
8443,181,35,2681,362,884.26,78.08,1.0
8444,186,48,2686,372,884.25,83.44,1.0
8445,167,31,2667,334,884.25,71.85,1.0
8446,176,40,2676,352,884.21,76.98,1.0
8447,167,43,2667,334,884.21,78.22,1.0
8448,231,49,2731,462,884.21,85.3,1.0
8449,162,9,2662,324,884.2,111.79,1.0
8450,157,9,2657,314,884.19,108.62,1.0
8451,169,42,2669,338,884.16,81.65,1.0
8452,192,10,2692,384,884.14,123.64,1.0
8453,258,49,2758,516,884.11,85.58,1.0
8454,216,10,2716,432,884.07,121.6,1.0
8455,208,48,2708,416,884.07,86.91,1.0
8456,241,48,2741,482,884.07,90.7,1.0
8457,165,31,2665,330,884.05,78.51,1.0
8458,262,52,2762,524,884.05,94.29,1.0
8459,167,33,2667,334,884.0,75.29,1.0
8460,288,52,2788,576,883.96,94.96,1.0
8461,144,9,2644,288,883.95,112.19,1.0
8462,190,33,2690,380,883.92,84.31,1.0
8463,212,48,2712,424,883.88,85.78,1.0
8464,201,47,2701,402,883.86,82.09,1.0
8465,284,53,2784,568,883.86,99.6,1.0
8466,240,10,2740,480,883.85,129.73,1.0
8467,162,42,2662,324,883.83,73.86,1.0
8468,199,48,2699,398,883.83,80.06,1.0
8469,219,51,2719,438,883.82,86.42,1.0
8470,167,42,2667,334,883.8,77.91,1.0
8471,58,8,2558,116,883.79,88.6,1.0
8472,198,46,2698,396,883.79,82.79,1.0
8473,165,33,2665,330,883.74,81.36,1.0
8474,181,31,2681,362,883.74,73.76,1.0
8475,162,30,2662,324,883.72,72.29,1.0
8476,175,30,2675,350,883.67,77.16,1.0
8477,172,35,2672,344,883.66,79.36,1.0
8478,294,52,2794,588,883.58,98.98,1.0
8479,173,45,2673,346,883.55,82.52,1.0
8480,260,10,2760,520,883.55,124.41,1.0
8481,175,42,2675,350,883.52,79.56,1.0
8482,176,39,2676,352,883.49,79.68,1.0
8483,120,29,2620,240,883.48,76.69,1.0
8484,160,42,2660,320,883.44,77.1,1.0
8485,221,48,2721,442,883.44,89.89,1.0
8486,176,36,2676,352,883.4,77.99,1.0
8487,167,37,2667,334,883.39,77.57,1.0
8488,225,49,2725,450,883.38,84.01,1.0
8489,176,33,2676,352,883.36,80.61,1.0
8490,223,48,2723,446,883.32,87.16,1.0
8491,181,42,2681,362,883.31,77.13,1.0
8492,194,10,2694,388,883.31,121.2,1.0
8493,212,10,2712,424,883.31,123.45,1.0
8494,136,29,2636,272,883.25,76.68,1.0
8495,11,27,2511,22,883.24,61.35,1.0
8496,172,39,2672,344,883.21,76.75,1.0
8497,279,51,2779,558,883.21,97.13,1.0
8498,61,28,2561,122,883.2,68.52,1.0
8499,176,30,2676,352,883.2,79.73,1.0
8500,149,42,2649,298,883.19,74.35,1.0
8501,162,31,2662,324,883.14,74.22,1.0
8502,177,47,2677,354,883.12,77.28,1.0
8503,286,52,2786,572,883.1,90.86,1.0
8504,176,34,2676,352,883.09,78.98,1.0
8505,165,32,2665,330,883.04,79.7,1.0
8506,293,52,2793,586,883.03,96.94,1.0
8507,211,10,2711,422,883.02,128.01,1.0
8508,172,34,2672,344,882.99,79.19,1.0
8509,80,28,2580,160,882.97,70.38,1.0
8510,172,33,2672,344,882.91,75.54,1.0
8511,165,38,2665,330,882.89,80.38,1.0
8512,194,46,2694,388,882.88,84.64,1.0
8513,200,48,2700,400,882.88,83.56,1.0
8514,171,34,2671,342,882.86,77.53,1.0
8515,232,50,2732,464,882.85,84.58,1.0
8516,291,52,2791,582,882.83,100.08,1.0
8517,23,27,2523,46,882.77,66.64,1.0
8518,149,32,2649,298,882.76,73.7,1.0
8519,176,42,2676,352,882.73,78.06,1.0
8520,172,38,2672,344,882.69,75.01,1.0
8521,169,43,2669,338,882.66,76.62,1.0
8522,181,38,2681,362,882.52,79.78,1.0
8523,170,33,2670,340,882.5,82.76,1.0
8524,114,29,2614,228,882.48,76.6,1.0
8525,169,32,2669,338,882.4,78.76,1.0
8526,250,51,2750,500,882.4,89.45,1.0
8527,52,8,2552,104,882.39,90.55,1.0
8528,157,30,2657,314,882.38,73.37,1.0
8529,39,27,2539,78,882.37,67.09,1.0
8530,193,47,2693,386,882.37,83.39,1.0
8531,191,46,2691,382,882.33,83.97,1.0
8532,130,9,2630,260,882.29,107.8,1.0
8533,58,28,2558,116,882.28,68.63,1.0
8534,234,50,2734,468,882.28,86.68,1.0
8535,170,42,2670,340,882.27,82.71,1.0
8536,170,40,2670,340,882.24,79.06,1.0
8537,295,53,2795,590,882.24,101.08,1.0
8538,1,27,2501,2,882.23,63.19,1.0
8539,211,48,2711,422,882.18,82.8,1.0
8540,175,33,2675,350,882.15,81.38,1.0
8541,218,10,2718,436,882.14,123.05,1.0
8542,285,52,2785,570,882.13,95.96,1.0
8543,149,41,2649,298,882.06,75.71,1.0
8544,16,27,2516,32,882.04,66.87,1.0
8545,179,34,2679,358,882.04,81.13,1.0
8546,65,8,2565,130,882.02,93.87,1.0
8547,162,35,2662,324,882.01,74.8,1.0
8548,298,52,2798,596,882.01,102.47,1.0
8549,202,47,2702,404,882.0,85.56,1.0
8550,130,29,2630,260,881.96,75.94,1.0
8551,172,37,2672,344,881.96,78.02,1.0
8552,274,51,2774,548,881.96,92.5,1.0
8553,60,8,2560,120,881.94,94.48,1.0
8554,184,47,2684,368,881.92,79.6,1.0
8555,169,37,2669,338,881.9,78.61,1.0
8556,67,28,2567,134,881.88,69.06,1.0
8557,173,46,2673,346,881.86,81.69,1.0
8558,149,33,2649,298,881.84,74.2,1.0
8559,213,48,2713,426,881.83,84.42,1.0
8560,59,28,2559,118,881.81,64.39,1.0
8561,169,36,2669,338,881.8,80.07,1.0
8562,169,31,2669,338,881.79,80.01,1.0
8563,265,52,2765,530,881.79,97.32,1.0
8564,155,9,2655,310,881.77,111.86,1.0
8565,168,35,2668,336,881.77,79.01,1.0
8566,264,51,2764,528,881.75,91.68,1.0
8567,247,51,2747,494,881.73,92.4,1.0
8568,167,32,2667,334,881.72,76.4,1.0
8569,146,40,2646,292,881.67,76.97,1.0
8570,180,42,2680,360,881.59,82.09,1.0
8571,34,8,2534,68,881.58,84.06,1.0
8572,40,8,2540,80,881.58,90.54,1.0
8573,157,36,2657,314,881.58,77.6,1.0
8574,172,32,2672,344,881.56,78.99,1.0
8575,67,8,2567,134,881.55,87.91,1.0
8576,168,44,2668,336,881.55,76.95,1.0
8577,158,34,2658,316,881.53,76.18,1.0
8578,138,9,2638,276,881.48,114.1,1.0
8579,249,10,2749,498,881.48,130.43,1.0
8580,79,28,2579,158,881.44,69.35,1.0
8581,182,45,2682,364,881.44,79.03,1.0
8582,169,40,2669,338,881.37,80.18,1.0
8583,157,34,2657,314,881.36,74.32,1.0
8584,165,30,2665,330,881.35,77.42,1.0
8585,296,11,2796,592,881.34,136.37,1.0
8586,248,51,2748,496,881.3,89.2,1.0
8587,174,47,2674,348,881.29,81.76,1.0
8588,228,50,2728,456,881.27,82.99,1.0
8589,163,9,2663,326,881.25,114.96,1.0
8590,6,27,2506,12,881.22,65.23,1.0
8591,210,9,2710,420,881.22,124.42,1.0
8592,251,10,2751,502,881.22,128.82,1.0
8593,149,40,2649,298,881.21,73.56,1.0
8594,188,46,2688,376,881.12,80.23,1.0
8595,160,37,2660,320,881.05,78.02,1.0
8596,245,52,2745,490,881.03,92.43,1.0
8597,170,34,2670,340,881.02,77.5,1.0
8598,223,10,2723,446,881.0,127.35,1.0
8599,149,35,2649,298,880.94,72.38,1.0
8600,290,53,2790,580,880.93,95.41,1.0
8601,10,27,2510,20,880.91,62.92,1.0
8602,297,10,2797,594,880.89,143.28,1.0
8603,170,41,2670,340,880.87,79.75,1.0
8604,108,29,2608,216,880.86,75.36,1.0
8605,149,39,2649,298,880.84,74.43,1.0
8606,171,30,2671,342,880.82,77.39,1.0
8607,224,48,2724,448,880.82,85.2,1.0
8608,206,48,2706,412,880.79,84.92,1.0
8609,279,11,2779,558,880.79,136.5,1.0
8610,169,38,2669,338,880.78,78.32,1.0
8611,170,32,2670,340,880.78,76.48,1.0
8612,187,46,2687,374,880.77,83.29,1.0
8613,272,51,2772,544,880.77,95.71,1.0
8614,121,9,2621,242,880.75,112.07,1.0
8615,172,30,2672,344,880.75,78.37,1.0
8616,162,37,2662,324,880.72,74.63,1.0
8617,164,10,2664,328,880.72,117.1,1.0
8618,119,29,2619,238,880.66,75.21,1.0
8619,165,45,2665,330,880.66,78.72,1.0
8620,192,46,2692,384,880.61,78.44,1.0
8621,165,42,2665,330,880.6,81.72,1.0
8622,158,41,2658,316,880.59,74.51,1.0
8623,162,41,2662,324,880.56,71.53,1.0
8624,189,46,2689,378,880.54,79.84,1.0
8625,157,40,2657,314,880.53,74.39,1.0
8626,109,9,2609,218,880.52,104.95,1.0
8627,244,49,2744,488,880.51,92.15,1.0
8628,183,48,2683,366,880.47,76.95,1.0
8629,171,42,2671,342,880.46,78.01,1.0
8630,168,39,2668,336,880.46,76.72,1.0
8631,158,32,2658,316,880.44,75.95,1.0
8632,162,44,2662,324,880.44,74.44,1.0
8633,261,52,2761,522,880.41,93.88,1.0
8634,160,32,2660,320,880.38,79.69,1.0
8635,168,34,2668,336,880.38,77.3,1.0
8636,160,39,2660,320,880.37,80.45,1.0
8637,9,27,2509,18,880.36,67.15,1.0
8638,181,45,2681,362,880.36,76.55,1.0
8639,162,38,2662,324,880.34,77.11,1.0
8640,154,32,2654,308,880.31,76.33,1.0
8641,170,36,2670,340,880.28,82.62,1.0
8642,181,33,2681,362,880.28,79.34,1.0
8643,116,9,2616,232,880.26,97.58,1.0
8644,214,47,2714,428,880.26,85.33,1.0
8645,243,51,2743,486,880.24,91.49,1.0
8646,203,47,2703,406,880.2,85.93,1.0
8647,239,50,2739,478,880.2,90.91,1.0
8648,158,40,2658,316,880.16,75.64,1.0
8649,39,8,2539,78,880.15,87.81,1.0
8650,149,34,2649,298,880.14,74.93,1.0
8651,225,50,2725,450,880.14,88.69,1.0
8652,72,28,2572,144,880.13,72.75,1.0
8653,235,52,2735,470,880.13,90.88,1.0
8654,160,41,2660,320,880.12,76.3,1.0
8655,208,49,2708,416,880.12,86.01,1.0
8656,17,27,2517,34,880.11,61.07,1.0
8657,162,32,2662,324,880.1,75.85,1.0
8658,300,52,2800,600,880.1,97.09,1.0
8659,219,52,2719,438,880.07,86.26,1.0
8660,246,50,2746,492,880.04,85.04,1.0
8661,183,9,2683,366,880.03,122.21,1.0
8662,296,52,2796,592,880.0,98.97,1.0
8663,168,42,2668,336,879.95,76.4,1.0
8664,162,36,2662,324,879.95,77.33,1.0
8665,160,35,2660,320,879.92,79.43,1.0
8666,147,9,2647,294,879.91,116.06,1.0
8667,158,36,2658,316,879.82,77.92,1.0
8668,145,34,2645,290,879.79,77.29,1.0
8669,46,8,2546,92,879.77,86.9,1.0
8670,217,48,2717,434,879.77,87.45,1.0
8671,275,52,2775,550,879.76,100.27,1.0
8672,175,45,2675,350,879.75,78.1,1.0
8673,211,49,2711,422,879.74,88.22,1.0
8674,283,51,2783,566,879.74,92.75,1.0
8675,166,38,2666,332,879.73,77.02,1.0
8676,298,11,2798,596,879.72,141.92,1.0
8677,172,40,2672,344,879.62,76.47,1.0
8678,241,49,2741,482,879.62,96.35,1.0
8679,143,9,2643,286,879.59,116.08,1.0
8680,157,41,2657,314,879.48,73.72,1.0
8681,149,30,2649,298,879.47,75.51,1.0
8682,171,38,2671,342,879.43,78.4,1.0
8683,172,42,2672,344,879.41,76.87,1.0
8684,274,11,2774,548,879.37,133.03,1.0
8685,63,28,2563,126,879.35,71.14,1.0
8686,273,52,2773,546,879.35,94.87,1.0
8687,115,29,2615,230,879.34,71.0,1.0
8688,170,44,2670,340,879.32,77.41,1.0
8689,170,31,2670,340,879.31,81.07,1.0
8690,166,32,2666,332,879.31,77.12,1.0
8691,258,11,2758,516,879.3,130.29,1.0
8692,54,28,2554,108,879.28,69.91,1.0
8693,149,37,2649,298,879.28,74.92,1.0
8694,145,41,2645,290,879.23,74.47,1.0
8695,238,51,2738,476,879.23,87.8,1.0
8696,149,31,2649,298,879.21,74.67,1.0
8697,160,38,2660,320,879.21,79.21,1.0
8698,263,51,2763,526,879.21,88.93,1.0
8699,171,33,2671,342,879.19,79.28,1.0
8700,171,41,2671,342,879.18,78.8,1.0
8701,160,31,2660,320,879.18,77.18,1.0
8702,169,34,2669,338,879.11,79.96,1.0
8703,170,43,2670,340,879.11,79.61,1.0
8704,185,48,2685,370,879.11,80.17,1.0
8705,83,8,2583,166,879.1,98.2,1.0
8706,145,35,2645,290,879.05,75.88,1.0
8707,186,9,2686,372,879.02,116.99,1.0
8708,168,36,2668,336,879.0,77.81,1.0
8709,210,50,2710,420,878.97,84.14,1.0
8710,122,29,2622,244,878.93,78.0,1.0
8711,170,37,2670,340,878.92,79.06,1.0
8712,14,27,2514,28,878.91,64.77,1.0
8713,91,8,2591,182,878.9,100.09,1.0
8714,145,44,2645,290,878.89,71.3,1.0
8715,168,33,2668,336,878.85,79.79,1.0
8716,166,36,2666,332,878.85,77.72,1.0
8717,163,34,2663,326,878.81,81.07,1.0
8718,270,53,2770,540,878.76,89.3,1.0
8719,160,34,2660,320,878.74,75.19,1.0
8720,172,36,2672,344,878.72,78.38,1.0
8721,166,40,2666,332,878.7,72.98,1.0
8722,160,36,2660,320,878.64,77.55,1.0
8723,257,52,2757,514,878.59,97.46,1.0
8724,157,31,2657,314,878.56,74.03,1.0
8725,168,43,2668,336,878.56,73.21,1.0
8726,198,10,2698,396,878.55,116.47,1.0
8727,205,49,2705,410,878.53,87.38,1.0
8728,158,35,2658,316,878.5,75.63,1.0
8729,227,49,2727,454,878.5,92.71,1.0
8730,215,50,2715,430,878.42,87.07,1.0
8731,299,52,2799,598,878.42,99.07,1.0
8732,297,54,2797,594,878.41,100.94,1.0
8733,169,44,2669,338,878.4,80.29,1.0
8734,253,51,2753,506,878.39,94.34,1.0
8735,151,34,2651,302,878.38,79.71,1.0
8736,168,30,2668,336,878.31,77.88,1.0
8737,162,34,2662,324,878.28,74.81,1.0
8738,160,43,2660,320,878.27,77.5,1.0
8739,169,45,2669,338,878.27,80.94,1.0
8740,171,35,2671,342,878.23,75.73,1.0
8741,204,48,2704,408,878.21,84.19,1.0
8742,172,43,2672,344,878.17,76.16,1.0
8743,158,44,2658,316,878.1,76.43,1.0
8744,146,35,2646,292,878.06,75.81,1.0
8745,101,29,2601,202,878.04,72.23,1.0
8746,149,44,2649,298,878.04,74.65,1.0
8747,139,9,2639,278,878.03,112.59,1.0
8748,158,33,2658,316,878.03,76.61,1.0
8749,245,9,2745,490,878.02,132.53,1.0
8750,276,52,2776,552,878.01,93.42,1.0
8751,169,39,2669,338,878.0,79.44,1.0
8752,170,30,2670,340,878.0,82.34,1.0
8753,145,39,2645,290,877.99,75.48,1.0
8754,149,43,2649,298,877.98,75.96,1.0
8755,165,44,2665,330,877.98,80.59,1.0
8756,154,9,2654,308,877.97,115.25,1.0
8757,168,45,2668,336,877.97,79.38,1.0
8758,163,44,2663,326,877.97,80.26,1.0
8759,103,29,2603,206,877.96,72.85,1.0
8760,172,45,2672,344,877.96,77.46,1.0
8761,165,40,2665,330,877.95,80.44,1.0
8762,145,32,2645,290,877.92,77.8,1.0
8763,128,29,2628,256,877.9,78.52,1.0
8764,154,44,2654,308,877.9,78.61,1.0
8765,172,41,2672,344,877.89,77.78,1.0
8766,157,42,2657,314,877.88,75.14,1.0
8767,182,46,2682,364,877.86,78.36,1.0
8768,68,8,2568,136,877.83,94.43,1.0
8769,176,37,2676,352,877.82,81.35,1.0
8770,171,43,2671,342,877.81,80.7,1.0
8771,146,32,2646,292,877.74,72.97,1.0
8772,163,38,2663,326,877.73,82.97,1.0
8773,277,51,2777,554,877.72,91.75,1.0
8774,160,30,2660,320,877.71,77.69,1.0
8775,207,48,2707,414,877.71,84.99,1.0
8776,246,11,2746,492,877.69,130.28,1.0
8777,1,7,2501,2,877.67,72.07,1.0
8778,158,42,2658,316,877.67,74.56,1.0
8779,158,43,2658,316,877.67,75.06,1.0
8780,158,37,2658,316,877.66,74.39,1.0
8781,249,52,2749,498,877.65,96.34,1.0
8782,195,9,2695,390,877.62,124.62,1.0
8783,43,8,2543,86,877.61,86.64,1.0
8784,151,35,2651,302,877.61,74.86,1.0
8785,145,42,2645,290,877.58,74.97,1.0
8786,186,49,2686,372,877.56,82.28,1.0
8787,166,33,2666,332,877.55,74.87,1.0
8788,184,9,2684,368,877.53,116.67,1.0
8789,220,49,2720,440,877.53,82.97,1.0
8790,242,49,2742,484,877.51,91.7,1.0
8791,145,31,2645,290,877.44,74.76,1.0
8792,272,10,2772,544,877.43,136.27,1.0
8793,82,8,2582,164,877.41,94.17,1.0
8794,149,36,2649,298,877.41,75.51,1.0
8795,285,11,2785,570,877.41,130.0,1.0
8796,178,37,2678,356,877.4,78.79,1.0
8797,154,30,2654,308,877.39,75.2,1.0
8798,184,48,2684,368,877.38,83.55,1.0
8799,172,9,2672,344,877.34,109.94,1.0
8800,109,29,2609,218,877.33,76.79,1.0
8801,168,31,2668,336,877.3,78.42,1.0
8802,93,8,2593,186,877.26,102.16,1.0
8803,171,44,2671,342,877.23,80.32,1.0
8804,194,47,2694,388,877.23,86.09,1.0
8805,151,39,2651,302,877.22,79.51,1.0
8806,157,37,2657,314,877.21,76.41,1.0
8807,151,30,2651,302,877.2,78.62,1.0
8808,146,42,2646,292,877.17,75.87,1.0
8809,165,46,2665,330,877.17,83.34,1.0
8810,255,52,2755,510,877.15,90.94,1.0
8811,166,42,2666,332,877.13,77.77,1.0
8812,278,52,2778,556,877.12,96.78,1.0
8813,178,40,2678,356,877.11,78.55,1.0
8814,171,32,2671,342,877.1,81.53,1.0
8815,226,51,2726,452,877.1,89.71,1.0
8816,56,28,2556,112,877.09,66.36,1.0
8817,196,46,2696,392,877.08,83.35,1.0
8818,137,9,2637,274,877.06,106.87,1.0
8819,210,51,2710,420,877.06,87.96,1.0
8820,282,53,2782,564,877.06,98.71,1.0
8821,236,50,2736,472,877.03,88.85,1.0
8822,53,28,2553,106,877.0,68.03,1.0
8823,269,51,2769,538,876.9,99.96,1.0
8824,165,37,2665,330,876.89,80.25,1.0
8825,145,30,2645,290,876.84,75.24,1.0
8826,162,39,2662,324,876.78,74.19,1.0
8827,287,53,2787,574,876.78,102.46,1.0
8828,56,8,2556,112,876.77,96.88,1.0
8829,258,50,2758,516,876.76,88.62,1.0
8830,168,32,2668,336,876.72,76.65,1.0
8831,269,50,2769,538,876.72,91.32,1.0
8832,2,27,2502,4,876.7,63.05,1.0
8833,145,37,2645,290,876.7,71.05,1.0
8834,160,40,2660,320,876.69,77.6,1.0
8835,3,7,2503,6,876.68,73.25,1.0
8836,52,28,2552,104,876.66,68.88,1.0
8837,151,42,2651,302,876.62,76.18,1.0
8838,166,43,2666,332,876.6,78.0,1.0
8839,159,9,2659,318,876.59,112.82,1.0
8840,171,40,2671,342,876.55,77.24,1.0
8841,201,48,2701,402,876.53,87.04,1.0
8842,272,52,2772,544,876.52,97.24,1.0
8843,151,9,2651,302,876.47,111.03,1.0
8844,57,28,2557,114,876.44,68.92,1.0
8845,160,33,2660,320,876.44,78.67,1.0
8846,165,35,2665,330,876.44,81.14,1.0
8847,166,44,2666,332,876.42,76.96,1.0
8848,146,41,2646,292,876.39,76.67,1.0
8849,232,51,2732,464,876.39,90.61,1.0
8850,150,9,2650,300,876.38,115.44,1.0
8851,178,31,2678,356,876.33,81.5,1.0
8852,280,52,2780,560,876.33,94.3,1.0
8853,163,32,2663,326,876.32,79.95,1.0
8854,151,37,2651,302,876.29,78.26,1.0
8855,151,38,2651,302,876.26,78.75,1.0
8856,163,42,2663,326,876.26,81.33,1.0
8857,166,37,2666,332,876.26,79.38,1.0
8858,50,28,2550,100,876.24,67.48,1.0
8859,76,28,2576,152,876.18,70.43,1.0
8860,295,10,2795,590,876.18,137.71,1.0
8861,170,45,2670,340,876.17,83.21,1.0
8862,165,43,2665,330,876.16,81.02,1.0
8863,84,8,2584,168,876.15,98.64,1.0
8864,171,37,2671,342,876.15,78.79,1.0
8865,163,30,2663,326,876.15,86.43,1.0
8866,216,50,2716,432,876.15,84.65,1.0
8867,167,45,2667,334,876.11,76.82,1.0
8868,146,34,2646,292,876.01,77.1,1.0
8869,117,29,2617,234,876.0,72.76,1.0
8870,157,35,2657,314,875.96,76.87,1.0
8871,105,29,2605,210,875.93,75.14,1.0
8872,154,43,2654,308,875.92,75.8,1.0
8873,153,37,2653,306,875.89,79.18,1.0
8874,45,28,2545,90,875.88,68.66,1.0
8875,157,39,2657,314,875.88,77.51,1.0
8876,77,28,2577,154,875.87,71.53,1.0
8877,157,43,2657,314,875.87,74.93,1.0
8878,289,53,2789,578,875.85,100.41,1.0
8879,157,38,2657,314,875.8,74.05,1.0
8880,154,37,2654,308,875.76,77.46,1.0
8881,168,40,2668,336,875.76,77.85,1.0
8882,157,44,2657,314,875.75,75.95,1.0
8883,145,40,2645,290,875.75,72.86,1.0
8884,217,10,2717,434,875.75,133.33,1.0
8885,212,49,2712,424,875.74,84.55,1.0
8886,2,7,2502,4,875.72,73.6,1.0
8887,151,43,2651,302,875.7,77.02,1.0
8888,153,43,2653,306,875.66,76.72,1.0
8889,151,33,2651,302,875.65,77.88,1.0
8890,223,49,2723,446,875.64,87.77,1.0
8891,158,39,2658,316,875.62,77.6,1.0
8892,146,38,2646,292,875.62,77.32,1.0
8893,171,39,2671,342,875.58,81.32,1.0
8894,136,9,2636,272,875.56,114.79,1.0
8895,168,41,2668,336,875.56,78.05,1.0
8896,171,36,2671,342,875.55,79.18,1.0
8897,161,40,2661,322,875.54,78.31,1.0
8898,239,52,2739,478,875.53,94.92,1.0
8899,254,51,2754,508,875.53,92.7,1.0
8900,213,49,2713,426,875.52,86.93,1.0
8901,157,33,2657,314,875.48,74.2,1.0
8902,180,46,2680,360,875.46,83.52,1.0
8903,94,29,2594,188,875.43,74.59,1.0
8904,162,43,2662,324,875.42,76.03,1.0
8905,100,29,2600,200,875.4,73.31,1.0
8906,145,43,2645,290,875.4,73.16,1.0
8907,170,35,2670,340,875.4,80.4,1.0
8908,248,52,2748,496,875.4,93.41,1.0
8909,4,27,2504,8,875.39,62.88,1.0
8910,233,51,2733,466,875.38,86.92,1.0
8911,260,52,2760,520,875.36,97.13,1.0
8912,193,48,2693,386,875.34,82.44,1.0
8913,145,45,2645,290,875.33,72.6,1.0
8914,228,51,2728,456,875.32,87.0,1.0
8915,147,34,2647,294,875.28,79.29,1.0
8916,146,44,2646,292,875.26,76.42,1.0
8917,154,35,2654,308,875.25,76.74,1.0
8918,151,40,2651,302,875.24,79.09,1.0
8919,176,45,2676,352,875.24,80.19,1.0
8920,161,37,2661,322,875.23,77.43,1.0
8921,209,50,2709,418,875.22,83.64,1.0
8922,259,51,2759,518,875.18,90.82,1.0
8923,146,37,2646,292,875.12,74.65,1.0
8924,151,41,2651,302,875.11,75.84,1.0
8925,209,9,2709,418,875.09,122.95,1.0
8926,0,27,2500,0,875.07,63.39,1.0
8927,153,34,2653,306,875.05,76.64,1.0
8928,159,38,2659,318,875.04,76.96,1.0
8929,111,29,2611,222,875.03,76.03,1.0
8930,166,30,2666,332,875.0,73.65,1.0
8931,166,41,2666,332,875.0,75.51,1.0
8932,217,49,2717,434,874.98,89.41,1.0
8933,224,10,2724,448,874.98,128.94,1.0
8934,163,40,2663,326,874.96,84.82,1.0
8935,214,48,2714,428,874.96,87.76,1.0
8936,218,49,2718,436,874.93,84.34,1.0
8937,158,38,2658,316,874.9,76.81,1.0
8938,154,40,2654,308,874.87,75.47,1.0
8939,146,39,2646,292,874.84,74.72,1.0
8940,141,9,2641,282,874.83,112.52,1.0
8941,169,9,2669,338,874.83,110.53,1.0
8942,153,41,2653,306,874.82,80.61,1.0
8943,214,10,2714,428,874.82,125.5,1.0
8944,175,46,2675,350,874.8,76.84,1.0
8945,154,41,2654,308,874.79,76.23,1.0
8946,160,44,2660,320,874.75,77.6,1.0
8947,196,47,2696,392,874.74,83.25,1.0
8948,158,31,2658,316,874.7,75.64,1.0
8949,239,51,2739,478,874.66,91.61,1.0
8950,252,51,2752,504,874.66,94.01,1.0
8951,178,43,2678,356,874.58,79.35,1.0
8952,163,33,2663,326,874.58,80.45,1.0
8953,63,8,2563,126,874.53,89.05,1.0
8954,178,38,2678,356,874.52,81.67,1.0
8955,166,34,2666,332,874.52,76.85,1.0
8956,182,9,2682,364,874.46,118.65,1.0
8957,266,53,2766,532,874.43,96.99,1.0
8958,177,48,2677,354,874.31,79.48,1.0
8959,163,43,2663,326,874.26,79.84,1.0
8960,245,53,2745,490,874.21,93.04,1.0
8961,7,27,2507,14,874.18,65.49,1.0
8962,168,9,2668,336,874.14,113.5,1.0
8963,241,10,2741,482,874.13,132.7,1.0
8964,192,47,2692,384,874.12,80.67,1.0
8965,198,47,2698,396,874.12,85.12,1.0
8966,48,8,2548,96,874.1,89.12,1.0
8967,154,38,2654,308,874.1,78.99,1.0
8968,281,53,2781,562,874.1,98.61,1.0
8969,153,38,2653,306,874.08,74.79,1.0
8970,154,31,2654,308,874.08,77.08,1.0
8971,238,52,2738,476,874.08,88.91,1.0
8972,157,32,2657,314,874.05,78.71,1.0
8973,163,35,2663,326,874.05,80.3,1.0
8974,163,36,2663,326,874.04,80.18,1.0
8975,191,47,2691,382,873.98,87.89,1.0
8976,231,50,2731,462,873.98,87.79,1.0
8977,168,38,2668,336,873.97,77.24,1.0
8978,145,36,2645,290,873.94,74.32,1.0
8979,208,9,2708,416,873.93,115.49,1.0
8980,59,8,2559,118,873.91,94.24,1.0
8981,230,49,2730,460,873.91,89.18,1.0
8982,155,36,2655,310,873.9,81.66,1.0
8983,12,27,2512,24,873.89,63.59,1.0
8984,146,43,2646,292,873.89,76.39,1.0
8985,237,49,2737,474,873.89,85.38,1.0
8986,146,30,2646,292,873.88,76.26,1.0
8987,146,36,2646,292,873.87,74.82,1.0
8988,163,31,2663,326,873.84,80.53,1.0
8989,282,10,2782,564,873.84,134.78,1.0
8990,121,29,2621,242,873.8,72.74,1.0
8991,158,30,2658,316,873.79,76.15,1.0
8992,81,8,2581,162,873.78,98.8,1.0
8993,178,39,2678,356,873.76,80.88,1.0
8994,142,40,2642,284,873.68,77.38,1.0
8995,178,34,2678,356,873.65,80.15,1.0
8996,271,52,2771,542,873.65,92.4,1.0
8997,287,10,2787,574,873.64,136.97,1.0
8998,289,10,2789,578,873.62,132.44,1.0
8999,155,33,2655,310,873.58,78.1,1.0
9000,55,28,2555,110,873.57,66.0,1.0
9001,145,33,2645,290,873.57,76.72,1.0
9002,154,36,2654,308,873.55,77.36,1.0
9003,178,42,2678,356,873.55,83.13,1.0
9004,147,33,2647,294,873.49,76.9,1.0
9005,155,39,2655,310,873.47,80.59,1.0
9006,197,49,2697,394,873.44,81.38,1.0
9007,256,52,2756,512,873.44,90.49,1.0
9008,126,8,2626,252,873.42,109.69,1.0
9009,166,35,2666,332,873.42,74.34,1.0
9010,170,9,2670,340,873.41,121.06,1.0
9011,180,45,2680,360,873.39,81.98,1.0
9012,27,7,2527,54,873.36,81.66,1.0
9013,146,31,2646,292,873.3,73.34,1.0
9014,168,37,2668,336,873.23,79.95,1.0
9015,149,45,2649,298,873.21,74.49,1.0
9016,199,49,2699,398,873.21,83.94,1.0
9017,146,33,2646,292,873.2,77.67,1.0
9018,153,39,2653,306,873.17,80.36,1.0
9019,78,8,2578,156,873.15,95.95,1.0
9020,144,31,2644,288,873.12,75.59,1.0
9021,4,7,2504,8,873.11,78.78,1.0
9022,19,27,2519,38,873.11,67.94,1.0
9023,153,40,2653,306,873.1,75.73,1.0
9024,167,46,2667,334,873.1,78.18,1.0
9025,169,46,2669,338,873.06,79.51,1.0
9026,300,10,2800,600,873.05,139.6,1.0
9027,49,28,2549,98,873.04,71.18,1.0
9028,144,41,2644,288,873.04,77.04,1.0
9029,0,7,2500,0,873.03,72.08,1.0
9030,142,44,2642,284,872.98,74.71,1.0
9031,157,45,2657,314,872.96,73.87,1.0
9032,218,50,2718,436,872.89,86.08,1.0
9033,151,44,2651,302,872.88,79.1,1.0
9034,158,45,2658,316,872.87,75.8,1.0
9035,163,41,2663,326,872.86,82.57,1.0
9036,178,30,2678,356,872.85,81.22,1.0
9037,279,52,2779,558,872.84,95.26,1.0
9038,161,41,2661,322,872.82,78.09,1.0
9039,206,49,2706,412,872.82,90.16,1.0
9040,222,49,2722,444,872.79,86.36,1.0
9041,251,52,2751,502,872.75,93.17,1.0
9042,230,50,2730,460,872.74,89.28,1.0
9043,144,30,2644,288,872.72,76.04,1.0
9044,166,31,2666,332,872.71,78.57,1.0
9045,153,33,2653,306,872.7,77.64,1.0
9046,190,46,2690,380,872.69,81.39,1.0
9047,262,53,2762,524,872.68,96.28,1.0
9048,179,46,2679,358,872.64,80.26,1.0
9049,167,9,2667,334,872.62,116.42,1.0
9050,216,51,2716,432,872.62,84.84,1.0
9051,144,37,2644,288,872.61,77.86,1.0
9052,185,49,2685,370,872.6,82.42,1.0
9053,123,8,2623,246,872.57,105.64,1.0
9054,154,42,2654,308,872.56,75.12,1.0
9055,178,44,2678,356,872.53,80.2,1.0
9056,202,48,2702,404,872.49,85.79,1.0
9057,236,10,2736,472,872.48,136.65,1.0
9058,159,30,2659,318,872.4,78.62,1.0
9059,151,36,2651,302,872.39,77.52,1.0
9060,240,52,2740,480,872.39,93.46,1.0
9061,151,45,2651,302,872.37,80.2,1.0
9062,166,9,2666,332,872.35,114.37,1.0
9063,102,29,2602,204,872.33,73.9,1.0
9064,250,52,2750,500,872.31,90.17,1.0
9065,282,54,2782,564,872.31,103.31,1.0
9066,155,42,2655,310,872.3,78.39,1.0
9067,299,10,2799,598,872.3,143.11,1.0
9068,247,52,2747,494,872.27,97.57,1.0
9069,178,35,2678,356,872.23,79.67,1.0
9070,164,41,2664,328,872.2,78.89,1.0
9071,252,50,2752,504,872.19,91.48,1.0
9072,182,47,2682,364,872.13,78.87,1.0
9073,135,9,2635,270,872.06,107.63,1.0
9074,242,50,2742,484,872.06,89.65,1.0
9075,162,46,2662,324,872.04,76.11,1.0
9076,259,52,2759,518,872.03,95.18,1.0
9077,159,34,2659,318,872.02,77.1,1.0
9078,159,35,2659,318,872.01,79.1,1.0
9079,13,27,2513,26,871.95,63.57,1.0
9080,178,41,2678,356,871.95,80.91,1.0
9081,157,46,2657,314,871.92,76.55,1.0
9082,159,40,2659,318,871.89,75.83,1.0
9083,144,34,2644,288,871.88,76.85,1.0
9084,295,54,2795,590,871.84,100.46,1.0
9085,100,8,2600,200,871.83,102.74,1.0
9086,155,32,2655,310,871.82,76.94,1.0
9087,144,45,2644,288,871.81,74.78,1.0
9088,292,53,2792,584,871.81,100.44,1.0
9089,94,8,2594,188,871.79,104.76,1.0
9090,69,8,2569,138,871.78,95.45,1.0
9091,256,10,2756,512,871.77,133.36,1.0
9092,161,31,2661,322,871.75,77.82,1.0
9093,181,46,2681,362,871.73,78.18,1.0
9094,161,36,2661,322,871.68,78.55,1.0
9095,160,45,2660,320,871.66,77.33,1.0
9096,163,37,2663,326,871.63,81.9,1.0
9097,221,49,2721,442,871.62,91.07,1.0
9098,171,31,2671,342,871.61,78.18,1.0
9099,163,39,2663,326,871.61,83.17,1.0
9100,275,10,2775,550,871.56,133.53,1.0
9101,112,29,2612,224,871.51,74.97,1.0
9102,291,53,2791,582,871.5,99.42,1.0
9103,80,8,2580,160,871.45,96.56,1.0
9104,85,8,2585,170,871.43,96.69,1.0
9105,51,28,2551,102,871.42,68.32,1.0
9106,200,49,2700,400,871.41,85.01,1.0
9107,6,7,2506,12,871.4,74.97,1.0
9108,86,8,2586,172,871.4,95.23,1.0
9109,159,33,2659,318,871.35,77.08,1.0
9110,299,53,2799,598,871.32,102.47,1.0
9111,7,7,2507,14,871.29,77.25,1.0
9112,144,35,2644,288,871.28,76.92,1.0
9113,278,10,2778,556,871.28,132.53,1.0
9114,154,33,2654,308,871.26,77.81,1.0
9115,171,45,2671,342,871.26,78.67,1.0
9116,166,39,2666,332,871.25,74.73,1.0
9117,205,9,2705,410,871.24,118.18,1.0
9118,146,45,2646,292,871.23,76.31,1.0
9119,195,47,2695,390,871.23,89.03,1.0
9120,154,39,2654,308,871.22,76.99,1.0
9121,154,34,2654,308,871.2,77.94,1.0
9122,144,43,2644,288,871.17,77.35,1.0
9123,151,32,2651,302,871.16,78.7,1.0
9124,153,30,2653,306,871.14,79.06,1.0
9125,178,36,2678,356,871.11,80.49,1.0
9126,174,48,2674,348,871.02,82.05,1.0
9127,144,40,2644,288,871.01,77.28,1.0
9128,133,32,2633,266,871.0,73.03,1.0
9129,274,52,2774,548,871.0,91.92,1.0
9130,188,47,2688,376,870.98,80.74,1.0
9131,284,54,2784,568,870.98,102.13,1.0
9132,205,50,2705,410,870.97,87.17,1.0
9133,147,43,2647,294,870.92,73.95,1.0
9134,293,53,2793,586,870.92,96.09,1.0
9135,133,8,2633,266,870.87,107.25,1.0
9136,176,46,2676,352,870.85,80.15,1.0
9137,10,7,2510,20,870.84,76.99,1.0
9138,74,28,2574,148,870.84,72.64,1.0
9139,253,10,2753,506,870.82,134.34,1.0
9140,153,42,2653,306,870.81,79.44,1.0
9141,155,30,2655,310,870.81,76.04,1.0
9142,179,9,2679,358,870.81,122.79,1.0
9143,144,33,2644,288,870.77,77.78,1.0
9144,268,52,2768,536,870.75,95.27,1.0
9145,155,34,2655,310,870.73,78.32,1.0
9146,182,48,2682,364,870.73,80.94,1.0
9147,148,9,2648,296,870.69,114.95,1.0
9148,172,46,2672,344,870.67,79.55,1.0
9149,241,50,2741,482,870.67,94.47,1.0
9150,144,39,2644,288,870.66,75.87,1.0
9151,173,47,2673,346,870.63,83.52,1.0
9152,161,44,2661,322,870.6,80.21,1.0
9153,155,31,2655,310,870.57,76.6,1.0
9154,133,40,2633,266,870.55,72.85,1.0
9155,219,9,2719,438,870.49,126.82,1.0
9156,178,9,2678,356,870.48,121.42,1.0
9157,229,51,2729,458,870.47,87.38,1.0
9158,237,50,2737,474,870.47,89.87,1.0
9159,155,37,2655,310,870.43,79.94,1.0
9160,263,10,2763,526,870.42,127.77,1.0
9161,277,52,2777,554,870.41,100.57,1.0
9162,149,46,2649,298,870.4,75.33,1.0
9163,211,50,2711,422,870.4,89.39,1.0
9164,258,51,2758,516,870.36,90.21,1.0
9165,162,45,2662,324,870.35,79.47,1.0
9166,47,28,2547,94,870.31,67.1,1.0
9167,189,47,2689,378,870.3,81.41,1.0
9168,128,9,2628,256,870.29,108.19,1.0
9169,21,7,2521,42,870.27,77.77,1.0
9170,269,52,2769,538,870.26,99.14,1.0
9171,163,45,2663,326,870.24,80.56,1.0
9172,259,10,2759,518,870.22,130.79,1.0
9173,152,9,2652,304,870.21,107.43,1.0
9174,215,9,2715,430,870.21,128.19,1.0
9175,298,53,2798,596,870.19,101.36,1.0
9176,155,38,2655,310,870.18,77.25,1.0
9177,192,48,2692,384,870.17,80.34,1.0
9178,144,44,2644,288,870.16,75.85,1.0
9179,145,38,2645,290,870.13,75.33,1.0
9180,198,48,2698,396,870.08,83.41,1.0
9181,268,53,2768,536,870.08,94.44,1.0
9182,197,50,2697,394,870.02,82.73,1.0
9183,224,50,2724,448,869.94,88.86,1.0
9184,184,49,2684,368,869.93,82.13,1.0
9185,204,49,2704,408,869.92,85.59,1.0
9186,142,30,2642,284,869.91,72.94,1.0
9187,193,49,2693,386,869.86,86.72,1.0
9188,147,38,2647,294,869.85,77.06,1.0
9189,57,8,2557,114,869.84,91.99,1.0
9190,159,36,2659,318,869.8,75.38,1.0
9191,5,27,2505,10,869.79,66.77,1.0
9192,227,50,2727,454,869.77,90.22,1.0
9193,159,39,2659,318,869.74,79.82,1.0
9194,151,31,2651,302,869.73,78.57,1.0
9195,207,49,2707,414,869.7,84.65,1.0
9196,236,51,2736,472,869.63,88.88,1.0
9197,155,40,2655,310,869.62,80.02,1.0
9198,164,44,2664,328,869.62,80.05,1.0
9199,159,44,2659,318,869.59,74.83,1.0
9200,142,35,2642,284,869.57,75.4,1.0
9201,133,41,2633,266,869.55,72.27,1.0
9202,60,28,2560,120,869.54,71.02,1.0
9203,248,10,2748,496,869.53,135.76,1.0
9204,161,38,2661,322,869.52,75.45,1.0
9205,159,42,2659,318,869.51,75.51,1.0
9206,164,36,2664,328,869.51,80.1,1.0
9207,199,50,2699,398,869.51,86.33,1.0
9208,159,31,2659,318,869.46,76.38,1.0
9209,90,8,2590,180,869.45,102.02,1.0
9210,155,41,2655,310,869.45,75.71,1.0
9211,174,49,2674,348,869.45,83.22,1.0
9212,11,7,2511,22,869.38,74.39,1.0
9213,166,45,2666,332,869.38,77.33,1.0
9214,300,53,2800,600,869.38,101.65,1.0
9215,44,28,2544,88,869.37,68.84,1.0
9216,159,43,2659,318,869.32,77.29,1.0
9217,288,53,2788,576,869.31,99.01,1.0
9218,153,36,2653,306,869.28,77.03,1.0
9219,110,29,2610,220,869.27,72.75,1.0
9220,165,47,2665,330,869.2,80.67,1.0
9221,253,52,2753,506,869.2,91.31,1.0
9222,43,28,2543,86,869.18,69.82,1.0
9223,189,48,2689,378,869.18,83.0,1.0
9224,144,38,2644,288,869.14,76.9,1.0
9225,168,46,2668,336,869.13,78.7,1.0
9226,161,30,2661,322,869.09,78.28,1.0
9227,178,33,2678,356,869.09,80.52,1.0
9228,215,51,2715,430,869.05,86.95,1.0
9229,133,42,2633,266,869.04,72.09,1.0
9230,286,53,2786,572,869.03,96.35,1.0
9231,46,28,2546,92,869.01,67.43,1.0
9232,160,46,2660,320,868.97,83.16,1.0
9233,153,32,2653,306,868.94,79.61,1.0
9234,212,50,2712,424,868.92,86.98,1.0
9235,155,43,2655,310,868.91,78.7,1.0
9236,153,35,2653,306,868.89,79.48,1.0
9237,220,50,2720,440,868.86,84.74,1.0
9238,187,48,2687,374,868.85,83.76,1.0
9239,243,52,2743,486,868.84,92.89,1.0
9240,193,9,2693,386,868.8,116.65,1.0
9241,234,51,2734,468,868.8,92.71,1.0
9242,147,40,2647,294,868.77,78.31,1.0
9243,187,9,2687,374,868.76,119.7,1.0
9244,276,53,2776,552,868.69,96.71,1.0
9245,133,30,2633,266,868.63,73.15,1.0
9246,161,43,2661,322,868.6,81.8,1.0
9247,201,49,2701,402,868.56,85.68,1.0
9248,268,10,2768,536,868.55,123.94,1.0
9249,147,30,2647,294,868.53,81.09,1.0
9250,9,7,2509,18,868.52,76.39,1.0
9251,174,9,2674,348,868.52,121.29,1.0
9252,147,42,2647,294,868.42,77.69,1.0
9253,161,39,2661,322,868.4,79.28,1.0
9254,153,45,2653,306,868.39,81.47,1.0
9255,267,51,2767,534,868.36,95.93,1.0
9256,156,9,2656,312,868.34,115.15,1.0
9257,175,47,2675,350,868.34,76.51,1.0
9258,233,52,2733,466,868.31,93.47,1.0
9259,152,43,2652,304,868.29,81.28,1.0
9260,142,37,2642,284,868.28,75.24,1.0
9261,254,52,2754,508,868.28,91.33,1.0
9262,88,8,2588,176,868.27,101.0,1.0
9263,267,52,2767,534,868.27,97.0,1.0
9264,142,42,2642,284,868.24,79.46,1.0
9265,170,46,2670,340,868.22,84.24,1.0
9266,208,50,2708,416,868.22,88.35,1.0
9267,103,8,2603,206,868.19,98.93,1.0
9268,147,32,2647,294,868.18,78.96,1.0
9269,97,29,2597,194,868.17,73.34,1.0
9270,144,42,2644,288,868.16,76.83,1.0
9271,133,38,2633,266,868.14,73.28,1.0
9272,156,33,2656,312,868.13,75.46,1.0
9273,179,47,2679,358,868.13,81.58,1.0
9274,269,10,2769,538,868.11,138.0,1.0
9275,142,38,2642,284,868.09,76.07,1.0
9276,257,53,2757,514,868.08,97.77,1.0
9277,144,32,2644,288,868.06,74.66,1.0
9278,246,51,2746,492,868.05,93.57,1.0
9279,178,32,2678,356,868.04,82.13,1.0
9280,194,48,2694,388,868.0,84.39,1.0
9281,156,44,2656,312,867.99,78.61,1.0
9282,133,35,2633,266,867.98,73.2,1.0
9283,98,8,2598,196,867.97,102.09,1.0
9284,164,30,2664,328,867.92,79.62,1.0
9285,142,41,2642,284,867.91,74.48,1.0
9286,150,35,2650,300,867.89,74.89,1.0
9287,204,50,2704,408,867.88,87.19,1.0
9288,147,39,2647,294,867.85,75.75,1.0
9289,74,8,2574,148,867.84,96.15,1.0
9290,105,8,2605,210,867.84,106.83,1.0
9291,48,28,2548,96,867.82,70.39,1.0
9292,161,9,2661,322,867.8,117.22,1.0
9293,161,34,2661,322,867.78,78.69,1.0
9294,276,10,2776,552,867.76,142.17,1.0
9295,208,51,2708,416,867.71,89.69,1.0
9296,151,46,2651,302,867.69,81.16,1.0
9297,158,46,2658,316,867.69,75.45,1.0
9298,187,47,2687,374,867.68,82.85,1.0
9299,133,31,2633,266,867.67,77.4,1.0
9300,164,32,2664,328,867.67,77.52,1.0
9301,213,50,2713,426,867.67,90.48,1.0
9302,133,44,2633,266,867.66,77.32,1.0
9303,227,9,2727,454,867.64,125.53,1.0
9304,188,48,2688,376,867.63,81.8,1.0
9305,199,51,2699,398,867.61,83.09,1.0
9306,156,39,2656,312,867.6,77.79,1.0
9307,147,31,2647,294,867.59,82.08,1.0
9308,16,7,2516,32,867.55,79.07,1.0
9309,156,31,2656,312,867.54,76.88,1.0
9310,97,8,2597,194,867.53,105.56,1.0
9311,280,53,2780,560,867.52,99.68,1.0
9312,133,39,2633,266,867.51,75.87,1.0
9313,156,35,2656,312,867.5,78.59,1.0
9314,155,35,2655,310,867.5,79.62,1.0
9315,285,53,2785,570,867.5,97.67,1.0
9316,164,33,2664,328,867.48,79.54,1.0
9317,195,48,2695,390,867.47,85.2,1.0
9318,142,39,2642,284,867.45,78.37,1.0
9319,178,45,2678,356,867.44,81.3,1.0
9320,133,43,2633,266,867.43,74.06,1.0
9321,147,36,2647,294,867.37,78.99,1.0
9322,159,32,2659,318,867.36,81.46,1.0
9323,221,10,2721,442,867.36,126.81,1.0
9324,41,7,2541,82,867.35,84.76,1.0
9325,147,35,2647,294,867.29,78.5,1.0
9326,116,29,2616,232,867.28,74.31,1.0
9327,251,53,2751,502,867.28,93.53,1.0
9328,142,34,2642,284,867.26,79.27,1.0
9329,140,41,2640,280,867.23,74.36,1.0
9330,203,48,2703,406,867.19,88.69,1.0
9331,164,38,2664,328,867.17,86.49,1.0
9332,294,53,2794,588,867.17,101.02,1.0
9333,275,53,2775,550,867.14,97.33,1.0
9334,110,8,2610,220,867.13,102.88,1.0
9335,180,47,2680,360,867.13,81.8,1.0
9336,221,50,2721,442,867.12,88.37,1.0
9337,164,42,2664,328,867.11,78.23,1.0
9338,96,29,2596,192,867.07,74.86,1.0
9339,144,36,2644,288,867.07,78.43,1.0
9340,167,47,2667,334,867.07,83.56,1.0
9341,262,54,2762,524,867.07,96.4,1.0
9342,142,36,2642,284,867.06,79.06,1.0
9343,263,52,2763,526,867.06,97.11,1.0
9344,281,10,2781,562,867.05,138.73,1.0
9345,240,53,2740,480,867.02,94.71,1.0
9346,159,41,2659,318,867.01,77.95,1.0
9347,153,44,2653,306,867.0,81.31,1.0
9348,192,49,2692,384,866.94,83.29,1.0
9349,161,35,2661,322,866.91,78.97,1.0
9350,147,44,2647,294,866.89,76.62,1.0
9351,296,53,2796,592,866.86,102.24,1.0
9352,148,43,2648,296,866.83,77.29,1.0
9353,155,44,2655,310,866.82,76.69,1.0
9354,248,53,2748,496,866.82,92.1,1.0
9355,38,28,2538,76,866.77,69.99,1.0
9356,196,48,2696,392,866.76,84.81,1.0
9357,23,7,2523,46,866.75,83.98,1.0
9358,156,42,2656,312,866.68,75.99,1.0
9359,18,7,2518,36,866.66,77.22,1.0
9360,191,49,2691,382,866.64,88.2,1.0
9361,156,38,2656,312,866.63,79.01,1.0
9362,238,9,2738,476,866.63,127.02,1.0
9363,156,40,2656,312,866.62,78.23,1.0
9364,166,46,2666,332,866.62,77.03,1.0
9365,164,31,2664,328,866.61,84.94,1.0
9366,154,45,2654,308,866.59,78.24,1.0
9367,260,53,2760,520,866.57,97.91,1.0
9368,140,36,2640,280,866.56,76.47,1.0
9369,244,10,2744,488,866.53,128.42,1.0
9370,164,43,2664,328,866.51,81.13,1.0
9371,132,44,2632,264,866.47,76.56,1.0
9372,173,9,2673,346,866.44,119.95,1.0
9373,161,42,2661,322,866.44,78.47,1.0
9374,181,48,2681,362,866.44,82.98,1.0
9375,181,47,2681,362,866.43,81.28,1.0
9376,232,52,2732,464,866.41,84.28,1.0
9377,153,31,2653,306,866.39,79.93,1.0
9378,142,32,2642,284,866.38,76.47,1.0
9379,270,54,2770,540,866.35,92.87,1.0
9380,220,51,2720,440,866.32,85.99,1.0
9381,15,7,2515,30,866.29,77.47,1.0
9382,190,47,2690,380,866.29,82.08,1.0
9383,191,48,2691,382,866.26,84.05,1.0
9384,133,34,2633,266,866.23,69.9,1.0
9385,247,53,2747,494,866.19,98.11,1.0
9386,156,41,2656,312,866.18,78.4,1.0
9387,152,33,2652,304,866.14,79.93,1.0
9388,161,32,2661,322,866.14,79.1,1.0
9389,152,32,2652,304,866.04,79.68,1.0
9390,175,9,2675,350,866.04,115.11,1.0
9391,79,8,2579,158,866.02,95.21,1.0
9392,161,33,2661,322,865.99,80.21,1.0
9393,206,9,2706,412,865.98,121.3,1.0
9394,292,10,2792,584,865.97,138.0,1.0
9395,145,46,2645,290,865.93,74.75,1.0
9396,147,37,2647,294,865.92,77.32,1.0
9397,85,29,2585,170,865.87,70.64,1.0
9398,200,50,2700,400,865.83,87.55,1.0
9399,132,37,2632,264,865.81,75.41,1.0
9400,155,45,2655,310,865.8,79.07,1.0
9401,72,8,2572,144,865.76,93.46,1.0
9402,142,33,2642,284,865.72,76.76,1.0
9403,202,49,2702,404,865.72,87.01,1.0
9404,244,50,2744,488,865.68,96.44,1.0
9405,271,10,2771,542,865.67,131.08,1.0
9406,164,35,2664,328,865.66,81.82,1.0
9407,197,9,2697,394,865.66,115.76,1.0
9408,133,45,2633,266,865.65,72.5,1.0
9409,152,41,2652,304,865.63,79.12,1.0
9410,8,27,2508,16,865.48,65.33,1.0
9411,261,53,2761,522,865.47,90.04,1.0
9412,108,8,2608,216,865.43,102.77,1.0
9413,135,44,2635,270,865.42,72.86,1.0
9414,148,35,2648,296,865.41,76.52,1.0
9415,240,9,2740,480,865.36,130.27,1.0
9416,113,29,2613,226,865.33,72.05,1.0
9417,177,50,2677,354,865.33,83.65,1.0
9418,206,50,2706,412,865.32,87.58,1.0
9419,150,30,2650,300,865.31,74.06,1.0
9420,164,40,2664,328,865.29,81.37,1.0
9421,140,35,2640,280,865.25,77.7,1.0
9422,273,53,2773,546,865.24,94.02,1.0
9423,173,48,2673,346,865.19,81.92,1.0
9424,148,39,2648,296,865.17,75.13,1.0
9425,163,46,2663,326,865.14,80.98,1.0
9426,148,32,2648,296,865.12,74.71,1.0
9427,149,47,2649,298,865.12,75.88,1.0
9428,226,9,2726,452,865.12,131.61,1.0
9429,148,44,2648,296,865.11,76.87,1.0
9430,14,7,2514,28,865.07,76.33,1.0
9431,202,9,2702,404,865.07,119.05,1.0
9432,274,53,2774,548,865.06,97.42,1.0
9433,147,41,2647,294,865.05,80.1,1.0
9434,93,29,2593,186,865.04,74.95,1.0
9435,169,47,2669,338,865.03,79.13,1.0
9436,278,53,2778,556,865.01,97.08,1.0
9437,227,51,2727,454,865.0,88.64,1.0
9438,176,9,2676,352,864.98,121.07,1.0
9439,287,54,2787,574,864.96,103.47,1.0
9440,20,7,2520,40,864.95,81.54,1.0
9441,156,32,2656,312,864.93,75.14,1.0
9442,155,46,2655,310,864.92,80.73,1.0
9443,152,37,2652,304,864.87,76.6,1.0
9444,158,9,2658,316,864.84,114.09,1.0
9445,146,8,2646,292,864.82,107.47,1.0
9446,205,51,2705,410,864.81,89.5,1.0
9447,150,41,2650,300,864.78,75.66,1.0
9448,152,38,2652,304,864.76,80.95,1.0
9449,143,32,2643,286,864.75,75.11,1.0
9450,143,36,2643,286,864.73,74.47,1.0
9451,176,47,2676,352,864.73,81.79,1.0
9452,266,54,2766,532,864.73,96.27,1.0
9453,289,54,2789,578,864.72,101.24,1.0
9454,156,43,2656,312,864.7,76.83,1.0
9455,203,49,2703,406,864.58,86.55,1.0
9456,159,37,2659,318,864.5,75.47,1.0
9457,148,38,2648,296,864.49,76.69,1.0
9458,140,38,2640,280,864.49,78.34,1.0
9459,156,30,2656,312,864.49,77.57,1.0
9460,132,35,2632,264,864.46,76.46,1.0
9461,156,37,2656,312,864.45,74.79,1.0
9462,89,8,2589,178,864.44,101.22,1.0
9463,186,50,2686,372,864.43,83.48,1.0
9464,256,53,2756,512,864.43,92.19,1.0
9465,156,34,2656,312,864.41,77.72,1.0
9466,184,50,2684,368,864.41,84.05,1.0
9467,140,37,2640,280,864.4,77.62,1.0
9468,183,49,2683,366,864.39,81.69,1.0
9469,107,29,2607,214,864.35,74.06,1.0
9470,219,53,2719,438,864.28,88.46,1.0
9471,135,37,2635,270,864.25,78.53,1.0
9472,299,54,2799,598,864.24,99.56,1.0
9473,132,42,2632,264,864.23,76.36,1.0
9474,152,39,2652,304,864.22,77.89,1.0
9475,237,51,2737,474,864.21,90.34,1.0
9476,270,10,2770,540,864.18,131.43,1.0
9477,148,34,2648,296,864.17,77.75,1.0
9478,185,50,2685,370,864.17,82.27,1.0
9479,154,46,2654,308,864.16,77.07,1.0
9480,140,42,2640,280,864.15,79.77,1.0
9481,164,34,2664,328,864.13,80.94,1.0
9482,138,38,2638,276,864.11,71.83,1.0
9483,223,50,2723,446,864.09,92.61,1.0
9484,142,45,2642,284,864.07,76.16,1.0
9485,231,51,2731,462,864.03,92.05,1.0
9486,142,43,2642,284,863.99,76.8,1.0
9487,127,31,2627,254,863.96,73.07,1.0
9488,222,50,2722,444,863.94,87.11,1.0
9489,133,36,2633,266,863.93,75.81,1.0
9490,172,47,2672,344,863.93,75.03,1.0
9491,135,36,2635,270,863.92,80.12,1.0
9492,152,31,2652,304,863.91,81.59,1.0
9493,283,53,2783,566,863.91,100.26,1.0
9494,249,53,2749,498,863.89,94.66,1.0
9495,272,53,2772,544,863.88,95.32,1.0
9496,5,7,2505,10,863.86,73.78,1.0
9497,181,9,2681,362,863.83,117.66,1.0
9498,133,33,2633,266,863.81,71.84,1.0
9499,164,37,2664,328,863.81,83.01,1.0
9500,140,40,2640,280,863.79,80.37,1.0
9501,259,53,2759,518,863.76,99.39,1.0
9502,229,52,2729,458,863.74,88.95,1.0
9503,171,47,2671,342,863.73,79.79,1.0
9504,150,33,2650,300,863.72,73.4,1.0
9505,150,40,2650,300,863.7,75.45,1.0
9506,220,10,2720,440,863.61,123.53,1.0
9507,296,10,2796,592,863.57,136.17,1.0
9508,300,54,2800,600,863.56,101.54,1.0
9509,215,52,2715,430,863.53,89.39,1.0
9510,195,49,2695,390,863.52,89.8,1.0
9511,138,44,2638,276,863.49,74.97,1.0
9512,140,31,2640,280,863.49,78.98,1.0
9513,133,37,2633,266,863.44,70.96,1.0
9514,236,52,2736,472,863.4,89.76,1.0
9515,127,44,2627,254,863.3,76.95,1.0
9516,209,51,2709,418,863.27,88.37,1.0
9517,285,54,2785,570,863.26,98.82,1.0
9518,132,43,2632,264,863.24,74.5,1.0
9519,138,31,2638,276,863.23,73.27,1.0
9520,26,7,2526,52,863.22,81.07,1.0
9521,150,31,2650,300,863.17,76.0,1.0
9522,152,30,2652,304,863.17,77.31,1.0
9523,148,30,2648,296,863.14,76.14,1.0
9524,161,45,2661,322,863.13,79.65,1.0
9525,132,38,2632,264,863.1,75.79,1.0
9526,104,29,2604,208,863.08,73.34,1.0
9527,165,48,2665,330,863.05,82.22,1.0
9528,158,47,2658,316,863.04,78.66,1.0
9529,91,29,2591,182,863.02,76.44,1.0
9530,201,9,2701,402,863.01,126.41,1.0
9531,266,10,2766,532,863.0,132.79,1.0
9532,265,53,2765,530,862.99,92.13,1.0
9533,140,39,2640,280,862.97,79.54,1.0
9534,95,29,2595,190,862.96,72.14,1.0
9535,148,36,2648,296,862.96,77.46,1.0
9536,250,53,2750,500,862.96,92.15,1.0
9537,273,10,2773,546,862.94,135.47,1.0
9538,127,32,2627,254,862.92,76.8,1.0
9539,86,29,2586,172,862.9,74.47,1.0
9540,95,8,2595,190,862.87,101.1,1.0
9541,177,49,2677,354,862.82,80.81,1.0
9542,255,53,2755,510,862.82,94.89,1.0
9543,150,34,2650,300,862.81,75.0,1.0
9544,101,8,2601,202,862.79,103.31,1.0
9545,148,37,2648,296,862.78,75.74,1.0
9546,127,43,2627,254,862.77,74.0,1.0
9547,150,36,2650,300,862.77,73.93,1.0
9548,235,53,2735,470,862.73,92.4,1.0
9549,150,32,2650,300,862.7,76.37,1.0
9550,148,42,2648,296,862.68,76.37,1.0
9551,143,34,2643,286,862.67,77.59,1.0
9552,148,33,2648,296,862.65,77.92,1.0
9553,194,49,2694,388,862.65,85.48,1.0
9554,132,40,2632,264,862.62,78.27,1.0
9555,264,52,2764,528,862.61,89.87,1.0
9556,127,34,2627,254,862.6,75.91,1.0
9557,132,30,2632,264,862.6,76.71,1.0
9558,140,34,2640,280,862.6,77.8,1.0
9559,279,53,2779,558,862.58,96.86,1.0
9560,187,49,2687,374,862.55,83.0,1.0
9561,216,52,2716,432,862.54,88.29,1.0
9562,157,47,2657,314,862.51,78.69,1.0
9563,132,33,2632,264,862.48,76.9,1.0
9564,193,50,2693,386,862.47,87.52,1.0
9565,12,7,2512,24,862.45,76.55,1.0
9566,159,45,2659,318,862.38,76.38,1.0
9567,267,53,2767,534,862.38,98.13,1.0
9568,230,10,2730,460,862.36,125.75,1.0
9569,135,39,2635,270,862.32,78.82,1.0
9570,283,52,2783,566,862.32,99.67,1.0
9571,144,46,2644,288,862.24,80.89,1.0
9572,163,47,2663,326,862.22,81.68,1.0
9573,141,40,2641,282,862.19,80.19,1.0
9574,142,31,2642,284,862.19,78.38,1.0
9575,29,7,2529,58,862.11,88.53,1.0
9576,138,39,2638,276,862.11,75.02,1.0
9577,178,46,2678,356,862.07,80.97,1.0
9578,148,41,2648,296,861.98,75.38,1.0
9579,90,29,2590,180,861.97,71.03,1.0
9580,189,49,2689,378,861.92,84.68,1.0
9581,76,8,2576,152,861.89,96.41,1.0
9582,135,35,2635,270,861.89,74.59,1.0
9583,150,42,2650,300,861.85,73.37,1.0
9584,146,46,2646,292,861.85,78.92,1.0
9585,131,43,2631,262,861.84,77.52,1.0
9586,239,53,2739,478,861.84,92.27,1.0
9587,258,52,2758,516,861.83,88.96,1.0
9588,238,53,2738,476,861.82,92.3,1.0
9589,148,31,2648,296,861.8,75.23,1.0
9590,89,29,2589,178,861.72,72.64,1.0
9591,196,49,2696,392,861.71,83.57,1.0
9592,102,8,2602,204,861.69,100.94,1.0
9593,75,8,2575,150,861.66,100.58,1.0
9594,167,48,2667,334,861.66,79.3,1.0
9595,132,41,2632,264,861.65,73.04,1.0
9596,180,9,2680,360,861.63,123.41,1.0
9597,137,42,2637,274,861.59,77.17,1.0
9598,147,45,2647,294,861.59,79.36,1.0
9599,180,48,2680,360,861.59,84.09,1.0
9600,152,34,2652,304,861.58,76.28,1.0
9601,168,47,2668,336,861.57,80.73,1.0
9602,225,51,2725,450,861.55,91.05,1.0
9603,207,50,2707,414,861.55,87.07,1.0
9604,120,8,2620,240,861.53,108.66,1.0
9605,115,8,2615,230,861.52,108.3,1.0
9606,135,43,2635,270,861.52,77.73,1.0
9607,221,51,2721,442,861.51,90.5,1.0
9608,292,54,2792,584,861.51,98.66,1.0
9609,132,36,2632,264,861.5,75.71,1.0
9610,152,35,2652,304,861.49,79.6,1.0
9611,231,52,2731,462,861.47,92.38,1.0
9612,224,51,2724,448,861.46,86.57,1.0
9613,137,37,2637,274,861.44,78.29,1.0
9614,140,44,2640,280,861.43,78.83,1.0
9615,127,30,2627,254,861.42,76.11,1.0
9616,159,46,2659,318,861.38,81.47,1.0
9617,190,48,2690,380,861.36,85.46,1.0
9618,206,51,2706,412,861.36,92.18,1.0
9619,127,39,2627,254,861.34,75.44,1.0
9620,135,34,2635,270,861.34,77.97,1.0
9621,137,43,2637,274,861.23,78.38,1.0
9622,297,55,2797,594,861.23,102.14,1.0
9623,287,55,2787,574,861.15,98.52,1.0
9624,137,35,2637,274,861.14,77.43,1.0
9625,170,47,2670,340,861.13,82.93,1.0
9626,140,33,2640,280,861.11,77.29,1.0
9627,137,44,2637,274,861.1,76.09,1.0
9628,169,48,2669,338,861.1,84.33,1.0
9629,143,35,2643,286,861.06,77.07,1.0
9630,293,10,2793,586,861.05,140.49,1.0
9631,32,28,2532,64,861.02,67.43,1.0
9632,127,37,2627,254,861.01,75.95,1.0
9633,211,51,2711,422,860.99,87.54,1.0
9634,88,29,2588,176,860.96,71.4,1.0
9635,252,10,2752,504,860.96,135.3,1.0
9636,290,10,2790,580,860.95,138.89,1.0
9637,132,32,2632,264,860.9,76.55,1.0
9638,179,48,2679,358,860.9,86.79,1.0
9639,214,49,2714,428,860.9,90.34,1.0
9640,36,28,2536,72,860.81,69.53,1.0
9641,138,34,2638,276,860.78,73.15,1.0
9642,152,44,2652,304,860.76,79.35,1.0
9643,153,46,2653,306,860.75,78.75,1.0
9644,44,7,2544,88,860.69,84.67,1.0
9645,148,45,2648,296,860.69,77.43,1.0
9646,141,36,2641,282,860.66,79.17,1.0
9647,243,53,2743,486,860.64,93.53,1.0
9648,150,44,2650,300,860.58,75.3,1.0
9649,137,36,2637,274,860.56,76.3,1.0
9650,42,28,2542,84,860.55,70.49,1.0
9651,127,38,2627,254,860.51,76.05,1.0
9652,30,7,2530,60,860.5,86.16,1.0
9653,186,51,2686,372,860.5,84.18,1.0
9654,162,47,2662,324,860.46,73.75,1.0
9655,71,29,2571,142,860.43,71.45,1.0
9656,138,43,2638,276,860.41,75.69,1.0
9657,242,51,2742,484,860.4,87.75,1.0
9658,138,41,2638,276,860.35,73.62,1.0
9659,141,43,2641,282,860.35,79.21,1.0
9660,293,54,2793,586,860.35,96.56,1.0
9661,160,9,2660,320,860.31,113.6,1.0
9662,135,38,2635,270,860.27,75.33,1.0
9663,152,42,2652,304,860.26,77.81,1.0
9664,135,42,2635,270,860.25,75.87,1.0
9665,22,7,2522,44,860.19,78.72,1.0
9666,138,40,2638,276,860.17,76.16,1.0
9667,150,43,2650,300,860.16,73.34,1.0
9668,152,36,2652,304,860.12,79.8,1.0
9669,127,35,2627,254,860.1,72.62,1.0
9670,138,30,2638,276,860.09,76.72,1.0
9671,183,50,2683,366,860.09,86.61,1.0
9672,140,32,2640,280,860.07,73.9,1.0
9673,217,50,2717,434,860.06,92.4,1.0
9674,290,54,2790,580,860.06,100.78,1.0
9675,149,48,2649,298,860.04,79.48,1.0
9676,143,33,2643,286,860.04,72.26,1.0
9677,245,54,2745,490,860.02,94.45,1.0
9678,202,50,2702,404,859.98,87.37,1.0
9679,294,54,2794,588,859.95,97.73,1.0
9680,164,39,2664,328,859.93,83.44,1.0
9681,241,51,2741,482,859.92,99.15,1.0
9682,28,7,2528,56,859.87,80.21,1.0
9683,135,31,2635,270,859.85,76.45,1.0
9684,135,32,2635,270,859.84,72.17,1.0
9685,138,42,2638,276,859.84,76.52,1.0
9686,233,53,2733,466,859.84,87.4,1.0
9687,98,29,2598,196,859.82,72.81,1.0
9688,140,30,2640,280,859.81,79.65,1.0
9689,194,50,2694,388,859.81,86.28,1.0
9690,141,38,2641,282,859.8,76.0,1.0
9691,96,8,2596,192,859.78,104.19,1.0
9692,127,36,2627,254,859.77,75.71,1.0
9693,137,33,2637,274,859.77,75.19,1.0
9694,135,30,2635,270,859.76,76.74,1.0
9695,205,52,2705,410,859.76,88.77,1.0
9696,222,51,2722,444,859.76,87.07,1.0
9697,135,40,2635,270,859.74,75.48,1.0
9698,214,50,2714,428,859.69,87.52,1.0
9699,269,53,2769,538,859.69,96.71,1.0
9700,114,8,2614,228,859.67,105.82,1.0
9701,127,41,2627,254,859.65,75.03,1.0
9702,143,40,2643,286,859.64,76.13,1.0
9703,138,32,2638,276,859.59,72.96,1.0
9704,106,29,2606,212,859.57,72.32,1.0
9705,150,39,2650,300,859.51,76.24,1.0
9706,132,39,2632,264,859.51,76.9,1.0
9707,131,39,2631,262,859.44,76.94,1.0
9708,148,40,2648,296,859.4,75.88,1.0
9709,212,51,2712,424,859.39,87.89,1.0
9710,127,42,2627,254,859.38,76.44,1.0
9711,41,28,2541,82,859.34,66.94,1.0
9712,141,35,2641,282,859.33,79.61,1.0
9713,140,43,2640,280,859.31,79.22,1.0
9714,143,37,2643,286,859.3,74.38,1.0
9715,226,52,2726,452,859.28,88.83,1.0
9716,32,7,2532,64,859.26,82.7,1.0
9717,124,8,2624,248,859.19,110.97,1.0
9718,156,46,2656,312,859.19,79.24,1.0
9719,141,39,2641,282,859.14,81.94,1.0
9720,138,36,2638,276,859.09,73.6,1.0
9721,261,54,2761,522,859.07,94.95,1.0
9722,152,40,2652,304,859.03,79.56,1.0
9723,150,38,2650,300,859.01,74.3,1.0
9724,138,35,2638,276,858.99,73.3,1.0
9725,207,9,2707,414,858.93,123.47,1.0
9726,145,47,2645,290,858.89,75.36,1.0
9727,17,7,2517,34,858.88,77.93,1.0
9728,77,8,2577,154,858.86,96.18,1.0
9729,131,42,2631,262,858.86,78.38,1.0
9730,25,7,2525,50,858.81,83.21,1.0
9731,166,47,2666,332,858.79,78.81,1.0
9732,137,40,2637,274,858.78,75.48,1.0
9733,218,51,2718,436,858.78,86.88,1.0
9734,165,49,2665,330,858.76,85.29,1.0
9735,217,51,2717,434,858.75,88.87,1.0
9736,119,8,2619,238,858.66,106.34,1.0
9737,137,39,2637,274,858.66,77.22,1.0
9738,156,45,2656,312,858.66,76.42,1.0
9739,127,45,2627,254,858.65,74.05,1.0
9740,156,36,2656,312,858.63,78.3,1.0
9741,206,52,2706,412,858.63,89.55,1.0
9742,99,8,2599,198,858.57,104.08,1.0
9743,143,43,2643,286,858.57,73.02,1.0
9744,150,37,2650,300,858.56,75.23,1.0
9745,132,31,2632,264,858.54,77.68,1.0
9746,201,50,2701,402,858.5,88.46,1.0
9747,253,53,2753,506,858.48,91.95,1.0
9748,127,40,2627,254,858.47,75.49,1.0
9749,228,52,2728,456,858.46,85.67,1.0
9750,175,48,2675,350,858.45,80.5,1.0
9751,141,41,2641,282,858.4,77.78,1.0
9752,28,28,2528,56,858.37,65.39,1.0
9753,132,45,2632,264,858.36,79.36,1.0
9754,188,49,2688,376,858.32,81.8,1.0
9755,37,28,2537,74,858.25,67.29,1.0
9756,143,41,2643,286,858.2,75.95,1.0
9757,137,31,2637,274,858.17,75.44,1.0
9758,270,55,2770,540,858.17,95.74,1.0
9759,151,48,2651,302,858.12,83.68,1.0
9760,132,34,2632,264,858.08,76.89,1.0
9761,141,44,2641,282,858.08,82.55,1.0
9762,163,48,2663,326,858.08,85.45,1.0
9763,135,45,2635,270,858.07,78.25,1.0
9764,198,49,2698,396,858.07,86.98,1.0
9765,138,37,2638,276,858.06,74.76,1.0
9766,143,31,2643,286,858.05,75.51,1.0
9767,185,9,2685,370,858.02,120.75,1.0
9768,31,7,2531,62,857.99,87.83,1.0
9769,142,46,2642,284,857.99,77.68,1.0
9770,131,38,2631,262,857.92,79.74,1.0
9771,153,8,2653,306,857.92,111.98,1.0
9772,141,31,2641,282,857.87,81.56,1.0
9773,164,45,2664,328,857.83,83.64,1.0
9774,265,54,2765,530,857.82,98.78,1.0
9775,62,7,2562,124,857.81,90.26,1.0
9776,171,46,2671,342,857.8,79.71,1.0
9777,146,47,2646,292,857.75,78.04,1.0
9778,141,33,2641,282,857.73,79.2,1.0
9779,246,10,2746,492,857.72,132.89,1.0
9780,82,29,2582,164,857.7,69.41,1.0
9781,35,28,2535,70,857.68,68.04,1.0
9782,87,29,2587,174,857.66,73.38,1.0
9783,137,38,2637,274,857.64,75.35,1.0
9784,277,10,2777,554,857.64,136.45,1.0
9785,176,48,2676,352,857.62,81.94,1.0
9786,161,46,2661,322,857.58,85.06,1.0
9787,131,34,2631,262,857.57,76.29,1.0
9788,138,33,2638,276,857.56,76.54,1.0
9789,154,47,2654,308,857.53,77.4,1.0
9790,294,10,2794,588,857.53,135.36,1.0
9791,146,48,2646,292,857.48,80.52,1.0
9792,143,38,2643,286,857.47,76.29,1.0
9793,92,8,2592,184,857.45,102.36,1.0
9794,124,42,2624,248,857.42,74.99,1.0
9795,213,51,2713,426,857.41,91.09,1.0
9796,31,28,2531,62,857.38,66.11,1.0
9797,150,45,2650,300,857.37,73.35,1.0
9798,81,29,2581,162,857.31,73.63,1.0
9799,252,52,2752,504,857.26,94.18,1.0
9800,127,33,2627,254,857.25,74.88,1.0
9801,133,46,2633,266,857.23,76.82,1.0
9802,244,51,2744,488,857.23,95.98,1.0
9803,184,51,2684,368,857.22,79.97,1.0
9804,271,53,2771,542,857.22,99.14,1.0
9805,138,45,2638,276,857.13,74.29,1.0
9806,29,28,2529,58,857.12,68.44,1.0
9807,87,8,2587,174,857.12,100.33,1.0
9808,33,28,2533,66,857.09,68.72,1.0
9809,268,54,2768,536,857.04,93.03,1.0
9810,131,35,2631,262,857.02,75.66,1.0
9811,152,45,2652,304,857.02,78.87,1.0
9812,135,33,2635,270,857.0,76.78,1.0
9813,141,32,2641,282,857.0,78.44,1.0
9814,285,10,2785,570,857.0,134.51,1.0
9815,172,48,2672,344,856.98,83.14,1.0
9816,278,54,2778,556,856.93,94.54,1.0
9817,125,8,2625,250,856.92,103.28,1.0
9818,209,52,2709,418,856.91,87.54,1.0
9819,235,54,2735,470,856.85,93.01,1.0
9820,84,29,2584,168,856.83,71.98,1.0
9821,137,30,2637,274,856.82,78.39,1.0
9822,155,47,2655,310,856.81,81.8,1.0
9823,180,49,2680,360,856.79,86.33,1.0
9824,235,9,2735,470,856.73,126.31,1.0
9825,135,41,2635,270,856.71,77.44,1.0
9826,158,48,2658,316,856.69,79.24,1.0
9827,295,55,2795,590,856.66,107.22,1.0
9828,173,49,2673,346,856.59,84.57,1.0
9829,50,7,2550,100,856.57,89.41,1.0
9830,282,55,2782,564,856.53,103.98,1.0
9831,151,47,2651,302,856.5,78.61,1.0
9832,237,9,2737,474,856.5,129.54,1.0
9833,153,47,2653,306,856.49,80.34,1.0
9834,191,9,2691,382,856.49,123.38,1.0
9835,127,8,2627,254,856.47,106.69,1.0
9836,126,34,2626,252,856.45,79.14,1.0
9837,170,48,2670,340,856.44,84.33,1.0
9838,281,54,2781,562,856.43,99.69,1.0
9839,199,52,2699,398,856.4,89.7,1.0
9840,30,28,2530,60,856.39,69.62,1.0
9841,160,47,2660,320,856.39,79.27,1.0
9842,228,9,2728,456,856.37,126.76,1.0
9843,273,54,2773,546,856.35,97.74,1.0
9844,288,10,2788,576,856.34,144.17,1.0
9845,70,29,2570,140,856.33,71.01,1.0
9846,197,51,2697,394,856.31,84.71,1.0
9847,137,45,2637,274,856.29,78.19,1.0
9848,147,46,2647,294,856.26,76.23,1.0
9849,182,49,2682,364,856.25,85.77,1.0
9850,204,51,2704,408,856.25,87.49,1.0
9851,174,50,2674,348,856.24,83.72,1.0
9852,227,52,2727,454,856.23,94.47,1.0
9853,286,54,2786,572,856.23,99.39,1.0
9854,228,53,2728,456,856.19,95.53,1.0
9855,245,55,2745,490,856.19,92.68,1.0
9856,162,48,2662,324,856.18,79.34,1.0
9857,75,29,2575,150,856.16,70.84,1.0
9858,223,51,2723,446,856.14,92.31,1.0
9859,296,54,2796,592,856.1,103.29,1.0
9860,99,29,2599,198,856.05,75.83,1.0
9861,234,52,2734,468,856.04,91.71,1.0
9862,157,48,2657,314,856.02,78.92,1.0
9863,210,52,2710,420,856.02,88.92,1.0
9864,260,54,2760,520,856.01,95.78,1.0
9865,141,42,2641,282,855.92,77.65,1.0
9866,291,10,2791,582,855.87,152.01,1.0
9867,263,53,2763,526,855.85,95.66,1.0
9868,131,30,2631,262,855.83,76.03,1.0
9869,219,54,2719,438,855.79,91.32,1.0
9870,181,49,2681,362,855.75,78.11,1.0
9871,280,54,2780,560,855.75,98.39,1.0
9872,131,40,2631,262,855.74,79.53,1.0
9873,171,48,2671,342,855.74,81.51,1.0
9874,124,34,2624,248,855.73,75.97,1.0
9875,104,8,2604,208,855.69,106.89,1.0
9876,141,34,2641,282,855.68,81.84,1.0
9877,191,50,2691,382,855.66,85.26,1.0
9878,193,51,2693,386,855.66,86.11,1.0
9879,212,52,2712,424,855.65,86.94,1.0
9880,264,10,2764,528,855.64,135.25,1.0
9881,213,9,2713,426,855.63,138.72,1.0
9882,190,9,2690,380,855.62,121.53,1.0
9883,137,32,2637,274,855.59,75.59,1.0
9884,154,48,2654,308,855.57,77.95,1.0
9885,132,46,2632,264,855.5,80.41,1.0
9886,137,34,2637,274,855.49,79.34,1.0
9887,126,37,2626,252,855.47,78.22,1.0
9888,162,49,2662,324,855.42,80.07,1.0
9889,122,8,2622,244,855.41,106.79,1.0
9890,8,7,2508,16,855.4,75.65,1.0
9891,247,9,2747,494,855.39,129.77,1.0
9892,218,52,2718,436,855.38,84.26,1.0
9893,236,53,2736,472,855.38,94.04,1.0
9894,223,52,2723,446,855.34,93.48,1.0
9895,131,32,2631,262,855.3,77.55,1.0
9896,134,8,2634,268,855.29,104.8,1.0
9897,140,45,2640,280,855.27,79.7,1.0
9898,53,7,2553,106,855.22,85.35,1.0
9899,27,28,2527,54,855.21,67.95,1.0
9900,141,30,2641,282,855.21,77.51,1.0
9901,178,47,2678,356,855.21,81.29,1.0
9902,277,53,2777,554,855.19,93.99,1.0
9903,286,10,2786,572,855.13,139.91,1.0
9904,152,46,2652,304,855.09,80.54,1.0
9905,242,10,2742,484,855.08,127.92,1.0
9906,118,8,2618,236,855.05,102.63,1.0
9907,131,41,2631,262,855.03,77.37,1.0
9908,167,49,2667,334,855.03,82.08,1.0
9909,55,7,2555,110,855.02,85.97,1.0
9910,284,55,2784,568,855.02,103.54,1.0
9911,275,54,2775,550,855.0,98.58,1.0
9912,124,32,2624,248,854.97,76.1,1.0
9913,80,29,2580,160,854.95,74.69,1.0
9914,126,35,2626,252,854.95,78.27,1.0
9915,127,46,2627,254,854.95,76.26,1.0
9916,51,7,2551,102,854.93,89.03,1.0
9917,120,44,2620,240,854.92,76.35,1.0
9918,25,28,2525,50,854.9,65.83,1.0
9919,120,36,2620,240,854.9,76.82,1.0
9920,230,51,2730,460,854.88,94.85,1.0
9921,192,50,2692,384,854.87,80.11,1.0
9922,254,53,2754,508,854.86,95.3,1.0
9923,131,37,2631,262,854.83,77.84,1.0
9924,183,51,2683,366,854.81,88.45,1.0
9925,246,52,2746,492,854.76,94.83,1.0
9926,255,54,2755,510,854.74,96.49,1.0
9927,143,42,2643,286,854.71,75.35,1.0
9928,129,38,2629,258,854.7,78.84,1.0
9929,21,28,2521,42,854.68,68.08,1.0
9930,265,9,2765,530,854.68,134.22,1.0
9931,139,39,2639,278,854.59,79.39,1.0
9932,256,54,2756,512,854.59,97.49,1.0
9933,147,47,2647,294,854.57,80.2,1.0
9934,290,55,2790,580,854.57,100.82,1.0
9935,124,35,2624,248,854.56,78.89,1.0
9936,298,10,2798,596,854.55,136.36,1.0
9937,272,54,2772,544,854.52,100.85,1.0
9938,131,31,2631,262,854.51,78.18,1.0
9939,133,47,2633,266,854.44,80.65,1.0
9940,126,41,2626,252,854.42,76.81,1.0
9941,208,52,2708,416,854.4,86.8,1.0
9942,139,36,2639,278,854.38,80.48,1.0
9943,134,34,2634,268,854.37,73.07,1.0
9944,42,7,2542,84,854.35,87.59,1.0
9945,196,9,2696,392,854.35,124.8,1.0
9946,124,39,2624,248,854.29,74.08,1.0
9947,248,54,2748,496,854.28,97.39,1.0
9948,141,37,2641,282,854.25,82.8,1.0
9949,34,7,2534,68,854.24,84.01,1.0
9950,19,7,2519,38,854.22,82.34,1.0
9951,249,54,2749,498,854.22,96.39,1.0
9952,137,41,2637,274,854.2,77.25,1.0
9953,168,48,2668,336,854.2,82.9,1.0
9954,189,9,2689,378,854.18,121.06,1.0
9955,106,8,2606,212,854.17,106.0,1.0
9956,143,30,2643,286,854.09,72.43,1.0
9957,182,50,2682,364,854.09,81.98,1.0
9958,126,40,2626,252,854.08,75.44,1.0
9959,176,49,2676,352,854.06,84.41,1.0
9960,288,54,2788,576,854.06,100.48,1.0
9961,291,54,2791,582,854.06,100.44,1.0
9962,203,9,2703,406,854.04,130.48,1.0
9963,200,51,2700,400,854.02,89.43,1.0
9964,222,9,2722,444,854.02,128.24,1.0
9965,254,54,2754,508,854.02,101.27,1.0
9966,134,37,2634,268,854.01,70.6,1.0
9967,271,54,2771,542,853.99,96.09,1.0
9968,124,31,2624,248,853.95,75.19,1.0
9969,240,54,2740,480,853.95,95.22,1.0
9970,129,31,2629,258,853.94,74.65,1.0
9971,203,50,2703,406,853.94,89.81,1.0
9972,185,51,2685,370,853.91,87.16,1.0
9973,33,7,2533,66,853.88,81.61,1.0
9974,124,33,2624,248,853.87,73.72,1.0
9975,257,54,2757,514,853.87,98.68,1.0
9976,71,7,2571,142,853.84,92.54,1.0
9977,153,48,2653,306,853.84,80.69,1.0
9978,129,42,2629,258,853.83,77.18,1.0
9979,174,51,2674,348,853.83,83.8,1.0
9980,130,33,2630,260,853.81,78.58,1.0
9981,274,10,2774,548,853.8,139.0,1.0
9982,118,33,2618,236,853.77,75.33,1.0
9983,140,46,2640,280,853.77,79.8,1.0
9984,61,7,2561,122,853.75,90.01,1.0
9985,226,53,2726,452,853.71,93.52,1.0
9986,210,53,2710,420,853.65,95.21,1.0
9987,135,46,2635,270,853.63,80.16,1.0
9988,134,30,2634,268,853.63,71.49,1.0
9989,266,55,2766,532,853.54,97.86,1.0
9990,205,53,2705,410,853.5,91.99,1.0
9991,244,52,2744,488,853.5,96.83,1.0
9992,134,44,2634,268,853.49,74.49,1.0
9993,141,45,2641,282,853.49,76.53,1.0
9994,195,50,2695,390,853.38,88.87,1.0
9995,118,32,2618,236,853.35,72.71,1.0
9996,211,9,2711,422,853.35,119.97,1.0
9997,118,31,2618,236,853.33,73.9,1.0
9998,267,10,2767,534,853.32,137.06,1.0
9999,142,8,2642,284,853.28,109.34,1.0
10000,201,51,2701,402,853.27,90.84,1.0
10001,164,9,2664,328,853.23,118.93,1.0
10002,295,56,2795,590,853.19,103.54,1.0
10003,159,47,2659,318,853.17,80.19,1.0
10004,109,8,2609,218,853.15,108.28,1.0
10005,198,50,2698,396,853.15,84.11,1.0
10006,169,49,2669,338,853.1,82.45,1.0
10007,149,49,2649,298,853.02,78.43,1.0
10008,38,7,2538,76,853.0,90.66,1.0
10009,134,35,2634,268,853.0,77.33,1.0
10010,125,40,2625,250,852.96,72.81,1.0
10011,120,42,2620,240,852.9,75.99,1.0
10012,209,53,2709,418,852.83,84.17,1.0
10013,126,39,2626,252,852.79,77.19,1.0
10014,124,43,2624,248,852.74,72.73,1.0
10015,36,7,2536,72,852.73,86.47,1.0
10016,175,49,2675,350,852.73,77.86,1.0
10017,129,35,2629,258,852.72,76.69,1.0
10018,131,36,2631,262,852.72,79.64,1.0
10019,145,48,2645,290,852.71,78.46,1.0
10020,242,52,2742,484,852.67,95.16,1.0
10021,130,43,2630,260,852.66,77.06,1.0
10022,132,8,2632,264,852.66,110.65,1.0
10023,68,29,2568,136,852.65,69.51,1.0
10024,78,29,2578,156,852.63,73.91,1.0
10025,124,41,2624,248,852.63,76.76,1.0
10026,143,44,2643,286,852.6,72.74,1.0
10027,211,52,2711,422,852.6,88.37,1.0
10028,124,36,2624,248,852.59,74.57,1.0
10029,124,37,2624,248,852.59,75.91,1.0
10030,280,10,2780,560,852.59,131.29,1.0
10031,134,40,2634,268,852.51,79.05,1.0
10032,255,9,2755,510,852.51,128.26,1.0
10033,54,7,2554,108,852.5,91.22,1.0
10034,123,31,2623,246,852.45,77.24,1.0
10035,143,39,2643,286,852.41,74.84,1.0
10036,197,52,2697,394,852.41,84.46,1.0
10037,118,43,2618,236,852.4,73.69,1.0
10038,186,52,2686,372,852.38,88.78,1.0
10039,179,49,2679,358,852.36,80.9,1.0
10040,257,9,2757,514,852.36,137.45,1.0
10041,119,38,2619,238,852.34,74.19,1.0
10042,1,28,2501,2,852.3,65.51,1.0
10043,113,8,2613,226,852.3,106.48,1.0
10044,204,9,2704,408,852.3,120.43,1.0
10045,70,7,2570,140,852.28,88.84,1.0
10046,130,35,2630,260,852.22,76.74,1.0
10047,65,29,2565,130,852.18,69.16,1.0
10048,134,33,2634,268,852.17,78.23,1.0
10049,129,30,2629,258,852.16,79.5,1.0
10050,144,47,2644,288,852.15,77.51,1.0
10051,26,28,2526,52,852.13,69.21,1.0
10052,126,32,2626,252,852.12,76.01,1.0
10053,129,34,2629,258,852.1,78.88,1.0
10054,142,47,2642,284,852.1,81.94,1.0
10055,124,30,2624,248,852.05,77.59,1.0
10056,126,33,2626,252,852.05,74.03,1.0
10057,247,54,2747,494,852.03,97.58,1.0
10058,43,7,2543,86,852.02,86.42,1.0
10059,126,36,2626,252,852.02,82.98,1.0
10060,171,9,2671,342,851.97,112.07,1.0
10061,64,7,2564,128,851.96,91.7,1.0
10062,118,36,2618,236,851.95,76.4,1.0
10063,134,41,2634,268,851.92,74.71,1.0
10064,124,38,2624,248,851.91,75.42,1.0
10065,131,33,2631,262,851.88,78.45,1.0
10066,251,54,2751,502,851.87,97.56,1.0
10067,118,30,2618,236,851.8,76.19,1.0
10068,298,54,2798,596,851.8,103.26,1.0
10069,189,50,2689,378,851.77,88.63,1.0
10070,134,31,2634,268,851.76,75.36,1.0
10071,207,51,2707,414,851.75,87.32,1.0
10072,200,9,2700,400,851.74,123.21,1.0
10073,125,34,2625,250,851.72,75.2,1.0
10074,216,9,2716,432,851.68,122.25,1.0
10075,118,44,2618,236,851.67,75.92,1.0
10076,238,54,2738,476,851.67,93.87,1.0
10077,258,53,2758,516,851.66,89.97,1.0
10078,112,8,2612,224,851.64,98.63,1.0
10079,229,53,2729,458,851.64,93.82,1.0
10080,130,32,2630,260,851.63,78.14,1.0
10081,151,49,2651,302,851.63,81.27,1.0
10082,215,53,2715,430,851.59,90.52,1.0
10083,125,38,2625,250,851.57,76.34,1.0
10084,129,32,2629,258,851.57,77.32,1.0
10085,261,55,2761,522,851.55,98.65,1.0
10086,157,49,2657,314,851.51,82.0,1.0
10087,24,28,2524,48,851.5,66.41,1.0
10088,163,49,2663,326,851.48,84.23,1.0
10089,198,9,2698,396,851.47,124.93,1.0
10090,241,52,2741,482,851.47,101.84,1.0
10091,264,53,2764,528,851.45,98.2,1.0
10092,129,36,2629,258,851.42,78.07,1.0
10093,217,52,2717,434,851.41,88.81,1.0
10094,119,33,2619,238,851.4,76.66,1.0
10095,190,49,2690,380,851.4,85.35,1.0
10096,118,40,2618,236,851.34,73.16,1.0
10097,119,36,2619,238,851.33,75.2,1.0
10098,134,42,2634,268,851.33,76.25,1.0
10099,156,48,2656,312,851.31,81.75,1.0
10100,120,41,2620,240,851.29,75.15,1.0
10101,114,43,2614,228,851.28,76.03,1.0
10102,23,28,2523,46,851.27,67.72,1.0
10103,123,36,2623,246,851.27,77.69,1.0
10104,118,42,2618,236,851.26,75.46,1.0
10105,232,53,2732,464,851.26,90.18,1.0
10106,228,54,2728,456,851.25,91.4,1.0
10107,107,8,2607,214,851.23,105.3,1.0
10108,120,43,2620,240,851.2,80.01,1.0
10109,150,46,2650,300,851.16,77.8,1.0
10110,130,36,2630,260,851.15,80.19,1.0
10111,160,48,2660,320,851.13,78.3,1.0
10112,124,44,2624,248,851.11,75.2,1.0
10113,120,35,2620,240,851.11,75.31,1.0
10114,126,38,2626,252,851.1,76.29,1.0
10115,134,39,2634,268,851.09,75.91,1.0
10116,188,50,2688,376,851.07,84.63,1.0
10117,130,37,2630,260,851.06,79.63,1.0
10118,184,52,2684,368,851.03,88.9,1.0
10119,259,54,2759,518,850.99,100.05,1.0
10120,292,55,2792,584,850.99,102.33,1.0
10121,118,35,2618,236,850.97,74.08,1.0
10122,131,44,2631,262,850.97,78.7,1.0
10123,221,52,2721,442,850.95,92.64,1.0
10124,233,9,2733,466,850.95,130.03,1.0
10125,276,54,2776,552,850.95,100.03,1.0
10126,146,49,2646,292,850.91,79.59,1.0
10127,230,52,2730,460,850.91,94.21,1.0
10128,114,44,2614,228,850.87,71.78,1.0
10129,125,31,2625,250,850.86,73.95,1.0
10130,164,46,2664,328,850.85,80.38,1.0
10131,252,53,2752,504,850.8,97.39,1.0
10132,15,28,2515,30,850.78,66.35,1.0
10133,122,42,2622,244,850.78,74.67,1.0
10134,188,51,2688,376,850.77,87.24,1.0
10135,289,55,2789,578,850.76,105.2,1.0
10136,177,51,2677,354,850.75,84.07,1.0
10137,13,7,2513,26,850.71,78.01,1.0
10138,130,42,2630,260,850.71,77.16,1.0
10139,125,30,2625,250,850.7,72.87,1.0
10140,129,41,2629,258,850.7,78.21,1.0
10141,203,51,2703,406,850.69,93.79,1.0
10142,180,50,2680,360,850.65,88.14,1.0
10143,250,9,2750,500,850.65,131.99,1.0
10144,130,34,2630,260,850.63,80.55,1.0
10145,194,9,2694,388,850.62,117.63,1.0
10146,125,36,2625,250,850.61,76.59,1.0
10147,161,47,2661,322,850.59,78.43,1.0
10148,122,38,2622,244,850.58,76.41,1.0
10149,136,31,2636,272,850.58,79.02,1.0
10150,124,40,2624,248,850.54,75.75,1.0
10151,192,51,2692,384,850.54,86.55,1.0
10152,223,9,2723,446,850.52,129.41,1.0
10153,120,33,2620,240,850.5,74.65,1.0
10154,64,29,2564,128,850.48,72.29,1.0
10155,158,49,2658,316,850.44,82.84,1.0
10156,239,54,2739,478,850.44,96.17,1.0
10157,126,44,2626,252,850.42,76.86,1.0
10158,156,47,2656,312,850.41,78.54,1.0
10159,216,53,2716,432,850.41,89.86,1.0
10160,139,30,2639,278,850.4,78.28,1.0
10161,130,41,2630,260,850.37,79.71,1.0
10162,111,8,2611,222,850.33,107.09,1.0
10163,126,30,2626,252,850.32,77.75,1.0
10164,123,40,2623,246,850.28,74.33,1.0
10165,172,49,2672,344,850.28,78.11,1.0
10166,129,37,2629,258,850.19,76.09,1.0
10167,34,28,2534,68,850.16,69.31,1.0
10168,136,40,2636,272,850.15,76.57,1.0
10169,118,38,2618,236,850.14,73.18,1.0
10170,118,41,2618,236,850.14,74.2,1.0
10171,134,45,2634,268,850.14,76.78,1.0
10172,114,34,2614,228,850.12,72.3,1.0
10173,136,36,2636,272,850.12,76.12,1.0
10174,227,53,2727,454,850.11,89.77,1.0
10175,126,43,2626,252,850.09,77.79,1.0
10176,119,42,2619,238,850.08,75.68,1.0
10177,139,42,2639,278,850.08,78.05,1.0
10178,83,29,2583,166,850.07,72.2,1.0
10179,120,40,2620,240,850.06,73.28,1.0
10180,120,30,2620,240,850.03,76.68,1.0
10181,130,30,2630,260,850.02,75.09,1.0
10182,188,9,2688,376,850.02,117.81,1.0
10183,119,30,2619,238,850.0,75.85,1.0
10184,279,54,2779,558,849.99,97.88,1.0
10185,149,50,2649,298,849.98,77.9,1.0
10186,182,51,2682,364,849.98,82.76,1.0
10187,114,40,2614,228,849.96,72.09,1.0
10188,125,37,2625,250,849.94,78.0,1.0
10189,130,40,2630,260,849.94,77.99,1.0
10190,164,47,2664,328,849.94,83.18,1.0
10191,136,32,2636,272,849.92,78.37,1.0
10192,120,37,2620,240,849.9,77.4,1.0
10193,63,29,2563,126,849.85,72.42,1.0
10194,129,39,2629,258,849.84,74.46,1.0
10195,134,32,2634,268,849.84,75.91,1.0
10196,129,40,2629,258,849.82,80.12,1.0
10197,162,50,2662,324,849.79,78.23,1.0
10198,119,39,2619,238,849.75,73.0,1.0
10199,134,36,2634,268,849.74,72.25,1.0
10200,168,49,2668,336,849.74,80.04,1.0
10201,143,45,2643,286,849.69,73.13,1.0
10202,122,30,2622,244,849.63,76.01,1.0
10203,211,53,2711,422,849.63,89.75,1.0
10204,52,7,2552,104,849.62,87.76,1.0
10205,122,32,2622,244,849.62,74.2,1.0
10206,262,55,2762,524,849.59,102.4,1.0
10207,153,49,2653,306,849.56,83.42,1.0
10208,129,33,2629,258,849.55,76.64,1.0
10209,130,44,2630,260,849.55,79.2,1.0
10210,148,46,2648,296,849.55,74.83,1.0
10211,202,51,2702,404,849.53,88.99,1.0
10212,119,40,2619,238,849.51,73.15,1.0
10213,117,8,2617,234,849.5,105.27,1.0
10214,243,9,2743,486,849.45,132.0,1.0
10215,24,7,2524,48,849.44,87.56,1.0
10216,37,7,2537,74,849.44,82.79,1.0
10217,130,31,2630,260,849.43,80.11,1.0
10218,73,29,2573,146,849.42,70.88,1.0
10219,125,41,2625,250,849.42,74.81,1.0
10220,45,7,2545,90,849.39,82.97,1.0
10221,190,50,2690,380,849.39,86.16,1.0
10222,123,32,2623,246,849.38,74.5,1.0
10223,114,36,2614,228,849.38,75.26,1.0
10224,249,9,2749,498,849.35,136.31,1.0
10225,136,43,2636,272,849.33,80.06,1.0
10226,232,9,2732,464,849.33,130.12,1.0
10227,258,10,2758,516,849.31,132.27,1.0
10228,141,46,2641,282,849.3,79.0,1.0
10229,250,54,2750,500,849.3,99.34,1.0
10230,154,49,2654,308,849.29,83.48,1.0
10231,187,50,2687,374,849.28,88.94,1.0
10232,123,34,2623,246,849.27,77.09,1.0
10233,114,31,2614,228,849.27,73.47,1.0
10234,139,43,2639,278,849.26,78.8,1.0
10235,138,46,2638,276,849.24,75.81,1.0
10236,123,39,2623,246,849.23,73.6,1.0
10237,120,38,2620,240,849.23,78.21,1.0
10238,145,49,2645,290,849.2,76.39,1.0
10239,119,32,2619,238,849.18,75.32,1.0
10240,66,29,2566,132,849.17,70.02,1.0
10241,120,32,2620,240,849.16,75.87,1.0
10242,239,9,2739,478,849.13,126.44,1.0
10243,118,37,2618,236,849.12,75.21,1.0
10244,167,50,2667,334,849.12,80.49,1.0
10245,125,43,2625,250,849.07,74.17,1.0
10246,18,28,2518,36,849.05,65.46,1.0
10247,254,9,2754,508,849.05,138.31,1.0
10248,155,48,2655,310,849.04,84.54,1.0
10249,139,37,2639,278,849.03,79.89,1.0
10250,174,52,2674,348,848.97,85.07,1.0
10251,148,47,2648,296,848.96,77.23,1.0
10252,139,31,2639,278,848.95,77.36,1.0
10253,240,55,2740,480,848.95,92.75,1.0
10254,285,55,2785,570,848.95,100.89,1.0
10255,181,50,2681,362,848.92,80.06,1.0
10256,186,53,2686,372,848.91,86.17,1.0
10257,161,48,2661,322,848.87,81.71,1.0
10258,213,52,2713,426,848.8,91.05,1.0
10259,126,31,2626,252,848.76,77.76,1.0
10260,155,49,2655,310,848.76,85.86,1.0
10261,123,37,2623,246,848.74,76.25,1.0
10262,120,39,2620,240,848.74,74.87,1.0
10263,129,45,2629,258,848.72,75.33,1.0
10264,136,33,2636,272,848.71,81.14,1.0
10265,139,40,2639,278,848.71,78.38,1.0
10266,40,28,2540,80,848.68,69.83,1.0
10267,128,32,2628,256,848.67,75.56,1.0
10268,115,31,2615,230,848.66,76.18,1.0
10269,120,34,2620,240,848.65,74.73,1.0
10270,149,51,2649,298,848.64,78.9,1.0
10271,196,50,2696,392,848.63,87.55,1.0
10272,268,55,2768,536,848.63,101.79,1.0
10273,291,55,2791,582,848.6,101.75,1.0
10274,195,51,2695,390,848.53,92.51,1.0
10275,118,34,2618,236,848.51,74.87,1.0
10276,129,44,2629,258,848.51,77.55,1.0
10277,136,39,2636,272,848.51,73.55,1.0
10278,140,47,2640,280,848.48,80.99,1.0
10279,122,34,2622,244,848.47,78.41,1.0
10280,119,31,2619,238,848.44,74.18,1.0
10281,198,51,2698,396,848.37,86.93,1.0
10282,200,52,2700,400,848.36,89.93,1.0
10283,237,52,2737,474,848.36,96.66,1.0
10284,234,53,2734,468,848.34,96.1,1.0
10285,136,41,2636,272,848.31,75.19,1.0
10286,123,41,2623,246,848.28,76.91,1.0
10287,114,39,2614,228,848.28,71.28,1.0
10288,234,9,2734,468,848.25,131.69,1.0
10289,139,38,2639,278,848.24,77.43,1.0
10290,169,50,2669,338,848.24,79.1,1.0
10291,125,39,2625,250,848.22,75.13,1.0
10292,119,44,2619,238,848.21,73.88,1.0
10293,125,32,2625,250,848.21,77.07,1.0
10294,139,44,2639,278,848.21,77.56,1.0
10295,72,29,2572,144,848.2,71.72,1.0
10296,123,35,2623,246,848.2,77.56,1.0
10297,124,45,2624,248,848.2,75.13,1.0
10298,119,43,2619,238,848.19,76.01,1.0
10299,123,38,2623,246,848.19,76.72,1.0
10300,159,48,2659,318,848.19,81.08,1.0
10301,157,8,2657,314,848.18,113.62,1.0
10302,226,54,2726,452,848.17,93.4,1.0
10303,173,50,2673,346,848.16,82.71,1.0
10304,175,50,2675,350,848.16,81.34,1.0
10305,149,8,2649,298,848.15,114.31,1.0
10306,209,54,2709,418,848.13,89.15,1.0
10307,222,52,2722,444,848.13,88.81,1.0
10308,118,39,2618,236,848.11,77.52,1.0
10309,234,54,2734,468,848.1,92.42,1.0
10310,160,49,2660,320,848.07,78.91,1.0
10311,170,49,2670,340,848.07,88.17,1.0
10312,114,38,2614,228,848.04,74.52,1.0
10313,108,42,2608,216,848.03,73.79,1.0
10314,20,28,2520,40,848.01,68.81,1.0
10315,150,47,2650,300,847.98,78.45,1.0
10316,123,45,2623,246,847.97,74.91,1.0
10317,144,48,2644,288,847.97,80.04,1.0
10318,134,38,2634,268,847.96,73.87,1.0
10319,92,29,2592,184,847.93,74.64,1.0
10320,139,33,2639,278,847.9,76.77,1.0
10321,253,54,2753,506,847.9,93.24,1.0
10322,135,47,2635,270,847.88,79.26,1.0
10323,176,50,2676,352,847.87,83.99,1.0
10324,65,7,2565,130,847.86,96.03,1.0
10325,39,28,2539,78,847.85,68.01,1.0
10326,297,56,2797,594,847.85,104.37,1.0
10327,139,35,2639,278,847.81,79.87,1.0
10328,123,44,2623,246,847.78,76.74,1.0
10329,242,53,2742,484,847.76,92.44,1.0
10330,125,33,2625,250,847.75,76.72,1.0
10331,136,42,2636,272,847.75,75.63,1.0
10332,123,30,2623,246,847.71,73.31,1.0
10333,272,55,2772,544,847.7,100.09,1.0
10334,123,33,2623,246,847.69,75.27,1.0
10335,120,31,2620,240,847.69,78.73,1.0
10336,232,54,2732,464,847.69,93.55,1.0
10337,133,48,2633,266,847.67,76.41,1.0
10338,212,9,2712,424,847.67,123.8,1.0
10339,134,43,2634,268,847.65,71.44,1.0
10340,284,56,2784,568,847.63,100.99,1.0
10341,150,48,2650,300,847.62,75.43,1.0
10342,152,48,2652,304,847.62,83.61,1.0
10343,122,36,2622,244,847.61,77.2,1.0
10344,166,48,2666,332,847.57,81.69,1.0
10345,108,44,2608,216,847.56,73.67,1.0
10346,267,54,2767,534,847.55,99.31,1.0
10347,122,40,2622,244,847.48,76.4,1.0
10348,129,43,2629,258,847.46,76.49,1.0
10349,171,49,2671,342,847.43,83.4,1.0
10350,179,50,2679,358,847.43,84.01,1.0
10351,294,55,2794,588,847.43,105.18,1.0
10352,277,54,2777,554,847.41,100.71,1.0
10353,139,41,2639,278,847.4,74.94,1.0
10354,299,55,2799,598,847.39,99.76,1.0
10355,131,8,2631,262,847.35,113.44,1.0
10356,243,54,2743,486,847.31,94.08,1.0
10357,128,31,2628,256,847.3,75.65,1.0
10358,147,48,2647,294,847.27,80.78,1.0
10359,265,55,2765,530,847.21,99.35,1.0
10360,143,46,2643,286,847.18,77.86,1.0
10361,128,38,2628,256,847.17,78.13,1.0
10362,114,41,2614,228,847.16,73.83,1.0
10363,249,55,2749,498,847.16,91.89,1.0
10364,119,37,2619,238,847.15,74.32,1.0
10365,122,43,2622,244,847.15,76.15,1.0
10366,125,45,2625,250,847.12,77.86,1.0
10367,204,52,2704,408,847.11,91.56,1.0
10368,114,35,2614,228,847.08,74.76,1.0
10369,137,8,2637,274,847.08,107.37,1.0
10370,281,55,2781,562,847.06,100.14,1.0
10371,132,47,2632,264,847.05,77.32,1.0
10372,217,9,2717,434,847.02,132.26,1.0
10373,122,45,2622,244,847.01,78.36,1.0
10374,152,47,2652,304,846.99,79.31,1.0
10375,220,52,2720,440,846.96,86.83,1.0
10376,219,55,2719,438,846.92,95.94,1.0
10377,35,7,2535,70,846.88,86.6,1.0
10378,114,37,2614,228,846.86,76.89,1.0
10379,193,52,2693,386,846.81,88.17,1.0
10380,123,43,2623,246,846.79,74.94,1.0
10381,114,33,2614,228,846.79,73.06,1.0
10382,225,52,2725,450,846.79,93.96,1.0
10383,128,40,2628,256,846.76,76.85,1.0
10384,185,52,2685,370,846.74,86.97,1.0
10385,289,9,2789,578,846.74,138.34,1.0
10386,128,39,2628,256,846.71,75.29,1.0
10387,120,45,2620,240,846.7,79.23,1.0
10388,130,39,2630,260,846.66,76.36,1.0
10389,140,8,2640,280,846.65,112.45,1.0
10390,142,48,2642,284,846.65,77.18,1.0
10391,109,32,2609,218,846.63,74.68,1.0
10392,128,36,2628,256,846.62,75.12,1.0
10393,125,35,2625,250,846.61,76.89,1.0
10394,137,46,2637,274,846.61,80.3,1.0
10395,165,50,2665,330,846.61,86.39,1.0
10396,284,9,2784,568,846.6,140.25,1.0
10397,215,54,2715,430,846.56,95.68,1.0
10398,227,54,2727,454,846.53,90.27,1.0
10399,231,53,2731,462,846.53,92.77,1.0
10400,283,54,2783,566,846.53,96.1,1.0
10401,73,7,2573,146,846.52,94.0,1.0
10402,59,7,2559,118,846.51,87.02,1.0
10403,178,48,2678,356,846.51,80.25,1.0
10404,60,7,2560,120,846.5,91.48,1.0
10405,17,28,2517,34,846.5,64.2,1.0
10406,157,50,2657,314,846.5,81.16,1.0
10407,177,52,2677,354,846.5,85.89,1.0
10408,273,55,2773,546,846.49,96.97,1.0
10409,119,34,2619,238,846.45,72.39,1.0
10410,131,46,2631,262,846.45,76.85,1.0
10411,127,47,2627,254,846.43,77.99,1.0
10412,130,38,2630,260,846.42,74.45,1.0
10413,224,52,2724,448,846.41,91.23,1.0
10414,199,53,2699,398,846.4,86.95,1.0
10415,40,7,2540,80,846.39,86.18,1.0
10416,214,51,2714,428,846.32,91.12,1.0
10417,162,8,2662,324,846.31,108.45,1.0
10418,194,51,2694,388,846.29,87.07,1.0
10419,263,54,2763,526,846.25,97.64,1.0
10420,139,32,2639,278,846.23,78.43,1.0
10421,125,42,2625,250,846.22,77.05,1.0
10422,164,48,2664,328,846.18,89.66,1.0
10423,166,49,2666,332,846.18,79.23,1.0
10424,119,45,2619,238,846.15,78.46,1.0
10425,124,46,2624,248,846.03,75.74,1.0
10426,218,53,2718,436,846.03,88.6,1.0
10427,177,8,2677,354,846.02,118.35,1.0
10428,286,55,2786,572,846.01,100.0,1.0
10429,128,43,2628,256,846.0,78.72,1.0
10430,131,47,2631,262,846.0,77.19,1.0
10431,56,7,2556,112,845.99,95.36,1.0
10432,122,31,2622,244,845.99,75.04,1.0
10433,79,29,2579,158,845.95,71.1,1.0
10434,136,35,2636,272,845.92,78.0,1.0
10435,224,53,2724,448,845.92,91.58,1.0
10436,172,50,2672,344,845.91,83.96,1.0
10437,260,55,2760,520,845.91,100.31,1.0
10438,300,55,2800,600,845.84,103.06,1.0
10439,126,42,2626,252,845.81,79.28,1.0
10440,217,53,2717,434,845.8,95.89,1.0
10441,279,10,2779,558,845.79,131.0,1.0
10442,290,56,2790,580,845.77,102.44,1.0
10443,62,29,2562,124,845.71,71.28,1.0
10444,181,51,2681,362,845.7,82.65,1.0
10445,115,43,2615,230,845.66,73.57,1.0
10446,123,42,2623,246,845.65,76.42,1.0
10447,108,38,2608,216,845.65,75.16,1.0
10448,145,8,2645,290,845.63,108.53,1.0
10449,293,55,2793,586,845.63,99.33,1.0
10450,280,55,2780,560,845.56,102.74,1.0
10451,128,44,2628,256,845.5,75.81,1.0
10452,130,45,2630,260,845.47,74.31,1.0
10453,228,55,2728,456,845.44,94.09,1.0
10454,257,55,2757,514,845.44,99.14,1.0
10455,121,8,2621,242,845.42,111.54,1.0
10456,253,9,2753,506,845.41,131.75,1.0
10457,138,47,2638,276,845.4,76.83,1.0
10458,180,51,2680,360,845.35,82.46,1.0
10459,139,34,2639,278,845.34,80.57,1.0
10460,221,53,2721,442,845.34,90.01,1.0
10461,192,52,2692,384,845.31,84.69,1.0
10462,67,29,2567,134,845.27,71.16,1.0
10463,136,8,2636,272,845.27,111.75,1.0
10464,218,9,2718,436,845.27,123.39,1.0
10465,236,54,2736,472,845.26,93.36,1.0
10466,114,45,2614,228,845.22,75.11,1.0
10467,144,49,2644,288,845.22,80.98,1.0
10468,288,55,2788,576,845.22,97.57,1.0
10469,58,7,2558,116,845.17,91.36,1.0
10470,122,41,2622,244,845.13,75.9,1.0
10471,119,41,2619,238,845.12,73.75,1.0
10472,122,37,2622,244,845.11,74.04,1.0
10473,263,9,2763,526,845.1,131.71,1.0
10474,109,40,2609,218,845.09,72.99,1.0
10475,122,35,2622,244,845.05,74.74,1.0
10476,282,56,2782,564,845.05,106.94,1.0
10477,139,45,2639,278,845.04,80.51,1.0
10478,108,41,2608,216,845.02,75.02,1.0
10479,136,38,2636,272,844.9,73.93,1.0
10480,172,8,2672,344,844.88,118.1,1.0
10481,108,40,2608,216,844.86,76.2,1.0
10482,233,54,2733,466,844.84,93.13,1.0
10483,122,44,2622,244,844.82,75.01,1.0
10484,248,9,2748,496,844.81,133.13,1.0
10485,108,39,2608,216,844.77,75.45,1.0
10486,235,55,2735,470,844.74,92.38,1.0
10487,131,45,2631,262,844.71,78.79,1.0
10488,136,30,2636,272,844.7,77.28,1.0
10489,213,53,2713,426,844.67,92.45,1.0
10490,126,45,2626,252,844.64,77.34,1.0
10491,274,54,2774,548,844.63,101.97,1.0
10492,46,7,2546,92,844.62,86.81,1.0
10493,144,8,2644,288,844.62,111.5,1.0
10494,103,40,2603,206,844.6,72.49,1.0
10495,260,9,2760,520,844.58,135.0,1.0
10496,168,8,2668,336,844.5,118.55,1.0
10497,183,52,2683,366,844.5,83.21,1.0
10498,143,47,2643,286,844.46,76.39,1.0
10499,262,9,2762,524,844.46,128.41,1.0
10500,224,9,2724,448,844.44,128.89,1.0
10501,256,55,2756,512,844.41,99.66,1.0
10502,136,44,2636,272,844.36,78.53,1.0
10503,191,51,2691,382,844.35,89.84,1.0
10504,63,7,2563,126,844.33,91.06,1.0
10505,115,32,2615,230,844.33,75.09,1.0
10506,137,47,2637,274,844.32,76.14,1.0
10507,225,9,2725,450,844.3,125.96,1.0
10508,241,53,2741,482,844.3,99.33,1.0
10509,119,35,2619,238,844.28,78.9,1.0
10510,275,55,2775,550,844.28,96.81,1.0
10511,206,53,2706,412,844.21,95.82,1.0
10512,173,51,2673,346,844.2,83.54,1.0
10513,133,49,2633,266,844.19,77.68,1.0
10514,47,7,2547,94,844.15,84.87,1.0
10515,141,47,2641,282,844.14,83.49,1.0
10516,114,42,2614,228,844.09,74.22,1.0
10517,116,8,2616,232,844.08,105.06,1.0
10518,269,55,2769,538,844.08,101.12,1.0
10519,189,51,2689,378,844.04,88.49,1.0
10520,230,53,2730,460,844.03,94.23,1.0
10521,14,28,2514,28,844.02,63.58,1.0
10522,110,41,2610,220,844.02,73.64,1.0
10523,115,30,2615,230,844.02,73.73,1.0
10524,115,33,2615,230,844.01,74.93,1.0
10525,61,29,2561,122,843.97,73.04,1.0
10526,3,28,2503,6,843.95,65.63,1.0
10527,247,55,2747,494,843.93,99.33,1.0
10528,16,28,2516,32,843.92,67.75,1.0
10529,58,29,2558,116,843.91,69.46,1.0
10530,237,53,2737,474,843.85,95.69,1.0
10531,115,37,2615,230,843.82,73.13,1.0
10532,150,8,2650,300,843.77,112.34,1.0
10533,135,8,2635,270,843.77,112.65,1.0
10534,115,36,2615,230,843.75,77.13,1.0
10535,165,51,2665,330,843.72,83.3,1.0
10536,178,49,2678,356,843.7,86.14,1.0
10537,136,34,2636,272,843.69,75.83,1.0
10538,136,45,2636,272,843.69,78.8,1.0
10539,128,42,2628,256,843.68,79.42,1.0
10540,118,45,2618,236,843.66,75.21,1.0
10541,114,30,2614,228,843.66,73.96,1.0
10542,229,54,2729,458,843.65,89.41,1.0
10543,201,52,2701,402,843.64,86.4,1.0
10544,81,7,2581,162,843.62,95.34,1.0
10545,137,48,2637,274,843.56,80.51,1.0
10546,195,52,2695,390,843.55,86.72,1.0
10547,9,28,2509,18,843.52,63.86,1.0
10548,114,32,2614,228,843.47,73.23,1.0
10549,205,54,2705,410,843.44,90.51,1.0
10550,77,29,2577,154,843.37,73.57,1.0
10551,283,10,2783,566,843.35,137.13,1.0
10552,109,42,2609,218,843.34,74.44,1.0
10553,255,55,2755,510,843.33,98.31,1.0
10554,111,33,2611,222,843.31,71.78,1.0
10555,151,50,2651,302,843.31,88.6,1.0
10556,93,7,2593,186,843.3,102.78,1.0
10557,109,39,2609,218,843.28,74.98,1.0
10558,128,35,2628,256,843.26,76.93,1.0
10559,122,39,2622,244,843.26,74.53,1.0
10560,225,53,2725,450,843.25,91.28,1.0
10561,187,8,2687,374,843.23,121.75,1.0
10562,190,51,2690,380,843.23,90.34,1.0
10563,108,32,2608,216,843.19,74.78,1.0
10564,162,51,2662,324,843.14,80.98,1.0
10565,192,9,2692,384,843.13,123.59,1.0
10566,115,41,2615,230,843.06,77.64,1.0
10567,141,8,2641,282,843.04,110.96,1.0
10568,220,9,2720,440,843.02,122.73,1.0
10569,108,33,2608,216,843.0,76.16,1.0
10570,125,44,2625,250,842.99,76.8,1.0
10571,109,41,2609,218,842.99,75.11,1.0
10572,115,34,2615,230,842.9,74.68,1.0
10573,105,35,2605,210,842.87,76.57,1.0
10574,129,46,2629,258,842.87,78.85,1.0
10575,128,41,2628,256,842.85,79.29,1.0
10576,130,8,2630,260,842.85,106.88,1.0
10577,111,38,2611,222,842.84,71.02,1.0
10578,269,54,2769,538,842.84,99.97,1.0
10579,170,8,2670,340,842.82,123.9,1.0
10580,264,54,2764,528,842.82,99.48,1.0
10581,111,37,2611,222,842.77,70.92,1.0
10582,198,52,2698,396,842.77,84.28,1.0
10583,130,46,2630,260,842.74,80.48,1.0
10584,22,28,2522,44,842.71,68.48,1.0
10585,108,37,2608,216,842.7,76.48,1.0
10586,246,53,2746,492,842.64,97.39,1.0
10587,115,42,2615,230,842.62,77.47,1.0
10588,108,34,2608,216,842.61,74.08,1.0
10589,281,56,2781,562,842.61,103.37,1.0
10590,248,55,2748,496,842.59,96.14,1.0
10591,289,56,2789,578,842.59,105.5,1.0
10592,208,53,2708,416,842.58,87.77,1.0
10593,168,50,2668,336,842.56,82.59,1.0
10594,199,54,2699,398,842.56,88.66,1.0
10595,229,9,2729,458,842.53,124.15,1.0
10596,6,28,2506,12,842.49,65.31,1.0
10597,110,42,2610,220,842.45,75.14,1.0
10598,39,7,2539,78,842.44,86.97,1.0
10599,126,46,2626,252,842.44,78.75,1.0
10600,154,50,2654,308,842.44,79.09,1.0
10601,112,41,2612,224,842.43,76.82,1.0
10602,139,46,2639,278,842.38,78.72,1.0
10603,129,8,2629,258,842.35,112.25,1.0
10604,278,55,2778,556,842.33,104.45,1.0
10605,271,55,2771,542,842.27,98.36,1.0
10606,49,7,2549,98,842.25,92.74,1.0
10607,103,32,2603,206,842.25,73.75,1.0
10608,108,36,2608,216,842.25,74.38,1.0
10609,153,50,2653,306,842.25,81.47,1.0
10610,133,50,2633,266,842.23,78.88,1.0
10611,117,35,2617,234,842.21,76.08,1.0
10612,202,52,2702,404,842.21,94.34,1.0
10613,210,8,2710,420,842.19,125.79,1.0
10614,69,29,2569,138,842.15,71.69,1.0
10615,109,37,2609,218,842.13,73.6,1.0
10616,261,56,2761,522,842.04,95.41,1.0
10617,138,48,2638,276,842.01,74.41,1.0
10618,187,51,2687,374,842.01,90.01,1.0
10619,11,28,2511,22,842.0,64.19,1.0
10620,121,32,2621,242,841.98,73.41,1.0
10621,19,28,2519,38,841.93,68.35,1.0
10622,146,50,2646,292,841.85,79.85,1.0
10623,76,29,2576,152,841.82,71.29,1.0
10624,109,30,2609,218,841.82,75.18,1.0
10625,161,49,2661,322,841.82,86.09,1.0
10626,155,50,2655,310,841.8,85.94,1.0
10627,253,55,2753,506,841.8,96.62,1.0
10628,110,32,2610,220,841.78,72.98,1.0
10629,140,48,2640,280,841.78,82.76,1.0
10630,145,50,2645,290,841.77,79.75,1.0
10631,118,46,2618,236,841.76,76.95,1.0
10632,68,7,2568,136,841.74,95.74,1.0
10633,66,7,2566,132,841.7,92.8,1.0
10634,111,35,2611,222,841.67,74.58,1.0
10635,121,39,2621,242,841.65,76.02,1.0
10636,115,40,2615,230,841.65,75.82,1.0
10637,134,46,2634,268,841.65,80.05,1.0
10638,111,40,2611,222,841.57,74.31,1.0
10639,136,37,2636,272,841.57,77.51,1.0
10640,268,9,2768,536,841.57,131.55,1.0
10641,103,37,2603,206,841.56,72.77,1.0
10642,10,28,2510,20,841.53,65.96,1.0
10643,100,7,2600,200,841.51,101.63,1.0
10644,109,35,2609,218,841.46,76.1,1.0
10645,122,33,2622,244,841.46,75.51,1.0
10646,3,6,2503,6,841.42,76.26,1.0
10647,279,55,2779,558,841.42,98.21,1.0
10648,179,51,2679,358,841.41,87.38,1.0
10649,121,37,2621,242,841.4,74.74,1.0
10650,119,46,2619,238,841.38,76.64,1.0
10651,54,29,2554,108,841.36,68.99,1.0
10652,111,44,2611,222,841.36,68.77,1.0
10653,125,47,2625,250,841.3,80.29,1.0
10654,128,34,2628,256,841.28,78.5,1.0
10655,231,9,2731,462,841.28,125.65,1.0
10656,258,54,2758,516,841.26,94.49,1.0
10657,158,50,2658,316,841.22,83.8,1.0
10658,55,29,2555,110,841.2,64.76,1.0
10659,120,47,2620,240,841.19,78.11,1.0
10660,160,8,2660,320,841.17,114.42,1.0
10661,12,28,2512,24,841.14,64.62,1.0
10662,108,35,2608,216,841.14,74.66,1.0
10663,143,8,2643,286,841.11,110.91,1.0
10664,103,34,2603,206,841.08,74.99,1.0
10665,113,33,2613,226,841.07,75.26,1.0
10666,210,54,2710,420,841.05,90.51,1.0
10667,128,30,2628,256,841.0,77.68,1.0
10668,57,7,2557,114,840.94,94.15,1.0
10669,2,28,2502,4,840.91,63.99,1.0
10670,121,36,2621,242,840.88,75.0,1.0
10671,13,28,2513,26,840.87,65.13,1.0
10672,128,33,2628,256,840.87,73.21,1.0
10673,56,29,2556,112,840.86,73.14,1.0
10674,196,51,2696,392,840.86,88.85,1.0
10675,105,31,2605,210,840.81,77.39,1.0
10676,147,8,2647,294,840.8,115.88,1.0
10677,142,50,2642,284,840.8,80.4,1.0
10678,53,29,2553,106,840.75,69.12,1.0
10679,117,30,2617,234,840.72,74.19,1.0
10680,103,39,2603,206,840.71,73.1,1.0
10681,110,30,2610,220,840.71,73.28,1.0
10682,121,38,2621,242,840.71,75.87,1.0
10683,105,40,2605,210,840.69,75.49,1.0
10684,250,55,2750,500,840.68,97.81,1.0
10685,261,9,2761,522,840.66,130.3,1.0
10686,214,52,2714,428,840.63,91.73,1.0
10687,108,31,2608,216,840.62,71.25,1.0
10688,59,29,2559,118,840.61,71.06,1.0
10689,124,47,2624,248,840.58,76.24,1.0
10690,177,53,2677,354,840.56,86.22,1.0
10691,78,7,2578,156,840.54,97.95,1.0
10692,108,30,2608,216,840.53,74.08,1.0
10693,128,37,2628,256,840.48,74.86,1.0
10694,244,53,2744,488,840.48,97.35,1.0
10695,110,40,2610,220,840.44,71.96,1.0
10696,110,35,2610,220,840.43,73.48,1.0
10697,111,36,2611,222,840.42,71.33,1.0
10698,109,36,2609,218,840.42,75.48,1.0
10699,115,38,2615,230,840.4,74.78,1.0
10700,194,52,2694,388,840.4,89.11,1.0
10701,128,45,2628,256,840.39,77.1,1.0
10702,294,56,2794,588,840.39,104.02,1.0
10703,1,6,2501,2,840.38,74.16,1.0
10704,110,38,2610,220,840.38,72.81,1.0
10705,158,51,2658,316,840.38,84.36,1.0
10706,110,44,2610,220,840.36,74.37,1.0
10707,115,44,2615,230,840.35,75.93,1.0
10708,277,55,2777,554,840.35,101.95,1.0
10709,50,29,2550,100,840.34,69.94,1.0
10710,207,52,2707,414,840.32,86.92,1.0
10711,132,48,2632,264,840.3,79.78,1.0
10712,245,56,2745,490,840.29,98.94,1.0
10713,4,28,2504,8,840.28,64.71,1.0
10714,103,31,2603,206,840.26,68.8,1.0
10715,115,39,2615,230,840.26,76.95,1.0
10716,120,46,2620,240,840.24,76.99,1.0
10717,262,56,2762,524,840.19,101.57,1.0
10718,163,8,2663,326,840.18,115.23,1.0
10719,109,44,2609,218,840.17,72.01,1.0
10720,123,46,2623,246,840.14,75.41,1.0
10721,141,48,2641,282,840.14,79.1,1.0
10722,111,32,2611,222,840.11,73.36,1.0
10723,111,34,2611,222,840.1,75.14,1.0
10724,111,45,2611,222,840.04,71.92,1.0
10725,115,35,2615,230,840.01,72.61,1.0
10726,186,8,2686,372,839.94,122.52,1.0
10727,114,46,2614,228,839.92,72.12,1.0
10728,117,37,2617,234,839.91,78.53,1.0
10729,196,52,2696,392,839.9,90.76,1.0
10730,103,38,2603,206,839.88,73.33,1.0
10731,122,46,2622,244,839.88,77.62,1.0
10732,121,34,2621,242,839.87,74.63,1.0
10733,270,56,2770,540,839.85,98.19,1.0
10734,112,42,2612,224,839.79,73.52,1.0
10735,105,42,2605,210,839.76,73.6,1.0
10736,117,31,2617,234,839.76,75.88,1.0
10737,102,40,2602,204,839.74,71.95,1.0
10738,117,42,2617,234,839.74,76.91,1.0
10739,103,42,2603,206,839.69,73.6,1.0
10740,184,8,2684,368,839.68,119.59,1.0
10741,296,55,2796,592,839.68,100.49,1.0
10742,109,33,2609,218,839.64,73.43,1.0
10743,48,7,2548,96,839.59,93.05,1.0
10744,109,34,2609,218,839.57,73.0,1.0
10745,142,49,2642,284,839.57,82.04,1.0
10746,103,36,2603,206,839.55,72.99,1.0
10747,86,7,2586,172,839.54,97.97,1.0
10748,138,49,2638,276,839.51,78.61,1.0
10749,251,9,2751,502,839.51,132.78,1.0
10750,238,55,2738,476,839.48,97.18,1.0
10751,121,44,2621,242,839.47,74.22,1.0
10752,299,56,2799,598,839.47,105.95,1.0
10753,108,43,2608,216,839.46,69.69,1.0
10754,110,39,2610,220,839.42,72.53,1.0
10755,278,9,2778,556,839.42,131.46,1.0
10756,111,30,2611,222,839.41,72.36,1.0
10757,45,29,2545,90,839.39,66.26,1.0
10758,128,8,2628,256,839.39,112.24,1.0
10759,121,33,2621,242,839.34,74.07,1.0
10760,109,31,2609,218,839.33,74.61,1.0
10761,165,8,2665,330,839.29,119.27,1.0
10762,298,55,2798,596,839.28,103.93,1.0
10763,197,53,2697,394,839.27,84.35,1.0
10764,108,45,2608,216,839.26,76.3,1.0
10765,156,50,2656,312,839.26,80.61,1.0
10766,167,51,2667,334,839.23,87.17,1.0
10767,112,31,2612,224,839.21,78.18,1.0
10768,112,38,2612,224,839.2,76.24,1.0
10769,125,46,2625,250,839.2,79.63,1.0
10770,220,53,2720,440,839.18,91.26,1.0
10771,208,54,2708,416,839.16,94.27,1.0
10772,102,35,2602,204,839.14,75.56,1.0
10773,105,41,2605,210,839.11,77.95,1.0
10774,127,48,2627,254,839.08,76.48,1.0
10775,151,8,2651,302,839.07,112.74,1.0
10776,110,45,2610,220,839.06,74.12,1.0
10777,156,49,2656,312,839.05,80.26,1.0
10778,110,34,2610,220,839.01,71.9,1.0
10779,121,40,2621,242,839.01,75.67,1.0
10780,226,55,2726,452,838.99,94.6,1.0
10781,204,53,2704,408,838.96,91.46,1.0
10782,260,56,2760,520,838.93,97.68,1.0
10783,83,7,2583,166,838.92,95.57,1.0
10784,117,41,2617,234,838.92,76.74,1.0
10785,121,35,2621,242,838.92,73.62,1.0
10786,186,54,2686,372,838.92,89.38,1.0
10787,112,32,2612,224,838.89,75.89,1.0
10788,207,53,2707,414,838.89,91.87,1.0
10789,112,33,2612,224,838.85,73.44,1.0
10790,169,8,2669,338,838.84,116.52,1.0
10791,115,45,2615,230,838.83,77.88,1.0
10792,283,55,2783,566,838.82,106.59,1.0
10793,147,49,2647,294,838.81,80.91,1.0
10794,111,31,2611,222,838.8,74.21,1.0
10795,111,39,2611,222,838.79,73.04,1.0
10796,170,51,2670,340,838.77,86.46,1.0
10797,286,56,2786,572,838.76,102.75,1.0
10798,251,55,2751,502,838.75,97.06,1.0
10799,236,9,2736,472,838.72,131.65,1.0
10800,202,53,2702,404,838.7,91.87,1.0
10801,112,40,2612,224,838.69,76.2,1.0
10802,121,30,2621,242,838.69,73.28,1.0
10803,191,52,2691,382,838.66,87.54,1.0
10804,105,30,2605,210,838.63,76.3,1.0
10805,206,54,2706,412,838.62,95.13,1.0
10806,121,31,2621,242,838.58,74.83,1.0
10807,273,56,2773,546,838.57,100.13,1.0
10808,266,56,2766,532,838.55,101.39,1.0
10809,110,31,2610,220,838.54,70.4,1.0
10810,214,9,2714,428,838.54,122.64,1.0
10811,223,53,2723,446,838.54,95.8,1.0
10812,117,33,2617,234,838.52,78.33,1.0
10813,181,52,2681,362,838.52,83.51,1.0
10814,102,43,2602,204,838.51,73.93,1.0
10815,74,29,2574,148,838.46,71.69,1.0
10816,167,8,2667,334,838.46,116.78,1.0
10817,157,51,2657,314,838.44,79.27,1.0
10818,233,55,2733,466,838.44,95.62,1.0
10819,117,36,2617,234,838.39,76.01,1.0
10820,150,49,2650,300,838.38,79.87,1.0
10821,111,42,2611,222,838.37,73.37,1.0
10822,282,57,2782,564,838.35,105.86,1.0
10823,112,44,2612,224,838.31,75.58,1.0
10824,114,47,2614,228,838.31,73.33,1.0
10825,189,52,2689,378,838.28,86.02,1.0
10826,109,43,2609,218,838.26,74.25,1.0
10827,254,55,2754,508,838.26,102.01,1.0
10828,140,49,2640,280,838.25,83.5,1.0
10829,259,55,2759,518,838.24,99.29,1.0
10830,27,6,2527,54,838.23,82.28,1.0
10831,268,56,2768,536,838.23,95.38,1.0
10832,111,41,2611,222,838.17,73.66,1.0
10833,100,41,2600,200,838.17,74.31,1.0
10834,91,7,2591,182,838.14,105.35,1.0
10835,102,30,2602,204,838.13,74.5,1.0
10836,112,37,2612,224,838.08,76.73,1.0
10837,110,37,2610,220,838.06,72.64,1.0
10838,154,51,2654,308,838.05,82.77,1.0
10839,132,49,2632,264,838.03,76.45,1.0
10840,184,53,2684,368,838.01,86.21,1.0
10841,117,32,2617,234,837.99,79.7,1.0
10842,103,41,2603,206,837.98,75.57,1.0
10843,93,37,2593,186,837.96,75.42,1.0
10844,113,32,2613,226,837.96,76.2,1.0
10845,149,52,2649,298,837.96,82.79,1.0
10846,159,49,2659,318,837.91,81.64,1.0
10847,2,6,2502,4,837.87,73.14,1.0
10848,118,47,2618,236,837.86,72.43,1.0
10849,121,42,2621,242,837.85,76.93,1.0
10850,109,38,2609,218,837.84,75.56,1.0
10851,112,36,2612,224,837.83,74.1,1.0
10852,117,34,2617,234,837.83,74.19,1.0
10853,121,41,2621,242,837.83,75.98,1.0
10854,162,52,2662,324,837.78,78.22,1.0
10855,105,34,2605,210,837.73,76.82,1.0
10856,274,55,2774,548,837.73,101.52,1.0
10857,111,43,2611,222,837.72,71.3,1.0
10858,144,50,2644,288,837.72,80.82,1.0
10859,173,52,2673,346,837.72,83.49,1.0
10860,164,49,2664,328,837.7,84.91,1.0
10861,116,33,2616,232,837.68,71.95,1.0
10862,153,51,2653,306,837.68,84.11,1.0
10863,120,48,2620,240,837.67,78.87,1.0
10864,113,31,2613,226,837.64,71.85,1.0
10865,103,35,2603,206,837.6,71.94,1.0
10866,94,33,2594,188,837.55,76.13,1.0
10867,171,50,2671,342,837.55,84.71,1.0
10868,185,54,2685,370,837.54,86.85,1.0
10869,134,47,2634,268,837.5,75.98,1.0
10870,175,51,2675,350,837.49,83.57,1.0
10871,126,47,2626,252,837.48,85.36,1.0
10872,116,39,2616,232,837.47,75.24,1.0
10873,222,53,2722,444,837.47,93.89,1.0
10874,102,31,2602,204,837.46,73.43,1.0
10875,103,7,2603,206,837.46,102.86,1.0
10876,7,28,2507,14,837.45,64.09,1.0
10877,102,34,2602,204,837.42,72.57,1.0
10878,211,54,2711,422,837.41,90.95,1.0
10879,212,53,2712,424,837.4,88.41,1.0
10880,110,43,2610,220,837.38,76.17,1.0
10881,113,37,2613,226,837.31,73.53,1.0
10882,200,53,2700,400,837.31,92.55,1.0
10883,103,30,2603,206,837.3,74.62,1.0
10884,105,37,2605,210,837.3,74.38,1.0
10885,143,48,2643,286,837.28,78.3,1.0
10886,216,54,2716,432,837.27,95.86,1.0
10887,102,37,2602,204,837.26,73.22,1.0
10888,102,38,2602,204,837.26,71.94,1.0
10889,128,46,2628,256,837.26,75.26,1.0
10890,148,49,2648,296,837.26,77.51,1.0
10891,117,43,2617,234,837.25,75.94,1.0
10892,149,53,2649,298,837.25,82.77,1.0
10893,148,48,2648,296,837.24,83.86,1.0
10894,243,55,2743,486,837.2,97.86,1.0
10895,102,33,2602,204,837.18,73.01,1.0
10896,100,30,2600,200,837.07,78.03,1.0
10897,117,44,2617,234,837.05,76.91,1.0
10898,116,30,2616,232,837.04,72.21,1.0
10899,185,53,2685,370,837.04,89.19,1.0
10900,276,55,2776,552,837.04,100.22,1.0
10901,160,50,2660,320,837.03,81.88,1.0
10902,138,8,2638,276,837.01,108.96,1.0
10903,94,30,2594,188,836.99,78.7,1.0
10904,119,47,2619,238,836.97,80.32,1.0
10905,110,33,2610,220,836.94,72.71,1.0
10906,238,56,2738,476,836.94,101.5,1.0
10907,131,48,2631,262,836.92,79.61,1.0
10908,300,56,2800,600,836.92,103.07,1.0
10909,139,8,2639,278,836.91,110.76,1.0
10910,82,7,2582,164,836.9,94.56,1.0
10911,113,41,2613,226,836.9,74.97,1.0
10912,100,43,2600,200,836.86,73.77,1.0
10913,219,56,2719,438,836.85,94.5,1.0
10914,112,34,2612,224,836.82,76.5,1.0
10915,105,32,2605,210,836.8,79.11,1.0
10916,147,50,2647,294,836.8,83.45,1.0
10917,145,51,2645,290,836.8,81.51,1.0
10918,167,52,2667,334,836.78,86.77,1.0
10919,188,52,2688,376,836.72,82.12,1.0
10920,256,9,2756,512,836.71,133.13,1.0
10921,51,29,2551,102,836.7,70.93,1.0
10922,103,33,2603,206,836.62,74.0,1.0
10923,112,35,2612,224,836.61,74.19,1.0
10924,117,40,2617,234,836.61,75.22,1.0
10925,105,39,2605,210,836.58,73.73,1.0
10926,105,45,2605,210,836.57,76.71,1.0
10927,218,54,2718,436,836.55,90.63,1.0
10928,284,57,2784,568,836.55,106.29,1.0
10929,101,37,2601,202,836.54,72.19,1.0
10930,139,48,2639,278,836.51,82.88,1.0
10931,170,50,2670,340,836.49,86.43,1.0
10932,110,36,2610,220,836.48,71.18,1.0
10933,203,52,2703,406,836.47,90.94,1.0
10934,117,38,2617,234,836.45,73.71,1.0
10935,94,44,2594,188,836.44,74.08,1.0
10936,135,49,2635,270,836.44,80.9,1.0
10937,79,7,2579,158,836.41,92.32,1.0
10938,116,34,2616,232,836.4,73.88,1.0
10939,287,9,2787,574,836.39,141.32,1.0
10940,101,35,2601,202,836.37,72.12,1.0
10941,172,51,2672,344,836.37,84.28,1.0
10942,105,44,2605,210,836.34,75.94,1.0
10943,93,33,2593,186,836.32,74.95,1.0
10944,182,8,2682,364,836.31,120.65,1.0
10945,193,53,2693,386,836.3,90.58,1.0
10946,239,55,2739,478,836.3,94.41,1.0
10947,52,29,2552,104,836.27,69.7,1.0
10948,115,46,2615,230,836.26,78.31,1.0
10949,6,6,2506,12,836.23,79.32,1.0
10950,93,35,2593,186,836.23,75.5,1.0
10951,118,48,2618,236,836.22,78.31,1.0
10952,109,45,2609,218,836.19,74.95,1.0
10953,157,52,2657,314,836.17,85.8,1.0
10954,154,8,2654,308,836.17,118.73,1.0
10955,163,51,2663,326,836.16,88.74,1.0
10956,113,34,2613,226,836.15,77.22,1.0
10957,112,30,2612,224,836.1,74.13,1.0
10958,121,46,2621,242,836.1,78.47,1.0
10959,148,8,2648,296,836.09,110.55,1.0
10960,102,36,2602,204,836.07,75.44,1.0
10961,102,39,2602,204,836.07,74.04,1.0
10962,297,9,2797,594,836.04,141.69,1.0
10963,113,30,2613,226,836.01,75.94,1.0
10964,103,43,2603,206,835.93,75.01,1.0
10965,105,38,2605,210,835.92,75.24,1.0
10966,94,37,2594,188,835.91,74.25,1.0
10967,152,49,2652,304,835.9,80.46,1.0
10968,101,32,2601,202,835.87,73.17,1.0
10969,85,7,2585,170,835.85,97.15,1.0
10970,116,32,2616,232,835.85,74.04,1.0
10971,230,54,2730,460,835.85,92.09,1.0
10972,93,31,2593,186,835.84,73.57,1.0
10973,262,57,2762,524,835.84,100.99,1.0
10974,209,8,2709,418,835.83,123.81,1.0
10975,236,55,2736,472,835.82,92.76,1.0
10976,248,56,2748,496,835.74,97.99,1.0
10977,280,56,2780,560,835.74,100.87,1.0
10978,100,39,2600,200,835.73,76.6,1.0
10979,224,54,2724,448,835.73,95.4,1.0
10980,240,56,2740,480,835.71,99.94,1.0
10981,135,48,2635,270,835.69,78.68,1.0
10982,100,38,2600,200,835.68,73.55,1.0
10983,270,57,2770,540,835.68,94.85,1.0
10984,267,55,2767,534,835.67,99.8,1.0
10985,131,49,2631,262,835.65,81.62,1.0
10986,179,52,2679,358,835.62,88.53,1.0
10987,130,48,2630,260,835.6,78.19,1.0
10988,0,28,2500,0,835.58,65.95,1.0
10989,101,30,2601,202,835.54,72.92,1.0
10990,0,6,2500,0,835.5,70.42,1.0
10991,93,39,2593,186,835.49,74.65,1.0
10992,100,44,2600,200,835.49,74.74,1.0
10993,94,40,2594,188,835.48,76.8,1.0
10994,103,44,2603,206,835.44,73.42,1.0
10995,252,54,2752,504,835.44,96.47,1.0
10996,5,28,2505,10,835.41,66.0,1.0
10997,221,9,2721,442,835.41,129.31,1.0
10998,93,30,2593,186,835.39,72.47,1.0
10999,101,44,2601,202,835.36,72.05,1.0
11000,223,54,2723,446,835.35,94.73,1.0
11001,101,36,2601,202,835.33,75.49,1.0
11002,290,57,2790,580,835.32,94.33,1.0
11003,169,51,2669,338,835.23,86.74,1.0
11004,93,43,2593,186,835.22,74.11,1.0
11005,121,43,2621,242,835.21,76.23,1.0
11006,209,55,2709,418,835.21,95.25,1.0
11007,121,45,2621,242,835.19,72.99,1.0
11008,139,47,2639,278,835.13,77.62,1.0
11009,287,56,2787,574,835.11,106.57,1.0
11010,187,52,2687,374,835.07,87.04,1.0
11011,202,8,2702,404,835.05,121.46,1.0
11012,4,6,2504,8,835.03,74.71,1.0
11013,129,47,2629,258,835.02,77.04,1.0
11014,250,56,2750,500,835.0,94.91,1.0
11015,116,44,2616,232,834.97,74.1,1.0
11016,275,9,2775,550,834.97,138.66,1.0
11017,124,48,2624,248,834.96,74.24,1.0
11018,166,50,2666,332,834.95,84.58,1.0
11019,112,43,2612,224,834.92,72.58,1.0
11020,178,50,2678,356,834.91,84.05,1.0
11021,229,55,2729,458,834.9,93.2,1.0
11022,100,40,2600,200,834.89,73.93,1.0
11023,94,32,2594,188,834.8,74.59,1.0
11024,105,7,2605,210,834.8,106.38,1.0
11025,91,34,2591,182,834.79,76.28,1.0
11026,132,50,2632,264,834.78,81.6,1.0
11027,155,51,2655,310,834.78,83.49,1.0
11028,232,55,2732,464,834.76,96.45,1.0
11029,101,42,2601,202,834.75,77.05,1.0
11030,115,47,2615,230,834.75,77.35,1.0
11031,208,55,2708,416,834.75,90.42,1.0
11032,102,42,2602,204,834.72,73.26,1.0
11033,117,39,2617,234,834.67,75.94,1.0
11034,159,8,2659,318,834.67,111.84,1.0
11035,101,38,2601,202,834.66,73.81,1.0
11036,101,45,2601,202,834.63,74.5,1.0
11037,94,36,2594,188,834.62,74.29,1.0
11038,252,55,2752,504,834.6,95.56,1.0
11039,91,32,2591,182,834.59,74.88,1.0
11040,259,9,2759,518,834.58,126.84,1.0
11041,275,56,2775,550,834.54,102.27,1.0
11042,94,7,2594,188,834.52,104.65,1.0
11043,102,45,2602,204,834.52,73.92,1.0
11044,93,41,2593,186,834.51,75.94,1.0
11045,102,41,2602,204,834.45,72.63,1.0
11046,150,50,2650,300,834.43,82.94,1.0
11047,231,54,2731,462,834.43,94.76,1.0
11048,171,51,2671,342,834.42,84.27,1.0
11049,102,32,2602,204,834.41,69.42,1.0
11050,93,34,2593,186,834.4,73.13,1.0
11051,137,49,2637,274,834.38,80.47,1.0
11052,100,36,2600,200,834.36,74.84,1.0
11053,152,50,2652,304,834.3,83.94,1.0
11054,163,50,2663,326,834.3,85.61,1.0
11055,113,38,2613,226,834.29,74.56,1.0
11056,91,39,2591,182,834.27,74.97,1.0
11057,94,43,2594,188,834.2,76.49,1.0
11058,102,44,2602,204,834.18,74.93,1.0
11059,130,47,2630,260,834.17,77.4,1.0
11060,105,36,2605,210,834.16,77.93,1.0
11061,101,41,2601,202,834.12,72.11,1.0
11062,121,47,2621,242,834.1,76.65,1.0
11063,101,40,2601,202,834.09,72.8,1.0
11064,160,51,2660,320,834.07,86.06,1.0
11065,116,31,2616,232,834.0,73.02,1.0
11066,103,45,2603,206,833.98,73.6,1.0
11067,91,37,2591,182,833.97,76.84,1.0
11068,285,56,2785,570,833.93,103.78,1.0
11069,133,51,2633,266,833.92,81.81,1.0
11070,116,42,2616,232,833.91,75.12,1.0
11071,217,54,2717,434,833.91,100.67,1.0
11072,94,38,2594,188,833.89,77.7,1.0
11073,201,54,2701,402,833.86,92.06,1.0
11074,116,37,2616,232,833.81,76.76,1.0
11075,143,49,2643,286,833.77,76.56,1.0
11076,176,51,2676,352,833.77,82.36,1.0
11077,96,43,2596,192,833.73,72.77,1.0
11078,246,54,2746,492,833.73,98.16,1.0
11079,9,6,2509,18,833.72,77.15,1.0
11080,255,56,2755,510,833.72,95.69,1.0
11081,123,47,2623,246,833.71,79.9,1.0
11082,94,31,2594,188,833.67,73.4,1.0
11083,144,51,2644,288,833.67,76.55,1.0
11084,69,7,2569,138,833.64,89.53,1.0
11085,168,51,2668,336,833.62,85.62,1.0
11086,193,54,2693,386,833.62,91.04,1.0
11087,263,55,2763,526,833.53,98.03,1.0
11088,220,54,2720,440,833.5,93.52,1.0
11089,108,46,2608,216,833.49,76.16,1.0
11090,113,36,2613,226,833.46,75.53,1.0
11091,91,41,2591,182,833.43,76.42,1.0
11092,94,35,2594,188,833.42,74.85,1.0
11093,152,8,2652,304,833.42,110.26,1.0
11094,174,8,2674,348,833.42,117.26,1.0
11095,101,43,2601,202,833.41,76.26,1.0
11096,105,33,2605,210,833.4,74.06,1.0
11097,116,41,2616,232,833.38,76.43,1.0
11098,94,39,2594,188,833.34,75.63,1.0
11099,179,8,2679,358,833.33,120.59,1.0
11100,101,31,2601,202,833.3,71.23,1.0
11101,116,38,2616,232,833.27,77.12,1.0
11102,233,56,2733,466,833.25,93.29,1.0
11103,116,40,2616,232,833.24,73.37,1.0
11104,96,42,2596,192,833.21,72.93,1.0
11105,161,8,2661,322,833.19,119.44,1.0
11106,188,53,2688,376,833.15,88.38,1.0
11107,114,48,2614,228,833.14,74.7,1.0
11108,183,8,2683,366,833.14,118.63,1.0
11109,183,53,2683,366,833.08,89.07,1.0
11110,227,55,2727,454,833.08,93.7,1.0
11111,288,56,2788,576,833.08,101.88,1.0
11112,107,41,2607,214,833.07,73.15,1.0
11113,111,46,2611,222,833.06,73.01,1.0
11114,182,52,2682,364,833.06,86.43,1.0
11115,261,57,2761,522,833.06,100.29,1.0
11116,93,42,2593,186,833.04,74.88,1.0
11117,194,53,2694,388,833.02,87.55,1.0
11118,15,6,2515,30,833.0,80.37,1.0
11119,113,39,2613,226,833.0,76.68,1.0
11120,225,54,2725,450,832.99,93.13,1.0
11121,100,42,2600,200,832.97,78.43,1.0
11122,91,30,2591,182,832.97,78.94,1.0
11123,136,47,2636,272,832.9,77.03,1.0
11124,134,48,2634,268,832.88,76.7,1.0
11125,100,34,2600,200,832.85,72.49,1.0
11126,105,43,2605,210,832.82,75.3,1.0
11127,230,9,2730,460,832.81,124.15,1.0
11128,113,40,2613,226,832.77,75.48,1.0
11129,60,29,2560,120,832.75,73.88,1.0
11130,103,46,2603,206,832.66,74.77,1.0
11131,100,32,2600,200,832.66,76.76,1.0
11132,141,49,2641,282,832.66,81.49,1.0
11133,195,54,2695,390,832.59,94.99,1.0
11134,97,34,2597,194,832.52,76.04,1.0
11135,113,43,2613,226,832.51,75.05,1.0
11136,117,45,2617,234,832.51,75.11,1.0
11137,101,39,2601,202,832.5,74.61,1.0
11138,136,46,2636,272,832.5,78.47,1.0
11139,113,35,2613,226,832.46,75.88,1.0
11140,205,55,2705,410,832.45,91.77,1.0
11141,93,44,2593,186,832.41,72.88,1.0
11142,201,53,2701,402,832.38,89.4,1.0
11143,11,6,2511,22,832.37,72.06,1.0
11144,293,56,2793,586,832.37,102.08,1.0
11145,158,8,2658,316,832.34,118.58,1.0
11146,241,54,2741,482,832.32,97.35,1.0
11147,94,42,2594,188,832.31,79.91,1.0
11148,100,31,2600,200,832.29,77.54,1.0
11149,146,51,2646,292,832.27,81.88,1.0
11150,112,45,2612,224,832.25,77.05,1.0
11151,91,33,2591,182,832.24,72.16,1.0
11152,21,6,2521,42,832.23,78.7,1.0
11153,177,54,2677,354,832.2,85.31,1.0
11154,107,40,2607,214,832.19,74.33,1.0
11155,44,29,2544,88,832.18,70.68,1.0
11156,210,55,2710,420,832.18,96.07,1.0
11157,96,32,2596,192,832.17,77.6,1.0
11158,133,7,2633,266,832.17,107.44,1.0
11159,116,43,2616,232,832.1,76.28,1.0
11160,111,47,2611,222,832.07,73.2,1.0
11161,175,52,2675,350,832.05,83.56,1.0
11162,112,39,2612,224,832.03,75.46,1.0
11163,292,56,2792,584,832.02,107.14,1.0
11164,212,54,2712,424,832.0,95.95,1.0
11165,216,55,2716,432,832.0,94.22,1.0
11166,123,48,2623,246,831.97,79.29,1.0
11167,97,44,2597,194,831.96,72.07,1.0
11168,249,56,2749,498,831.96,100.18,1.0
11169,172,52,2672,344,831.93,87.46,1.0
11170,96,39,2596,192,831.92,74.78,1.0
11171,221,54,2721,442,831.92,91.94,1.0
11172,97,38,2597,194,831.89,75.46,1.0
11173,100,33,2600,200,831.88,78.09,1.0
11174,116,35,2616,232,831.85,75.77,1.0
11175,195,53,2695,390,831.84,91.57,1.0
11176,190,52,2690,380,831.81,92.09,1.0
11177,231,55,2731,462,831.8,99.25,1.0
11178,209,56,2709,418,831.77,92.6,1.0
11179,125,48,2625,250,831.76,78.75,1.0
11180,127,7,2627,254,831.75,109.43,1.0
11181,158,52,2658,316,831.75,85.03,1.0
11182,85,30,2585,170,831.68,72.56,1.0
11183,100,37,2600,200,831.65,73.94,1.0
11184,91,44,2591,182,831.63,72.87,1.0
11185,29,6,2529,58,831.62,83.84,1.0
11186,84,7,2584,168,831.62,99.22,1.0
11187,91,42,2591,182,831.59,74.6,1.0
11188,88,35,2588,176,831.55,71.8,1.0
11189,107,34,2607,214,831.55,71.82,1.0
11190,180,52,2680,360,831.55,89.29,1.0
11191,93,32,2593,186,831.53,71.65,1.0
11192,203,53,2703,406,831.5,90.32,1.0
11193,256,56,2756,512,831.49,99.61,1.0
11194,199,55,2699,398,831.46,91.25,1.0
11195,184,54,2684,368,831.44,89.64,1.0
11196,86,32,2586,172,831.43,72.27,1.0
11197,94,45,2594,188,831.32,76.11,1.0
11198,104,7,2604,208,831.31,99.15,1.0
11199,74,7,2574,148,831.29,94.34,1.0
11200,129,48,2629,258,831.28,81.27,1.0
11201,102,46,2602,204,831.26,73.41,1.0
11202,204,54,2704,408,831.26,86.48,1.0
11203,93,38,2593,186,831.24,73.28,1.0
11204,174,53,2674,348,831.2,84.64,1.0
11205,259,56,2759,518,831.2,101.97,1.0
11206,46,29,2546,92,831.16,68.85,1.0
11207,88,44,2588,176,831.14,72.87,1.0
11208,97,31,2597,194,831.14,75.63,1.0
11209,270,9,2770,540,831.13,133.44,1.0
11210,173,53,2673,346,831.1,87.26,1.0
11211,91,35,2591,182,831.06,74.71,1.0
11212,165,52,2665,330,831.05,91.74,1.0
11213,206,55,2706,412,831.05,96.88,1.0
11214,242,9,2742,484,831.05,131.48,1.0
11215,257,56,2757,514,831.05,100.21,1.0
11216,96,35,2596,192,831.02,76.41,1.0
11217,136,48,2636,272,830.95,78.57,1.0
11218,176,8,2676,352,830.95,117.99,1.0
11219,116,36,2616,232,830.93,75.17,1.0
11220,94,34,2594,188,830.88,75.01,1.0
11221,14,6,2514,28,830.87,75.68,1.0
11222,67,7,2567,134,830.87,86.88,1.0
11223,97,36,2597,194,830.87,74.07,1.0
11224,99,42,2599,198,830.83,76.5,1.0
11225,200,54,2700,400,830.82,91.64,1.0
11226,91,36,2591,182,830.78,75.4,1.0
11227,101,34,2601,202,830.76,74.51,1.0
11228,109,47,2609,218,830.76,75.35,1.0
11229,101,33,2601,202,830.75,73.52,1.0
11230,168,52,2668,336,830.75,82.22,1.0
11231,214,53,2714,428,830.74,90.53,1.0
11232,151,52,2651,302,830.71,86.83,1.0
11233,94,46,2594,188,830.7,79.16,1.0
11234,93,40,2593,186,830.69,76.11,1.0
11235,279,56,2779,558,830.69,101.46,1.0
11236,104,43,2604,208,830.68,78.89,1.0
11237,96,37,2596,192,830.68,74.63,1.0
11238,96,41,2596,192,830.68,74.37,1.0
11239,57,29,2557,114,830.64,74.19,1.0
11240,94,41,2594,188,830.64,75.48,1.0
11241,96,40,2596,192,830.59,75.93,1.0
11242,138,50,2638,276,830.56,80.21,1.0
11243,140,50,2640,280,830.54,83.65,1.0
11244,113,42,2613,226,830.53,78.29,1.0
11245,113,44,2613,226,830.52,77.78,1.0
11246,88,39,2588,176,830.51,74.02,1.0
11247,88,40,2588,176,830.5,74.83,1.0
11248,295,57,2795,590,830.5,109.56,1.0
11249,100,35,2600,200,830.48,74.44,1.0
11250,199,8,2699,398,830.48,125.33,1.0
11251,264,55,2764,528,830.48,99.47,1.0
11252,119,48,2619,238,830.45,79.48,1.0
11253,244,54,2744,488,830.45,98.06,1.0
11254,126,48,2626,252,830.43,80.49,1.0
11255,205,8,2705,410,830.43,127.54,1.0
11256,235,56,2735,470,830.42,98.0,1.0
11257,85,42,2585,170,830.41,70.78,1.0
11258,96,34,2596,192,830.39,74.65,1.0
11259,127,49,2627,254,830.38,79.42,1.0
11260,192,53,2692,384,830.38,89.53,1.0
11261,88,30,2588,176,830.35,67.91,1.0
11262,130,49,2630,260,830.33,78.02,1.0
11263,104,37,2604,208,830.32,74.27,1.0
11264,98,42,2598,196,830.24,73.75,1.0
11265,155,8,2655,310,830.24,120.26,1.0
11266,49,29,2549,98,830.22,71.85,1.0
11267,76,7,2576,152,830.2,98.76,1.0
11268,171,52,2671,342,830.18,82.26,1.0
11269,234,55,2734,468,830.17,93.8,1.0
11270,167,53,2667,334,830.16,88.61,1.0
11271,148,51,2648,296,830.15,81.12,1.0
11272,107,42,2607,214,830.13,73.41,1.0
11273,291,56,2791,582,830.12,103.46,1.0
11274,127,50,2627,254,830.06,81.56,1.0
11275,137,50,2637,274,830.05,80.43,1.0
11276,150,51,2650,300,830.04,82.77,1.0
11277,106,31,2606,212,830.02,73.02,1.0
11278,156,51,2656,312,830.02,81.67,1.0
11279,197,8,2697,394,830.01,122.1,1.0
11280,300,9,2800,600,830.0,130.53,1.0
11281,96,38,2596,192,829.95,72.39,1.0
11282,186,55,2686,372,829.95,89.22,1.0
11283,230,55,2730,460,829.95,97.45,1.0
11284,154,52,2654,308,829.93,81.72,1.0
11285,196,53,2696,392,829.91,89.5,1.0
11286,173,8,2673,346,829.9,115.27,1.0
11287,165,53,2665,330,829.88,85.28,1.0
11288,16,6,2516,32,829.86,77.18,1.0
11289,146,52,2646,292,829.84,84.23,1.0
11290,96,31,2596,192,829.82,76.71,1.0
11291,113,45,2613,226,829.8,72.17,1.0
11292,297,57,2797,594,829.8,108.98,1.0
11293,266,58,2766,532,829.79,98.0,1.0
11294,85,38,2585,170,829.77,74.57,1.0
11295,166,8,2666,332,829.77,118.86,1.0
11296,97,33,2597,194,829.76,69.26,1.0
11297,174,54,2674,348,829.7,87.76,1.0
11298,160,52,2660,320,829.65,85.38,1.0
11299,219,8,2719,438,829.62,125.15,1.0
11300,166,51,2666,332,829.61,81.87,1.0
11301,97,32,2597,194,829.58,73.66,1.0
11302,108,7,2608,216,829.58,103.13,1.0
11303,23,6,2523,46,829.54,85.16,1.0
11304,96,30,2596,192,829.51,75.61,1.0
11305,266,57,2766,532,829.51,100.78,1.0
11306,243,56,2743,486,829.48,98.21,1.0
11307,123,49,2623,246,829.47,77.03,1.0
11308,124,50,2624,248,829.47,80.68,1.0
11309,142,51,2642,284,829.47,82.59,1.0
11310,170,52,2670,340,829.43,87.8,1.0
11311,7,6,2507,14,829.41,75.66,1.0
11312,107,38,2607,214,829.41,75.07,1.0
11313,181,53,2681,362,829.41,86.42,1.0
11314,276,9,2776,552,829.41,137.05,1.0
11315,176,52,2676,352,829.38,85.97,1.0
11316,104,34,2604,208,829.35,73.94,1.0
11317,180,53,2680,360,829.35,86.86,1.0
11318,93,36,2593,186,829.34,73.41,1.0
11319,189,53,2689,378,829.33,92.84,1.0
11320,265,56,2765,530,829.33,101.07,1.0
11321,104,33,2604,208,829.29,76.62,1.0
11322,99,33,2599,198,829.29,75.73,1.0
11323,232,56,2732,464,829.27,98.39,1.0
11324,96,44,2596,192,829.23,75.97,1.0
11325,202,54,2702,404,829.23,93.44,1.0
11326,212,55,2712,424,829.23,91.77,1.0
11327,272,9,2772,544,829.22,138.08,1.0
11328,116,45,2616,232,829.2,72.93,1.0
11329,91,40,2591,182,829.18,73.29,1.0
11330,91,38,2591,182,829.13,76.16,1.0
11331,148,50,2648,296,829.13,79.98,1.0
11332,43,29,2543,86,829.1,67.94,1.0
11333,75,7,2575,150,829.1,98.97,1.0
11334,197,54,2697,394,829.09,90.29,1.0
11335,88,37,2588,176,829.07,71.96,1.0
11336,198,53,2698,396,829.05,87.86,1.0
11337,41,29,2541,82,829.02,70.65,1.0
11338,120,49,2620,240,829.02,79.92,1.0
11339,180,8,2680,360,829.02,117.19,1.0
11340,107,31,2607,214,829.0,71.69,1.0
11341,71,32,2571,142,828.95,73.55,1.0
11342,93,45,2593,186,828.95,72.18,1.0
11343,91,45,2591,182,828.95,74.86,1.0
11344,110,46,2610,220,828.95,74.28,1.0
11345,135,50,2635,270,828.94,83.03,1.0
11346,258,55,2758,516,828.94,93.46,1.0
11347,122,47,2622,244,828.93,76.14,1.0
11348,88,41,2588,176,828.92,72.18,1.0
11349,141,50,2641,282,828.84,80.36,1.0
11350,156,8,2656,312,828.82,117.17,1.0
11351,99,35,2599,198,828.79,73.24,1.0
11352,88,42,2588,176,828.77,73.88,1.0
11353,124,49,2624,248,828.77,80.57,1.0
11354,163,52,2663,326,828.74,86.43,1.0
11355,107,32,2607,214,828.71,75.86,1.0
11356,97,7,2597,194,828.71,102.59,1.0
11357,138,51,2638,276,828.67,79.33,1.0
11358,169,53,2669,338,828.65,89.87,1.0
11359,97,37,2597,194,828.61,74.28,1.0
11360,91,31,2591,182,828.55,72.93,1.0
11361,129,49,2629,258,828.52,78.58,1.0
11362,88,32,2588,176,828.5,73.01,1.0
11363,85,31,2585,170,828.42,75.94,1.0
11364,117,46,2617,234,828.38,76.39,1.0
11365,107,33,2607,214,828.35,72.29,1.0
11366,149,54,2649,298,828.32,83.6,1.0
11367,119,49,2619,238,828.31,80.42,1.0
11368,239,56,2739,478,828.31,97.44,1.0
11369,88,7,2588,176,828.3,101.65,1.0
11370,269,9,2769,538,828.28,141.8,1.0
11371,89,7,2589,178,828.26,100.27,1.0
11372,103,47,2603,206,828.26,74.85,1.0
11373,97,41,2597,194,828.25,76.88,1.0
11374,272,56,2772,544,828.24,101.01,1.0
11375,85,34,2585,170,828.22,74.29,1.0
11376,97,39,2597,194,828.2,74.83,1.0
11377,125,49,2625,250,828.17,81.29,1.0
11378,107,44,2607,214,828.16,73.46,1.0
11379,175,53,2675,350,828.16,88.22,1.0
11380,112,46,2612,224,828.15,74.58,1.0
11381,97,43,2597,194,828.14,71.8,1.0
11382,237,54,2737,474,828.14,96.72,1.0
11383,102,7,2602,204,828.09,105.39,1.0
11384,215,55,2715,430,828.08,93.43,1.0
11385,151,51,2651,302,828.02,86.05,1.0
11386,91,43,2591,182,828.01,76.16,1.0
11387,97,30,2597,194,828.0,75.3,1.0
11388,132,51,2632,264,828.0,81.3,1.0
11389,276,56,2776,552,828.0,103.95,1.0
11390,47,29,2547,94,827.99,65.1,1.0
11391,88,34,2588,176,827.99,72.85,1.0
11392,86,43,2586,172,827.98,72.38,1.0
11393,169,52,2669,338,827.98,85.99,1.0
11394,191,53,2691,382,827.98,90.69,1.0
11395,109,46,2609,218,827.97,73.81,1.0
11396,96,33,2596,192,827.96,74.35,1.0
11397,147,51,2647,294,827.96,85.14,1.0
11398,85,35,2585,170,827.94,72.75,1.0
11399,219,57,2719,438,827.94,96.17,1.0
11400,88,43,2588,176,827.93,72.12,1.0
11401,88,45,2588,176,827.92,72.51,1.0
11402,100,46,2600,200,827.92,76.59,1.0
11403,237,55,2737,474,827.91,97.96,1.0
11404,277,9,2777,554,827.88,134.27,1.0
11405,107,43,2607,214,827.86,74.05,1.0
11406,195,8,2695,390,827.83,125.99,1.0
11407,252,9,2752,504,827.81,136.25,1.0
11408,38,29,2538,76,827.79,69.88,1.0
11409,159,50,2659,318,827.79,82.74,1.0
11410,95,30,2595,190,827.77,70.26,1.0
11411,101,7,2601,202,827.73,106.29,1.0
11412,123,50,2623,246,827.72,79.82,1.0
11413,193,55,2693,386,827.72,94.16,1.0
11414,298,56,2798,596,827.72,108.18,1.0
11415,122,48,2622,244,827.71,80.32,1.0
11416,101,46,2601,202,827.7,70.85,1.0
11417,267,56,2767,534,827.7,100.88,1.0
11418,134,50,2634,268,827.66,80.49,1.0
11419,218,55,2718,436,827.64,90.71,1.0
11420,152,51,2652,304,827.63,85.25,1.0
11421,100,45,2600,200,827.62,75.28,1.0
11422,142,52,2642,284,827.61,81.63,1.0
11423,128,47,2628,256,827.57,76.34,1.0
11424,105,46,2605,210,827.55,79.67,1.0
11425,8,28,2508,16,827.52,63.89,1.0
11426,99,43,2599,198,827.5,74.4,1.0
11427,80,7,2580,160,827.48,99.08,1.0
11428,116,46,2616,232,827.48,78.54,1.0
11429,36,29,2536,72,827.45,66.42,1.0
11430,72,7,2572,144,827.45,91.78,1.0
11431,97,35,2597,194,827.44,75.0,1.0
11432,229,56,2729,458,827.43,96.67,1.0
11433,249,57,2749,498,827.43,101.28,1.0
11434,95,44,2595,190,827.39,73.95,1.0
11435,153,52,2653,306,827.39,82.48,1.0
11436,183,54,2683,366,827.37,89.61,1.0
11437,242,54,2742,484,827.37,92.45,1.0
11438,104,32,2604,208,827.31,74.11,1.0
11439,147,52,2647,294,827.3,86.93,1.0
11440,140,51,2640,280,827.3,85.33,1.0
11441,85,33,2585,170,827.27,74.89,1.0
11442,95,40,2595,190,827.24,72.73,1.0
11443,90,7,2590,180,827.23,101.35,1.0
11444,85,44,2585,170,827.21,72.52,1.0
11445,85,32,2585,170,827.17,72.08,1.0
11446,255,57,2755,510,827.13,99.81,1.0
11447,88,38,2588,176,827.12,71.01,1.0
11448,187,53,2687,374,827.09,89.32,1.0
11449,271,56,2771,542,827.09,103.91,1.0
11450,95,38,2595,190,827.07,70.06,1.0
11451,266,9,2766,532,827.07,137.21,1.0
11452,113,47,2613,226,827.05,73.4,1.0
11453,247,56,2747,494,827.04,104.0,1.0
11454,91,46,2591,182,827.03,73.41,1.0
11455,96,36,2596,192,827.03,76.8,1.0
11456,98,37,2598,196,826.94,73.44,1.0
11457,107,37,2607,214,826.92,75.54,1.0
11458,88,36,2588,176,826.91,72.67,1.0
11459,182,53,2682,364,826.91,87.45,1.0
11460,99,32,2599,198,826.9,75.33,1.0
11461,89,37,2589,178,826.89,75.0,1.0
11462,110,7,2610,220,826.87,105.1,1.0
11463,120,7,2620,240,826.87,112.26,1.0
11464,125,50,2625,250,826.84,80.92,1.0
11465,127,51,2627,254,826.83,80.58,1.0
11466,88,33,2588,176,826.81,72.19,1.0
11467,273,9,2773,546,826.81,134.82,1.0
11468,155,52,2655,310,826.8,85.49,1.0
11469,85,43,2585,170,826.77,75.43,1.0
11470,97,40,2597,194,826.75,73.66,1.0
11471,211,55,2711,422,826.74,92.17,1.0
11472,106,43,2606,212,826.72,74.35,1.0
11473,154,53,2654,308,826.72,84.2,1.0
11474,166,52,2666,332,826.72,84.37,1.0
11475,213,54,2713,426,826.72,90.3,1.0
11476,89,31,2589,178,826.71,76.91,1.0
11477,161,51,2661,322,826.71,84.06,1.0
11478,278,56,2778,556,826.69,103.59,1.0
11479,99,41,2599,198,826.68,75.08,1.0
11480,99,44,2599,198,826.68,74.97,1.0
11481,145,53,2645,290,826.67,79.09,1.0
11482,106,30,2606,212,826.6,73.74,1.0
11483,106,39,2606,212,826.57,73.04,1.0
11484,247,57,2747,494,826.56,102.45,1.0
11485,105,47,2605,210,826.53,77.97,1.0
11486,190,53,2690,380,826.51,89.97,1.0
11487,161,50,2661,322,826.49,85.63,1.0
11488,214,54,2714,428,826.49,95.35,1.0
11489,220,55,2720,440,826.47,94.12,1.0
11490,48,29,2548,96,826.43,71.32,1.0
11491,86,36,2586,172,826.43,74.83,1.0
11492,238,8,2738,476,826.43,130.32,1.0
11493,240,57,2740,480,826.42,99.28,1.0
11494,206,8,2706,412,826.4,126.13,1.0
11495,86,39,2586,172,826.39,74.38,1.0
11496,194,8,2694,388,826.37,125.79,1.0
11497,251,56,2751,502,826.35,99.94,1.0
11498,88,31,2588,176,826.34,69.43,1.0
11499,181,8,2681,362,826.32,118.93,1.0
11500,86,40,2586,172,826.31,71.97,1.0
11501,98,44,2598,196,826.31,74.38,1.0
11502,280,57,2780,560,826.3,100.1,1.0
11503,123,7,2623,246,826.28,107.27,1.0
11504,129,50,2629,258,826.28,82.91,1.0
11505,109,49,2609,218,826.26,78.83,1.0
11506,95,33,2595,190,826.25,75.46,1.0
11507,107,39,2607,214,826.25,72.94,1.0
11508,98,32,2598,196,826.24,71.54,1.0
11509,98,7,2598,196,826.22,97.59,1.0
11510,28,6,2528,56,826.21,81.82,1.0
11511,85,39,2585,170,826.16,73.63,1.0
11512,104,31,2604,208,826.15,77.22,1.0
11513,85,36,2585,170,826.14,72.1,1.0
11514,269,56,2769,538,826.13,104.75,1.0
11515,89,41,2589,178,826.11,74.99,1.0
11516,285,9,2785,570,826.09,133.85,1.0
11517,107,45,2607,214,826.07,72.85,1.0
11518,87,7,2587,174,826.06,101.56,1.0
11519,89,38,2589,178,826.06,76.02,1.0
11520,71,30,2571,142,826.05,73.38,1.0
11521,71,44,2571,142,826.05,73.4,1.0
11522,148,52,2648,296,826.05,80.91,1.0
11523,85,37,2585,170,826.03,75.01,1.0
11524,131,50,2631,262,826.0,82.27,1.0
11525,178,51,2678,356,825.97,85.3,1.0
11526,86,41,2586,172,825.93,71.7,1.0
11527,228,56,2728,456,825.9,97.89,1.0
11528,104,41,2604,208,825.89,77.97,1.0
11529,98,41,2598,196,825.87,75.02,1.0
11530,194,54,2694,388,825.85,89.14,1.0
11531,106,32,2606,212,825.84,76.63,1.0
11532,128,48,2628,256,825.83,81.73,1.0
11533,93,46,2593,186,825.81,75.16,1.0
11534,104,36,2604,208,825.81,74.1,1.0
11535,126,49,2626,252,825.81,82.79,1.0
11536,132,7,2632,264,825.77,109.18,1.0
11537,99,38,2599,198,825.76,78.37,1.0
11538,95,39,2595,190,825.74,73.84,1.0
11539,99,7,2599,198,825.72,105.84,1.0
11540,107,35,2607,214,825.72,74.97,1.0
11541,106,40,2606,212,825.71,75.2,1.0
11542,126,7,2626,252,825.67,108.88,1.0
11543,162,53,2662,324,825.67,82.16,1.0
11544,245,57,2745,490,825.67,100.09,1.0
11545,104,44,2604,208,825.66,74.95,1.0
11546,98,36,2598,196,825.64,72.53,1.0
11547,96,46,2596,192,825.63,75.82,1.0
11548,86,45,2586,172,825.59,71.61,1.0
11549,107,36,2607,214,825.56,74.39,1.0
11550,99,36,2599,198,825.53,76.64,1.0
11551,89,32,2589,178,825.51,77.22,1.0
11552,98,43,2598,196,825.5,75.37,1.0
11553,109,48,2609,218,825.41,75.32,1.0
11554,162,54,2662,324,825.37,84.72,1.0
11555,289,57,2789,578,825.36,107.93,1.0
11556,204,8,2704,408,825.35,121.69,1.0
11557,77,7,2577,154,825.33,94.95,1.0
11558,90,42,2590,180,825.33,71.29,1.0
11559,246,55,2746,492,825.33,100.15,1.0
11560,108,48,2608,216,825.31,75.36,1.0
11561,188,54,2688,376,825.31,89.26,1.0
11562,98,40,2598,196,825.29,73.72,1.0
11563,134,49,2634,268,825.29,78.21,1.0
11564,146,7,2646,292,825.29,109.97,1.0
11565,282,9,2782,564,825.29,136.93,1.0
11566,145,52,2645,290,825.28,83.37,1.0
11567,171,8,2671,342,825.27,116.04,1.0
11568,281,57,2781,562,825.26,106.26,1.0
11569,86,33,2586,172,825.22,73.77,1.0
11570,236,56,2736,472,825.2,95.09,1.0
11571,286,57,2786,572,825.2,104.76,1.0
11572,98,33,2598,196,825.19,75.47,1.0
11573,241,55,2741,482,825.18,100.29,1.0
11574,149,55,2649,298,825.17,84.63,1.0
11575,222,54,2722,444,825.1,96.49,1.0
11576,98,31,2598,196,825.09,74.93,1.0
11577,71,41,2571,142,825.08,69.59,1.0
11578,85,40,2585,170,825.06,72.74,1.0
11579,126,50,2626,252,825.06,81.63,1.0
11580,110,47,2610,220,825.06,77.65,1.0
11581,164,50,2664,328,825.06,88.38,1.0
11582,290,9,2790,580,825.06,134.37,1.0
11583,99,31,2599,198,825.02,74.58,1.0
11584,96,45,2596,192,825.02,74.24,1.0
11585,121,48,2621,242,825.02,77.28,1.0
11586,95,42,2595,190,824.95,72.38,1.0
11587,113,46,2613,226,824.91,76.67,1.0
11588,118,49,2618,236,824.87,80.72,1.0
11589,93,47,2593,186,824.86,72.35,1.0
11590,86,35,2586,172,824.86,75.19,1.0
11591,185,8,2685,370,824.85,123.98,1.0
11592,101,47,2601,202,824.84,74.34,1.0
11593,179,53,2679,358,824.82,86.78,1.0
11594,112,47,2612,224,824.8,73.64,1.0
11595,97,42,2597,194,824.8,75.31,1.0
11596,144,52,2644,288,824.75,85.46,1.0
11597,99,34,2599,198,824.71,76.04,1.0
11598,225,55,2725,450,824.7,93.19,1.0
11599,207,54,2707,414,824.69,89.04,1.0
11600,32,6,2532,64,824.68,81.78,1.0
11601,96,7,2596,192,824.68,104.65,1.0
11602,234,56,2734,468,824.64,97.88,1.0
11603,104,42,2604,208,824.62,76.03,1.0
11604,106,37,2606,212,824.62,72.16,1.0
11605,18,6,2518,36,824.59,78.61,1.0
11606,102,47,2602,204,824.58,76.68,1.0
11607,184,55,2684,368,824.57,93.22,1.0
11608,95,37,2595,190,824.55,72.44,1.0
11609,159,51,2659,318,824.52,87.3,1.0
11610,277,56,2777,554,824.52,98.45,1.0
11611,175,54,2675,350,824.51,89.1,1.0
11612,104,40,2604,208,824.5,75.52,1.0
11613,85,45,2585,170,824.5,76.64,1.0
11614,216,8,2716,432,824.5,127.2,1.0
11615,294,57,2794,588,824.5,105.46,1.0
11616,89,43,2589,178,824.49,76.88,1.0
11617,115,7,2615,230,824.49,106.86,1.0
11618,173,54,2673,346,824.49,89.64,1.0
11619,100,47,2600,200,824.48,77.72,1.0
11620,103,48,2603,206,824.47,75.86,1.0
11621,106,33,2606,212,824.39,74.32,1.0
11622,196,54,2696,392,824.38,90.78,1.0
11623,86,38,2586,172,824.35,73.22,1.0
11624,99,30,2599,198,824.35,77.99,1.0
11625,182,54,2682,364,824.33,93.32,1.0
11626,271,9,2771,542,824.29,130.38,1.0
11627,98,39,2598,196,824.27,74.91,1.0
11628,139,49,2639,278,824.26,79.49,1.0
11629,99,40,2599,198,824.24,73.81,1.0
11630,71,42,2571,142,824.18,73.03,1.0
11631,89,40,2589,178,824.18,75.89,1.0
11632,213,55,2713,426,824.18,97.43,1.0
11633,158,53,2658,316,824.17,83.77,1.0
11634,71,38,2571,142,824.16,74.91,1.0
11635,158,54,2658,316,824.16,83.38,1.0
11636,86,44,2586,172,824.14,75.7,1.0
11637,108,47,2608,216,824.13,74.64,1.0
11638,17,6,2517,34,824.11,80.41,1.0
11639,287,57,2787,574,824.11,111.51,1.0
11640,133,52,2633,266,824.09,79.94,1.0
11641,89,44,2589,178,824.07,76.99,1.0
11642,12,6,2512,24,824.04,73.24,1.0
11643,299,9,2799,598,824.0,146.76,1.0
11644,85,41,2585,170,823.99,74.11,1.0
11645,201,55,2701,402,823.93,94.45,1.0
11646,247,8,2747,494,823.93,128.76,1.0
11647,107,30,2607,214,823.92,76.3,1.0
11648,71,35,2571,142,823.89,71.27,1.0
11649,86,30,2586,172,823.89,71.47,1.0
11650,274,56,2774,548,823.89,103.55,1.0
11651,95,7,2595,190,823.86,102.81,1.0
11652,98,38,2598,196,823.86,73.26,1.0
11653,285,57,2785,570,823.85,108.31,1.0
11654,241,9,2741,482,823.81,129.98,1.0
11655,104,38,2604,208,823.79,74.26,1.0
11656,268,57,2768,536,823.77,98.96,1.0
11657,253,56,2753,506,823.74,98.7,1.0
11658,90,37,2590,180,823.72,77.57,1.0
11659,95,41,2595,190,823.68,75.11,1.0
11660,104,35,2604,208,823.66,76.92,1.0
11661,106,35,2606,212,823.58,76.67,1.0
11662,71,43,2571,142,823.56,71.83,1.0
11663,171,53,2671,342,823.56,88.34,1.0
11664,263,56,2763,526,823.56,101.72,1.0
11665,33,6,2533,66,823.53,83.77,1.0
11666,106,34,2606,212,823.52,73.02,1.0
11667,111,48,2611,222,823.5,75.61,1.0
11668,99,39,2599,198,823.49,76.06,1.0
11669,118,50,2618,236,823.47,80.89,1.0
11670,95,36,2595,190,823.45,73.09,1.0
11671,137,51,2637,274,823.42,81.62,1.0
11672,106,38,2606,212,823.41,74.76,1.0
11673,100,48,2600,200,823.37,77.13,1.0
11674,103,49,2603,206,823.34,76.87,1.0
11675,262,58,2762,524,823.34,101.21,1.0
11676,132,52,2632,264,823.33,80.85,1.0
11677,174,55,2674,348,823.27,93.4,1.0
11678,94,47,2594,188,823.26,75.98,1.0
11679,106,36,2606,212,823.25,74.81,1.0
11680,26,6,2526,52,823.23,82.62,1.0
11681,20,6,2520,40,823.23,78.35,1.0
11682,71,40,2571,142,823.21,73.03,1.0
11683,216,56,2716,432,823.21,96.09,1.0
11684,168,53,2668,336,823.19,80.8,1.0
11685,141,51,2641,282,823.18,81.82,1.0
11686,261,58,2761,522,823.18,101.13,1.0
11687,99,37,2599,198,823.15,76.19,1.0
11688,172,53,2672,344,823.06,87.3,1.0
11689,198,54,2698,396,823.03,90.87,1.0
11690,44,6,2544,88,823.02,86.08,1.0
11691,106,41,2606,212,823.0,75.77,1.0
11692,93,48,2593,186,822.99,72.57,1.0
11693,106,42,2606,212,822.99,75.22,1.0
11694,276,57,2776,552,822.96,103.34,1.0
11695,153,53,2653,306,822.95,84.96,1.0
11696,89,33,2589,178,822.94,75.02,1.0
11697,156,52,2656,312,822.93,84.0,1.0
11698,233,57,2733,466,822.91,94.45,1.0
11699,89,36,2589,178,822.9,72.15,1.0
11700,70,42,2570,140,822.89,72.59,1.0
11701,204,55,2704,408,822.88,91.17,1.0
11702,180,54,2680,360,822.85,91.48,1.0
11703,110,48,2610,220,822.84,77.96,1.0
11704,112,48,2612,224,822.83,76.4,1.0
11705,90,33,2590,180,822.81,73.14,1.0
11706,89,30,2589,178,822.73,75.31,1.0
11707,152,52,2652,304,822.73,85.26,1.0
11708,97,45,2597,194,822.72,76.1,1.0
11709,215,8,2715,430,822.67,128.79,1.0
11710,275,57,2775,550,822.6,103.93,1.0
11711,226,56,2726,452,822.53,94.64,1.0
11712,104,30,2604,208,822.52,78.25,1.0
11713,151,53,2651,302,822.52,85.88,1.0
11714,101,48,2601,202,822.51,77.2,1.0
11715,71,37,2571,142,822.45,69.7,1.0
11716,136,49,2636,272,822.45,82.85,1.0
11717,89,35,2589,178,822.42,74.03,1.0
11718,104,39,2604,208,822.41,74.53,1.0
11719,235,57,2735,470,822.32,98.79,1.0
11720,71,39,2571,142,822.31,73.33,1.0
11721,246,9,2746,492,822.31,137.03,1.0
11722,121,49,2621,242,822.28,75.96,1.0
11723,165,54,2665,330,822.28,93.02,1.0
11724,175,8,2675,350,822.27,119.55,1.0
11725,98,35,2598,196,822.26,72.46,1.0
11726,240,58,2740,480,822.26,99.14,1.0
11727,90,44,2590,180,822.25,72.65,1.0
11728,95,43,2595,190,822.24,74.72,1.0
11729,208,8,2708,416,822.23,120.61,1.0
11730,193,8,2693,386,822.19,124.24,1.0
11731,250,8,2750,500,822.18,133.31,1.0
11732,299,57,2799,598,822.18,103.2,1.0
11733,138,52,2638,276,822.16,78.93,1.0
11734,71,33,2571,142,822.14,72.67,1.0
11735,108,49,2608,216,822.13,77.45,1.0
11736,288,9,2788,576,822.13,139.43,1.0
11737,90,36,2590,180,822.12,73.4,1.0
11738,259,57,2759,518,822.12,105.4,1.0
11739,254,56,2754,508,822.08,101.86,1.0
11740,283,56,2783,566,822.04,105.31,1.0
11741,131,51,2631,262,822.0,82.08,1.0
11742,71,34,2571,142,821.99,73.14,1.0
11743,181,54,2681,362,821.94,88.6,1.0
11744,226,57,2726,452,821.94,97.0,1.0
11745,90,35,2590,180,821.91,72.89,1.0
11746,296,57,2796,592,821.85,111.72,1.0
11747,81,32,2581,162,821.83,71.68,1.0
11748,90,38,2590,180,821.83,73.29,1.0
11749,223,55,2723,446,821.83,96.66,1.0
11750,293,57,2793,586,821.81,103.98,1.0
11751,203,54,2703,406,821.8,91.7,1.0
11752,90,31,2590,180,821.79,72.68,1.0
11753,127,52,2627,254,821.79,78.69,1.0
11754,95,46,2595,190,821.78,74.38,1.0
11755,86,31,2586,172,821.78,75.01,1.0
11756,184,56,2684,368,821.76,89.2,1.0
11757,32,29,2532,64,821.74,69.4,1.0
11758,82,34,2582,164,821.74,72.96,1.0
11759,157,53,2657,314,821.71,81.14,1.0
11760,273,57,2773,546,821.68,102.74,1.0
11761,160,53,2660,320,821.65,84.29,1.0
11762,95,45,2595,190,821.64,71.92,1.0
11763,80,31,2580,160,821.63,74.54,1.0
11764,104,46,2604,208,821.6,76.42,1.0
11765,89,42,2589,178,821.59,70.28,1.0
11766,98,45,2598,196,821.57,77.15,1.0
11767,114,50,2614,228,821.52,77.36,1.0
11768,253,57,2753,506,821.52,97.51,1.0
11769,135,51,2635,270,821.5,81.58,1.0
11770,176,53,2676,352,821.5,88.69,1.0
11771,200,55,2700,400,821.5,97.05,1.0
11772,144,53,2644,288,821.48,84.55,1.0
11773,75,32,2575,150,821.44,68.84,1.0
11774,130,50,2630,260,821.42,80.14,1.0
11775,143,50,2643,286,821.41,80.87,1.0
11776,116,47,2616,232,821.38,76.5,1.0
11777,108,50,2608,216,821.36,78.13,1.0
11778,296,56,2796,592,821.34,106.61,1.0
11779,134,51,2634,268,821.32,81.11,1.0
11780,42,29,2542,84,821.31,70.98,1.0
11781,95,31,2595,190,821.3,72.62,1.0
11782,71,31,2571,142,821.29,72.46,1.0
11783,142,53,2642,284,821.27,81.75,1.0
11784,197,55,2697,394,821.25,92.57,1.0
11785,81,35,2581,162,821.24,72.5,1.0
11786,245,8,2745,490,821.2,134.0,1.0
11787,102,48,2602,204,821.18,80.93,1.0
11788,103,50,2603,206,821.15,76.09,1.0
11789,300,57,2800,600,821.13,105.19,1.0
11790,86,37,2586,172,821.12,71.88,1.0
11791,144,54,2644,288,821.12,86.19,1.0
11792,87,32,2587,174,821.11,75.76,1.0
11793,114,49,2614,228,821.1,76.25,1.0
11794,178,8,2678,356,821.09,119.65,1.0
11795,270,58,2770,540,821.05,99.12,1.0
11796,106,45,2606,212,821.04,73.98,1.0
11797,65,37,2565,130,821.02,73.89,1.0
11798,95,34,2595,190,821.01,71.3,1.0
11799,89,34,2589,178,821.01,76.28,1.0
11800,177,55,2677,354,820.99,91.44,1.0
11801,86,42,2586,172,820.98,74.44,1.0
11802,105,48,2605,210,820.98,78.48,1.0
11803,8,6,2508,16,820.94,74.6,1.0
11804,68,33,2568,136,820.94,72.85,1.0
11805,86,34,2586,172,820.93,70.75,1.0
11806,107,46,2607,214,820.93,74.28,1.0
11807,278,57,2778,556,820.93,105.49,1.0
11808,215,56,2715,430,820.91,96.79,1.0
11809,81,39,2581,162,820.9,73.35,1.0
11810,96,47,2596,192,820.9,76.92,1.0
11811,115,48,2615,230,820.84,76.12,1.0
11812,122,49,2622,244,820.76,78.67,1.0
11813,119,7,2619,238,820.74,109.62,1.0
11814,292,57,2792,584,820.68,107.87,1.0
11815,257,57,2757,514,820.67,101.52,1.0
11816,25,6,2525,50,820.66,83.39,1.0
11817,82,39,2582,164,820.66,70.64,1.0
11818,230,56,2730,460,820.65,97.19,1.0
11819,283,9,2783,566,820.62,136.03,1.0
11820,117,47,2617,234,820.59,75.06,1.0
11821,120,50,2620,240,820.58,80.76,1.0
11822,250,57,2750,500,820.57,100.3,1.0
11823,281,58,2781,562,820.55,104.39,1.0
11824,170,53,2670,340,820.53,92.53,1.0
11825,10,6,2510,20,820.52,76.62,1.0
11826,37,29,2537,74,820.52,70.96,1.0
11827,81,40,2581,162,820.52,73.43,1.0
11828,168,7,2668,336,820.52,118.92,1.0
11829,106,44,2606,212,820.46,71.3,1.0
11830,71,36,2571,142,820.45,74.43,1.0
11831,178,52,2678,356,820.44,87.49,1.0
11832,291,57,2791,582,820.44,107.92,1.0
11833,68,31,2568,136,820.43,73.23,1.0
11834,117,48,2617,234,820.43,75.98,1.0
11835,125,51,2625,250,820.43,82.17,1.0
11836,87,39,2587,174,820.42,75.12,1.0
11837,288,57,2788,576,820.4,104.68,1.0
11838,120,51,2620,240,820.34,83.25,1.0
11839,163,53,2663,326,820.34,88.7,1.0
11840,95,32,2595,190,820.33,74.53,1.0
11841,98,30,2598,196,820.32,73.25,1.0
11842,187,54,2687,374,820.3,88.96,1.0
11843,279,9,2779,558,820.26,134.14,1.0
11844,27,29,2527,54,820.25,70.65,1.0
11845,150,52,2650,300,820.2,84.73,1.0
11846,245,58,2745,490,820.2,101.55,1.0
11847,81,41,2581,162,820.17,73.74,1.0
11848,192,54,2692,384,820.17,88.23,1.0
11849,242,55,2742,484,820.16,97.17,1.0
11850,164,51,2664,328,820.15,87.6,1.0
11851,166,53,2666,332,820.15,86.59,1.0
11852,83,39,2583,166,820.14,70.19,1.0
11853,90,32,2590,180,820.13,72.45,1.0
11854,183,55,2683,366,820.12,90.23,1.0
11855,282,58,2782,564,820.1,111.71,1.0
11856,75,41,2575,150,820.09,72.72,1.0
11857,90,39,2590,180,820.09,73.55,1.0
11858,94,49,2594,188,820.07,78.49,1.0
11859,80,37,2580,160,820.06,75.65,1.0
11860,281,9,2781,562,820.06,143.52,1.0
11861,70,38,2570,140,820.05,72.41,1.0
11862,22,6,2522,44,820.04,79.5,1.0
11863,87,43,2587,174,820.02,76.61,1.0
11864,119,50,2619,238,820.01,79.84,1.0
11865,75,40,2575,150,820.0,72.64,1.0
11866,80,33,2580,160,819.91,75.39,1.0
11867,104,45,2604,208,819.9,77.5,1.0
11868,30,6,2530,60,819.89,82.01,1.0
11869,89,46,2589,178,819.88,75.49,1.0
11870,228,8,2728,456,819.86,133.46,1.0
11871,89,39,2589,178,819.84,76.3,1.0
11872,92,32,2592,184,819.84,75.56,1.0
11873,284,58,2784,568,819.8,111.65,1.0
11874,80,40,2580,160,819.78,73.03,1.0
11875,79,36,2579,158,819.77,72.48,1.0
11876,183,56,2683,366,819.77,91.9,1.0
11877,256,57,2756,512,819.77,98.87,1.0
11878,75,33,2575,150,819.76,72.91,1.0
11879,167,54,2667,334,819.76,87.2,1.0
11880,221,55,2721,442,819.73,93.62,1.0
11881,279,57,2779,558,819.69,99.46,1.0
11882,202,55,2702,404,819.68,97.63,1.0
11883,213,56,2713,426,819.68,94.59,1.0
11884,140,52,2640,280,819.67,84.78,1.0
11885,80,30,2580,160,819.65,73.83,1.0
11886,80,38,2580,160,819.65,73.47,1.0
11887,244,55,2744,488,819.65,100.13,1.0
11888,21,29,2521,42,819.57,71.17,1.0
11889,81,44,2581,162,819.57,75.81,1.0
11890,260,57,2760,520,819.57,98.54,1.0
11891,251,57,2751,502,819.54,100.66,1.0
11892,92,7,2592,184,819.52,98.63,1.0
11893,81,34,2581,162,819.51,73.53,1.0
11894,71,45,2571,142,819.49,72.4,1.0
11895,87,42,2587,174,819.49,74.37,1.0
11896,295,9,2795,590,819.48,139.88,1.0
11897,94,48,2594,188,819.46,75.62,1.0
11898,91,48,2591,182,819.46,77.49,1.0
11899,95,35,2595,190,819.45,73.09,1.0
11900,82,36,2582,164,819.43,73.02,1.0
11901,111,49,2611,222,819.42,72.58,1.0
11902,98,34,2598,196,819.42,71.8,1.0
11903,81,43,2581,162,819.33,72.88,1.0
11904,68,43,2568,136,819.32,73.02,1.0
11905,98,46,2598,196,819.3,76.53,1.0
11906,29,29,2529,58,819.28,71.66,1.0
11907,81,30,2581,162,819.2,72.23,1.0
11908,128,49,2628,256,819.19,80.26,1.0
11909,83,36,2583,166,819.09,77.23,1.0
11910,144,7,2644,288,819.06,114.44,1.0
11911,248,57,2748,496,819.04,99.77,1.0
11912,88,47,2588,176,818.93,74.67,1.0
11913,99,45,2599,198,818.93,75.51,1.0
11914,75,35,2575,150,818.92,68.77,1.0
11915,86,47,2586,172,818.92,74.79,1.0
11916,169,54,2669,338,818.91,90.68,1.0
11917,85,46,2585,170,818.9,76.62,1.0
11918,191,54,2691,382,818.86,94.62,1.0
11919,117,49,2617,234,818.85,80.28,1.0
11920,97,46,2597,194,818.85,75.13,1.0
11921,164,52,2664,328,818.81,89.56,1.0
11922,87,38,2587,174,818.8,74.65,1.0
11923,68,37,2568,136,818.79,75.69,1.0
11924,222,55,2722,444,818.78,96.59,1.0
11925,114,7,2614,228,818.77,107.16,1.0
11926,81,31,2581,162,818.7,78.81,1.0
11927,146,53,2646,292,818.69,82.65,1.0
11928,200,8,2700,400,818.68,120.94,1.0
11929,108,51,2608,216,818.66,77.92,1.0
11930,190,54,2690,380,818.66,89.81,1.0
11931,172,54,2672,344,818.65,87.03,1.0
11932,75,38,2575,150,818.64,74.37,1.0
11933,185,55,2685,370,818.64,92.03,1.0
11934,26,29,2526,52,818.63,68.2,1.0
11935,82,31,2582,164,818.63,73.39,1.0
11936,133,53,2633,266,818.63,84.63,1.0
11937,81,33,2581,162,818.61,76.0,1.0
11938,201,8,2701,402,818.59,126.48,1.0
11939,126,51,2626,252,818.57,81.09,1.0
11940,264,56,2764,528,818.56,100.84,1.0
11941,133,54,2633,266,818.54,84.17,1.0
11942,211,8,2711,422,818.53,129.65,1.0
11943,92,37,2592,184,818.49,76.21,1.0
11944,227,56,2727,454,818.49,94.58,1.0
11945,5,6,2505,10,818.43,76.13,1.0
11946,107,7,2607,214,818.41,111.97,1.0
11947,213,8,2713,426,818.4,133.0,1.0
11948,189,54,2689,378,818.37,93.06,1.0
11949,31,29,2531,62,818.35,71.01,1.0
11950,129,51,2629,258,818.3,80.11,1.0
11951,155,53,2655,310,818.3,87.71,1.0
11952,115,49,2615,230,818.29,76.44,1.0
11953,35,29,2535,70,818.28,69.52,1.0
11954,130,51,2630,260,818.25,82.61,1.0
11955,207,55,2707,414,818.23,92.16,1.0
11956,124,51,2624,248,818.21,79.87,1.0
11957,107,47,2607,214,818.2,74.13,1.0
11958,96,48,2596,192,818.2,76.76,1.0
11959,111,7,2611,222,818.19,106.52,1.0
11960,104,48,2604,208,818.18,75.82,1.0
11961,271,57,2771,542,818.17,104.59,1.0
11962,109,50,2609,218,818.16,78.55,1.0
11963,179,54,2679,358,818.15,92.01,1.0
11964,70,32,2570,140,818.14,73.32,1.0
11965,81,36,2581,162,818.14,71.07,1.0
11966,68,38,2568,136,818.09,71.59,1.0
11967,90,34,2590,180,818.09,72.53,1.0
11968,87,44,2587,174,818.07,76.24,1.0
11969,94,50,2594,188,818.05,79.29,1.0
11970,293,9,2793,586,818.02,140.74,1.0
11971,81,42,2581,162,817.96,74.94,1.0
11972,80,44,2580,160,817.95,74.57,1.0
11973,112,49,2612,224,817.94,80.67,1.0
11974,92,42,2592,184,817.93,75.93,1.0
11975,65,38,2565,130,817.91,75.49,1.0
11976,75,31,2575,150,817.9,69.88,1.0
11977,264,9,2764,528,817.89,130.82,1.0
11978,148,53,2648,296,817.88,82.69,1.0
11979,68,39,2568,136,817.87,76.0,1.0
11980,92,38,2592,184,817.87,75.78,1.0
11981,119,51,2619,238,817.85,82.81,1.0
11982,105,49,2605,210,817.84,76.97,1.0
11983,87,37,2587,174,817.82,75.07,1.0
11984,134,7,2634,268,817.8,112.37,1.0
11985,75,44,2575,150,817.78,74.76,1.0
11986,71,47,2571,142,817.74,73.66,1.0
11987,93,49,2593,186,817.73,79.97,1.0
11988,137,52,2637,274,817.72,84.31,1.0
11989,132,53,2632,264,817.72,87.52,1.0
11990,258,56,2758,516,817.71,96.58,1.0
11991,70,41,2570,140,817.7,72.77,1.0
11992,75,36,2575,150,817.69,70.32,1.0
11993,159,52,2659,318,817.69,82.27,1.0
11994,80,42,2580,160,817.68,73.2,1.0
11995,75,34,2575,150,817.65,74.33,1.0
11996,244,9,2744,488,817.63,135.49,1.0
11997,252,56,2752,504,817.58,103.49,1.0
11998,68,42,2568,136,817.56,72.9,1.0
11999,90,43,2590,180,817.53,71.56,1.0
12000,143,51,2643,286,817.53,83.79,1.0
12001,86,46,2586,172,817.51,75.65,1.0
12002,243,57,2743,486,817.49,96.97,1.0
12003,75,30,2575,150,817.46,69.15,1.0
12004,132,54,2632,264,817.44,86.15,1.0
12005,70,30,2570,140,817.43,74.84,1.0
12006,68,34,2568,136,817.42,71.01,1.0
12007,81,37,2581,162,817.41,73.26,1.0
12008,65,31,2565,130,817.37,71.87,1.0
12009,231,8,2731,462,817.35,133.34,1.0
12010,82,42,2582,164,817.31,71.55,1.0
12011,163,54,2663,326,817.31,90.88,1.0
12012,210,56,2710,420,817.3,98.67,1.0
12013,255,8,2755,510,817.27,135.04,1.0
12014,186,56,2686,372,817.26,95.35,1.0
12015,33,29,2533,66,817.25,68.21,1.0
12016,81,45,2581,162,817.19,75.59,1.0
12017,173,55,2673,346,817.19,89.56,1.0
12018,298,9,2798,596,817.19,138.96,1.0
12019,98,47,2598,196,817.15,73.4,1.0
12020,218,56,2718,436,817.15,96.21,1.0
12021,80,35,2580,160,817.13,73.54,1.0
12022,65,35,2565,130,817.11,71.21,1.0
12023,195,55,2695,390,817.1,94.99,1.0
12024,91,47,2591,182,817.04,75.43,1.0
12025,70,31,2570,140,817.01,76.3,1.0
12026,272,57,2772,544,817.01,103.24,1.0
12027,199,56,2699,398,817.0,94.13,1.0
12028,80,43,2580,160,816.99,74.71,1.0
12029,70,44,2570,140,816.97,71.31,1.0
12030,102,50,2602,204,816.97,78.95,1.0
12031,122,50,2622,244,816.96,75.45,1.0
12032,71,46,2571,142,816.95,75.22,1.0
12033,65,34,2565,130,816.94,70.91,1.0
12034,147,53,2647,294,816.94,87.87,1.0
12035,87,36,2587,174,816.93,74.2,1.0
12036,295,58,2795,590,816.93,110.58,1.0
12037,31,6,2531,62,816.88,83.13,1.0
12038,75,43,2575,150,816.88,69.62,1.0
12039,90,30,2590,180,816.87,74.84,1.0
12040,92,30,2592,184,816.87,78.47,1.0
12041,86,48,2586,172,816.85,76.99,1.0
12042,90,41,2590,180,816.85,73.8,1.0
12043,167,55,2667,334,816.85,88.5,1.0
12044,92,33,2592,184,816.83,74.7,1.0
12045,153,54,2653,306,816.78,88.35,1.0
12046,290,58,2790,580,816.76,100.23,1.0
12047,87,33,2587,174,816.74,71.91,1.0
12048,65,33,2565,130,816.73,72.09,1.0
12049,297,58,2797,594,816.73,109.89,1.0
12050,39,29,2539,78,816.72,68.56,1.0
12051,82,30,2582,164,816.72,71.39,1.0
12052,139,50,2639,278,816.7,82.42,1.0
12053,75,45,2575,150,816.69,71.37,1.0
12054,188,55,2688,376,816.69,91.21,1.0
12055,203,55,2703,406,816.66,92.15,1.0
12056,80,32,2580,160,816.65,74.27,1.0
12057,238,57,2738,476,816.64,97.9,1.0
12058,185,56,2685,370,816.63,94.92,1.0
12059,192,55,2692,384,816.62,86.09,1.0
12060,113,7,2613,226,816.61,110.91,1.0
12061,92,40,2592,184,816.61,76.42,1.0
12062,66,44,2566,132,816.54,71.69,1.0
12063,78,31,2578,156,816.53,70.7,1.0
12064,80,41,2580,160,816.51,71.27,1.0
12065,92,31,2592,184,816.5,74.85,1.0
12066,66,32,2566,132,816.47,72.15,1.0
12067,61,6,2561,122,816.46,97.67,1.0
12068,102,49,2602,204,816.45,78.4,1.0
12069,289,58,2789,578,816.43,105.61,1.0
12070,41,6,2541,82,816.38,85.11,1.0
12071,82,43,2582,164,816.38,73.43,1.0
12072,87,35,2587,174,816.36,73.82,1.0
12073,85,47,2585,170,816.36,77.45,1.0
12074,24,6,2524,48,816.29,80.65,1.0
12075,92,44,2592,184,816.29,77.89,1.0
12076,150,53,2650,300,816.29,84.6,1.0
12077,68,44,2568,136,816.25,73.69,1.0
12078,94,51,2594,188,816.25,79.75,1.0
12079,113,48,2613,226,816.24,75.44,1.0
12080,82,41,2582,164,816.23,73.14,1.0
12081,90,45,2590,180,816.23,73.58,1.0
12082,80,36,2580,160,816.21,77.19,1.0
12083,104,47,2604,208,816.21,77.54,1.0
12084,268,58,2768,536,816.2,102.08,1.0
12085,87,41,2587,174,816.19,75.0,1.0
12086,226,8,2726,452,816.19,133.06,1.0
12087,28,29,2528,56,816.17,69.27,1.0
12088,68,36,2568,136,816.17,74.27,1.0
12089,151,54,2651,302,816.17,84.66,1.0
12090,274,9,2774,548,816.17,137.2,1.0
12091,89,45,2589,178,816.15,77.66,1.0
12092,265,57,2765,530,816.15,103.02,1.0
12093,82,33,2582,164,816.13,73.18,1.0
12094,68,40,2568,136,816.12,74.12,1.0
12095,135,53,2635,270,816.12,85.17,1.0
12096,292,9,2792,584,816.11,143.57,1.0
12097,87,31,2587,174,816.1,73.27,1.0
12098,198,55,2698,396,816.09,88.1,1.0
12099,95,47,2595,190,816.08,78.69,1.0
12100,78,44,2578,156,816.05,70.86,1.0
12101,236,57,2736,472,816.01,99.11,1.0
12102,68,30,2568,136,815.99,74.91,1.0
12103,135,52,2635,270,815.99,81.13,1.0
12104,84,44,2584,168,815.98,72.11,1.0
12105,232,57,2732,464,815.96,95.27,1.0
12106,239,57,2739,478,815.96,99.85,1.0
12107,84,32,2584,168,815.94,72.19,1.0
12108,70,37,2570,140,815.92,72.28,1.0
12109,146,54,2646,292,815.92,86.08,1.0
12110,30,29,2530,60,815.89,67.44,1.0
12111,92,36,2592,184,815.89,75.17,1.0
12112,254,57,2754,508,815.89,103.47,1.0
12113,79,38,2579,158,815.88,75.69,1.0
12114,118,7,2618,236,815.87,111.81,1.0
12115,136,50,2636,272,815.83,84.0,1.0
12116,287,58,2787,574,815.81,109.43,1.0
12117,79,44,2579,158,815.79,74.44,1.0
12118,84,30,2584,168,815.78,71.9,1.0
12119,90,40,2590,180,815.76,72.59,1.0
12120,105,50,2605,210,815.75,80.09,1.0
12121,87,40,2587,174,815.7,75.62,1.0
12122,83,30,2583,166,815.7,74.27,1.0
12123,114,51,2614,228,815.67,80.36,1.0
12124,66,43,2566,132,815.66,74.47,1.0
12125,299,58,2799,598,815.63,106.0,1.0
12126,113,49,2613,226,815.61,76.5,1.0
12127,83,33,2583,166,815.6,71.97,1.0
12128,142,54,2642,284,815.59,84.95,1.0
12129,80,39,2580,160,815.58,78.3,1.0
12130,139,51,2639,278,815.57,83.2,1.0
12131,70,36,2570,140,815.56,74.58,1.0
12132,284,8,2784,568,815.56,141.61,1.0
12133,13,6,2513,26,815.52,78.25,1.0
12134,66,41,2566,132,815.48,71.23,1.0
12135,247,58,2747,494,815.46,105.28,1.0
12136,293,58,2793,586,815.46,103.24,1.0
12137,88,48,2588,176,815.44,73.38,1.0
12138,88,46,2588,176,815.43,71.27,1.0
12139,78,37,2578,156,815.4,74.44,1.0
12140,83,34,2583,166,815.4,73.03,1.0
12141,90,46,2590,180,815.4,72.11,1.0
12142,66,31,2566,132,815.39,71.9,1.0
12143,83,42,2583,166,815.36,75.48,1.0
12144,294,9,2794,588,815.36,136.13,1.0
12145,83,43,2583,166,815.33,75.01,1.0
12146,70,33,2570,140,815.25,72.58,1.0
12147,81,38,2581,162,815.25,73.52,1.0
12148,71,48,2571,142,815.23,76.76,1.0
12149,221,56,2721,442,815.22,94.71,1.0
12150,64,6,2564,128,815.21,98.01,1.0
12151,97,47,2597,194,815.17,74.48,1.0
12152,222,8,2722,444,815.17,129.37,1.0
12153,69,33,2569,138,815.15,70.24,1.0
12154,75,42,2575,150,815.15,70.97,1.0
12155,83,44,2583,166,815.15,75.73,1.0
12156,92,35,2592,184,815.1,75.91,1.0
12157,172,55,2672,344,815.1,90.31,1.0
12158,225,56,2725,450,815.08,94.52,1.0
12159,84,36,2584,168,815.05,73.02,1.0
12160,212,8,2712,424,815.04,123.62,1.0
12161,224,55,2724,448,815.03,94.39,1.0
12162,101,50,2601,202,815.02,78.05,1.0
12163,162,55,2662,324,815.02,86.12,1.0
12164,83,40,2583,166,814.98,75.07,1.0
12165,117,7,2617,234,814.98,108.0,1.0
12166,125,52,2625,250,814.98,79.26,1.0
12167,75,37,2575,150,814.97,70.98,1.0
12168,129,52,2629,258,814.95,84.44,1.0
12169,82,40,2582,164,814.94,73.56,1.0
12170,237,56,2737,474,814.92,102.33,1.0
12171,78,36,2578,156,814.88,72.57,1.0
12172,124,52,2624,248,814.88,81.47,1.0
12173,156,53,2656,312,814.88,80.07,1.0
12174,78,35,2578,156,814.87,70.78,1.0
12175,116,48,2616,232,814.87,77.04,1.0
12176,42,6,2542,84,814.86,87.52,1.0
12177,82,37,2582,164,814.86,72.09,1.0
12178,92,34,2592,184,814.86,74.73,1.0
12179,106,46,2606,212,814.85,76.0,1.0
12180,66,36,2566,132,814.83,72.65,1.0
12181,115,50,2615,230,814.82,79.43,1.0
12182,189,8,2689,378,814.81,123.56,1.0
12183,82,35,2582,164,814.8,73.11,1.0
12184,97,49,2597,194,814.8,76.64,1.0
12185,196,55,2696,392,814.78,99.01,1.0
12186,62,6,2562,124,814.77,92.7,1.0
12187,298,57,2798,596,814.69,107.45,1.0
12188,118,51,2618,236,814.68,80.99,1.0
12189,129,7,2629,258,814.68,108.75,1.0
12190,197,56,2697,394,814.66,91.01,1.0
12191,111,50,2611,222,814.65,77.89,1.0
12192,68,45,2568,136,814.64,74.96,1.0
12193,70,35,2570,140,814.63,76.22,1.0
12194,79,42,2579,158,814.63,72.86,1.0
12195,66,40,2566,132,814.6,73.39,1.0
12196,65,32,2565,130,814.58,72.74,1.0
12197,83,31,2583,166,814.58,73.16,1.0
12198,193,56,2693,386,814.57,93.4,1.0
12199,75,39,2575,150,814.55,70.99,1.0
12200,79,41,2579,158,814.54,72.02,1.0
12201,84,31,2584,168,814.52,70.56,1.0
12202,212,56,2712,424,814.51,92.55,1.0
12203,116,49,2616,232,814.5,74.4,1.0
12204,84,39,2584,168,814.49,72.53,1.0
12205,101,49,2601,202,814.48,79.6,1.0
12206,208,56,2708,416,814.45,91.37,1.0
12207,201,56,2701,402,814.44,95.78,1.0
12208,70,40,2570,140,814.42,74.69,1.0
12209,128,50,2628,256,814.41,81.98,1.0
12210,85,48,2585,170,814.39,75.09,1.0
12211,127,53,2627,254,814.38,80.24,1.0
12212,254,8,2754,508,814.36,135.33,1.0
12213,19,6,2519,38,814.35,80.84,1.0
12214,186,57,2686,372,814.35,95.38,1.0
12215,66,30,2566,132,814.33,72.34,1.0
12216,286,58,2786,572,814.32,105.04,1.0
12217,161,52,2661,322,814.25,81.98,1.0
12218,92,41,2592,184,814.23,73.22,1.0
12219,120,52,2620,240,814.22,78.87,1.0
12220,182,55,2682,364,814.21,88.09,1.0
12221,170,54,2670,340,814.2,88.29,1.0
12222,217,55,2717,434,814.19,95.85,1.0
12223,65,43,2565,130,814.15,73.49,1.0
12224,211,56,2711,422,814.14,93.4,1.0
12225,70,45,2570,140,814.13,76.03,1.0
12226,87,46,2587,174,814.13,78.76,1.0
12227,66,39,2566,132,814.11,71.9,1.0
12228,80,34,2580,160,814.11,76.25,1.0
12229,82,45,2582,164,814.11,67.66,1.0
12230,23,29,2523,46,814.04,68.26,1.0
12231,296,9,2796,592,814.01,146.23,1.0
12232,84,38,2584,168,814.0,74.19,1.0
12233,145,54,2645,290,814.0,81.87,1.0
12234,163,55,2663,326,814.0,95.12,1.0
12235,54,6,2554,108,813.99,93.11,1.0
12236,83,38,2583,166,813.97,74.02,1.0
12237,286,9,2786,572,813.94,143.84,1.0
12238,70,34,2570,140,813.92,72.87,1.0
12239,64,31,2564,128,813.9,71.65,1.0
12240,138,53,2638,276,813.89,81.55,1.0
12241,227,8,2727,454,813.87,129.5,1.0
12242,78,43,2578,156,813.85,72.28,1.0
12243,84,37,2584,168,813.85,72.61,1.0
12244,66,34,2566,132,813.84,71.91,1.0
12245,243,8,2743,486,813.84,130.9,1.0
12246,87,34,2587,174,813.82,76.42,1.0
12247,143,52,2643,286,813.81,83.42,1.0
12248,40,29,2540,80,813.8,71.79,1.0
12249,228,57,2728,456,813.79,98.15,1.0
12250,125,7,2625,250,813.78,111.69,1.0
12251,149,56,2649,298,813.78,90.18,1.0
12252,166,54,2666,332,813.77,89.08,1.0
12253,235,8,2735,470,813.73,134.33,1.0
12254,229,8,2729,458,813.71,126.09,1.0
12255,99,49,2599,198,813.65,77.81,1.0
12256,80,45,2580,160,813.62,74.74,1.0
12257,106,47,2606,212,813.62,74.03,1.0
12258,109,51,2609,218,813.62,77.24,1.0
12259,112,7,2612,224,813.61,104.34,1.0
12260,142,55,2642,284,813.6,87.15,1.0
12261,159,53,2659,318,813.6,91.01,1.0
12262,121,50,2621,242,813.58,80.0,1.0
12263,65,44,2565,130,813.54,71.55,1.0
12264,157,54,2657,314,813.54,86.02,1.0
12265,99,46,2599,198,813.53,78.73,1.0
12266,251,8,2751,502,813.52,131.1,1.0
12267,91,49,2591,182,813.51,80.25,1.0
12268,209,57,2709,418,813.5,94.77,1.0
12269,269,57,2769,538,813.46,103.69,1.0
12270,92,39,2592,184,813.44,77.38,1.0
12271,25,29,2525,50,813.41,69.11,1.0
12272,87,45,2587,174,813.41,75.84,1.0
12273,152,53,2652,304,813.39,86.69,1.0
12274,210,57,2710,420,813.37,97.7,1.0
12275,52,6,2552,104,813.36,93.31,1.0
12276,70,39,2570,140,813.33,74.53,1.0
12277,79,32,2579,158,813.33,72.89,1.0
12278,158,55,2658,316,813.31,87.05,1.0
12279,93,50,2593,186,813.3,77.28,1.0
12280,253,8,2753,506,813.25,133.02,1.0
12281,123,51,2623,246,813.19,84.4,1.0
12282,84,42,2584,168,813.17,71.25,1.0
12283,119,52,2619,238,813.1,79.91,1.0
12284,87,30,2587,174,813.09,75.09,1.0
12285,83,37,2583,166,813.03,74.22,1.0
12286,38,6,2538,76,813.02,88.76,1.0
12287,97,48,2597,194,813.01,77.18,1.0
12288,99,47,2599,198,813.0,77.24,1.0
12289,82,32,2582,164,812.96,70.79,1.0
12290,188,56,2688,376,812.96,92.07,1.0
12291,65,41,2565,130,812.93,73.95,1.0
12292,179,55,2679,358,812.93,87.29,1.0
12293,82,38,2582,164,812.91,73.53,1.0
12294,227,57,2727,454,812.91,94.5,1.0
12295,64,34,2564,128,812.9,72.66,1.0
12296,240,8,2740,480,812.9,135.41,1.0
12297,90,48,2590,180,812.88,74.21,1.0
12298,249,8,2749,498,812.87,138.15,1.0
12299,78,34,2578,156,812.85,72.9,1.0
12300,65,46,2565,130,812.83,75.11,1.0
12301,66,33,2566,132,812.83,72.79,1.0
12302,231,56,2731,462,812.83,99.72,1.0
12303,65,42,2565,130,812.8,70.98,1.0
12304,84,43,2584,168,812.8,72.12,1.0
12305,89,48,2589,178,812.77,76.01,1.0
12306,246,56,2746,492,812.77,100.63,1.0
12307,110,49,2610,220,812.74,76.79,1.0
12308,83,32,2583,166,812.73,77.75,1.0
12309,100,49,2600,200,812.73,79.55,1.0
12310,65,30,2565,130,812.72,73.89,1.0
12311,206,56,2706,412,812.72,99.19,1.0
12312,36,6,2536,72,812.71,84.02,1.0
12313,65,36,2565,130,812.68,73.55,1.0
12314,83,35,2583,166,812.67,73.9,1.0
12315,249,58,2749,498,812.66,103.14,1.0
12316,82,44,2582,164,812.62,71.73,1.0
12317,188,8,2688,376,812.54,120.97,1.0
12318,65,39,2565,130,812.52,69.69,1.0
12319,68,32,2568,136,812.52,76.99,1.0
12320,133,55,2633,266,812.51,84.2,1.0
12321,265,8,2765,530,812.5,134.3,1.0
12322,84,33,2584,168,812.48,77.8,1.0
12323,79,31,2579,158,812.47,72.09,1.0
12324,297,59,2797,594,812.46,106.26,1.0
12325,66,37,2566,132,812.45,73.63,1.0
12326,70,43,2570,140,812.43,75.23,1.0
12327,220,8,2720,440,812.39,129.91,1.0
12328,232,8,2732,464,812.38,133.8,1.0
12329,73,36,2573,146,812.35,72.1,1.0
12330,84,34,2584,168,812.32,71.53,1.0
12331,24,29,2524,48,812.31,71.08,1.0
12332,214,55,2714,428,812.31,92.94,1.0
12333,79,45,2579,158,812.3,71.88,1.0
12334,86,49,2586,172,812.29,79.48,1.0
12335,66,45,2566,132,812.27,73.62,1.0
12336,106,48,2606,212,812.26,75.63,1.0
12337,131,52,2631,262,812.23,81.55,1.0
12338,242,56,2742,484,812.23,96.81,1.0
12339,141,52,2641,282,812.21,79.82,1.0
12340,120,53,2620,240,812.18,84.43,1.0
12341,224,56,2724,448,812.18,96.41,1.0
12342,43,6,2543,86,812.16,86.46,1.0
12343,84,41,2584,168,812.15,72.89,1.0
12344,64,41,2564,128,812.14,73.14,1.0
12345,130,52,2630,260,812.13,81.14,1.0
12346,116,50,2616,232,812.12,76.14,1.0
12347,225,8,2725,450,812.11,124.89,1.0
12348,185,57,2685,370,812.08,96.15,1.0
12349,142,7,2642,284,812.07,114.31,1.0
12350,292,58,2792,584,812.06,109.63,1.0
12351,108,52,2608,216,812.05,78.25,1.0
12352,168,54,2668,336,812.01,87.07,1.0
12353,78,33,2578,156,811.98,70.78,1.0
12354,66,35,2566,132,811.95,72.57,1.0
12355,156,54,2656,312,811.95,85.01,1.0
12356,266,59,2766,532,811.94,106.67,1.0
12357,79,34,2579,158,811.92,71.4,1.0
12358,79,37,2579,158,811.92,72.23,1.0
12359,267,9,2767,534,811.92,141.71,1.0
12360,112,51,2612,224,811.9,81.58,1.0
12361,102,51,2602,204,811.89,76.43,1.0
12362,134,52,2634,268,811.88,80.18,1.0
12363,154,54,2654,308,811.86,88.96,1.0
12364,109,7,2609,218,811.83,108.57,1.0
12365,153,55,2653,306,811.82,86.87,1.0
12366,176,54,2676,352,811.81,86.79,1.0
12367,71,49,2571,142,811.8,74.74,1.0
12368,66,42,2566,132,811.78,72.02,1.0
12369,62,31,2562,124,811.77,71.68,1.0
12370,96,49,2596,192,811.74,75.7,1.0
12371,75,46,2575,150,811.71,71.26,1.0
12372,160,54,2660,320,811.71,90.19,1.0
12373,110,50,2610,220,811.7,76.75,1.0
12374,200,56,2700,400,811.7,94.93,1.0
12375,66,38,2566,132,811.69,72.56,1.0
12376,68,35,2568,136,811.69,70.88,1.0
12377,276,58,2776,552,811.66,103.29,1.0
12378,88,49,2588,176,811.65,77.48,1.0
12379,136,51,2636,272,811.65,81.98,1.0
12380,65,40,2565,130,811.64,69.44,1.0
12381,83,45,2583,166,811.63,75.03,1.0
12382,145,7,2645,290,811.63,110.47,1.0
12383,284,59,2784,568,811.59,105.4,1.0
12384,81,46,2581,162,811.58,71.08,1.0
12385,83,41,2583,166,811.58,74.2,1.0
12386,65,45,2565,130,811.56,73.17,1.0
12387,78,42,2578,156,811.54,72.99,1.0
12388,79,33,2579,158,811.54,71.4,1.0
12389,84,35,2584,168,811.54,70.72,1.0
12390,257,58,2757,514,811.54,108.64,1.0
12391,241,56,2741,482,811.52,99.82,1.0
12392,126,52,2626,252,811.48,85.96,1.0
12393,69,40,2569,138,811.46,71.86,1.0
12394,205,56,2705,410,811.46,96.57,1.0
12395,82,46,2582,164,811.41,74.55,1.0
12396,68,41,2568,136,811.38,73.51,1.0
12397,177,56,2677,354,811.37,93.78,1.0
12398,187,55,2687,374,811.36,93.59,1.0
12399,78,39,2578,156,811.34,72.69,1.0
12400,285,58,2785,570,811.34,105.74,1.0
12401,40,6,2540,80,811.33,87.65,1.0
12402,73,31,2573,146,811.33,71.56,1.0
12403,81,47,2581,162,811.33,71.11,1.0
12404,231,57,2731,462,811.31,99.57,1.0
12405,115,51,2615,230,811.3,78.94,1.0
12406,78,32,2578,156,811.28,74.27,1.0
12407,91,50,2591,182,811.28,75.11,1.0
12408,107,48,2607,214,811.27,77.12,1.0
12409,111,51,2611,222,811.25,77.58,1.0
12410,147,7,2647,294,811.19,116.01,1.0
12411,216,57,2716,432,811.19,100.79,1.0
12412,72,39,2572,144,811.17,70.96,1.0
12413,291,9,2791,582,811.13,153.27,1.0
12414,78,45,2578,156,811.11,72.28,1.0
12415,65,47,2565,130,811.09,73.75,1.0
12416,100,50,2600,200,811.08,79.04,1.0
12417,64,32,2564,128,811.06,72.44,1.0
12418,64,43,2564,128,811.06,75.1,1.0
12419,177,7,2677,354,811.05,123.89,1.0
12420,264,57,2764,528,811.05,103.4,1.0
12421,131,53,2631,262,811.04,79.87,1.0
12422,65,6,2565,130,811.01,94.83,1.0
12423,202,56,2702,404,811.0,94.42,1.0
12424,164,53,2664,328,810.98,89.31,1.0
12425,162,56,2662,324,810.94,85.08,1.0
12426,204,56,2704,408,810.93,94.7,1.0
12427,79,40,2579,158,810.92,73.8,1.0
12428,67,31,2567,134,810.91,74.17,1.0
12429,69,30,2569,138,810.9,70.86,1.0
12430,70,46,2570,140,810.86,74.98,1.0
12431,106,7,2606,212,810.86,100.08,1.0
12432,115,52,2615,230,810.86,81.25,1.0
12433,79,30,2579,158,810.85,73.88,1.0
12434,72,31,2572,144,810.83,74.21,1.0
12435,78,38,2578,156,810.83,73.14,1.0
12436,50,6,2550,100,810.8,88.82,1.0
12437,94,52,2594,188,810.78,82.03,1.0
12438,64,37,2564,128,810.76,73.02,1.0
12439,79,35,2579,158,810.75,71.05,1.0
12440,107,50,2607,214,810.74,78.42,1.0
12441,69,39,2569,138,810.73,71.15,1.0
12442,35,6,2535,70,810.72,87.5,1.0
12443,191,8,2691,382,810.72,127.85,1.0
12444,53,6,2553,106,810.71,89.05,1.0
12445,64,40,2564,128,810.71,74.54,1.0
12446,99,48,2599,198,810.7,79.49,1.0
12447,92,43,2592,184,810.63,76.18,1.0
12448,130,53,2630,260,810.63,88.24,1.0
12449,92,45,2592,184,810.61,73.71,1.0
12450,122,7,2622,244,810.6,108.22,1.0
12451,62,35,2562,124,810.59,70.87,1.0
12452,62,34,2562,124,810.57,75.74,1.0
12453,78,40,2578,156,810.52,72.99,1.0
12454,255,58,2755,510,810.5,97.64,1.0
12455,80,47,2580,160,810.41,75.76,1.0
12456,106,49,2606,212,810.41,76.57,1.0
12457,79,47,2579,158,810.39,75.39,1.0
12458,80,46,2580,160,810.39,73.16,1.0
12459,62,30,2562,124,810.36,72.08,1.0
12460,64,42,2564,128,810.35,75.48,1.0
12461,34,29,2534,68,810.35,68.48,1.0
12462,207,8,2707,414,810.34,127.66,1.0
12463,262,59,2762,524,810.32,99.93,1.0
12464,20,29,2520,40,810.3,70.44,1.0
12465,148,54,2648,296,810.3,85.0,1.0
12466,194,55,2694,388,810.3,91.82,1.0
12467,140,53,2640,280,810.29,87.32,1.0
12468,127,54,2627,254,810.27,83.67,1.0
12469,107,49,2607,214,810.23,77.42,1.0
12470,165,55,2665,330,810.22,87.4,1.0
12471,61,37,2561,122,810.16,73.67,1.0
12472,103,51,2603,206,810.15,79.36,1.0
12473,145,55,2645,290,810.13,85.92,1.0
12474,235,58,2735,470,810.12,100.41,1.0
12475,182,56,2682,364,810.09,91.8,1.0
12476,277,57,2777,554,810.09,105.98,1.0
12477,149,7,2649,298,810.07,115.59,1.0
12478,118,52,2618,236,810.04,85.07,1.0
12479,69,34,2569,138,810.03,70.71,1.0
12480,238,58,2738,476,810.02,101.04,1.0
12481,123,52,2623,246,809.99,81.31,1.0
12482,126,53,2626,252,809.98,87.71,1.0
12483,253,58,2753,506,809.97,105.24,1.0
12484,278,58,2778,556,809.97,103.58,1.0
12485,204,57,2704,408,809.96,92.96,1.0
12486,89,47,2589,178,809.94,78.38,1.0
12487,191,55,2691,382,809.94,94.23,1.0
12488,113,50,2613,226,809.88,78.3,1.0
12489,78,41,2578,156,809.87,73.36,1.0
12490,260,58,2760,520,809.87,99.63,1.0
12491,73,44,2573,146,809.85,73.25,1.0
12492,55,6,2555,110,809.84,89.79,1.0
12493,233,58,2733,466,809.82,99.55,1.0
12494,69,35,2569,138,809.81,72.42,1.0
12495,15,29,2515,30,809.79,68.8,1.0
12496,275,58,2775,550,809.79,106.12,1.0
12497,192,8,2692,384,809.78,120.18,1.0
12498,72,40,2572,144,809.76,73.97,1.0
12499,82,48,2582,164,809.76,71.02,1.0
12500,174,56,2674,348,809.74,92.88,1.0
12501,137,53,2637,274,809.73,84.84,1.0
12502,261,59,2761,522,809.69,109.3,1.0
12503,79,43,2579,158,809.68,71.37,1.0
12504,72,33,2572,144,809.67,72.27,1.0
12505,73,34,2573,146,809.67,69.35,1.0
12506,161,54,2661,322,809.67,89.73,1.0
12507,96,50,2596,192,809.64,83.33,1.0
12508,243,58,2743,486,809.63,101.37,1.0
12509,205,57,2705,410,809.6,101.77,1.0
12510,147,54,2647,294,809.58,86.1,1.0
12511,223,8,2723,446,809.56,132.43,1.0
12512,73,40,2573,146,809.55,75.18,1.0
12513,274,58,2774,548,809.55,106.17,1.0
12514,73,42,2573,146,809.54,71.7,1.0
12515,184,57,2684,368,809.54,87.87,1.0
12516,62,41,2562,124,809.53,71.48,1.0
12517,169,55,2669,338,809.53,90.01,1.0
12518,39,6,2539,78,809.52,88.79,1.0
12519,71,6,2571,142,809.51,95.69,1.0
12520,122,51,2622,244,809.5,82.05,1.0
12521,95,50,2595,190,809.48,77.35,1.0
12522,58,6,2558,116,809.45,91.23,1.0
12523,100,51,2600,200,809.45,79.7,1.0
12524,165,56,2665,330,809.45,91.06,1.0
12525,62,42,2562,124,809.42,72.21,1.0
12526,112,50,2612,224,809.36,81.52,1.0
12527,121,51,2621,242,809.36,84.66,1.0
12528,67,43,2567,134,809.35,72.29,1.0
12529,105,51,2605,210,809.34,82.76,1.0
12530,239,58,2739,478,809.34,97.36,1.0
12531,256,58,2756,512,809.32,105.69,1.0
12532,121,52,2621,242,809.31,83.4,1.0
12533,283,57,2783,566,809.31,106.35,1.0
12534,171,54,2671,342,809.29,90.11,1.0
12535,71,50,2571,142,809.28,78.45,1.0
12536,73,39,2573,146,809.28,72.62,1.0
12537,258,9,2758,516,809.28,140.2,1.0
12538,135,7,2635,270,809.27,107.64,1.0
12539,129,53,2629,258,809.22,83.64,1.0
12540,82,47,2582,164,809.2,73.16,1.0
12541,178,54,2678,356,809.18,91.72,1.0
12542,62,38,2562,124,809.15,75.5,1.0
12543,125,53,2625,250,809.12,87.48,1.0
12544,175,55,2675,350,809.1,88.67,1.0
12545,79,39,2579,158,809.05,74.34,1.0
12546,150,54,2650,300,809.0,84.93,1.0
12547,62,43,2562,124,808.97,71.12,1.0
12548,72,32,2572,144,808.97,67.64,1.0
12549,77,35,2577,154,808.96,71.13,1.0
12550,181,55,2681,362,808.96,89.24,1.0
12551,64,39,2564,128,808.94,72.23,1.0
12552,69,38,2569,138,808.93,73.62,1.0
12553,11,29,2511,22,808.92,68.67,1.0
12554,68,47,2568,136,808.92,74.26,1.0
12555,69,31,2569,138,808.91,72.94,1.0
12556,73,30,2573,146,808.91,72.22,1.0
12557,64,35,2564,128,808.89,73.38,1.0
12558,152,54,2652,304,808.89,87.62,1.0
12559,153,7,2653,306,808.89,111.92,1.0
12560,245,59,2745,490,808.86,100.6,1.0
12561,226,58,2726,452,808.85,99.95,1.0
12562,69,32,2569,138,808.84,74.62,1.0
12563,218,8,2718,436,808.84,125.37,1.0
12564,18,29,2518,36,808.81,67.41,1.0
12565,280,58,2780,560,808.79,103.91,1.0
12566,64,44,2564,128,808.75,76.59,1.0
12567,72,36,2572,144,808.75,72.55,1.0
12568,67,37,2567,134,808.75,71.07,1.0
12569,67,42,2567,134,808.71,71.53,1.0
12570,69,37,2569,138,808.69,70.98,1.0
12571,212,57,2712,424,808.69,98.95,1.0
12572,291,58,2791,582,808.69,105.87,1.0
12573,198,8,2698,396,808.67,126.74,1.0
12574,64,36,2564,128,808.66,74.16,1.0
12575,67,34,2567,134,808.65,72.47,1.0
12576,69,41,2569,138,808.64,70.25,1.0
12577,76,30,2576,152,808.64,70.0,1.0
12578,229,58,2729,458,808.64,100.33,1.0
12579,104,50,2604,208,808.59,77.65,1.0
12580,124,53,2624,248,808.55,81.3,1.0
12581,217,56,2717,434,808.55,100.31,1.0
12582,83,46,2583,166,808.54,73.01,1.0
12583,140,54,2640,280,808.52,89.04,1.0
12584,178,55,2678,356,808.52,90.3,1.0
12585,124,7,2624,248,808.48,106.81,1.0
12586,295,59,2795,590,808.47,113.39,1.0
12587,73,32,2573,146,808.45,73.21,1.0
12588,215,57,2715,430,808.44,100.75,1.0
12589,70,48,2570,140,808.42,77.44,1.0
12590,73,37,2573,146,808.42,70.81,1.0
12591,133,56,2633,266,808.39,82.56,1.0
12592,68,46,2568,136,808.35,76.28,1.0
12593,79,46,2579,158,808.35,72.93,1.0
12594,244,56,2744,488,808.35,100.8,1.0
12595,72,34,2572,144,808.34,72.23,1.0
12596,210,58,2710,420,808.33,101.75,1.0
12597,144,55,2644,288,808.32,84.99,1.0
12598,262,8,2762,524,808.32,138.54,1.0
12599,73,43,2573,146,808.31,68.93,1.0
12600,234,57,2734,468,808.31,98.07,1.0
12601,77,32,2577,154,808.29,72.43,1.0
12602,97,50,2597,194,808.29,77.85,1.0
12603,63,35,2563,126,808.25,73.32,1.0
12604,229,57,2729,458,808.23,98.03,1.0
12605,117,50,2617,234,808.19,79.65,1.0
12606,95,49,2595,190,808.18,74.08,1.0
12607,67,39,2567,134,808.17,70.71,1.0
12608,95,48,2595,190,808.15,76.43,1.0
12609,140,7,2640,280,808.15,118.34,1.0
12610,62,36,2562,124,808.14,73.51,1.0
12611,72,42,2572,144,808.14,73.83,1.0
12612,62,39,2562,124,808.13,72.09,1.0
12613,108,53,2608,216,808.13,80.92,1.0
12614,37,6,2537,74,808.12,85.34,1.0
12615,239,8,2739,478,808.1,131.04,1.0
12616,90,49,2590,180,808.07,77.6,1.0
12617,145,56,2645,290,808.07,84.25,1.0
12618,76,39,2576,152,808.05,72.06,1.0
12619,72,43,2572,144,808.01,74.15,1.0
12620,64,45,2564,128,807.99,72.85,1.0
12621,208,58,2708,416,807.98,94.61,1.0
12622,178,53,2678,356,807.97,88.06,1.0
12623,111,52,2611,222,807.96,78.8,1.0
12624,56,6,2556,112,807.95,89.33,1.0
12625,230,57,2730,460,807.93,98.42,1.0
12626,219,58,2719,438,807.91,95.33,1.0
12627,157,7,2657,314,807.88,112.07,1.0
12628,180,55,2680,360,807.83,89.65,1.0
12629,265,58,2765,530,807.83,103.25,1.0
12630,93,51,2593,186,807.82,77.7,1.0
12631,67,35,2567,134,807.81,72.23,1.0
12632,83,47,2583,166,807.81,75.13,1.0
12633,159,54,2659,318,807.79,83.97,1.0
12634,157,55,2657,314,807.78,86.76,1.0
12635,68,6,2568,136,807.73,95.52,1.0
12636,195,56,2695,390,807.71,98.43,1.0
12637,78,30,2578,156,807.69,72.53,1.0
12638,86,50,2586,172,807.67,76.8,1.0
12639,75,48,2575,150,807.65,72.12,1.0
12640,128,51,2628,256,807.64,79.61,1.0
12641,116,7,2616,232,807.64,105.26,1.0
12642,222,56,2722,444,807.62,95.21,1.0
12643,171,55,2671,342,807.6,89.87,1.0
12644,103,52,2603,206,807.56,78.55,1.0
12645,64,38,2564,128,807.55,70.7,1.0
12646,75,47,2575,150,807.55,70.61,1.0
12647,164,8,2664,328,807.47,126.57,1.0
12648,263,57,2763,526,807.46,104.24,1.0
12649,282,59,2782,564,807.46,108.57,1.0
12650,51,6,2551,102,807.45,89.5,1.0
12651,270,59,2770,540,807.45,101.11,1.0
12652,151,55,2651,302,807.44,88.49,1.0
12653,73,35,2573,146,807.4,71.04,1.0
12654,101,51,2601,202,807.4,78.12,1.0
12655,64,33,2564,128,807.39,73.41,1.0
12656,73,41,2573,146,807.38,67.72,1.0
12657,62,37,2562,124,807.36,72.52,1.0
12658,66,6,2566,132,807.36,95.5,1.0
12659,189,55,2689,378,807.36,90.24,1.0
12660,70,47,2570,140,807.35,74.71,1.0
12661,122,52,2622,244,807.34,80.46,1.0
12662,237,8,2737,474,807.33,127.18,1.0
12663,250,58,2750,500,807.33,104.08,1.0
12664,104,49,2604,208,807.31,75.51,1.0
12665,259,58,2759,518,807.23,103.68,1.0
12666,76,43,2576,152,807.21,72.26,1.0
12667,181,56,2681,362,807.21,90.01,1.0
12668,156,55,2656,312,807.19,89.53,1.0
12669,236,58,2736,472,807.17,102.98,1.0
12670,208,57,2708,416,807.16,94.79,1.0
12671,280,9,2780,560,807.16,138.18,1.0
12672,220,56,2720,440,807.15,91.85,1.0
12673,58,40,2558,116,807.13,72.15,1.0
12674,169,56,2669,338,807.12,88.24,1.0
12675,124,54,2624,248,807.09,85.65,1.0
12676,62,45,2562,124,807.05,73.55,1.0
12677,154,55,2654,308,807.04,86.9,1.0
12678,77,45,2577,154,806.97,74.18,1.0
12679,101,52,2601,202,806.97,81.04,1.0
12680,69,42,2569,138,806.95,70.09,1.0
12681,110,51,2610,220,806.95,79.28,1.0
12682,61,38,2561,122,806.94,70.48,1.0
12683,80,48,2580,160,806.9,75.1,1.0
12684,232,58,2732,464,806.86,96.13,1.0
12685,63,36,2563,126,806.84,70.33,1.0
12686,62,40,2562,124,806.82,72.84,1.0
12687,67,32,2567,134,806.81,71.79,1.0
12688,98,48,2598,196,806.77,77.19,1.0
12689,67,33,2567,134,806.75,73.01,1.0
12690,74,33,2574,148,806.73,74.22,1.0
12691,274,57,2774,548,806.73,107.28,1.0
12692,84,40,2584,168,806.72,72.73,1.0
12693,166,55,2666,332,806.7,85.77,1.0
12694,206,57,2706,412,806.68,102.35,1.0
12695,254,58,2754,508,806.68,105.75,1.0
12696,119,53,2619,238,806.63,82.03,1.0
12697,77,40,2577,154,806.61,75.04,1.0
12698,160,55,2660,320,806.61,88.19,1.0
12699,146,55,2646,292,806.59,86.07,1.0
12700,96,51,2596,192,806.57,83.88,1.0
12701,120,54,2620,240,806.57,83.56,1.0
12702,67,45,2567,134,806.53,70.97,1.0
12703,77,44,2577,154,806.5,72.11,1.0
12704,155,54,2655,310,806.5,85.65,1.0
12705,279,58,2779,558,806.5,99.93,1.0
12706,69,44,2569,138,806.49,69.01,1.0
12707,251,58,2751,502,806.49,102.69,1.0
12708,61,30,2561,122,806.47,72.39,1.0
12709,71,51,2571,142,806.47,76.68,1.0
12710,77,42,2577,154,806.42,73.89,1.0
12711,114,53,2614,228,806.42,81.28,1.0
12712,139,52,2639,278,806.41,83.58,1.0
12713,64,30,2564,128,806.37,74.76,1.0
12714,138,54,2638,276,806.35,79.45,1.0
12715,22,29,2522,44,806.34,70.75,1.0
12716,137,54,2637,274,806.34,83.95,1.0
12717,63,38,2563,126,806.31,70.87,1.0
12718,77,38,2577,154,806.29,73.44,1.0
12719,136,52,2636,272,806.25,84.0,1.0
12720,61,32,2561,122,806.22,74.38,1.0
12721,77,30,2577,154,806.19,73.9,1.0
12722,294,58,2794,588,806.18,107.29,1.0
12723,173,56,2673,346,806.15,92.03,1.0
12724,6,29,2506,12,806.14,67.89,1.0
12725,76,35,2576,152,806.1,70.99,1.0
12726,62,32,2562,124,806.09,73.7,1.0
12727,287,8,2787,574,806.08,137.8,1.0
12728,34,6,2534,68,806.07,82.67,1.0
12729,224,8,2724,448,806.06,132.8,1.0
12730,76,38,2576,152,806.04,71.78,1.0
12731,228,58,2728,456,806.02,98.53,1.0
12732,87,48,2587,174,805.99,77.72,1.0
12733,77,37,2577,154,805.99,73.39,1.0
12734,170,55,2670,340,805.92,92.65,1.0
12735,132,55,2632,264,805.9,84.48,1.0
12736,76,36,2576,152,805.88,73.05,1.0
12737,70,6,2570,140,805.86,95.23,1.0
12738,47,6,2547,94,805.84,90.22,1.0
12739,81,49,2581,162,805.84,75.68,1.0
12740,117,51,2617,234,805.84,80.02,1.0
12741,68,48,2568,136,805.81,78.33,1.0
12742,77,39,2577,154,805.78,72.99,1.0
12743,183,57,2683,366,805.73,93.82,1.0
12744,73,6,2573,146,805.72,94.16,1.0
12745,63,44,2563,126,805.71,70.02,1.0
12746,62,46,2562,124,805.66,73.36,1.0
12747,161,53,2661,322,805.66,91.27,1.0
12748,300,58,2800,600,805.64,106.69,1.0
12749,103,53,2603,206,805.61,79.58,1.0
12750,255,59,2755,510,805.57,105.37,1.0
12751,92,47,2592,184,805.56,77.06,1.0
12752,122,53,2622,244,805.52,85.21,1.0
12753,167,56,2667,334,805.52,91.94,1.0
12754,201,57,2701,402,805.52,95.11,1.0
12755,63,30,2563,126,805.51,68.59,1.0
12756,61,43,2561,122,805.5,72.18,1.0
12757,114,52,2614,228,805.45,82.6,1.0
12758,55,41,2555,110,805.43,69.11,1.0
12759,76,42,2576,152,805.43,72.97,1.0
12760,63,43,2563,126,805.42,70.6,1.0
12761,61,41,2561,122,805.42,72.88,1.0
12762,76,32,2576,152,805.42,73.84,1.0
12763,63,40,2563,126,805.4,74.86,1.0
12764,84,46,2584,168,805.39,74.22,1.0
12765,154,56,2654,308,805.38,87.73,1.0
12766,240,59,2740,480,805.38,107.92,1.0
12767,61,36,2561,122,805.36,74.6,1.0
12768,61,39,2561,122,805.36,73.55,1.0
12769,14,29,2514,28,805.3,67.23,1.0
12770,90,47,2590,180,805.3,71.71,1.0
12771,55,34,2555,110,805.29,70.1,1.0
12772,78,46,2578,156,805.29,73.73,1.0
12773,84,45,2584,168,805.28,75.54,1.0
12774,267,57,2767,534,805.28,106.79,1.0
12775,207,56,2707,414,805.26,93.42,1.0
12776,63,34,2563,126,805.25,72.17,1.0
12777,69,45,2569,138,805.25,69.66,1.0
12778,67,44,2567,134,805.22,75.58,1.0
12779,72,41,2572,144,805.21,69.03,1.0
12780,203,8,2703,406,805.14,132.89,1.0
12781,194,56,2694,388,805.11,91.95,1.0
12782,141,53,2641,282,805.1,85.71,1.0
12783,141,54,2641,282,805.1,88.37,1.0
12784,63,33,2563,126,805.04,69.96,1.0
12785,66,46,2566,132,805.04,73.54,1.0
12786,134,53,2634,268,805.03,84.12,1.0
12787,138,7,2638,276,805.01,114.31,1.0
12788,203,56,2703,406,805.01,94.62,1.0
12789,297,8,2797,594,805.0,141.51,1.0
12790,76,40,2576,152,804.98,73.13,1.0
12791,131,7,2631,262,804.97,108.88,1.0
12792,61,34,2561,122,804.96,75.53,1.0
12793,62,44,2562,124,804.94,72.47,1.0
12794,67,30,2567,134,804.91,72.23,1.0
12795,192,56,2692,384,804.85,93.63,1.0
12796,9,29,2509,18,804.84,68.86,1.0
12797,67,40,2567,134,804.83,72.19,1.0
12798,73,46,2573,146,804.81,70.52,1.0
12799,73,38,2573,146,804.8,69.55,1.0
12800,57,6,2557,114,804.77,91.99,1.0
12801,76,44,2576,152,804.77,73.02,1.0
12802,190,55,2690,380,804.75,91.56,1.0
12803,63,45,2563,126,804.74,73.31,1.0
12804,61,33,2561,122,804.73,71.03,1.0
12805,102,52,2602,204,804.71,79.96,1.0
12806,260,8,2760,520,804.68,139.84,1.0
12807,85,49,2585,170,804.64,76.89,1.0
12808,100,53,2600,200,804.63,79.58,1.0
12809,64,46,2564,128,804.62,73.51,1.0
12810,67,46,2567,134,804.62,71.91,1.0
12811,81,6,2581,162,804.62,100.65,1.0
12812,88,51,2588,176,804.58,79.03,1.0
12813,170,56,2670,340,804.58,88.37,1.0
12814,19,29,2519,38,804.55,67.25,1.0
12815,72,38,2572,144,804.53,72.71,1.0
12816,67,36,2567,134,804.51,71.5,1.0
12817,74,37,2574,148,804.5,74.53,1.0
12818,55,43,2555,110,804.48,70.34,1.0
12819,205,58,2705,410,804.48,98.23,1.0
12820,62,33,2562,124,804.47,74.02,1.0
12821,100,52,2600,200,804.44,81.33,1.0
12822,150,7,2650,300,804.31,117.98,1.0
12823,74,31,2574,148,804.29,72.53,1.0
12824,63,39,2563,126,804.27,70.91,1.0
12825,63,41,2563,126,804.27,70.0,1.0
12826,76,46,2576,152,804.25,74.36,1.0
12827,193,57,2693,386,804.18,96.56,1.0
12828,63,42,2563,126,804.17,75.66,1.0
12829,176,55,2676,352,804.13,88.1,1.0
12830,223,56,2723,446,804.12,101.66,1.0
12831,73,45,2573,146,804.1,70.09,1.0
12832,76,31,2576,152,804.09,73.37,1.0
12833,72,30,2572,144,804.07,71.9,1.0
12834,78,47,2578,156,804.07,75.5,1.0
12835,211,57,2711,422,804.06,95.6,1.0
12836,137,7,2637,274,804.05,107.77,1.0
12837,16,29,2516,32,804.02,70.83,1.0
12838,75,49,2575,150,804.02,74.6,1.0
12839,174,58,2674,348,804.02,91.19,1.0
12840,237,57,2737,474,804.02,101.2,1.0
12841,153,56,2653,306,804.01,89.24,1.0
12842,63,31,2563,126,804.0,74.36,1.0
12843,69,36,2569,138,804.0,69.79,1.0
12844,74,44,2574,148,803.99,71.26,1.0
12845,71,52,2571,142,803.97,75.01,1.0
12846,89,49,2589,178,803.97,78.18,1.0
12847,164,54,2664,328,803.97,90.5,1.0
12848,179,7,2679,358,803.94,118.86,1.0
12849,69,43,2569,138,803.92,72.55,1.0
12850,241,57,2741,482,803.91,103.73,1.0
12851,76,34,2576,152,803.9,72.53,1.0
12852,127,55,2627,254,803.89,84.86,1.0
12853,80,49,2580,160,803.87,74.22,1.0
12854,93,52,2593,186,803.87,75.85,1.0
12855,174,57,2674,348,803.86,91.55,1.0
12856,77,31,2577,154,803.85,75.34,1.0
12857,272,58,2772,544,803.85,106.83,1.0
12858,55,40,2555,110,803.84,69.75,1.0
12859,73,33,2573,146,803.84,71.87,1.0
12860,91,52,2591,182,803.79,77.32,1.0
12861,180,56,2680,360,803.79,93.02,1.0
12862,273,58,2773,546,803.78,101.47,1.0
12863,56,44,2556,112,803.77,69.71,1.0
12864,247,59,2747,494,803.77,106.42,1.0
12865,225,57,2725,450,803.75,96.09,1.0
12866,58,43,2558,116,803.72,72.29,1.0
12867,56,40,2556,112,803.72,73.39,1.0
12868,107,51,2607,214,803.7,79.11,1.0
12869,61,31,2561,122,803.69,77.25,1.0
12870,224,57,2724,448,803.69,96.57,1.0
12871,58,38,2558,116,803.68,72.24,1.0
12872,263,8,2763,526,803.66,135.66,1.0
12873,113,51,2613,226,803.65,81.67,1.0
12874,67,38,2567,134,803.63,69.67,1.0
12875,142,56,2642,284,803.63,83.36,1.0
12876,94,53,2594,188,803.61,81.03,1.0
12877,76,33,2576,152,803.61,70.04,1.0
12878,131,54,2631,262,803.61,82.61,1.0
12879,88,50,2588,176,803.59,76.63,1.0
12880,165,7,2665,330,803.59,124.68,1.0
12881,55,35,2555,110,803.58,71.48,1.0
12882,77,33,2577,154,803.52,70.95,1.0
12883,167,57,2667,334,803.51,89.42,1.0
12884,17,29,2517,34,803.49,67.2,1.0
12885,68,49,2568,136,803.49,76.04,1.0
12886,69,46,2569,138,803.48,73.55,1.0
12887,58,34,2558,116,803.43,72.71,1.0
12888,186,7,2686,372,803.43,124.25,1.0
12889,196,8,2696,392,803.43,127.08,1.0
12890,79,48,2579,158,803.42,75.15,1.0
12891,84,48,2584,168,803.41,71.5,1.0
12892,74,30,2574,148,803.4,75.93,1.0
12893,77,36,2577,154,803.36,72.24,1.0
12894,118,53,2618,236,803.34,82.88,1.0
12895,76,41,2576,152,803.29,75.58,1.0
12896,245,60,2745,490,803.29,111.1,1.0
12897,65,49,2565,130,803.28,73.83,1.0
12898,61,42,2561,122,803.27,71.08,1.0
12899,89,50,2589,178,803.27,78.74,1.0
12900,58,44,2558,116,803.23,71.95,1.0
12901,242,57,2742,484,803.23,94.89,1.0
12902,258,57,2758,516,803.2,100.18,1.0
12903,281,59,2781,562,803.2,101.97,1.0
12904,102,53,2602,204,803.19,79.51,1.0
12905,135,54,2635,270,803.18,89.41,1.0
12906,66,47,2566,132,803.17,71.19,1.0
12907,189,56,2689,378,803.16,94.96,1.0
12908,154,7,2654,308,803.15,116.61,1.0
12909,219,59,2719,438,803.15,103.27,1.0
12910,209,58,2709,418,803.13,94.97,1.0
12911,58,32,2558,116,803.1,72.2,1.0
12912,72,37,2572,144,803.09,73.26,1.0
12913,109,52,2609,218,803.09,78.4,1.0
12914,299,59,2799,598,803.03,105.52,1.0
12915,155,7,2655,310,803.02,115.68,1.0
12916,199,57,2699,398,803.02,95.24,1.0
12917,288,58,2788,576,802.97,108.65,1.0
12918,61,40,2561,122,802.95,75.24,1.0
12919,143,7,2643,286,802.92,110.64,1.0
12920,200,57,2700,400,802.92,94.76,1.0
12921,85,50,2585,170,802.91,78.39,1.0
12922,186,58,2686,372,802.91,92.73,1.0
12923,190,8,2690,380,802.88,128.46,1.0
12924,130,7,2630,260,802.86,106.88,1.0
12925,87,47,2587,174,802.84,75.24,1.0
12926,252,57,2752,504,802.84,99.99,1.0
12927,61,35,2561,122,802.82,75.06,1.0
12928,74,42,2574,148,802.81,73.34,1.0
12929,156,56,2656,312,802.76,87.05,1.0
12930,55,38,2555,110,802.73,70.6,1.0
12931,53,31,2553,106,802.71,70.07,1.0
12932,58,36,2558,116,802.7,73.81,1.0
12933,56,30,2556,112,802.65,72.74,1.0
12934,77,41,2577,154,802.64,71.56,1.0
12935,290,59,2790,580,802.63,106.99,1.0
12936,93,53,2593,186,802.53,79.61,1.0
12937,147,55,2647,294,802.48,88.1,1.0
12938,55,33,2555,110,802.47,69.74,1.0
12939,81,48,2581,162,802.45,74.21,1.0
12940,257,8,2757,514,802.39,134.62,1.0
12941,221,8,2721,442,802.38,129.17,1.0
12942,298,58,2798,596,802.37,112.06,1.0
12943,58,41,2558,116,802.31,71.71,1.0
12944,93,6,2593,186,802.31,102.13,1.0
12945,127,56,2627,254,802.28,85.64,1.0
12946,1,29,2501,2,802.25,70.24,1.0
12947,72,35,2572,144,802.24,71.74,1.0
12948,149,57,2649,298,802.2,86.71,1.0
12949,74,40,2574,148,802.19,74.6,1.0
12950,77,43,2577,154,802.18,73.98,1.0
12951,65,48,2565,130,802.17,71.7,1.0
12952,162,7,2662,324,802.14,118.51,1.0
12953,61,44,2561,122,802.13,72.25,1.0
12954,146,56,2646,292,802.13,86.05,1.0
12955,213,57,2713,426,802.13,93.88,1.0
12956,65,50,2565,130,802.12,73.14,1.0
12957,289,59,2789,578,802.09,108.35,1.0
12958,56,34,2556,112,802.07,71.02,1.0
12959,97,51,2597,194,802.07,77.47,1.0
12960,172,7,2672,344,802.06,114.03,1.0
12961,63,32,2563,126,802.04,73.46,1.0
12962,90,50,2590,180,802.03,73.88,1.0
12963,248,58,2748,496,802.02,102.99,1.0
12964,55,37,2555,110,802.01,70.96,1.0
12965,115,53,2615,230,802.0,83.61,1.0
12966,76,37,2576,152,801.99,73.25,1.0
12967,113,52,2613,226,801.95,80.84,1.0
12968,168,55,2668,336,801.91,95.58,1.0
12969,163,56,2663,326,801.91,94.43,1.0
12970,3,29,2503,6,801.9,66.24,1.0
12971,104,51,2604,208,801.88,79.35,1.0
12972,91,53,2591,182,801.86,77.93,1.0
12973,67,41,2567,134,801.85,72.28,1.0
12974,56,43,2556,112,801.83,71.82,1.0
12975,86,51,2586,172,801.82,80.29,1.0
12976,74,39,2574,148,801.81,71.2,1.0
12977,76,45,2576,152,801.81,72.44,1.0
12978,60,39,2560,120,801.79,70.09,1.0
12979,55,31,2555,110,801.79,69.57,1.0
12980,83,48,2583,166,801.79,72.56,1.0
12981,84,47,2584,168,801.79,75.42,1.0
12982,273,59,2773,546,801.79,106.77,1.0
12983,151,56,2651,302,801.78,90.06,1.0
12984,74,38,2574,148,801.77,75.07,1.0
12985,162,57,2662,324,801.77,90.43,1.0
12986,158,57,2658,316,801.76,94.02,1.0
12987,141,7,2641,282,801.71,114.7,1.0
12988,176,56,2676,352,801.69,92.24,1.0
12989,63,6,2563,126,801.68,95.69,1.0
12990,55,32,2555,110,801.68,70.19,1.0
12991,187,56,2687,374,801.66,91.71,1.0
12992,74,35,2574,148,801.65,72.45,1.0
12993,82,49,2582,164,801.65,74.57,1.0
12994,48,6,2548,96,801.62,86.61,1.0
12995,74,36,2574,148,801.62,75.99,1.0
12996,74,32,2574,148,801.59,74.74,1.0
12997,61,45,2561,122,801.54,73.0,1.0
12998,56,41,2556,112,801.52,72.13,1.0
12999,74,43,2574,148,801.51,74.53,1.0
13000,123,53,2623,246,801.5,87.23,1.0
13001,108,54,2608,216,801.46,84.22,1.0
13002,271,58,2771,542,801.46,105.32,1.0
13003,157,56,2657,314,801.39,85.18,1.0
13004,188,57,2688,376,801.39,92.78,1.0
13005,58,33,2558,116,801.38,72.41,1.0
13006,92,46,2592,184,801.38,78.88,1.0
13007,56,33,2556,112,801.37,69.73,1.0
13008,179,56,2679,358,801.35,88.66,1.0
13009,91,51,2591,182,801.33,80.93,1.0
13010,70,50,2570,140,801.3,77.9,1.0
13011,99,50,2599,198,801.25,79.77,1.0
13012,49,6,2549,98,801.24,92.21,1.0
13013,62,47,2562,124,801.23,70.72,1.0
13014,107,52,2607,214,801.23,80.43,1.0
13015,219,7,2719,438,801.23,125.53,1.0
13016,64,47,2564,128,801.22,73.94,1.0
13017,148,55,2648,296,801.22,83.53,1.0
13018,55,39,2555,110,801.19,68.96,1.0
13019,92,49,2592,184,801.18,79.11,1.0
13020,158,56,2658,316,801.16,89.52,1.0
13021,125,54,2625,250,801.14,82.75,1.0
13022,56,39,2556,112,801.13,70.66,1.0
13023,196,56,2696,392,801.13,97.5,1.0
13024,294,59,2794,588,801.13,108.48,1.0
13025,72,45,2572,144,801.1,74.18,1.0
13026,56,42,2556,112,801.09,74.02,1.0
13027,74,34,2574,148,801.08,75.48,1.0
13028,58,39,2558,116,801.07,71.12,1.0
13029,54,41,2554,108,801.05,72.88,1.0
13030,63,37,2563,126,801.04,72.25,1.0
13031,58,42,2558,116,801.03,73.3,1.0
13032,109,53,2609,218,801.03,80.51,1.0
13033,105,52,2605,210,801.01,81.25,1.0
13034,111,53,2611,222,801.0,78.32,1.0
13035,55,30,2555,110,800.98,68.22,1.0
13036,123,54,2623,246,800.98,81.35,1.0
13037,218,57,2718,436,800.98,97.52,1.0
13038,233,8,2733,466,800.94,134.15,1.0
13039,92,48,2592,184,800.93,76.42,1.0
13040,220,57,2720,440,800.9,97.38,1.0
13041,155,55,2655,310,800.88,91.94,1.0
13042,130,54,2630,260,800.86,83.45,1.0
13043,55,44,2555,110,800.85,70.9,1.0
13044,77,34,2577,154,800.84,74.95,1.0
13045,46,6,2546,92,800.8,88.98,1.0
13046,99,51,2599,198,800.78,79.68,1.0
13047,58,31,2558,116,800.77,72.12,1.0
13048,53,30,2553,106,800.65,70.3,1.0
13049,136,7,2636,272,800.65,110.56,1.0
13050,53,40,2553,106,800.64,70.51,1.0
13051,72,44,2572,144,800.55,73.54,1.0
13052,216,58,2716,432,800.55,97.72,1.0
13053,60,37,2560,120,800.54,71.82,1.0
13054,73,47,2573,146,800.53,74.24,1.0
13055,175,56,2675,350,800.5,90.95,1.0
13056,70,49,2570,140,800.49,76.05,1.0
13057,53,45,2553,106,800.47,71.73,1.0
13058,58,37,2558,116,800.47,70.38,1.0
13059,121,53,2621,242,800.47,81.19,1.0
13060,106,50,2606,212,800.46,77.36,1.0
13061,144,56,2644,288,800.44,90.22,1.0
13062,59,6,2559,118,800.42,94.93,1.0
13063,169,57,2669,338,800.42,89.83,1.0
13064,148,56,2648,296,800.41,85.69,1.0
13065,96,52,2596,192,800.4,79.83,1.0
13066,67,47,2567,134,800.39,71.64,1.0
13067,122,54,2622,244,800.39,82.82,1.0
13068,72,46,2572,144,800.38,73.2,1.0
13069,50,44,2550,100,800.37,68.23,1.0
13070,74,41,2574,148,800.37,73.91,1.0
13071,184,58,2684,368,800.37,96.4,1.0
13072,54,39,2554,108,800.36,75.13,1.0
13073,214,56,2714,428,800.36,99.92,1.0
13074,81,51,2581,162,800.35,79.15,1.0
13075,60,33,2560,120,800.34,72.08,1.0
13076,249,59,2749,498,800.34,102.8,1.0
13077,119,54,2619,238,800.33,83.32,1.0
13078,60,30,2560,120,800.32,73.44,1.0
13079,54,37,2554,108,800.32,72.74,1.0
13080,246,57,2746,492,800.31,103.94,1.0
13081,56,35,2556,112,800.29,71.29,1.0
13082,112,52,2612,224,800.28,82.0,1.0
13083,133,57,2633,266,800.28,88.56,1.0
13084,85,51,2585,170,800.21,79.61,1.0
13085,178,56,2678,356,800.21,92.84,1.0
13086,58,35,2558,116,800.19,76.36,1.0
13087,121,7,2621,242,800.18,104.18,1.0
13088,55,36,2555,110,800.17,72.72,1.0
13089,198,56,2698,396,800.17,92.12,1.0
13090,139,53,2639,278,800.15,86.36,1.0
13091,109,54,2609,218,800.14,80.4,1.0
13092,248,59,2748,496,800.14,103.2,1.0
13093,55,42,2555,110,800.12,72.12,1.0
13094,275,59,2775,550,800.11,106.23,1.0
13095,265,59,2765,530,800.09,107.41,1.0
13096,182,7,2682,364,800.06,121.21,1.0
13097,84,49,2584,168,800.03,73.36,1.0
13098,151,7,2651,302,800.01,115.02,1.0
13099,53,36,2553,106,799.98,70.14,1.0
13100,56,36,2556,112,799.98,68.94,1.0
13101,45,6,2545,90,799.93,87.36,1.0
13102,66,48,2566,132,799.93,76.37,1.0
13103,202,57,2702,404,799.92,103.23,1.0
13104,126,54,2626,252,799.91,85.77,1.0
13105,295,60,2795,590,799.91,116.44,1.0
13106,54,32,2554,108,799.88,69.94,1.0
13107,233,59,2733,466,799.88,96.41,1.0
13108,286,59,2786,572,799.88,104.91,1.0
13109,112,53,2612,224,799.86,85.11,1.0
13110,10,29,2510,20,799.8,68.15,1.0
13111,68,50,2568,136,799.78,76.42,1.0
13112,221,57,2721,442,799.78,101.35,1.0
13113,56,37,2556,112,799.73,71.48,1.0
13114,56,38,2556,112,799.73,71.12,1.0
13115,177,57,2677,354,799.73,90.13,1.0
13116,54,36,2554,108,799.72,72.28,1.0
13117,111,54,2611,222,799.72,79.33,1.0
13118,131,55,2631,262,799.72,85.06,1.0
13119,66,49,2566,132,799.7,77.4,1.0
13120,60,6,2560,120,799.67,96.61,1.0
13121,13,29,2513,26,799.63,66.9,1.0
13122,73,48,2573,146,799.63,73.17,1.0
13123,98,49,2598,196,799.62,77.4,1.0
13124,152,55,2652,304,799.62,86.53,1.0
13125,100,6,2600,200,799.6,102.87,1.0
13126,167,7,2667,334,799.57,114.44,1.0
13127,227,58,2727,454,799.57,102.09,1.0
13128,60,34,2560,120,799.53,72.45,1.0
13129,199,58,2699,398,799.53,98.02,1.0
13130,212,58,2712,424,799.53,99.75,1.0
13131,81,50,2581,162,799.52,73.79,1.0
13132,54,38,2554,108,799.43,73.77,1.0
13133,67,49,2567,134,799.43,70.69,1.0
13134,85,52,2585,170,799.42,79.78,1.0
13135,110,53,2610,220,799.42,81.25,1.0
13136,99,52,2599,198,799.4,81.53,1.0
13137,293,59,2793,586,799.4,103.92,1.0
13138,95,51,2595,190,799.39,76.44,1.0
13139,58,30,2558,116,799.34,71.17,1.0
13140,76,48,2576,152,799.33,74.03,1.0
13141,53,41,2553,106,799.29,70.16,1.0
13142,134,54,2634,268,799.27,81.45,1.0
13143,160,7,2660,320,799.27,117.17,1.0
13144,53,37,2553,106,799.25,69.88,1.0
13145,136,53,2636,272,799.23,84.42,1.0
13146,69,47,2569,138,799.22,74.37,1.0
13147,232,59,2732,464,799.22,100.05,1.0
13148,119,55,2619,238,799.21,84.97,1.0
13149,163,7,2663,326,799.21,120.7,1.0
13150,58,45,2558,116,799.19,71.89,1.0
13151,195,57,2695,390,799.17,94.03,1.0
13152,52,39,2552,104,799.16,69.9,1.0
13153,54,42,2554,108,799.16,72.01,1.0
13154,124,55,2624,248,799.15,83.69,1.0
13155,161,55,2661,322,799.15,92.2,1.0
13156,172,56,2672,344,799.11,90.69,1.0
13157,226,59,2726,452,799.09,102.5,1.0
13158,80,50,2580,160,799.07,76.92,1.0
13159,60,43,2560,120,799.06,76.69,1.0
13160,104,52,2604,208,799.06,78.53,1.0
13161,57,36,2557,114,799.05,73.79,1.0
13162,169,7,2669,338,799.05,112.69,1.0
13163,269,58,2769,538,799.02,108.7,1.0
13164,289,8,2789,578,799.02,145.44,1.0
13165,88,52,2588,176,798.97,77.36,1.0
13166,79,49,2579,158,798.96,71.16,1.0
13167,287,59,2787,574,798.96,111.12,1.0
13168,53,32,2553,106,798.94,70.78,1.0
13169,191,56,2691,382,798.93,93.28,1.0
13170,185,58,2685,370,798.91,96.34,1.0
13171,54,43,2554,108,798.9,74.83,1.0
13172,50,34,2550,100,798.89,68.57,1.0
13173,53,43,2553,106,798.82,69.12,1.0
13174,236,59,2736,472,798.82,105.31,1.0
13175,292,59,2792,584,798.82,110.24,1.0
13176,51,35,2551,102,798.81,72.43,1.0
13177,194,57,2694,388,798.79,97.77,1.0
13178,274,59,2774,548,798.78,105.95,1.0
13179,75,50,2575,150,798.77,71.66,1.0
13180,61,47,2561,122,798.75,71.57,1.0
13181,98,50,2598,196,798.75,79.39,1.0
13182,101,53,2601,202,798.72,77.8,1.0
13183,72,47,2572,144,798.71,74.51,1.0
13184,69,6,2569,138,798.66,92.63,1.0
13185,68,51,2568,136,798.66,74.3,1.0
13186,260,59,2760,520,798.66,104.76,1.0
13187,54,40,2554,108,798.64,72.01,1.0
13188,116,51,2616,232,798.64,77.84,1.0
13189,60,44,2560,120,798.62,73.74,1.0
13190,280,59,2780,560,798.62,104.14,1.0
13191,222,57,2722,444,798.6,100.95,1.0
13192,59,39,2559,118,798.58,71.82,1.0
13193,283,58,2783,566,798.57,107.67,1.0
13194,63,46,2563,126,798.56,72.73,1.0
13195,78,48,2578,156,798.53,76.01,1.0
13196,64,48,2564,128,798.52,70.42,1.0
13197,60,31,2560,120,798.51,73.66,1.0
13198,197,58,2697,394,798.48,98.05,1.0
13199,55,45,2555,110,798.43,70.61,1.0
13200,203,57,2703,406,798.38,99.64,1.0
13201,60,35,2560,120,798.34,73.75,1.0
13202,69,48,2569,138,798.33,75.39,1.0
13203,89,51,2589,178,798.32,80.11,1.0
13204,189,57,2689,378,798.32,96.52,1.0
13205,56,32,2556,112,798.31,70.82,1.0
13206,54,30,2554,108,798.29,73.94,1.0
13207,275,8,2775,550,798.28,140.35,1.0
13208,53,44,2553,106,798.26,71.09,1.0
13209,90,52,2590,180,798.23,77.97,1.0
13210,285,59,2785,570,798.18,113.42,1.0
13211,54,46,2554,108,798.17,71.28,1.0
13212,87,49,2587,174,798.17,77.05,1.0
13213,110,52,2610,220,798.16,78.95,1.0
13214,225,58,2725,450,798.16,99.2,1.0
13215,57,37,2557,114,798.15,76.78,1.0
13216,94,54,2594,188,798.15,80.72,1.0
13217,82,50,2582,164,798.13,75.98,1.0
13218,90,51,2590,180,798.13,74.02,1.0
13219,60,47,2560,120,798.12,72.85,1.0
13220,53,34,2553,106,798.09,71.25,1.0
13221,261,60,2761,522,798.06,109.24,1.0
13222,177,58,2677,354,798.05,94.76,1.0
13223,147,56,2647,294,798.04,87.99,1.0
13224,97,52,2597,194,798.03,79.93,1.0
13225,276,59,2776,552,798.03,105.45,1.0
13226,74,45,2574,148,798.01,71.87,1.0
13227,296,58,2796,592,797.96,111.47,1.0
13228,86,6,2586,172,797.93,95.88,1.0
13229,138,55,2638,276,797.93,84.23,1.0
13230,246,58,2746,492,797.91,104.8,1.0
13231,259,59,2759,518,797.91,110.53,1.0
13232,56,45,2556,112,797.83,70.47,1.0
13233,53,38,2553,106,797.81,71.96,1.0
13234,62,48,2562,124,797.76,75.2,1.0
13235,86,52,2586,172,797.76,80.5,1.0
13236,266,8,2766,532,797.75,137.38,1.0
13237,157,57,2657,314,797.74,88.41,1.0
13238,61,46,2561,122,797.71,73.65,1.0
13239,210,7,2710,420,797.71,123.9,1.0
13240,72,48,2572,144,797.68,74.33,1.0
13241,71,54,2571,142,797.66,76.68,1.0
13242,213,58,2713,426,797.65,98.75,1.0
13243,143,54,2643,286,797.63,85.38,1.0
13244,115,54,2615,230,797.61,80.97,1.0
13245,143,53,2643,286,797.61,84.83,1.0
13246,54,44,2554,108,797.58,72.56,1.0
13247,128,52,2628,256,797.58,85.1,1.0
13248,116,52,2616,232,797.58,77.73,1.0
13249,54,34,2554,108,797.54,75.76,1.0
13250,78,49,2578,156,797.53,76.32,1.0
13251,53,42,2553,106,797.48,71.89,1.0
13252,64,50,2564,128,797.47,77.94,1.0
13253,231,58,2731,462,797.45,103.55,1.0
13254,57,35,2557,114,797.35,76.49,1.0
13255,266,60,2766,532,797.34,108.56,1.0
13256,114,54,2614,228,797.33,80.89,1.0
13257,184,7,2684,368,797.33,122.11,1.0
13258,64,49,2564,128,797.29,76.28,1.0
13259,113,53,2613,226,797.29,79.89,1.0
13260,129,54,2629,258,797.29,84.83,1.0
13261,159,7,2659,318,797.29,110.96,1.0
13262,54,33,2554,108,797.26,71.7,1.0
13263,82,51,2582,164,797.25,73.15,1.0
13264,118,54,2618,236,797.23,80.87,1.0
13265,190,56,2690,380,797.22,97.97,1.0
13266,168,56,2668,336,797.2,91.93,1.0
13267,268,59,2768,536,797.2,108.34,1.0
13268,103,54,2603,206,797.16,79.74,1.0
13269,50,41,2550,100,797.13,69.3,1.0
13270,165,57,2665,330,797.12,90.75,1.0
13271,167,58,2667,334,797.09,91.91,1.0
13272,132,56,2632,264,797.06,88.37,1.0
13273,59,44,2559,118,797.05,73.86,1.0
13274,2,5,2502,4,797.04,76.99,1.0
13275,52,35,2552,104,797.03,72.97,1.0
13276,97,53,2597,194,797.0,79.87,1.0
13277,57,42,2557,114,796.98,74.2,1.0
13278,175,57,2675,350,796.98,90.41,1.0
13279,214,8,2714,428,796.98,128.17,1.0
13280,60,40,2560,120,796.97,73.83,1.0
13281,60,42,2560,120,796.97,73.05,1.0
13282,63,47,2563,126,796.96,72.23,1.0
13283,173,57,2673,346,796.96,92.06,1.0
13284,56,46,2556,112,796.92,72.67,1.0
13285,71,53,2571,142,796.88,79.05,1.0
13286,71,55,2571,142,796.88,78.15,1.0
13287,248,8,2748,496,796.84,134.1,1.0
13288,45,45,2545,90,796.76,69.09,1.0
13289,229,59,2729,458,796.74,102.16,1.0
13290,186,59,2686,372,796.71,98.17,1.0
13291,55,46,2555,110,796.66,71.4,1.0
13292,252,58,2752,504,796.64,102.79,1.0
13293,67,50,2567,134,796.6,75.63,1.0
13294,117,52,2617,234,796.6,84.67,1.0
13295,160,56,2660,320,796.59,88.15,1.0
13296,53,39,2553,106,796.58,69.37,1.0
13297,43,43,2543,86,796.57,73.5,1.0
13298,254,59,2754,508,796.55,108.01,1.0
13299,155,56,2655,310,796.54,91.66,1.0
13300,74,46,2574,148,796.52,73.93,1.0
13301,57,43,2557,114,796.51,77.69,1.0
13302,223,57,2723,446,796.49,101.16,1.0
13303,243,59,2743,486,796.48,105.01,1.0
13304,83,50,2583,166,796.46,78.48,1.0
13305,166,7,2666,332,796.46,117.02,1.0
13306,107,53,2607,214,796.42,75.6,1.0
13307,93,54,2593,186,796.41,78.67,1.0
13308,57,38,2557,114,796.38,75.66,1.0
13309,59,30,2559,118,796.38,71.18,1.0
13310,65,51,2565,130,796.34,75.53,1.0
13311,82,6,2582,164,796.34,94.95,1.0
13312,60,32,2560,120,796.33,72.24,1.0
13313,56,31,2556,112,796.3,71.91,1.0
13314,50,39,2550,100,796.27,72.29,1.0
13315,159,56,2659,318,796.26,91.06,1.0
13316,198,57,2698,396,796.25,96.15,1.0
13317,158,7,2658,316,796.24,117.03,1.0
13318,169,58,2669,338,796.24,92.18,1.0
13319,52,40,2552,104,796.21,73.5,1.0
13320,162,58,2662,324,796.19,89.54,1.0
13321,197,57,2697,394,796.19,91.07,1.0
13322,163,57,2663,326,796.18,92.64,1.0
13323,50,43,2550,100,796.15,74.08,1.0
13324,230,8,2730,460,796.13,130.67,1.0
13325,66,50,2566,132,796.08,76.4,1.0
13326,300,59,2800,600,796.03,111.5,1.0
13327,284,60,2784,568,796.03,112.61,1.0
13328,144,57,2644,288,796.02,92.05,1.0
13329,59,41,2559,118,795.97,75.64,1.0
13330,183,58,2683,366,795.97,92.2,1.0
13331,263,58,2763,526,795.97,105.24,1.0
13332,185,7,2685,370,795.95,122.56,1.0
13333,50,40,2550,100,795.94,70.43,1.0
13334,59,36,2559,118,795.9,74.18,1.0
13335,211,58,2711,422,795.87,95.12,1.0
13336,217,8,2717,434,795.87,135.73,1.0
13337,77,46,2577,154,795.86,72.86,1.0
13338,65,52,2565,130,795.85,78.05,1.0
13339,57,44,2557,114,795.85,78.17,1.0
13340,239,59,2739,478,795.84,101.88,1.0
13341,57,33,2557,114,795.83,75.44,1.0
13342,177,59,2677,354,795.83,98.17,1.0
13343,52,34,2552,104,795.82,71.95,1.0
13344,72,6,2572,144,795.82,89.45,1.0
13345,96,53,2596,192,795.82,84.41,1.0
13346,148,7,2648,296,795.82,114.86,1.0
13347,50,36,2550,100,795.8,70.83,1.0
13348,70,51,2570,140,795.79,78.24,1.0
13349,43,32,2543,86,795.76,70.6,1.0
13350,60,45,2560,120,795.76,72.92,1.0
13351,120,55,2620,240,795.75,81.88,1.0
13352,53,35,2553,106,795.74,67.97,1.0
13353,105,53,2605,210,795.73,82.66,1.0
13354,94,56,2594,188,795.71,81.6,1.0
13355,86,53,2586,172,795.71,78.93,1.0
13356,297,60,2797,594,795.71,113.24,1.0
13357,105,54,2605,210,795.7,84.94,1.0
13358,50,30,2550,100,795.68,69.45,1.0
13359,85,6,2585,170,795.68,94.24,1.0
13360,58,47,2558,116,795.67,72.35,1.0
13361,277,8,2777,554,795.64,140.49,1.0
13362,207,57,2707,414,795.63,96.32,1.0
13363,50,31,2550,100,795.62,72.94,1.0
13364,59,34,2559,118,795.61,75.55,1.0
13365,139,54,2639,278,795.61,85.06,1.0
13366,89,52,2589,178,795.6,81.61,1.0
13367,234,58,2734,468,795.56,103.71,1.0
13368,59,43,2559,118,795.55,72.16,1.0
13369,3,5,2503,6,795.53,71.32,1.0
13370,149,58,2649,298,795.53,89.58,1.0
13371,104,54,2604,208,795.48,80.13,1.0
13372,98,51,2598,196,795.48,77.01,1.0
13373,2,29,2502,4,795.46,67.68,1.0
13374,128,7,2628,256,795.46,110.26,1.0
13375,59,40,2559,118,795.45,69.25,1.0
13376,150,55,2650,300,795.45,84.9,1.0
13377,83,6,2583,166,795.42,100.8,1.0
13378,51,45,2551,102,795.41,72.39,1.0
13379,12,29,2512,24,795.39,69.91,1.0
13380,238,59,2738,476,795.39,103.85,1.0
13381,131,56,2631,262,795.38,83.86,1.0
13382,250,59,2750,500,795.37,100.65,1.0
13383,52,36,2552,104,795.35,72.69,1.0
13384,6,5,2506,12,795.31,76.26,1.0
13385,77,47,2577,154,795.3,72.91,1.0
13386,125,55,2625,250,795.28,82.55,1.0
13387,204,58,2704,408,795.28,96.43,1.0
13388,52,31,2552,104,795.27,69.14,1.0
13389,164,55,2664,328,795.23,87.87,1.0
13390,79,50,2579,158,795.21,73.9,1.0
13391,60,38,2560,120,795.2,71.76,1.0
13392,114,55,2614,228,795.18,85.36,1.0
13393,70,52,2570,140,795.17,77.86,1.0
13394,153,57,2653,306,795.17,90.16,1.0
13395,54,31,2554,108,795.15,71.53,1.0
13396,45,35,2545,90,795.13,69.86,1.0
13397,80,6,2580,160,795.12,100.75,1.0
13398,136,54,2636,272,795.12,86.47,1.0
13399,56,47,2556,112,795.1,71.54,1.0
13400,69,49,2569,138,795.08,74.54,1.0
13401,78,50,2578,156,795.06,78.58,1.0
13402,242,8,2742,484,795.04,129.68,1.0
13403,57,34,2557,114,795.03,74.45,1.0
13404,67,51,2567,134,795.02,75.96,1.0
13405,83,49,2583,166,795.02,74.06,1.0
13406,100,54,2600,200,795.02,81.73,1.0
13407,259,8,2759,518,795.02,132.73,1.0
13408,142,57,2642,284,794.99,82.52,1.0
13409,277,58,2777,554,794.97,107.44,1.0
13410,267,58,2767,534,794.96,108.6,1.0
13411,159,55,2659,318,794.92,89.92,1.0
13412,134,56,2634,268,794.91,86.9,1.0
13413,59,46,2559,118,794.87,72.8,1.0
13414,104,53,2604,208,794.84,80.79,1.0
13415,124,56,2624,248,794.84,83.04,1.0
13416,7,29,2507,14,794.81,68.35,1.0
13417,94,55,2594,188,794.8,82.31,1.0
13418,62,49,2562,124,794.74,71.95,1.0
13419,234,8,2734,468,794.7,131.53,1.0
13420,88,53,2588,176,794.68,75.09,1.0
13421,270,60,2770,540,794.67,101.24,1.0
13422,51,30,2551,102,794.66,73.11,1.0
13423,103,55,2603,206,794.66,79.56,1.0
13424,182,57,2682,364,794.66,95.23,1.0
13425,50,38,2550,100,794.65,70.28,1.0
13426,106,51,2606,212,794.65,79.32,1.0
13427,60,36,2560,120,794.63,71.68,1.0
13428,146,57,2646,292,794.61,86.65,1.0
13429,196,57,2696,392,794.6,94.39,1.0
13430,54,35,2554,108,794.58,72.09,1.0
13431,108,55,2608,216,794.57,83.71,1.0
13432,183,7,2683,366,794.57,125.25,1.0
13433,91,6,2591,182,794.55,101.9,1.0
13434,151,57,2651,302,794.52,91.36,1.0
13435,141,55,2641,282,794.51,89.46,1.0
13436,51,37,2551,102,794.5,70.04,1.0
13437,216,59,2716,432,794.5,98.05,1.0
13438,52,30,2552,104,794.48,73.65,1.0
13439,59,33,2559,118,794.47,73.59,1.0
13440,101,54,2601,202,794.47,79.87,1.0
13441,191,57,2691,382,794.47,96.59,1.0
13442,272,8,2772,544,794.47,138.26,1.0
13443,256,59,2756,512,794.44,104.57,1.0
13444,129,55,2629,258,794.42,85.28,1.0
13445,75,51,2575,150,794.41,78.37,1.0
13446,133,58,2633,266,794.41,82.26,1.0
13447,45,40,2545,90,794.39,71.94,1.0
13448,59,42,2559,118,794.38,71.38,1.0
13449,1,5,2501,2,794.38,75.36,1.0
13450,217,57,2717,434,794.38,102.0,1.0
13451,110,55,2610,220,794.36,82.63,1.0
13452,140,55,2640,280,794.34,89.77,1.0
13453,80,51,2580,160,794.33,77.91,1.0
13454,47,44,2547,94,794.3,71.48,1.0
13455,135,55,2635,270,794.29,88.1,1.0
13456,76,47,2576,152,794.28,71.71,1.0
13457,51,38,2551,102,794.26,73.58,1.0
13458,50,42,2550,100,794.24,71.26,1.0
13459,84,50,2584,168,794.24,75.07,1.0
13460,57,39,2557,114,794.22,74.93,1.0
13461,70,53,2570,140,794.2,75.83,1.0
13462,65,53,2565,130,794.18,75.3,1.0
13463,210,59,2710,420,794.18,101.66,1.0
13464,43,30,2543,86,794.17,73.31,1.0
13465,291,59,2791,582,794.17,111.62,1.0
13466,257,59,2757,514,794.16,109.58,1.0
13467,57,40,2557,114,794.12,74.87,1.0
13468,264,58,2764,528,794.12,107.21,1.0
13469,122,55,2622,244,794.1,87.23,1.0
13470,43,36,2543,86,794.04,72.76,1.0
13471,57,45,2557,114,794.0,75.16,1.0
13472,60,41,2560,120,793.98,71.83,1.0
13473,57,32,2557,114,793.96,71.94,1.0
13474,119,56,2619,238,793.96,83.9,1.0
13475,54,45,2554,108,793.95,73.3,1.0
13476,51,44,2551,102,793.94,72.7,1.0
13477,52,33,2552,104,793.91,73.24,1.0
13478,52,32,2552,104,793.89,72.54,1.0
13479,53,33,2553,106,793.88,68.07,1.0
13480,11,5,2511,22,793.84,74.83,1.0
13481,43,35,2543,86,793.83,71.24,1.0
13482,170,7,2670,340,793.82,119.62,1.0
13483,74,47,2574,148,793.78,76.88,1.0
13484,47,42,2547,94,793.72,69.56,1.0
13485,134,55,2634,268,793.69,84.11,1.0
13486,55,47,2555,110,793.67,70.1,1.0
13487,93,55,2593,186,793.67,79.07,1.0
13488,61,49,2561,122,793.66,74.8,1.0
13489,118,55,2618,236,793.62,86.67,1.0
13490,123,55,2623,246,793.61,84.24,1.0
13491,43,44,2543,86,793.6,71.71,1.0
13492,294,8,2794,588,793.6,142.78,1.0
13493,59,31,2559,118,793.58,73.1,1.0
13494,140,56,2640,280,793.58,90.92,1.0
13495,256,8,2756,512,793.58,137.14,1.0
13496,117,53,2617,234,793.54,85.9,1.0
13497,147,57,2647,294,793.54,93.86,1.0
13498,59,35,2559,118,793.52,70.39,1.0
13499,0,29,2500,0,793.49,69.77,1.0
13500,278,8,2778,556,793.46,133.2,1.0
13501,208,59,2708,416,793.42,100.32,1.0
13502,59,32,2559,118,793.4,71.72,1.0
13503,106,52,2606,212,793.35,82.9,1.0
13504,53,46,2553,106,793.34,72.76,1.0
13505,66,51,2566,132,793.34,78.61,1.0
13506,91,54,2591,182,793.32,82.9,1.0
13507,244,57,2744,488,793.3,105.75,1.0
13508,51,36,2551,102,793.28,71.72,1.0
13509,52,37,2552,104,793.25,71.92,1.0
13510,125,56,2625,250,793.25,86.08,1.0
13511,154,57,2654,308,793.24,87.47,1.0
13512,224,58,2724,448,793.24,101.88,1.0
13513,130,55,2630,260,793.23,84.42,1.0
13514,171,56,2671,342,793.23,92.53,1.0
13515,15,5,2515,30,793.19,77.2,1.0
13516,50,37,2550,100,793.18,70.66,1.0
13517,45,44,2545,90,793.17,72.0,1.0
13518,57,41,2557,114,793.17,74.25,1.0
13519,67,48,2567,134,793.17,74.95,1.0
13520,95,52,2595,190,793.17,77.72,1.0
13521,56,48,2556,112,793.16,70.59,1.0
13522,45,30,2545,90,793.13,67.95,1.0
13523,50,45,2550,100,793.13,70.47,1.0
13524,116,53,2616,232,793.11,82.26,1.0
13525,145,57,2645,290,793.11,86.39,1.0
13526,58,46,2558,116,793.06,72.12,1.0
13527,7,5,2507,14,793.05,75.69,1.0
13528,262,60,2762,524,793.05,106.87,1.0
13529,51,42,2551,102,792.98,71.21,1.0
13530,81,53,2581,162,792.92,79.74,1.0
13531,58,49,2558,116,792.89,75.2,1.0
13532,158,59,2658,316,792.89,92.14,1.0
13533,21,5,2521,42,792.85,75.47,1.0
13534,79,6,2579,158,792.82,96.69,1.0
13535,51,32,2551,102,792.8,69.46,1.0
13536,54,47,2554,108,792.8,74.92,1.0
13537,44,31,2544,88,792.79,73.11,1.0
13538,44,30,2544,88,792.78,71.17,1.0
13539,137,56,2637,274,792.77,86.81,1.0
13540,52,44,2552,104,792.73,73.04,1.0
13541,63,49,2563,126,792.71,76.34,1.0
13542,206,58,2706,412,792.71,101.1,1.0
13543,63,48,2563,126,792.68,73.63,1.0
13544,45,36,2545,90,792.67,73.18,1.0
13545,92,50,2592,184,792.66,82.31,1.0
13546,168,57,2668,336,792.65,89.34,1.0
13547,78,6,2578,156,792.64,101.02,1.0
13548,209,59,2709,418,792.63,100.7,1.0
13549,5,29,2505,10,792.62,69.87,1.0
13550,74,6,2574,148,792.6,94.59,1.0
13551,165,58,2665,330,792.58,93.56,1.0
13552,83,51,2583,166,792.56,79.97,1.0
13553,247,60,2747,494,792.54,105.73,1.0
13554,288,59,2788,576,792.52,108.3,1.0
13555,43,46,2543,86,792.49,74.06,1.0
13556,55,50,2555,110,792.49,73.53,1.0
13557,281,60,2781,562,792.49,111.17,1.0
13558,184,59,2684,368,792.47,93.14,1.0
13559,4,29,2504,8,792.45,65.76,1.0
13560,110,54,2610,220,792.44,81.03,1.0
13561,176,57,2676,352,792.44,93.1,1.0
13562,221,58,2721,442,792.44,101.63,1.0
13563,258,58,2758,516,792.44,97.52,1.0
13564,195,7,2695,390,792.43,119.41,1.0
13565,201,58,2701,402,792.43,99.23,1.0
13566,100,55,2600,200,792.42,82.93,1.0
13567,172,57,2672,344,792.42,95.25,1.0
13568,47,36,2547,94,792.4,71.52,1.0
13569,156,57,2656,312,792.4,88.37,1.0
13570,152,56,2652,304,792.39,89.48,1.0
13571,52,42,2552,104,792.38,74.58,1.0
13572,59,38,2559,118,792.36,69.54,1.0
13573,45,32,2545,90,792.34,72.57,1.0
13574,102,54,2602,204,792.34,81.72,1.0
13575,150,56,2650,300,792.34,88.01,1.0
13576,44,41,2544,88,792.31,70.68,1.0
13577,45,37,2545,90,792.31,71.1,1.0
13578,53,47,2553,106,792.28,71.58,1.0
13579,45,47,2545,90,792.28,70.08,1.0
13580,96,54,2596,192,792.28,83.82,1.0
13581,121,54,2621,242,792.28,84.39,1.0
13582,84,6,2584,168,792.27,97.46,1.0
13583,87,51,2587,174,792.26,80.8,1.0
13584,101,55,2601,202,792.26,83.37,1.0
13585,128,53,2628,256,792.25,83.68,1.0
13586,43,45,2543,86,792.2,69.69,1.0
13587,52,46,2552,104,792.19,72.83,1.0
13588,89,53,2589,178,792.19,81.02,1.0
13589,53,48,2553,106,792.18,70.93,1.0
13590,111,55,2611,222,792.18,82.44,1.0
13591,188,58,2688,376,792.18,92.74,1.0
13592,50,33,2550,100,792.17,73.22,1.0
13593,50,32,2550,100,792.14,70.68,1.0
13594,195,58,2695,390,792.12,99.54,1.0
13595,43,41,2543,86,792.11,69.32,1.0
13596,51,39,2551,102,792.11,70.47,1.0
13597,296,59,2796,592,792.08,109.39,1.0
13598,81,52,2581,162,792.03,77.46,1.0
13599,14,5,2514,28,792.02,75.45,1.0
13600,79,51,2579,158,792.02,76.44,1.0
13601,51,40,2551,102,792.01,70.5,1.0
13602,282,8,2782,564,792.01,142.08,1.0
13603,52,41,2552,104,792.0,72.57,1.0
13604,82,52,2582,164,791.99,78.39,1.0
13605,88,6,2588,176,791.98,99.81,1.0
13606,152,7,2652,304,791.98,111.05,1.0
13607,41,36,2541,82,791.97,73.11,1.0
13608,120,56,2620,240,791.96,89.26,1.0
13609,57,30,2557,114,791.95,72.83,1.0
13610,59,37,2559,118,791.93,72.51,1.0
13611,57,46,2557,114,791.91,75.52,1.0
13612,45,42,2545,90,791.9,71.56,1.0
13613,62,50,2562,124,791.9,77.16,1.0
13614,207,58,2707,414,791.9,100.74,1.0
13615,73,49,2573,146,791.88,74.17,1.0
13616,44,39,2544,88,791.86,71.61,1.0
13617,66,53,2566,132,791.85,75.72,1.0
13618,45,41,2545,90,791.84,69.54,1.0
13619,127,57,2627,254,791.82,91.45,1.0
13620,43,33,2543,86,791.79,72.73,1.0
13621,138,56,2638,276,791.79,84.96,1.0
13622,44,36,2544,88,791.76,72.02,1.0
13623,190,57,2690,380,791.76,92.36,1.0
13624,47,34,2547,94,791.72,68.77,1.0
13625,242,58,2742,484,791.7,96.8,1.0
13626,52,38,2552,104,791.67,69.49,1.0
13627,45,39,2545,90,791.65,72.24,1.0
13628,57,31,2557,114,791.65,70.12,1.0
13629,51,33,2551,102,791.63,73.68,1.0
13630,47,32,2547,94,791.62,74.3,1.0
13631,181,57,2681,362,791.6,88.76,1.0
13632,264,8,2764,528,791.6,138.96,1.0
13633,44,34,2544,88,791.58,70.48,1.0
13634,85,53,2585,170,791.58,77.1,1.0
13635,16,5,2516,32,791.55,75.22,1.0
13636,80,52,2580,160,791.52,75.69,1.0
13637,117,54,2617,234,791.51,81.58,1.0
13638,43,34,2543,86,791.5,72.56,1.0
13639,72,49,2572,144,791.49,79.06,1.0
13640,137,55,2637,274,791.49,83.43,1.0
13641,58,50,2558,116,791.47,74.71,1.0
13642,107,54,2607,214,791.42,82.44,1.0
13643,52,45,2552,104,791.41,73.55,1.0
13644,228,59,2728,456,791.33,107.04,1.0
13645,298,59,2798,596,791.33,107.98,1.0
13646,139,7,2639,278,791.28,113.26,1.0
13647,51,41,2551,102,791.26,71.44,1.0
13648,276,8,2776,552,791.23,141.04,1.0
13649,27,5,2527,54,791.16,84.6,1.0
13650,218,58,2718,436,791.15,99.06,1.0
13651,47,35,2547,94,791.12,70.56,1.0
13652,44,42,2544,88,791.11,73.15,1.0
13653,148,57,2648,296,791.11,87.51,1.0
13654,49,41,2549,98,791.1,74.68,1.0
13655,45,33,2545,90,791.09,71.27,1.0
13656,41,44,2541,82,791.09,71.74,1.0
13657,84,51,2584,168,791.05,78.75,1.0
13658,235,59,2735,470,791.05,106.59,1.0
13659,45,38,2545,90,791.03,68.28,1.0
13660,60,46,2560,120,791.01,73.7,1.0
13661,194,58,2694,388,791.0,96.47,1.0
13662,205,7,2705,410,791.0,127.46,1.0
13663,43,42,2543,86,790.98,72.88,1.0
13664,215,58,2715,430,790.98,102.4,1.0
13665,261,8,2761,522,790.96,131.91,1.0
13666,41,30,2541,82,790.95,69.24,1.0
13667,54,48,2554,108,790.94,74.39,1.0
13668,43,37,2543,86,790.92,68.85,1.0
13669,47,31,2547,94,790.91,73.05,1.0
13670,59,45,2559,118,790.91,74.05,1.0
13671,192,57,2692,384,790.9,94.8,1.0
13672,75,6,2575,150,790.89,102.63,1.0
13673,51,34,2551,102,790.88,71.26,1.0
13674,253,59,2753,506,790.87,105.91,1.0
13675,87,52,2587,174,790.85,78.77,1.0
13676,75,52,2575,150,790.83,73.35,1.0
13677,75,53,2575,150,790.79,74.84,1.0
13678,62,51,2562,124,790.77,74.52,1.0
13679,43,31,2543,86,790.73,72.41,1.0
13680,268,8,2768,536,790.73,139.18,1.0
13681,69,51,2569,138,790.72,75.82,1.0
13682,164,56,2664,328,790.7,96.31,1.0
13683,87,50,2587,174,790.68,74.86,1.0
13684,158,58,2658,316,790.65,89.71,1.0
13685,56,49,2556,112,790.64,73.67,1.0
13686,61,48,2561,122,790.63,73.18,1.0
13687,220,58,2720,440,790.63,99.38,1.0
13688,44,38,2544,88,790.57,73.47,1.0
13689,273,60,2773,546,790.54,110.19,1.0
13690,219,60,2719,438,790.53,102.17,1.0
13691,91,55,2591,182,790.49,80.08,1.0
13692,277,59,2777,554,790.46,104.45,1.0
13693,51,31,2551,102,790.44,70.55,1.0
13694,9,5,2509,18,790.4,76.95,1.0
13695,215,7,2715,430,790.4,128.19,1.0
13696,52,47,2552,104,790.39,74.85,1.0
13697,64,52,2564,128,790.38,76.35,1.0
13698,102,55,2602,204,790.36,80.91,1.0
13699,58,48,2558,116,790.35,73.01,1.0
13700,160,57,2660,320,790.32,94.28,1.0
13701,180,57,2680,360,790.3,98.43,1.0
13702,203,58,2703,406,790.29,96.54,1.0
13703,115,55,2615,230,790.27,86.43,1.0
13704,47,30,2547,94,790.26,69.69,1.0
13705,131,57,2631,262,790.25,87.73,1.0
13706,45,34,2545,90,790.23,71.96,1.0
13707,185,59,2685,370,790.21,95.36,1.0
13708,173,58,2673,346,790.2,93.78,1.0
13709,47,33,2547,94,790.19,69.85,1.0
13710,155,57,2655,310,790.16,89.93,1.0
13711,98,52,2598,196,790.15,81.23,1.0
13712,49,45,2549,98,790.11,73.04,1.0
13713,41,39,2541,82,790.09,72.54,1.0
13714,89,6,2589,178,790.05,103.25,1.0
13715,76,6,2576,152,790.05,97.49,1.0
13716,51,46,2551,102,790.02,75.12,1.0
13717,50,47,2550,100,790.01,71.76,1.0
13718,41,38,2541,82,789.98,71.05,1.0
13719,98,6,2598,196,789.98,99.93,1.0
13720,49,35,2549,98,789.97,73.24,1.0
13721,113,55,2613,226,789.95,84.95,1.0
13722,44,40,2544,88,789.93,71.66,1.0
13723,97,54,2597,194,789.91,77.28,1.0
13724,179,57,2679,358,789.91,95.35,1.0
13725,45,43,2545,90,789.89,72.42,1.0
13726,124,57,2624,248,789.89,87.92,1.0
13727,132,57,2632,264,789.88,90.26,1.0
13728,43,47,2543,86,789.86,73.24,1.0
13729,57,47,2557,114,789.86,74.07,1.0
13730,95,6,2595,190,789.85,100.42,1.0
13731,44,37,2544,88,789.83,74.54,1.0
13732,61,50,2561,122,789.82,73.23,1.0
13733,138,57,2638,276,789.82,86.42,1.0
13734,143,55,2643,286,789.8,86.46,1.0
13735,83,52,2583,166,789.79,77.76,1.0
13736,279,59,2779,558,789.78,104.23,1.0
13737,43,40,2543,86,789.77,72.85,1.0
13738,47,40,2547,94,789.77,69.48,1.0
13739,264,59,2764,528,789.77,103.98,1.0
13740,45,31,2545,90,789.75,68.73,1.0
13741,170,57,2670,340,789.72,94.95,1.0
13742,47,39,2547,94,789.71,71.54,1.0
13743,64,51,2564,128,789.68,76.09,1.0
13744,47,38,2547,94,789.67,69.74,1.0
13745,41,33,2541,82,789.64,70.21,1.0
13746,47,43,2547,94,789.63,68.44,1.0
13747,49,38,2549,98,789.62,72.62,1.0
13748,38,37,2538,76,789.62,71.78,1.0
13749,4,5,2504,8,789.6,72.88,1.0
13750,165,59,2665,330,789.59,96.73,1.0
13751,256,60,2756,512,789.59,108.24,1.0
13752,44,35,2544,88,789.58,72.8,1.0
13753,240,60,2740,480,789.55,103.21,1.0
13754,249,60,2749,498,789.55,103.36,1.0
13755,44,32,2544,88,789.54,72.33,1.0
13756,47,37,2547,94,789.53,72.47,1.0
13757,72,50,2572,144,789.52,78.18,1.0
13758,122,56,2622,244,789.5,85.06,1.0
13759,294,60,2794,588,789.49,110.78,1.0
13760,272,59,2772,544,789.48,101.85,1.0
13761,69,50,2569,138,789.45,74.6,1.0
13762,42,44,2542,84,789.44,75.09,1.0
13763,44,43,2544,88,789.44,70.91,1.0
13764,187,7,2687,374,789.43,117.84,1.0
13765,217,58,2717,434,789.42,103.21,1.0
13766,58,51,2558,116,789.41,76.14,1.0
13767,41,37,2541,82,789.4,72.43,1.0
13768,50,35,2550,100,789.38,71.32,1.0
13769,106,53,2606,212,789.38,80.61,1.0
13770,49,34,2549,98,789.34,74.6,1.0
13771,290,60,2790,580,789.34,104.39,1.0
13772,87,53,2587,174,789.33,79.85,1.0
13773,23,5,2523,46,789.32,81.28,1.0
13774,265,60,2765,530,789.32,110.58,1.0
13775,300,8,2800,600,789.3,135.88,1.0
13776,95,53,2595,190,789.27,77.93,1.0
13777,175,7,2675,350,789.26,124.19,1.0
13778,273,8,2773,546,789.26,137.3,1.0
13779,112,55,2612,224,789.24,82.08,1.0
13780,92,51,2592,184,789.24,83.97,1.0
13781,269,59,2769,538,789.23,108.03,1.0
13782,51,43,2551,102,789.21,72.23,1.0
13783,118,57,2618,236,789.2,87.94,1.0
13784,146,58,2646,292,789.18,92.95,1.0
13785,141,56,2641,282,789.18,89.17,1.0
13786,44,47,2544,88,789.16,70.4,1.0
13787,53,49,2553,106,789.15,73.47,1.0
13788,105,6,2605,210,789.13,100.84,1.0
13789,41,31,2541,82,789.1,72.56,1.0
13790,227,59,2727,454,789.07,100.93,1.0
13791,166,56,2666,332,789.05,87.95,1.0
13792,128,54,2628,256,788.97,87.03,1.0
13793,227,7,2727,454,788.96,130.88,1.0
13794,280,60,2780,560,788.96,109.09,1.0
13795,166,57,2666,332,788.93,90.74,1.0
13796,271,59,2771,542,788.92,106.85,1.0
13797,42,43,2542,84,788.91,73.35,1.0
13798,0,5,2500,0,788.86,73.54,1.0
13799,55,48,2555,110,788.84,71.98,1.0
13800,90,53,2590,180,788.8,78.92,1.0
13801,112,54,2612,224,788.79,83.61,1.0
13802,116,54,2616,232,788.78,83.32,1.0
13803,180,58,2680,360,788.73,92.09,1.0
13804,230,58,2730,460,788.69,101.31,1.0
13805,153,58,2653,306,788.67,90.5,1.0
13806,42,45,2542,84,788.64,74.31,1.0
13807,49,36,2549,98,788.59,73.97,1.0
13808,62,52,2562,124,788.58,78.13,1.0
13809,96,6,2596,192,788.55,104.45,1.0
13810,181,7,2681,362,788.55,117.87,1.0
13811,161,56,2661,322,788.53,93.62,1.0
13812,45,48,2545,90,788.52,72.36,1.0
13813,108,56,2608,216,788.52,83.34,1.0
13814,236,8,2736,472,788.5,135.14,1.0
13815,41,45,2541,82,788.49,70.97,1.0
13816,123,56,2623,246,788.49,84.68,1.0
13817,251,59,2751,502,788.48,106.03,1.0
13818,56,50,2556,112,788.45,74.74,1.0
13819,67,6,2567,134,788.44,96.11,1.0
13820,77,48,2577,154,788.44,75.64,1.0
13821,91,56,2591,182,788.44,82.88,1.0
13822,41,32,2541,82,788.43,69.11,1.0
13823,73,51,2573,146,788.43,76.65,1.0
13824,68,52,2568,136,788.43,79.95,1.0
13825,187,57,2687,374,788.43,93.83,1.0
13826,48,31,2548,96,788.39,74.45,1.0
13827,43,39,2543,86,788.38,68.96,1.0
13828,231,59,2731,462,788.37,102.78,1.0
13829,99,53,2599,198,788.35,80.33,1.0
13830,109,55,2609,218,788.33,84.41,1.0
13831,200,7,2700,400,788.33,124.55,1.0
13832,48,38,2548,96,788.31,75.86,1.0
13833,38,41,2538,76,788.3,72.87,1.0
13834,258,59,2758,516,788.26,104.88,1.0
13835,234,59,2734,468,788.22,102.56,1.0
13836,73,52,2573,146,788.17,76.16,1.0
13837,278,59,2778,556,788.17,107.52,1.0
13838,126,55,2626,252,788.16,86.62,1.0
13839,289,60,2789,578,788.15,107.19,1.0
13840,95,54,2595,190,788.14,81.41,1.0
13841,173,7,2673,346,788.13,124.96,1.0
13842,47,45,2547,94,788.12,72.65,1.0
13843,222,58,2722,444,788.09,99.16,1.0
13844,286,60,2786,572,788.07,111.08,1.0
13845,85,55,2585,170,788.04,77.37,1.0
13846,130,56,2630,260,788.02,85.35,1.0
13847,41,35,2541,82,788.0,69.52,1.0
13848,139,55,2639,278,787.98,82.96,1.0
13849,199,7,2699,398,787.97,127.02,1.0
13850,38,34,2538,76,787.93,74.94,1.0
13851,129,56,2629,258,787.93,87.18,1.0
13852,142,58,2642,284,787.92,89.83,1.0
13853,173,59,2673,346,787.92,93.89,1.0
13854,44,46,2544,88,787.91,72.25,1.0
13855,94,57,2594,188,787.91,88.35,1.0
13856,64,53,2564,128,787.9,78.79,1.0
13857,119,57,2619,238,787.89,85.5,1.0
13858,161,7,2661,322,787.88,119.11,1.0
13859,63,50,2563,126,787.85,73.09,1.0
13860,102,56,2602,204,787.82,82.98,1.0
13861,152,58,2652,304,787.82,94.47,1.0
13862,49,46,2549,98,787.81,73.4,1.0
13863,36,42,2536,72,787.8,69.04,1.0
13864,55,49,2555,110,787.79,71.88,1.0
13865,42,36,2542,84,787.78,71.04,1.0
13866,56,51,2556,112,787.78,72.54,1.0
13867,205,59,2705,410,787.78,100.47,1.0
13868,44,45,2544,88,787.75,70.76,1.0
13869,82,53,2582,164,787.75,77.35,1.0
13870,63,51,2563,126,787.74,72.12,1.0
13871,68,53,2568,136,787.74,76.22,1.0
13872,135,56,2635,270,787.74,90.21,1.0
13873,41,47,2541,82,787.73,71.68,1.0
13874,68,54,2568,136,787.68,79.63,1.0
13875,292,8,2792,584,787.68,143.86,1.0
13876,108,6,2608,216,787.67,108.32,1.0
13877,38,32,2538,76,787.65,71.7,1.0
13878,8,29,2508,16,787.63,69.06,1.0
13879,77,50,2577,154,787.6,76.96,1.0
13880,200,58,2700,400,787.59,99.93,1.0
13881,74,49,2574,148,787.58,76.13,1.0
13882,41,43,2541,82,787.55,70.59,1.0
13883,236,60,2736,472,787.53,104.57,1.0
13884,157,58,2657,314,787.51,88.71,1.0
13885,50,46,2550,100,787.46,74.25,1.0
13886,282,60,2782,564,787.46,114.72,1.0
13887,52,43,2552,104,787.45,70.57,1.0
13888,44,33,2544,88,787.43,72.13,1.0
13889,71,56,2571,142,787.43,79.96,1.0
13890,225,59,2725,450,787.42,93.78,1.0
13891,46,40,2546,92,787.41,73.89,1.0
13892,191,58,2691,382,787.4,92.05,1.0
13893,44,44,2544,88,787.38,70.24,1.0
13894,64,54,2564,128,787.38,77.49,1.0
13895,85,54,2585,170,787.37,81.12,1.0
13896,205,60,2705,410,787.36,106.24,1.0
13897,49,40,2549,98,787.35,72.88,1.0
13898,48,42,2548,96,787.32,72.38,1.0
13899,118,56,2618,236,787.32,84.57,1.0
13900,42,42,2542,84,787.29,75.9,1.0
13901,77,49,2577,154,787.28,76.15,1.0
13902,52,49,2552,104,787.21,73.04,1.0
13903,59,49,2559,118,787.2,74.06,1.0
13904,144,58,2644,288,787.2,89.93,1.0
13905,94,6,2594,188,787.19,101.91,1.0
13906,136,55,2636,272,787.15,86.31,1.0
13907,46,42,2546,92,787.1,72.28,1.0
13908,38,38,2538,76,787.1,68.44,1.0
13909,76,49,2576,152,787.09,77.04,1.0
13910,209,7,2709,418,787.06,124.51,1.0
13911,45,49,2545,90,787.05,71.51,1.0
13912,105,55,2605,210,787.04,87.83,1.0
13913,171,57,2671,342,787.03,92.06,1.0
13914,126,56,2626,252,787.02,86.05,1.0
13915,49,37,2549,98,786.99,72.04,1.0
13916,103,6,2603,206,786.98,108.21,1.0
13917,66,52,2566,132,786.97,78.71,1.0
13918,199,59,2699,398,786.97,93.8,1.0
13919,42,30,2542,84,786.95,73.45,1.0
13920,88,54,2588,176,786.91,79.27,1.0
13921,214,57,2714,428,786.91,96.94,1.0
13922,36,35,2536,72,786.84,70.35,1.0
13923,159,57,2659,318,786.83,94.83,1.0
13924,148,58,2648,296,786.82,90.65,1.0
13925,270,8,2770,540,786.82,140.34,1.0
13926,32,5,2532,64,786.81,83.03,1.0
13927,93,56,2593,186,786.81,80.61,1.0
13928,113,54,2613,226,786.81,83.31,1.0
13929,209,60,2709,418,786.78,97.03,1.0
13930,49,43,2549,98,786.77,74.52,1.0
13931,86,54,2586,172,786.71,79.6,1.0
13932,58,52,2558,116,786.69,76.43,1.0
13933,241,58,2741,482,786.68,105.17,1.0
13934,82,54,2582,164,786.67,79.65,1.0
13935,70,54,2570,140,786.65,80.63,1.0
13936,74,48,2574,148,786.6,76.44,1.0
13937,73,50,2573,146,786.59,74.11,1.0
13938,121,55,2621,242,786.59,84.7,1.0
13939,254,60,2754,508,786.58,109.0,1.0
13940,237,58,2737,474,786.57,101.8,1.0
13941,42,34,2542,84,786.54,75.33,1.0
13942,42,32,2542,84,786.5,73.32,1.0
13943,38,43,2538,76,786.48,70.41,1.0
13944,293,60,2793,586,786.43,105.06,1.0
13945,62,53,2562,124,786.42,75.26,1.0
13946,79,52,2579,158,786.41,77.28,1.0
13947,114,57,2614,228,786.4,81.6,1.0
13948,125,57,2625,250,786.38,82.66,1.0
13949,60,49,2560,120,786.34,75.93,1.0
13950,41,46,2541,82,786.33,72.54,1.0
13951,97,6,2597,194,786.3,101.98,1.0
13952,46,43,2546,92,786.29,72.16,1.0
13953,190,58,2690,380,786.28,99.26,1.0
13954,41,40,2541,82,786.27,72.18,1.0
13955,38,40,2538,76,786.27,73.32,1.0
13956,42,38,2542,84,786.25,73.15,1.0
13957,38,30,2538,76,786.2,69.98,1.0
13958,92,52,2592,184,786.2,78.69,1.0
13959,46,41,2546,92,786.13,72.68,1.0
13960,38,36,2538,76,786.11,74.5,1.0
13961,275,60,2775,550,786.08,110.97,1.0
13962,59,47,2559,118,786.07,73.44,1.0
13963,83,53,2583,166,786.06,80.86,1.0
13964,84,52,2584,168,786.06,77.19,1.0
13965,61,51,2561,122,786.04,77.94,1.0
13966,36,40,2536,72,786.04,69.16,1.0
13967,48,36,2548,96,785.99,73.25,1.0
13968,268,60,2768,536,785.95,102.77,1.0
13969,195,59,2695,390,785.94,99.95,1.0
13970,194,7,2694,388,785.93,124.94,1.0
13971,114,56,2614,228,785.92,86.15,1.0
13972,88,55,2588,176,785.89,81.5,1.0
13973,279,60,2779,558,785.89,109.77,1.0
13974,291,8,2791,582,785.88,136.47,1.0
13975,115,6,2615,230,785.87,107.23,1.0
13976,87,6,2587,174,785.86,98.48,1.0
13977,102,57,2602,204,785.86,79.57,1.0
13978,65,56,2565,130,785.85,82.58,1.0
13979,139,56,2639,278,785.85,86.75,1.0
13980,60,48,2560,120,785.82,75.61,1.0
13981,46,33,2546,92,785.81,71.69,1.0
13982,20,5,2520,40,785.8,81.26,1.0
13983,299,60,2799,598,785.79,111.28,1.0
13984,54,50,2554,108,785.77,74.58,1.0
13985,182,58,2682,364,785.77,92.37,1.0
13986,162,59,2662,324,785.76,91.65,1.0
13987,241,8,2741,482,785.74,136.39,1.0
13988,53,51,2553,106,785.73,73.84,1.0
13989,89,54,2589,178,785.73,82.26,1.0
13990,183,59,2683,366,785.73,95.97,1.0
13991,38,44,2538,76,785.72,71.21,1.0
13992,54,49,2554,108,785.69,72.34,1.0
13993,53,50,2553,106,785.68,72.08,1.0
13994,49,33,2549,98,785.64,74.32,1.0
13995,113,56,2613,226,785.64,83.36,1.0
13996,238,60,2738,476,785.63,103.8,1.0
13997,267,59,2767,534,785.62,109.91,1.0
13998,105,56,2605,210,785.61,87.45,1.0
13999,140,57,2640,280,785.61,89.79,1.0
14000,175,58,2675,350,785.61,96.13,1.0
14001,49,44,2549,98,785.59,70.76,1.0
14002,50,50,2550,100,785.59,74.3,1.0
14003,202,58,2702,404,785.58,99.02,1.0
14004,32,32,2532,64,785.56,74.83,1.0
14005,46,44,2546,92,785.55,73.05,1.0
14006,78,52,2578,156,785.55,78.76,1.0
14007,146,59,2646,292,785.55,90.99,1.0
14008,263,59,2763,526,785.55,103.85,1.0
14009,49,42,2549,98,785.54,77.14,1.0
14010,48,30,2548,96,785.53,73.6,1.0
14011,64,55,2564,128,785.52,77.36,1.0
14012,49,31,2549,98,785.52,74.95,1.0
14013,164,57,2664,328,785.5,93.21,1.0
14014,41,41,2541,82,785.47,71.3,1.0
14015,41,34,2541,82,785.43,68.8,1.0
14016,128,55,2628,256,785.42,90.13,1.0
14017,127,58,2627,254,785.41,87.81,1.0
14018,79,53,2579,158,785.4,76.48,1.0
14019,198,58,2698,396,785.39,99.99,1.0
14020,251,60,2751,502,785.38,109.29,1.0
14021,181,58,2681,362,785.37,92.83,1.0
14022,50,49,2550,100,785.34,69.11,1.0
14023,38,35,2538,76,785.34,74.04,1.0
14024,171,7,2671,342,785.34,118.8,1.0
14025,193,58,2693,386,785.34,100.42,1.0
14026,43,38,2543,86,785.33,70.85,1.0
14027,38,45,2538,76,785.31,71.32,1.0
14028,152,57,2652,304,785.3,87.1,1.0
14029,32,37,2532,64,785.26,69.2,1.0
14030,49,39,2549,98,785.25,73.52,1.0
14031,145,58,2645,290,785.25,88.99,1.0
14032,48,39,2548,96,785.23,72.1,1.0
14033,206,59,2706,412,785.2,104.05,1.0
14034,46,31,2546,92,785.19,72.04,1.0
14035,213,7,2713,426,785.19,132.94,1.0
14036,76,50,2576,152,785.18,73.21,1.0
14037,197,7,2697,394,785.18,124.36,1.0
14038,44,48,2544,88,785.17,72.42,1.0
14039,32,45,2532,64,785.17,71.83,1.0
14040,114,6,2614,228,785.17,105.69,1.0
14041,49,30,2549,98,785.16,73.8,1.0
14042,17,5,2517,34,785.16,76.84,1.0
14043,168,58,2668,336,785.12,92.71,1.0
14044,154,58,2654,308,785.11,89.56,1.0
14045,38,46,2538,76,785.08,71.21,1.0
14046,178,57,2678,356,785.07,96.93,1.0
14047,36,30,2536,72,785.06,71.41,1.0
14048,229,60,2729,458,785.06,102.42,1.0
14049,194,59,2694,388,785.05,99.7,1.0
14050,51,48,2551,102,785.01,69.72,1.0
14051,42,31,2542,84,785.0,71.4,1.0
14052,80,55,2580,160,785.0,79.25,1.0
14053,255,60,2755,510,785.0,110.41,1.0
14054,32,35,2532,64,784.99,72.38,1.0
14055,106,54,2606,212,784.99,84.49,1.0
14056,45,46,2545,90,784.98,69.79,1.0
14057,10,5,2510,20,784.94,74.92,1.0
14058,156,7,2656,312,784.91,118.15,1.0
14059,65,55,2565,130,784.9,77.82,1.0
14060,121,56,2621,242,784.89,84.32,1.0
14061,49,32,2549,98,784.86,69.9,1.0
14062,46,45,2546,92,784.85,71.01,1.0
14063,32,33,2532,64,784.84,73.46,1.0
14064,196,58,2696,392,784.84,101.6,1.0
14065,81,54,2581,162,784.81,76.42,1.0
14066,122,57,2622,244,784.8,83.89,1.0
14067,178,7,2678,356,784.8,124.48,1.0
14068,169,59,2669,338,784.78,94.83,1.0
14069,32,40,2532,64,784.74,68.12,1.0
14070,36,34,2536,72,784.74,74.28,1.0
14071,238,7,2738,476,784.74,133.7,1.0
14072,212,59,2712,424,784.73,103.88,1.0
14073,29,5,2529,58,784.72,83.64,1.0
14074,60,50,2560,120,784.65,77.23,1.0
14075,110,6,2610,220,784.62,104.38,1.0
14076,60,51,2560,120,784.57,76.57,1.0
14077,48,37,2548,96,784.56,73.66,1.0
14078,77,6,2577,154,784.54,99.47,1.0
14079,174,7,2674,348,784.54,125.24,1.0
14080,103,57,2603,206,784.5,82.93,1.0
14081,46,38,2546,92,784.49,71.89,1.0
14082,41,49,2541,82,784.46,70.3,1.0
14083,46,39,2546,92,784.42,72.33,1.0
14084,137,57,2637,274,784.35,89.78,1.0
14085,57,49,2557,114,784.34,75.81,1.0
14086,144,59,2644,288,784.34,90.03,1.0
14087,42,37,2542,84,784.33,74.53,1.0
14088,106,55,2606,212,784.33,82.57,1.0
14089,213,59,2713,426,784.33,100.94,1.0
14090,36,38,2536,72,784.32,67.87,1.0
14091,151,58,2651,302,784.31,88.93,1.0
14092,208,60,2708,416,784.31,101.43,1.0
14093,176,7,2676,352,784.3,118.5,1.0
14094,48,44,2548,96,784.26,73.7,1.0
14095,74,50,2574,148,784.21,76.35,1.0
14096,271,8,2771,542,784.21,141.13,1.0
14097,47,41,2547,94,784.19,71.34,1.0
14098,27,42,2527,54,784.18,72.87,1.0
14099,72,52,2572,144,784.17,76.59,1.0
14100,32,43,2532,64,784.15,70.37,1.0
14101,135,57,2635,270,784.15,87.22,1.0
14102,274,60,2774,548,784.14,105.32,1.0
14103,38,42,2538,76,784.1,73.35,1.0
14104,99,54,2599,198,784.1,83.08,1.0
14105,149,59,2649,298,784.06,92.84,1.0
14106,72,51,2572,144,784.05,73.93,1.0
14107,283,59,2783,566,784.04,110.63,1.0
14108,48,45,2548,96,784.03,72.78,1.0
14109,50,48,2550,100,784.03,68.91,1.0
14110,41,42,2541,82,784.03,69.91,1.0
14111,38,39,2538,76,784.01,73.24,1.0
14112,56,52,2556,112,784.0,75.58,1.0
14113,78,53,2578,156,783.99,79.24,1.0
14114,57,48,2557,114,783.97,77.91,1.0
14115,32,39,2532,64,783.96,70.98,1.0
14116,75,54,2575,150,783.94,76.63,1.0
14117,117,55,2617,234,783.94,85.74,1.0
14118,48,41,2548,96,783.93,75.35,1.0
14119,48,34,2548,96,783.89,73.11,1.0
14120,67,52,2567,134,783.89,78.92,1.0
14121,24,5,2524,48,783.86,85.1,1.0
14122,48,43,2548,96,783.85,72.89,1.0
14123,86,55,2586,172,783.85,80.08,1.0
14124,99,6,2599,198,783.84,102.48,1.0
14125,48,33,2548,96,783.8,73.9,1.0
14126,248,60,2748,496,783.77,105.63,1.0
14127,269,8,2769,538,783.76,133.26,1.0
14128,36,33,2536,72,783.73,70.17,1.0
14129,246,8,2746,492,783.72,137.74,1.0
14130,242,59,2742,484,783.69,102.47,1.0
14131,80,53,2580,160,783.67,78.97,1.0
14132,206,7,2706,412,783.64,127.55,1.0
14133,59,48,2559,118,783.63,76.88,1.0
14134,69,52,2569,138,783.61,75.07,1.0
14135,36,43,2536,72,783.6,69.92,1.0
14136,143,56,2643,286,783.6,88.28,1.0
14137,108,57,2608,216,783.58,85.09,1.0
14138,252,8,2752,504,783.58,131.38,1.0
14139,174,59,2674,348,783.56,94.05,1.0
14140,12,5,2512,24,783.55,76.28,1.0
14141,38,31,2538,76,783.55,72.97,1.0
14142,42,46,2542,84,783.54,74.11,1.0
14143,87,54,2587,174,783.51,81.99,1.0
14144,98,53,2598,196,783.5,82.43,1.0
14145,42,33,2542,84,783.47,73.74,1.0
14146,48,32,2548,96,783.47,71.7,1.0
14147,136,56,2636,272,783.41,84.79,1.0
14148,123,6,2623,246,783.39,107.57,1.0
14149,189,58,2689,378,783.39,95.18,1.0
14150,192,58,2692,384,783.36,96.27,1.0
14151,221,59,2721,442,783.36,101.46,1.0
14152,85,56,2585,170,783.35,82.34,1.0
14153,32,42,2532,64,783.3,68.41,1.0
14154,109,56,2609,218,783.29,86.57,1.0
14155,43,49,2543,86,783.26,75.08,1.0
14156,46,37,2546,92,783.22,74.65,1.0
14157,81,55,2581,162,783.22,77.99,1.0
14158,97,55,2597,194,783.2,82.65,1.0
14159,42,39,2542,84,783.17,70.3,1.0
14160,67,53,2567,134,783.17,77.78,1.0
14161,216,7,2716,432,783.16,124.99,1.0
14162,223,58,2723,446,783.14,109.05,1.0
14163,244,8,2744,488,783.14,137.9,1.0
14164,103,56,2603,206,783.12,86.22,1.0
14165,187,58,2687,374,783.11,101.24,1.0
14166,52,48,2552,104,783.08,74.18,1.0
14167,32,30,2532,64,783.08,71.85,1.0
14168,38,47,2538,76,783.08,75.42,1.0
14169,233,60,2733,466,783.05,103.11,1.0
14170,32,34,2532,64,783.04,72.31,1.0
14171,38,33,2538,76,783.04,76.18,1.0
14172,156,58,2656,312,783.03,87.73,1.0
14173,28,38,2528,56,783.0,70.24,1.0
14174,38,48,2538,76,783.0,73.57,1.0
14175,197,59,2697,394,783.0,97.0,1.0
14176,74,51,2574,148,782.98,77.38,1.0
14177,36,47,2536,72,782.96,71.64,1.0
14178,133,6,2633,266,782.96,115.39,1.0
14179,134,57,2634,268,782.96,87.33,1.0
14180,32,31,2532,64,782.89,72.95,1.0
14181,260,60,2760,520,782.88,111.08,1.0
14182,183,60,2683,366,782.87,102.78,1.0
14183,172,58,2672,344,782.84,94.81,1.0
14184,28,5,2528,56,782.83,83.84,1.0
14185,45,50,2545,90,782.81,70.96,1.0
14186,33,30,2533,66,782.81,69.89,1.0
14187,179,58,2679,358,782.81,94.73,1.0
14188,104,55,2604,208,782.77,79.86,1.0
14189,76,51,2576,152,782.76,77.06,1.0
14190,82,55,2582,164,782.76,79.73,1.0
14191,115,56,2615,230,782.76,86.55,1.0
14192,112,56,2612,224,782.75,85.85,1.0
14193,96,55,2596,192,782.7,84.42,1.0
14194,163,58,2663,326,782.68,98.41,1.0
14195,199,60,2699,398,782.67,97.56,1.0
14196,36,37,2536,72,782.65,67.41,1.0
14197,33,33,2533,66,782.61,70.32,1.0
14198,47,47,2547,94,782.58,71.12,1.0
14199,133,59,2633,266,782.57,87.48,1.0
14200,46,35,2546,92,782.56,74.26,1.0
14201,131,58,2631,262,782.53,88.92,1.0
14202,161,57,2661,322,782.53,95.43,1.0
14203,129,57,2629,258,782.52,89.0,1.0
14204,218,59,2718,436,782.51,100.27,1.0
14205,107,55,2607,214,782.46,78.92,1.0
14206,49,47,2549,98,782.43,73.59,1.0
14207,42,41,2542,84,782.42,72.6,1.0
14208,22,5,2522,44,782.41,81.7,1.0
14209,89,55,2589,178,782.4,87.27,1.0
14210,119,58,2619,238,782.4,92.02,1.0
14211,110,57,2610,220,782.39,86.04,1.0
14212,227,60,2727,454,782.36,104.06,1.0
14213,274,8,2774,548,782.36,141.5,1.0
14214,86,56,2586,172,782.35,81.98,1.0
14215,245,7,2745,490,782.34,132.06,1.0
14216,27,37,2527,54,782.32,69.97,1.0
14217,215,59,2715,430,782.32,102.07,1.0
14218,51,47,2551,102,782.27,71.9,1.0
14219,53,52,2553,106,782.26,73.54,1.0
14220,41,5,2541,82,782.26,87.0,1.0
14221,232,60,2732,464,782.26,100.2,1.0
14222,145,59,2645,290,782.25,90.79,1.0
14223,41,50,2541,82,782.23,69.06,1.0
14224,176,58,2676,352,782.2,92.03,1.0
14225,155,58,2655,310,782.18,92.49,1.0
14226,61,52,2561,122,782.17,77.24,1.0
14227,27,30,2527,54,782.16,72.69,1.0
14228,90,6,2590,180,782.16,101.79,1.0
14229,184,60,2684,368,782.15,100.06,1.0
14230,31,42,2531,62,782.08,72.21,1.0
14231,77,51,2577,154,782.06,76.26,1.0
14232,27,40,2527,54,782.03,72.78,1.0
14233,291,60,2791,582,782.01,111.41,1.0
14234,18,5,2518,36,782.0,79.12,1.0
14235,257,60,2757,514,782.0,108.35,1.0
14236,36,41,2536,72,781.99,72.87,1.0
14237,98,54,2598,196,781.99,79.9,1.0
14238,104,6,2604,208,781.95,102.52,1.0
14239,47,49,2547,94,781.94,71.82,1.0
14240,111,56,2611,222,781.89,81.34,1.0
14241,185,60,2685,370,781.89,99.2,1.0
14242,46,34,2546,92,781.86,74.02,1.0
14243,8,5,2508,16,781.84,75.22,1.0
14244,27,33,2527,54,781.83,72.36,1.0
14245,70,55,2570,140,781.83,78.19,1.0
14246,65,54,2565,130,781.82,73.25,1.0
14247,31,34,2531,62,781.79,68.03,1.0
14248,196,59,2696,392,781.76,101.63,1.0
14249,231,60,2731,462,781.74,105.31,1.0
14250,47,50,2547,94,781.69,73.72,1.0
14251,32,44,2532,64,781.69,70.26,1.0
14252,43,50,2543,86,781.67,73.47,1.0
14253,42,40,2542,84,781.65,75.3,1.0
14254,32,36,2532,64,781.65,70.78,1.0
14255,78,51,2578,156,781.65,76.23,1.0
14256,292,60,2792,584,781.65,110.8,1.0
14257,68,56,2568,136,781.64,79.33,1.0
14258,93,57,2593,186,781.58,79.23,1.0
14259,33,32,2533,66,781.54,71.03,1.0
14260,102,6,2602,204,781.54,103.95,1.0
14261,67,54,2567,134,781.52,76.16,1.0
14262,46,32,2546,92,781.5,70.89,1.0
14263,50,51,2550,100,781.48,69.82,1.0
14264,27,36,2527,54,781.48,70.83,1.0
14265,71,57,2571,142,781.47,80.5,1.0
14266,48,40,2548,96,781.44,76.32,1.0
14267,49,49,2549,98,781.44,76.57,1.0
14268,272,60,2772,544,781.44,108.36,1.0
14269,36,44,2536,72,781.43,71.11,1.0
14270,36,32,2536,72,781.42,71.56,1.0
14271,75,55,2575,150,781.42,79.82,1.0
14272,27,43,2527,54,781.41,70.1,1.0
14273,299,8,2799,598,781.4,139.28,1.0
14274,100,56,2600,200,781.36,81.56,1.0
14275,83,55,2583,166,781.32,80.02,1.0
14276,90,54,2590,180,781.32,82.36,1.0
14277,27,41,2527,54,781.31,72.47,1.0
14278,123,57,2623,246,781.3,83.77,1.0
14279,42,35,2542,84,781.29,72.13,1.0
14280,27,39,2527,54,781.27,72.68,1.0
14281,41,48,2541,82,781.24,71.8,1.0
14282,200,59,2700,400,781.24,101.05,1.0
14283,285,8,2785,570,781.22,137.66,1.0
14284,216,60,2716,432,781.2,101.71,1.0
14285,36,46,2536,72,781.19,68.57,1.0
14286,230,59,2730,460,781.19,99.4,1.0
14287,46,46,2546,92,781.18,70.94,1.0
14288,5,5,2505,10,781.18,73.89,1.0
14289,118,6,2618,236,781.17,109.83,1.0
14290,33,34,2533,66,781.16,71.25,1.0
14291,120,57,2620,240,781.11,86.08,1.0
14292,36,31,2536,72,781.09,68.85,1.0
14293,37,37,2537,74,781.09,72.08,1.0
14294,160,58,2660,320,781.06,92.23,1.0
14295,226,60,2726,452,781.01,104.73,1.0
14296,33,36,2533,66,781.0,70.28,1.0
14297,149,60,2649,298,780.99,89.3,1.0
14298,57,51,2557,114,780.97,75.62,1.0
14299,83,54,2583,166,780.97,81.67,1.0
14300,43,51,2543,86,780.96,71.7,1.0
14301,285,60,2785,570,780.96,109.41,1.0
14302,63,52,2563,126,780.94,73.87,1.0
14303,116,55,2616,232,780.94,85.11,1.0
14304,32,38,2532,64,780.93,73.62,1.0
14305,217,59,2717,434,780.92,106.55,1.0
14306,52,52,2552,104,780.91,76.85,1.0
14307,33,45,2533,66,780.91,72.56,1.0
14308,31,39,2531,62,780.89,67.62,1.0
14309,111,57,2611,222,780.89,84.82,1.0
14310,259,60,2759,518,780.89,106.69,1.0
14311,180,7,2680,360,780.87,123.51,1.0
14312,208,7,2708,416,780.87,125.23,1.0
14313,110,56,2610,220,780.86,85.87,1.0
14314,46,30,2546,92,780.84,75.37,1.0
14315,48,46,2548,96,780.83,70.44,1.0
14316,181,59,2681,362,780.68,94.1,1.0
14317,27,38,2527,54,780.67,71.71,1.0
14318,288,8,2788,576,780.66,144.49,1.0
14319,127,59,2627,254,780.65,88.97,1.0
14320,27,34,2527,54,780.64,70.64,1.0
14321,132,58,2632,264,780.63,88.61,1.0
14322,138,59,2638,276,780.63,87.74,1.0
14323,27,46,2527,54,780.62,72.61,1.0
14324,141,57,2641,282,780.61,90.84,1.0
14325,286,8,2786,572,780.6,151.46,1.0
14326,116,56,2616,232,780.58,86.2,1.0
14327,33,35,2533,66,780.57,75.51,1.0
14328,283,8,2783,566,780.57,141.75,1.0
14329,36,49,2536,72,780.56,70.62,1.0
14330,36,48,2536,72,780.54,70.8,1.0
14331,140,58,2640,280,780.54,93.95,1.0
14332,193,7,2693,386,780.54,128.48,1.0
14333,60,52,2560,120,780.52,77.37,1.0
14334,88,56,2588,176,780.52,80.49,1.0
14335,112,6,2612,224,780.51,105.97,1.0
14336,125,6,2625,250,780.5,109.74,1.0
14337,79,54,2579,158,780.49,80.27,1.0
14338,201,59,2701,402,780.49,98.76,1.0
14339,86,57,2586,172,780.48,86.1,1.0
14340,43,48,2543,86,780.46,73.67,1.0
14341,36,39,2536,72,780.44,69.96,1.0
14342,66,54,2566,132,780.44,76.04,1.0
14343,45,51,2545,90,780.41,73.73,1.0
14344,46,36,2546,92,780.34,73.91,1.0
14345,80,54,2580,160,780.32,83.32,1.0
14346,54,51,2554,108,780.31,74.29,1.0
14347,32,46,2532,64,780.31,74.82,1.0
14348,47,48,2547,94,780.3,71.39,1.0
14349,59,50,2559,118,780.29,75.12,1.0
14350,37,43,2537,74,780.27,70.53,1.0
14351,33,38,2533,66,780.23,72.96,1.0
14352,126,6,2626,252,780.23,111.06,1.0
14353,276,60,2776,552,780.23,109.22,1.0
14354,88,58,2588,176,780.2,83.3,1.0
14355,36,51,2536,72,780.19,70.99,1.0
14356,146,6,2646,292,780.17,112.87,1.0
14357,63,53,2563,126,780.16,75.47,1.0
14358,30,37,2530,60,780.16,70.87,1.0
14359,69,53,2569,138,780.16,77.16,1.0
14360,46,47,2546,92,780.13,73.31,1.0
14361,33,42,2533,66,780.13,69.08,1.0
14362,107,56,2607,214,780.09,83.52,1.0
14363,137,58,2637,274,780.08,86.51,1.0
14364,121,57,2621,242,780.07,86.16,1.0
14365,142,59,2642,284,780.07,95.67,1.0
14366,57,50,2557,114,780.04,76.69,1.0
14367,154,59,2654,308,780.03,95.19,1.0
14368,300,60,2800,600,780.01,106.43,1.0
14369,244,58,2744,488,779.98,109.18,1.0
14370,171,58,2671,342,779.94,95.0,1.0
14371,288,60,2788,576,779.94,111.87,1.0
14372,123,58,2623,246,779.9,90.39,1.0
14373,151,59,2651,302,779.9,90.58,1.0
14374,32,41,2532,64,779.88,71.07,1.0
14375,33,44,2533,66,779.88,73.23,1.0
14376,31,35,2531,62,779.87,70.63,1.0
14377,33,41,2533,66,779.86,71.5,1.0
14378,144,60,2644,288,779.86,91.62,1.0
14379,37,33,2537,74,779.81,69.83,1.0
14380,67,55,2567,134,779.81,75.4,1.0
14381,224,59,2724,448,779.81,101.64,1.0
14382,68,55,2568,136,779.8,80.05,1.0
14383,42,50,2542,84,779.79,75.07,1.0
14384,32,47,2532,64,779.78,72.54,1.0
14385,36,45,2536,72,779.78,70.52,1.0
14386,211,59,2711,422,779.78,103.89,1.0
14387,44,49,2544,88,779.77,70.19,1.0
14388,210,60,2710,420,779.75,105.4,1.0
14389,54,52,2554,108,779.74,74.41,1.0
14390,167,59,2667,334,779.73,98.06,1.0
14391,204,59,2704,408,779.72,100.21,1.0
14392,120,6,2620,240,779.7,110.51,1.0
14393,40,30,2540,80,779.69,72.19,1.0
14394,55,51,2555,110,779.67,72.79,1.0
14395,32,48,2532,64,779.65,72.46,1.0
14396,186,60,2686,372,779.65,96.9,1.0
14397,61,54,2561,122,779.63,77.72,1.0
14398,81,56,2581,162,779.59,83.47,1.0
14399,112,57,2612,224,779.59,85.34,1.0
14400,34,34,2534,68,779.56,72.12,1.0
14401,27,35,2527,54,779.56,69.78,1.0
14402,31,37,2531,62,779.55,70.38,1.0
14403,202,7,2702,404,779.53,126.8,1.0
14404,35,35,2535,70,779.5,71.2,1.0
14405,96,56,2596,192,779.49,86.84,1.0
14406,120,58,2620,240,779.42,87.29,1.0
14407,42,48,2542,84,779.38,75.41,1.0
14408,62,55,2562,124,779.38,76.79,1.0
14409,94,58,2594,188,779.36,87.65,1.0
14410,118,58,2618,236,779.36,86.68,1.0
14411,84,53,2584,168,779.34,78.6,1.0
14412,50,5,2550,100,779.32,86.59,1.0
14413,104,56,2604,208,779.32,82.47,1.0
14414,34,41,2534,68,779.31,72.31,1.0
14415,109,57,2609,218,779.3,81.8,1.0
14416,65,58,2565,130,779.29,81.62,1.0
14417,163,59,2663,326,779.29,95.46,1.0
14418,147,58,2647,294,779.28,90.47,1.0
14419,48,35,2548,96,779.27,74.09,1.0
14420,77,52,2577,154,779.24,76.5,1.0
14421,56,55,2556,112,779.22,76.44,1.0
14422,101,56,2601,202,779.21,83.05,1.0
14423,134,6,2634,268,779.21,107.94,1.0
14424,72,53,2572,144,779.2,81.26,1.0
14425,35,40,2535,70,779.18,71.03,1.0
14426,150,57,2650,300,779.18,91.41,1.0
14427,27,32,2527,54,779.13,72.01,1.0
14428,91,57,2591,182,779.12,84.59,1.0
14429,57,52,2557,114,779.08,79.94,1.0
14430,84,54,2584,168,779.07,81.99,1.0
14431,44,50,2544,88,779.06,72.21,1.0
14432,47,46,2547,94,779.05,71.45,1.0
14433,193,59,2693,386,779.01,98.83,1.0
14434,37,44,2537,74,778.93,72.52,1.0
14435,37,31,2537,74,778.92,70.1,1.0
14436,64,56,2564,128,778.9,80.87,1.0
14437,31,30,2531,62,778.89,68.24,1.0
14438,202,59,2702,404,778.86,100.85,1.0
14439,295,8,2795,590,778.85,143.61,1.0
14440,33,37,2533,66,778.84,70.45,1.0
14441,73,54,2573,146,778.82,78.05,1.0
14442,41,51,2541,82,778.8,76.68,1.0
14443,28,44,2528,56,778.78,70.34,1.0
14444,34,37,2534,68,778.76,70.82,1.0
14445,35,43,2535,70,778.76,68.96,1.0
14446,87,55,2587,174,778.76,83.43,1.0
14447,192,59,2692,384,778.75,96.35,1.0
14448,36,36,2536,72,778.73,69.46,1.0
14449,130,57,2630,260,778.73,87.63,1.0
14450,40,35,2540,80,778.72,73.26,1.0
14451,117,56,2617,234,778.72,82.25,1.0
14452,234,60,2734,468,778.71,107.51,1.0
14453,50,52,2550,100,778.67,71.55,1.0
14454,55,53,2555,110,778.66,74.76,1.0
14455,73,53,2573,146,778.66,75.69,1.0
14456,27,44,2527,54,778.65,73.36,1.0
14457,51,52,2551,102,778.62,71.91,1.0
14458,53,53,2553,106,778.61,76.72,1.0
14459,62,54,2562,124,778.61,74.88,1.0
14460,27,45,2527,54,778.61,70.22,1.0
14461,31,44,2531,62,778.59,71.48,1.0
14462,162,60,2662,324,778.57,89.09,1.0
14463,177,60,2677,354,778.54,91.73,1.0
14464,31,5,2531,62,778.52,84.36,1.0
14465,58,53,2558,116,778.51,73.04,1.0
14466,290,8,2790,580,778.49,138.22,1.0
14467,52,50,2552,104,778.48,75.63,1.0
14468,48,47,2548,96,778.47,76.83,1.0
14469,281,8,2781,562,778.47,142.36,1.0
14470,139,57,2639,278,778.43,91.47,1.0
14471,241,59,2741,482,778.43,104.03,1.0
14472,37,35,2537,74,778.42,72.22,1.0
14473,201,7,2701,402,778.41,129.64,1.0
14474,27,31,2527,54,778.39,73.48,1.0
14475,49,48,2549,98,778.38,71.7,1.0
14476,75,56,2575,150,778.38,81.68,1.0
14477,100,57,2600,200,778.37,86.82,1.0
14478,51,49,2551,102,778.36,76.04,1.0
14479,28,46,2528,56,778.35,73.07,1.0
14480,143,57,2643,286,778.35,93.07,1.0
14481,235,60,2735,470,778.35,104.98,1.0
14482,182,59,2682,364,778.33,97.15,1.0
14483,37,47,2537,74,778.31,70.49,1.0
14484,42,47,2542,84,778.3,76.55,1.0
14485,59,51,2559,118,778.3,73.78,1.0
14486,56,53,2556,112,778.29,72.48,1.0
14487,53,54,2553,106,778.28,73.05,1.0
14488,31,41,2531,62,778.28,69.89,1.0
14489,107,6,2607,214,778.26,103.79,1.0
14490,45,54,2545,90,778.25,73.12,1.0
14491,28,32,2528,56,778.25,70.84,1.0
14492,220,59,2720,440,778.25,99.24,1.0
14493,28,35,2528,56,778.23,72.9,1.0
14494,232,7,2732,464,778.19,123.91,1.0
14495,243,60,2743,486,778.18,108.75,1.0
14496,65,57,2565,130,778.16,80.26,1.0
14497,37,40,2537,74,778.15,72.79,1.0
14498,37,32,2537,74,778.11,68.61,1.0
14499,298,60,2798,596,778.11,115.04,1.0
14500,33,40,2533,66,778.08,69.99,1.0
14501,132,6,2632,264,778.05,109.77,1.0
14502,37,38,2537,74,778.04,72.07,1.0
14503,35,38,2535,70,778.03,71.71,1.0
14504,247,7,2747,494,778.03,128.6,1.0
14505,82,56,2582,164,778.02,79.2,1.0
14506,125,58,2625,250,778.0,87.32,1.0
14507,61,53,2561,122,777.98,79.16,1.0
14508,246,59,2746,492,777.98,105.15,1.0
14509,35,36,2535,70,777.93,70.63,1.0
14510,124,58,2624,248,777.92,86.76,1.0
14511,161,58,2661,322,777.92,92.79,1.0
14512,28,31,2528,56,777.91,70.15,1.0
14513,253,60,2753,506,777.91,112.03,1.0
14514,31,32,2531,62,777.9,71.04,1.0
14515,38,49,2538,76,777.87,74.5,1.0
14516,34,40,2534,68,777.86,70.37,1.0
14517,40,32,2540,80,777.85,74.14,1.0
14518,138,58,2638,276,777.83,90.97,1.0
14519,40,34,2540,80,777.82,71.24,1.0
14520,46,48,2546,92,777.81,73.81,1.0
14521,56,54,2556,112,777.81,77.22,1.0
14522,44,5,2544,88,777.76,85.83,1.0
14523,78,54,2578,156,777.76,78.4,1.0
14524,113,57,2613,226,777.75,90.35,1.0
14525,207,59,2707,414,777.75,102.97,1.0
14526,170,58,2670,340,777.74,95.87,1.0
14527,26,5,2526,52,777.67,82.57,1.0
14528,287,60,2787,574,777.66,119.6,1.0
14529,54,54,2554,108,777.65,77.19,1.0
14530,28,30,2528,56,777.64,70.34,1.0
14531,34,31,2534,68,777.62,70.07,1.0
14532,122,58,2622,244,777.61,84.83,1.0
14533,178,58,2678,356,777.6,97.64,1.0
14534,105,57,2605,210,777.59,88.09,1.0
14535,110,58,2610,220,777.59,83.56,1.0
14536,61,55,2561,122,777.55,78.4,1.0
14537,33,43,2533,66,777.54,67.83,1.0
14538,258,8,2758,516,777.51,131.43,1.0
14539,146,60,2646,292,777.5,91.29,1.0
14540,97,57,2597,194,777.49,79.61,1.0
14541,214,58,2714,428,777.49,101.38,1.0
14542,32,49,2532,64,777.48,72.47,1.0
14543,37,42,2537,74,777.46,72.52,1.0
14544,126,58,2626,252,777.46,89.01,1.0
14545,40,42,2540,80,777.45,72.44,1.0
14546,37,46,2537,74,777.39,71.66,1.0
14547,59,52,2559,118,777.38,76.99,1.0
14548,31,31,2531,62,777.38,71.9,1.0
14549,39,43,2539,78,777.38,70.81,1.0
14550,64,57,2564,128,777.35,82.67,1.0
14551,37,41,2537,74,777.31,70.72,1.0
14552,78,55,2578,156,777.31,78.44,1.0
14553,97,56,2597,194,777.29,82.35,1.0
14554,174,60,2674,348,777.27,99.11,1.0
14555,95,55,2595,190,777.25,80.53,1.0
14556,169,60,2669,338,777.24,94.48,1.0
14557,58,54,2558,116,777.19,77.83,1.0
14558,40,43,2540,80,777.19,71.77,1.0
14559,188,7,2688,376,777.19,124.9,1.0
14560,35,32,2535,70,777.12,70.79,1.0
14561,27,47,2527,54,777.12,73.64,1.0
14562,92,53,2592,184,777.12,81.64,1.0
14563,33,39,2533,66,777.07,71.6,1.0
14564,30,34,2530,60,777.03,72.28,1.0
14565,31,36,2531,62,777.02,68.81,1.0
14566,168,59,2668,336,777.02,96.28,1.0
14567,35,30,2535,70,777.0,71.93,1.0
14568,35,33,2535,70,777.0,71.82,1.0
14569,52,51,2552,104,776.97,77.25,1.0
14570,49,50,2549,98,776.97,76.05,1.0
14571,40,40,2540,80,776.95,74.26,1.0
14572,101,57,2601,202,776.95,84.03,1.0
14573,48,49,2548,96,776.93,75.73,1.0
14574,92,54,2592,184,776.93,85.95,1.0
14575,213,60,2713,426,776.91,100.83,1.0
14576,134,58,2634,268,776.9,90.33,1.0
14577,167,60,2667,334,776.88,94.66,1.0
14578,55,52,2555,110,776.86,74.2,1.0
14579,102,58,2602,204,776.86,85.66,1.0
14580,40,41,2540,80,776.84,72.79,1.0
14581,119,6,2619,238,776.84,106.29,1.0
14582,41,52,2541,82,776.83,73.9,1.0
14583,35,44,2535,70,776.82,69.89,1.0
14584,45,52,2545,90,776.78,72.84,1.0
14585,89,56,2589,178,776.78,87.39,1.0
14586,166,58,2666,332,776.77,94.71,1.0
14587,126,57,2626,252,776.76,88.32,1.0
14588,70,57,2570,140,776.75,81.94,1.0
14589,152,59,2652,304,776.71,90.33,1.0
14590,69,54,2569,138,776.67,77.15,1.0
14591,36,52,2536,72,776.63,73.6,1.0
14592,203,7,2703,406,776.63,128.5,1.0
14593,39,36,2539,78,776.62,74.1,1.0
14594,30,35,2530,60,776.6,70.99,1.0
14595,34,32,2534,68,776.6,73.64,1.0
14596,40,37,2540,80,776.59,71.31,1.0
14597,38,50,2538,76,776.59,73.03,1.0
14598,44,53,2544,88,776.56,75.94,1.0
14599,191,59,2691,382,776.56,100.58,1.0
14600,27,50,2527,54,776.52,73.67,1.0
14601,33,47,2533,66,776.5,69.28,1.0
14602,222,7,2722,444,776.48,132.82,1.0
14603,31,38,2531,62,776.45,73.53,1.0
14604,40,44,2540,80,776.42,70.27,1.0
14605,34,39,2534,68,776.4,73.07,1.0
14606,80,56,2580,160,776.39,81.06,1.0
14607,91,59,2591,182,776.39,88.95,1.0
14608,172,59,2672,344,776.38,97.18,1.0
14609,26,44,2526,52,776.36,72.34,1.0
14610,37,39,2537,74,776.34,71.41,1.0
14611,175,59,2675,350,776.32,96.22,1.0
14612,130,58,2630,260,776.31,88.55,1.0
14613,45,53,2545,90,776.3,71.72,1.0
14614,28,34,2528,56,776.3,71.72,1.0
14615,188,59,2688,376,776.29,94.3,1.0
14616,109,58,2609,218,776.28,87.49,1.0
14617,93,58,2593,186,776.27,79.58,1.0
14618,34,45,2534,68,776.24,69.59,1.0
14619,267,8,2767,534,776.24,143.79,1.0
14620,32,51,2532,64,776.23,74.18,1.0
14621,108,58,2608,216,776.17,88.38,1.0
14622,28,40,2528,56,776.09,71.18,1.0
14623,203,59,2703,406,776.09,98.85,1.0
14624,225,60,2725,450,776.09,104.7,1.0
14625,29,41,2529,58,776.06,71.43,1.0
14626,98,55,2598,196,776.06,79.07,1.0
14627,55,54,2555,110,776.05,74.92,1.0
14628,267,60,2767,534,776.05,112.95,1.0
14629,13,5,2513,26,776.03,78.37,1.0
14630,40,31,2540,80,776.02,73.66,1.0
14631,99,55,2599,198,776.02,84.71,1.0
14632,160,59,2660,320,776.01,94.01,1.0
14633,30,36,2530,60,775.99,72.69,1.0
14634,35,39,2535,70,775.96,72.26,1.0
14635,32,50,2532,64,775.95,71.09,1.0
14636,252,59,2752,504,775.95,110.89,1.0
14637,147,59,2647,294,775.94,94.68,1.0
14638,170,59,2670,340,775.94,99.15,1.0
14639,28,41,2528,56,775.93,69.74,1.0
14640,215,60,2715,430,775.93,105.96,1.0
14641,283,60,2783,566,775.93,107.26,1.0
14642,40,36,2540,80,775.92,71.08,1.0
14643,36,5,2536,72,775.87,78.23,1.0
14644,30,44,2530,60,775.86,73.11,1.0
14645,127,6,2627,254,775.86,109.88,1.0
14646,189,7,2689,378,775.85,125.58,1.0
14647,222,59,2722,444,775.84,101.44,1.0
14648,34,46,2534,68,775.82,72.71,1.0
14649,142,60,2642,284,775.82,90.67,1.0
14650,74,52,2574,148,775.8,76.58,1.0
14651,77,53,2577,154,775.8,77.7,1.0
14652,228,60,2728,456,775.77,107.86,1.0
14653,34,42,2534,68,775.76,73.27,1.0
14654,71,58,2571,142,775.76,77.14,1.0
14655,40,48,2540,80,775.75,70.89,1.0
14656,71,59,2571,142,775.74,84.2,1.0
14657,88,57,2588,176,775.7,81.75,1.0
14658,250,60,2750,500,775.7,109.87,1.0
14659,31,33,2531,62,775.69,72.47,1.0
14660,47,51,2547,94,775.68,74.92,1.0
14661,70,56,2570,140,775.68,83.43,1.0
14662,33,31,2533,66,775.67,69.34,1.0
14663,44,51,2544,88,775.65,74.6,1.0
14664,30,40,2530,60,775.65,70.61,1.0
14665,35,41,2535,70,775.65,74.41,1.0
14666,77,54,2577,154,775.63,76.56,1.0
14667,91,58,2591,182,775.63,84.7,1.0
14668,48,48,2548,96,775.62,78.93,1.0
14669,33,46,2533,66,775.62,72.58,1.0
14670,41,53,2541,82,775.62,75.27,1.0
14671,62,57,2562,124,775.61,79.49,1.0
14672,29,38,2529,58,775.61,71.24,1.0
14673,40,46,2540,80,775.6,73.95,1.0
14674,244,59,2744,488,775.58,110.13,1.0
14675,38,51,2538,76,775.55,77.32,1.0
14676,38,53,2538,76,775.53,75.42,1.0
14677,31,46,2531,62,775.51,71.9,1.0
14678,254,7,2754,508,775.51,129.46,1.0
14679,157,59,2657,314,775.5,90.41,1.0
14680,73,55,2573,146,775.45,79.55,1.0
14681,56,56,2556,112,775.42,77.33,1.0
14682,95,56,2595,190,775.4,81.48,1.0
14683,27,49,2527,54,775.39,71.96,1.0
14684,37,36,2537,74,775.36,71.6,1.0
14685,37,34,2537,74,775.35,70.46,1.0
14686,164,58,2664,328,775.33,94.41,1.0
14687,63,54,2563,126,775.32,76.51,1.0
14688,46,50,2546,92,775.32,73.17,1.0
14689,278,60,2778,556,775.32,109.24,1.0
14690,49,51,2549,98,775.31,78.41,1.0
14691,76,52,2576,152,775.31,75.9,1.0
14692,153,59,2653,306,775.28,90.21,1.0
14693,21,32,2521,42,775.26,72.39,1.0
14694,111,6,2611,222,775.26,106.1,1.0
14695,117,6,2617,234,775.26,108.87,1.0
14696,165,60,2665,330,775.24,97.13,1.0
14697,98,56,2598,196,775.21,78.3,1.0
14698,129,58,2629,258,775.21,87.57,1.0
14699,51,51,2551,102,775.17,74.18,1.0
14700,21,41,2521,42,775.17,71.97,1.0
14701,207,7,2707,414,775.16,124.19,1.0
14702,226,7,2726,452,775.15,129.01,1.0
14703,37,45,2537,74,775.09,67.67,1.0
14704,34,36,2534,68,775.04,72.66,1.0
14705,103,59,2603,206,775.04,87.71,1.0
14706,59,54,2559,118,775.02,77.23,1.0
14707,39,30,2539,78,775.01,74.95,1.0
14708,217,60,2717,434,775.01,104.23,1.0
14709,156,59,2656,312,775.0,90.39,1.0
14710,31,45,2531,62,774.98,71.3,1.0
14711,38,52,2538,76,774.96,74.21,1.0
14712,145,6,2645,290,774.96,108.08,1.0
14713,159,58,2659,318,774.96,95.05,1.0
14714,28,36,2528,56,774.94,71.14,1.0
14715,37,30,2537,74,774.93,69.88,1.0
14716,128,56,2628,256,774.92,88.98,1.0
14717,21,37,2521,42,774.88,72.74,1.0
14718,96,57,2596,192,774.84,84.72,1.0
14719,87,56,2587,174,774.83,83.26,1.0
14720,30,42,2530,60,774.82,73.49,1.0
14721,31,43,2531,62,774.82,70.88,1.0
14722,40,45,2540,80,774.79,74.91,1.0
14723,39,41,2539,78,774.77,70.8,1.0
14724,54,53,2554,108,774.76,75.94,1.0
14725,158,60,2658,316,774.76,94.01,1.0
14726,66,55,2566,132,774.75,79.35,1.0
14727,240,7,2740,480,774.75,139.67,1.0
14728,21,42,2521,42,774.74,71.31,1.0
14729,189,59,2689,378,774.74,98.26,1.0
14730,127,60,2627,254,774.73,88.51,1.0
14731,26,41,2526,52,774.72,70.32,1.0
14732,182,60,2682,364,774.72,95.4,1.0
14733,34,30,2534,68,774.71,71.78,1.0
14734,28,45,2528,56,774.71,69.67,1.0
14735,263,60,2763,526,774.71,106.52,1.0
14736,44,52,2544,88,774.7,73.15,1.0
14737,114,58,2614,228,774.7,84.24,1.0
14738,85,57,2585,170,774.62,79.46,1.0
14739,28,43,2528,56,774.6,70.34,1.0
14740,34,43,2534,68,774.57,70.74,1.0
14741,85,58,2585,170,774.53,83.11,1.0
14742,189,60,2689,378,774.52,102.21,1.0
14743,29,40,2529,58,774.51,71.98,1.0
14744,25,5,2525,50,774.49,80.82,1.0
14745,154,60,2654,308,774.48,91.64,1.0
14746,173,60,2673,346,774.45,98.42,1.0
14747,191,60,2691,382,774.45,97.86,1.0
14748,279,8,2779,558,774.45,136.64,1.0
14749,40,39,2540,80,774.44,71.46,1.0
14750,35,31,2535,70,774.43,72.02,1.0
14751,221,60,2721,442,774.43,101.04,1.0
14752,164,7,2664,328,774.41,126.64,1.0
14753,218,60,2718,436,774.41,100.09,1.0
14754,58,55,2558,116,774.4,77.59,1.0
14755,63,55,2563,126,774.38,75.46,1.0
14756,51,50,2551,102,774.37,73.08,1.0
14757,204,7,2704,408,774.36,125.54,1.0
14758,68,57,2568,136,774.35,80.74,1.0
14759,100,58,2600,200,774.34,86.09,1.0
14760,31,40,2531,62,774.31,70.07,1.0
14761,237,59,2737,474,774.27,106.55,1.0
14762,23,37,2523,46,774.26,70.79,1.0
14763,21,33,2521,42,774.22,72.82,1.0
14764,21,35,2521,42,774.2,69.38,1.0
14765,53,5,2553,106,774.17,90.4,1.0
14766,26,40,2526,52,774.16,71.83,1.0
14767,41,54,2541,82,774.16,76.44,1.0
14768,29,35,2529,58,774.15,71.97,1.0
14769,28,33,2528,56,774.14,71.59,1.0
14770,24,33,2524,48,774.13,74.38,1.0
14771,51,53,2551,102,774.12,75.32,1.0
14772,32,53,2532,64,774.11,71.83,1.0
14773,113,6,2613,226,774.1,109.15,1.0
14774,150,58,2650,300,774.1,92.22,1.0
14775,33,5,2533,66,774.02,82.3,1.0
14776,22,34,2522,44,774.01,73.38,1.0
14777,29,42,2529,58,774.01,69.32,1.0
14778,103,58,2603,206,774.01,89.07,1.0
14779,24,35,2524,48,773.95,70.34,1.0
14780,235,7,2735,470,773.94,129.31,1.0
14781,40,33,2540,80,773.93,71.59,1.0
14782,49,52,2549,98,773.92,76.7,1.0
14783,81,57,2581,162,773.92,82.71,1.0
14784,28,42,2528,56,773.87,72.2,1.0
14785,105,58,2605,210,773.86,84.01,1.0
14786,34,44,2534,68,773.82,73.46,1.0
14787,155,59,2655,310,773.8,96.19,1.0
14788,30,5,2530,60,773.78,84.86,1.0
14789,117,57,2617,234,773.76,90.31,1.0
14790,180,59,2680,360,773.75,95.65,1.0
14791,60,54,2560,120,773.74,76.36,1.0
14792,19,5,2519,38,773.74,81.27,1.0
14793,39,44,2539,78,773.72,73.22,1.0
14794,44,54,2544,88,773.71,75.95,1.0
14795,198,59,2698,396,773.71,98.28,1.0
14796,125,59,2625,250,773.7,87.9,1.0
14797,35,42,2535,70,773.68,70.28,1.0
14798,30,39,2530,60,773.66,70.35,1.0
14799,124,59,2624,248,773.66,91.42,1.0
14800,39,40,2539,78,773.65,71.78,1.0
14801,94,59,2594,188,773.64,87.31,1.0
14802,106,56,2606,212,773.63,82.67,1.0
14803,28,39,2528,56,773.62,71.16,1.0
14804,92,55,2592,184,773.62,83.95,1.0
14805,107,58,2607,214,773.58,80.4,1.0
14806,47,52,2547,94,773.57,74.64,1.0
14807,30,30,2530,60,773.55,72.6,1.0
14808,32,52,2532,64,773.54,73.4,1.0
14809,42,49,2542,84,773.49,75.55,1.0
14810,84,56,2584,168,773.49,78.89,1.0
14811,97,58,2597,194,773.48,85.43,1.0
14812,29,34,2529,58,773.44,70.7,1.0
14813,30,38,2530,60,773.4,71.75,1.0
14814,62,56,2562,124,773.38,79.11,1.0
14815,28,37,2528,56,773.37,70.75,1.0
14816,29,46,2529,58,773.36,76.04,1.0
14817,52,53,2552,104,773.34,74.26,1.0
14818,69,55,2569,138,773.33,79.1,1.0
14819,64,58,2564,128,773.32,83.48,1.0
14820,21,36,2521,42,773.29,69.86,1.0
14821,296,60,2796,592,773.29,115.32,1.0
14822,94,60,2594,188,773.27,88.35,1.0
14823,39,45,2539,78,773.24,72.69,1.0
14824,99,56,2599,198,773.24,85.54,1.0
14825,277,60,2777,554,773.23,110.32,1.0
14826,128,57,2628,256,773.2,90.54,1.0
14827,48,50,2548,96,773.17,77.05,1.0
14828,21,31,2521,42,773.17,73.68,1.0
14829,59,53,2559,118,773.15,76.79,1.0
14830,34,33,2534,68,773.15,73.02,1.0
14831,38,5,2538,76,773.14,89.45,1.0
14832,79,55,2579,158,773.13,78.81,1.0
14833,36,50,2536,72,773.12,70.25,1.0
14834,27,48,2527,54,773.11,71.91,1.0
14835,26,37,2526,52,773.1,71.0,1.0
14836,31,47,2531,62,773.09,69.32,1.0
14837,101,6,2601,202,773.08,107.05,1.0
14838,113,58,2613,226,773.07,87.73,1.0
14839,269,60,2769,538,773.06,112.56,1.0
14840,90,55,2590,180,773.05,79.92,1.0
14841,53,56,2553,106,773.03,77.88,1.0
14842,131,59,2631,262,772.99,93.22,1.0
14843,65,59,2565,130,772.98,78.43,1.0
14844,89,57,2589,178,772.98,82.0,1.0
14845,23,34,2523,46,772.96,75.05,1.0
14846,33,49,2533,66,772.96,71.63,1.0
14847,60,53,2560,120,772.95,76.37,1.0
14848,68,58,2568,136,772.95,84.23,1.0
14849,31,50,2531,62,772.93,72.89,1.0
14850,39,33,2539,78,772.93,76.71,1.0
14851,84,55,2584,168,772.93,75.73,1.0
14852,73,56,2573,146,772.9,77.83,1.0
14853,157,60,2657,314,772.9,91.55,1.0
14854,271,60,2771,542,772.9,107.34,1.0
14855,137,59,2637,274,772.89,89.08,1.0
14856,34,47,2534,68,772.88,71.79,1.0
14857,111,59,2611,222,772.87,85.74,1.0
14858,90,56,2590,180,772.8,85.85,1.0
14859,26,43,2526,52,772.78,70.18,1.0
14860,135,58,2635,270,772.77,91.31,1.0
14861,71,60,2571,142,772.74,81.6,1.0
14862,40,47,2540,80,772.73,72.58,1.0
14863,29,31,2529,58,772.73,72.04,1.0
14864,39,37,2539,78,772.72,70.44,1.0
14865,35,45,2535,70,772.71,70.4,1.0
14866,115,57,2615,230,772.7,81.16,1.0
14867,201,60,2701,402,772.7,101.31,1.0
14868,66,57,2566,132,772.68,79.1,1.0
14869,107,57,2607,214,772.68,81.53,1.0
14870,117,58,2617,234,772.62,88.2,1.0
14871,26,39,2526,52,772.61,71.05,1.0
14872,95,57,2595,190,772.61,82.71,1.0
14873,24,43,2524,48,772.57,71.1,1.0
14874,29,37,2529,58,772.57,71.19,1.0
14875,138,60,2638,276,772.55,90.58,1.0
14876,206,60,2706,412,772.55,109.17,1.0
14877,43,52,2543,86,772.52,74.99,1.0
14878,187,59,2687,374,772.52,98.82,1.0
14879,114,59,2614,228,772.51,90.46,1.0
14880,34,35,2534,68,772.49,74.29,1.0
14881,29,30,2529,58,772.47,71.66,1.0
14882,29,33,2529,58,772.47,71.18,1.0
14883,21,45,2521,42,772.43,67.78,1.0
14884,39,31,2539,78,772.43,73.27,1.0
14885,82,57,2582,164,772.43,81.3,1.0
14886,171,59,2671,342,772.36,101.21,1.0
14887,25,33,2525,50,772.35,71.24,1.0
14888,140,59,2640,280,772.33,93.28,1.0
14889,191,7,2691,382,772.33,124.28,1.0
14890,63,56,2563,126,772.31,76.89,1.0
14891,229,7,2729,458,772.25,123.0,1.0
14892,29,36,2529,58,772.22,73.62,1.0
14893,75,57,2575,150,772.22,82.53,1.0
14894,30,46,2530,60,772.19,73.74,1.0
14895,116,57,2616,232,772.16,85.31,1.0
14896,28,47,2528,56,772.15,70.75,1.0
14897,255,7,2755,510,772.13,132.17,1.0
14898,48,52,2548,96,772.12,77.84,1.0
14899,20,43,2520,40,772.11,72.15,1.0
14900,81,58,2581,162,772.11,84.22,1.0
14901,132,59,2632,264,772.11,92.78,1.0
14902,70,58,2570,140,772.1,80.92,1.0
14903,241,60,2741,482,772.1,108.7,1.0
14904,62,59,2562,124,772.08,79.26,1.0
14905,40,38,2540,80,772.07,73.98,1.0
14906,29,32,2529,58,772.05,71.92,1.0
14907,25,32,2525,50,772.04,73.65,1.0
14908,35,34,2535,70,772.04,72.09,1.0
14909,53,55,2553,106,772.03,73.39,1.0
14910,26,38,2526,52,772.01,71.47,1.0
14911,23,31,2523,46,772.0,70.93,1.0
14912,37,50,2537,74,772.0,74.27,1.0
14913,109,6,2609,218,772.0,106.98,1.0
14914,45,55,2545,90,771.99,76.74,1.0
14915,120,59,2620,240,771.97,88.67,1.0
14916,163,60,2663,326,771.96,98.94,1.0
14917,43,5,2543,86,771.95,88.81,1.0
14918,139,58,2639,278,771.95,91.44,1.0
14919,129,6,2629,258,771.94,111.37,1.0
14920,138,6,2638,276,771.94,110.2,1.0
14921,47,54,2547,94,771.93,78.76,1.0
14922,31,48,2531,62,771.92,72.73,1.0
14923,133,60,2633,266,771.92,88.51,1.0
14924,243,7,2743,486,771.92,138.45,1.0
14925,60,55,2560,120,771.9,77.37,1.0
14926,28,49,2528,56,771.9,74.21,1.0
14927,23,36,2523,46,771.88,71.9,1.0
14928,39,32,2539,78,771.87,72.15,1.0
14929,74,54,2574,148,771.86,78.25,1.0
14930,76,53,2576,152,771.86,76.13,1.0
14931,224,60,2724,448,771.86,102.26,1.0
14932,124,6,2624,248,771.81,110.5,1.0
14933,23,35,2523,46,771.8,71.32,1.0
14934,195,60,2695,390,771.79,99.47,1.0
14935,74,53,2574,148,771.76,81.31,1.0
14936,55,55,2555,110,771.72,78.2,1.0
14937,69,56,2569,138,771.72,80.37,1.0
14938,25,30,2525,50,771.71,73.38,1.0
14939,30,43,2530,60,771.69,71.12,1.0
14940,29,39,2529,58,771.69,72.58,1.0
14941,24,40,2524,48,771.64,70.13,1.0
14942,33,48,2533,66,771.64,69.75,1.0
14943,118,59,2618,236,771.64,89.23,1.0
14944,104,57,2604,208,771.63,86.2,1.0
14945,212,60,2712,424,771.59,102.17,1.0
14946,22,38,2522,44,771.54,74.42,1.0
14947,52,55,2552,104,771.53,76.83,1.0
14948,21,47,2521,42,771.53,72.56,1.0
14949,24,30,2524,48,771.52,70.17,1.0
14950,51,55,2551,102,771.51,76.9,1.0
14951,111,58,2611,222,771.51,83.14,1.0
14952,211,60,2711,422,771.51,103.1,1.0
14953,298,8,2798,596,771.5,147.0,1.0
14954,30,32,2530,60,771.49,71.83,1.0
14955,33,50,2533,66,771.49,74.29,1.0
14956,20,33,2520,40,771.47,70.78,1.0
14957,86,59,2586,172,771.46,83.78,1.0
14958,192,7,2692,384,771.46,130.95,1.0
14959,27,53,2527,54,771.43,72.37,1.0
14960,64,59,2564,128,771.42,79.9,1.0
14961,50,56,2550,100,771.39,79.67,1.0
14962,204,60,2704,408,771.38,101.64,1.0
14963,22,46,2522,44,771.37,73.12,1.0
14964,190,59,2690,380,771.36,98.98,1.0
14965,110,59,2610,220,771.35,84.03,1.0
14966,24,44,2524,48,771.33,71.82,1.0
14967,93,59,2593,186,771.33,82.05,1.0
14968,39,42,2539,78,771.3,71.18,1.0
14969,101,58,2601,202,771.3,88.27,1.0
14970,250,7,2750,500,771.3,131.31,1.0
14971,22,43,2522,44,771.27,72.95,1.0
14972,21,44,2521,42,771.25,71.31,1.0
14973,148,59,2648,296,771.24,92.37,1.0
14974,79,56,2579,158,771.22,76.99,1.0
14975,53,57,2553,106,771.2,77.43,1.0
14976,26,32,2526,52,771.18,69.76,1.0
14977,21,51,2521,42,771.18,73.79,1.0
14978,30,41,2530,60,771.18,71.65,1.0
14979,176,59,2676,352,771.18,98.95,1.0
14980,30,31,2530,60,771.15,69.6,1.0
14981,24,42,2524,48,771.1,70.83,1.0
14982,212,7,2712,424,771.09,128.67,1.0
14983,200,60,2700,400,771.08,98.46,1.0
14984,106,6,2606,212,771.05,103.58,1.0
14985,35,48,2535,70,771.01,73.53,1.0
14986,30,33,2530,60,771.0,70.73,1.0
14987,57,54,2557,114,770.96,82.26,1.0
14988,115,58,2615,230,770.96,87.51,1.0
14989,24,37,2524,48,770.95,72.55,1.0
14990,26,47,2526,52,770.95,74.34,1.0
14991,43,55,2543,86,770.92,74.61,1.0
14992,23,44,2523,46,770.91,74.42,1.0
14993,37,5,2537,74,770.87,80.8,1.0
14994,23,42,2523,46,770.86,71.41,1.0
14995,26,30,2526,52,770.84,69.49,1.0
14996,32,54,2532,64,770.8,73.21,1.0
14997,55,5,2555,110,770.79,86.4,1.0
14998,33,54,2533,66,770.77,73.63,1.0
14999,39,38,2539,78,770.77,74.42,1.0
15000,84,57,2584,168,770.77,81.28,1.0
15001,141,58,2641,282,770.77,91.85,1.0
15002,21,46,2521,42,770.74,71.77,1.0
15003,100,59,2600,200,770.74,85.08,1.0
15004,49,53,2549,98,770.72,79.29,1.0
15005,79,57,2579,158,770.71,82.9,1.0
15006,35,51,2535,70,770.69,72.78,1.0
15007,28,48,2528,56,770.69,73.26,1.0
15008,104,58,2604,208,770.68,80.94,1.0
15009,30,47,2530,60,770.67,75.32,1.0
15010,40,51,2540,80,770.67,75.43,1.0
15011,67,56,2567,134,770.67,78.64,1.0
15012,136,57,2636,272,770.67,88.02,1.0
15013,46,51,2546,92,770.66,74.24,1.0
15014,55,56,2555,110,770.63,77.22,1.0
15015,155,60,2655,310,770.63,96.84,1.0
15016,66,56,2566,132,770.62,81.68,1.0
15017,23,32,2523,46,770.61,74.4,1.0
15018,196,7,2696,392,770.6,123.17,1.0
15019,35,37,2535,70,770.59,71.52,1.0
15020,34,49,2534,68,770.58,70.95,1.0
15021,92,6,2592,184,770.58,98.76,1.0
15022,59,55,2559,118,770.57,78.71,1.0
15023,37,48,2537,74,770.54,71.72,1.0
15024,52,56,2552,104,770.53,77.75,1.0
15025,29,43,2529,58,770.53,70.2,1.0
15026,144,6,2644,288,770.5,115.23,1.0
15027,21,40,2521,42,770.49,69.51,1.0
15028,31,49,2531,62,770.48,71.32,1.0
15029,46,52,2546,92,770.42,78.11,1.0
15030,30,45,2530,60,770.39,71.94,1.0
15031,64,5,2564,128,770.38,94.85,1.0
15032,82,58,2582,164,770.38,84.06,1.0
15033,135,59,2635,270,770.36,93.71,1.0
15034,22,32,2522,44,770.35,74.77,1.0
15035,20,32,2520,40,770.33,69.24,1.0
15036,25,36,2525,50,770.32,73.04,1.0
15037,72,54,2572,144,770.32,78.11,1.0
15038,23,39,2523,46,770.3,76.57,1.0
15039,44,55,2544,88,770.29,74.19,1.0
15040,52,54,2552,104,770.29,77.02,1.0
15041,26,42,2526,52,770.27,71.05,1.0
15042,25,44,2525,50,770.26,74.13,1.0
15043,159,59,2659,318,770.23,91.06,1.0
15044,143,58,2643,286,770.22,89.92,1.0
15045,20,35,2520,40,770.15,71.3,1.0
15046,24,41,2524,48,770.14,72.47,1.0
15047,22,31,2522,44,770.14,72.49,1.0
15048,22,37,2522,44,770.14,73.16,1.0
15049,48,51,2548,96,770.13,72.89,1.0
15050,70,59,2570,140,770.09,80.31,1.0
15051,35,5,2535,70,770.08,85.53,1.0
15052,86,58,2586,172,770.06,83.79,1.0
15053,24,32,2524,48,770.05,73.1,1.0
15054,223,60,2723,446,770.05,104.57,1.0
15055,101,59,2601,202,770.04,85.67,1.0
15056,61,57,2561,122,769.98,81.07,1.0
15057,54,55,2554,108,769.98,78.78,1.0
15058,80,58,2580,160,769.98,85.37,1.0
15059,166,59,2666,332,769.97,87.02,1.0
15060,77,55,2577,154,769.96,76.76,1.0
15061,122,59,2622,244,769.96,86.24,1.0
15062,38,54,2538,76,769.94,75.73,1.0
15063,26,48,2526,52,769.93,72.25,1.0
15064,29,45,2529,58,769.91,70.57,1.0
15065,36,53,2536,72,769.91,72.84,1.0
15066,23,43,2523,46,769.9,74.22,1.0
15067,34,5,2534,68,769.88,84.68,1.0
15068,43,53,2543,86,769.86,76.19,1.0
15069,21,30,2521,42,769.86,71.69,1.0
15070,35,50,2535,70,769.86,71.05,1.0
15071,102,59,2602,204,769.85,83.72,1.0
15072,26,46,2526,52,769.84,71.95,1.0
15073,149,6,2649,298,769.84,117.82,1.0
15074,93,60,2593,186,769.83,85.54,1.0
15075,72,55,2572,144,769.82,78.55,1.0
15076,99,57,2599,198,769.82,87.35,1.0
15077,194,60,2694,388,769.82,96.99,1.0
15078,29,48,2529,58,769.81,70.93,1.0
15079,57,55,2557,114,769.79,78.09,1.0
15080,55,57,2555,110,769.79,77.48,1.0
15081,34,48,2534,68,769.78,73.03,1.0
15082,61,5,2561,122,769.77,93.56,1.0
15083,119,59,2619,238,769.76,88.54,1.0
15084,78,56,2578,156,769.75,81.41,1.0
15085,258,60,2758,516,769.72,107.5,1.0
15086,21,43,2521,42,769.71,72.85,1.0
15087,46,49,2546,92,769.7,76.16,1.0
15088,26,33,2526,52,769.7,72.52,1.0
15089,164,59,2664,328,769.69,100.07,1.0
15090,198,7,2698,396,769.69,124.11,1.0
15091,25,45,2525,50,769.66,71.23,1.0
15092,151,60,2651,302,769.66,96.24,1.0
15093,196,60,2696,392,769.66,105.23,1.0
15094,22,41,2522,44,769.65,73.75,1.0
15095,20,31,2520,40,769.64,72.03,1.0
15096,130,6,2630,260,769.64,108.91,1.0
15097,33,51,2533,66,769.62,73.0,1.0
15098,27,52,2527,54,769.62,74.61,1.0
15099,21,39,2521,42,769.61,72.99,1.0
15100,22,36,2522,44,769.61,71.45,1.0
15101,39,35,2539,78,769.61,69.05,1.0
15102,27,51,2527,54,769.61,73.24,1.0
15103,102,60,2602,204,769.6,89.34,1.0
15104,108,60,2608,216,769.59,88.46,1.0
15105,41,56,2541,82,769.55,75.5,1.0
15106,197,60,2697,394,769.54,100.9,1.0
15107,35,47,2535,70,769.5,73.82,1.0
15108,25,42,2525,50,769.48,68.85,1.0
15109,203,60,2703,406,769.48,100.46,1.0
15110,54,57,2554,108,769.47,79.42,1.0
15111,22,45,2522,44,769.46,73.29,1.0
15112,26,45,2526,52,769.45,72.2,1.0
15113,66,58,2566,132,769.45,82.56,1.0
15114,78,57,2578,156,769.45,83.84,1.0
15115,20,30,2520,40,769.43,73.1,1.0
15116,73,58,2573,146,769.43,78.51,1.0
15117,65,60,2565,130,769.41,81.67,1.0
15118,21,38,2521,42,769.41,68.41,1.0
15119,43,54,2543,86,769.4,73.76,1.0
15120,50,53,2550,100,769.38,73.75,1.0
15121,23,30,2523,46,769.38,69.89,1.0
15122,20,37,2520,40,769.37,71.87,1.0
15123,38,55,2538,76,769.37,75.12,1.0
15124,223,7,2723,446,769.37,131.6,1.0
15125,42,5,2542,84,769.36,87.36,1.0
15126,28,54,2528,56,769.35,76.24,1.0
15127,29,44,2529,58,769.32,71.14,1.0
15128,74,55,2574,148,769.28,81.61,1.0
15129,165,6,2665,330,769.27,122.07,1.0
15130,126,59,2626,252,769.26,92.43,1.0
15131,156,60,2656,312,769.26,94.73,1.0
15132,202,60,2702,404,769.23,101.54,1.0
15133,25,38,2525,50,769.19,72.13,1.0
15134,26,31,2526,52,769.17,70.64,1.0
15135,45,5,2545,90,769.11,87.21,1.0
15136,52,5,2552,104,769.1,86.07,1.0
15137,56,59,2556,112,769.1,76.4,1.0
15138,134,59,2634,268,769.1,89.3,1.0
15139,21,34,2521,42,769.09,72.26,1.0
15140,35,46,2535,70,769.08,70.73,1.0
15141,20,46,2520,40,769.06,71.25,1.0
15142,131,6,2631,262,769.05,104.57,1.0
15143,57,53,2557,114,769.04,78.07,1.0
15144,31,53,2531,62,769.04,74.69,1.0
15145,23,41,2523,46,769.02,73.36,1.0
15146,40,50,2540,80,769.02,75.75,1.0
15147,80,57,2580,160,769.01,82.69,1.0
15148,59,56,2559,118,768.99,79.96,1.0
15149,40,5,2540,80,768.99,86.12,1.0
15150,25,34,2525,50,768.98,69.31,1.0
15151,264,60,2764,528,768.98,105.41,1.0
15152,147,60,2647,294,768.97,96.38,1.0
15153,36,54,2536,72,768.95,72.65,1.0
15154,26,34,2526,52,768.93,73.61,1.0
15155,51,54,2551,102,768.92,72.52,1.0
15156,51,56,2551,102,768.92,78.05,1.0
15157,61,56,2561,122,768.92,79.24,1.0
15158,23,48,2523,46,768.9,75.65,1.0
15159,60,56,2560,120,768.88,79.47,1.0
15160,28,52,2528,56,768.86,72.17,1.0
15161,42,53,2542,84,768.8,75.07,1.0
15162,25,37,2525,50,768.78,72.61,1.0
15163,36,56,2536,72,768.78,71.62,1.0
15164,220,60,2720,440,768.78,101.22,1.0
15165,188,60,2688,376,768.74,100.68,1.0
15166,24,46,2524,48,768.72,71.23,1.0
15167,92,56,2592,184,768.72,86.86,1.0
15168,34,38,2534,68,768.71,69.77,1.0
15169,225,7,2725,450,768.71,138.85,1.0
15170,20,40,2520,40,768.68,72.68,1.0
15171,218,7,2718,436,768.65,128.89,1.0
15172,168,60,2668,336,768.64,97.08,1.0
15173,56,57,2556,112,768.6,77.03,1.0
15174,239,60,2739,478,768.6,101.87,1.0
15175,37,49,2537,74,768.56,72.32,1.0
15176,230,60,2730,460,768.53,106.1,1.0
15177,211,7,2711,422,768.52,122.85,1.0
15178,121,58,2621,242,768.5,87.54,1.0
15179,242,60,2742,484,768.47,110.21,1.0
15180,48,53,2548,96,768.46,77.85,1.0
15181,21,49,2521,42,768.46,73.41,1.0
15182,109,59,2609,218,768.45,87.0,1.0
15183,24,34,2524,48,768.43,72.34,1.0
15184,122,6,2622,244,768.43,109.0,1.0
15185,50,54,2550,100,768.42,71.37,1.0
15186,22,44,2522,44,768.41,74.62,1.0
15187,234,7,2734,468,768.41,139.37,1.0
15188,20,44,2520,40,768.38,74.18,1.0
15189,45,56,2545,90,768.36,73.99,1.0
15190,51,5,2551,102,768.35,88.56,1.0
15191,25,39,2525,50,768.33,71.52,1.0
15192,37,51,2537,74,768.32,73.13,1.0
15193,228,7,2728,456,768.3,131.14,1.0
15194,54,56,2554,108,768.29,81.31,1.0
15195,23,46,2523,46,768.28,71.9,1.0
15196,39,39,2539,78,768.28,70.15,1.0
15197,180,60,2680,360,768.28,97.82,1.0
15198,108,59,2608,216,768.26,90.47,1.0
15199,207,60,2707,414,768.25,100.81,1.0
15200,32,56,2532,64,768.24,73.44,1.0
15201,50,55,2550,100,768.2,74.24,1.0
15202,22,42,2522,44,768.2,71.54,1.0
15203,58,56,2558,116,768.19,78.1,1.0
15204,20,38,2520,40,768.19,71.07,1.0
15205,69,57,2569,138,768.19,79.15,1.0
15206,130,59,2630,260,768.19,90.64,1.0
15207,76,54,2576,152,768.18,77.13,1.0
15208,79,58,2579,158,768.16,80.21,1.0
15209,24,36,2524,48,768.15,72.36,1.0
15210,29,49,2529,58,768.05,73.54,1.0
15211,131,60,2631,262,768.05,90.17,1.0
15212,23,45,2523,46,768.04,74.77,1.0
15213,16,37,2516,32,768.04,71.85,1.0
15214,18,37,2518,36,768.02,74.41,1.0
15215,20,41,2520,40,768.01,72.82,1.0
15216,223,59,2723,446,768.01,102.97,1.0
15217,16,42,2516,32,767.98,69.49,1.0
15218,18,40,2518,36,767.95,72.44,1.0
15219,20,45,2520,40,767.94,70.94,1.0
15220,52,57,2552,104,767.93,75.57,1.0
15221,179,59,2679,358,767.93,102.5,1.0
15222,39,46,2539,78,767.88,72.91,1.0
15223,24,31,2524,48,767.83,69.27,1.0
15224,26,35,2526,52,767.83,69.37,1.0
15225,98,57,2598,196,767.82,84.02,1.0
15226,60,57,2560,120,767.81,80.77,1.0
15227,116,6,2616,232,767.8,106.4,1.0
15228,9,44,2509,18,767.77,70.82,1.0
15229,11,43,2511,22,767.74,70.4,1.0
15230,192,60,2692,384,767.74,96.18,1.0
15231,39,34,2539,78,767.72,70.19,1.0
15232,47,53,2547,94,767.68,74.75,1.0
15233,49,54,2549,98,767.66,80.04,1.0
15234,11,30,2511,22,767.66,69.17,1.0
15235,23,50,2523,46,767.64,73.48,1.0
15236,39,48,2539,78,767.63,71.53,1.0
15237,293,8,2793,586,767.63,143.35,1.0
15238,71,5,2571,142,767.61,98.01,1.0
15239,63,57,2563,126,767.58,78.36,1.0
15240,21,48,2521,42,767.57,71.8,1.0
15241,25,35,2525,50,767.56,74.24,1.0
15242,76,55,2576,152,767.49,78.69,1.0
15243,57,56,2557,114,767.47,80.63,1.0
15244,112,58,2612,224,767.47,87.43,1.0
15245,81,59,2581,162,767.44,77.96,1.0
15246,224,7,2724,448,767.43,133.61,1.0
15247,25,46,2525,50,767.41,73.21,1.0
15248,34,50,2534,68,767.4,69.77,1.0
15249,11,35,2511,22,767.4,71.02,1.0
15250,76,56,2576,152,767.38,79.33,1.0
15251,29,47,2529,58,767.37,74.36,1.0
15252,16,31,2516,32,767.35,70.9,1.0
15253,46,53,2546,92,767.34,74.71,1.0
15254,104,59,2604,208,767.34,87.07,1.0
15255,69,58,2569,138,767.33,80.53,1.0
15256,89,58,2589,178,767.32,88.4,1.0
15257,22,39,2522,44,767.31,72.2,1.0
15258,24,47,2524,48,767.28,68.66,1.0
15259,177,6,2677,354,767.28,116.93,1.0
15260,26,36,2526,52,767.27,73.44,1.0
15261,20,47,2520,40,767.15,77.39,1.0
15262,87,57,2587,174,767.12,85.69,1.0
15263,33,52,2533,66,767.11,73.61,1.0
15264,14,51,2514,28,767.08,69.09,1.0
15265,99,58,2599,198,767.08,88.55,1.0
15266,162,6,2662,324,767.07,114.08,1.0
15267,14,31,2514,28,767.06,70.84,1.0
15268,15,37,2515,30,767.06,72.16,1.0
15269,28,50,2528,56,767.03,70.09,1.0
15270,280,8,2780,560,767.02,142.59,1.0
15271,130,60,2630,260,766.97,94.7,1.0
15272,14,44,2514,28,766.96,69.84,1.0
15273,116,58,2616,232,766.95,89.56,1.0
15274,67,57,2567,134,766.93,79.48,1.0
15275,67,58,2567,134,766.92,81.25,1.0
15276,14,34,2514,28,766.89,71.18,1.0
15277,36,55,2536,72,766.89,73.46,1.0
15278,42,51,2542,84,766.87,76.25,1.0
15279,62,58,2562,124,766.87,82.21,1.0
15280,14,35,2514,28,766.86,70.35,1.0
15281,132,60,2632,264,766.86,92.45,1.0
15282,21,50,2521,42,766.85,72.5,1.0
15283,249,7,2749,498,766.85,135.89,1.0
15284,38,56,2538,76,766.8,73.82,1.0
15285,152,60,2652,304,766.79,94.81,1.0
15286,83,56,2583,166,766.74,82.08,1.0
15287,119,60,2619,238,766.68,91.06,1.0
15288,176,60,2676,352,766.68,102.37,1.0
15289,217,7,2717,434,766.62,140.7,1.0
15290,22,33,2522,44,766.61,69.85,1.0
15291,23,40,2523,46,766.6,70.47,1.0
15292,16,40,2516,32,766.6,70.17,1.0
15293,20,36,2520,40,766.59,68.36,1.0
15294,9,30,2509,18,766.59,67.03,1.0
15295,87,58,2587,174,766.57,84.45,1.0
15296,50,57,2550,100,766.56,78.41,1.0
15297,22,35,2522,44,766.56,70.63,1.0
15298,16,32,2516,32,766.56,70.36,1.0
15299,44,56,2544,88,766.55,74.35,1.0
15300,16,44,2516,32,766.54,70.84,1.0
15301,106,57,2606,212,766.52,83.7,1.0
15302,284,7,2784,568,766.51,138.32,1.0
15303,30,50,2530,60,766.49,71.53,1.0
15304,41,55,2541,82,766.49,77.99,1.0
15305,36,57,2536,72,766.45,78.44,1.0
15306,72,56,2572,144,766.45,80.28,1.0
15307,30,48,2530,60,766.43,74.49,1.0
15308,175,60,2675,350,766.43,99.53,1.0
15309,222,60,2722,444,766.42,102.78,1.0
15310,251,7,2751,502,766.41,131.1,1.0
15311,15,43,2515,30,766.39,73.11,1.0
15312,23,49,2523,46,766.38,72.68,1.0
15313,40,49,2540,80,766.33,73.51,1.0
15314,15,33,2515,30,766.33,71.15,1.0
15315,55,58,2555,110,766.32,78.63,1.0
15316,237,7,2737,474,766.32,130.51,1.0
15317,21,52,2521,42,766.3,75.83,1.0
15318,136,58,2636,272,766.29,92.83,1.0
15319,22,40,2522,44,766.25,71.86,1.0
15320,178,59,2678,356,766.24,93.95,1.0
15321,28,51,2528,56,766.22,71.88,1.0
15322,24,49,2524,48,766.2,71.47,1.0
15323,27,55,2527,54,766.14,74.78,1.0
15324,193,60,2693,386,766.12,100.2,1.0
15325,39,5,2539,78,766.09,86.45,1.0
15326,16,39,2516,32,766.09,70.56,1.0
15327,23,47,2523,46,766.03,72.73,1.0
15328,101,60,2601,202,766.01,87.93,1.0
15329,96,58,2596,192,766.01,84.43,1.0
15330,37,54,2537,74,765.99,71.55,1.0
15331,90,57,2590,180,765.99,81.77,1.0
15332,115,59,2615,230,765.98,90.13,1.0
15333,3,51,2503,6,765.95,69.84,1.0
15334,37,52,2537,74,765.93,75.35,1.0
15335,16,43,2516,32,765.89,71.97,1.0
15336,30,51,2530,60,765.88,73.28,1.0
15337,11,41,2511,22,765.87,68.63,1.0
15338,53,59,2553,106,765.85,75.56,1.0
15339,24,50,2524,48,765.85,73.49,1.0
15340,145,60,2645,290,765.83,97.02,1.0
15341,42,55,2542,84,765.78,76.94,1.0
15342,25,41,2525,50,765.77,71.43,1.0
15343,21,55,2521,42,765.76,70.19,1.0
15344,29,52,2529,58,765.75,72.08,1.0
15345,32,55,2532,64,765.73,73.34,1.0
15346,14,33,2514,28,765.73,70.6,1.0
15347,11,39,2511,22,765.72,69.52,1.0
15348,39,47,2539,78,765.69,73.66,1.0
15349,42,52,2542,84,765.68,76.29,1.0
15350,24,51,2524,48,765.68,69.53,1.0
15351,14,39,2514,28,765.67,67.89,1.0
15352,246,60,2746,492,765.65,104.73,1.0
15353,181,60,2681,362,765.64,95.82,1.0
15354,33,53,2533,66,765.59,74.12,1.0
15355,18,34,2518,36,765.59,71.59,1.0
15356,20,34,2520,40,765.59,73.74,1.0
15357,164,60,2664,328,765.59,96.84,1.0
15358,82,60,2582,164,765.51,85.56,1.0
15359,14,45,2514,28,765.48,68.83,1.0
15360,11,42,2511,22,765.46,67.51,1.0
15361,58,58,2558,116,765.45,79.41,1.0
15362,22,49,2522,44,765.45,74.69,1.0
15363,178,60,2678,356,765.45,102.19,1.0
15364,47,55,2547,94,765.44,74.44,1.0
15365,23,33,2523,46,765.43,70.26,1.0
15366,32,57,2532,64,765.43,72.99,1.0
15367,20,39,2520,40,765.43,71.58,1.0
15368,153,60,2653,306,765.38,94.77,1.0
15369,100,60,2600,200,765.34,85.93,1.0
15370,22,47,2522,44,765.32,76.53,1.0
15371,18,38,2518,36,765.32,70.3,1.0
15372,23,38,2523,46,765.3,77.0,1.0
15373,43,57,2543,86,765.28,77.53,1.0
15374,11,49,2511,22,765.27,73.23,1.0
15375,77,56,2577,154,765.27,78.7,1.0
15376,16,33,2516,32,765.25,67.71,1.0
15377,24,48,2524,48,765.22,68.56,1.0
15378,170,60,2670,340,765.22,99.13,1.0
15379,214,7,2714,428,765.21,124.11,1.0
15380,214,59,2714,428,765.18,105.44,1.0
15381,18,44,2518,36,765.17,67.06,1.0
15382,22,30,2522,44,765.15,73.04,1.0
15383,14,47,2514,28,765.15,68.39,1.0
15384,124,60,2624,248,765.12,89.28,1.0
15385,58,5,2558,116,765.11,90.66,1.0
15386,41,58,2541,82,765.07,75.02,1.0
15387,1,47,2501,2,765.05,71.93,1.0
15388,137,60,2637,274,765.05,91.03,1.0
15389,24,39,2524,48,765.0,72.06,1.0
15390,11,44,2511,22,764.99,71.54,1.0
15391,18,30,2518,36,764.97,71.5,1.0
15392,70,5,2570,140,764.97,92.73,1.0
15393,231,7,2731,462,764.95,132.28,1.0
15394,27,56,2527,54,764.92,79.25,1.0
15395,64,60,2564,128,764.91,77.15,1.0
15396,20,42,2520,40,764.9,74.43,1.0
15397,25,40,2525,50,764.83,71.89,1.0
15398,27,54,2527,54,764.83,71.67,1.0
15399,123,59,2623,246,764.83,88.78,1.0
15400,25,43,2525,50,764.76,72.17,1.0
15401,16,49,2516,32,764.73,71.01,1.0
15402,11,45,2511,22,764.71,71.46,1.0
15403,140,60,2640,280,764.69,96.15,1.0
15404,17,42,2517,34,764.67,69.19,1.0
15405,161,59,2661,322,764.67,96.02,1.0
15406,51,57,2551,102,764.65,75.39,1.0
15407,15,46,2515,30,764.65,72.97,1.0
15408,113,59,2613,226,764.65,90.53,1.0
15409,36,58,2536,72,764.62,73.64,1.0
15410,17,40,2517,34,764.62,71.78,1.0
15411,85,59,2585,170,764.62,84.18,1.0
15412,134,60,2634,268,764.62,89.55,1.0
15413,17,36,2517,34,764.61,68.96,1.0
15414,24,38,2524,48,764.58,69.75,1.0
15415,15,32,2515,30,764.56,72.5,1.0
15416,14,41,2514,28,764.54,70.04,1.0
15417,45,59,2545,90,764.53,79.1,1.0
15418,31,52,2531,62,764.53,72.75,1.0
15419,31,54,2531,62,764.53,71.3,1.0
15420,22,48,2522,44,764.52,72.76,1.0
15421,35,49,2535,70,764.5,73.12,1.0
15422,73,57,2573,146,764.5,81.95,1.0
15423,140,6,2640,280,764.5,115.45,1.0
15424,54,59,2554,108,764.47,84.04,1.0
15425,137,6,2637,274,764.47,111.58,1.0
15426,48,54,2548,96,764.45,79.56,1.0
15427,34,51,2534,68,764.44,71.12,1.0
15428,62,5,2562,124,764.42,93.99,1.0
15429,15,38,2515,30,764.42,74.64,1.0
15430,160,6,2660,320,764.42,113.42,1.0
15431,172,60,2672,344,764.36,99.53,1.0
15432,141,59,2641,282,764.35,91.03,1.0
15433,15,35,2515,30,764.34,70.15,1.0
15434,59,57,2559,118,764.33,79.71,1.0
15435,106,58,2606,212,764.33,85.78,1.0
15436,27,57,2527,54,764.32,77.3,1.0
15437,14,42,2514,28,764.32,71.34,1.0
15438,114,60,2614,228,764.31,92.63,1.0
15439,35,52,2535,70,764.3,71.37,1.0
15440,14,50,2514,28,764.29,72.59,1.0
15441,26,49,2526,52,764.27,71.9,1.0
15442,25,49,2525,50,764.26,72.66,1.0
15443,14,43,2514,28,764.25,71.02,1.0
15444,11,46,2511,22,764.24,69.05,1.0
15445,105,59,2605,210,764.23,89.03,1.0
15446,54,58,2554,108,764.22,76.52,1.0
15447,125,60,2625,250,764.19,90.28,1.0
15448,52,58,2552,104,764.18,76.8,1.0
15449,18,43,2518,36,764.17,73.67,1.0
15450,121,59,2621,242,764.17,91.64,1.0
15451,18,35,2518,36,764.15,69.71,1.0
15452,23,53,2523,46,764.14,74.84,1.0
15453,141,60,2641,282,764.13,95.53,1.0
15454,16,35,2516,32,764.12,71.95,1.0
15455,110,60,2610,220,764.12,88.41,1.0
15456,50,59,2550,100,764.1,80.88,1.0
15457,11,31,2511,22,764.05,68.98,1.0
15458,91,60,2591,182,764.05,85.89,1.0
15459,17,43,2517,34,763.97,69.66,1.0
15460,82,59,2582,164,763.97,83.6,1.0
15461,15,44,2515,30,763.96,70.8,1.0
15462,16,41,2516,32,763.95,70.37,1.0
15463,40,52,2540,80,763.94,75.49,1.0
15464,24,45,2524,48,763.92,70.84,1.0
15465,70,60,2570,140,763.92,84.99,1.0
15466,88,59,2588,176,763.92,84.64,1.0
15467,39,49,2539,78,763.9,72.25,1.0
15468,171,60,2671,342,763.88,96.18,1.0
15469,111,60,2611,222,763.87,85.75,1.0
15470,9,45,2509,18,763.84,70.95,1.0
15471,129,60,2629,258,763.84,90.27,1.0
15472,78,58,2578,156,763.83,85.29,1.0
15473,86,60,2586,172,763.82,81.69,1.0
15474,77,57,2577,154,763.81,76.13,1.0
15475,117,59,2617,234,763.81,90.42,1.0
15476,62,60,2562,124,763.79,81.33,1.0
15477,25,31,2525,50,763.78,70.51,1.0
15478,97,59,2597,194,763.78,89.23,1.0
15479,160,60,2660,320,763.78,97.04,1.0
15480,43,56,2543,86,763.76,76.07,1.0
15481,9,40,2509,18,763.7,71.61,1.0
15482,15,41,2515,30,763.68,72.79,1.0
15483,51,58,2551,102,763.67,74.54,1.0
15484,33,55,2533,66,763.67,73.97,1.0
15485,28,57,2528,56,763.67,73.71,1.0
15486,88,60,2588,176,763.67,85.15,1.0
15487,6,41,2506,12,763.66,74.71,1.0
15488,24,53,2524,48,763.64,74.53,1.0
15489,25,47,2525,50,763.64,71.57,1.0
15490,35,53,2535,70,763.63,76.85,1.0
15491,38,57,2538,76,763.62,76.91,1.0
15492,68,59,2568,136,763.62,85.09,1.0
15493,75,58,2575,150,763.6,77.93,1.0
15494,120,60,2620,240,763.6,89.32,1.0
15495,24,52,2524,48,763.59,72.16,1.0
15496,9,36,2509,18,763.58,72.06,1.0
15497,15,40,2515,30,763.57,71.81,1.0
15498,30,49,2530,60,763.55,73.72,1.0
15499,14,38,2514,28,763.52,72.46,1.0
15500,39,51,2539,78,763.5,73.29,1.0
15501,14,46,2514,28,763.5,72.5,1.0
15502,87,59,2587,174,763.42,88.9,1.0
15503,98,58,2598,196,763.41,87.4,1.0
15504,29,50,2529,58,763.4,74.43,1.0
15505,237,60,2737,474,763.4,108.01,1.0
15506,31,51,2531,62,763.39,74.72,1.0
15507,45,58,2545,90,763.34,79.21,1.0
15508,115,60,2615,230,763.34,88.89,1.0
15509,95,58,2595,190,763.32,82.97,1.0
15510,83,57,2583,166,763.32,80.5,1.0
15511,9,35,2509,18,763.3,70.7,1.0
15512,262,7,2762,524,763.29,131.41,1.0
15513,28,53,2528,56,763.27,75.02,1.0
15514,16,48,2516,32,763.26,72.97,1.0
15515,17,32,2517,34,763.25,69.96,1.0
15516,56,5,2556,112,763.24,95.38,1.0
15517,29,56,2529,58,763.24,77.22,1.0
15518,14,36,2514,28,763.24,68.59,1.0
15519,31,55,2531,62,763.23,73.77,1.0
15520,14,40,2514,28,763.22,71.06,1.0
15521,17,33,2517,34,763.22,69.0,1.0
15522,23,51,2523,46,763.2,76.33,1.0
15523,23,52,2523,46,763.19,70.83,1.0
15524,27,60,2527,54,763.19,79.8,1.0
15525,17,30,2517,34,763.19,71.98,1.0
15526,161,60,2661,322,763.18,98.48,1.0
15527,18,32,2518,36,763.12,71.85,1.0
15528,142,6,2642,284,763.11,115.85,1.0
15529,25,48,2525,50,763.1,72.37,1.0
15530,41,57,2541,82,763.1,75.74,1.0
15531,84,58,2584,168,763.09,84.24,1.0
15532,26,50,2526,52,763.07,72.22,1.0
15533,21,53,2521,42,763.06,70.08,1.0
15534,147,6,2647,294,763.05,115.16,1.0
15535,11,47,2511,22,763.04,69.0,1.0
15536,15,34,2515,30,763.02,71.99,1.0
15537,56,58,2556,112,763.01,79.9,1.0
15538,15,45,2515,30,762.99,72.83,1.0
15539,75,59,2575,150,762.99,82.41,1.0
15540,6,34,2506,12,762.95,71.9,1.0
15541,11,34,2511,22,762.94,70.47,1.0
15542,15,30,2515,30,762.93,68.95,1.0
15543,3,35,2503,6,762.9,71.82,1.0
15544,42,56,2542,84,762.87,74.27,1.0
15545,136,6,2636,272,762.87,113.48,1.0
15546,42,57,2542,84,762.84,78.23,1.0
15547,221,7,2721,442,762.81,132.67,1.0
15548,16,47,2516,32,762.8,69.77,1.0
15549,49,55,2549,98,762.78,78.36,1.0
15550,60,59,2560,120,762.77,82.66,1.0
15551,58,57,2558,116,762.76,76.92,1.0
15552,22,54,2522,44,762.74,74.82,1.0
15553,6,32,2506,12,762.74,74.01,1.0
15554,252,60,2752,504,762.73,109.96,1.0
15555,6,37,2506,12,762.72,71.76,1.0
15556,163,6,2663,326,762.72,120.08,1.0
15557,19,38,2519,38,762.7,70.59,1.0
15558,121,6,2621,242,762.7,110.4,1.0
15559,14,49,2514,28,762.65,71.14,1.0
15560,122,60,2622,244,762.59,93.9,1.0
15561,239,7,2739,478,762.59,133.53,1.0
15562,21,56,2521,42,762.56,71.5,1.0
15563,126,60,2626,252,762.56,93.56,1.0
15564,38,58,2538,76,762.55,75.36,1.0
15565,33,56,2533,66,762.54,73.94,1.0
15566,11,40,2511,22,762.54,68.48,1.0
15567,112,59,2612,224,762.53,89.59,1.0
15568,129,59,2629,258,762.5,94.81,1.0
15569,16,54,2516,32,762.49,68.97,1.0
15570,168,6,2668,336,762.46,116.13,1.0
15571,30,52,2530,60,762.43,72.69,1.0
15572,15,36,2515,30,762.43,71.36,1.0
15573,63,59,2563,126,762.42,80.99,1.0
15574,47,5,2547,94,762.42,89.62,1.0
15575,1,58,2501,2,762.42,73.99,1.0
15576,66,59,2566,132,762.42,79.98,1.0
15577,22,50,2522,44,762.41,70.2,1.0
15578,1,41,2501,2,762.41,72.55,1.0
15579,179,60,2679,358,762.4,101.24,1.0
15580,11,33,2511,22,762.39,70.52,1.0
15581,135,60,2635,270,762.38,96.93,1.0
15582,18,39,2518,36,762.37,69.49,1.0
15583,47,57,2547,94,762.36,76.3,1.0
15584,150,59,2650,300,762.35,96.22,1.0
15585,18,41,2518,36,762.34,69.83,1.0
15586,49,56,2549,98,762.33,80.87,1.0
15587,83,59,2583,166,762.33,84.27,1.0
15588,198,60,2698,396,762.33,98.66,1.0
15589,61,58,2561,122,762.32,83.21,1.0
15590,17,38,2517,34,762.31,68.43,1.0
15591,43,59,2543,86,762.23,78.07,1.0
15592,32,58,2532,64,762.22,75.39,1.0
15593,20,48,2520,40,762.22,72.96,1.0
15594,54,5,2554,108,762.21,94.33,1.0
15595,3,43,2503,6,762.2,67.14,1.0
15596,16,51,2516,32,762.19,71.79,1.0
15597,17,37,2517,34,762.19,72.24,1.0
15598,143,59,2643,286,762.19,96.06,1.0
15599,42,54,2542,84,762.18,76.94,1.0
15600,136,59,2636,272,762.18,87.04,1.0
15601,17,41,2517,34,762.17,69.97,1.0
15602,50,58,2550,100,762.16,78.4,1.0
15603,11,36,2511,22,762.16,68.81,1.0
15604,14,37,2514,28,762.07,68.61,1.0
15605,11,50,2511,22,762.07,70.62,1.0
15606,9,34,2509,18,762.06,70.31,1.0
15607,18,36,2518,36,762.03,70.63,1.0
15608,11,38,2511,22,762.03,68.93,1.0
15609,17,49,2517,34,761.99,68.87,1.0
15610,53,60,2553,106,761.97,77.91,1.0
15611,46,56,2546,92,761.93,75.03,1.0
15612,76,57,2576,152,761.93,82.8,1.0
15613,18,33,2518,36,761.89,71.38,1.0
15614,123,60,2623,246,761.88,92.07,1.0
15615,3,41,2503,6,761.86,70.01,1.0
15616,16,45,2516,32,761.86,70.43,1.0
15617,14,30,2514,28,761.85,71.21,1.0
15618,53,58,2553,106,761.82,75.15,1.0
15619,89,59,2589,178,761.81,84.53,1.0
15620,19,42,2519,38,761.79,71.29,1.0
15621,1,34,2501,2,761.78,71.14,1.0
15622,18,42,2518,36,761.76,71.1,1.0
15623,16,46,2516,32,761.73,69.01,1.0
15624,37,53,2537,74,761.72,74.93,1.0
15625,68,60,2568,136,761.72,83.31,1.0
15626,75,60,2575,150,761.66,84.47,1.0
15627,44,58,2544,88,761.64,79.81,1.0
15628,3,39,2503,6,761.64,74.82,1.0
15629,11,37,2511,22,761.64,71.99,1.0
15630,29,53,2529,58,761.63,71.97,1.0
15631,11,58,2511,22,761.61,68.81,1.0
15632,15,42,2515,30,761.6,70.52,1.0
15633,22,52,2522,44,761.58,73.17,1.0
15634,17,31,2517,34,761.58,68.39,1.0
15635,95,59,2595,190,761.56,86.68,1.0
15636,187,60,2687,374,761.52,100.59,1.0
15637,34,52,2534,68,761.51,72.76,1.0
15638,34,53,2534,68,761.51,74.12,1.0
15639,7,47,2507,14,761.51,71.09,1.0
15640,118,60,2618,236,761.49,88.15,1.0
15641,139,59,2639,278,761.49,94.64,1.0
15642,135,6,2635,270,761.48,114.89,1.0
15643,47,56,2547,94,761.46,74.52,1.0
15644,18,45,2518,36,761.46,69.89,1.0
15645,9,49,2509,18,761.46,70.07,1.0
15646,57,57,2557,114,761.45,85.47,1.0
15647,25,50,2525,50,761.45,72.81,1.0
15648,27,58,2527,54,761.44,76.78,1.0
15649,10,39,2510,20,761.44,72.69,1.0
15650,18,31,2518,36,761.43,70.71,1.0
15651,19,33,2519,38,761.43,72.32,1.0
15652,66,5,2566,132,761.43,94.93,1.0
15653,34,54,2534,68,761.41,70.06,1.0
15654,48,5,2548,96,761.39,88.25,1.0
15655,12,36,2512,24,761.36,70.1,1.0
15656,36,59,2536,72,761.33,74.9,1.0
15657,6,36,2506,12,761.32,73.27,1.0
15658,35,55,2535,70,761.31,73.29,1.0
15659,19,34,2519,38,761.31,73.28,1.0
15660,72,57,2572,144,761.31,79.3,1.0
15661,16,38,2516,32,761.29,69.32,1.0
15662,31,56,2531,62,761.25,72.97,1.0
15663,9,33,2509,18,761.25,72.72,1.0
15664,30,55,2530,60,761.23,75.46,1.0
15665,14,32,2514,28,761.23,70.72,1.0
15666,46,5,2546,92,761.21,86.67,1.0
15667,1,32,2501,2,761.21,70.75,1.0
15668,1,39,2501,2,761.2,69.57,1.0
15669,74,56,2574,148,761.19,81.21,1.0
15670,20,49,2520,40,761.18,72.99,1.0
15671,19,43,2519,38,761.17,72.15,1.0
15672,17,35,2517,34,761.15,68.56,1.0
15673,13,36,2513,26,761.14,67.94,1.0
15674,10,42,2510,20,761.13,72.59,1.0
15675,103,60,2603,206,761.13,89.61,1.0
15676,7,34,2507,14,761.12,70.01,1.0
15677,32,59,2532,64,761.09,76.26,1.0
15678,96,59,2596,192,761.05,89.83,1.0
15679,21,57,2521,42,761.04,73.44,1.0
15680,81,60,2581,162,761.01,88.28,1.0
15681,190,60,2690,380,760.97,101.46,1.0
15682,3,45,2503,6,760.95,68.49,1.0
15683,9,47,2509,18,760.92,68.74,1.0
15684,19,32,2519,38,760.9,71.56,1.0
15685,45,57,2545,90,760.88,76.88,1.0
15686,23,56,2523,46,760.83,79.0,1.0
15687,1,60,2501,2,760.82,71.16,1.0
15688,69,59,2569,138,760.78,80.96,1.0
15689,46,54,2546,92,760.77,74.25,1.0
15690,29,54,2529,58,760.77,73.4,1.0
15691,19,31,2519,38,760.77,70.07,1.0
15692,16,34,2516,32,760.74,69.44,1.0
15693,17,46,2517,34,760.74,65.93,1.0
15694,58,59,2558,116,760.69,81.03,1.0
15695,296,8,2796,592,760.69,139.09,1.0
15696,1,44,2501,2,760.68,75.19,1.0
15697,17,50,2517,34,760.67,72.85,1.0
15698,128,59,2628,256,760.66,86.89,1.0
15699,15,55,2515,30,760.65,72.29,1.0
15700,6,31,2506,12,760.63,71.16,1.0
15701,26,51,2526,52,760.61,70.93,1.0
15702,55,59,2555,110,760.59,81.27,1.0
15703,220,7,2720,440,760.57,130.92,1.0
15704,3,30,2503,6,760.55,70.53,1.0
15705,28,59,2528,56,760.52,73.34,1.0
15706,1,48,2501,2,760.51,73.93,1.0
15707,19,45,2519,38,760.49,72.78,1.0
15708,17,44,2517,34,760.48,69.3,1.0
15709,73,59,2573,146,760.47,79.71,1.0
15710,12,46,2512,24,760.45,68.9,1.0
15711,60,5,2560,120,760.44,97.3,1.0
15712,1,57,2501,2,760.43,68.81,1.0
15713,15,31,2515,30,760.42,69.93,1.0
15714,257,7,2757,514,760.42,136.48,1.0
15715,55,60,2555,110,760.41,78.29,1.0
15716,260,7,2760,520,760.39,128.6,1.0
15717,1,45,2501,2,760.38,69.89,1.0
15718,38,59,2538,76,760.35,76.67,1.0
15719,148,60,2648,296,760.31,93.34,1.0
15720,11,55,2511,22,760.26,71.85,1.0
15721,60,58,2560,120,760.25,81.73,1.0
15722,9,39,2509,18,760.25,72.74,1.0
15723,26,52,2526,52,760.23,73.54,1.0
15724,6,44,2506,12,760.18,69.59,1.0
15725,20,52,2520,40,760.18,71.49,1.0
15726,35,54,2535,70,760.17,76.42,1.0
15727,6,33,2506,12,760.17,71.58,1.0
15728,48,55,2548,96,760.16,77.55,1.0
15729,30,53,2530,60,760.16,75.11,1.0
15730,32,60,2532,64,760.16,72.34,1.0
15731,89,60,2589,178,760.14,87.11,1.0
15732,9,48,2509,18,760.13,69.23,1.0
15733,98,59,2598,196,760.13,86.24,1.0
15734,172,6,2672,344,760.13,116.53,1.0
15735,11,51,2511,22,760.12,70.91,1.0
15736,1,46,2501,2,760.11,75.28,1.0
15737,6,35,2506,12,760.09,74.09,1.0
15738,9,38,2509,18,760.08,72.7,1.0
15739,9,50,2509,18,760.08,73.61,1.0
15740,15,47,2515,30,760.03,71.86,1.0
15741,29,55,2529,58,760.0,75.26,1.0
15742,16,30,2516,32,759.99,69.87,1.0
15743,20,50,2520,40,759.97,71.92,1.0
15744,29,51,2529,58,759.95,71.51,1.0
15745,18,49,2518,36,759.94,73.79,1.0
15746,19,40,2519,38,759.94,74.65,1.0
15747,11,32,2511,22,759.92,71.1,1.0
15748,1,43,2501,2,759.89,73.01,1.0
15749,16,36,2516,32,759.88,70.74,1.0
15750,67,59,2567,134,759.86,82.88,1.0
15751,121,60,2621,242,759.85,84.44,1.0
15752,51,59,2551,102,759.83,79.36,1.0
15753,7,39,2507,14,759.79,71.23,1.0
15754,1,30,2501,2,759.78,73.43,1.0
15755,14,48,2514,28,759.77,72.36,1.0
15756,38,60,2538,76,759.77,81.23,1.0
15757,10,36,2510,20,759.75,70.85,1.0
15758,43,58,2543,86,759.74,78.46,1.0
15759,44,57,2544,88,759.71,75.13,1.0
15760,26,59,2526,52,759.71,76.55,1.0
15761,154,6,2654,308,759.69,118.05,1.0
15762,236,7,2736,472,759.67,137.38,1.0
15763,14,53,2514,28,759.6,70.59,1.0
15764,1,51,2501,2,759.58,70.56,1.0
15765,18,47,2518,36,759.58,71.62,1.0
15766,22,51,2522,44,759.53,75.02,1.0
15767,265,7,2765,530,759.51,135.69,1.0
15768,6,45,2506,12,759.49,70.95,1.0
15769,41,59,2541,82,759.48,78.15,1.0
15770,18,53,2518,36,759.48,73.4,1.0
15771,1,40,2501,2,759.46,71.44,1.0
15772,1,36,2501,2,759.45,70.88,1.0
15773,17,45,2517,34,759.44,70.04,1.0
15774,3,49,2503,6,759.4,69.93,1.0
15775,61,60,2561,122,759.38,81.16,1.0
15776,39,50,2539,78,759.38,71.7,1.0
15777,57,59,2557,114,759.37,82.75,1.0
15778,1,52,2501,2,759.35,67.9,1.0
15779,23,58,2523,46,759.34,76.9,1.0
15780,150,60,2650,300,759.33,94.44,1.0
15781,3,33,2503,6,759.3,68.85,1.0
15782,15,39,2515,30,759.3,72.23,1.0
15783,159,60,2659,318,759.3,97.08,1.0
15784,13,31,2513,26,759.29,69.27,1.0
15785,22,55,2522,44,759.28,73.18,1.0
15786,7,42,2507,14,759.27,71.43,1.0
15787,18,51,2518,36,759.27,70.11,1.0
15788,9,37,2509,18,759.27,69.29,1.0
15789,24,54,2524,48,759.26,74.47,1.0
15790,11,52,2511,22,759.26,70.83,1.0
15791,46,55,2546,92,759.24,75.86,1.0
15792,23,54,2523,46,759.23,73.2,1.0
15793,1,53,2501,2,759.17,71.48,1.0
15794,3,40,2503,6,759.16,71.68,1.0
15795,15,53,2515,30,759.15,71.8,1.0
15796,22,57,2522,44,759.14,75.98,1.0
15797,158,6,2658,316,759.12,117.25,1.0
15798,25,51,2525,50,759.11,73.97,1.0
15799,295,7,2795,590,759.11,141.38,1.0
15800,12,33,2512,24,759.09,69.59,1.0
15801,106,59,2606,212,759.08,83.9,1.0
15802,152,6,2652,304,759.04,118.64,1.0
15803,83,58,2583,166,759.03,86.37,1.0
15804,15,56,2515,30,759.02,71.66,1.0
15805,128,58,2628,256,759.02,90.1,1.0
15806,28,56,2528,56,759.01,74.06,1.0
15807,107,60,2607,214,759.01,87.88,1.0
15808,39,52,2539,78,759.0,73.74,1.0
15809,1,31,2501,2,759.0,75.36,1.0
15810,3,53,2503,6,758.99,71.2,1.0
15811,57,5,2557,114,758.98,88.4,1.0
15812,6,40,2506,12,758.98,72.02,1.0
15813,30,54,2530,60,758.96,73.98,1.0
15814,18,48,2518,36,758.96,73.89,1.0
15815,153,6,2653,306,758.96,118.98,1.0
15816,10,44,2510,20,758.95,72.95,1.0
15817,41,60,2541,82,758.94,77.5,1.0
15818,73,60,2573,146,758.94,82.75,1.0
15819,34,55,2534,68,758.93,77.69,1.0
15820,57,58,2557,114,758.92,80.17,1.0
15821,23,57,2523,46,758.91,77.61,1.0
15822,26,55,2526,52,758.89,73.37,1.0
15823,107,59,2607,214,758.85,83.82,1.0
15824,15,51,2515,30,758.84,73.9,1.0
15825,244,60,2744,488,758.83,107.66,1.0
15826,6,51,2506,12,758.82,72.09,1.0
15827,11,48,2511,22,758.82,69.35,1.0
15828,13,34,2513,26,758.81,73.01,1.0
15829,43,60,2543,86,758.8,76.42,1.0
15830,37,55,2537,74,758.79,75.46,1.0
15831,190,7,2690,380,758.79,124.07,1.0
15832,17,47,2517,34,758.75,71.84,1.0
15833,1,37,2501,2,758.73,71.48,1.0
15834,11,54,2511,22,758.73,71.48,1.0
15835,99,59,2599,198,758.72,89.85,1.0
15836,84,59,2584,168,758.71,83.66,1.0
15837,90,59,2590,180,758.69,85.55,1.0
15838,6,43,2506,12,758.67,75.06,1.0
15839,21,59,2521,42,758.65,74.79,1.0
15840,19,49,2519,38,758.65,69.33,1.0
15841,23,60,2523,46,758.63,77.5,1.0
15842,7,49,2507,14,758.63,71.05,1.0
15843,277,7,2777,554,758.62,141.6,1.0
15844,112,60,2612,224,758.59,88.31,1.0
15845,69,5,2569,138,758.58,95.52,1.0
15846,59,58,2559,118,758.56,79.2,1.0
15847,18,57,2518,36,758.56,73.15,1.0
15848,109,60,2609,218,758.55,88.03,1.0
15849,37,56,2537,74,758.5,76.43,1.0
15850,28,55,2528,56,758.48,72.46,1.0
15851,63,58,2563,126,758.47,80.0,1.0
15852,56,60,2556,112,758.43,76.99,1.0
15853,12,32,2512,24,758.43,69.49,1.0
15854,20,57,2520,40,758.42,77.05,1.0
15855,4,47,2504,8,758.41,71.47,1.0
15856,19,41,2519,38,758.4,69.62,1.0
15857,9,53,2509,18,758.39,71.85,1.0
15858,17,52,2517,34,758.39,72.16,1.0
15859,51,60,2551,102,758.38,81.42,1.0
15860,3,46,2503,6,758.37,69.45,1.0
15861,15,49,2515,30,758.36,72.32,1.0
15862,21,54,2521,42,758.35,77.84,1.0
15863,3,42,2503,6,758.35,68.6,1.0
15864,9,42,2509,18,758.34,74.65,1.0
15865,78,59,2578,156,758.32,82.22,1.0
15866,1,35,2501,2,758.31,73.89,1.0
15867,6,56,2506,12,758.3,71.01,1.0
15868,116,59,2616,232,758.3,89.64,1.0
15869,3,54,2503,6,758.27,70.48,1.0
15870,22,53,2522,44,758.26,75.34,1.0
15871,16,55,2516,32,758.26,71.71,1.0
15872,30,56,2530,60,758.25,74.0,1.0
15873,1,42,2501,2,758.23,71.14,1.0
15874,17,39,2517,34,758.23,70.54,1.0
15875,253,7,2753,506,758.21,140.44,1.0
15876,15,57,2515,30,758.19,71.35,1.0
15877,17,48,2517,34,758.19,68.83,1.0
15878,65,5,2565,130,758.14,91.74,1.0
15879,61,59,2561,122,758.14,81.13,1.0
15880,104,60,2604,208,758.14,87.23,1.0
15881,35,57,2535,70,758.1,76.23,1.0
15882,10,41,2510,20,758.07,70.0,1.0
15883,54,60,2554,108,758.06,83.07,1.0
15884,18,46,2518,36,758.06,72.94,1.0
15885,19,36,2519,38,758.06,68.9,1.0
15886,11,59,2511,22,758.06,69.64,1.0
15887,36,60,2536,72,758.06,78.03,1.0
15888,16,57,2516,32,758.06,72.39,1.0
15889,9,57,2509,18,758.05,72.69,1.0
15890,90,58,2590,180,758.05,86.54,1.0
15891,6,30,2506,12,758.04,72.33,1.0
15892,92,57,2592,184,758.02,88.81,1.0
15893,128,6,2628,256,758.02,115.92,1.0
15894,67,60,2567,134,758.01,82.29,1.0
15895,6,39,2506,12,757.99,70.9,1.0
15896,17,34,2517,34,757.97,69.8,1.0
15897,25,55,2525,50,757.94,73.9,1.0
15898,1,56,2501,2,757.94,72.67,1.0
15899,2,42,2502,4,757.92,74.67,1.0
15900,44,60,2544,88,757.91,76.29,1.0
15901,4,57,2504,8,757.91,71.86,1.0
15902,33,57,2533,66,757.89,74.16,1.0
15903,1,49,2501,2,757.86,70.83,1.0
15904,9,32,2509,18,757.85,71.25,1.0
15905,39,54,2539,78,757.81,75.65,1.0
15906,22,56,2522,44,757.8,77.28,1.0
15907,19,44,2519,38,757.79,73.7,1.0
15908,14,58,2514,28,757.78,75.1,1.0
15909,3,48,2503,6,757.77,69.66,1.0
15910,19,46,2519,38,757.75,70.99,1.0
15911,10,35,2510,20,757.75,70.02,1.0
15912,15,50,2515,30,757.72,69.88,1.0
15913,76,60,2576,152,757.71,82.72,1.0
15914,85,60,2585,170,757.69,84.6,1.0
15915,31,58,2531,62,757.68,78.1,1.0
15916,6,52,2506,12,757.68,71.88,1.0
15917,15,48,2515,30,757.68,70.37,1.0
15918,40,54,2540,80,757.67,76.8,1.0
15919,139,60,2639,278,757.67,94.66,1.0
15920,6,46,2506,12,757.66,68.94,1.0
15921,86,5,2586,172,757.66,100.19,1.0
15922,3,56,2503,6,757.65,71.68,1.0
15923,28,58,2528,56,757.64,73.58,1.0
15924,80,59,2580,160,757.64,83.97,1.0
15925,3,60,2503,6,757.63,73.22,1.0
15926,9,46,2509,18,757.63,69.42,1.0
15927,6,38,2506,12,757.62,71.93,1.0
15928,28,60,2528,56,757.62,77.95,1.0
15929,7,31,2507,14,757.61,70.55,1.0
15930,49,5,2549,98,757.59,92.28,1.0
15931,26,54,2526,52,757.59,71.13,1.0
15932,40,53,2540,80,757.58,77.58,1.0
15933,3,32,2503,6,757.58,69.69,1.0
15934,11,56,2511,22,757.58,68.04,1.0
15935,33,58,2533,66,757.57,75.18,1.0
15936,9,51,2509,18,757.57,72.9,1.0
15937,1,50,2501,2,757.56,70.67,1.0
15938,7,38,2507,14,757.55,69.58,1.0
15939,167,6,2667,334,757.54,120.71,1.0
15940,7,35,2507,14,757.53,70.36,1.0
15941,143,60,2643,286,757.51,97.57,1.0
15942,20,51,2520,40,757.5,74.02,1.0
15943,18,54,2518,36,757.48,70.87,1.0
15944,7,30,2507,14,757.46,71.45,1.0
15945,3,31,2503,6,757.46,71.78,1.0
15946,96,60,2596,192,757.46,94.08,1.0
15947,7,46,2507,14,757.45,69.62,1.0
15948,3,52,2503,6,757.45,66.74,1.0
15949,3,59,2503,6,757.45,73.9,1.0
15950,45,60,2545,90,757.42,76.85,1.0
15951,25,54,2525,50,757.42,73.5,1.0
15952,16,52,2516,32,757.41,68.13,1.0
15953,3,47,2503,6,757.39,73.46,1.0
15954,31,59,2531,62,757.38,74.36,1.0
15955,13,41,2513,26,757.36,73.27,1.0
15956,7,36,2507,14,757.35,72.32,1.0
15957,7,37,2507,14,757.32,68.36,1.0
15958,105,60,2605,210,757.32,90.07,1.0
15959,169,6,2669,338,757.29,119.53,1.0
15960,272,7,2772,544,757.28,146.77,1.0
15961,25,53,2525,50,757.27,70.23,1.0
15962,10,45,2510,20,757.27,68.49,1.0
15963,11,53,2511,22,757.27,68.88,1.0
15964,3,58,2503,6,757.24,69.74,1.0
15965,35,56,2535,70,757.21,74.74,1.0
15966,1,33,2501,2,757.21,72.16,1.0
15967,20,53,2520,40,757.21,72.6,1.0
15968,10,48,2510,20,757.21,70.23,1.0
15969,3,55,2503,6,757.17,69.65,1.0
15970,3,38,2503,6,757.16,71.2,1.0
15971,79,59,2579,158,757.16,82.6,1.0
15972,21,60,2521,42,757.15,74.21,1.0
15973,113,60,2613,226,757.14,87.11,1.0
15974,1,38,2501,2,757.13,72.97,1.0
15975,7,43,2507,14,757.09,71.77,1.0
15976,7,50,2507,14,757.09,68.64,1.0
15977,13,45,2513,26,757.09,72.15,1.0
15978,77,59,2577,154,757.09,85.32,1.0
15979,26,58,2526,52,757.08,74.25,1.0
15980,22,58,2522,44,757.08,73.86,1.0
15981,18,50,2518,36,757.08,72.65,1.0
15982,48,56,2548,96,757.05,77.07,1.0
15983,39,53,2539,78,757.05,74.52,1.0
15984,16,50,2516,32,757.04,71.51,1.0
15985,75,5,2575,150,757.04,93.53,1.0
15986,31,57,2531,62,757.03,74.5,1.0
15987,76,58,2576,152,757.01,81.49,1.0
15988,63,5,2563,126,756.99,97.33,1.0
15989,13,37,2513,26,756.99,72.27,1.0
15990,6,47,2506,12,756.97,72.44,1.0
15991,14,56,2514,28,756.97,69.71,1.0
15992,18,52,2518,36,756.97,70.88,1.0
15993,10,47,2510,20,756.96,70.44,1.0
15994,23,55,2523,46,756.9,73.27,1.0
15995,23,59,2523,46,756.9,76.58,1.0
15996,40,55,2540,80,756.9,75.42,1.0
15997,3,34,2503,6,756.89,70.51,1.0
15998,19,37,2519,38,756.89,70.79,1.0
15999,19,48,2519,38,756.89,71.97,1.0
16000,13,46,2513,26,756.85,70.3,1.0
16001,166,60,2666,332,756.85,96.5,1.0
16002,6,55,2506,12,756.84,70.49,1.0
16003,20,54,2520,40,756.83,71.28,1.0
16004,72,58,2572,144,756.78,80.48,1.0
16005,9,43,2509,18,756.77,68.1,1.0
16006,33,59,2533,66,756.76,76.9,1.0
16007,16,56,2516,32,756.75,74.16,1.0
16008,13,33,2513,26,756.73,70.7,1.0
16009,69,60,2569,138,756.73,85.6,1.0
16010,47,60,2547,94,756.72,76.7,1.0
16011,266,7,2766,532,756.69,143.21,1.0
16012,14,52,2514,28,756.68,71.78,1.0
16013,77,58,2577,154,756.68,83.0,1.0
16014,6,42,2506,12,756.64,72.47,1.0
16015,34,58,2534,68,756.59,76.11,1.0
16016,6,48,2506,12,756.55,71.83,1.0
16017,6,54,2506,12,756.55,73.27,1.0
16018,3,57,2503,6,756.51,70.99,1.0
16019,9,58,2509,18,756.5,69.44,1.0
16020,7,44,2507,14,756.48,70.74,1.0
16021,27,59,2527,54,756.48,74.63,1.0
16022,1,59,2501,2,756.38,73.03,1.0
16023,10,30,2510,20,756.38,69.95,1.0
16024,97,60,2597,194,756.34,88.23,1.0
16025,12,34,2512,24,756.33,70.58,1.0
16026,19,30,2519,38,756.32,74.4,1.0
16027,15,52,2515,30,756.29,71.17,1.0
16028,93,5,2593,186,756.28,109.0,1.0
16029,6,57,2506,12,756.27,70.04,1.0
16030,14,54,2514,28,756.27,67.62,1.0
16031,16,53,2516,32,756.27,72.84,1.0
16032,9,31,2509,18,756.25,69.81,1.0
16033,72,5,2572,144,756.25,95.3,1.0
16034,141,6,2641,282,756.24,113.77,1.0
16035,44,59,2544,88,756.22,76.13,1.0
16036,10,38,2510,20,756.2,73.07,1.0
16037,14,55,2514,28,756.19,70.33,1.0
16038,12,38,2512,24,756.17,68.85,1.0
16039,4,31,2504,8,756.17,68.63,1.0
16040,7,41,2507,14,756.16,70.22,1.0
16041,1,55,2501,2,756.1,72.7,1.0
16042,10,40,2510,20,756.1,69.33,1.0
16043,10,34,2510,20,756.08,68.43,1.0
16044,1,54,2501,2,756.07,69.96,1.0
16045,60,60,2560,120,756.06,81.52,1.0
16046,26,53,2526,52,756.05,76.04,1.0
16047,4,43,2504,8,756.05,70.51,1.0
16048,17,53,2517,34,756.0,74.02,1.0
16049,116,60,2616,232,756.0,87.11,1.0
16050,10,32,2510,20,755.95,72.97,1.0
16051,20,55,2520,40,755.94,72.22,1.0
16052,2,60,2502,4,755.89,70.41,1.0
16053,11,57,2511,22,755.87,69.37,1.0
16054,24,57,2524,48,755.83,76.74,1.0
16055,21,58,2521,42,755.83,76.61,1.0
16056,4,53,2504,8,755.82,71.73,1.0
16057,46,59,2546,92,755.81,80.21,1.0
16058,12,41,2512,24,755.78,68.75,1.0
16059,3,37,2503,6,755.78,69.13,1.0
16060,30,58,2530,60,755.77,75.32,1.0
16061,6,58,2506,12,755.77,72.79,1.0
16062,29,58,2529,58,755.73,72.47,1.0
16063,11,60,2511,22,755.73,71.1,1.0
16064,17,51,2517,34,755.7,69.78,1.0
16065,14,59,2514,28,755.65,72.17,1.0
16066,3,50,2503,6,755.64,68.66,1.0
16067,4,46,2504,8,755.64,71.01,1.0
16068,24,55,2524,48,755.63,73.83,1.0
16069,7,45,2507,14,755.63,70.58,1.0
16070,24,59,2524,48,755.6,76.41,1.0
16071,52,59,2552,104,755.58,82.27,1.0
16072,13,32,2513,26,755.58,73.58,1.0
16073,7,32,2507,14,755.57,68.65,1.0
16074,184,6,2684,368,755.54,116.86,1.0
16075,26,56,2526,52,755.53,73.65,1.0
16076,4,39,2504,8,755.51,71.26,1.0
16077,4,38,2504,8,755.48,73.01,1.0
16078,10,31,2510,20,755.48,72.39,1.0
16079,7,33,2507,14,755.46,72.0,1.0
16080,14,57,2514,28,755.44,69.09,1.0
16081,4,36,2504,8,755.44,72.61,1.0
16082,92,58,2592,184,755.44,87.08,1.0
16083,12,55,2512,24,755.42,72.01,1.0
16084,17,55,2517,34,755.4,69.31,1.0
16085,289,7,2789,578,755.39,141.3,1.0
16086,9,52,2509,18,755.35,71.53,1.0
16087,13,43,2513,26,755.33,71.51,1.0
16088,6,49,2506,12,755.31,71.53,1.0
16089,2,32,2502,4,755.31,72.36,1.0
16090,19,39,2519,38,755.31,67.61,1.0
16091,3,36,2503,6,755.26,71.1,1.0
16092,19,35,2519,38,755.26,70.73,1.0
16093,12,45,2512,24,755.24,72.32,1.0
16094,74,57,2574,148,755.24,78.58,1.0
16095,81,5,2581,162,755.24,97.57,1.0
16096,0,39,2500,0,755.23,73.42,1.0
16097,100,5,2600,200,755.2,102.82,1.0
16098,26,57,2526,52,755.18,72.83,1.0
16099,4,32,2504,8,755.17,72.64,1.0
16100,4,44,2504,8,755.17,70.6,1.0
16101,95,60,2595,190,755.17,86.49,1.0
16102,30,57,2530,60,755.16,73.04,1.0
16103,42,58,2542,84,755.14,76.61,1.0
16104,34,56,2534,68,755.14,74.53,1.0
16105,3,44,2503,6,755.11,71.56,1.0
16106,12,37,2512,24,755.1,67.7,1.0
16107,148,6,2648,296,755.09,114.01,1.0
16108,68,5,2568,136,755.04,94.15,1.0
16109,13,40,2513,26,755.01,72.28,1.0
16110,12,42,2512,24,754.98,72.15,1.0
16111,9,41,2509,18,754.98,71.27,1.0
16112,157,6,2657,314,754.96,117.07,1.0
16113,233,7,2733,466,754.96,129.35,1.0
16114,12,30,2512,24,754.95,69.72,1.0
16115,40,56,2540,80,754.9,78.04,1.0
16116,16,58,2516,32,754.88,69.8,1.0
16117,79,60,2579,158,754.88,83.21,1.0
16118,7,52,2507,14,754.84,70.81,1.0
16119,66,60,2566,132,754.82,86.15,1.0
16120,50,60,2550,100,754.76,78.65,1.0
16121,186,6,2686,372,754.76,122.83,1.0
16122,9,56,2509,18,754.72,71.33,1.0
16123,4,41,2504,8,754.68,71.43,1.0
16124,29,57,2529,58,754.66,74.09,1.0
16125,47,59,2547,94,754.64,76.93,1.0
16126,72,59,2572,144,754.64,84.12,1.0
16127,63,60,2563,126,754.63,82.62,1.0
16128,150,6,2650,300,754.59,120.26,1.0
16129,12,50,2512,24,754.57,71.81,1.0
16130,248,7,2748,496,754.56,132.76,1.0
16131,19,47,2519,38,754.53,72.0,1.0
16132,4,35,2504,8,754.52,73.43,1.0
16133,13,47,2513,26,754.48,72.14,1.0
16134,24,58,2524,48,754.47,73.67,1.0
16135,20,60,2520,40,754.47,73.99,1.0
16136,4,45,2504,8,754.46,71.54,1.0
16137,52,60,2552,104,754.43,78.22,1.0
16138,230,7,2730,460,754.43,136.06,1.0
16139,31,60,2531,62,754.36,74.93,1.0
16140,10,50,2510,20,754.31,69.53,1.0
16141,7,48,2507,14,754.29,66.87,1.0
16142,2,34,2502,4,754.26,75.59,1.0
16143,30,60,2530,60,754.24,76.83,1.0
16144,10,52,2510,20,754.18,72.46,1.0
16145,6,59,2506,12,754.16,71.27,1.0
16146,37,58,2537,74,754.16,75.92,1.0
16147,59,5,2559,118,754.15,94.02,1.0
16148,12,40,2512,24,754.11,69.49,1.0
16149,10,46,2510,20,754.11,72.27,1.0
16150,58,60,2558,116,754.09,80.04,1.0
16151,6,60,2506,12,754.09,73.47,1.0
16152,78,60,2578,156,754.07,90.31,1.0
16153,256,7,2756,512,754.06,135.11,1.0
16154,12,44,2512,24,754.05,71.11,1.0
16155,2,47,2502,4,754.04,73.05,1.0
16156,214,60,2714,428,754.03,102.77,1.0
16157,4,59,2504,8,754.01,72.5,1.0
16158,30,59,2530,60,753.99,75.07,1.0
16159,33,60,2533,66,753.99,77.81,1.0
16160,37,57,2537,74,753.99,76.75,1.0
16161,19,50,2519,38,753.96,72.33,1.0
16162,128,60,2628,256,753.91,90.94,1.0
16163,6,50,2506,12,753.9,72.05,1.0
16164,13,30,2513,26,753.9,70.95,1.0
16165,4,49,2504,8,753.9,71.64,1.0
16166,48,57,2548,96,753.89,78.47,1.0
16167,42,59,2542,84,753.85,79.82,1.0
16168,13,42,2513,26,753.85,69.13,1.0
16169,46,58,2546,92,753.82,78.42,1.0
16170,2,45,2502,4,753.79,71.84,1.0
16171,12,31,2512,24,753.77,68.8,1.0
16172,0,53,2500,0,753.77,68.79,1.0
16173,5,34,2505,10,753.76,70.36,1.0
16174,49,58,2549,98,753.75,80.19,1.0
16175,25,58,2525,50,753.73,75.95,1.0
16176,29,60,2529,58,753.73,75.9,1.0
16177,29,59,2529,58,753.68,77.42,1.0
16178,73,5,2573,146,753.64,93.31,1.0
16179,13,35,2513,26,753.58,71.67,1.0
16180,17,56,2517,34,753.56,72.99,1.0
16181,25,52,2525,50,753.55,76.48,1.0
16182,2,54,2502,4,753.55,74.05,1.0
16183,2,48,2502,4,753.54,71.5,1.0
16184,10,49,2510,20,753.51,69.86,1.0
16185,9,54,2509,18,753.5,71.46,1.0
16186,4,51,2504,8,753.48,69.76,1.0
16187,13,39,2513,26,753.45,66.48,1.0
16188,7,56,2507,14,753.44,72.52,1.0
16189,15,59,2515,30,753.43,72.0,1.0
16190,39,55,2539,78,753.42,77.87,1.0
16191,12,52,2512,24,753.42,70.22,1.0
16192,0,48,2500,0,753.42,70.63,1.0
16193,13,49,2513,26,753.39,72.99,1.0
16194,12,43,2512,24,753.37,70.07,1.0
16195,91,5,2591,182,753.36,99.31,1.0
16196,84,60,2584,168,753.35,86.46,1.0
16197,24,60,2524,48,753.32,76.63,1.0
16198,10,33,2510,20,753.31,70.73,1.0
16199,99,60,2599,198,753.26,90.2,1.0
16200,12,39,2512,24,753.24,69.25,1.0
16201,0,42,2500,0,753.24,73.61,1.0
16202,22,59,2522,44,753.23,74.34,1.0
16203,12,51,2512,24,753.2,66.59,1.0
16204,74,58,2574,148,753.19,81.71,1.0
16205,0,58,2500,0,753.17,71.47,1.0
16206,2,35,2502,4,753.14,72.61,1.0
16207,59,59,2559,118,753.12,81.56,1.0
16208,241,7,2741,482,753.12,132.05,1.0
16209,7,40,2507,14,753.09,70.34,1.0
16210,15,58,2515,30,753.06,70.69,1.0
16211,2,33,2502,4,753.05,67.19,1.0
16212,4,40,2504,8,753.03,70.33,1.0
16213,9,59,2509,18,753.01,70.37,1.0
16214,12,53,2512,24,752.99,73.11,1.0
16215,7,54,2507,14,752.95,72.18,1.0
16216,12,48,2512,24,752.94,68.52,1.0
16217,155,6,2655,310,752.93,118.16,1.0
16218,83,60,2583,166,752.91,85.4,1.0
16219,47,58,2547,94,752.89,76.49,1.0
16220,10,56,2510,20,752.89,73.11,1.0
16221,2,50,2502,4,752.88,70.65,1.0
16222,259,7,2759,518,752.87,142.51,1.0
16223,18,55,2518,36,752.86,72.85,1.0
16224,13,44,2513,26,752.82,71.0,1.0
16225,9,60,2509,18,752.81,70.14,1.0
16226,18,56,2518,36,752.8,72.26,1.0
16227,10,53,2510,20,752.8,71.57,1.0
16228,4,50,2504,8,752.77,70.86,1.0
16229,4,34,2504,8,752.74,68.87,1.0
16230,24,56,2524,48,752.72,73.19,1.0
16231,12,47,2512,24,752.72,71.34,1.0
16232,2,39,2502,4,752.72,72.7,1.0
16233,17,58,2517,34,752.71,69.98,1.0
16234,4,37,2504,8,752.69,71.5,1.0
16235,40,57,2540,80,752.66,77.07,1.0
16236,245,6,2745,490,752.65,130.67,1.0
16237,42,60,2542,84,752.63,77.73,1.0
16238,67,5,2567,134,752.62,92.7,1.0
16239,26,60,2526,52,752.61,75.65,1.0
16240,6,53,2506,12,752.61,74.09,1.0
16241,10,51,2510,20,752.6,72.53,1.0
16242,15,54,2515,30,752.6,75.13,1.0
16243,2,59,2502,4,752.55,72.34,1.0
16244,2,56,2502,4,752.49,73.08,1.0
16245,22,60,2522,44,752.41,71.46,1.0
16246,183,6,2683,366,752.41,125.41,1.0
16247,14,60,2514,28,752.4,69.9,1.0
16248,106,60,2606,212,752.35,92.51,1.0
16249,13,38,2513,26,752.34,72.64,1.0
16250,10,57,2510,20,752.3,72.86,1.0
16251,87,60,2587,174,752.29,87.99,1.0
16252,170,6,2670,340,752.23,115.72,1.0
16253,4,30,2504,8,752.21,71.57,1.0
16254,12,58,2512,24,752.19,70.42,1.0
16255,7,53,2507,14,752.17,70.67,1.0
16256,40,59,2540,80,752.16,77.06,1.0
16257,103,5,2603,206,752.16,105.86,1.0
16258,10,54,2510,20,752.13,72.62,1.0
16259,0,36,2500,0,752.1,66.93,1.0
16260,261,7,2761,522,752.08,134.11,1.0
16261,2,36,2502,4,752.05,71.7,1.0
16262,117,60,2617,234,752.02,90.8,1.0
16263,7,55,2507,14,751.95,69.19,1.0
16264,161,6,2661,322,751.94,124.72,1.0
16265,2,31,2502,4,751.92,70.7,1.0
16266,2,43,2502,4,751.91,71.71,1.0
16267,4,48,2504,8,751.86,71.56,1.0
16268,0,38,2500,0,751.86,71.02,1.0
16269,17,57,2517,34,751.86,70.32,1.0
16270,2,58,2502,4,751.85,72.27,1.0
16271,48,60,2548,96,751.81,79.93,1.0
16272,0,60,2500,0,751.81,69.41,1.0
16273,12,49,2512,24,751.8,72.07,1.0
16274,9,55,2509,18,751.76,73.95,1.0
16275,90,60,2590,180,751.75,86.73,1.0
16276,20,56,2520,40,751.72,73.38,1.0
16277,2,37,2502,4,751.65,70.92,1.0
16278,5,47,2505,10,751.64,71.79,1.0
16279,2,38,2502,4,751.63,72.15,1.0
16280,136,60,2636,272,751.62,88.31,1.0
16281,4,42,2504,8,751.61,71.59,1.0
16282,16,60,2516,32,751.53,74.15,1.0
16283,7,51,2507,14,751.5,69.38,1.0
16284,82,5,2582,164,751.48,100.31,1.0
16285,10,43,2510,20,751.44,73.76,1.0
16286,48,59,2548,96,751.41,81.07,1.0
16287,25,56,2525,50,751.39,74.23,1.0
16288,2,40,2502,4,751.31,75.29,1.0
16289,2,44,2502,4,751.28,71.01,1.0
16290,74,59,2574,148,751.28,84.68,1.0
16291,2,57,2502,4,751.27,73.12,1.0
16292,34,59,2534,68,751.23,74.33,1.0
16293,59,60,2559,118,751.19,83.38,1.0
16294,49,57,2549,98,751.16,78.1,1.0
16295,19,51,2519,38,751.14,73.54,1.0
16296,0,52,2500,0,751.11,71.23,1.0
16297,5,39,2505,10,751.07,69.46,1.0
16298,10,37,2510,20,751.06,70.31,1.0
16299,83,5,2583,166,751.06,96.8,1.0
16300,174,6,2674,348,751.03,123.51,1.0
16301,4,58,2504,8,751.02,71.69,1.0
16302,263,7,2763,526,751.01,140.49,1.0
16303,37,60,2537,74,750.96,79.03,1.0
16304,12,35,2512,24,750.95,67.22,1.0
16305,8,42,2508,16,750.92,72.06,1.0
16306,17,60,2517,34,750.89,71.82,1.0
16307,4,60,2504,8,750.84,73.19,1.0
16308,80,60,2580,160,750.83,82.31,1.0
16309,49,59,2549,98,750.82,81.25,1.0
16310,0,43,2500,0,750.78,71.84,1.0
16311,18,60,2518,36,750.77,73.23,1.0
16312,4,52,2504,8,750.75,71.94,1.0
16313,7,58,2507,14,750.74,71.6,1.0
16314,20,59,2520,40,750.69,77.06,1.0
16315,46,57,2546,92,750.65,76.07,1.0
16316,13,55,2513,26,750.64,75.22,1.0
16317,10,59,2510,20,750.62,72.51,1.0
16318,7,59,2507,14,750.57,71.93,1.0
16319,35,58,2535,70,750.52,74.45,1.0
16320,2,53,2502,4,750.52,71.74,1.0
16321,13,57,2513,26,750.48,72.98,1.0
16322,12,59,2512,24,750.46,73.2,1.0
16323,151,6,2651,302,750.44,115.17,1.0
16324,13,50,2513,26,750.4,71.95,1.0
16325,88,5,2588,176,750.4,103.48,1.0
16326,76,59,2576,152,750.4,81.58,1.0
16327,7,60,2507,14,750.37,73.41,1.0
16328,0,45,2500,0,750.36,72.19,1.0
16329,39,56,2539,78,750.35,76.51,1.0
16330,89,5,2589,178,750.33,101.31,1.0
16331,2,52,2502,4,750.32,72.91,1.0
16332,0,31,2500,0,750.31,70.09,1.0
16333,139,6,2639,278,750.31,113.21,1.0
16334,16,59,2516,32,750.3,72.3,1.0
16335,48,58,2548,96,750.28,80.7,1.0
16336,0,40,2500,0,750.27,70.9,1.0
16337,37,59,2537,74,750.26,75.75,1.0
16338,4,54,2504,8,750.25,69.87,1.0
16339,199,6,2699,398,750.25,128.14,1.0
16340,72,60,2572,144,750.22,87.72,1.0
16341,13,48,2513,26,750.19,73.49,1.0
16342,2,46,2502,4,750.17,70.19,1.0
16343,2,51,2502,4,750.1,71.19,1.0
16344,15,60,2515,30,750.06,73.47,1.0
16345,13,60,2513,26,750.01,73.75,1.0
16346,17,59,2517,34,749.92,73.79,1.0
16347,34,57,2534,68,749.9,73.75,1.0
16348,17,54,2517,34,749.76,74.29,1.0
16349,57,60,2557,114,749.75,83.36,1.0
16350,143,6,2643,286,749.74,114.51,1.0
16351,2,41,2502,4,749.69,70.89,1.0
16352,0,47,2500,0,749.65,71.12,1.0
16353,8,41,2508,16,749.63,67.89,1.0
16354,10,55,2510,20,749.6,69.57,1.0
16355,13,54,2513,26,749.59,70.55,1.0
16356,4,33,2504,8,749.58,69.67,1.0
16357,19,52,2519,38,749.58,72.51,1.0
16358,210,6,2710,420,749.5,131.69,1.0
16359,13,51,2513,26,749.47,72.26,1.0
16360,35,59,2535,70,749.44,78.39,1.0
16361,39,59,2539,78,749.42,74.35,1.0
16362,0,30,2500,0,749.39,69.99,1.0
16363,0,50,2500,0,749.39,70.72,1.0
16364,281,7,2781,562,749.39,143.94,1.0
16365,159,6,2659,318,749.37,114.09,1.0
16366,197,6,2697,394,749.37,123.97,1.0
16367,46,60,2546,92,749.36,81.93,1.0
16368,0,59,2500,0,749.35,72.73,1.0
16369,2,55,2502,4,749.23,72.12,1.0
16370,18,58,2518,36,749.18,71.01,1.0
16371,5,31,2505,10,749.15,73.31,1.0
16372,34,60,2534,68,749.1,75.33,1.0
16373,156,6,2656,312,749.09,116.47,1.0
16374,13,53,2513,26,749.03,77.68,1.0
16375,35,60,2535,70,749.01,77.0,1.0
16376,25,60,2525,50,748.97,75.9,1.0
16377,219,6,2719,438,748.93,125.8,1.0
16378,0,56,2500,0,748.9,72.85,1.0
16379,19,54,2519,38,748.89,73.43,1.0
16380,78,5,2578,156,748.88,101.94,1.0
16381,0,41,2500,0,748.81,69.76,1.0
16382,10,58,2510,20,748.8,74.56,1.0
16383,25,57,2525,50,748.76,75.03,1.0
16384,5,36,2505,10,748.76,71.21,1.0
16385,2,30,2502,4,748.73,72.92,1.0
16386,173,6,2673,346,748.73,119.64,1.0
16387,40,58,2540,80,748.67,76.87,1.0
16388,4,55,2504,8,748.65,73.18,1.0
16389,5,32,2505,10,748.62,70.35,1.0
16390,5,44,2505,10,748.57,73.77,1.0
16391,94,5,2594,188,748.54,104.89,1.0
16392,0,44,2500,0,748.53,68.33,1.0
16393,5,35,2505,10,748.52,71.36,1.0
16394,39,57,2539,78,748.5,73.4,1.0
16395,5,50,2505,10,748.49,70.93,1.0
16396,5,37,2505,10,748.4,72.27,1.0
16397,74,60,2574,148,748.39,84.11,1.0
16398,8,40,2508,16,748.36,69.27,1.0
16399,19,59,2519,38,748.34,77.89,1.0
16400,4,56,2504,8,748.29,70.88,1.0
16401,92,59,2592,184,748.2,85.26,1.0
16402,0,51,2500,0,748.16,71.18,1.0
16403,20,58,2520,40,748.07,75.46,1.0
16404,19,55,2519,38,748.06,75.19,1.0
16405,0,33,2500,0,747.91,69.65,1.0
16406,19,53,2519,38,747.88,75.06,1.0
16407,278,7,2778,556,747.82,137.17,1.0
16408,0,34,2500,0,747.81,70.39,1.0
16409,77,60,2577,154,747.76,80.81,1.0
16410,2,49,2502,4,747.71,71.47,1.0
16411,271,7,2771,542,747.7,142.99,1.0
16412,8,31,2508,16,747.66,72.39,1.0
16413,209,6,2709,418,747.62,127.22,1.0
16414,12,60,2512,24,747.61,73.49,1.0
16415,5,45,2505,10,747.55,70.4,1.0
16416,275,7,2775,550,747.54,140.92,1.0
16417,92,60,2592,184,747.51,89.25,1.0
16418,0,46,2500,0,747.5,71.16,1.0
16419,297,7,2797,594,747.5,139.55,1.0
16420,8,35,2508,16,747.45,71.1,1.0
16421,5,42,2505,10,747.34,69.83,1.0
16422,108,5,2608,216,747.33,103.89,1.0
16423,18,59,2518,36,747.25,72.8,1.0
16424,8,43,2508,16,747.22,70.06,1.0
16425,12,54,2512,24,747.19,70.95,1.0
16426,178,6,2678,356,747.17,120.54,1.0
16427,0,32,2500,0,747.11,68.59,1.0
16428,8,45,2508,16,747.09,72.29,1.0
16429,40,60,2540,80,747.07,77.51,1.0
16430,166,6,2666,332,747.07,122.82,1.0
16431,98,60,2598,196,747.04,85.27,1.0
16432,49,60,2549,98,747.03,84.09,1.0
16433,0,57,2500,0,746.96,70.39,1.0
16434,282,7,2782,564,746.95,141.05,1.0
16435,80,5,2580,160,746.93,101.94,1.0
16436,5,40,2505,10,746.91,71.34,1.0
16437,5,41,2505,10,746.91,70.63,1.0
16438,5,55,2505,10,746.86,72.96,1.0
16439,242,7,2742,484,746.86,132.75,1.0
16440,8,44,2508,16,746.83,72.08,1.0
16441,8,37,2508,16,746.82,68.92,1.0
16442,12,56,2512,24,746.82,71.98,1.0
16443,13,56,2513,26,746.78,75.94,1.0
16444,8,46,2508,16,746.56,70.4,1.0
16445,8,38,2508,16,746.49,71.08,1.0
16446,0,49,2500,0,746.48,70.56,1.0
16447,13,58,2513,26,746.44,73.29,1.0
16448,19,57,2519,38,746.42,71.07,1.0
16449,8,48,2508,16,746.4,70.11,1.0
16450,7,57,2507,14,746.39,69.8,1.0
16451,5,46,2505,10,746.38,71.65,1.0
16452,0,54,2500,0,746.36,72.48,1.0
16453,8,55,2508,16,746.33,71.56,1.0
16454,8,32,2508,16,746.3,75.82,1.0
16455,0,37,2500,0,746.21,70.27,1.0
16456,105,5,2605,210,746.19,102.41,1.0
16457,19,56,2519,38,746.16,73.57,1.0
16458,79,5,2579,158,746.13,95.12,1.0
16459,0,35,2500,0,746.1,73.07,1.0
16460,5,30,2505,10,746.05,71.68,1.0
16461,0,55,2500,0,745.83,70.6,1.0
16462,176,6,2676,352,745.71,124.44,1.0
16463,126,5,2626,252,745.59,111.76,1.0
16464,13,52,2513,26,745.27,69.96,1.0
16465,25,59,2525,50,745.23,71.36,1.0
16466,5,52,2505,10,745.21,71.49,1.0
16467,19,58,2519,38,745.19,76.82,1.0
16468,5,33,2505,10,745.03,68.11,1.0
16469,5,51,2505,10,745.02,73.69,1.0
16470,8,36,2508,16,744.96,71.37,1.0
16471,206,6,2706,412,744.91,130.7,1.0
16472,5,38,2505,10,744.89,71.49,1.0
16473,5,56,2505,10,744.87,70.41,1.0
16474,5,57,2505,10,744.81,72.33,1.0
16475,8,33,2508,16,744.74,72.57,1.0
16476,292,7,2792,584,744.74,150.94,1.0
16477,12,57,2512,24,744.72,73.55,1.0
16478,10,60,2510,20,744.57,70.36,1.0
16479,8,57,2508,16,744.54,70.28,1.0
16480,270,7,2770,540,744.45,142.44,1.0
16481,8,49,2508,16,744.43,73.44,1.0
16482,5,53,2505,10,744.4,73.31,1.0
16483,8,50,2508,16,744.26,70.68,1.0
16484,5,48,2505,10,744.18,72.31,1.0
16485,276,7,2776,552,744.17,140.51,1.0
16486,8,54,2508,16,744.08,70.98,1.0
16487,5,49,2505,10,744.06,70.24,1.0
16488,87,5,2587,174,744.01,102.51,1.0
16489,5,54,2505,10,743.95,69.7,1.0
16490,8,34,2508,16,743.8,71.23,1.0
16491,85,5,2585,170,743.74,97.23,1.0
16492,76,5,2576,152,743.63,97.41,1.0
16493,264,7,2764,528,743.62,142.75,1.0
16494,175,6,2675,350,743.55,117.94,1.0
16495,180,6,2680,360,743.54,122.03,1.0
16496,205,6,2705,410,743.32,128.58,1.0
16497,13,59,2513,26,743.29,75.49,1.0
16498,102,5,2602,204,743.22,103.42,1.0
16499,5,43,2505,10,743.18,71.95,1.0
16500,268,7,2768,536,743.07,133.74,1.0
16501,19,60,2519,38,742.98,75.73,1.0
16502,8,30,2508,16,742.96,71.54,1.0
16503,39,58,2539,78,742.94,74.98,1.0
16504,99,5,2599,198,742.89,101.94,1.0
16505,84,5,2584,168,742.68,100.84,1.0
16506,185,6,2685,370,742.59,124.41,1.0
16507,97,5,2597,194,742.58,101.6,1.0
16508,293,7,2793,586,742.56,140.08,1.0
16509,8,47,2508,16,742.39,71.51,1.0
16510,8,59,2508,16,742.28,72.2,1.0
16511,77,5,2577,154,742.28,97.32,1.0
16512,95,5,2595,190,742.15,99.5,1.0
16513,181,6,2681,362,742.0,121.73,1.0
16514,96,5,2596,192,741.81,101.06,1.0
16515,8,53,2508,16,741.67,70.97,1.0
16516,39,60,2539,78,741.61,79.05,1.0
16517,273,7,2773,546,741.43,139.76,1.0
16518,8,51,2508,16,741.36,69.32,1.0
16519,5,59,2505,10,741.36,74.52,1.0
16520,187,6,2687,374,741.07,125.8,1.0
16521,182,6,2682,364,740.95,127.48,1.0
16522,8,39,2508,16,740.9,74.78,1.0
16523,8,56,2508,16,740.58,70.73,1.0
16524,238,6,2738,476,740.43,132.46,1.0
16525,300,7,2800,600,740.38,140.67,1.0
16526,5,60,2505,10,740.22,72.34,1.0
16527,8,60,2508,16,740.11,71.14,1.0
16528,280,7,2780,560,740.04,137.25,1.0
16529,194,6,2694,388,740.02,119.32,1.0
16530,299,7,2799,598,740.02,147.22,1.0
16531,164,6,2664,328,739.93,122.27,1.0
16532,285,7,2785,570,739.82,136.36,1.0
16533,246,7,2746,492,739.81,133.87,1.0
16534,244,7,2744,488,739.78,135.41,1.0
16535,287,7,2787,574,739.73,141.34,1.0
16536,74,5,2574,148,739.64,94.29,1.0
16537,179,6,2679,358,739.55,118.47,1.0
16538,291,7,2791,582,739.33,146.01,1.0
16539,269,7,2769,538,739.09,133.75,1.0
16540,252,7,2752,504,739.0,138.13,1.0
16541,8,52,2508,16,738.98,71.09,1.0
16542,283,7,2783,566,738.93,136.79,1.0
16543,111,5,2611,222,738.63,106.36,1.0
16544,294,7,2794,588,738.46,141.19,1.0
16545,8,58,2508,16,738.34,72.38,1.0
16546,114,5,2614,228,738.34,108.42,1.0
16547,104,5,2604,208,738.28,104.45,1.0
16548,101,5,2601,202,738.26,109.25,1.0
16549,171,6,2671,342,738.09,119.44,1.0
16550,133,5,2633,266,738.0,113.38,1.0
16551,216,6,2716,432,737.81,130.04,1.0
16552,195,6,2695,390,737.76,126.53,1.0
16553,5,58,2505,10,737.6,70.31,1.0
16554,127,5,2627,254,737.45,108.34,1.0
16555,188,6,2688,376,737.17,120.73,1.0
16556,90,5,2590,180,736.66,102.77,1.0
16557,193,6,2693,386,735.96,133.52,1.0
16558,191,6,2691,382,735.86,122.19,1.0
16559,200,6,2700,400,735.57,128.5,1.0
16560,201,6,2701,402,735.37,132.88,1.0
16561,274,7,2774,548,735.32,140.45,1.0
16562,213,6,2713,426,735.15,129.7,1.0
16563,204,6,2704,408,735.08,120.74,1.0
16564,98,5,2598,196,735.06,103.78,1.0
16565,107,5,2607,214,735.05,105.37,1.0
16566,279,7,2779,558,734.88,132.17,1.0
16567,119,5,2619,238,734.6,109.54,1.0
16568,129,5,2629,258,734.34,111.38,1.0
16569,290,7,2790,580,734.27,141.99,1.0
16570,113,5,2613,226,734.22,109.41,1.0
16571,112,5,2612,224,733.65,104.63,1.0
16572,258,7,2758,516,733.55,136.62,1.0
16573,115,5,2615,230,733.25,105.98,1.0
16574,288,7,2788,576,733.09,144.02,1.0
16575,92,5,2592,184,732.73,102.92,1.0
16576,208,6,2708,416,732.68,131.58,1.0
16577,137,5,2637,274,732.59,112.91,1.0
16578,286,7,2786,572,732.08,145.03,1.0
16579,123,5,2623,246,732.02,106.85,1.0
16580,239,6,2739,478,731.99,136.7,1.0
16581,240,6,2740,480,731.76,129.33,1.0
16582,149,5,2649,298,731.56,110.63,1.0
16583,202,6,2702,404,731.56,124.76,1.0
16584,215,6,2715,430,731.5,132.58,1.0
16585,227,6,2727,454,731.23,138.09,1.0
16586,189,6,2689,378,731.17,130.92,1.0
16587,231,6,2731,462,731.01,128.46,1.0
16588,211,6,2711,422,730.94,126.13,1.0
16589,207,6,2707,414,730.86,128.63,1.0
16590,203,6,2703,406,730.79,126.11,1.0
16591,109,5,2609,218,730.0,105.71,1.0
16592,125,5,2625,250,729.98,109.99,1.0
16593,235,6,2735,470,729.35,133.19,1.0
16594,120,5,2620,240,729.12,110.84,1.0
16595,247,6,2747,494,729.03,133.37,1.0
16596,192,6,2692,384,729.0,128.98,1.0
16597,226,6,2726,452,728.72,128.05,1.0
16598,122,5,2622,244,728.56,108.2,1.0
16599,225,6,2725,450,728.52,130.78,1.0
16600,196,6,2696,392,727.1,128.05,1.0
16601,130,5,2630,260,727.01,111.49,1.0
16602,110,5,2610,220,726.67,104.51,1.0
16603,118,5,2618,236,726.44,108.76,1.0
16604,298,7,2798,596,726.4,146.83,1.0
16605,248,6,2748,496,726.2,144.63,1.0
16606,146,5,2646,292,725.83,112.04,1.0
16607,218,6,2718,436,725.76,132.87,1.0
16608,223,6,2723,446,725.63,133.09,1.0
16609,134,5,2634,268,725.46,111.24,1.0
16610,144,5,2644,288,725.29,113.56,1.0
16611,198,6,2698,396,725.17,129.19,1.0
16612,255,6,2755,510,725.04,141.24,1.0
16613,212,6,2712,424,724.99,130.7,1.0
16614,138,5,2638,276,724.93,108.6,1.0
16615,296,7,2796,592,724.83,143.53,1.0
16616,116,5,2616,232,724.78,104.18,1.0
16617,132,5,2632,264,724.42,113.74,1.0
16618,284,6,2784,568,724.39,148.34,1.0
16619,190,6,2690,380,724.36,122.94,1.0
16620,229,6,2729,458,724.21,132.33,1.0
16621,124,5,2624,248,724.0,111.32,1.0
16622,145,5,2645,290,722.37,108.8,1.0
16623,117,5,2617,234,722.03,110.41,1.0
16624,106,5,2606,212,721.96,104.3,1.0
16625,221,6,2721,442,721.44,130.84,1.0
16626,142,5,2642,284,721.23,116.1,1.0
16627,267,7,2767,534,721.06,144.75,1.0
16628,131,5,2631,262,720.73,112.19,1.0
16629,121,5,2621,242,720.28,112.1,1.0
16630,234,6,2734,468,720.05,137.5,1.0
16631,265,6,2765,530,719.75,137.57,1.0
16632,266,6,2766,532,719.75,145.44,1.0
16633,168,5,2668,336,718.91,118.13,1.0
16634,241,6,2741,482,718.53,133.44,1.0
16635,184,5,2684,368,718.17,113.87,1.0
16636,217,6,2717,434,718.1,132.28,1.0
16637,237,6,2737,474,717.85,136.9,1.0
16638,140,5,2640,280,717.68,114.49,1.0
16639,222,6,2722,444,717.45,135.41,1.0
16640,232,6,2732,464,717.38,134.44,1.0
16641,141,5,2641,282,717.29,111.11,1.0
16642,162,5,2662,324,717.27,113.55,1.0
16643,254,6,2754,508,716.88,137.59,1.0
16644,250,6,2750,500,716.58,134.6,1.0
16645,262,6,2762,524,716.08,139.53,1.0
16646,220,6,2720,440,716.07,127.94,1.0
16647,165,5,2665,330,715.64,125.59,1.0
16648,236,6,2736,472,715.33,139.39,1.0
16649,154,5,2654,308,715.12,116.4,1.0
16650,177,5,2677,354,715.12,117.97,1.0
16651,243,6,2743,486,714.84,137.6,1.0
16652,135,5,2635,270,714.69,116.81,1.0
16653,224,6,2724,448,714.45,126.14,1.0
16654,253,6,2753,506,714.43,136.38,1.0
16655,136,5,2636,272,714.0,114.88,1.0
16656,153,5,2653,306,713.82,120.35,1.0
16657,256,6,2756,512,713.49,141.89,1.0
16658,263,6,2763,526,713.42,137.02,1.0
16659,143,5,2643,286,713.37,115.78,1.0
16660,186,5,2686,372,713.27,124.74,1.0
16661,233,6,2733,466,712.89,127.45,1.0
16662,155,5,2655,310,712.77,120.81,1.0
16663,152,5,2652,304,712.75,115.43,1.0
16664,251,6,2751,502,712.63,137.58,1.0
16665,150,5,2650,300,712.52,114.84,1.0
16666,139,5,2639,278,712.21,112.47,1.0
16667,128,5,2628,256,711.8,110.37,1.0
16668,148,5,2648,296,710.9,113.73,1.0
16669,167,5,2667,334,710.89,121.01,1.0
16670,156,5,2656,312,710.7,114.39,1.0
16671,157,5,2657,314,710.69,112.3,1.0
16672,147,5,2647,294,709.32,119.46,1.0
16673,228,6,2728,456,708.7,130.62,1.0
16674,260,6,2760,520,708.7,139.01,1.0
16675,249,6,2749,498,708.49,137.8,1.0
16676,169,5,2669,338,708.25,117.8,1.0
16677,259,6,2759,518,707.39,145.46,1.0
16678,257,6,2757,514,706.97,144.29,1.0
16679,214,6,2714,428,706.71,128.77,1.0
16680,179,5,2679,358,706.6,123.65,1.0
16681,175,5,2675,350,706.51,119.68,1.0
16682,163,5,2663,326,705.83,122.86,1.0
16683,183,5,2683,366,705.43,121.09,1.0
16684,277,6,2777,554,705.35,143.18,1.0
16685,268,6,2768,536,704.49,139.16,1.0
16686,159,5,2659,318,704.37,116.67,1.0
16687,151,5,2651,302,704.28,116.76,1.0
16688,170,5,2670,340,704.21,128.3,1.0
16689,161,5,2661,322,704.01,121.7,1.0
16690,230,6,2730,460,703.93,128.96,1.0
16691,158,5,2658,316,703.84,116.67,1.0
16692,292,6,2792,584,703.67,147.5,1.0
16693,185,5,2685,370,703.52,129.27,1.0
16694,274,6,2774,548,703.22,139.13,1.0
16695,173,5,2673,346,703.1,122.45,1.0
16696,286,6,2786,572,702.87,142.41,1.0
16697,272,6,2772,544,702.61,138.34,1.0
16698,242,6,2742,484,702.53,135.49,1.0
16699,174,5,2674,348,701.58,126.57,1.0
16700,182,5,2682,364,701.45,125.18,1.0
16701,261,6,2761,522,701.4,137.95,1.0
16702,282,6,2782,564,699.7,137.76,1.0
16703,189,5,2689,378,699.63,124.73,1.0
16704,210,5,2710,420,699.5,128.61,1.0
16705,271,6,2771,542,699.25,143.34,1.0
16706,209,5,2709,418,699.17,123.01,1.0
16707,172,5,2672,344,698.95,119.75,1.0
16708,278,6,2778,556,698.75,140.28,1.0
16709,160,5,2660,320,698.69,122.04,1.0
16710,270,6,2770,540,698.68,143.53,1.0
16711,299,6,2799,598,698.62,147.12,1.0
16712,213,5,2713,426,698.39,130.75,1.0
16713,166,5,2666,332,698.17,121.57,1.0
16714,275,6,2775,550,698.07,144.24,1.0
16715,289,6,2789,578,697.93,142.79,1.0
16716,287,6,2787,574,697.6,143.59,1.0
16717,294,6,2794,588,697.54,141.43,1.0
16718,285,6,2785,570,697.53,138.08,0.999
16719,273,6,2773,546,697.16,136.92,1.0
16720,197,5,2697,394,696.87,121.67,1.0
16721,205,5,2705,410,696.66,129.5,1.0
16722,219,5,2719,438,696.12,130.92,1.0
16723,290,6,2790,580,696.1,141.29,1.0
16724,176,5,2676,352,695.6,121.24,1.0
16725,295,6,2795,590,695.41,146.46,1.0
16726,281,6,2781,562,695.37,141.91,1.0
16727,199,5,2699,398,695.24,131.65,1.0
16728,297,6,2797,594,695.0,153.14,1.0
16729,180,5,2680,360,694.77,119.95,1.0
16730,283,6,2783,566,694.74,140.22,1.0
16731,181,5,2681,362,694.39,123.11,1.0
16732,252,6,2752,504,694.37,136.43,1.0
16733,194,5,2694,388,693.54,129.56,1.0
16734,246,6,2746,492,692.49,137.61,1.0
16735,198,5,2698,396,692.41,123.98,1.0
16736,244,6,2744,488,691.59,136.5,1.0
16737,245,5,2745,490,691.11,129.78,1.0
16738,216,5,2716,432,690.52,133.5,1.0
16739,300,6,2800,600,690.47,144.22,1.0
16740,238,5,2738,476,690.0,137.15,1.0
16741,193,5,2693,386,689.56,127.91,1.0
16742,206,5,2706,412,689.16,130.3,1.0
16743,187,5,2687,374,689.09,127.81,1.0
16744,208,5,2708,416,689.0,128.57,1.0
16745,258,6,2758,516,688.9,137.59,1.0
16746,293,6,2793,586,688.72,141.1,1.0
16747,291,6,2791,582,688.54,146.67,1.0
16748,196,5,2696,392,688.38,127.78,1.0
16749,269,6,2769,538,688.15,143.94,1.0
16750,276,6,2776,552,687.89,141.95,1.0
16751,226,5,2726,452,687.31,129.16,1.0
16752,229,5,2729,458,686.77,131.82,1.0
16753,201,5,2701,402,686.67,127.25,1.0
16754,191,5,2691,382,686.4,121.83,1.0
16755,188,5,2688,376,686.2,120.12,1.0
16756,279,6,2779,558,685.96,134.93,1.0
16757,195,5,2695,390,685.88,128.31,1.0
16758,212,5,2712,424,684.79,130.75,1.0
16759,288,6,2788,576,684.55,145.59,1.0
16760,202,5,2702,404,684.54,131.47,1.0
16761,264,6,2764,528,684.25,138.4,1.0
16762,215,5,2715,430,683.87,127.91,1.0
16763,280,6,2780,560,683.71,147.06,1.0
16764,171,5,2671,342,683.56,121.78,1.0
16765,164,5,2664,328,683.21,125.48,1.0
16766,227,5,2727,454,682.38,135.29,1.0
16767,240,5,2740,480,680.69,132.55,1.0
16768,200,5,2700,400,679.8,126.81,1.0
16769,178,5,2678,356,679.1,129.57,1.0
16770,228,5,2728,456,678.92,133.37,1.0
16771,190,5,2690,380,678.07,128.19,1.0
16772,204,5,2704,408,678.03,126.73,1.0
16773,267,6,2767,534,677.98,144.24,1.0
16774,235,5,2735,470,677.92,139.54,1.0
16775,218,5,2718,436,677.52,127.59,1.0
16776,255,5,2755,510,677.42,137.01,1.0
16777,239,5,2739,478,677.35,131.78,1.0
16778,192,5,2692,384,677.09,134.74,1.0
16779,296,6,2796,592,677.07,146.29,1.0
16780,221,5,2721,442,676.88,129.92,1.0
16781,298,6,2798,596,676.42,147.61,1.0
16782,211,5,2711,422,676.03,130.82,1.0
16783,251,5,2751,502,675.44,134.39,1.0
16784,232,5,2732,464,675.16,131.35,1.0
16785,207,5,2707,414,674.42,128.14,1.0
16786,230,5,2730,460,672.74,129.45,1.0
16787,231,5,2731,462,672.25,131.67,1.0
16788,223,5,2723,446,671.33,138.36,0.999
16789,247,5,2747,494,670.66,133.06,1.0
16790,249,5,2749,498,670.6,136.45,1.0
16791,234,5,2734,468,670.08,137.29,1.0
16792,222,5,2722,444,670.01,128.26,1.0
16793,225,5,2725,450,669.79,134.07,1.0
16794,248,5,2748,496,669.67,140.83,1.0
16795,236,5,2736,472,669.47,136.87,1.0
16796,224,5,2724,448,669.39,130.53,1.0
16797,217,5,2717,434,669.04,136.49,1.0
16798,237,5,2737,474,668.85,138.22,1.0
16799,220,5,2720,440,668.77,127.04,1.0
16800,250,5,2750,500,667.71,139.58,1.0
16801,233,5,2733,466,667.11,137.83,1.0
16802,260,5,2760,520,666.75,134.05,1.0
16803,203,5,2703,406,666.68,133.82,1.0
16804,262,5,2762,524,665.67,136.79,1.0
16805,265,5,2765,530,665.43,144.94,1.0
16806,284,5,2784,568,664.73,145.21,1.0
16807,254,5,2754,508,664.26,134.69,1.0
16808,263,5,2763,526,664.16,136.25,1.0
16809,256,5,2756,512,663.59,138.88,1.0
16810,253,5,2753,506,663.5,146.44,1.0
16811,261,5,2761,522,663.46,134.41,1.0
16812,242,5,2742,484,662.68,131.34,1.0
16813,257,5,2757,514,661.54,139.04,1.0
16814,275,5,2775,550,660.87,145.68,1.0
16815,273,5,2773,546,659.54,142.05,1.0
16816,214,5,2714,428,659.0,133.0,1.0
16817,243,5,2743,486,658.13,142.56,1.0
16818,289,5,2789,578,657.9,147.16,1.0
16819,266,5,2766,532,657.67,142.27,1.0
16820,271,5,2771,542,656.36,139.22,1.0
16821,295,5,2795,590,654.04,144.05,1.0
16822,268,5,2768,536,651.74,143.17,1.0
16823,270,5,2770,540,651.12,144.87,1.0
16824,244,5,2744,488,650.53,141.86,1.0
16825,293,5,2793,586,650.41,146.88,1.0
16826,297,5,2797,594,650.11,145.16,1.0
16827,241,5,2741,482,649.94,138.94,1.0
16828,287,5,2787,574,649.62,144.73,1.0
16829,272,5,2772,544,649.32,150.1,1.0
16830,276,5,2776,552,649.18,144.94,1.0
16831,246,5,2746,492,648.61,136.56,1.0
16832,259,5,2759,518,647.05,139.83,1.0
16833,277,5,2777,554,646.48,141.33,1.0
16834,264,5,2764,528,645.32,139.6,1.0
16835,252,5,2752,504,644.87,141.88,1.0
16836,278,5,2778,556,644.32,140.54,1.0
16837,292,5,2792,584,643.47,148.88,1.0
16838,285,5,2785,570,643.18,143.5,1.0
16839,282,5,2782,564,643.1,146.49,1.0
16840,300,5,2800,600,643.06,146.2,1.0
16841,279,5,2779,558,642.9,141.74,1.0
16842,274,5,2774,548,641.96,142.13,1.0
16843,258,5,2758,516,641.24,138.07,1.0
16844,294,5,2794,588,641.2,141.48,1.0
16845,283,5,2783,566,640.92,139.07,1.0
16846,291,5,2791,582,640.5,147.02,1.0
16847,269,5,2769,538,640.01,145.08,1.0
16848,281,5,2781,562,639.45,143.93,1.0
16849,290,5,2790,580,639.35,141.95,1.0
16850,286,5,2786,572,638.59,145.01,1.0
16851,288,5,2788,576,635.06,143.51,1.0
16852,267,5,2767,534,633.48,143.0,1.0
16853,299,5,2799,598,629.73,144.87,0.999
16854,296,5,2796,592,629.45,143.89,1.0
16855,280,5,2780,560,627.66,136.41,1.0
16856,298,5,2798,596,625.72,144.92,1.0
