rank,x,h,start_apples,thorns,mean_remaining,std_remaining,win_rate
1,296,21,2796,592,1100.1,104.46,1.0
2,247,20,2747,494,1095.44,102.15,1.0
3,296,22,2796,592,1092.64,104.34,1.0
4,211,20,2711,422,1092.11,94.6,1.0
5,158,19,2658,316,1091.58,90.95,1.0
6,296,20,2796,592,1090.94,107.43,1.0
7,158,20,2658,316,1090.45,90.98,1.0
8,211,19,2711,422,1090.35,98.87,1.0
9,296,23,2796,592,1090.0,101.4,1.0
10,247,19,2747,494,1089.04,105.16,1.0
11,247,21,2747,494,1086.9,100.36,1.0
12,247,22,2747,494,1086.69,99.22,1.0
13,253,21,2753,506,1086.66,103.87,1.0
14,255,21,2755,510,1086.46,102.38,1.0
15,281,23,2781,562,1086.23,102.44,1.0
16,211,21,2711,422,1085.56,94.44,1.0
17,255,20,2755,510,1085.46,105.55,1.0
18,298,20,2798,596,1084.53,111.38,1.0
19,253,20,2753,506,1084.19,105.11,1.0
20,255,22,2755,510,1083.98,99.87,1.0
21,241,20,2741,482,1083.97,99.65,1.0
22,275,22,2775,550,1083.67,103.81,1.0
23,286,22,2786,572,1083.33,103.39,1.0
24,298,21,2798,596,1083.24,109.85,1.0
25,255,19,2755,510,1083.05,107.66,1.0
26,298,23,2798,596,1082.67,105.44,1.0
27,286,21,2786,572,1082.67,106.19,1.0
28,274,22,2774,548,1082.51,103.38,1.0
29,158,18,2658,316,1082.12,94.36,1.0
30,247,23,2747,494,1082.08,97.2,1.0
31,205,21,2705,410,1082.03,90.98,1.0
32,212,21,2712,424,1081.79,95.19,1.0
33,275,21,2775,550,1081.7,103.26,1.0
34,158,21,2658,316,1081.67,90.93,1.0
35,158,17,2658,316,1081.48,95.56,1.0
36,211,18,2711,422,1081.4,100.86,1.0
37,296,19,2796,592,1081.38,110.71,1.0
38,288,22,2788,576,1081.03,104.03,1.0
39,212,19,2712,424,1081.02,98.78,1.0
40,280,22,2780,560,1081.0,100.0,1.0
41,211,22,2711,422,1080.87,92.22,1.0
42,257,22,2757,514,1080.64,105.28,1.0
43,298,22,2798,596,1080.52,107.59,1.0
44,275,20,2775,550,1080.4,106.77,1.0
45,288,20,2788,576,1080.37,109.69,1.0
46,212,20,2712,424,1080.29,99.23,1.0
47,281,21,2781,562,1080.28,106.83,1.0
48,296,24,2796,592,1080.14,99.35,1.0
49,215,21,2715,430,1080.02,98.09,1.0
50,286,20,2786,572,1079.85,109.18,1.0
51,281,22,2781,562,1079.61,105.9,1.0
52,221,21,2721,442,1079.47,96.94,1.0
53,274,23,2774,548,1079.37,101.59,1.0
54,288,21,2788,576,1079.31,108.56,1.0
55,254,21,2754,508,1079.2,103.64,1.0
56,255,23,2755,510,1079.02,98.83,1.0
57,205,20,2705,410,1078.91,93.44,1.0
58,241,19,2741,482,1078.84,101.96,1.0
59,170,20,2670,340,1078.65,91.07,1.0
60,288,19,2788,576,1078.44,110.05,1.0
61,254,19,2754,508,1078.4,109.66,1.0
62,257,19,2757,514,1078.12,108.96,1.0
63,182,19,2682,364,1078.1,96.32,1.0
64,254,20,2754,508,1077.98,107.36,1.0
65,280,20,2780,560,1077.98,106.22,1.0
66,215,19,2715,430,1077.9,106.11,1.0
67,245,22,2745,490,1077.84,95.49,1.0
68,283,20,2783,566,1077.78,116.99,1.0
69,255,18,2755,510,1077.51,110.28,1.0
70,205,22,2705,410,1077.5,91.64,1.0
71,205,19,2705,410,1077.4,95.51,1.0
72,283,21,2783,566,1077.14,116.0,1.0
73,275,23,2775,550,1077.05,100.45,1.0
74,257,20,2757,514,1076.98,109.98,1.0
75,182,20,2682,364,1076.84,94.45,1.0
76,144,19,2644,288,1076.82,90.99,1.0
77,94,18,2594,188,1076.77,83.72,1.0
78,215,22,2715,430,1076.71,96.75,1.0
79,283,22,2783,566,1076.68,112.61,1.0
80,286,23,2786,572,1076.61,102.72,1.0
81,241,21,2741,482,1076.6,100.19,1.0
82,173,20,2673,346,1076.49,87.76,1.0
83,245,20,2745,490,1076.42,99.24,1.0
84,280,19,2780,560,1076.12,109.39,1.0
85,245,21,2745,490,1076.01,97.36,1.0
86,144,18,2644,288,1076.0,93.11,1.0
87,288,23,2788,576,1075.96,101.18,1.0
88,221,20,2721,442,1075.87,99.23,1.0
89,257,18,2757,514,1075.75,114.08,1.0
90,257,21,2757,514,1075.75,107.27,1.0
91,253,22,2753,506,1075.74,102.03,1.0
92,280,23,2780,560,1075.71,98.13,1.0
93,151,20,2651,302,1075.69,86.1,1.0
94,240,21,2740,480,1075.63,104.86,1.0
95,281,24,2781,562,1075.61,98.58,1.0
96,288,24,2788,576,1075.6,98.09,1.0
97,254,22,2754,508,1075.49,103.97,1.0
98,280,21,2780,560,1075.47,102.75,1.0
99,264,20,2764,528,1075.27,107.84,1.0
100,94,19,2594,188,1075.23,81.06,1.0
101,253,19,2753,506,1075.13,111.71,1.0
102,299,21,2799,598,1075.13,107.75,1.0
103,124,19,2624,248,1075.12,85.77,1.0
104,225,21,2725,450,1075.08,93.97,1.0
105,256,20,2756,512,1075.04,106.15,1.0
106,247,18,2747,494,1074.95,110.34,1.0
107,269,22,2769,538,1074.94,103.5,1.0
108,249,21,2749,498,1074.84,100.97,1.0
109,225,20,2725,450,1074.79,98.47,1.0
110,274,21,2774,548,1074.79,106.73,1.0
111,269,20,2769,538,1074.75,108.21,1.0
112,274,19,2774,548,1074.75,109.79,1.0
113,241,18,2741,482,1074.62,106.7,1.0
114,275,24,2775,550,1074.59,97.52,1.0
115,254,18,2754,508,1074.41,111.65,1.0
116,240,20,2740,480,1074.33,109.11,1.0
117,229,21,2729,458,1074.32,100.49,1.0
118,274,20,2774,548,1074.25,106.09,1.0
119,129,18,2629,258,1074.01,86.35,1.0
120,182,21,2682,364,1073.97,91.65,1.0
121,170,19,2670,340,1073.95,95.45,1.0
122,296,25,2796,592,1073.91,95.63,1.0
123,256,19,2756,512,1073.72,108.02,1.0
124,221,19,2721,442,1073.7,101.35,1.0
125,256,21,2756,512,1073.62,105.25,1.0
126,170,21,2670,340,1073.58,89.65,1.0
127,299,22,2799,598,1073.56,105.46,1.0
128,219,19,2719,438,1073.53,102.08,1.0
129,257,23,2757,514,1073.53,103.06,1.0
130,215,20,2715,430,1073.32,103.07,1.0
131,258,21,2758,516,1073.3,103.27,1.0
132,275,19,2775,550,1073.22,109.09,1.0
133,293,22,2793,586,1073.12,101.39,1.0
134,124,18,2624,248,1073.11,88.66,1.0
135,213,21,2713,426,1073.03,95.75,1.0
136,281,20,2781,562,1073.01,110.19,1.0
137,104,19,2604,208,1072.94,79.69,1.0
138,283,23,2783,566,1072.94,107.47,1.0
139,158,22,2658,316,1072.86,87.95,1.0
140,293,21,2793,586,1072.86,105.2,1.0
141,274,24,2774,548,1072.81,100.74,1.0
142,291,22,2791,582,1072.76,108.11,1.0
143,144,20,2644,288,1072.74,87.54,1.0
144,133,19,2633,266,1072.63,85.69,1.0
145,298,19,2798,596,1072.56,117.26,1.0
146,126,19,2626,252,1072.52,80.84,1.0
147,277,21,2777,554,1072.51,107.05,1.0
148,283,19,2783,566,1072.47,117.48,1.0
149,277,22,2777,554,1072.39,104.34,1.0
150,212,22,2712,424,1072.35,93.68,1.0
151,221,22,2721,442,1072.3,95.29,1.0
152,266,22,2766,532,1072.24,104.99,1.0
153,229,20,2729,458,1072.16,102.69,1.0
154,256,22,2756,512,1072.13,101.79,1.0
155,256,18,2756,512,1071.94,108.96,1.0
156,293,23,2793,586,1071.9,98.6,1.0
157,286,19,2786,572,1071.86,115.4,1.0
158,187,18,2687,374,1071.79,103.35,1.0
159,142,19,2642,284,1071.78,86.98,1.0
160,104,18,2604,208,1071.77,83.05,1.0
161,291,20,2791,582,1071.75,110.82,1.0
162,213,20,2713,426,1071.52,98.37,1.0
163,295,21,2795,590,1071.48,112.97,1.0
164,124,20,2624,248,1071.47,83.94,1.0
165,145,17,2645,290,1071.3,95.81,1.0
166,187,19,2687,374,1071.24,99.53,1.0
167,202,19,2702,404,1071.15,97.91,1.0
168,205,18,2705,410,1071.11,96.2,1.0
169,273,20,2773,546,1071.08,110.16,1.0
170,94,17,2594,188,1071.07,85.89,1.0
171,271,22,2771,542,1070.99,106.6,1.0
172,286,24,2786,572,1070.97,101.2,1.0
173,173,19,2673,346,1070.93,91.03,1.0
174,211,17,2711,422,1070.87,103.85,1.0
175,126,18,2626,252,1070.8,84.23,1.0
176,298,24,2798,596,1070.78,104.79,1.0
177,218,21,2718,436,1070.63,95.58,1.0
178,187,20,2687,374,1070.62,96.77,1.0
179,279,20,2779,558,1070.61,109.97,1.0
180,205,23,2705,410,1070.59,87.53,1.0
181,264,19,2764,528,1070.56,110.9,1.0
182,277,23,2777,554,1070.56,102.48,1.0
183,247,24,2747,494,1070.49,95.41,1.0
184,170,22,2670,340,1070.47,89.55,1.0
185,209,20,2709,418,1070.43,97.17,1.0
186,263,23,2763,526,1070.38,106.26,1.0
187,241,22,2741,482,1070.28,97.66,1.0
188,293,20,2793,586,1070.25,109.89,1.0
189,294,19,2794,588,1070.09,116.18,1.0
190,225,19,2725,450,1070.03,98.79,1.0
191,145,19,2645,290,1069.93,90.9,1.0
192,260,21,2760,520,1069.9,107.56,1.0
193,291,21,2791,582,1069.89,108.39,1.0
194,273,22,2773,546,1069.85,105.34,1.0
195,133,18,2633,266,1069.83,89.98,1.0
196,218,19,2718,436,1069.82,100.46,1.0
197,273,21,2773,546,1069.78,107.65,1.0
198,239,21,2739,478,1069.76,98.83,1.0
199,182,18,2682,364,1069.72,99.11,1.0
200,269,23,2769,538,1069.67,99.75,1.0
201,229,22,2729,458,1069.65,97.25,1.0
202,173,21,2673,346,1069.57,87.12,1.0
203,271,21,2771,542,1069.56,109.78,1.0
204,229,19,2729,458,1069.55,106.19,1.0
205,145,18,2645,290,1069.54,94.02,1.0
206,219,21,2719,438,1069.54,97.13,1.0
207,271,20,2771,542,1069.54,115.33,1.0
208,215,18,2715,430,1069.52,107.52,1.0
209,263,20,2763,526,1069.5,114.55,1.0
210,249,20,2749,498,1069.48,104.6,1.0
211,144,17,2644,288,1069.46,96.43,1.0
212,299,23,2799,598,1069.44,103.31,1.0
213,294,20,2794,588,1069.4,112.93,1.0
214,240,19,2740,480,1069.31,108.54,1.0
215,258,22,2758,516,1069.28,102.69,1.0
216,172,20,2672,344,1069.17,94.89,1.0
217,211,23,2711,422,1069.15,91.03,1.0
218,219,20,2719,438,1069.02,99.89,1.0
219,187,21,2687,374,1069.01,94.12,1.0
220,245,19,2745,490,1068.86,102.06,1.0
221,142,20,2642,284,1068.79,85.26,1.0
222,166,19,2666,332,1068.72,95.47,1.0
223,218,20,2718,436,1068.71,97.47,1.0
224,144,21,2644,288,1068.62,85.15,1.0
225,205,17,2705,410,1068.6,96.26,1.0
226,253,23,2753,506,1068.6,100.94,1.0
227,294,22,2794,588,1068.6,108.6,1.0
228,281,19,2781,562,1068.49,113.76,1.0
229,241,17,2741,482,1068.45,108.96,1.0
230,151,21,2651,302,1068.34,85.71,1.0
231,202,21,2702,404,1068.31,93.69,1.0
232,133,20,2633,266,1068.29,85.32,1.0
233,300,21,2800,600,1068.25,113.95,1.0
234,182,22,2682,364,1068.19,90.4,1.0
235,231,21,2731,462,1068.19,97.59,1.0
236,225,22,2725,450,1068.19,91.94,1.0
237,299,20,2799,598,1068.19,112.19,1.0
238,221,18,2721,442,1068.18,104.01,1.0
239,249,22,2749,498,1068.14,99.11,1.0
240,263,22,2763,526,1068.07,107.23,1.0
241,291,23,2791,582,1068.06,104.1,1.0
242,172,19,2672,344,1068.04,96.21,1.0
243,94,20,2594,188,1068.0,79.68,1.0
244,239,20,2739,478,1067.96,102.9,1.0
245,174,20,2674,348,1067.87,89.1,1.0
246,279,21,2779,558,1067.86,109.56,1.0
247,212,23,2712,424,1067.85,90.25,1.0
248,213,19,2713,426,1067.8,101.45,1.0
249,65,17,2565,130,1067.78,72.94,1.0
250,230,21,2730,460,1067.73,95.3,1.0
251,269,21,2769,538,1067.72,107.06,1.0
252,181,19,2681,362,1067.68,91.41,1.0
253,166,18,2666,332,1067.66,97.0,1.0
254,129,19,2629,258,1067.64,85.13,1.0
255,300,22,2800,600,1067.64,111.02,1.0
256,151,19,2651,302,1067.55,89.91,1.0
257,166,20,2666,332,1067.53,93.54,1.0
258,271,23,2771,542,1067.5,102.86,1.0
259,288,25,2788,576,1067.5,94.37,1.0
260,126,20,2626,252,1067.45,79.15,1.0
261,148,19,2648,296,1067.44,88.41,1.0
262,202,20,2702,404,1067.42,96.94,1.0
263,190,20,2690,380,1067.39,92.9,1.0
264,209,21,2709,418,1067.34,95.31,1.0
265,230,20,2730,460,1067.34,100.3,1.0
266,208,18,2708,416,1067.3,103.39,1.0
267,172,21,2672,344,1067.29,92.09,1.0
268,209,22,2709,418,1067.24,92.58,1.0
269,260,22,2760,520,1067.24,104.57,1.0
270,145,20,2645,290,1067.17,91.17,1.0
271,263,21,2763,526,1067.16,111.53,1.0
272,170,18,2670,340,1067.14,96.72,1.0
273,224,20,2724,448,1067.12,106.91,1.0
274,264,21,2764,528,1067.1,107.0,1.0
275,124,17,2624,248,1067.03,92.11,1.0
276,212,18,2712,424,1067.01,105.07,1.0
277,230,22,2730,460,1067.0,93.4,1.0
278,248,20,2748,496,1066.91,105.05,1.0
279,193,21,2693,386,1066.9,93.06,1.0
280,240,22,2740,480,1066.87,104.96,1.0
281,294,21,2794,588,1066.77,111.55,1.0
282,269,19,2769,538,1066.74,112.67,1.0
283,158,16,2658,316,1066.72,97.19,1.0
284,215,23,2715,430,1066.68,94.47,1.0
285,279,19,2779,558,1066.58,112.15,1.0
286,221,23,2721,442,1066.55,92.49,1.0
287,291,24,2791,582,1066.55,102.28,1.0
288,202,18,2702,404,1066.52,99.73,1.0
289,231,20,2731,462,1066.4,97.49,1.0
290,255,24,2755,510,1066.39,95.65,1.0
291,163,20,2663,326,1066.37,89.17,1.0
292,280,24,2780,560,1066.34,96.49,1.0
293,104,20,2604,208,1066.2,79.61,1.0
294,260,20,2760,520,1066.17,111.83,1.0
295,273,23,2773,546,1066.17,103.43,1.0
296,126,17,2626,252,1066.16,86.41,1.0
297,202,22,2702,404,1066.1,89.94,1.0
298,258,20,2758,516,1066.09,108.11,1.0
299,275,18,2775,550,1066.02,112.25,1.0
300,224,19,2724,448,1066.01,107.87,1.0
301,254,17,2754,508,1065.95,115.52,1.0
302,241,23,2741,482,1065.94,94.13,1.0
303,79,17,2579,158,1065.92,86.17,1.0
304,295,22,2795,590,1065.9,111.8,1.0
305,199,21,2699,398,1065.87,92.41,1.0
306,287,21,2787,574,1065.85,109.87,1.0
307,185,21,2685,370,1065.84,90.57,1.0
308,209,18,2709,418,1065.81,102.3,1.0
309,299,24,2799,598,1065.8,99.91,1.0
310,236,21,2736,472,1065.79,96.7,1.0
311,133,17,2633,266,1065.76,91.6,1.0
312,237,21,2737,474,1065.73,105.32,1.0
313,291,19,2791,582,1065.69,114.95,1.0
314,133,21,2633,266,1065.68,84.53,1.0
315,219,18,2719,438,1065.67,105.8,1.0
316,223,20,2723,446,1065.66,97.3,1.0
317,99,19,2599,198,1065.64,81.83,1.0
318,254,23,2754,508,1065.47,101.42,1.0
319,199,20,2699,398,1065.46,97.31,1.0
320,148,18,2648,296,1065.39,91.02,1.0
321,218,22,2718,436,1065.39,95.5,1.0
322,222,20,2722,444,1065.39,98.32,1.0
323,257,24,2757,514,1065.35,101.29,1.0
324,209,19,2709,418,1065.31,100.98,1.0
325,288,18,2788,576,1065.28,114.3,1.0
326,142,18,2642,284,1065.24,89.06,1.0
327,264,22,2764,528,1065.19,103.05,1.0
328,187,22,2687,374,1065.18,93.61,1.0
329,239,22,2739,478,1064.99,96.47,1.0
330,252,20,2752,504,1064.99,107.87,1.0
331,152,19,2652,304,1064.97,88.34,1.0
332,294,23,2794,588,1064.96,106.92,1.0
333,181,20,2681,362,1064.9,89.62,1.0
334,206,20,2706,412,1064.89,97.76,1.0
335,151,18,2651,302,1064.88,93.09,1.0
336,290,23,2790,580,1064.88,105.7,1.0
337,279,23,2779,558,1064.85,103.32,1.0
338,295,20,2795,590,1064.8,116.25,1.0
339,234,20,2734,468,1064.78,104.76,1.0
340,62,18,2562,124,1064.72,78.25,1.0
341,258,23,2758,516,1064.7,99.76,1.0
342,142,17,2642,284,1064.63,90.51,1.0
343,2,17,2502,4,1064.62,65.96,1.0
344,171,19,2671,342,1064.6,94.36,1.0
345,289,20,2789,578,1064.59,112.53,1.0
346,287,22,2787,574,1064.54,108.86,1.0
347,233,21,2733,466,1064.53,96.28,1.0
348,286,25,2786,572,1064.53,97.99,1.0
349,284,22,2784,568,1064.46,110.87,1.0
350,230,19,2730,460,1064.45,100.2,1.0
351,290,22,2790,580,1064.44,107.72,1.0
352,65,18,2565,130,1064.4,74.12,1.0
353,232,20,2732,464,1064.38,107.58,1.0
354,213,22,2713,426,1064.37,94.88,1.0
355,250,20,2750,500,1064.36,104.65,1.0
356,279,24,2779,558,1064.36,102.08,1.0
357,233,22,2733,466,1064.34,93.66,1.0
358,171,20,2671,342,1064.32,91.07,1.0
359,230,18,2730,460,1064.32,101.0,1.0
360,188,20,2688,376,1064.31,92.8,1.0
361,1,17,2501,2,1064.3,60.36,1.0
362,226,21,2726,452,1064.28,99.17,1.0
363,185,20,2685,370,1064.22,92.88,1.0
364,231,22,2731,462,1064.2,93.41,1.0
365,132,20,2632,264,1064.04,85.04,1.0
366,161,18,2661,322,1064.03,92.15,1.0
367,104,21,2604,208,1063.99,78.24,1.0
368,129,17,2629,258,1063.86,90.1,1.0
369,240,18,2740,480,1063.86,110.38,1.0
370,266,23,2766,532,1063.84,102.12,1.0
371,126,16,2626,252,1063.82,86.76,1.0
372,253,18,2753,506,1063.81,113.28,1.0
373,279,22,2779,558,1063.77,104.84,1.0
374,236,23,2736,472,1063.75,91.8,1.0
375,277,24,2777,554,1063.73,98.7,1.0
376,210,21,2710,420,1063.72,96.31,1.0
377,163,21,2663,326,1063.69,87.86,1.0
378,236,20,2736,472,1063.68,96.58,1.0
379,263,24,2763,526,1063.68,102.81,1.0
380,287,20,2787,574,1063.67,113.92,1.0
381,161,19,2661,322,1063.62,89.9,1.0
382,219,22,2719,438,1063.62,95.12,1.0
383,162,19,2662,324,1063.61,92.33,1.0
384,65,16,2565,130,1063.6,74.91,1.0
385,193,20,2693,386,1063.55,96.3,1.0
386,274,18,2774,548,1063.52,114.47,1.0
387,190,19,2690,380,1063.48,95.22,1.0
388,286,18,2786,572,1063.47,116.14,1.0
389,225,23,2725,450,1063.44,88.91,1.0
390,173,18,2673,346,1063.41,94.3,1.0
391,250,22,2750,500,1063.37,98.78,1.0
392,284,20,2784,568,1063.37,115.12,1.0
393,226,20,2726,452,1063.35,100.74,1.0
394,252,21,2752,504,1063.3,105.1,1.0
395,193,19,2693,386,1063.28,97.46,1.0
396,296,18,2796,592,1063.28,116.79,1.0
397,266,20,2766,532,1063.22,117.22,1.0
398,298,25,2798,596,1063.21,102.07,1.0
399,171,18,2671,342,1063.2,97.61,1.0
400,124,21,2624,248,1063.18,81.66,1.0
401,79,18,2579,158,1063.16,83.7,1.0
402,207,21,2707,414,1063.16,96.89,1.0
403,148,20,2648,296,1063.14,87.16,1.0
404,208,21,2708,416,1063.08,99.99,1.0
405,245,23,2745,490,1063.08,92.71,1.0
406,277,20,2777,554,1063.07,112.5,1.0
407,94,16,2594,188,1063.0,87.92,1.0
408,121,17,2621,242,1062.99,88.0,1.0
409,234,19,2734,468,1062.97,107.99,1.0
410,254,24,2754,508,1062.93,96.71,1.0
411,275,25,2775,550,1062.92,95.58,1.0
412,290,21,2790,580,1062.91,109.51,1.0
413,234,21,2734,468,1062.89,105.03,1.0
414,208,20,2708,416,1062.88,102.74,1.0
415,249,19,2749,498,1062.88,108.77,1.0
416,263,19,2763,526,1062.88,116.65,1.0
417,132,19,2632,264,1062.87,86.81,1.0
418,132,18,2632,264,1062.81,87.62,1.0
419,266,21,2766,532,1062.8,111.28,1.0
420,46,17,2546,92,1062.79,73.36,1.0
421,159,20,2659,318,1062.75,89.73,1.0
422,161,20,2661,322,1062.68,87.12,1.0
423,103,19,2603,206,1062.67,84.39,1.0
424,188,21,2688,376,1062.67,89.96,1.0
425,62,19,2562,124,1062.64,76.23,1.0
426,226,22,2726,452,1062.61,97.44,1.0
427,115,18,2615,230,1062.59,85.83,1.0
428,222,21,2722,444,1062.59,96.58,1.0
429,300,20,2800,600,1062.49,119.15,1.0
430,177,20,2677,354,1062.46,93.89,1.0
431,295,19,2795,590,1062.43,121.62,1.0
432,261,21,2761,522,1062.42,102.9,1.0
433,2,16,2502,4,1062.38,65.81,1.0
434,151,17,2651,302,1062.33,93.2,1.0
435,236,19,2736,472,1062.33,101.03,1.0
436,233,20,2733,466,1062.32,98.47,1.0
437,1,18,2501,2,1062.3,60.02,1.0
438,264,23,2764,528,1062.3,101.88,1.0
439,248,22,2748,496,1062.28,98.32,1.0
440,145,21,2645,290,1062.27,87.85,1.0
441,172,22,2672,344,1062.27,90.68,1.0
442,264,18,2764,528,1062.21,113.86,1.0
443,121,18,2621,242,1062.19,83.72,1.0
444,256,23,2756,512,1062.19,101.88,1.0
445,293,19,2793,586,1062.19,110.67,1.0
446,187,17,2687,374,1062.14,103.59,1.0
447,1,16,2501,2,1062.13,61.79,1.0
448,104,17,2604,208,1062.08,84.03,1.0
449,94,21,2594,188,1062.0,77.75,1.0
450,284,21,2784,568,1061.95,112.25,1.0
451,222,19,2722,444,1061.87,100.95,1.0
452,171,21,2671,342,1061.86,91.03,1.0
453,177,19,2677,354,1061.82,96.82,1.0
454,250,21,2750,500,1061.79,104.32,1.0
455,150,19,2650,300,1061.77,86.48,1.0
456,208,19,2708,416,1061.76,104.84,1.0
457,232,21,2732,464,1061.74,104.74,1.0
458,98,18,2598,196,1061.71,82.41,1.0
459,295,23,2795,590,1061.7,108.92,1.0
460,151,22,2651,302,1061.66,82.89,1.0
461,206,19,2706,412,1061.64,98.88,1.0
462,224,21,2724,448,1061.63,105.34,1.0
463,228,22,2728,456,1061.52,98.43,1.0
464,131,19,2631,262,1061.51,84.71,1.0
465,289,19,2789,578,1061.45,112.79,1.0
466,65,19,2565,130,1061.42,71.65,1.0
467,220,21,2720,440,1061.41,100.76,1.0
468,131,20,2631,262,1061.4,83.37,1.0
469,43,17,2543,86,1061.39,76.5,1.0
470,236,22,2736,472,1061.33,94.89,1.0
471,145,16,2645,290,1061.32,99.52,1.0
472,185,22,2685,370,1061.28,89.19,1.0
473,231,23,2731,462,1061.23,90.75,1.0
474,166,21,2666,332,1061.18,87.94,1.0
475,210,20,2710,420,1061.18,101.01,1.0
476,99,20,2599,198,1061.16,80.15,1.0
477,121,19,2621,242,1061.13,82.84,1.0
478,207,20,2707,414,1061.11,98.32,1.0
479,25,17,2525,50,1061.1,66.76,1.0
480,161,17,2661,322,1061.1,95.04,1.0
481,248,21,2748,496,1061.09,102.25,1.0
482,300,19,2800,600,1061.09,121.34,1.0
483,261,22,2761,522,1061.08,101.03,1.0
484,79,16,2579,158,1061.07,88.08,1.0
485,294,24,2794,588,1061.02,103.46,1.0
486,99,18,2599,198,1060.99,83.45,1.0
487,200,22,2700,400,1060.99,91.73,1.0
488,297,22,2797,594,1060.98,110.77,1.0
489,115,17,2615,230,1060.97,89.53,1.0
490,234,22,2734,468,1060.97,102.63,1.0
491,226,23,2726,452,1060.94,93.18,1.0
492,129,20,2629,258,1060.9,82.82,1.0
493,111,19,2611,222,1060.89,80.81,1.0
494,199,22,2699,398,1060.87,91.86,1.0
495,274,25,2774,548,1060.78,96.7,1.0
496,223,21,2723,446,1060.77,97.2,1.0
497,233,23,2733,466,1060.77,91.36,1.0
498,131,21,2631,262,1060.76,79.51,1.0
499,221,17,2721,442,1060.74,106.71,1.0
500,289,21,2789,578,1060.74,110.57,1.0
501,171,17,2671,342,1060.7,100.29,1.0
502,206,21,2706,412,1060.69,96.89,1.0
503,218,23,2718,436,1060.66,93.48,1.0
504,229,23,2729,458,1060.64,94.85,1.0
505,163,19,2663,326,1060.56,91.46,1.0
506,199,19,2699,398,1060.53,98.7,1.0
507,249,23,2749,498,1060.51,97.96,1.0
508,264,24,2764,528,1060.45,100.92,1.0
509,182,23,2682,364,1060.43,88.29,1.0
510,232,22,2732,464,1060.41,103.02,1.0
511,167,19,2667,334,1060.39,94.01,1.0
512,62,17,2562,124,1060.37,80.29,1.0
513,219,23,2719,438,1060.32,92.24,1.0
514,237,22,2737,474,1060.26,103.73,1.0
515,298,18,2798,596,1060.25,121.84,1.0
516,252,19,2752,504,1060.22,111.1,1.0
517,103,20,2603,206,1060.21,82.36,1.0
518,250,19,2750,500,1060.18,110.39,1.0
519,162,20,2662,324,1060.17,91.25,1.0
520,237,19,2737,474,1060.16,111.34,1.0
521,207,19,2707,414,1060.14,99.39,1.0
522,247,17,2747,494,1060.14,112.59,1.0
523,256,17,2756,512,1060.09,112.55,1.0
524,264,17,2764,528,1060.08,117.05,1.0
525,144,16,2644,288,1060.06,99.74,1.0
526,75,17,2575,150,1060.05,80.48,1.0
527,218,18,2718,436,1060.01,104.21,1.0
528,47,19,2547,94,1059.99,68.19,1.0
529,162,21,2662,324,1059.99,90.49,1.0
530,46,18,2546,92,1059.96,70.57,1.0
531,14,17,2514,28,1059.89,67.01,1.0
532,210,19,2710,420,1059.89,101.14,1.0
533,170,23,2670,340,1059.88,87.31,1.0
534,281,25,2781,562,1059.88,99.87,1.0
535,115,19,2615,230,1059.87,84.27,1.0
536,231,19,2731,462,1059.87,103.46,1.0
537,25,18,2525,50,1059.82,66.18,1.0
538,118,19,2618,236,1059.8,82.92,1.0
539,75,18,2575,150,1059.74,78.37,1.0
540,253,24,2753,506,1059.74,97.92,1.0
541,43,18,2543,86,1059.73,74.55,1.0
542,14,18,2514,28,1059.73,64.76,1.0
543,294,18,2794,588,1059.73,119.16,1.0
544,192,20,2692,384,1059.71,97.66,1.0
545,200,21,2700,400,1059.69,95.64,1.0
546,297,23,2797,594,1059.67,109.83,1.0
547,291,18,2791,582,1059.67,117.65,1.0
548,258,19,2758,516,1059.63,111.19,1.0
549,188,18,2688,376,1059.61,98.16,1.0
550,46,16,2546,92,1059.59,75.36,1.0
551,251,22,2751,502,1059.59,101.78,1.0
552,184,20,2684,368,1059.58,94.23,1.0
553,226,19,2726,452,1059.58,104.33,1.0
554,280,18,2780,560,1059.57,113.18,1.0
555,111,18,2611,222,1059.56,84.17,1.0
556,124,16,2624,248,1059.52,93.96,1.0
557,166,17,2666,332,1059.49,100.0,1.0
558,83,17,2583,166,1059.48,80.04,1.0
559,141,20,2641,282,1059.48,87.54,1.0
560,167,18,2667,334,1059.48,96.24,1.0
561,287,23,2787,574,1059.46,105.61,1.0
562,36,17,2536,72,1059.45,71.41,1.0
563,200,20,2700,400,1059.45,95.76,1.0
564,64,18,2564,128,1059.44,74.87,1.0
565,91,19,2591,182,1059.43,78.34,1.0
566,229,18,2729,458,1059.43,108.13,1.0
567,165,20,2665,330,1059.38,89.04,1.0
568,47,18,2547,94,1059.37,70.89,1.0
569,210,22,2710,420,1059.36,96.22,1.0
570,185,19,2685,370,1059.33,96.82,1.0
571,271,24,2771,542,1059.33,101.62,1.0
572,209,17,2709,418,1059.32,103.61,1.0
573,252,22,2752,504,1059.32,101.75,1.0
574,223,19,2723,446,1059.31,102.73,1.0
575,69,17,2569,138,1059.3,79.44,1.0
576,190,21,2690,380,1059.3,91.42,1.0
577,115,20,2615,230,1059.28,82.54,1.0
578,251,20,2751,502,1059.28,104.59,1.0
579,21,18,2521,42,1059.23,68.37,1.0
580,237,20,2737,474,1059.23,108.54,1.0
581,177,18,2677,354,1059.19,100.75,1.0
582,209,23,2709,418,1059.09,90.68,1.0
583,260,23,2760,520,1059.07,103.11,1.0
584,48,17,2548,96,1059.04,72.62,1.0
585,255,17,2755,510,1058.99,115.54,1.0
586,250,23,2750,500,1058.94,96.31,1.0
587,282,22,2782,564,1058.94,104.62,1.0
588,161,21,2661,322,1058.93,85.97,1.0
589,269,24,2769,538,1058.92,98.01,1.0
590,273,19,2773,546,1058.91,114.35,1.0
591,52,19,2552,104,1058.9,70.62,1.0
592,25,16,2525,50,1058.9,69.1,1.0
593,239,23,2739,478,1058.89,94.99,1.0
594,193,22,2693,386,1058.87,90.47,1.0
595,227,20,2727,454,1058.84,102.39,1.0
596,148,21,2648,296,1058.81,86.0,1.0
597,9,16,2509,18,1058.79,65.28,1.0
598,118,20,2618,236,1058.79,80.34,1.0
599,119,18,2619,238,1058.76,87.1,1.0
600,196,19,2696,392,1058.76,95.07,1.0
601,212,24,2712,424,1058.75,88.02,1.0
602,150,18,2650,300,1058.7,89.45,1.0
603,181,18,2681,362,1058.69,97.23,1.0
604,98,17,2598,196,1058.68,86.41,1.0
605,46,19,2546,92,1058.66,69.48,1.0
606,91,18,2591,182,1058.66,80.54,1.0
607,7,17,2507,14,1058.64,61.66,1.0
608,268,20,2768,536,1058.61,109.81,1.0
609,271,19,2771,542,1058.59,120.42,1.0
610,213,18,2713,426,1058.58,104.87,1.0
611,293,24,2793,586,1058.58,98.4,1.0
612,144,22,2644,288,1058.56,83.07,1.0
613,162,18,2662,324,1058.56,92.57,1.0
614,179,20,2679,358,1058.55,96.38,1.0
615,163,18,2663,326,1058.53,93.29,1.0
616,188,19,2688,376,1058.52,94.96,1.0
617,173,22,2673,346,1058.47,86.39,1.0
618,266,19,2766,532,1058.46,118.36,1.0
619,41,16,2541,82,1058.42,75.27,1.0
620,283,24,2783,566,1058.42,104.88,1.0
621,48,16,2548,96,1058.38,72.25,1.0
622,202,23,2702,404,1058.38,89.66,1.0
623,267,20,2767,534,1058.38,107.5,1.0
624,200,19,2700,400,1058.36,98.12,1.0
625,212,17,2712,424,1058.29,109.98,1.0
626,167,20,2667,334,1058.27,94.5,1.0
627,176,20,2676,352,1058.26,90.92,1.0
628,93,19,2593,186,1058.22,77.76,1.0
629,104,16,2604,208,1058.2,86.31,1.0
630,135,20,2635,270,1058.16,86.69,1.0
631,43,16,2543,86,1058.14,77.42,1.0
632,41,18,2541,82,1058.14,71.54,1.0
633,142,21,2642,284,1058.12,83.96,1.0
634,158,23,2658,316,1058.1,85.9,1.0
635,36,18,2536,72,1058.09,70.69,1.0
636,141,19,2641,282,1058.05,89.37,1.0
637,269,18,2769,538,1058.02,116.12,1.0
638,117,18,2617,234,1058.0,90.65,1.0
639,114,19,2614,228,1057.98,79.57,1.0
640,299,19,2799,598,1057.98,114.72,1.0
641,103,18,2603,206,1057.94,86.86,1.0
642,188,22,2688,376,1057.94,88.01,1.0
643,287,19,2787,574,1057.91,119.16,1.0
644,132,21,2632,264,1057.89,84.33,1.0
645,99,17,2599,198,1057.86,86.75,1.0
646,137,19,2637,274,1057.85,91.04,1.0
647,260,19,2760,520,1057.83,114.76,1.0
648,260,24,2760,520,1057.81,96.96,1.0
649,52,18,2552,104,1057.79,71.88,1.0
650,47,20,2547,94,1057.79,67.0,1.0
651,47,17,2547,94,1057.77,72.5,1.0
652,289,22,2789,578,1057.76,107.22,1.0
653,205,16,2705,410,1057.73,100.03,1.0
654,232,23,2732,464,1057.72,99.13,1.0
655,184,21,2684,368,1057.71,90.78,1.0
656,174,21,2674,348,1057.7,89.82,1.0
657,129,21,2629,258,1057.69,82.47,1.0
658,49,18,2549,98,1057.67,70.29,1.0
659,187,23,2687,374,1057.67,92.54,1.0
660,168,20,2668,336,1057.61,89.11,1.0
661,184,19,2684,368,1057.61,96.82,1.0
662,257,17,2757,514,1057.58,119.06,1.0
663,140,20,2640,280,1057.56,86.45,1.0
664,36,16,2536,72,1057.54,74.09,1.0
665,181,21,2681,362,1057.54,89.17,1.0
666,242,23,2742,484,1057.53,95.63,1.0
667,111,20,2611,222,1057.51,81.14,1.0
668,279,18,2779,558,1057.5,117.54,1.0
669,148,17,2648,296,1057.49,92.65,1.0
670,41,17,2541,82,1057.45,74.65,1.0
671,127,20,2627,254,1057.43,83.38,1.0
672,52,17,2552,104,1057.42,72.99,1.0
673,98,20,2598,196,1057.4,79.64,1.0
674,105,20,2605,210,1057.4,78.65,1.0
675,137,18,2637,274,1057.38,96.31,1.0
676,46,20,2546,92,1057.37,67.41,1.0
677,186,20,2686,372,1057.37,93.7,1.0
678,196,20,2696,392,1057.37,94.43,1.0
679,78,17,2578,156,1057.36,83.34,1.0
680,261,23,2761,522,1057.34,97.57,1.0
681,230,17,2730,460,1057.32,106.09,1.0
682,71,18,2571,142,1057.3,74.39,1.0
683,152,20,2652,304,1057.3,88.06,1.0
684,247,25,2747,494,1057.26,93.38,1.0
685,270,22,2770,540,1057.26,105.61,1.0
686,47,16,2547,94,1057.24,74.53,1.0
687,74,18,2574,148,1057.24,73.35,1.0
688,141,21,2641,282,1057.21,85.71,1.0
689,262,21,2762,524,1057.19,103.99,1.0
690,248,19,2748,496,1057.18,106.73,1.0
691,211,24,2711,422,1057.14,88.89,1.0
692,278,21,2778,556,1057.11,111.61,1.0
693,225,18,2725,450,1057.1,100.69,1.0
694,172,18,2672,344,1057.09,98.8,1.0
695,232,19,2732,464,1057.09,109.74,1.0
696,96,17,2596,192,1057.08,86.68,1.0
697,48,18,2548,96,1057.05,72.02,1.0
698,91,20,2591,182,1057.05,77.11,1.0
699,7,16,2507,14,1057.04,64.36,1.0
700,295,24,2795,590,1057.0,105.12,1.0
701,62,20,2562,124,1056.99,74.23,1.0
702,278,22,2778,556,1056.99,109.53,1.0
703,69,18,2569,138,1056.95,78.64,1.0
704,282,23,2782,564,1056.93,102.18,1.0
705,181,22,2681,362,1056.92,87.55,1.0
706,214,21,2714,428,1056.92,92.6,1.0
707,220,20,2720,440,1056.92,102.35,1.0
708,1,15,2501,2,1056.9,65.14,1.0
709,291,17,2791,582,1056.88,119.2,1.0
710,176,19,2676,352,1056.87,91.02,1.0
711,285,22,2785,570,1056.86,103.78,1.0
712,267,21,2767,534,1056.84,106.31,1.0
713,268,21,2768,536,1056.82,106.48,1.0
714,83,16,2583,166,1056.8,81.39,1.0
715,128,19,2628,256,1056.79,86.81,1.0
716,283,18,2783,566,1056.78,120.33,1.0
717,222,22,2722,444,1056.76,93.8,1.0
718,289,23,2789,578,1056.76,104.72,1.0
719,278,23,2778,556,1056.75,105.89,1.0
720,248,23,2748,496,1056.73,96.18,1.0
721,63,19,2563,126,1056.7,76.31,1.0
722,170,17,2670,340,1056.7,97.11,1.0
723,196,21,2696,392,1056.62,94.08,1.0
724,119,19,2619,238,1056.61,86.84,1.0
725,9,18,2509,18,1056.6,60.84,1.0
726,114,18,2614,228,1056.51,82.74,1.0
727,152,18,2652,304,1056.49,92.42,1.0
728,203,22,2703,406,1056.49,92.38,1.0
729,282,21,2782,564,1056.49,106.93,1.0
730,137,20,2637,274,1056.44,90.66,1.0
731,118,21,2618,236,1056.43,78.57,1.0
732,227,21,2727,454,1056.42,100.16,1.0
733,299,25,2799,598,1056.42,97.77,1.0
734,77,18,2577,154,1056.4,79.3,1.0
735,156,19,2656,312,1056.39,92.81,1.0
736,300,23,2800,600,1056.39,108.72,1.0
737,87,17,2587,174,1056.38,84.0,1.0
738,142,16,2642,284,1056.38,93.24,1.0
739,7,18,2507,14,1056.33,61.48,1.0
740,242,21,2742,484,1056.33,99.95,1.0
741,78,18,2578,156,1056.32,81.93,1.0
742,18,18,2518,36,1056.29,66.56,1.0
743,259,21,2759,518,1056.29,104.02,1.0
744,117,19,2617,234,1056.27,87.68,1.0
745,129,22,2629,258,1056.26,79.43,1.0
746,236,24,2736,472,1056.26,88.83,1.0
747,296,26,2796,592,1056.26,95.12,1.0
748,204,20,2704,408,1056.24,102.66,1.0
749,174,19,2674,348,1056.23,91.65,1.0
750,263,18,2763,526,1056.21,119.54,1.0
751,270,20,2770,540,1056.2,107.91,1.0
752,78,19,2578,156,1056.19,79.53,1.0
753,284,23,2784,568,1056.19,109.23,1.0
754,79,19,2579,158,1056.18,83.01,1.0
755,252,23,2752,504,1056.17,99.81,1.0
756,167,21,2667,334,1056.16,92.17,1.0
757,284,19,2784,568,1056.15,116.78,1.0
758,126,21,2626,252,1056.12,79.65,1.0
759,207,22,2707,414,1056.12,93.58,1.0
760,48,19,2548,96,1056.11,70.72,1.0
761,242,22,2742,484,1056.06,96.96,1.0
762,118,18,2618,236,1056.05,85.27,1.0
763,258,18,2758,516,1056.05,114.9,1.0
764,281,18,2781,562,1056.05,117.97,1.0
765,270,21,2770,540,1056.04,105.99,1.0
766,233,19,2733,466,1056.02,99.44,1.0
767,227,19,2727,454,1056.02,106.69,1.0
768,163,22,2663,326,1056.01,84.61,1.0
769,211,16,2711,422,1055.99,107.56,1.0
770,199,18,2699,398,1055.97,100.26,1.0
771,290,24,2790,580,1055.97,103.64,1.0
772,300,18,2800,600,1055.95,123.78,1.0
773,255,25,2755,510,1055.93,93.71,1.0
774,18,17,2518,36,1055.92,68.28,1.0
775,154,18,2654,308,1055.92,90.72,1.0
776,98,19,2598,196,1055.86,82.35,1.0
777,64,17,2564,128,1055.85,76.16,1.0
778,115,16,2615,230,1055.83,91.32,1.0
779,102,19,2602,204,1055.8,83.01,1.0
780,105,19,2605,210,1055.8,80.71,1.0
781,77,19,2577,154,1055.78,79.98,1.0
782,268,22,2768,536,1055.78,106.48,1.0
783,83,18,2583,166,1055.75,79.07,1.0
784,159,19,2659,318,1055.74,93.16,1.0
785,237,23,2737,474,1055.73,99.75,1.0
786,135,19,2635,270,1055.68,90.19,1.0
787,234,23,2734,468,1055.68,98.71,1.0
788,297,21,2797,594,1055.68,114.44,1.0
789,105,18,2605,210,1055.67,83.09,1.0
790,63,18,2563,126,1055.57,78.15,1.0
791,114,20,2614,228,1055.54,78.77,1.0
792,128,20,2628,256,1055.52,84.17,1.0
793,150,20,2650,300,1055.51,84.94,1.0
794,194,21,2694,388,1055.48,92.26,1.0
795,122,20,2622,244,1055.47,83.31,1.0
796,186,21,2686,372,1055.47,90.74,1.0
797,228,20,2728,456,1055.44,106.04,1.0
798,259,19,2759,518,1055.44,109.61,1.0
799,117,20,2617,234,1055.41,84.7,1.0
800,266,24,2766,532,1055.38,97.68,1.0
801,154,19,2654,308,1055.36,89.54,1.0
802,86,18,2586,172,1055.32,77.12,1.0
803,19,17,2519,38,1055.31,68.44,1.0
804,203,21,2703,406,1055.31,94.42,1.0
805,25,19,2525,50,1055.28,64.29,1.0
806,101,19,2601,202,1055.27,81.9,1.0
807,159,21,2659,318,1055.27,88.18,1.0
808,14,16,2514,28,1055.26,68.81,1.0
809,194,20,2694,388,1055.25,96.11,1.0
810,108,19,2608,216,1055.21,81.56,1.0
811,215,17,2715,430,1055.2,110.92,1.0
812,230,23,2730,460,1055.19,91.59,1.0
813,97,18,2597,194,1055.17,80.89,1.0
814,228,21,2728,456,1055.17,104.75,1.0
815,133,22,2633,266,1055.16,83.81,1.0
816,267,22,2767,534,1055.13,101.94,1.0
817,179,18,2679,358,1055.12,101.92,1.0
818,226,18,2726,452,1055.12,108.16,1.0
819,245,18,2745,490,1055.12,104.65,1.0
820,251,19,2751,502,1055.11,105.49,1.0
821,285,23,2785,570,1055.11,101.29,1.0
822,273,24,2773,546,1055.11,101.05,1.0
823,196,18,2696,392,1055.08,99.36,1.0
824,251,21,2751,502,1055.08,102.93,1.0
825,262,22,2762,524,1055.08,102.52,1.0
826,240,23,2740,480,1055.04,100.7,1.0
827,131,18,2631,262,1055.0,88.18,1.0
828,103,21,2603,206,1054.95,82.72,1.0
829,246,22,2746,492,1054.93,101.41,1.0
830,91,17,2591,182,1054.9,81.21,1.0
831,111,21,2611,222,1054.9,79.45,1.0
832,178,21,2678,356,1054.87,91.48,1.0
833,176,21,2676,352,1054.84,87.59,1.0
834,246,20,2746,492,1054.84,105.59,1.0
835,136,20,2636,272,1054.82,86.65,1.0
836,201,20,2701,402,1054.81,95.19,1.0
837,270,19,2770,540,1054.81,108.56,1.0
838,111,17,2611,222,1054.79,88.37,1.0
839,9,17,2509,18,1054.78,63.14,1.0
840,65,15,2565,130,1054.78,77.9,1.0
841,141,18,2641,282,1054.78,91.64,1.0
842,165,21,2665,330,1054.78,86.48,1.0
843,261,20,2761,522,1054.76,105.45,1.0
844,41,19,2541,82,1054.71,70.1,1.0
845,18,16,2518,36,1054.71,69.15,1.0
846,165,19,2665,330,1054.68,90.68,1.0
847,205,24,2705,410,1054.68,88.28,1.0
848,68,18,2568,136,1054.67,73.54,1.0
849,75,19,2575,150,1054.67,76.56,1.0
850,11,17,2511,22,1054.62,65.48,1.0
851,262,20,2762,524,1054.61,105.75,1.0
852,129,16,2629,258,1054.58,90.41,1.0
853,202,17,2702,404,1054.58,101.5,1.0
854,44,19,2544,88,1054.56,70.09,1.0
855,83,19,2583,166,1054.56,76.74,1.0
856,210,18,2710,420,1054.56,104.58,1.0
857,157,20,2657,314,1054.55,89.95,1.0
858,138,19,2638,276,1054.54,93.92,1.0
859,152,21,2652,304,1054.54,86.24,1.0
860,286,17,2786,572,1054.54,118.11,1.0
861,263,25,2763,526,1054.53,99.01,1.0
862,150,17,2650,300,1054.52,92.19,1.0
863,2,18,2502,4,1054.48,63.92,1.0
864,55,17,2555,110,1054.46,73.14,1.0
865,179,19,2679,358,1054.45,99.24,1.0
866,140,21,2640,280,1054.44,84.38,1.0
867,274,17,2774,548,1054.44,117.08,1.0
868,294,25,2794,588,1054.36,101.02,1.0
869,71,19,2571,142,1054.35,73.59,1.0
870,242,20,2742,484,1054.35,102.44,1.0
871,207,18,2707,414,1054.32,103.93,1.0
872,239,19,2739,478,1054.32,107.22,1.0
873,235,20,2735,470,1054.32,105.46,1.0
874,96,18,2596,192,1054.31,84.38,1.0
875,180,20,2680,360,1054.31,93.99,1.0
876,213,23,2713,426,1054.31,92.23,1.0
877,93,20,2593,186,1054.29,77.58,1.0
878,34,18,2534,68,1054.28,66.3,1.0
879,35,17,2535,70,1054.26,73.1,1.0
880,95,19,2595,190,1054.26,82.38,1.0
881,121,20,2621,242,1054.21,80.54,1.0
882,219,17,2719,438,1054.21,108.96,1.0
883,192,19,2692,384,1054.19,98.97,1.0
884,223,22,2723,446,1054.19,96.27,1.0
885,291,25,2791,582,1054.13,98.93,1.0
886,33,17,2533,66,1054.12,69.33,1.0
887,101,18,2601,202,1054.12,83.05,1.0
888,11,16,2511,22,1054.11,69.06,1.0
889,269,17,2769,538,1054.1,119.62,1.0
890,88,19,2588,176,1054.07,78.38,1.0
891,71,17,2571,142,1054.05,78.67,1.0
892,208,22,2708,416,1054.05,97.17,1.0
893,288,26,2788,576,1054.05,92.38,1.0
894,168,19,2668,336,1054.04,91.33,1.0
895,182,17,2682,364,1054.04,104.62,1.0
896,113,19,2613,226,1054.03,89.2,1.0
897,36,19,2536,72,1053.97,68.88,1.0
898,65,20,2565,130,1053.96,71.19,1.0
899,235,21,2735,470,1053.94,101.08,1.0
900,180,19,2680,360,1053.91,93.0,1.0
901,156,20,2656,312,1053.9,88.32,1.0
902,135,18,2635,270,1053.89,93.37,1.0
903,233,18,2733,466,1053.89,102.48,1.0
904,234,18,2734,468,1053.89,109.83,1.0
905,11,18,2511,22,1053.86,65.87,1.0
906,26,18,2526,52,1053.86,66.46,1.0
907,240,17,2740,480,1053.86,111.7,1.0
908,295,18,2795,590,1053.84,123.88,1.0
909,86,20,2586,172,1053.82,74.57,1.0
910,242,24,2742,484,1053.81,91.86,1.0
911,216,22,2716,432,1053.77,96.09,1.0
912,105,21,2605,210,1053.76,78.97,1.0
913,177,21,2677,354,1053.76,92.62,1.0
914,138,18,2638,276,1053.74,94.91,1.0
915,228,23,2728,456,1053.72,96.95,1.0
916,300,24,2800,600,1053.69,107.82,1.0
917,103,17,2603,206,1053.67,89.5,1.0
918,128,18,2628,256,1053.62,88.33,1.0
919,73,19,2573,146,1053.6,72.63,1.0
920,99,21,2599,198,1053.6,79.67,1.0
921,155,19,2655,310,1053.6,91.0,1.0
922,161,22,2661,322,1053.6,83.35,1.0
923,204,21,2704,408,1053.58,98.7,1.0
924,86,17,2586,172,1053.55,80.44,1.0
925,276,22,2776,552,1053.55,108.63,1.0
926,64,19,2564,128,1053.53,72.5,1.0
927,214,22,2714,428,1053.52,89.79,1.0
928,190,18,2690,380,1053.49,95.52,1.0
929,207,23,2707,414,1053.47,91.83,1.0
930,224,18,2724,448,1053.47,111.22,1.0
931,132,17,2632,264,1053.42,90.02,1.0
932,186,19,2686,372,1053.42,94.65,1.0
933,73,18,2573,146,1053.41,73.13,1.0
934,265,23,2765,530,1053.4,98.75,1.0
935,258,24,2758,516,1053.39,98.32,1.0
936,86,19,2586,172,1053.38,76.72,1.0
937,155,20,2655,310,1053.38,86.52,1.0
938,224,22,2724,448,1053.37,102.95,1.0
939,254,25,2754,508,1053.37,94.71,1.0
940,145,22,2645,290,1053.34,86.83,1.0
941,250,18,2750,500,1053.34,110.34,1.0
942,176,18,2676,352,1053.3,92.82,1.0
943,150,21,2650,300,1053.29,81.98,1.0
944,233,24,2733,466,1053.29,89.36,1.0
945,49,17,2549,98,1053.26,74.39,1.0
946,298,17,2798,596,1053.24,125.2,1.0
947,23,18,2523,46,1053.22,65.5,1.0
948,148,22,2648,296,1053.2,83.95,1.0
949,173,17,2673,346,1053.2,99.05,1.0
950,216,21,2716,432,1053.2,97.18,1.0
951,26,17,2526,52,1053.18,66.77,1.0
952,122,19,2622,244,1053.18,86.47,1.0
953,35,18,2535,70,1053.16,71.08,1.0
954,68,19,2568,136,1053.16,72.1,1.0
955,128,21,2628,256,1053.16,82.19,1.0
956,130,18,2630,260,1053.15,87.02,1.0
957,87,18,2587,174,1053.12,82.68,1.0
958,119,20,2619,238,1053.12,84.18,1.0
959,127,19,2627,254,1053.12,84.13,1.0
960,56,17,2556,112,1053.11,72.84,1.0
961,43,19,2543,86,1053.1,73.26,1.0
962,72,19,2572,144,1053.1,74.34,1.0
963,91,21,2591,182,1053.1,75.39,1.0
964,88,20,2588,176,1053.1,74.99,1.0
965,287,18,2787,574,1053.09,121.88,1.0
966,215,24,2715,430,1053.07,92.43,1.0
967,62,16,2562,124,1053.06,82.57,1.0
968,208,17,2708,416,1053.06,107.01,1.0
969,201,19,2701,402,1053.02,97.58,1.0
970,54,18,2554,108,1052.99,72.0,1.0
971,137,17,2637,274,1052.99,96.08,1.0
972,270,23,2770,540,1052.99,102.33,1.0
973,38,16,2538,76,1052.96,74.61,1.0
974,192,21,2692,384,1052.95,95.66,1.0
975,142,22,2642,284,1052.93,81.78,1.0
976,174,18,2674,348,1052.93,93.68,1.0
977,158,15,2658,316,1052.92,103.18,1.0
978,221,24,2721,442,1052.92,91.59,1.0
979,97,19,2597,194,1052.91,78.34,1.0
980,21,17,2521,42,1052.89,69.19,1.0
981,190,22,2690,380,1052.88,87.43,1.0
982,241,24,2741,482,1052.86,90.88,1.0
983,163,17,2663,326,1052.83,95.65,1.0
984,273,18,2773,546,1052.82,114.82,1.0
985,110,19,2610,220,1052.79,82.09,1.0
986,127,21,2627,254,1052.79,82.09,1.0
987,74,19,2574,148,1052.78,72.83,1.0
988,75,16,2575,150,1052.77,83.82,1.0
989,133,16,2633,266,1052.76,94.79,1.0
990,259,20,2759,518,1052.76,108.18,1.0
991,214,20,2714,428,1052.75,94.19,1.0
992,116,18,2616,232,1052.74,90.28,1.0
993,197,20,2697,394,1052.73,100.3,1.0
994,232,18,2732,464,1052.73,109.52,1.0
995,264,25,2764,528,1052.73,95.11,1.0
996,272,21,2772,544,1052.73,106.67,1.0
997,282,24,2782,564,1052.71,100.09,1.0
998,69,16,2569,138,1052.7,81.05,1.0
999,113,20,2613,226,1052.67,87.98,1.0
1000,169,19,2669,338,1052.67,97.26,1.0
1001,116,19,2616,232,1052.66,90.45,1.0
1002,197,21,2697,394,1052.64,100.21,1.0
1003,192,22,2692,384,1052.62,91.69,1.0
1004,277,19,2777,554,1052.6,116.14,1.0
1005,196,22,2696,392,1052.58,91.58,1.0
1006,222,18,2722,444,1052.58,101.63,1.0
1007,108,18,2608,216,1052.51,83.53,1.0
1008,249,24,2749,498,1052.51,94.2,1.0
1009,88,18,2588,176,1052.46,81.08,1.0
1010,78,20,2578,156,1052.42,79.0,1.0
1011,77,17,2577,154,1052.41,81.82,1.0
1012,7,15,2507,14,1052.4,66.11,1.0
1013,106,19,2606,212,1052.4,82.09,1.0
1014,223,18,2723,446,1052.39,104.63,1.0
1015,95,20,2595,190,1052.38,80.78,1.0
1016,157,21,2657,314,1052.38,87.61,1.0
1017,52,20,2552,104,1052.37,70.4,1.0
1018,1,19,2501,2,1052.37,57.92,1.0
1019,228,18,2728,456,1052.37,110.58,1.0
1020,254,16,2754,508,1052.36,118.05,1.0
1021,204,22,2704,408,1052.35,96.59,1.0
1022,97,17,2597,194,1052.34,83.61,1.0
1023,220,22,2720,440,1052.34,100.31,1.0
1024,232,24,2732,464,1052.34,95.72,1.0
1025,40,18,2540,80,1052.33,70.01,1.0
1026,78,16,2578,156,1052.32,85.72,1.0
1027,113,18,2613,226,1052.31,91.4,1.0
1028,38,17,2538,76,1052.3,73.7,1.0
1029,201,18,2701,402,1052.29,99.12,1.0
1030,185,18,2685,370,1052.27,99.07,1.0
1031,156,18,2656,312,1052.25,93.71,1.0
1032,179,21,2679,358,1052.23,96.14,1.0
1033,237,18,2737,474,1052.21,111.8,1.0
1034,52,16,2552,104,1052.2,74.52,1.0
1035,7,19,2507,14,1052.18,61.43,1.0
1036,68,17,2568,136,1052.18,75.59,1.0
1037,260,18,2760,520,1052.18,115.55,1.0
1038,271,18,2771,542,1052.18,122.75,1.0
1039,2,15,2502,4,1052.16,67.65,1.0
1040,152,17,2652,304,1052.16,93.23,1.0
1041,96,19,2596,192,1052.13,83.54,1.0
1042,138,17,2638,276,1052.13,96.91,1.0
1043,292,22,2792,584,1052.12,112.71,1.0
1044,280,25,2780,560,1052.11,95.9,1.0
1045,238,22,2738,476,1052.09,99.23,1.0
1046,168,21,2668,336,1052.07,86.47,1.0
1047,44,18,2544,88,1052.06,70.18,1.0
1048,136,19,2636,272,1052.06,88.95,1.0
1049,33,18,2533,66,1052.05,66.18,1.0
1050,177,22,2677,354,1052.05,90.2,1.0
1051,93,18,2593,186,1052.04,80.42,1.0
1052,296,17,2796,592,1052.03,117.77,1.0
1053,289,24,2789,578,1051.99,101.72,1.0
1054,251,23,2751,502,1051.97,99.17,1.0
1055,18,19,2518,36,1051.94,66.01,1.0
1056,28,17,2528,56,1051.92,69.94,1.0
1057,131,17,2631,262,1051.89,91.03,1.0
1058,246,21,2746,492,1051.83,103.39,1.0
1059,71,20,2571,142,1051.78,71.54,1.0
1060,262,23,2762,524,1051.78,100.84,1.0
1061,140,18,2640,280,1051.76,90.33,1.0
1062,21,19,2521,42,1051.74,67.31,1.0
1063,265,22,2765,530,1051.72,102.68,1.0
1064,204,19,2704,408,1051.69,104.24,1.0
1065,88,17,2588,176,1051.68,80.91,1.0
1066,135,21,2635,270,1051.68,85.23,1.0
1067,14,15,2514,28,1051.67,69.31,1.0
1068,74,20,2574,148,1051.65,70.73,1.0
1069,14,19,2514,28,1051.58,63.24,1.0
1070,186,18,2686,372,1051.58,97.08,1.0
1071,115,21,2615,230,1051.56,80.99,1.0
1072,165,18,2665,330,1051.55,93.98,1.0
1073,140,19,2640,280,1051.54,87.88,1.0
1074,33,19,2533,66,1051.53,66.48,1.0
1075,225,24,2725,450,1051.49,88.03,1.0
1076,85,19,2585,170,1051.48,76.17,1.0
1077,124,22,2624,248,1051.47,80.5,1.0
1078,55,19,2555,110,1051.46,70.45,1.0
1079,167,22,2667,334,1051.46,90.72,1.0
1080,226,24,2726,452,1051.46,91.96,1.0
1081,121,16,2621,242,1051.44,91.76,1.0
1082,136,21,2636,272,1051.44,87.35,1.0
1083,154,17,2654,308,1051.43,94.79,1.0
1084,225,17,2725,450,1051.43,103.82,1.0
1085,51,18,2551,102,1051.42,72.5,1.0
1086,170,16,2670,340,1051.41,99.79,1.0
1087,235,19,2735,470,1051.4,108.29,1.0
1088,102,18,2602,204,1051.39,86.63,1.0
1089,45,17,2545,90,1051.37,72.24,1.0
1090,34,19,2534,68,1051.33,65.05,1.0
1091,141,22,2641,282,1051.32,84.03,1.0
1092,261,19,2761,522,1051.31,107.06,1.0
1093,13,16,2513,26,1051.29,68.48,1.0
1094,85,18,2585,170,1051.29,79.8,1.0
1095,172,23,2672,344,1051.28,89.93,1.0
1096,203,20,2703,406,1051.26,97.7,1.0
1097,210,23,2710,420,1051.26,94.91,1.0
1098,51,17,2551,102,1051.23,74.36,1.0
1099,138,20,2638,276,1051.18,91.1,1.0
1100,3,16,2503,6,1051.16,63.97,1.0
1101,194,19,2694,388,1051.14,97.94,1.0
1102,31,17,2531,62,1051.13,70.44,1.0
1103,73,17,2573,146,1051.12,75.79,1.0
1104,74,17,2574,148,1051.12,77.13,1.0
1105,33,16,2533,66,1051.07,71.17,1.0
1106,285,24,2785,570,1051.07,96.81,1.0
1107,56,18,2556,112,1051.06,73.09,1.0
1108,180,21,2680,360,1051.06,92.88,1.0
1109,130,19,2630,260,1051.05,85.53,1.0
1110,52,15,2552,104,1051.01,76.36,1.0
1111,238,21,2738,476,1051.0,101.99,1.0
1112,259,22,2759,518,1050.99,103.03,1.0
1113,185,23,2685,370,1050.98,85.57,1.0
1114,222,23,2722,444,1050.97,90.78,1.0
1115,86,21,2586,172,1050.94,73.16,1.0
1116,290,20,2790,580,1050.94,113.74,1.0
1117,244,22,2744,488,1050.92,103.91,1.0
1118,257,25,2757,514,1050.92,97.49,1.0
1119,123,20,2623,246,1050.9,82.2,1.0
1120,93,17,2593,186,1050.89,83.55,1.0
1121,97,20,2597,194,1050.88,77.93,1.0
1122,112,19,2612,224,1050.88,83.75,1.0
1123,276,21,2776,552,1050.85,112.83,1.0
1124,40,19,2540,80,1050.83,68.08,1.0
1125,94,15,2594,188,1050.81,89.28,1.0
1126,285,21,2785,570,1050.8,105.36,1.0
1127,290,19,2790,580,1050.78,114.37,1.0
1128,154,20,2654,308,1050.76,88.08,1.0
1129,268,19,2768,536,1050.74,111.21,1.0
1130,122,18,2622,244,1050.73,87.58,1.0
1131,187,16,2687,374,1050.72,109.34,1.0
1132,41,20,2541,82,1050.71,69.31,1.0
1133,102,20,2602,204,1050.71,81.54,1.0
1134,272,22,2772,544,1050.71,106.27,1.0
1135,120,17,2620,240,1050.7,86.86,1.0
1136,175,19,2675,350,1050.7,96.51,1.0
1137,292,21,2792,584,1050.69,115.57,1.0
1138,279,17,2779,558,1050.68,119.89,1.0
1139,178,19,2678,356,1050.65,97.63,1.0
1140,238,20,2738,476,1050.64,103.57,1.0
1141,169,20,2669,338,1050.6,93.12,1.0
1142,251,18,2751,502,1050.59,110.21,1.0
1143,268,23,2768,536,1050.59,105.17,1.0
1144,97,16,2597,194,1050.57,85.62,1.0
1145,256,24,2756,512,1050.57,102.18,1.0
1146,206,18,2706,412,1050.56,103.05,1.0
1147,116,20,2616,232,1050.53,85.74,1.0
1148,172,17,2672,344,1050.52,103.22,1.0
1149,25,15,2525,50,1050.51,71.47,1.0
1150,207,17,2707,414,1050.51,108.6,1.0
1151,36,15,2536,72,1050.5,77.24,1.0
1152,165,22,2665,330,1050.47,83.89,1.0
1153,23,17,2523,46,1050.46,67.71,1.0
1154,174,22,2674,348,1050.45,87.23,1.0
1155,95,18,2595,190,1050.44,83.91,1.0
1156,223,17,2723,446,1050.43,107.73,1.0
1157,299,18,2799,598,1050.38,117.26,1.0
1158,69,19,2569,138,1050.37,76.96,1.0
1159,240,24,2740,480,1050.37,97.35,1.0
1160,145,15,2645,290,1050.34,100.97,1.0
1161,99,16,2599,198,1050.3,88.25,1.0
1162,203,23,2703,406,1050.3,88.79,1.0
1163,231,18,2731,462,1050.29,106.03,1.0
1164,119,21,2619,238,1050.28,80.71,1.0
1165,26,19,2526,52,1050.27,65.55,1.0
1166,89,18,2589,178,1050.25,84.92,1.0
1167,101,17,2601,202,1050.23,85.21,1.0
1168,176,17,2676,352,1050.23,93.69,1.0
1169,72,18,2572,144,1050.22,77.1,1.0
1170,163,23,2663,326,1050.22,83.66,1.0
1171,264,16,2764,528,1050.2,117.72,1.0
1172,193,18,2693,386,1050.18,100.62,1.0
1173,297,20,2797,594,1050.11,119.69,1.0
1174,91,16,2591,182,1050.09,83.08,1.0
1175,9,19,2509,18,1050.08,61.47,1.0
1176,142,15,2642,284,1050.07,96.61,1.0
1177,194,22,2694,388,1050.07,89.61,1.0
1178,147,19,2647,294,1050.06,87.21,1.0
1179,261,24,2761,522,1050.06,94.38,1.0
1180,293,25,2793,586,1050.05,97.05,1.0
1181,79,20,2579,158,1050.04,80.13,1.0
1182,235,22,2735,470,1050.01,101.23,1.0
1183,265,20,2765,530,1050.0,105.36,1.0
1184,26,16,2526,52,1049.99,68.28,1.0
1185,201,21,2701,402,1049.99,92.24,1.0
1186,278,20,2778,556,1049.99,114.26,1.0
1187,127,18,2627,254,1049.98,89.06,1.0
1188,160,19,2660,320,1049.97,93.62,1.0
1189,245,24,2745,490,1049.95,92.69,1.0
1190,267,19,2767,534,1049.95,110.7,1.0
1191,176,22,2676,352,1049.94,86.28,1.0
1192,19,18,2519,38,1049.88,65.64,1.0
1193,122,21,2622,244,1049.88,80.82,1.0
1194,48,15,2548,96,1049.86,74.43,1.0
1195,11,19,2511,22,1049.81,63.29,1.0
1196,85,17,2585,170,1049.81,82.89,1.0
1197,37,18,2537,74,1049.8,65.14,1.0
1198,292,23,2792,584,1049.8,110.41,1.0
1199,145,23,2645,290,1049.79,82.18,1.0
1200,238,19,2738,476,1049.78,107.01,1.0
1201,246,19,2746,492,1049.77,105.9,1.0
1202,168,18,2668,336,1049.72,95.36,1.0
1203,98,21,2598,196,1049.7,77.44,1.0
1204,124,15,2624,248,1049.7,97.55,1.0
1205,175,20,2675,350,1049.7,95.5,1.0
1206,13,17,2513,26,1049.69,66.41,1.0
1207,101,20,2601,202,1049.69,79.99,1.0
1208,58,19,2558,116,1049.66,70.43,1.0
1209,40,17,2540,80,1049.6,72.08,1.0
1210,95,21,2595,190,1049.6,79.11,1.0
1211,261,18,2761,522,1049.59,108.04,1.0
1212,96,20,2596,192,1049.58,80.93,1.0
1213,247,16,2747,494,1049.58,113.3,1.0
1214,277,25,2777,554,1049.58,97.01,1.0
1215,209,24,2709,418,1049.57,86.29,1.0
1216,137,21,2637,274,1049.54,89.82,1.0
1217,244,21,2744,488,1049.54,104.56,1.0
1218,61,18,2561,122,1049.51,76.13,1.0
1219,227,18,2727,454,1049.49,109.81,1.0
1220,227,22,2727,454,1049.46,97.44,1.0
1221,283,25,2783,566,1049.43,104.32,1.0
1222,229,24,2729,458,1049.42,93.3,1.0
1223,246,23,2746,492,1049.41,96.06,1.0
1224,287,24,2787,574,1049.39,103.86,1.0
1225,61,17,2561,122,1049.38,77.03,1.0
1226,75,20,2575,150,1049.38,75.81,1.0
1227,108,20,2608,216,1049.38,79.13,1.0
1228,276,23,2776,552,1049.38,106.09,1.0
1229,51,19,2551,102,1049.36,70.33,1.0
1230,131,22,2631,262,1049.35,79.06,1.0
1231,71,16,2571,142,1049.33,79.32,1.0
1232,166,22,2666,332,1049.32,87.34,1.0
1233,48,20,2548,96,1049.28,68.18,1.0
1234,138,21,2638,276,1049.28,86.64,1.0
1235,227,23,2727,454,1049.26,94.82,1.0
1236,63,17,2563,126,1049.24,81.08,1.0
1237,3,17,2503,6,1049.23,62.88,1.0
1238,244,23,2744,488,1049.19,99.81,1.0
1239,293,18,2793,586,1049.19,116.06,1.0
1240,170,24,2670,340,1049.17,85.32,1.0
1241,134,18,2634,268,1049.16,88.96,1.0
1242,13,18,2513,26,1049.15,65.95,1.0
1243,49,19,2549,98,1049.12,68.25,1.0
1244,105,17,2605,210,1049.08,83.73,1.0
1245,15,17,2515,30,1049.07,63.65,1.0
1246,298,26,2798,596,1049.07,99.3,1.0
1247,242,19,2742,484,1049.02,107.34,1.0
1248,32,17,2532,64,1048.99,73.03,1.0
1249,59,18,2559,118,1048.99,75.77,1.0
1250,64,16,2564,128,1048.98,78.81,1.0
1251,235,23,2735,470,1048.96,98.55,1.0
1252,21,16,2521,42,1048.95,70.76,1.0
1253,265,21,2765,530,1048.93,103.73,1.0
1254,34,17,2534,68,1048.9,69.39,1.0
1255,178,22,2678,356,1048.9,88.53,1.0
1256,199,17,2699,398,1048.9,104.72,1.0
1257,112,20,2612,224,1048.89,82.61,1.0
1258,300,25,2800,600,1048.88,105.96,1.0
1259,35,16,2535,70,1048.87,73.73,1.0
1260,156,21,2656,312,1048.86,88.01,1.0
1261,106,18,2606,212,1048.85,83.49,1.0
1262,60,18,2560,120,1048.81,74.95,1.0
1263,140,17,2640,280,1048.81,92.95,1.0
1264,284,24,2784,568,1048.81,107.74,1.0
1265,35,19,2535,70,1048.79,69.13,1.0
1266,265,24,2765,530,1048.77,96.04,1.0
1267,179,22,2679,358,1048.76,93.14,1.0
1268,178,20,2678,356,1048.75,96.37,1.0
1269,19,16,2519,38,1048.74,69.07,1.0
1270,297,24,2797,594,1048.73,109.44,1.0
1271,17,18,2517,34,1048.69,66.32,1.0
1272,119,17,2619,238,1048.69,91.12,1.0
1273,183,21,2683,366,1048.69,94.1,1.0
1274,249,18,2749,498,1048.66,112.06,1.0
1275,53,18,2553,106,1048.65,75.38,1.0
1276,276,24,2776,552,1048.64,102.94,1.0
1277,30,17,2530,60,1048.6,68.67,1.0
1278,46,21,2546,92,1048.59,66.62,1.0
1279,23,19,2523,46,1048.56,64.71,1.0
1280,189,21,2689,378,1048.54,90.73,1.0
1281,262,19,2762,524,1048.54,110.73,1.0
1282,53,17,2553,106,1048.53,76.01,1.0
1283,55,20,2555,110,1048.53,69.58,1.0
1284,10,18,2510,20,1048.52,62.02,1.0
1285,37,17,2537,74,1048.51,67.65,1.0
1286,284,18,2784,568,1048.5,121.4,1.0
1287,197,22,2697,394,1048.49,97.6,1.0
1288,269,25,2769,538,1048.49,97.35,1.0
1289,113,21,2613,226,1048.47,87.16,1.0
1290,209,16,2709,418,1048.47,107.56,1.0
1291,54,17,2554,108,1048.46,73.71,1.0
1292,94,22,2594,188,1048.45,75.93,1.0
1293,260,17,2760,520,1048.44,117.64,1.0
1294,177,17,2677,354,1048.42,100.31,1.0
1295,117,21,2617,234,1048.41,82.81,1.0
1296,175,21,2675,350,1048.39,93.3,1.0
1297,195,21,2695,390,1048.39,91.51,1.0
1298,110,20,2610,220,1048.36,80.5,1.0
1299,278,24,2778,556,1048.36,103.37,1.0
1300,117,17,2617,234,1048.34,91.82,1.0
1301,181,17,2681,362,1048.33,99.27,1.0
1302,198,19,2698,396,1048.32,98.92,1.0
1303,63,20,2563,126,1048.31,74.35,1.0
1304,245,17,2745,490,1048.31,106.09,1.0
1305,2,19,2502,4,1048.29,63.04,1.0
1306,110,18,2610,220,1048.29,83.58,1.0
1307,89,19,2589,178,1048.27,81.46,1.0
1308,61,19,2561,122,1048.26,71.5,1.0
1309,188,23,2688,376,1048.26,86.9,1.0
1310,44,17,2544,88,1048.24,72.99,1.0
1311,46,15,2546,92,1048.23,75.92,1.0
1312,238,23,2738,476,1048.23,94.82,1.0
1313,38,18,2538,76,1048.19,70.86,1.0
1314,192,18,2692,384,1048.19,100.57,1.0
1315,64,20,2564,128,1048.17,71.26,1.0
1316,77,20,2577,154,1048.16,77.13,1.0
1317,292,24,2792,584,1048.13,107.9,1.0
1318,266,18,2766,532,1048.12,119.46,1.0
1319,43,20,2543,86,1048.11,71.01,1.0
1320,201,22,2701,402,1048.11,92.64,1.0
1321,179,17,2679,358,1048.1,102.76,1.0
1322,98,16,2598,196,1048.08,86.76,1.0
1323,116,17,2616,232,1048.08,92.31,1.0
1324,279,25,2779,558,1048.06,100.77,1.0
1325,114,17,2614,228,1048.04,84.7,1.0
1326,32,18,2532,64,1048.03,70.64,1.0
1327,10,17,2510,20,1048.02,63.28,1.0
1328,18,15,2518,36,1048.02,71.19,1.0
1329,35,20,2535,70,1048.02,66.9,1.0
1330,292,20,2792,584,1048.02,116.63,1.0
1331,184,18,2684,368,1048.01,99.9,1.0
1332,45,18,2545,90,1047.98,70.56,1.0
1333,42,18,2542,84,1047.96,77.05,1.0
1334,43,15,2543,86,1047.96,79.68,1.0
1335,51,20,2551,102,1047.95,69.67,1.0
1336,161,16,2661,322,1047.92,99.68,1.0
1337,184,22,2684,368,1047.92,89.87,1.0
1338,189,20,2689,378,1047.91,93.05,1.0
1339,58,18,2558,116,1047.88,72.9,1.0
1340,239,24,2739,478,1047.84,93.04,1.0
1341,255,16,2755,510,1047.84,117.65,1.0
1342,59,17,2559,118,1047.81,78.29,1.0
1343,155,18,2655,310,1047.79,94.06,1.0
1344,5,18,2505,10,1047.76,62.3,1.0
1345,136,18,2636,272,1047.76,91.12,1.0
1346,114,21,2614,228,1047.75,78.74,1.0
1347,1,14,2501,2,1047.74,65.85,1.0
1348,121,21,2621,242,1047.74,77.89,1.0
1349,140,22,2640,280,1047.73,82.96,1.0
1350,37,19,2537,74,1047.71,64.25,1.0
1351,44,20,2544,88,1047.71,68.66,1.0
1352,120,18,2620,240,1047.71,86.01,1.0
1353,236,18,2736,472,1047.71,104.36,1.0
1354,75,21,2575,150,1047.7,75.02,1.0
1355,216,20,2716,432,1047.68,99.63,1.0
1356,31,18,2531,62,1047.67,69.81,1.0
1357,233,17,2733,466,1047.67,105.17,1.0
1358,73,20,2573,146,1047.66,71.79,1.0
1359,157,19,2657,314,1047.62,92.08,1.0
1360,198,20,2698,396,1047.6,96.77,1.0
1361,79,15,2579,158,1047.56,90.58,1.0
1362,218,24,2718,436,1047.56,91.45,1.0
1363,147,20,2647,294,1047.55,86.51,1.0
1364,253,17,2753,506,1047.55,115.28,1.0
1365,295,17,2795,590,1047.54,122.64,1.0
1366,160,20,2660,320,1047.53,93.09,1.0
1367,9,15,2509,18,1047.51,67.35,1.0
1368,25,20,2525,50,1047.51,63.88,1.0
1369,167,17,2667,334,1047.51,99.27,1.0
1370,237,24,2737,474,1047.5,98.02,1.0
1371,183,19,2683,366,1047.49,97.44,1.0
1372,218,17,2718,436,1047.49,108.15,1.0
1373,3,18,2503,6,1047.47,62.19,1.0
1374,130,20,2630,260,1047.46,83.71,1.0
1375,89,16,2589,178,1047.45,88.27,1.0
1376,224,23,2724,448,1047.45,100.54,1.0
1377,171,16,2671,342,1047.44,99.82,1.0
1378,206,22,2706,412,1047.44,94.07,1.0
1379,178,18,2678,356,1047.43,99.28,1.0
1380,273,17,2773,546,1047.43,117.29,1.0
1381,47,15,2547,94,1047.42,75.95,1.0
1382,157,22,2657,314,1047.41,85.1,1.0
1383,147,21,2647,294,1047.41,83.22,1.0
1384,198,21,2698,396,1047.41,94.95,1.0
1385,159,18,2659,318,1047.39,94.66,1.0
1386,228,19,2728,456,1047.36,108.98,1.0
1387,197,19,2697,394,1047.35,103.49,1.0
1388,169,18,2669,338,1047.34,98.65,1.0
1389,83,20,2583,166,1047.32,74.68,1.0
1390,74,16,2574,148,1047.3,77.54,1.0
1391,242,18,2742,484,1047.29,107.61,1.0
1392,89,17,2589,178,1047.28,87.16,1.0
1393,138,16,2638,276,1047.28,98.62,1.0
1394,199,23,2699,398,1047.27,89.81,1.0
1395,181,23,2681,362,1047.26,85.29,1.0
1396,195,22,2695,390,1047.26,89.5,1.0
1397,47,21,2547,94,1047.18,67.38,1.0
1398,112,18,2612,224,1047.14,85.18,1.0
1399,141,17,2641,282,1047.14,94.23,1.0
1400,267,23,2767,534,1047.14,98.51,1.0
1401,214,19,2714,428,1047.12,97.46,1.0
1402,24,17,2524,48,1047.1,70.19,1.0
1403,190,17,2690,380,1047.1,99.46,1.0
1404,129,23,2629,258,1047.06,77.28,1.0
1405,285,20,2785,570,1047.05,107.69,1.0
1406,42,19,2542,84,1046.98,74.96,1.0
1407,56,19,2556,112,1046.98,69.47,1.0
1408,38,19,2538,76,1046.97,71.41,1.0
1409,21,20,2521,42,1046.97,65.74,1.0
1410,207,24,2707,414,1046.96,89.54,1.0
1411,108,17,2608,216,1046.94,85.65,1.0
1412,106,17,2606,212,1046.92,85.62,1.0
1413,248,24,2748,496,1046.92,95.78,1.0
1414,113,17,2613,226,1046.91,92.61,1.0
1415,231,24,2731,462,1046.91,89.45,1.0
1416,72,17,2572,144,1046.9,80.11,1.0
1417,246,18,2746,492,1046.89,109.13,1.0
1418,67,19,2567,134,1046.85,74.77,1.0
1419,169,21,2669,338,1046.85,90.53,1.0
1420,153,18,2653,306,1046.84,100.13,1.0
1421,29,17,2529,58,1046.83,69.59,1.0
1422,162,22,2662,324,1046.82,88.37,1.0
1423,120,19,2620,240,1046.79,85.32,1.0
1424,84,19,2584,168,1046.78,78.7,1.0
1425,161,23,2661,322,1046.78,82.17,1.0
1426,151,23,2651,302,1046.78,82.24,1.0
1427,17,16,2517,34,1046.77,68.84,1.0
1428,37,20,2537,74,1046.7,62.82,1.0
1429,152,22,2652,304,1046.66,83.72,1.0
1430,132,22,2632,264,1046.65,81.83,1.0
1431,31,16,2531,62,1046.64,71.82,1.0
1432,159,22,2659,318,1046.63,86.38,1.0
1433,120,20,2620,240,1046.61,84.91,1.0
1434,155,21,2655,310,1046.61,85.89,1.0
1435,105,22,2605,210,1046.59,75.28,1.0
1436,213,17,2713,426,1046.59,106.76,1.0
1437,104,22,2604,208,1046.54,77.35,1.0
1438,244,24,2744,488,1046.53,96.06,1.0
1439,126,22,2626,252,1046.51,78.91,1.0
1440,200,18,2700,400,1046.51,103.34,1.0
1441,45,19,2545,90,1046.49,68.3,1.0
1442,60,19,2560,120,1046.47,73.14,1.0
1443,87,19,2587,174,1046.45,82.29,1.0
1444,42,17,2542,84,1046.44,77.65,1.0
1445,68,16,2568,136,1046.42,78.96,1.0
1446,49,16,2549,98,1046.4,75.02,1.0
1447,180,18,2680,360,1046.38,97.65,1.0
1448,5,15,2505,10,1046.35,67.92,1.0
1449,28,18,2528,56,1046.28,69.39,1.0
1450,230,24,2730,460,1046.28,89.37,1.0
1451,23,16,2523,46,1046.27,69.98,1.0
1452,171,22,2671,342,1046.27,88.86,1.0
1453,103,22,2603,206,1046.26,81.01,1.0
1454,36,20,2536,72,1046.25,68.68,1.0
1455,173,23,2673,346,1046.25,85.02,1.0
1456,173,16,2673,346,1046.22,100.78,1.0
1457,85,20,2585,170,1046.21,74.07,1.0
1458,115,15,2615,230,1046.15,91.94,1.0
1459,134,17,2634,268,1046.15,91.39,1.0
1460,58,20,2558,116,1046.14,68.79,1.0
1461,24,18,2524,48,1046.12,70.68,1.0
1462,126,15,2626,252,1046.11,91.56,1.0
1463,144,23,2644,288,1046.1,81.93,1.0
1464,280,17,2780,560,1046.1,114.91,1.0
1465,183,20,2683,366,1046.09,96.84,1.0
1466,15,18,2515,30,1046.08,62.46,1.0
1467,273,25,2773,546,1046.08,98.01,1.0
1468,55,18,2555,110,1046.07,72.23,1.0
1469,29,18,2529,58,1046.07,68.15,1.0
1470,30,18,2530,60,1046.06,67.28,1.0
1471,297,19,2797,594,1046.05,119.36,1.0
1472,99,15,2599,198,1046.03,90.25,1.0
1473,252,18,2752,504,1046.03,112.63,1.0
1474,292,19,2792,584,1046.03,118.68,1.0
1475,271,25,2771,542,1046.02,99.57,1.0
1476,275,17,2775,550,1046.02,114.49,1.0
1477,259,23,2759,518,1046.0,100.15,1.0
1478,186,22,2686,372,1045.99,89.12,1.0
1479,229,17,2729,458,1045.99,109.84,1.0
1480,77,16,2577,154,1045.97,84.32,1.0
1481,213,24,2713,426,1045.95,89.71,1.0
1482,259,24,2759,518,1045.92,97.54,1.0
1483,5,16,2505,10,1045.9,65.49,1.0
1484,168,22,2668,336,1045.9,84.21,1.0
1485,220,19,2720,440,1045.9,106.47,1.0
1486,131,16,2631,262,1045.89,92.06,1.0
1487,134,19,2634,268,1045.89,89.08,1.0
1488,164,20,2664,328,1045.89,89.34,1.0
1489,208,23,2708,416,1045.89,94.6,1.0
1490,39,17,2539,78,1045.87,73.14,1.0
1491,299,26,2799,598,1045.84,94.72,1.0
1492,4,18,2504,8,1045.83,62.52,1.0
1493,194,23,2694,388,1045.82,87.84,1.0
1494,214,23,2714,428,1045.82,86.77,1.0
1495,218,16,2718,436,1045.82,108.54,1.0
1496,262,24,2762,524,1045.82,96.63,1.0
1497,188,17,2688,376,1045.79,99.21,1.0
1498,93,21,2593,186,1045.77,75.78,1.0
1499,17,17,2517,34,1045.76,67.93,1.0
1500,26,15,2526,52,1045.76,70.35,1.0
1501,67,18,2567,134,1045.75,76.84,1.0
1502,37,16,2537,74,1045.74,69.62,1.0
1503,153,19,2653,306,1045.7,97.1,1.0
1504,55,16,2555,110,1045.69,75.37,1.0
1505,278,19,2778,556,1045.68,117.91,1.0
1506,210,17,2710,420,1045.67,107.55,1.0
1507,268,24,2768,536,1045.62,101.23,1.0
1508,281,26,2781,562,1045.6,98.29,1.0
1509,103,16,2603,206,1045.56,89.39,1.0
1510,244,20,2744,488,1045.56,108.7,1.0
1511,272,23,2772,544,1045.55,101.79,1.0
1512,13,19,2513,26,1045.54,64.32,1.0
1513,102,21,2602,204,1045.52,80.26,1.0
1514,34,20,2534,68,1045.51,62.21,1.0
1515,62,15,2562,124,1045.48,83.97,1.0
1516,118,17,2618,236,1045.48,90.14,1.0
1517,141,16,2641,282,1045.48,95.77,1.0
1518,164,19,2664,328,1045.44,90.93,1.0
1519,3,15,2503,6,1045.43,66.48,1.0
1520,115,22,2615,230,1045.43,80.24,1.0
1521,102,17,2602,204,1045.41,89.95,1.0
1522,179,23,2679,358,1045.41,88.18,1.0
1523,7,14,2507,14,1045.34,68.5,1.0
1524,110,17,2610,220,1045.34,86.77,1.0
1525,39,16,2539,78,1045.32,74.9,1.0
1526,196,23,2696,392,1045.29,89.16,1.0
1527,239,18,2739,478,1045.28,108.36,1.0
1528,96,16,2596,192,1045.27,87.34,1.0
1529,275,26,2775,550,1045.24,91.98,1.0
1530,193,23,2693,386,1045.23,88.03,1.0
1531,116,21,2616,232,1045.22,87.2,1.0
1532,100,18,2600,200,1045.2,82.51,1.0
1533,201,17,2701,402,1045.18,103.4,1.0
1534,120,21,2620,240,1045.15,82.36,1.0
1535,216,23,2716,432,1045.15,95.56,1.0
1536,107,19,2607,214,1045.11,83.7,1.0
1537,219,24,2719,438,1045.11,88.99,1.0
1538,50,18,2550,100,1045.09,72.18,1.0
1539,232,17,2732,464,1045.09,111.54,1.0
1540,295,25,2795,590,1045.07,104.01,1.0
1541,266,25,2766,532,1045.05,96.32,1.0
1542,146,19,2646,292,1045.03,93.76,1.0
1543,128,22,2628,256,1045.02,81.34,1.0
1544,274,26,2774,548,1045.02,94.4,1.0
1545,111,16,2611,222,1045.0,91.42,1.0
1546,222,17,2722,444,1045.0,106.96,1.0
1547,189,19,2689,378,1044.98,96.3,1.0
1548,62,21,2562,124,1044.97,72.62,1.0
1549,166,16,2666,332,1044.96,98.21,1.0
1550,53,19,2553,106,1044.94,74.05,1.0
1551,39,18,2539,78,1044.88,71.42,1.0
1552,89,20,2589,178,1044.87,79.91,1.0
1553,230,16,2730,460,1044.86,108.68,1.0
1554,276,20,2776,552,1044.85,111.83,1.0
1555,127,22,2627,254,1044.84,80.6,1.0
1556,200,23,2700,400,1044.84,90.78,1.0
1557,289,25,2789,578,1044.84,101.39,1.0
1558,66,18,2566,132,1044.78,77.97,1.0
1559,146,18,2646,292,1044.78,94.49,1.0
1560,100,19,2600,200,1044.77,81.42,1.0
1561,272,20,2772,544,1044.75,110.04,1.0
1562,30,16,2530,60,1044.73,69.46,1.0
1563,217,20,2717,434,1044.73,100.03,1.0
1564,195,20,2695,390,1044.72,94.45,1.0
1565,203,19,2703,406,1044.71,101.42,1.0
1566,231,17,2731,462,1044.71,107.45,1.0
1567,276,19,2776,552,1044.71,112.84,1.0
1568,67,20,2567,134,1044.68,72.68,1.0
1569,26,20,2526,52,1044.67,63.49,1.0
1570,286,26,2786,572,1044.65,97.11,1.0
1571,17,19,2517,34,1044.64,65.44,1.0
1572,130,21,2630,260,1044.64,82.25,1.0
1573,59,19,2559,118,1044.62,73.35,1.0
1574,97,21,2597,194,1044.62,75.82,1.0
1575,104,15,2604,208,1044.59,88.44,1.0
1576,154,21,2654,308,1044.56,86.09,1.0
1577,271,17,2771,542,1044.56,122.54,1.0
1578,148,16,2648,296,1044.54,94.55,1.0
1579,12,18,2512,24,1044.52,64.9,1.0
1580,146,20,2646,292,1044.51,90.49,1.0
1581,133,23,2633,266,1044.5,82.32,1.0
1582,250,24,2750,500,1044.5,92.78,1.0
1583,294,17,2794,588,1044.44,120.89,1.0
1584,223,23,2723,446,1044.42,95.94,1.0
1585,238,24,2738,476,1044.4,91.23,1.0
1586,51,16,2551,102,1044.38,74.7,1.0
1587,59,16,2559,118,1044.38,80.16,1.0
1588,1,20,2501,2,1044.38,58.18,1.0
1589,185,17,2685,370,1044.38,100.13,1.0
1590,260,25,2760,520,1044.36,96.88,1.0
1591,287,17,2787,574,1044.36,122.27,1.0
1592,28,16,2528,56,1044.34,71.85,1.0
1593,28,19,2528,56,1044.29,67.05,1.0
1594,220,23,2720,440,1044.21,96.75,1.0
1595,40,16,2540,80,1044.2,74.96,1.0
1596,54,16,2554,108,1044.2,76.62,1.0
1597,88,21,2588,176,1044.2,74.78,1.0
1598,288,17,2788,576,1044.15,117.97,1.0
1599,61,20,2561,122,1044.14,70.58,1.0
1600,63,16,2563,126,1044.11,82.9,1.0
1601,263,17,2763,526,1044.1,122.88,1.0
1602,265,19,2765,530,1044.08,108.45,1.0
1603,84,18,2584,168,1044.07,78.58,1.0
1604,93,16,2593,186,1044.06,85.41,1.0
1605,162,17,2662,324,1044.06,99.56,1.0
1606,291,16,2791,582,1044.06,121.7,1.0
1607,34,16,2534,68,1044.05,72.52,1.0
1608,252,24,2752,504,1044.03,98.61,1.0
1609,278,25,2778,556,1044.03,99.43,1.0
1610,5,17,2505,10,1044.02,63.22,1.0
1611,277,18,2777,554,1043.99,119.92,1.0
1612,10,16,2510,20,1043.98,64.15,1.0
1613,110,21,2610,220,1043.98,77.37,1.0
1614,73,16,2573,146,1043.97,79.23,1.0
1615,112,17,2612,224,1043.91,88.96,1.0
1616,282,20,2782,564,1043.91,111.7,1.0
1617,174,17,2674,348,1043.9,96.88,1.0
1618,268,18,2768,536,1043.9,112.74,1.0
1619,64,21,2564,128,1043.86,69.81,1.0
1620,195,19,2695,390,1043.86,97.49,1.0
1621,285,25,2785,570,1043.86,95.61,1.0
1622,241,16,2741,482,1043.85,110.84,1.0
1623,221,16,2721,442,1043.84,111.74,1.0
1624,60,17,2560,120,1043.82,76.19,1.0
1625,143,20,2643,286,1043.81,91.9,1.0
1626,11,15,2511,22,1043.79,69.4,1.0
1627,21,15,2521,42,1043.77,72.53,1.0
1628,246,24,2746,492,1043.77,95.54,1.0
1629,123,19,2623,246,1043.74,83.6,1.0
1630,36,14,2536,72,1043.73,79.18,1.0
1631,191,20,2691,382,1043.72,101.12,1.0
1632,107,21,2607,214,1043.69,79.92,1.0
1633,18,20,2518,36,1043.67,66.38,1.0
1634,118,22,2618,236,1043.67,78.57,1.0
1635,78,15,2578,156,1043.64,90.55,1.0
1636,138,22,2638,276,1043.62,85.13,1.0
1637,211,25,2711,422,1043.62,86.69,1.0
1638,147,18,2647,294,1043.55,90.74,1.0
1639,270,24,2770,540,1043.54,98.32,1.0
1640,99,22,2599,198,1043.51,76.24,1.0
1641,206,23,2706,412,1043.5,91.28,1.0
1642,137,22,2637,274,1043.49,87.34,1.0
1643,15,19,2515,30,1043.45,62.0,1.0
1644,241,25,2741,482,1043.45,89.86,1.0
1645,53,16,2553,106,1043.44,79.83,1.0
1646,15,16,2515,30,1043.42,65.03,1.0
1647,16,17,2516,32,1043.4,67.53,1.0
1648,236,25,2736,472,1043.4,87.63,1.0
1649,83,21,2583,166,1043.39,74.4,1.0
1650,83,15,2583,166,1043.38,83.44,1.0
1651,149,19,2649,298,1043.34,88.48,1.0
1652,134,20,2634,268,1043.33,85.43,1.0
1653,175,22,2675,350,1043.31,91.76,1.0
1654,160,17,2660,320,1043.28,99.24,1.0
1655,202,24,2702,404,1043.26,89.74,1.0
1656,53,20,2553,106,1043.25,71.0,1.0
1657,87,16,2587,174,1043.22,87.85,1.0
1658,88,16,2588,176,1043.21,82.32,1.0
1659,215,16,2715,430,1043.18,114.0,1.0
1660,31,19,2531,62,1043.16,69.42,1.0
1661,160,21,2660,320,1043.16,91.16,1.0
1662,52,21,2552,104,1043.15,68.69,1.0
1663,237,17,2737,474,1043.15,114.63,1.0
1664,63,21,2563,126,1043.1,72.68,1.0
1665,4,17,2504,8,1043.09,63.41,1.0
1666,65,21,2565,130,1043.04,69.56,1.0
1667,33,20,2533,66,1043.02,66.75,1.0
1668,167,23,2667,334,1043.0,88.76,1.0
1669,12,17,2512,24,1042.97,66.9,1.0
1670,75,15,2575,150,1042.97,86.24,1.0
1671,14,14,2514,28,1042.96,69.83,1.0
1672,172,16,2672,344,1042.96,104.95,1.0
1673,86,16,2586,172,1042.95,82.84,1.0
1674,119,16,2619,238,1042.95,93.78,1.0
1675,151,16,2651,302,1042.95,97.57,1.0
1676,107,20,2607,214,1042.94,81.37,1.0
1677,58,17,2558,116,1042.93,74.46,1.0
1678,175,18,2675,350,1042.93,98.01,1.0
1679,19,19,2519,38,1042.91,65.46,1.0
1680,50,17,2550,100,1042.89,73.47,1.0
1681,41,21,2541,82,1042.88,69.86,1.0
1682,68,20,2568,136,1042.88,71.3,1.0
1683,193,17,2693,386,1042.88,102.46,1.0
1684,228,24,2728,456,1042.88,96.05,1.0
1685,107,18,2607,214,1042.87,84.53,1.0
1686,296,27,2796,592,1042.87,90.39,1.0
1687,33,15,2533,66,1042.84,71.89,1.0
1688,162,23,2662,324,1042.84,84.3,1.0
1689,100,17,2600,200,1042.82,85.96,1.0
1690,178,23,2678,356,1042.82,86.78,1.0
1691,240,25,2740,480,1042.81,92.71,1.0
1692,50,19,2550,100,1042.8,70.25,1.0
1693,0,17,2500,0,1042.8,62.66,1.0
1694,54,19,2554,108,1042.78,71.9,1.0
1695,129,15,2629,258,1042.77,93.52,1.0
1696,4,16,2504,8,1042.76,65.92,1.0
1697,235,18,2735,470,1042.75,110.98,1.0
1698,10,19,2510,20,1042.74,62.62,1.0
1699,128,17,2628,256,1042.74,91.32,1.0
1700,222,24,2722,444,1042.71,89.27,1.0
1701,16,16,2516,32,1042.69,69.02,1.0
1702,96,21,2596,192,1042.69,79.23,1.0
1703,100,20,2600,200,1042.68,79.52,1.0
1704,140,16,2640,280,1042.65,94.31,1.0
1705,101,21,2601,202,1042.63,76.91,1.0
1706,123,21,2623,246,1042.63,79.53,1.0
1707,108,21,2608,216,1042.62,77.05,1.0
1708,160,18,2660,320,1042.62,97.09,1.0
1709,136,22,2636,272,1042.6,84.1,1.0
1710,212,16,2712,424,1042.59,113.28,1.0
1711,272,19,2772,544,1042.57,111.9,1.0
1712,85,16,2585,170,1042.55,84.76,1.0
1713,205,15,2705,410,1042.52,105.27,1.0
1714,165,17,2665,330,1042.5,96.85,1.0
1715,144,15,2644,288,1042.48,104.21,1.0
1716,210,16,2710,420,1042.46,111.22,1.0
1717,132,16,2632,264,1042.45,90.93,1.0
1718,78,21,2578,156,1042.44,77.09,1.0
1719,71,21,2571,142,1042.42,72.5,1.0
1720,91,22,2591,182,1042.42,74.81,1.0
1721,0,16,2500,0,1042.41,63.96,1.0
1722,149,20,2649,298,1042.39,87.4,1.0
1723,248,18,2748,496,1042.39,110.18,1.0
1724,72,16,2572,144,1042.38,81.9,1.0
1725,232,25,2732,464,1042.36,93.1,1.0
1726,163,16,2663,326,1042.35,99.42,1.0
1727,29,19,2529,58,1042.32,67.15,1.0
1728,135,22,2635,270,1042.3,84.41,1.0
1729,225,16,2725,450,1042.28,106.28,1.0
1730,238,18,2738,476,1042.28,108.56,1.0
1731,70,17,2570,140,1042.27,79.23,1.0
1732,80,18,2580,160,1042.27,81.08,1.0
1733,148,23,2648,296,1042.27,81.17,1.0
1734,114,16,2614,228,1042.26,88.67,1.0
1735,195,18,2695,390,1042.22,100.96,1.0
1736,17,15,2517,34,1042.2,70.35,1.0
1737,165,16,2665,330,1042.19,99.31,1.0
1738,228,17,2728,456,1042.19,113.61,1.0
1739,44,16,2544,88,1042.17,76.19,1.0
1740,187,24,2687,374,1042.17,90.64,1.0
1741,49,20,2549,98,1042.16,67.67,1.0
1742,20,18,2520,40,1042.16,65.99,1.0
1743,149,18,2649,298,1042.16,89.14,1.0
1744,66,19,2566,132,1042.15,78.15,1.0
1745,127,17,2627,254,1042.15,91.43,1.0
1746,251,24,2751,502,1042.12,97.15,1.0
1747,267,24,2767,534,1042.12,97.48,1.0
1748,147,17,2647,294,1042.11,92.57,1.0
1749,186,17,2686,372,1042.08,100.84,1.0
1750,84,20,2584,168,1042.06,77.17,1.0
1751,152,16,2652,304,1042.03,95.44,1.0
1752,227,24,2727,454,1042.03,91.66,1.0
1753,223,16,2723,446,1042.02,109.9,1.0
1754,198,22,2698,396,1041.95,95.63,1.0
1755,150,16,2650,300,1041.93,94.63,1.0
1756,30,19,2530,60,1041.88,66.75,1.0
1757,27,18,2527,54,1041.87,66.14,1.0
1758,182,24,2682,364,1041.84,86.46,1.0
1759,95,16,2595,190,1041.81,86.39,1.0
1760,192,23,2692,384,1041.8,90.92,1.0
1761,67,21,2567,134,1041.77,69.65,1.0
1762,32,19,2532,64,1041.76,69.97,1.0
1763,190,23,2690,380,1041.74,83.83,1.0
1764,69,15,2569,138,1041.71,81.75,1.0
1765,155,22,2655,310,1041.7,84.99,1.0
1766,259,18,2759,518,1041.69,112.66,1.0
1767,42,16,2542,84,1041.66,78.57,1.0
1768,290,25,2790,580,1041.66,101.19,1.0
1769,291,26,2791,582,1041.65,98.56,1.0
1770,185,24,2685,370,1041.62,84.47,1.0
1771,60,20,2560,120,1041.61,71.15,1.0
1772,90,19,2590,180,1041.61,83.21,1.0
1773,61,16,2561,122,1041.59,78.74,1.0
1774,59,20,2559,118,1041.53,72.28,1.0
1775,100,16,2600,200,1041.53,87.29,1.0
1776,205,25,2705,410,1041.53,86.35,1.0
1777,256,16,2756,512,1041.53,114.38,1.0
1778,139,20,2639,278,1041.52,86.06,1.0
1779,12,16,2512,24,1041.51,66.52,1.0
1780,136,17,2636,272,1041.51,93.31,1.0
1781,174,23,2674,348,1041.51,86.87,1.0
1782,287,25,2787,574,1041.51,100.72,1.0
1783,109,19,2609,218,1041.48,84.79,1.0
1784,106,20,2606,212,1041.48,79.33,1.0
1785,207,16,2707,414,1041.48,109.57,1.0
1786,95,17,2595,190,1041.45,85.45,1.0
1787,194,18,2694,388,1041.45,99.12,1.0
1788,112,21,2612,224,1041.44,81.24,1.0
1789,24,19,2524,48,1041.42,69.75,1.0
1790,142,23,2642,284,1041.42,80.54,1.0
1791,216,19,2716,432,1041.4,102.62,1.0
1792,198,18,2698,396,1041.39,103.2,1.0
1793,155,17,2655,310,1041.36,97.36,1.0
1794,235,24,2735,470,1041.35,96.94,1.0
1795,177,23,2677,354,1041.32,86.85,1.0
1796,56,20,2556,112,1041.31,68.31,1.0
1797,253,25,2753,506,1041.3,97.75,1.0
1798,56,16,2556,112,1041.29,76.39,1.0
1799,240,16,2740,480,1041.29,115.54,1.0
1800,247,26,2747,494,1041.26,90.07,1.0
1801,74,15,2574,148,1041.25,80.99,1.0
1802,135,17,2635,270,1041.24,95.91,1.0
1803,203,18,2703,406,1041.2,104.62,1.0
1804,265,18,2765,530,1041.2,110.69,1.0
1805,122,17,2622,244,1041.19,90.85,1.0
1806,234,24,2734,468,1041.18,96.44,1.0
1807,243,21,2743,486,1041.18,107.97,1.0
1808,180,17,2680,360,1041.17,100.45,1.0
1809,41,15,2541,82,1041.15,78.71,1.0
1810,113,16,2613,226,1041.14,94.91,1.0
1811,189,22,2689,378,1041.13,89.12,1.0
1812,242,25,2742,484,1041.13,89.23,1.0
1813,257,16,2757,514,1041.13,120.16,1.0
1814,40,20,2540,80,1041.09,66.73,1.0
1815,150,22,2650,300,1041.07,81.79,1.0
1816,16,18,2516,32,1041.05,66.35,1.0
1817,177,16,2677,354,1041.03,102.89,1.0
1818,90,18,2590,180,1041.01,84.95,1.0
1819,130,17,2630,260,1040.99,89.84,1.0
1820,66,17,2566,132,1040.98,81.0,1.0
1821,123,18,2623,246,1040.94,86.93,1.0
1822,167,16,2667,334,1040.94,102.1,1.0
1823,64,15,2564,128,1040.92,78.75,1.0
1824,164,21,2664,328,1040.92,87.24,1.0
1825,199,24,2699,398,1040.92,88.84,1.0
1826,11,20,2511,22,1040.9,63.1,1.0
1827,8,18,2508,16,1040.89,65.9,1.0
1828,79,21,2579,158,1040.89,77.39,1.0
1829,134,21,2634,268,1040.85,82.64,1.0
1830,60,16,2560,120,1040.81,78.09,1.0
1831,48,21,2548,96,1040.78,68.56,1.0
1832,125,19,2625,250,1040.75,84.42,1.0
1833,196,17,2696,392,1040.73,102.25,1.0
1834,289,18,2789,578,1040.73,116.48,1.0
1835,98,15,2598,196,1040.72,88.71,1.0
1836,270,18,2770,540,1040.72,114.33,1.0
1837,153,20,2653,306,1040.7,94.93,1.0
1838,217,19,2717,434,1040.69,103.16,1.0
1839,284,25,2784,568,1040.69,102.65,1.0
1840,274,16,2774,548,1040.68,120.98,1.0
1841,39,19,2539,78,1040.67,70.05,1.0
1842,258,17,2758,516,1040.64,120.3,1.0
1843,5,19,2505,10,1040.61,61.97,1.0
1844,146,21,2646,292,1040.61,87.91,1.0
1845,0,18,2500,0,1040.6,59.97,1.0
1846,156,17,2656,312,1040.59,97.88,1.0
1847,180,22,2680,360,1040.57,93.15,1.0
1848,272,24,2772,544,1040.57,99.57,1.0
1849,168,23,2668,336,1040.55,83.24,1.0
1850,249,25,2749,498,1040.52,93.5,1.0
1851,197,18,2697,394,1040.42,108.34,1.0
1852,57,17,2557,114,1040.4,75.07,1.0
1853,260,16,2760,520,1040.37,118.65,1.0
1854,214,18,2714,428,1040.36,100.96,1.0
1855,300,26,2800,600,1040.36,101.83,1.0
1856,72,20,2572,144,1040.35,73.66,1.0
1857,158,24,2658,316,1040.33,85.37,1.0
1858,208,16,2708,416,1040.32,109.63,1.0
1859,206,17,2706,412,1040.31,105.56,1.0
1860,71,15,2571,142,1040.29,82.85,1.0
1861,282,19,2782,564,1040.26,113.01,1.0
1862,262,18,2762,524,1040.25,112.32,1.0
1863,234,17,2734,468,1040.23,113.39,1.0
1864,60,15,2560,120,1040.22,79.51,1.0
1865,70,18,2570,140,1040.22,79.03,1.0
1866,154,22,2654,308,1040.2,85.64,1.0
1867,149,21,2649,298,1040.16,85.54,1.0
1868,23,20,2523,46,1040.15,63.75,1.0
1869,85,21,2585,170,1040.15,72.7,1.0
1870,165,23,2665,330,1040.15,81.0,1.0
1871,262,25,2762,524,1040.11,94.6,1.0
1872,233,16,2733,466,1040.09,106.99,1.0
1873,125,18,2625,250,1040.07,85.63,1.0
1874,281,17,2781,562,1040.07,119.06,1.0
1875,7,20,2507,14,1040.05,59.66,1.0
1876,157,18,2657,314,1040.04,91.46,1.0
1877,50,16,2550,100,1040.0,73.36,1.0
1878,280,16,2780,560,1040.0,116.67,1.0
1879,147,22,2647,294,1039.97,81.88,1.0
1880,202,16,2702,404,1039.97,103.15,1.0
1881,143,21,2643,286,1039.95,88.91,1.0
1882,101,16,2601,202,1039.91,90.44,1.0
1883,139,19,2639,278,1039.91,86.26,1.0
1884,236,17,2736,472,1039.9,107.96,1.0
1885,51,21,2551,102,1039.86,67.06,1.0
1886,211,15,2711,422,1039.83,112.67,1.0
1887,120,16,2620,240,1039.79,90.08,1.0
1888,32,16,2532,64,1039.78,74.85,1.0
1889,251,25,2751,502,1039.76,93.87,1.0
1890,93,22,2593,186,1039.7,73.51,1.0
1891,282,25,2782,564,1039.7,95.1,1.0
1892,29,20,2529,58,1039.68,65.06,1.0
1893,57,19,2557,114,1039.67,71.7,1.0
1894,122,22,2622,244,1039.67,77.62,1.0
1895,80,19,2580,160,1039.66,80.43,1.0
1896,131,23,2631,262,1039.62,77.4,1.0
1897,184,17,2684,368,1039.61,101.45,1.0
1898,5,14,2505,10,1039.6,69.01,1.0
1899,34,15,2534,68,1039.59,74.75,1.0
1900,172,24,2672,344,1039.59,86.76,1.0
1901,31,15,2531,62,1039.58,73.96,1.0
1902,84,17,2584,168,1039.54,80.2,1.0
1903,229,25,2729,458,1039.54,90.66,1.0
1904,189,18,2689,378,1039.53,100.4,1.0
1905,76,17,2576,152,1039.52,76.93,1.0
1906,81,18,2581,162,1039.52,78.79,1.0
1907,197,23,2697,394,1039.51,95.39,1.0
1908,2,14,2502,4,1039.48,67.98,1.0
1909,2,20,2502,4,1039.48,61.57,1.0
1910,212,25,2712,424,1039.43,87.22,1.0
1911,45,16,2545,90,1039.42,73.76,1.0
1912,74,21,2574,148,1039.42,71.73,1.0
1913,203,24,2703,406,1039.42,87.99,1.0
1914,261,25,2761,522,1039.42,91.41,1.0
1915,24,16,2524,48,1039.39,73.78,1.0
1916,299,17,2799,598,1039.37,120.05,1.0
1917,48,14,2548,96,1039.35,77.7,1.0
1918,226,17,2726,452,1039.34,112.74,1.0
1919,227,17,2727,454,1039.31,112.21,1.0
1920,35,15,2535,70,1039.27,77.83,1.0
1921,89,21,2589,178,1039.26,78.1,1.0
1922,171,23,2671,342,1039.26,86.33,1.0
1923,188,24,2688,376,1039.23,85.35,1.0
1924,175,23,2675,350,1039.22,90.64,1.0
1925,13,15,2513,26,1039.21,70.16,1.0
1926,279,16,2779,558,1039.2,123.42,1.0
1927,102,16,2602,204,1039.19,89.2,1.0
1928,220,18,2720,440,1039.13,110.34,1.0
1929,219,16,2719,438,1039.1,111.7,1.0
1930,149,17,2649,298,1039.09,92.4,1.0
1931,57,18,2557,114,1039.06,72.21,1.0
1932,29,16,2529,58,1039.06,72.34,1.0
1933,39,15,2539,78,1039.05,76.91,1.0
1934,153,21,2653,306,1039.05,91.05,1.0
1935,223,24,2723,446,1039.04,92.89,1.0
1936,137,16,2637,274,1039.03,97.06,1.0
1937,43,14,2543,86,1039.02,79.76,1.0
1938,106,21,2606,212,1039.01,78.71,1.0
1939,115,23,2615,230,1039.0,76.88,1.0
1940,37,21,2537,74,1038.99,63.53,1.0
1941,204,23,2704,408,1038.96,95.38,1.0
1942,53,15,2553,106,1038.94,81.98,1.0
1943,69,20,2569,138,1038.94,74.57,1.0
1944,284,17,2784,568,1038.91,122.96,1.0
1945,67,17,2567,134,1038.87,80.28,1.0
1946,121,22,2621,242,1038.83,76.54,1.0
1947,125,20,2625,250,1038.82,83.23,1.0
1948,73,21,2573,146,1038.81,70.75,1.0
1949,183,22,2683,366,1038.81,90.82,1.0
1950,50,20,2550,100,1038.8,69.78,1.0
1951,210,24,2710,420,1038.8,92.51,1.0
1952,23,15,2523,46,1038.79,72.38,1.0
1953,105,16,2605,210,1038.77,84.44,1.0
1954,178,17,2678,356,1038.74,104.96,1.0
1955,233,25,2733,466,1038.71,86.64,1.0
1956,4,19,2504,8,1038.7,61.62,1.0
1957,204,18,2704,408,1038.68,106.07,1.0
1958,22,17,2522,44,1038.67,68.95,1.0
1959,201,23,2701,402,1038.66,91.35,1.0
1960,90,20,2590,180,1038.63,80.61,1.0
1961,111,22,2611,222,1038.62,79.92,1.0
1962,119,15,2619,238,1038.56,95.42,1.0
1963,133,15,2633,266,1038.55,96.02,1.0
1964,38,20,2538,76,1038.54,68.84,1.0
1965,52,14,2552,104,1038.54,77.94,1.0
1966,21,21,2521,42,1038.51,64.88,1.0
1967,14,20,2514,28,1038.51,62.35,1.0
1968,117,16,2617,234,1038.5,93.99,1.0
1969,183,18,2683,366,1038.5,100.46,1.0
1970,25,14,2525,50,1038.48,72.71,1.0
1971,19,15,2519,38,1038.44,69.96,1.0
1972,44,21,2544,88,1038.39,67.42,1.0
1973,200,17,2700,400,1038.39,105.23,1.0
1974,224,17,2724,448,1038.34,113.54,1.0
1975,70,19,2570,140,1038.31,76.34,1.0
1976,82,20,2582,164,1038.31,74.23,1.0
1977,258,25,2758,516,1038.31,96.2,1.0
1978,55,15,2555,110,1038.3,78.09,1.0
1979,124,14,2624,248,1038.28,99.03,1.0
1980,298,16,2798,596,1038.27,127.89,1.0
1981,217,21,2717,434,1038.25,98.76,1.0
1982,58,21,2558,116,1038.22,68.97,1.0
1983,176,16,2676,352,1038.2,97.57,1.0
1984,9,20,2509,18,1038.18,60.75,1.0
1985,46,14,2546,92,1038.17,77.39,1.0
1986,3,19,2503,6,1038.17,61.96,1.0
1987,141,23,2641,282,1038.17,83.17,1.0
1988,131,15,2631,262,1038.15,94.0,1.0
1989,118,16,2618,236,1038.14,89.76,1.0
1990,166,23,2666,332,1038.07,85.11,1.0
1991,80,17,2580,160,1038.06,82.68,1.0
1992,8,17,2508,16,1038.03,68.28,1.0
1993,47,14,2547,94,1038.02,76.88,1.0
1994,54,20,2554,108,1038.02,69.19,1.0
1995,273,16,2773,546,1037.98,119.95,1.0
1996,32,20,2532,64,1037.97,67.03,1.0
1997,273,26,2773,546,1037.97,95.9,1.0
1998,168,17,2668,336,1037.96,97.06,1.0
1999,81,19,2581,162,1037.92,78.3,1.0
2000,112,16,2612,224,1037.92,91.71,1.0
2001,20,17,2520,40,1037.9,68.43,1.0
2002,76,19,2576,152,1037.9,73.65,1.0
2003,262,17,2762,524,1037.84,116.38,1.0
2004,56,21,2556,112,1037.83,67.45,1.0
2005,86,22,2586,172,1037.82,73.59,1.0
2006,130,22,2630,260,1037.76,79.67,1.0
2007,218,25,2718,436,1037.76,88.44,1.0
2008,4,15,2504,8,1037.73,67.52,1.0
2009,96,15,2596,192,1037.7,89.09,1.0
2010,162,16,2662,324,1037.7,101.55,1.0
2011,237,25,2737,474,1037.69,96.55,1.0
2012,139,18,2639,278,1037.67,90.01,1.0
2013,38,15,2538,76,1037.66,76.55,1.0
2014,106,16,2606,212,1037.54,88.74,1.0
2015,198,23,2698,396,1037.54,91.96,1.0
2016,124,23,2624,248,1037.53,79.35,1.0
2017,89,15,2589,178,1037.51,91.15,1.0
2018,134,16,2634,268,1037.51,92.81,1.0
2019,98,22,2598,196,1037.48,76.29,1.0
2020,109,20,2609,218,1037.47,82.37,1.0
2021,191,22,2691,382,1037.47,97.59,1.0
2022,11,14,2511,22,1037.46,71.67,1.0
2023,257,26,2757,514,1037.41,94.97,1.0
2024,22,18,2522,44,1037.4,67.66,1.0
2025,254,26,2754,508,1037.39,93.08,1.0
2026,268,17,2768,536,1037.39,115.42,1.0
2027,174,16,2674,348,1037.37,99.61,1.0
2028,109,18,2609,218,1037.34,86.24,1.0
2029,28,20,2528,56,1037.31,66.23,1.0
2030,79,14,2579,158,1037.29,91.17,1.0
2031,66,20,2566,132,1037.28,77.59,1.0
2032,88,15,2588,176,1037.28,83.33,1.0
2033,116,16,2616,232,1037.26,96.45,1.0
2034,207,25,2707,414,1037.26,86.26,1.0
2035,292,18,2792,584,1037.23,122.91,1.0
2036,195,23,2695,390,1037.22,88.7,1.0
2037,30,20,2530,60,1037.21,66.28,1.0
2038,263,26,2763,526,1037.18,96.77,1.0
2039,276,18,2776,552,1037.15,115.91,1.0
2040,184,23,2684,368,1037.12,86.93,1.0
2041,42,20,2542,84,1037.1,75.14,1.0
2042,169,22,2669,338,1037.1,90.18,1.0
2043,186,16,2686,372,1037.1,106.08,1.0
2044,65,14,2565,130,1037.08,80.38,1.0
2045,191,19,2691,382,1037.08,102.75,1.0
2046,237,16,2737,474,1037.08,116.75,1.0
2047,135,23,2635,270,1037.03,81.34,1.0
2048,103,23,2603,206,1037.02,77.35,1.0
2049,49,15,2549,98,1037.01,77.69,1.0
2050,59,21,2559,118,1036.98,71.96,1.0
2051,195,17,2695,390,1036.98,103.61,1.0
2052,10,15,2510,20,1036.97,67.35,1.0
2053,285,19,2785,570,1036.97,113.8,1.0
2054,217,22,2717,434,1036.95,96.86,1.0
2055,28,15,2528,56,1036.92,74.13,1.0
2056,18,14,2518,36,1036.88,73.1,1.0
2057,45,20,2545,90,1036.88,67.87,1.0
2058,164,18,2664,328,1036.84,94.38,1.0
2059,251,17,2751,502,1036.8,111.97,1.0
2060,243,20,2743,486,1036.79,108.93,1.0
2061,269,16,2769,538,1036.78,120.17,1.0
2062,90,21,2590,180,1036.74,78.16,1.0
2063,176,23,2676,352,1036.74,86.36,1.0
2064,122,16,2622,244,1036.73,93.69,1.0
2065,169,17,2669,338,1036.73,102.35,1.0
2066,95,22,2595,190,1036.72,78.28,1.0
2067,255,26,2755,510,1036.72,93.12,1.0
2068,61,21,2561,122,1036.71,69.47,1.0
2069,36,21,2536,72,1036.67,69.31,1.0
2070,94,14,2594,188,1036.66,91.43,1.0
2071,26,21,2526,52,1036.64,62.42,1.0
2072,189,17,2689,378,1036.61,103.91,1.0
2073,16,19,2516,32,1036.59,65.18,1.0
2074,230,25,2730,460,1036.58,88.81,1.0
2075,191,21,2691,382,1036.57,99.58,1.0
2076,226,25,2726,452,1036.57,89.89,1.0
2077,8,16,2508,16,1036.55,68.65,1.0
2078,221,25,2721,442,1036.55,91.78,1.0
2079,246,25,2746,492,1036.55,92.85,1.0
2080,268,25,2768,536,1036.55,98.59,1.0
2081,173,24,2673,346,1036.53,82.87,1.0
2082,107,17,2607,214,1036.51,87.46,1.0
2083,227,25,2727,454,1036.51,89.49,1.0
2084,76,18,2576,152,1036.49,75.97,1.0
2085,138,23,2638,276,1036.43,83.4,1.0
2086,90,17,2590,180,1036.4,87.77,1.0
2087,110,16,2610,220,1036.39,88.21,1.0
2088,245,16,2745,490,1036.39,111.5,1.0
2089,77,15,2577,154,1036.38,87.03,1.0
2090,40,15,2540,80,1036.35,76.36,1.0
2091,278,18,2778,556,1036.34,121.28,1.0
2092,87,20,2587,174,1036.32,83.1,1.0
2093,50,15,2550,100,1036.29,77.99,1.0
2094,3,14,2503,6,1036.29,69.31,1.0
2095,156,22,2656,312,1036.29,88.54,1.0
2096,135,16,2635,270,1036.28,98.9,1.0
2097,15,15,2515,30,1036.26,66.6,1.0
2098,248,25,2748,496,1036.26,92.44,1.0
2099,256,25,2756,512,1036.23,100.63,1.0
2100,143,18,2643,286,1036.22,97.89,1.0
2101,153,17,2653,306,1036.22,102.16,1.0
2102,160,22,2660,320,1036.21,86.18,1.0
2103,47,22,2547,94,1036.2,66.83,1.0
2104,13,20,2513,26,1036.18,62.5,1.0
2105,139,21,2639,278,1036.16,84.81,1.0
2106,154,16,2654,308,1036.16,99.6,1.0
2107,239,25,2739,478,1036.16,91.07,1.0
2108,143,22,2643,286,1036.14,86.03,1.0
2109,0,19,2500,0,1036.09,59.84,1.0
2110,159,17,2659,318,1036.09,98.9,1.0
2111,33,14,2533,66,1036.08,74.18,1.0
2112,204,24,2704,408,1036.06,93.62,1.0
2113,192,17,2692,384,1036.03,103.65,1.0
2114,147,16,2647,294,1036.0,94.78,1.0
2115,15,20,2515,30,1035.96,61.7,1.0
2116,80,16,2580,160,1035.94,83.79,1.0
2117,58,16,2558,116,1035.91,78.37,1.0
2118,249,17,2749,498,1035.91,114.26,1.0
2119,62,14,2562,124,1035.9,84.71,1.0
2120,157,23,2657,314,1035.9,84.57,1.0
2121,193,24,2693,386,1035.87,85.67,1.0
2122,292,25,2792,584,1035.86,104.94,1.0
2123,82,19,2582,164,1035.85,76.47,1.0
2124,19,20,2519,38,1035.84,63.66,1.0
2125,97,22,2597,194,1035.83,74.55,1.0
2126,10,20,2510,20,1035.79,60.35,1.0
2127,60,21,2560,120,1035.78,68.67,1.0
2128,23,14,2523,46,1035.73,74.4,1.0
2129,37,15,2537,74,1035.72,70.09,1.0
2130,68,15,2568,136,1035.71,78.74,1.0
2131,12,15,2512,24,1035.7,69.38,1.0
2132,189,23,2689,378,1035.7,86.6,1.0
2133,12,19,2512,24,1035.68,65.05,1.0
2134,1,21,2501,2,1035.68,58.58,1.0
2135,126,23,2626,252,1035.68,77.66,1.0
2136,121,15,2621,242,1035.65,97.17,1.0
2137,215,25,2715,430,1035.63,91.51,1.0
2138,22,16,2522,44,1035.62,70.39,1.0
2139,72,21,2572,144,1035.61,72.61,1.0
2140,290,18,2790,580,1035.57,119.2,1.0
2141,247,15,2747,494,1035.55,114.8,1.0
2142,186,23,2686,372,1035.53,87.14,1.0
2143,164,22,2664,328,1035.52,85.24,1.0
2144,30,15,2530,60,1035.51,71.43,1.0
2145,293,26,2793,586,1035.5,94.57,1.0
2146,110,22,2610,220,1035.49,76.3,1.0
2147,128,23,2628,256,1035.49,78.09,1.0
2148,252,25,2752,504,1035.44,96.93,1.0
2149,278,26,2778,556,1035.44,96.41,1.0
2150,26,14,2526,52,1035.43,72.45,1.0
2151,145,14,2645,290,1035.43,102.64,1.0
2152,114,22,2614,228,1035.42,77.16,1.0
2153,143,23,2643,286,1035.38,84.2,1.0
2154,199,16,2699,398,1035.38,107.42,1.0
2155,103,15,2603,206,1035.34,91.25,1.0
2156,220,17,2720,440,1035.34,111.58,1.0
2157,217,18,2717,434,1035.33,105.25,1.0
2158,294,26,2794,588,1035.29,99.23,1.0
2159,159,23,2659,318,1035.27,84.84,1.0
2160,231,16,2731,462,1035.22,109.56,1.0
2161,27,17,2527,54,1035.17,67.86,1.0
2162,0,15,2500,0,1035.16,65.98,1.0
2163,238,25,2738,476,1035.15,88.64,1.0
2164,17,20,2517,34,1035.14,65.13,1.0
2165,246,17,2746,492,1035.14,113.0,1.0
2166,175,17,2675,350,1035.12,100.05,1.0
2167,277,26,2777,554,1035.11,95.79,1.0
2168,128,16,2628,256,1035.09,95.81,1.0
2169,271,26,2771,542,1035.07,96.25,1.0
2170,20,16,2520,40,1034.97,68.07,1.0
2171,84,21,2584,168,1034.97,76.08,1.0
2172,27,19,2527,54,1034.96,64.61,1.0
2173,116,22,2616,232,1034.96,83.93,1.0
2174,221,15,2721,442,1034.96,113.47,1.0
2175,243,22,2743,486,1034.95,105.2,1.0
2176,250,17,2750,500,1034.95,115.28,1.0
2177,76,20,2576,152,1034.92,73.13,1.0
2178,234,25,2734,468,1034.91,93.16,1.0
2179,215,15,2715,430,1034.89,114.41,1.0
2180,150,23,2650,300,1034.87,80.92,1.0
2181,208,24,2708,416,1034.82,91.34,1.0
2182,22,15,2522,44,1034.79,71.45,1.0
2183,104,14,2604,208,1034.78,91.56,1.0
2184,283,17,2783,566,1034.75,124.58,1.0
2185,127,16,2627,254,1034.73,94.52,1.0
2186,120,22,2620,240,1034.73,79.85,1.0
2187,229,16,2729,458,1034.73,113.13,1.0
2188,170,15,2670,340,1034.66,102.09,1.0
2189,82,18,2582,164,1034.63,80.73,1.0
2190,134,22,2634,268,1034.63,82.08,1.0
2191,119,22,2619,238,1034.62,80.15,1.0
2192,264,26,2764,528,1034.57,93.48,1.0
2193,244,19,2744,488,1034.53,111.08,1.0
2194,51,15,2551,102,1034.5,76.76,1.0
2195,269,26,2769,538,1034.5,94.6,1.0
2196,16,15,2516,32,1034.45,70.07,1.0
2197,205,14,2705,410,1034.42,108.78,1.0
2198,266,17,2766,532,1034.42,122.45,1.0
2199,148,15,2648,296,1034.39,95.05,1.0
2200,125,17,2625,250,1034.37,88.92,1.0
2201,55,21,2555,110,1034.36,69.54,1.0
2202,86,15,2586,172,1034.35,86.16,1.0
2203,146,22,2646,292,1034.32,87.16,1.0
2204,296,16,2796,592,1034.3,120.65,1.0
2205,31,20,2531,62,1034.28,67.92,1.0
2206,20,19,2520,40,1034.28,65.41,1.0
2207,179,24,2679,358,1034.27,86.2,1.0
2208,204,17,2704,408,1034.27,110.76,1.0
2209,146,17,2646,292,1034.26,97.54,1.0
2210,113,22,2613,226,1034.21,85.33,1.0
2211,209,25,2709,418,1034.14,85.98,1.0
2212,216,18,2716,432,1034.13,107.7,1.0
2213,270,17,2770,540,1034.11,115.74,1.0
2214,39,20,2539,78,1034.09,68.21,1.0
2215,109,21,2609,218,1034.09,80.2,1.0
2216,78,22,2578,156,1034.04,74.59,1.0
2217,182,16,2682,364,1034.04,107.17,1.0
2218,9,14,2509,18,1034.02,69.57,1.0
2219,56,15,2556,112,1034.02,77.05,1.0
2220,228,25,2728,456,1034.01,92.45,1.0
2221,197,17,2697,394,1033.97,111.56,1.0
2222,54,15,2554,108,1033.95,79.32,1.0
2223,126,14,2626,252,1033.9,94.32,1.0
2224,108,16,2608,216,1033.89,87.33,1.0
2225,163,24,2663,326,1033.86,81.96,1.0
2226,214,24,2714,428,1033.85,87.89,1.0
2227,108,22,2608,216,1033.8,75.69,1.0
2228,265,25,2765,530,1033.78,93.13,1.0
2229,160,16,2660,320,1033.75,101.41,1.0
2230,300,17,2800,600,1033.75,129.74,1.0
2231,117,22,2617,234,1033.74,81.78,1.0
2232,152,23,2652,304,1033.74,83.31,1.0
2233,91,15,2591,182,1033.73,85.39,1.0
2234,76,16,2576,152,1033.72,77.47,1.0
2235,188,16,2688,376,1033.67,101.24,1.0
2236,180,23,2680,360,1033.66,89.31,1.0
2237,158,14,2658,316,1033.63,105.55,1.0
2238,87,21,2587,174,1033.62,79.73,1.0
2239,238,17,2738,476,1033.62,109.46,1.0
2240,46,22,2546,92,1033.61,65.52,1.0
2241,285,18,2785,570,1033.61,116.39,1.0
2242,100,15,2600,200,1033.6,88.64,1.0
2243,267,18,2767,534,1033.6,113.97,1.0
2244,8,15,2508,16,1033.55,70.03,1.0
2245,53,21,2553,106,1033.52,69.55,1.0
2246,136,16,2636,272,1033.5,95.17,1.0
2247,21,14,2521,42,1033.48,73.13,1.0
2248,298,27,2798,596,1033.48,97.03,1.0
2249,87,15,2587,174,1033.47,88.67,1.0
2250,279,26,2779,558,1033.47,97.7,1.0
2251,172,15,2672,344,1033.46,106.04,1.0
2252,153,22,2653,306,1033.41,88.75,1.0
2253,239,17,2739,478,1033.41,112.49,1.0
2254,5,20,2505,10,1033.4,61.07,1.0
2255,198,17,2698,396,1033.4,104.62,1.0
2256,295,26,2795,590,1033.38,101.68,1.0
2257,255,15,2755,510,1033.36,120.34,1.0
2258,245,25,2745,490,1033.33,91.16,1.0
2259,267,25,2767,534,1033.32,94.02,1.0
2260,143,19,2643,286,1033.31,95.67,1.0
2261,250,25,2750,500,1033.26,92.0,1.0
2262,138,15,2638,276,1033.23,102.57,1.0
2263,4,14,2504,8,1033.22,69.34,1.0
2264,263,16,2763,526,1033.2,123.3,1.0
2265,288,27,2788,576,1033.19,90.46,1.0
2266,276,25,2776,552,1033.14,102.19,1.0
2267,293,17,2793,586,1033.12,118.64,1.0
2268,40,21,2540,80,1033.09,65.74,1.0
2269,75,22,2575,150,1033.09,74.11,1.0
2270,141,15,2641,282,1033.08,98.16,1.0
2271,77,21,2577,154,1033.07,77.52,1.0
2272,100,21,2600,200,1033.06,77.71,1.0
2273,203,17,2703,406,1033.05,105.43,1.0
2274,194,24,2694,388,1033.04,87.24,1.0
2275,22,19,2522,44,1033.02,67.08,1.0
2276,194,17,2694,388,1033.02,103.11,1.0
2277,156,16,2656,312,1032.98,100.11,1.0
2278,123,22,2623,246,1032.95,79.93,1.0
2279,23,21,2523,46,1032.94,63.6,1.0
2280,66,16,2566,132,1032.91,84.86,1.0
2281,161,15,2661,322,1032.9,101.38,1.0
2282,213,25,2713,426,1032.76,88.89,1.0
2283,196,24,2696,392,1032.75,87.03,1.0
2284,286,27,2786,572,1032.75,92.93,1.0
2285,43,21,2543,86,1032.72,70.07,1.0
2286,220,24,2720,440,1032.72,95.23,1.0
2287,149,16,2649,298,1032.7,96.65,1.0
2288,231,25,2731,462,1032.7,88.02,1.0
2289,37,14,2537,74,1032.69,72.72,1.0
2290,8,19,2508,16,1032.68,64.62,1.0
2291,61,15,2561,122,1032.63,80.46,1.0
2292,4,20,2504,8,1032.62,60.95,1.0
2293,170,25,2670,340,1032.6,83.97,1.0
2294,216,24,2716,432,1032.58,91.79,1.0
2295,228,16,2728,456,1032.57,112.62,1.0
2296,34,21,2534,68,1032.56,61.55,1.0
2297,140,23,2640,280,1032.56,82.2,1.0
2298,168,24,2668,336,1032.56,81.56,1.0
2299,161,24,2661,322,1032.55,80.05,1.0
2300,55,14,2555,110,1032.52,81.23,1.0
2301,181,24,2681,362,1032.52,82.81,1.0
2302,261,17,2761,522,1032.5,113.24,1.0
2303,6,17,2506,12,1032.49,62.91,1.0
2304,190,16,2690,380,1032.46,102.08,1.0
2305,65,22,2565,130,1032.45,69.07,1.0
2306,32,15,2532,64,1032.44,75.22,1.0
2307,18,21,2518,36,1032.43,65.82,1.0
2308,35,21,2535,70,1032.43,66.53,1.0
2309,156,23,2656,312,1032.42,84.96,1.0
2310,225,25,2725,450,1032.4,86.55,1.0
2311,114,15,2614,228,1032.39,90.05,1.0
2312,127,23,2627,254,1032.38,78.62,1.0
2313,24,20,2524,48,1032.34,68.52,1.0
2314,173,15,2673,346,1032.34,102.27,1.0
2315,27,16,2527,54,1032.33,67.26,1.0
2316,136,23,2636,272,1032.33,81.37,1.0
2317,63,15,2563,126,1032.32,83.19,1.0
2318,129,24,2629,258,1032.29,76.95,1.0
2319,155,16,2655,310,1032.26,102.94,1.0
2320,112,15,2612,224,1032.22,92.11,1.0
2321,168,16,2668,336,1032.21,98.3,1.0
2322,144,14,2644,288,1032.2,104.51,1.0
2323,113,15,2613,226,1032.18,96.07,1.0
2324,122,23,2622,244,1032.18,75.47,1.0
2325,70,16,2570,140,1032.17,82.05,1.0
2326,94,23,2594,188,1032.15,75.42,1.0
2327,42,15,2542,84,1032.14,80.33,1.0
2328,272,25,2772,544,1032.14,99.29,1.0
2329,164,17,2664,328,1032.13,96.39,1.0
2330,102,22,2602,204,1032.11,79.07,1.0
2331,68,21,2568,136,1032.04,70.28,1.0
2332,197,24,2697,394,1032.04,92.55,1.0
2333,17,14,2517,34,1032.03,71.73,1.0
2334,297,18,2797,594,1032.02,121.83,1.0
2335,118,23,2618,236,1032.0,77.4,1.0
2336,154,23,2654,308,1032.0,84.3,1.0
2337,171,15,2671,342,1032.0,107.05,1.0
2338,243,19,2743,486,1032.0,111.04,1.0
2339,283,26,2783,566,1032.0,103.32,1.0
2340,179,16,2679,358,1031.98,105.3,1.0
2341,107,22,2607,214,1031.97,78.09,1.0
2342,102,15,2602,204,1031.93,90.6,1.0
2343,184,16,2684,368,1031.93,102.36,1.0
2344,171,24,2671,342,1031.91,85.47,1.0
2345,175,16,2675,350,1031.87,102.07,1.0
2346,7,13,2507,14,1031.86,69.66,1.0
2347,248,17,2748,496,1031.86,113.21,1.0
2348,112,22,2612,224,1031.85,78.44,1.0
2349,125,21,2625,250,1031.85,82.68,1.0
2350,90,16,2590,180,1031.84,88.14,1.0
2351,234,16,2734,468,1031.81,114.35,1.0
2352,57,20,2557,114,1031.78,70.58,1.0
2353,77,14,2577,154,1031.78,87.52,1.0
2354,92,19,2592,184,1031.77,78.64,1.0
2355,85,15,2585,170,1031.66,85.72,1.0
2356,44,15,2544,88,1031.65,78.33,1.0
2357,266,26,2766,532,1031.63,94.97,1.0
2358,144,24,2644,288,1031.6,82.55,1.0
2359,111,15,2611,222,1031.59,94.07,1.0
2360,12,20,2512,24,1031.58,63.02,1.0
2361,277,17,2777,554,1031.56,121.38,1.0
2362,29,21,2529,58,1031.53,64.14,1.0
2363,109,17,2609,218,1031.51,88.18,1.0
2364,285,26,2785,570,1031.5,94.6,1.0
2365,125,16,2625,250,1031.48,92.13,1.0
2366,225,15,2725,450,1031.42,110.58,1.0
2367,264,15,2764,528,1031.41,120.43,1.0
2368,159,16,2659,318,1031.36,101.39,1.0
2369,76,21,2576,152,1031.35,72.79,1.0
2370,25,21,2525,50,1031.33,63.48,1.0
2371,297,25,2797,594,1031.27,106.36,1.0
2372,137,23,2637,274,1031.22,85.59,1.0
2373,132,23,2632,264,1031.21,80.35,1.0
2374,49,21,2549,98,1031.12,67.81,1.0
2375,70,20,2570,140,1031.08,74.27,1.0
2376,81,20,2581,162,1031.07,77.7,1.0
2377,259,25,2759,518,1031.07,96.37,1.0
2378,167,24,2667,334,1031.04,87.38,1.0
2379,78,14,2578,156,1031.03,93.71,1.0
2380,272,18,2772,544,1031.0,113.34,1.0
2381,85,22,2585,170,1030.94,70.24,1.0
2382,80,20,2580,160,1030.92,79.05,1.0
2383,81,17,2581,162,1030.92,80.19,1.0
2384,189,16,2689,378,1030.91,104.61,1.0
2385,191,18,2691,382,1030.91,104.93,1.0
2386,259,17,2759,518,1030.86,114.81,1.0
2387,97,15,2597,194,1030.85,88.62,1.0
2388,149,22,2649,298,1030.81,82.73,1.0
2389,206,24,2706,412,1030.81,91.24,1.0
2390,101,22,2601,202,1030.8,75.33,1.0
2391,290,26,2790,580,1030.8,98.8,1.0
2392,244,25,2744,488,1030.75,94.15,1.0
2393,280,26,2780,560,1030.75,94.68,1.0
2394,217,23,2717,434,1030.73,93.13,1.0
2395,72,15,2572,144,1030.71,83.68,1.0
2396,286,16,2786,572,1030.71,123.16,1.0
2397,81,16,2581,162,1030.7,80.24,1.0
2398,200,24,2700,400,1030.69,90.12,1.0
2399,6,18,2506,12,1030.65,61.04,1.0
2400,129,14,2629,258,1030.63,95.95,1.0
2401,275,16,2775,550,1030.56,116.24,1.0
2402,216,17,2716,432,1030.46,108.96,1.0
2403,155,23,2655,310,1030.43,82.94,1.0
2404,104,23,2604,208,1030.42,76.56,1.0
2405,24,15,2524,48,1030.4,74.11,1.0
2406,33,21,2533,66,1030.37,66.76,1.0
2407,130,16,2630,260,1030.36,91.93,1.0
2408,71,14,2571,142,1030.32,86.13,1.0
2409,145,24,2645,290,1030.32,81.2,1.0
2410,73,15,2573,146,1030.28,82.51,1.0
2411,96,22,2596,192,1030.26,77.3,1.0
2412,190,24,2690,380,1030.26,85.08,1.0
2413,143,17,2643,286,1030.25,101.83,1.0
2414,106,22,2606,212,1030.21,78.76,1.0
2415,193,16,2693,386,1030.19,104.06,1.0
2416,82,16,2582,164,1030.18,83.25,1.0
2417,62,22,2562,124,1030.17,70.92,1.0
2418,270,25,2770,540,1030.16,94.5,1.0
2419,284,26,2784,568,1030.14,100.37,1.0
2420,99,23,2599,198,1030.13,75.31,1.0
2421,209,15,2709,418,1030.11,110.65,1.0
2422,177,24,2677,354,1030.08,84.14,1.0
2423,166,15,2666,332,1030.06,103.72,1.0
2424,232,16,2732,464,1030.04,114.55,1.0
2425,6,19,2506,12,1030.0,60.54,1.0
2426,38,21,2538,76,1029.94,69.03,1.0
2427,137,15,2637,274,1029.94,99.28,1.0
2428,157,17,2657,314,1029.92,96.69,1.0
2429,142,14,2642,284,1029.91,100.43,1.0
2430,51,22,2551,102,1029.9,66.39,1.0
2431,83,22,2583,166,1029.89,73.38,1.0
2432,12,14,2512,24,1029.88,70.88,1.0
2433,117,15,2617,234,1029.86,96.46,1.0
2434,200,16,2700,400,1029.86,106.62,1.0
2435,74,22,2574,148,1029.83,71.8,1.0
2436,59,15,2559,118,1029.82,82.42,1.0
2437,1,13,2501,2,1029.8,67.65,1.0
2438,36,13,2536,72,1029.76,80.97,1.0
2439,249,26,2749,498,1029.74,91.46,1.0
2440,75,14,2575,150,1029.73,89.05,1.0
2441,67,16,2567,134,1029.67,81.1,1.0
2442,282,26,2782,564,1029.66,95.76,1.0
2443,139,17,2639,278,1029.61,92.54,1.0
2444,213,16,2713,426,1029.6,107.11,1.0
2445,6,16,2506,12,1029.59,64.3,1.0
2446,139,22,2639,278,1029.58,81.75,1.0
2447,152,15,2652,304,1029.58,97.36,1.0
2448,16,20,2516,32,1029.57,64.37,1.0
2449,31,14,2531,62,1029.56,74.57,1.0
2450,146,23,2646,292,1029.56,83.99,1.0
2451,82,21,2582,164,1029.55,73.57,1.0
2452,224,24,2724,448,1029.54,97.6,1.0
2453,57,16,2557,114,1029.5,78.32,1.0
2454,14,13,2514,28,1029.47,71.39,1.0
2455,280,15,2780,560,1029.4,122.17,1.0
2456,151,24,2651,302,1029.35,80.13,1.0
2457,15,14,2515,30,1029.34,69.3,1.0
2458,50,21,2550,100,1029.33,70.16,1.0
2459,2,13,2502,4,1029.28,68.25,1.0
2460,136,15,2636,272,1029.28,96.78,1.0
2461,198,24,2698,396,1029.26,91.51,1.0
2462,258,26,2758,516,1029.26,93.32,1.0
2463,88,22,2588,176,1029.23,74.98,1.0
2464,11,21,2511,22,1029.21,62.19,1.0
2465,132,15,2632,264,1029.18,94.62,1.0
2466,29,15,2529,58,1029.15,74.72,1.0
2467,242,17,2742,484,1029.11,111.09,1.0
2468,187,25,2687,374,1029.07,86.35,1.0
2469,121,23,2621,242,1029.04,75.13,1.0
2470,233,26,2733,466,1029.04,84.08,1.0
2471,74,14,2574,148,1029.03,81.38,1.0
2472,243,23,2743,486,1029.03,101.12,1.0
2473,93,15,2593,186,1029.02,89.63,1.0
2474,116,15,2616,232,1029.01,99.59,1.0
2475,42,21,2542,84,1028.98,72.56,1.0
2476,192,24,2692,384,1028.96,87.53,1.0
2477,178,16,2678,356,1028.93,107.34,1.0
2478,151,15,2651,302,1028.91,99.26,1.0
2479,289,26,2789,578,1028.91,97.51,1.0
2480,235,17,2735,470,1028.89,111.25,1.0
2481,99,14,2599,198,1028.88,91.58,1.0
2482,60,14,2560,120,1028.87,82.08,1.0
2483,174,24,2674,348,1028.84,85.11,1.0
2484,89,22,2589,178,1028.83,76.05,1.0
2485,27,15,2527,54,1028.82,69.43,1.0
2486,162,15,2662,324,1028.8,101.7,1.0
2487,192,16,2692,384,1028.78,105.94,1.0
2488,163,15,2663,326,1028.77,101.43,1.0
2489,230,15,2730,460,1028.76,113.11,1.0
2490,241,26,2741,482,1028.76,87.61,1.0
2491,84,16,2584,168,1028.68,82.16,1.0
2492,41,14,2541,82,1028.63,80.76,1.0
2493,58,22,2558,116,1028.62,68.92,1.0
2494,214,17,2714,428,1028.58,106.42,1.0
2495,274,27,2774,548,1028.57,91.4,1.0
2496,22,20,2522,44,1028.56,65.45,1.0
2497,177,15,2677,354,1028.56,106.3,1.0
2498,167,15,2667,334,1028.53,105.27,1.0
2499,235,25,2735,470,1028.53,95.6,1.0
2500,236,16,2736,472,1028.49,110.11,1.0
2501,69,14,2569,138,1028.46,83.65,1.0
2502,48,22,2548,96,1028.41,68.69,1.0
2503,69,21,2569,138,1028.4,74.01,1.0
2504,143,16,2643,286,1028.4,103.72,1.0
2505,252,17,2752,504,1028.4,115.79,1.0
2506,240,26,2740,480,1028.37,91.39,1.0
2507,52,22,2552,104,1028.34,67.92,1.0
2508,147,23,2647,294,1028.34,81.87,1.0
2509,14,21,2514,28,1028.33,62.48,1.0
2510,9,21,2509,18,1028.29,60.87,1.0
2511,0,20,2500,0,1028.28,59.1,1.0
2512,212,15,2712,424,1028.28,114.34,1.0
2513,58,15,2558,116,1028.24,81.51,1.0
2514,300,16,2800,600,1028.21,127.95,1.0
2515,127,15,2627,254,1028.19,94.71,1.0
2516,148,24,2648,296,1028.19,79.23,1.0
2517,223,25,2723,446,1028.19,91.09,1.0
2518,222,25,2722,444,1028.09,86.18,1.0
2519,257,15,2757,514,1028.08,120.71,1.0
2520,224,16,2724,448,1028.04,117.29,1.0
2521,63,22,2563,126,1028.02,71.02,1.0
2522,287,26,2787,574,1027.98,98.1,1.0
2523,276,17,2776,552,1027.95,117.42,1.0
2524,92,20,2592,184,1027.93,76.46,1.0
2525,71,22,2571,142,1027.91,69.95,1.0
2526,34,14,2534,68,1027.9,76.4,1.0
2527,123,17,2623,246,1027.89,90.59,1.0
2528,134,15,2634,268,1027.89,95.04,1.0
2529,3,20,2503,6,1027.86,61.09,1.0
2530,146,16,2646,292,1027.84,97.83,1.0
2531,27,20,2527,54,1027.83,63.21,1.0
2532,61,22,2561,122,1027.76,67.54,1.0
2533,107,16,2607,214,1027.75,88.45,1.0
2534,25,13,2525,50,1027.74,74.77,1.0
2535,230,26,2730,460,1027.74,85.75,1.0
2536,256,15,2756,512,1027.74,115.96,1.0
2537,289,17,2789,578,1027.73,117.39,1.0
2538,300,27,2800,600,1027.71,100.43,1.0
2539,281,27,2781,562,1027.65,95.85,1.0
2540,160,23,2660,320,1027.61,83.41,1.0
2541,97,23,2597,194,1027.59,72.18,1.0
2542,100,22,2600,200,1027.51,76.75,1.0
2543,262,26,2762,524,1027.51,93.09,1.0
2544,195,16,2695,390,1027.5,104.34,1.0
2545,199,25,2699,398,1027.49,88.12,1.0
2546,206,16,2706,412,1027.48,107.26,1.0
2547,175,24,2675,350,1027.45,88.06,1.0
2548,183,23,2683,366,1027.43,89.44,1.0
2549,13,14,2513,26,1027.4,72.09,1.0
2550,45,21,2545,90,1027.38,67.07,1.0
2551,105,15,2605,210,1027.27,87.19,1.0
2552,226,16,2726,452,1027.27,115.82,1.0
2553,119,23,2619,238,1027.26,77.72,1.0
2554,253,16,2753,506,1027.26,117.98,1.0
2555,18,13,2518,36,1027.24,75.53,1.0
2556,197,16,2697,394,1027.24,113.09,1.0
2557,111,23,2611,222,1027.23,78.91,1.0
2558,23,13,2523,46,1027.2,75.44,1.0
2559,66,21,2566,132,1027.2,74.26,1.0
2560,140,15,2640,280,1027.2,98.08,1.0
2561,176,24,2676,352,1027.08,83.5,1.0
2562,184,24,2684,368,1027.08,83.66,1.0
2563,207,15,2707,414,1027.08,113.73,1.0
2564,134,23,2634,268,1027.05,80.05,1.0
2565,115,14,2615,230,1027.04,96.44,1.0
2566,55,22,2555,110,1027.03,66.84,1.0
2567,67,22,2567,134,1027.01,68.84,1.0
2568,35,14,2535,70,1027.0,77.51,1.0
2569,64,14,2564,128,1026.94,81.97,1.0
2570,118,15,2618,236,1026.94,91.11,1.0
2571,201,24,2701,402,1026.94,88.58,1.0
2572,10,14,2510,20,1026.89,67.96,1.0
2573,185,16,2685,370,1026.85,105.93,1.0
2574,28,14,2528,56,1026.83,74.44,1.0
2575,169,23,2669,338,1026.83,89.01,1.0
2576,201,16,2701,402,1026.8,106.65,1.0
2577,202,15,2702,404,1026.78,104.48,1.0
2578,189,24,2689,378,1026.77,84.99,1.0
2579,254,15,2754,508,1026.71,122.09,1.0
2580,120,15,2620,240,1026.6,93.14,1.0
2581,19,14,2519,38,1026.57,72.87,1.0
2582,242,26,2742,484,1026.54,87.47,1.0
2583,299,27,2799,598,1026.44,93.78,1.0
2584,32,21,2532,64,1026.43,66.86,1.0
2585,2,21,2502,4,1026.43,61.8,1.0
2586,204,16,2704,408,1026.36,111.55,1.0
2587,53,14,2553,106,1026.33,82.22,1.0
2588,158,25,2658,316,1026.32,83.51,1.0
2589,64,22,2564,128,1026.31,68.26,1.0
2590,7,21,2507,14,1026.3,59.16,1.0
2591,133,24,2633,266,1026.3,80.73,1.0
2592,115,24,2615,230,1026.28,75.29,1.0
2593,60,22,2560,120,1026.25,68.84,1.0
2594,95,15,2595,190,1026.2,88.79,1.0
2595,150,15,2650,300,1026.16,97.44,1.0
2596,185,25,2685,370,1025.98,81.96,1.0
2597,68,22,2568,136,1025.95,69.32,1.0
2598,32,14,2532,64,1025.84,77.53,1.0
2599,39,21,2539,78,1025.84,67.94,1.0
2600,83,14,2583,166,1025.82,85.32,1.0
2601,88,14,2588,176,1025.79,86.03,1.0
2602,124,24,2624,248,1025.77,78.04,1.0
2603,142,24,2642,284,1025.76,80.09,1.0
2604,246,16,2746,492,1025.76,116.08,1.0
2605,22,14,2522,44,1025.73,72.24,1.0
2606,47,13,2547,94,1025.73,79.56,1.0
2607,181,16,2681,362,1025.72,102.96,1.0
2608,80,21,2580,160,1025.71,76.33,1.0
2609,186,15,2686,372,1025.68,107.65,1.0
2610,106,15,2606,212,1025.67,90.97,1.0
2611,57,15,2557,114,1025.65,80.6,1.0
2612,46,13,2546,92,1025.63,79.38,1.0
2613,16,14,2516,32,1025.61,72.9,1.0
2614,166,24,2666,332,1025.6,84.17,1.0
2615,82,17,2582,164,1025.59,82.87,1.0
2616,253,26,2753,506,1025.56,95.17,1.0
2617,42,14,2542,84,1025.43,81.81,1.0
2618,294,16,2794,588,1025.41,127.4,1.0
2619,204,25,2704,408,1025.4,90.86,1.0
2620,236,26,2736,472,1025.4,88.7,1.0
2621,219,25,2719,438,1025.39,89.21,1.0
2622,84,22,2584,168,1025.38,73.49,1.0
2623,165,15,2665,330,1025.38,101.38,1.0
2624,292,17,2792,584,1025.36,122.98,1.0
2625,212,26,2712,424,1025.34,83.5,1.0
2626,56,14,2556,112,1025.33,79.5,1.0
2627,28,21,2528,56,1025.33,66.34,1.0
2628,40,14,2540,80,1025.25,78.87,1.0
2629,233,15,2733,466,1025.23,109.52,1.0
2630,159,24,2659,318,1025.2,83.29,1.0
2631,139,23,2639,278,1025.17,80.06,1.0
2632,249,16,2749,498,1025.17,115.35,1.0
2633,101,15,2601,202,1025.16,92.93,1.0
2634,10,21,2510,20,1025.12,60.17,1.0
2635,20,20,2520,40,1025.08,64.75,1.0
2636,70,21,2570,140,1025.07,73.11,1.0
2637,92,17,2592,184,1025.07,82.31,1.0
2638,292,26,2792,584,1025.07,101.01,1.0
2639,196,16,2696,392,1025.05,106.09,1.0
2640,30,21,2530,60,1025.03,67.99,1.0
2641,56,22,2556,112,1024.96,67.02,1.0
2642,278,17,2778,556,1024.94,123.55,1.0
2643,276,26,2776,552,1024.91,99.23,1.0
2644,273,15,2773,546,1024.91,123.79,1.0
2645,77,22,2577,154,1024.87,77.11,1.0
2646,54,21,2554,108,1024.84,68.47,1.0
2647,43,13,2543,86,1024.81,83.05,1.0
2648,141,24,2641,282,1024.8,82.03,1.0
2649,261,16,2761,522,1024.8,116.39,1.0
2650,49,14,2549,98,1024.77,79.19,1.0
2651,139,16,2639,278,1024.76,92.9,1.0
2652,165,24,2665,330,1024.76,80.51,1.0
2653,261,26,2761,522,1024.66,88.5,1.0
2654,107,15,2607,214,1024.6,90.32,1.0
2655,39,14,2539,78,1024.58,78.93,1.0
2656,285,17,2785,570,1024.57,121.3,1.0
2657,130,23,2630,260,1024.55,78.86,1.0
2658,87,22,2587,174,1024.53,78.79,1.0
2659,187,15,2687,374,1024.53,110.11,1.0
2660,26,13,2526,52,1024.51,73.97,1.0
2661,154,24,2654,308,1024.51,80.38,1.0
2662,8,20,2508,16,1024.49,64.29,1.0
2663,44,22,2544,88,1024.46,66.19,1.0
2664,98,14,2598,196,1024.46,90.1,1.0
2665,11,13,2511,22,1024.39,71.83,1.0
2666,295,16,2795,590,1024.37,127.8,1.0
2667,244,18,2744,488,1024.36,114.08,1.0
2668,24,21,2524,48,1024.35,67.68,1.0
2669,178,24,2678,356,1024.35,85.87,1.0
2670,232,26,2732,464,1024.32,93.11,1.0
2671,296,28,2796,592,1024.27,89.87,1.0
2672,6,15,2506,12,1024.26,65.06,1.0
2673,76,15,2576,152,1024.23,80.22,1.0
2674,82,15,2582,164,1024.22,85.5,1.0
2675,92,18,2592,184,1024.21,81.12,1.0
2676,239,16,2739,478,1024.21,115.61,1.0
2677,299,16,2799,598,1024.21,123.65,1.0
2678,53,22,2553,106,1024.2,67.7,1.0
2679,105,23,2605,210,1024.17,74.4,1.0
2680,202,25,2702,404,1024.17,85.7,1.0
2681,20,15,2520,40,1024.16,69.9,1.0
2682,164,23,2664,328,1024.16,84.01,1.0
2683,256,26,2756,512,1024.16,98.57,1.0
2684,110,23,2610,220,1024.11,76.23,1.0
2685,243,18,2743,486,1024.1,113.88,1.0
2686,100,14,2600,200,1024.08,90.89,1.0
2687,19,21,2519,38,1024.06,63.64,1.0
2688,81,15,2581,162,1024.04,82.12,1.0
2689,45,15,2545,90,1024.02,75.65,1.0
2690,108,15,2608,216,1024.02,89.54,1.0
2691,229,26,2729,458,1024.01,88.28,1.0
2692,90,22,2590,180,1023.99,77.29,1.0
2693,260,15,2760,520,1023.97,120.86,1.0
2694,271,16,2771,542,1023.97,125.17,1.0
2695,109,16,2609,218,1023.95,88.74,1.0
2696,186,24,2686,372,1023.92,85.47,1.0
2697,205,26,2705,410,1023.89,83.82,1.0
2698,0,14,2500,0,1023.83,67.55,1.0
2699,223,15,2723,446,1023.74,113.67,1.0
2700,13,21,2513,26,1023.7,61.1,1.0
2701,57,21,2557,114,1023.69,69.57,1.0
2702,125,22,2625,250,1023.69,81.32,1.0
2703,183,17,2683,366,1023.65,103.39,1.0
2704,211,26,2711,422,1023.58,86.02,1.0
2705,79,22,2579,158,1023.55,77.83,1.0
2706,98,23,2598,196,1023.55,75.39,1.0
2707,218,15,2718,436,1023.54,111.97,1.0
2708,191,23,2691,382,1023.53,95.05,1.0
2709,72,22,2572,144,1023.45,70.95,1.0
2710,17,21,2517,34,1023.42,64.33,1.0
2711,15,21,2515,30,1023.4,59.78,1.0
2712,81,21,2581,162,1023.39,75.86,1.0
2713,109,22,2609,218,1023.38,79.04,1.0
2714,214,25,2714,428,1023.34,85.24,1.0
2715,294,27,2794,588,1023.34,96.87,1.0
2716,119,14,2619,238,1023.26,96.36,1.0
2717,275,27,2775,550,1023.23,89.76,1.0
2718,80,15,2580,160,1023.22,86.36,1.0
2719,240,15,2740,480,1023.18,118.93,1.0
2720,260,26,2760,520,1023.18,94.57,1.0
2721,267,17,2767,534,1023.18,116.35,1.0
2722,168,25,2668,336,1023.09,77.97,1.0
2723,5,13,2505,10,1023.06,69.11,1.0
2724,291,27,2791,582,1023.06,95.59,1.0
2725,66,15,2566,132,1023.04,86.8,1.0
2726,135,24,2635,270,1022.99,78.29,1.0
2727,203,25,2703,406,1022.98,84.48,1.0
2728,227,16,2727,454,1022.98,116.17,1.0
2729,12,21,2512,24,1022.95,62.76,1.0
2730,30,14,2530,60,1022.93,72.5,1.0
2731,216,25,2716,432,1022.93,89.47,1.0
2732,131,24,2631,262,1022.92,76.55,1.0
2733,210,15,2710,420,1022.91,114.55,1.0
2734,251,26,2751,502,1022.87,91.95,1.0
2735,61,14,2561,122,1022.86,82.44,1.0
2736,195,24,2695,390,1022.86,86.56,1.0
2737,110,15,2610,220,1022.8,91.24,1.0
2738,122,15,2622,244,1022.8,94.97,1.0
2739,239,26,2739,478,1022.77,88.49,1.0
2740,281,16,2781,562,1022.76,125.18,1.0
2741,38,14,2538,76,1022.69,79.36,1.0
2742,41,22,2541,82,1022.67,69.47,1.0
2743,113,23,2613,226,1022.65,83.77,1.0
2744,3,13,2503,6,1022.64,70.86,1.0
2745,222,16,2722,444,1022.64,109.03,1.0
2746,8,14,2508,16,1022.59,71.84,1.0
2747,111,14,2611,222,1022.53,95.57,1.0
2748,89,14,2589,178,1022.51,93.3,1.0
2749,79,13,2579,158,1022.46,95.87,1.0
2750,21,13,2521,42,1022.44,75.64,1.0
2751,43,22,2543,86,1022.39,70.0,1.0
2752,247,27,2747,494,1022.37,89.59,1.0
2753,97,14,2597,194,1022.29,90.16,1.0
2754,250,26,2750,500,1022.28,91.59,1.0
2755,199,15,2699,398,1022.26,111.28,1.0
2756,95,23,2595,190,1022.24,76.63,1.0
2757,265,17,2765,530,1022.23,114.39,1.0
2758,93,14,2593,186,1022.21,91.77,1.0
2759,41,13,2541,82,1022.18,80.55,1.0
2760,31,21,2531,62,1022.17,66.28,1.0
2761,210,25,2710,420,1022.14,90.56,1.0
2762,271,27,2771,542,1022.14,93.36,1.0
2763,103,14,2603,206,1022.08,95.21,1.0
2764,198,16,2698,396,1022.06,107.16,1.0
2765,70,15,2570,140,1022.05,83.38,1.0
2766,78,13,2578,156,1021.96,94.94,1.0
2767,73,22,2573,146,1021.93,69.88,1.0
2768,63,14,2563,126,1021.91,84.13,1.0
2769,44,14,2544,88,1021.9,78.78,1.0
2770,93,23,2593,186,1021.9,74.52,1.0
2771,96,23,2596,192,1021.87,74.34,1.0
2772,209,26,2709,418,1021.87,84.27,1.0
2773,27,14,2527,54,1021.84,71.67,1.0
2774,229,15,2729,458,1021.77,115.78,1.0
2775,180,16,2680,360,1021.76,103.28,1.0
2776,92,16,2592,184,1021.7,84.53,1.0
2777,135,15,2635,270,1021.7,100.6,1.0
2778,123,23,2623,246,1021.69,78.9,1.0
2779,125,15,2625,250,1021.64,92.16,1.0
2780,96,14,2596,192,1021.63,92.54,1.0
2781,147,15,2647,294,1021.62,96.73,1.0
2782,226,26,2726,452,1021.6,88.73,1.0
2783,265,26,2765,530,1021.56,91.86,1.0
2784,29,14,2529,58,1021.55,76.83,1.0
2785,50,14,2550,100,1021.52,79.34,1.0
2786,51,14,2551,102,1021.52,77.53,1.0
2787,162,24,2662,324,1021.49,81.96,1.0
2788,248,16,2748,496,1021.48,116.52,1.0
2789,26,22,2526,52,1021.41,62.5,1.0
2790,152,24,2652,304,1021.39,83.04,1.0
2791,4,21,2504,8,1021.35,59.12,1.0
2792,176,15,2676,352,1021.35,102.61,1.0
2793,187,14,2687,374,1021.35,113.17,1.0
2794,67,15,2567,134,1021.33,81.79,1.0
2795,217,17,2717,434,1021.33,109.43,1.0
2796,21,22,2521,42,1021.29,65.04,1.0
2797,238,16,2738,476,1021.28,112.69,1.0
2798,282,18,2782,564,1021.26,117.87,1.0
2799,120,23,2620,240,1021.25,79.41,1.0
2800,154,15,2654,308,1021.24,103.66,1.0
2801,252,26,2752,504,1021.23,93.41,1.0
2802,150,24,2650,300,1021.22,79.52,1.0
2803,114,23,2614,228,1021.21,76.08,1.0
2804,91,14,2591,182,1021.15,88.83,1.0
2805,273,27,2773,546,1021.14,93.85,1.0
2806,237,26,2737,474,1021.13,94.64,1.0
2807,108,23,2608,216,1021.09,75.13,1.0
2808,196,25,2696,392,1021.07,85.1,1.0
2809,5,21,2505,10,1021.06,60.33,1.0
2810,161,14,2661,322,1021.06,103.35,1.0
2811,218,26,2718,436,1021.03,86.92,1.0
2812,36,22,2536,72,1021.0,68.39,1.0
2813,59,22,2559,118,1020.98,70.37,1.0
2814,174,15,2674,348,1020.89,103.75,1.0
2815,86,23,2586,172,1020.84,73.02,1.0
2816,6,20,2506,12,1020.8,59.71,1.0
2817,266,16,2766,532,1020.79,124.73,1.0
2818,128,15,2628,256,1020.76,97.54,1.0
2819,219,15,2719,438,1020.7,113.91,1.0
2820,9,13,2509,18,1020.69,71.1,1.0
2821,209,14,2709,418,1020.68,113.43,1.0
2822,297,17,2797,594,1020.67,125.34,1.0
2823,92,21,2592,184,1020.63,74.31,1.0
2824,48,13,2548,96,1020.62,78.24,1.0
2825,225,26,2725,450,1020.62,85.37,1.0
2826,295,27,2795,590,1020.62,98.83,1.0
2827,68,14,2568,136,1020.58,82.9,1.0
2828,149,23,2649,298,1020.58,81.83,1.0
2829,52,13,2552,104,1020.57,80.13,1.0
2830,191,24,2691,382,1020.55,92.24,1.0
2831,243,24,2743,486,1020.54,99.42,1.0
2832,208,25,2708,416,1020.49,90.53,1.0
2833,188,25,2688,376,1020.44,84.24,1.0
2834,83,23,2583,166,1020.41,72.28,1.0
2835,192,25,2692,384,1020.41,86.05,1.0
2836,183,16,2683,366,1020.4,105.06,1.0
2837,262,16,2762,524,1020.4,121.13,1.0
2838,211,14,2711,422,1020.37,114.83,1.0
2839,156,15,2656,312,1020.35,101.04,1.0
2840,258,16,2758,516,1020.33,121.47,1.0
2841,126,24,2626,252,1020.32,75.43,1.0
2842,203,16,2703,406,1020.3,108.55,1.0
2843,227,26,2727,454,1020.28,87.39,1.0
2844,283,16,2783,566,1020.25,126.56,1.0
2845,123,16,2623,246,1020.24,92.4,1.0
2846,157,24,2657,314,1020.23,83.08,1.0
2847,164,24,2664,328,1020.21,81.23,1.0
2848,33,13,2533,66,1020.2,78.16,1.0
2849,170,14,2670,340,1020.17,104.81,1.0
2850,269,27,2769,538,1020.17,90.87,1.0
2851,153,23,2653,306,1020.14,87.12,1.0
2852,24,14,2524,48,1020.11,74.75,1.0
2853,246,26,2746,492,1020.09,92.19,1.0
2854,193,25,2693,386,1020.07,82.41,1.0
2855,179,25,2679,358,1019.98,85.24,1.0
2856,270,16,2770,540,1019.95,121.45,1.0
2857,241,15,2741,482,1019.94,116.49,1.0
2858,172,25,2672,344,1019.92,84.96,1.0
2859,112,23,2612,224,1019.89,76.95,1.0
2860,78,23,2578,156,1019.87,73.12,1.0
2861,259,16,2759,518,1019.85,116.66,1.0
2862,143,15,2643,286,1019.84,104.9,1.0
2863,290,17,2790,580,1019.82,122.5,1.0
2864,54,14,2554,108,1019.79,82.85,1.0
2865,34,22,2534,68,1019.78,61.64,1.0
2866,238,26,2738,476,1019.76,85.37,1.0
2867,284,16,2784,568,1019.74,125.02,1.0
2868,268,26,2768,536,1019.73,97.45,1.0
2869,182,15,2682,364,1019.7,109.03,1.0
2870,200,25,2700,400,1019.65,86.57,1.0
2871,251,16,2751,502,1019.63,116.08,1.0
2872,277,16,2777,554,1019.63,123.15,1.0
2873,106,23,2606,212,1019.62,77.31,1.0
2874,164,16,2664,328,1019.58,97.23,1.0
2875,4,13,2504,8,1019.54,68.93,1.0
2876,296,15,2796,592,1019.54,123.78,1.0
2877,37,22,2537,74,1019.53,61.9,1.0
2878,220,16,2720,440,1019.53,115.65,1.0
2879,62,13,2562,124,1019.52,85.46,1.0
2880,257,27,2757,514,1019.52,91.7,1.0
2881,91,23,2591,182,1019.51,74.52,1.0
2882,124,13,2624,248,1019.47,101.2,1.0
2883,245,26,2745,490,1019.45,90.97,1.0
2884,133,14,2633,266,1019.43,101.19,1.0
2885,263,27,2763,526,1019.42,93.26,1.0
2886,153,16,2653,306,1019.41,103.5,1.0
2887,297,26,2797,594,1019.41,103.5,1.0
2888,278,27,2778,556,1019.4,93.87,1.0
2889,80,22,2580,160,1019.39,75.01,1.0
2890,88,23,2588,176,1019.35,72.62,1.0
2891,234,26,2734,468,1019.35,90.89,1.0
2892,279,27,2779,558,1019.33,95.44,1.0
2893,169,16,2669,338,1019.31,104.71,1.0
2894,159,15,2659,318,1019.29,105.25,1.0
2895,23,22,2523,46,1019.26,63.02,1.0
2896,102,23,2602,204,1019.2,77.31,1.0
2897,94,13,2594,188,1019.19,94.5,1.0
2898,289,27,2789,578,1019.17,95.14,1.0
2899,194,16,2694,388,1019.15,105.84,1.0
2900,90,15,2590,180,1019.14,90.31,1.0
2901,84,15,2584,168,1019.12,83.67,1.0
2902,180,24,2680,360,1019.11,87.96,1.0
2903,213,26,2713,426,1019.11,86.16,1.0
2904,149,15,2649,298,1019.09,99.13,1.0
2905,58,14,2558,116,1019.08,83.01,1.0
2906,12,13,2512,24,1019.05,70.66,1.0
2907,234,15,2734,468,1019.01,119.09,1.0
2908,1,22,2501,2,1018.98,57.36,1.0
2909,22,21,2522,44,1018.91,65.36,1.0
2910,112,14,2612,224,1018.88,95.61,1.0
2911,267,26,2767,534,1018.87,93.5,1.0
2912,189,15,2689,378,1018.86,106.56,1.0
2913,221,26,2721,442,1018.84,88.93,1.0
2914,270,26,2770,540,1018.82,93.06,1.0
2915,250,16,2750,500,1018.8,116.12,1.0
2916,138,24,2638,276,1018.79,83.23,1.0
2917,191,17,2691,382,1018.78,106.47,1.0
2918,197,25,2697,394,1018.78,91.1,1.0
2919,16,21,2516,32,1018.77,64.82,1.0
2920,131,14,2631,262,1018.77,96.11,1.0
2921,155,24,2655,310,1018.76,79.91,1.0
2922,85,14,2585,170,1018.75,88.26,1.0
2923,254,27,2754,508,1018.71,91.48,1.0
2924,75,23,2575,150,1018.64,72.77,1.0
2925,206,15,2706,412,1018.58,108.99,1.0
2926,263,15,2763,526,1018.57,126.82,1.0
2927,284,27,2784,568,1018.57,97.28,1.0
2928,86,14,2586,172,1018.43,86.74,1.0
2929,173,25,2673,346,1018.42,81.23,1.0
2930,179,15,2679,358,1018.38,107.28,1.0
2931,231,26,2731,462,1018.35,84.58,1.0
2932,27,21,2527,54,1018.33,62.96,1.0
2933,223,26,2723,446,1018.23,88.12,1.0
2934,151,14,2651,302,1018.21,103.25,1.0
2935,190,15,2690,380,1018.09,105.26,1.0
2936,243,17,2743,486,1018.09,116.07,1.0
2937,217,24,2717,434,1018.02,91.34,1.0
2938,248,26,2748,496,1018.01,91.7,1.0
2939,70,22,2570,140,1017.92,71.34,1.0
2940,47,23,2547,94,1017.88,66.53,1.0
2941,196,15,2696,392,1017.88,107.92,1.0
2942,288,16,2788,576,1017.87,120.9,1.0
2943,182,25,2682,364,1017.86,85.65,1.0
2944,71,23,2571,142,1017.84,69.29,1.0
2945,20,14,2520,40,1017.83,71.29,1.0
2946,73,14,2573,146,1017.82,83.59,1.0
2947,136,24,2636,272,1017.75,80.29,1.0
2948,128,24,2628,256,1017.73,77.26,1.0
2949,220,25,2720,440,1017.69,92.24,1.0
2950,168,15,2668,336,1017.64,100.67,1.0
2951,272,17,2772,544,1017.63,118.43,1.0
2952,198,25,2698,396,1017.58,88.53,1.0
2953,82,22,2582,164,1017.56,73.06,1.0
2954,224,25,2724,448,1017.54,95.01,1.0
2955,269,15,2769,538,1017.43,123.65,1.0
2956,66,14,2566,132,1017.42,87.0,1.0
2957,138,14,2638,276,1017.42,105.83,1.0
2958,280,27,2780,560,1017.41,94.42,1.0
2959,157,16,2657,314,1017.33,100.73,1.0
2960,49,22,2549,98,1017.29,67.15,1.0
2961,237,15,2737,474,1017.28,121.36,1.0
2962,76,22,2576,152,1017.27,72.34,1.0
2963,291,15,2791,582,1017.25,124.12,1.0
2964,45,14,2545,90,1017.21,77.23,1.0
2965,213,15,2713,426,1017.11,109.27,1.0
2966,274,15,2774,548,1017.07,122.23,1.0
2967,148,14,2648,296,1017.06,97.29,1.0
2968,114,14,2614,228,1016.93,92.37,1.0
2969,188,15,2688,376,1016.91,103.85,1.0
2970,10,13,2510,20,1016.89,68.91,1.0
2971,65,13,2565,130,1016.87,82.22,1.0
2972,65,23,2565,130,1016.82,69.48,1.0
2973,94,24,2594,188,1016.82,73.69,1.0
2974,298,28,2798,596,1016.82,96.93,1.0
2975,160,24,2660,320,1016.79,83.37,1.0
2976,66,22,2566,132,1016.74,72.79,1.0
2977,146,24,2646,292,1016.71,81.76,1.0
2978,282,27,2782,564,1016.71,92.95,1.0
2979,9,22,2509,18,1016.7,60.83,1.0
2980,109,15,2609,218,1016.7,91.41,1.0
2981,293,27,2793,586,1016.7,92.8,1.0
2982,89,23,2589,178,1016.68,75.7,1.0
2983,156,24,2656,312,1016.65,84.47,1.0
2984,107,23,2607,214,1016.59,76.5,1.0
2985,100,23,2600,200,1016.56,76.87,1.0
2986,101,23,2601,202,1016.55,74.35,1.0
2987,113,14,2613,226,1016.55,98.3,1.0
2988,160,15,2660,320,1016.55,103.26,1.0
2989,184,15,2684,368,1016.55,106.64,1.0
2990,289,16,2789,578,1016.49,121.93,1.0
2991,40,22,2540,80,1016.46,66.32,1.0
2992,219,26,2719,438,1016.45,84.67,1.0
2993,7,12,2507,14,1016.42,71.6,1.0
2994,60,13,2560,120,1016.41,83.35,1.0
2995,3,21,2503,6,1016.37,60.02,1.0
2996,175,15,2675,350,1016.37,105.2,1.0
2997,6,14,2506,12,1016.34,66.49,1.0
2998,69,13,2569,138,1016.32,87.29,1.0
2999,246,15,2746,492,1016.3,116.58,1.0
3000,181,25,2681,362,1016.29,81.59,1.0
3001,35,22,2535,70,1016.28,65.78,1.0
3002,277,27,2777,554,1016.28,94.54,1.0
3003,228,26,2728,456,1016.26,89.77,1.0
3004,290,27,2790,580,1016.18,95.98,1.0
3005,104,13,2604,208,1016.17,93.88,1.0
3006,92,22,2592,184,1016.16,72.71,1.0
3007,169,24,2669,338,1016.11,85.45,1.0
3008,283,27,2783,566,1016.09,100.93,1.0
3009,59,14,2559,118,1016.07,82.87,1.0
3010,132,24,2632,264,1016.06,78.41,1.0
3011,103,24,2603,206,1016.05,76.78,1.0
3012,205,13,2705,410,1015.98,110.83,1.0
3013,255,27,2755,510,1015.98,92.03,1.0
3014,259,26,2759,518,1015.98,94.52,1.0
3015,215,26,2715,430,1015.94,89.07,1.0
3016,140,24,2640,280,1015.91,81.7,1.0
3017,143,24,2643,286,1015.88,84.36,1.0
3018,163,25,2663,326,1015.88,81.96,1.0
3019,180,15,2680,360,1015.87,106.54,1.0
3020,37,13,2537,74,1015.83,75.6,1.0
3021,288,28,2788,576,1015.83,88.13,1.0
3022,167,25,2667,334,1015.82,84.18,1.0
3023,244,17,2744,488,1015.77,117.11,1.0
3024,25,22,2525,50,1015.72,64.56,1.0
3025,272,26,2772,544,1015.71,98.19,1.0
3026,130,15,2630,260,1015.61,95.39,1.0
3027,162,14,2662,324,1015.6,104.97,1.0
3028,208,15,2708,416,1015.6,113.79,1.0
3029,136,14,2636,272,1015.59,97.73,1.0
3030,116,23,2616,232,1015.56,82.47,1.0
3031,298,15,2798,596,1015.53,132.97,1.0
3032,39,22,2539,78,1015.38,68.01,1.0
3033,45,22,2545,90,1015.33,67.99,1.0
3034,20,21,2520,40,1015.32,63.55,1.0
3035,194,25,2694,388,1015.29,85.43,1.0
3036,183,24,2683,366,1015.28,87.2,1.0
3037,69,22,2569,138,1015.27,72.1,1.0
3038,231,15,2731,462,1015.23,114.76,1.0
3039,166,14,2666,332,1015.17,106.27,1.0
3040,62,23,2562,124,1015.15,70.34,1.0
3041,99,13,2599,198,1015.11,92.75,1.0
3042,31,13,2531,62,1015.09,76.85,1.0
3043,206,25,2706,412,1015.08,89.71,1.0
3044,287,16,2787,574,1015.08,125.32,1.0
3045,145,25,2645,290,1015.07,79.11,1.0
3046,85,23,2585,170,1015.05,69.68,1.0
3047,38,22,2538,76,1015.03,69.33,1.0
3048,121,14,2621,242,1014.99,99.24,1.0
3049,141,14,2641,282,1014.99,103.38,1.0
3050,71,13,2571,142,1014.96,90.15,1.0
3051,235,16,2735,470,1014.95,115.49,1.0
3052,17,13,2517,34,1014.91,72.71,1.0
3053,165,25,2665,330,1014.88,77.85,1.0
3054,68,23,2568,136,1014.84,67.93,1.0
3055,266,27,2766,532,1014.82,94.25,1.0
3056,244,26,2744,488,1014.81,91.25,1.0
3057,236,15,2736,472,1014.77,113.63,1.0
3058,276,16,2776,552,1014.76,121.91,1.0
3059,54,22,2554,108,1014.73,67.49,1.0
3060,166,25,2666,332,1014.71,82.62,1.0
3061,201,25,2701,402,1014.71,87.21,1.0
3062,55,13,2555,110,1014.7,83.27,1.0
3063,137,14,2637,274,1014.59,101.44,1.0
3064,101,14,2601,202,1014.47,95.19,1.0
3065,230,14,2730,460,1014.46,114.73,1.0
3066,46,23,2546,92,1014.38,66.3,1.0
3067,11,22,2511,22,1014.34,61.93,1.0
3068,161,25,2661,322,1014.28,79.86,1.0
3069,19,13,2519,38,1014.26,73.22,1.0
3070,216,16,2716,432,1014.26,111.57,1.0
3071,81,22,2581,162,1014.22,74.22,1.0
3072,104,24,2604,208,1014.2,76.16,1.0
3073,252,16,2752,504,1014.2,118.97,1.0
3074,126,13,2626,252,1014.16,96.05,1.0
3075,129,25,2629,258,1014.13,75.42,1.0
3076,122,14,2622,244,1014.09,96.24,1.0
3077,75,13,2575,150,1014.08,93.56,1.0
3078,44,13,2544,88,1014.04,82.2,1.0
3079,177,25,2677,354,1014.03,82.59,1.0
3080,117,23,2617,234,1014.02,80.71,1.0
3081,171,25,2671,342,1014.0,84.44,1.0
3082,28,22,2528,56,1013.99,64.9,1.0
3083,146,15,2646,292,1013.99,100.18,1.0
3084,152,14,2652,304,1013.98,102.15,1.0
3085,268,16,2768,536,1013.94,120.68,1.0
3086,214,16,2714,428,1013.89,109.05,1.0
3087,35,13,2535,70,1013.82,78.85,1.0
3088,245,15,2745,490,1013.82,115.88,1.0
3089,92,15,2592,184,1013.81,88.62,1.0
3090,292,16,2792,584,1013.78,128.46,1.0
3091,32,22,2532,64,1013.77,66.34,1.0
3092,177,14,2677,354,1013.74,109.32,1.0
3093,187,26,2687,374,1013.71,84.37,1.0
3094,2,12,2502,4,1013.7,69.24,1.0
3095,190,25,2690,380,1013.65,83.34,1.0
3096,193,15,2693,386,1013.59,108.97,1.0
3097,15,13,2515,30,1013.54,71.5,1.0
3098,192,15,2692,384,1013.49,107.91,1.0
3099,18,22,2518,36,1013.43,65.93,1.0
3100,132,14,2632,264,1013.43,96.24,1.0
3101,0,21,2500,0,1013.41,58.37,1.0
3102,90,23,2590,180,1013.35,74.97,1.0
3103,134,14,2634,268,1013.35,98.89,1.0
3104,204,15,2704,408,1013.35,114.97,1.0
3105,29,22,2529,58,1013.33,64.23,1.0
3106,228,15,2728,456,1013.28,116.57,1.0
3107,127,24,2627,254,1013.27,78.52,1.0
3108,127,14,2627,254,1013.25,98.4,1.0
3109,178,25,2678,356,1013.22,83.35,1.0
3110,110,14,2610,220,1013.18,94.08,1.0
3111,242,16,2742,484,1013.17,113.1,1.0
3112,57,22,2557,114,1013.16,68.5,1.0
3113,170,26,2670,340,1013.14,81.81,1.0
3114,125,23,2625,250,1013.13,79.63,1.0
3115,185,15,2685,370,1013.13,108.46,1.0
3116,105,14,2605,210,1013.12,89.91,1.0
3117,51,23,2551,102,1013.08,65.14,1.0
3118,74,23,2574,148,1013.08,71.68,1.0
3119,19,22,2519,38,1013.05,62.68,1.0
3120,116,14,2616,232,1013.04,101.56,1.0
3121,189,25,2689,378,1013.04,83.63,1.0
3122,249,27,2749,498,1013.02,89.42,1.0
3123,163,14,2663,326,1012.99,103.67,1.0
3124,52,23,2552,104,1012.98,67.9,1.0
3125,221,14,2721,442,1012.98,114.85,1.0
3126,72,14,2572,144,1012.95,86.57,1.0
3127,167,14,2667,334,1012.93,106.34,1.0
3128,158,13,2658,316,1012.89,106.74,1.0
3129,215,14,2715,430,1012.89,118.5,1.0
3130,76,14,2576,152,1012.84,83.18,1.0
3131,155,15,2655,310,1012.73,106.09,1.0
3132,87,14,2587,174,1012.72,93.45,1.0
3133,151,25,2651,302,1012.72,78.26,1.0
3134,42,13,2542,84,1012.54,80.89,1.0
3135,191,16,2691,382,1012.49,108.53,1.0
3136,267,16,2767,534,1012.42,119.29,1.0
3137,57,14,2557,114,1012.39,81.98,1.0
3138,31,22,2531,62,1012.35,65.2,1.0
3139,0,13,2500,0,1012.32,68.37,1.0
3140,28,13,2528,56,1012.28,76.19,1.0
3141,139,15,2639,278,1012.28,96.91,1.0
3142,249,15,2749,498,1012.28,119.17,1.0
3143,197,15,2697,394,1012.23,117.27,1.0
3144,222,26,2722,444,1012.19,85.24,1.0
3145,300,15,2800,600,1012.17,130.74,1.0
3146,181,15,2681,362,1012.13,106.52,1.0
3147,42,22,2542,84,1012.1,71.81,1.0
3148,33,22,2533,66,1012.08,65.83,1.0
3149,235,26,2735,470,1012.03,92.95,1.0
3150,49,13,2549,98,1011.99,81.28,1.0
3151,207,26,2707,414,1011.98,85.24,1.0
3152,258,27,2758,516,1011.98,92.52,1.0
3153,1,12,2501,2,1011.93,69.75,1.0
3154,184,25,2684,368,1011.9,84.75,1.0
3155,120,14,2620,240,1011.87,94.93,1.0
3156,201,15,2701,402,1011.87,110.4,1.0
3157,109,23,2609,218,1011.83,77.01,1.0
3158,217,16,2717,434,1011.82,110.5,1.0
3159,264,14,2764,528,1011.81,123.25,1.0
3160,264,27,2764,528,1011.77,92.32,1.0
3161,265,16,2765,530,1011.77,116.25,1.0
3162,233,27,2733,466,1011.76,83.95,1.0
3163,12,22,2512,24,1011.75,62.25,1.0
3164,135,14,2635,270,1011.71,100.34,1.0
3165,292,27,2792,584,1011.69,99.38,1.0
3166,293,16,2793,586,1011.68,122.11,1.0
3167,14,12,2514,28,1011.63,73.63,1.0
3168,232,15,2732,464,1011.62,117.88,1.0
3169,118,24,2618,236,1011.54,77.18,1.0
3170,172,14,2672,344,1011.53,108.84,1.0
3171,191,25,2691,382,1011.49,90.25,1.0
3172,173,14,2673,346,1011.49,105.39,1.0
3173,144,25,2644,288,1011.48,79.93,1.0
3174,23,12,2523,46,1011.46,76.78,1.0
3175,50,22,2550,100,1011.45,68.68,1.0
3176,194,15,2694,388,1011.44,107.48,1.0
3177,255,14,2755,510,1011.44,124.82,1.0
3178,97,24,2597,194,1011.39,70.3,1.0
3179,200,15,2700,400,1011.34,108.5,1.0
3180,15,22,2515,30,1011.33,59.2,1.0
3181,102,14,2602,204,1011.28,92.79,1.0
3182,137,24,2637,274,1011.28,86.27,1.0
3183,30,22,2530,60,1011.25,66.02,1.0
3184,129,13,2629,258,1011.22,101.82,1.0
3185,254,14,2754,508,1011.22,124.23,1.0
3186,38,13,2538,76,1011.06,81.56,1.0
3187,275,15,2775,550,1011.06,120.37,1.0
3188,7,22,2507,14,1011.02,60.26,1.0
3189,56,13,2556,112,1010.99,82.01,1.0
3190,34,13,2534,68,1010.98,76.27,1.0
3191,285,27,2785,570,1010.98,94.78,1.0
3192,73,23,2573,146,1010.92,69.88,1.0
3193,122,24,2622,244,1010.92,74.64,1.0
3194,14,22,2514,28,1010.88,61.54,1.0
3195,81,14,2581,162,1010.88,82.84,1.0
3196,80,14,2580,160,1010.86,88.99,1.0
3197,10,22,2510,20,1010.79,58.02,1.0
3198,157,15,2657,314,1010.71,103.61,1.0
3199,24,22,2524,48,1010.69,67.12,1.0
3200,117,14,2617,234,1010.69,96.18,1.0
3201,24,13,2524,48,1010.67,77.36,1.0
3202,281,28,2781,562,1010.67,94.12,1.0
3203,88,13,2588,176,1010.65,87.94,1.0
3204,147,24,2647,294,1010.61,79.85,1.0
3205,22,13,2522,44,1010.6,74.41,1.0
3206,279,15,2779,558,1010.56,126.14,1.0
3207,176,25,2676,352,1010.51,84.84,1.0
3208,84,23,2584,168,1010.5,74.29,1.0
3209,5,12,2505,10,1010.37,71.58,1.0
3210,8,13,2508,16,1010.35,73.09,1.0
3211,63,23,2563,126,1010.31,69.41,1.0
3212,82,14,2582,164,1010.27,88.04,1.0
3213,149,24,2649,298,1010.23,80.49,1.0
3214,159,25,2659,318,1010.19,81.64,1.0
3215,55,23,2555,110,1010.11,67.22,1.0
3216,113,24,2613,226,1010.0,82.0,1.0
3217,123,15,2623,246,1010.0,92.84,1.0
3218,144,13,2644,288,1009.97,106.03,1.0
3219,148,25,2648,296,1009.95,79.78,1.0
3220,3,12,2503,6,1009.92,73.72,1.0
3221,64,23,2564,128,1009.91,69.51,1.0
3222,41,12,2541,82,1009.9,81.59,1.0
3223,287,27,2787,574,1009.88,94.35,1.0
3224,46,12,2546,92,1009.86,81.58,1.0
3225,119,13,2619,238,1009.85,97.57,1.0
3226,48,23,2548,96,1009.79,67.37,1.0
3227,165,14,2665,330,1009.77,104.49,1.0
3228,8,21,2508,16,1009.72,63.13,1.0
3229,202,14,2702,404,1009.68,108.74,1.0
3230,178,15,2678,356,1009.67,110.47,1.0
3231,183,15,2683,366,1009.67,108.61,1.0
3232,39,13,2539,78,1009.66,80.33,1.0
3233,25,12,2525,50,1009.65,78.61,1.0
3234,121,24,2621,242,1009.55,73.55,1.0
3235,142,13,2642,284,1009.55,101.61,1.0
3236,16,13,2516,32,1009.53,75.1,1.0
3237,30,13,2530,60,1009.52,75.72,1.0
3238,87,23,2587,174,1009.52,75.57,1.0
3239,153,15,2653,306,1009.48,105.54,1.0
3240,27,13,2527,54,1009.44,72.68,1.0
3241,61,23,2561,122,1009.43,67.46,1.0
3242,40,13,2540,80,1009.42,80.6,1.0
3243,53,23,2553,106,1009.4,66.37,1.0
3244,53,13,2553,106,1009.39,83.62,1.0
3245,60,23,2560,120,1009.31,68.52,1.0
3246,107,14,2607,214,1009.29,93.27,1.0
3247,111,24,2611,222,1009.28,79.84,1.0
3248,212,14,2712,424,1009.28,117.48,1.0
3249,286,28,2786,572,1009.28,90.22,1.0
3250,100,13,2600,200,1009.26,92.83,1.0
3251,5,22,2505,10,1009.22,59.5,1.0
3252,253,15,2753,506,1009.22,122.1,1.0
3253,175,25,2675,350,1009.18,87.49,1.0
3254,119,24,2619,238,1009.16,79.18,1.0
3255,236,27,2736,472,1009.16,87.32,1.0
3256,124,25,2624,248,1009.12,75.72,1.0
3257,77,23,2577,154,1009.1,76.44,1.0
3258,286,15,2786,572,1009.07,128.57,1.0
3259,186,25,2686,372,1009.05,85.45,1.0
3260,47,12,2547,94,1009.04,82.52,1.0
3261,89,13,2589,178,1008.99,93.34,1.0
3262,240,27,2740,480,1008.96,89.26,1.0
3263,78,12,2578,156,1008.92,98.25,1.0
3264,186,14,2686,372,1008.83,110.75,1.0
3265,74,13,2574,148,1008.8,86.26,1.0
3266,150,14,2650,300,1008.79,100.77,1.0
3267,294,28,2794,588,1008.77,94.25,1.0
3268,77,13,2577,154,1008.76,91.13,1.0
3269,156,14,2656,312,1008.73,103.38,1.0
3270,256,14,2756,512,1008.67,120.22,1.0
3271,90,14,2590,180,1008.64,92.84,1.0
3272,79,23,2579,158,1008.63,75.94,1.0
3273,153,24,2653,306,1008.63,84.58,1.0
3274,241,27,2741,482,1008.59,85.21,1.0
3275,72,23,2572,144,1008.56,69.55,1.0
3276,105,24,2605,210,1008.52,72.96,1.0
3277,251,27,2751,502,1008.51,89.49,1.0
3278,95,14,2595,190,1008.47,91.72,1.0
3279,67,23,2567,134,1008.45,69.44,1.0
3280,63,13,2563,126,1008.43,86.83,1.0
3281,36,12,2536,72,1008.4,82.71,1.0
3282,56,23,2556,112,1008.39,65.96,1.0
3283,208,26,2708,416,1008.33,89.03,1.0
3284,282,17,2782,564,1008.31,123.49,1.0
3285,99,24,2599,198,1008.3,74.06,1.0
3286,229,27,2729,458,1008.29,84.91,1.0
3287,169,15,2669,338,1008.28,109.12,1.0
3288,106,14,2606,212,1008.26,92.88,1.0
3289,134,24,2634,268,1008.26,78.47,1.0
3290,251,15,2751,502,1008.25,117.88,1.0
3291,17,22,2517,34,1008.24,62.69,1.0
3292,110,24,2610,220,1008.24,75.12,1.0
3293,140,14,2640,280,1008.22,99.2,1.0
3294,171,14,2671,342,1008.17,111.07,1.0
3295,174,25,2674,348,1008.15,84.6,1.0
3296,118,14,2618,236,1008.13,94.92,1.0
3297,237,27,2737,474,1008.13,91.58,1.0
3298,58,23,2558,116,1008.11,68.52,1.0
3299,13,13,2513,26,1008.11,73.97,1.0
3300,160,14,2660,320,1007.99,104.66,1.0
3301,195,15,2695,390,1007.96,107.38,1.0
3302,210,26,2710,420,1007.91,88.05,1.0
3303,300,28,2800,600,1007.91,97.3,1.0
3304,70,14,2570,140,1007.88,83.95,1.0
3305,225,14,2725,450,1007.88,114.74,1.0
3306,162,25,2662,324,1007.8,81.66,1.0
3307,115,13,2615,230,1007.78,98.88,1.0
3308,20,13,2520,40,1007.76,72.65,1.0
3309,141,25,2641,282,1007.72,80.46,1.0
3310,158,26,2658,316,1007.72,82.74,1.0
3311,202,26,2702,404,1007.71,84.32,1.0
3312,67,14,2567,134,1007.7,83.96,1.0
3313,13,22,2513,26,1007.68,60.59,1.0
3314,114,24,2614,228,1007.67,75.24,1.0
3315,168,14,2668,336,1007.54,103.78,1.0
3316,243,25,2743,486,1007.49,95.37,1.0
3317,195,25,2695,390,1007.43,86.02,1.0
3318,230,27,2730,460,1007.43,84.53,1.0
3319,226,27,2726,452,1007.42,85.73,1.0
3320,21,12,2521,42,1007.4,77.73,1.0
3321,45,13,2545,90,1007.4,79.03,1.0
3322,32,13,2532,64,1007.39,80.03,1.0
3323,96,13,2596,192,1007.39,94.36,1.0
3324,83,13,2583,166,1007.38,86.97,1.0
3325,247,14,2747,494,1007.37,118.09,1.0
3326,260,27,2760,520,1007.34,92.74,1.0
3327,18,12,2518,36,1007.3,76.65,1.0
3328,98,24,2598,196,1007.24,75.27,1.0
3329,26,12,2526,52,1007.22,76.38,1.0
3330,233,14,2733,466,1006.96,112.24,1.0
3331,150,25,2650,300,1006.9,76.09,1.0
3332,274,28,2774,548,1006.9,89.68,1.0
3333,145,13,2645,290,1006.86,105.4,1.0
3334,253,27,2753,506,1006.86,94.09,1.0
3335,199,26,2699,398,1006.75,86.99,1.0
3336,61,13,2561,122,1006.73,87.08,1.0
3337,84,14,2584,168,1006.71,86.03,1.0
3338,27,22,2527,54,1006.7,63.36,1.0
3339,22,22,2522,44,1006.65,64.12,1.0
3340,64,13,2564,128,1006.64,83.81,1.0
3341,34,23,2534,68,1006.61,62.36,1.0
3342,86,24,2586,172,1006.57,72.44,1.0
3343,238,15,2738,476,1006.56,115.47,1.0
3344,157,25,2657,314,1006.55,82.58,1.0
3345,128,14,2628,256,1006.49,98.68,1.0
3346,139,24,2639,278,1006.48,79.63,1.0
3347,226,15,2726,452,1006.48,117.18,1.0
3348,91,24,2591,182,1006.44,72.4,1.0
3349,266,15,2766,532,1006.43,128.99,1.0
3350,93,24,2593,186,1006.41,73.1,1.0
3351,209,27,2709,418,1006.4,82.55,1.0
3352,6,21,2506,12,1006.38,59.53,1.0
3353,2,22,2502,4,1006.36,62.69,1.0
3354,29,13,2529,58,1006.36,78.8,1.0
3355,152,25,2652,304,1006.3,80.86,1.0
3356,239,15,2739,478,1006.29,116.46,1.0
3357,191,15,2691,382,1006.23,111.06,1.0
3358,143,14,2643,286,1006.2,103.71,1.0
3359,123,24,2623,246,1006.18,77.03,1.0
3360,299,15,2799,598,1006.18,126.53,1.0
3361,142,25,2642,284,1006.15,78.66,1.0
3362,92,23,2592,184,1006.03,72.33,1.0
3363,93,13,2593,186,1006.03,92.22,1.0
3364,112,24,2612,224,1006.01,76.1,1.0
3365,83,24,2583,166,1005.96,69.62,1.0
3366,295,15,2795,590,1005.95,129.82,1.0
3367,51,13,2551,102,1005.92,79.6,1.0
3368,54,13,2554,108,1005.9,86.4,1.0
3369,12,12,2512,24,1005.88,71.86,1.0
3370,258,15,2758,516,1005.86,122.1,1.0
3371,96,24,2596,192,1005.84,73.25,1.0
3372,115,25,2615,230,1005.82,75.57,1.0
3373,130,24,2630,260,1005.82,78.1,1.0
3374,262,27,2762,524,1005.82,92.64,1.0
3375,285,16,2785,570,1005.82,125.09,1.0
3376,125,14,2625,250,1005.79,96.3,1.0
3377,133,25,2633,266,1005.79,77.93,1.0
3378,4,22,2504,8,1005.76,59.5,1.0
3379,85,13,2585,170,1005.76,91.3,1.0
3380,280,14,2780,560,1005.73,123.48,1.0
3381,95,24,2595,190,1005.67,74.38,1.0
3382,52,12,2552,104,1005.66,82.19,1.0
3383,204,26,2704,408,1005.63,88.23,1.0
3384,252,15,2752,504,1005.62,124.28,1.0
3385,256,27,2756,512,1005.61,97.5,1.0
3386,6,13,2506,12,1005.55,66.12,1.0
3387,130,14,2630,260,1005.53,98.27,1.0
3388,4,12,2504,8,1005.48,71.33,1.0
3389,168,26,2668,336,1005.42,78.05,1.0
3390,232,27,2732,464,1005.34,89.64,1.0
3391,203,26,2703,406,1005.33,83.5,1.0
3392,180,25,2680,360,1005.32,86.57,1.0
3393,44,23,2544,88,1005.25,65.34,1.0
3394,242,27,2742,484,1005.25,86.95,1.0
3395,9,12,2509,18,1005.21,73.43,1.0
3396,169,25,2669,338,1005.13,85.39,1.0
3397,234,14,2734,468,1005.11,117.59,1.0
3398,281,15,2781,562,1005.11,126.34,1.0
3399,43,23,2543,86,1005.1,67.69,1.0
3400,211,27,2711,422,1005.0,83.39,1.0
3401,108,14,2608,216,1004.94,92.15,1.0
3402,117,24,2617,234,1004.94,79.08,1.0
3403,108,24,2608,216,1004.89,75.05,1.0
3404,257,28,2757,514,1004.89,89.1,1.0
3405,229,14,2729,458,1004.88,118.64,1.0
3406,250,27,2750,500,1004.88,89.28,1.0
3407,216,26,2716,432,1004.87,87.73,1.0
3408,43,12,2543,86,1004.84,84.17,1.0
3409,41,23,2541,82,1004.83,69.45,1.0
3410,261,15,2761,522,1004.8,120.87,1.0
3411,164,25,2664,328,1004.64,79.8,1.0
3412,135,25,2635,270,1004.63,78.38,1.0
3413,155,25,2655,310,1004.52,79.92,1.0
3414,182,14,2682,364,1004.52,111.58,1.0
3415,273,28,2773,546,1004.47,92.7,1.0
3416,265,27,2765,530,1004.4,91.2,1.0
3417,11,12,2511,22,1004.31,76.06,1.0
3418,205,27,2705,410,1004.27,83.65,1.0
3419,297,16,2797,594,1004.27,130.4,1.0
3420,289,15,2789,578,1004.24,124.09,1.0
3421,58,13,2558,116,1004.23,85.95,1.0
3422,101,24,2601,202,1004.23,74.93,1.0
3423,164,15,2664,328,1004.13,100.84,1.0
3424,261,27,2761,522,1004.08,87.8,1.0
3425,291,28,2791,582,1004.04,93.53,1.0
3426,23,23,2523,46,1004.01,63.47,1.0
3427,149,14,2649,298,1003.96,101.89,1.0
3428,86,13,2586,172,1003.9,90.73,1.0
3429,252,27,2752,504,1003.86,90.75,1.0
3430,203,15,2703,406,1003.83,113.31,1.0
3431,91,13,2591,182,1003.81,91.79,1.0
3432,297,27,2797,594,1003.81,101.92,1.0
3433,33,12,2533,66,1003.76,77.88,1.0
3434,131,25,2631,262,1003.76,77.36,1.0
3435,154,14,2654,308,1003.65,106.37,1.0
3436,97,13,2597,194,1003.63,92.31,1.0
3437,196,26,2696,392,1003.63,84.19,1.0
3438,262,15,2762,524,1003.63,122.91,1.0
3439,248,15,2748,496,1003.6,118.91,1.0
3440,278,16,2778,556,1003.57,124.43,1.0
3441,26,23,2526,52,1003.53,61.75,1.0
3442,49,23,2549,98,1003.49,66.0,1.0
3443,182,26,2682,364,1003.32,84.23,1.0
3444,223,14,2723,446,1003.32,115.25,1.0
3445,188,26,2688,376,1003.28,82.55,1.0
3446,224,26,2724,448,1003.26,90.32,1.0
3447,155,14,2655,310,1003.22,106.71,1.0
3448,126,25,2626,252,1003.2,73.06,1.0
3449,154,25,2654,308,1003.15,79.21,1.0
3450,288,15,2788,576,1003.14,123.79,1.0
3451,120,24,2620,240,1003.12,78.3,1.0
3452,278,28,2778,556,1003.07,90.79,1.0
3453,299,28,2799,598,1003.05,91.63,1.0
3454,260,14,2760,520,1003.01,124.45,1.0
3455,227,15,2727,454,1003.0,119.92,1.0
3456,263,28,2763,526,1003.0,91.28,1.0
3457,270,27,2770,540,1003.0,93.55,1.0
3458,244,16,2744,488,1002.93,120.81,1.0
3459,231,27,2731,462,1002.89,82.83,1.0
3460,68,13,2568,136,1002.81,85.64,1.0
3461,98,13,2598,196,1002.8,93.22,1.0
3462,50,13,2550,100,1002.79,81.94,1.0
3463,19,12,2519,38,1002.77,75.13,1.0
3464,124,12,2624,248,1002.71,102.07,1.0
3465,138,25,2638,276,1002.68,81.4,1.0
3466,0,12,2500,0,1002.66,69.73,1.0
3467,212,27,2712,424,1002.63,82.76,1.0
3468,75,24,2575,150,1002.6,71.2,1.0
3469,218,14,2718,436,1002.6,118.19,1.0
3470,102,24,2602,204,1002.59,75.94,1.0
3471,3,22,2503,6,1002.56,60.35,1.0
3472,76,23,2576,152,1002.56,71.97,1.0
3473,82,23,2582,164,1002.46,72.68,1.0
3474,267,27,2767,534,1002.45,92.08,1.0
3475,106,24,2606,212,1002.39,77.88,1.0
3476,234,27,2734,468,1002.35,89.26,1.0
3477,179,26,2679,358,1002.32,83.6,1.0
3478,21,23,2521,42,1002.3,64.83,1.0
3479,80,23,2580,160,1002.28,73.85,1.0
3480,193,26,2693,386,1002.28,82.82,1.0
3481,282,16,2782,564,1002.21,124.31,1.0
3482,183,25,2683,366,1002.19,86.91,1.0
3483,111,13,2611,222,1002.17,96.56,1.0
3484,116,24,2616,232,1002.15,79.9,1.0
3485,92,14,2592,184,1002.14,88.12,1.0
3486,214,15,2714,428,1002.04,112.38,1.0
3487,245,27,2745,490,1002.01,90.16,1.0
3488,35,23,2535,70,1002.0,64.8,1.0
3489,16,22,2516,32,1001.98,65.87,1.0
3490,259,27,2759,518,1001.94,93.92,1.0
3491,271,15,2771,542,1001.94,126.41,1.0
3492,172,26,2672,344,1001.89,84.15,1.0
3493,294,15,2794,588,1001.86,127.59,1.0
3494,123,14,2623,246,1001.67,95.02,1.0
3495,209,13,2709,418,1001.67,116.36,1.0
3496,201,26,2701,402,1001.63,86.3,1.0
3497,153,14,2653,306,1001.6,106.83,1.0
3498,221,27,2721,442,1001.59,86.95,1.0
3499,100,24,2600,200,1001.57,74.69,1.0
3500,31,12,2531,62,1001.53,79.96,1.0
3501,271,28,2771,542,1001.52,92.09,1.0
3502,79,12,2579,158,1001.51,96.26,1.0
3503,198,15,2698,396,1001.5,110.68,1.0
3504,185,26,2685,370,1001.43,80.21,1.0
3505,268,27,2768,536,1001.36,94.24,1.0
3506,235,15,2735,470,1001.32,118.98,1.0
3507,275,28,2775,550,1001.32,89.23,1.0
3508,132,13,2632,264,1001.31,98.23,1.0
3509,243,16,2743,486,1001.31,118.88,1.0
3510,113,13,2613,226,1001.3,98.67,1.0
3511,217,25,2717,434,1001.3,90.14,1.0
3512,175,14,2675,350,1001.27,109.5,1.0
3513,214,26,2714,428,1001.2,84.7,1.0
3514,296,14,2796,592,1001.17,127.74,1.0
3515,42,23,2542,84,1001.16,71.54,1.0
3516,228,27,2728,456,1001.1,87.42,1.0
3517,283,15,2783,566,1001.1,127.99,1.0
3518,210,14,2710,420,1001.04,115.36,1.0
3519,237,14,2737,474,1001.01,123.02,1.0
3520,257,14,2757,514,1001.0,124.02,1.0
3521,279,28,2779,558,1000.96,94.92,1.0
3522,121,13,2621,242,1000.95,100.39,1.0
3523,66,23,2566,132,1000.86,72.22,1.0
3524,276,15,2776,552,1000.84,124.52,1.0
3525,290,16,2790,580,1000.84,126.34,1.0
3526,239,27,2739,478,1000.78,89.08,1.0
3527,188,14,2688,376,1000.77,105.6,1.0
3528,25,23,2525,50,1000.71,62.61,1.0
3529,190,14,2690,380,1000.71,107.63,1.0
3530,220,15,2720,440,1000.67,116.83,1.0
3531,272,27,2772,544,1000.63,95.43,1.0
3532,139,14,2639,278,1000.6,100.61,1.0
3533,54,23,2554,108,1000.59,66.01,1.0
3534,88,24,2588,176,1000.57,71.94,1.0
3535,103,13,2603,206,1000.54,95.69,1.0
3536,200,14,2700,400,1000.53,111.03,1.0
3537,73,13,2573,146,1000.5,86.47,1.0
3538,156,25,2656,312,1000.5,84.12,1.0
3539,180,14,2680,360,1000.5,107.43,1.0
3540,276,27,2776,552,1000.47,99.65,1.0
3541,295,28,2795,590,1000.47,96.52,1.0
3542,36,23,2536,72,1000.45,67.77,1.0
3543,187,13,2687,374,1000.4,114.81,1.0
3544,198,26,2698,396,1000.4,88.06,1.0
3545,167,26,2667,334,1000.34,82.66,1.0
3546,136,25,2636,272,1000.33,78.91,1.0
3547,59,23,2559,118,1000.21,70.5,1.0
3548,174,14,2674,348,1000.17,105.26,1.0
3549,290,28,2790,580,1000.17,92.78,1.0
3550,57,13,2557,114,1000.14,82.55,1.0
3551,74,24,2574,148,1000.14,70.6,1.0
3552,213,14,2713,426,1000.13,112.07,1.0
3553,207,14,2707,414,1000.1,114.17,1.0
3554,70,23,2570,140,1000.09,71.61,1.0
3555,148,13,2648,296,1000.05,100.85,1.0
3556,219,27,2719,438,1000.05,82.85,1.0
3557,37,23,2537,74,1000.04,62.47,1.0
3558,192,26,2692,384,1000.03,85.45,1.0
3559,146,25,2646,292,1000.01,80.3,1.0
3560,109,14,2609,218,999.99,94.18,1.0
3561,116,13,2616,232,999.99,103.31,1.0
3562,241,14,2741,482,999.97,119.63,1.0
3563,240,14,2740,480,999.95,123.04,1.0
3564,105,13,2605,210,999.94,94.12,1.0
3565,89,24,2589,178,999.93,75.36,1.0
3566,220,26,2720,440,999.93,90.43,1.0
3567,219,14,2719,438,999.82,117.55,1.0
3568,66,13,2566,132,999.79,88.45,1.0
3569,33,23,2533,66,999.77,64.21,1.0
3570,184,26,2684,368,999.67,81.73,1.0
3571,133,13,2633,266,999.66,102.87,1.0
3572,161,13,2661,322,999.65,104.8,1.0
3573,173,26,2673,346,999.65,80.29,1.0
3574,48,12,2548,96,999.62,81.08,1.0
3575,128,25,2628,256,999.61,75.03,1.0
3576,248,27,2748,496,999.6,90.11,1.0
3577,192,14,2692,384,999.59,110.01,1.0
3578,17,12,2517,34,999.58,73.39,1.0
3579,147,14,2647,294,999.54,98.21,1.0
3580,85,24,2585,170,999.53,69.09,1.0
3581,217,15,2717,434,999.5,113.06,1.0
3582,190,26,2690,380,999.46,80.42,1.0
3583,197,26,2697,394,999.46,89.1,1.0
3584,10,12,2510,20,999.39,71.46,1.0
3585,78,24,2578,156,999.39,71.51,1.0
3586,218,27,2718,436,999.32,86.61,1.0
3587,247,28,2747,494,999.31,87.06,1.0
3588,246,27,2746,492,999.25,90.11,1.0
3589,107,24,2607,214,999.24,75.49,1.0
3590,194,26,2694,388,999.21,83.82,1.0
3591,65,24,2565,130,999.13,69.56,1.0
3592,166,13,2666,332,999.07,107.21,1.0
3593,0,22,2500,0,999.06,59.17,1.0
3594,57,23,2557,114,999.02,67.2,1.0
3595,37,12,2537,74,998.96,78.15,1.0
3596,206,26,2706,412,998.96,86.29,1.0
3597,81,23,2581,162,998.94,73.61,1.0
3598,242,15,2742,484,998.94,116.77,1.0
3599,141,13,2641,282,998.92,104.37,1.0
3600,225,27,2725,450,998.88,85.04,1.0
3601,62,12,2562,124,998.83,86.4,1.0
3602,263,14,2763,526,998.83,128.35,1.0
3603,69,23,2569,138,998.82,72.07,1.0
3604,296,29,2796,592,998.8,88.11,1.0
3605,160,25,2660,320,998.79,82.92,1.0
3606,259,15,2759,518,998.77,118.29,1.0
3607,20,22,2520,40,998.71,64.39,1.0
3608,7,11,2507,14,998.71,73.01,1.0
3609,270,15,2770,540,998.71,123.51,1.0
3610,238,27,2738,476,998.67,84.83,1.0
3611,140,25,2640,280,998.65,80.36,1.0
3612,102,13,2602,204,998.63,97.29,1.0
3613,189,14,2689,378,998.62,111.71,1.0
3614,71,24,2571,142,998.57,67.11,1.0
3615,72,13,2572,144,998.57,88.4,1.0
3616,211,13,2711,422,998.52,118.56,1.0
3617,109,24,2609,218,998.45,75.21,1.0
3618,151,13,2651,302,998.41,102.54,1.0
3619,284,15,2784,568,998.41,131.43,1.0
3620,1,23,2501,2,998.4,57.82,1.0
3621,35,12,2535,70,998.39,81.55,1.0
3622,197,14,2697,394,998.37,118.91,1.0
3623,176,14,2676,352,998.36,107.33,1.0
3624,269,14,2769,538,998.31,125.12,1.0
3625,9,23,2509,18,998.3,60.66,1.0
3626,47,24,2547,94,998.24,65.71,1.0
3627,254,28,2754,508,998.17,89.53,1.0
3628,199,14,2699,398,998.13,114.2,1.0
3629,282,28,2782,564,998.13,92.67,1.0
3630,176,26,2676,352,998.12,81.68,1.0
3631,87,13,2587,174,998.08,93.17,1.0
3632,42,12,2542,84,998.07,84.36,1.0
3633,206,14,2706,412,998.07,112.72,1.0
3634,224,15,2724,448,998.06,118.42,1.0
3635,269,28,2769,538,998.02,88.44,1.0
3636,284,28,2784,568,998.01,92.35,1.0
3637,181,14,2681,362,997.95,106.18,1.0
3638,181,26,2681,362,997.92,79.52,1.0
3639,50,23,2550,100,997.84,67.9,1.0
3640,184,14,2684,368,997.81,108.73,1.0
3641,273,14,2773,546,997.77,126.07,1.0
3642,68,24,2568,136,997.76,66.82,1.0
3643,138,13,2638,276,997.73,107.18,1.0
3644,208,14,2708,416,997.7,113.97,1.0
3645,186,26,2686,372,997.66,82.91,1.0
3646,95,13,2595,190,997.58,94.0,1.0
3647,112,13,2612,224,997.58,97.78,1.0
3648,107,13,2607,214,997.56,93.72,1.0
3649,283,28,2783,566,997.56,99.06,1.0
3650,22,12,2522,44,997.51,75.75,1.0
3651,40,23,2540,80,997.41,66.73,1.0
3652,131,13,2631,262,997.35,99.77,1.0
3653,272,16,2772,544,997.14,123.07,1.0
3654,274,14,2774,548,997.14,123.14,1.0
3655,200,26,2700,400,997.11,85.56,1.0
3656,18,23,2518,36,997.1,64.74,1.0
3657,277,28,2777,554,997.08,91.94,1.0
3658,15,12,2515,30,997.01,73.15,1.0
3659,215,27,2715,430,997.01,89.29,1.0
3660,157,14,2657,314,997.0,106.11,1.0
3661,196,14,2696,392,996.96,111.27,1.0
3662,166,26,2666,332,996.92,79.87,1.0
3663,8,22,2508,16,996.9,61.46,1.0
3664,193,14,2693,386,996.89,110.67,1.0
3665,65,12,2565,130,996.87,85.21,1.0
3666,143,25,2643,286,996.81,81.22,1.0
3667,45,23,2545,90,996.79,67.19,1.0
3668,99,12,2599,198,996.76,94.27,1.0
3669,55,12,2555,110,996.72,86.52,1.0
3670,222,15,2722,444,996.72,112.18,1.0
3671,77,24,2577,154,996.57,74.52,1.0
3672,159,14,2659,318,996.57,108.61,1.0
3673,117,13,2617,234,996.48,99.36,1.0
3674,151,26,2651,302,996.35,76.88,1.0
3675,277,15,2777,554,996.29,124.32,1.0
3676,244,27,2744,488,996.28,89.02,1.0
3677,59,13,2559,118,996.26,85.73,1.0
3678,32,12,2532,64,996.25,80.48,1.0
3679,90,24,2590,180,996.16,72.72,1.0
3680,69,12,2569,138,996.14,91.18,1.0
3681,44,12,2544,88,996.11,82.73,1.0
3682,227,27,2727,454,996.11,88.57,1.0
3683,287,28,2787,574,996.09,92.71,1.0
3684,90,13,2590,180,996.06,96.11,1.0
3685,183,14,2683,366,996.01,109.8,1.0
3686,71,12,2571,142,996.0,93.17,1.0
3687,177,26,2677,354,995.97,80.86,1.0
3688,268,15,2768,536,995.96,121.93,1.0
3689,280,28,2780,560,995.95,93.43,1.0
3690,228,14,2728,456,995.91,117.47,1.0
3691,178,26,2678,356,995.89,83.53,1.0
3692,103,25,2603,206,995.87,74.27,1.0
3693,60,12,2560,120,995.84,83.63,1.0
3694,106,13,2606,212,995.8,94.03,1.0
3695,94,25,2594,188,995.77,74.75,1.0
3696,162,13,2662,324,995.72,106.12,1.0
3697,250,15,2750,500,995.72,121.38,1.0
3698,235,27,2735,470,995.7,90.97,1.0
3699,291,14,2791,582,995.68,127.72,1.0
3700,56,12,2556,112,995.64,85.2,1.0
3701,24,12,2524,48,995.62,78.89,1.0
3702,94,12,2594,188,995.62,98.6,1.0
3703,175,26,2675,350,995.53,85.09,1.0
3704,104,12,2604,208,995.49,97.91,1.0
3705,75,12,2575,150,995.47,93.51,1.0
3706,31,23,2531,62,995.45,65.78,1.0
3707,6,22,2506,12,995.45,59.22,1.0
3708,70,13,2570,140,995.43,86.77,1.0
3709,30,12,2530,60,995.41,77.41,1.0
3710,191,26,2691,382,995.41,86.45,1.0
3711,76,13,2576,152,995.38,87.18,1.0
3712,163,26,2663,326,995.34,81.12,1.0
3713,81,13,2581,162,995.31,87.29,1.0
3714,216,15,2716,432,995.27,116.69,1.0
3715,122,13,2622,244,995.17,98.72,1.0
3716,38,23,2538,76,995.15,70.0,1.0
3717,179,14,2679,358,995.15,110.64,1.0
3718,165,26,2665,330,995.03,77.11,1.0
3719,264,28,2764,528,994.99,89.56,1.0
3720,28,23,2528,56,994.98,63.87,1.0
3721,145,26,2645,290,994.98,78.69,1.0
3722,243,26,2743,486,994.98,93.53,1.0
3723,185,14,2685,370,994.84,109.13,1.0
3724,172,13,2672,344,994.8,113.68,1.0
3725,19,23,2519,38,994.75,63.84,1.0
3726,146,14,2646,292,994.73,103.21,1.0
3727,132,25,2632,264,994.72,79.31,1.0
3728,289,28,2789,578,994.72,93.13,1.0
3729,110,13,2610,220,994.71,94.17,1.0
3730,62,24,2562,124,994.7,71.46,1.0
3731,101,13,2601,202,994.67,97.8,1.0
3732,114,13,2614,228,994.67,97.76,1.0
3733,82,13,2582,164,994.62,88.74,1.0
3734,258,28,2758,516,994.6,90.5,1.0
3735,246,14,2746,492,994.58,120.61,1.0
3736,253,14,2753,506,994.58,127.47,1.0
3737,120,13,2620,240,994.56,97.14,1.0
3738,293,28,2793,586,994.55,91.31,1.0
3739,29,23,2529,58,994.52,62.46,1.0
3740,177,13,2677,354,994.52,112.05,1.0
3741,13,12,2513,26,994.51,75.15,1.0
3742,298,29,2798,596,994.41,94.7,1.0
3743,23,11,2523,46,994.38,78.65,1.0
3744,77,12,2577,154,994.38,92.12,1.0
3745,285,15,2785,570,994.3,126.94,1.0
3746,34,12,2534,68,994.28,77.72,1.0
3747,80,13,2580,160,994.13,90.63,1.0
3748,161,26,2661,322,994.11,79.42,1.0
3749,11,23,2511,22,994.07,63.0,1.0
3750,49,12,2549,98,994.02,83.5,1.0
3751,119,25,2619,238,994.0,77.64,1.0
3752,8,12,2508,16,993.99,73.56,1.0
3753,135,13,2635,270,993.97,105.25,1.0
3754,230,13,2730,460,993.94,117.12,1.0
3755,201,14,2701,402,993.91,112.38,1.0
3756,249,28,2749,498,993.9,88.26,1.0
3757,287,15,2787,574,993.88,126.53,1.0
3758,84,13,2584,168,993.84,88.45,1.0
3759,127,13,2627,254,993.82,100.78,1.0
3760,165,13,2665,330,993.8,106.78,1.0
3761,223,27,2723,446,993.79,88.67,1.0
3762,136,13,2636,272,993.78,100.61,1.0
3763,174,26,2674,348,993.64,80.45,1.0
3764,27,12,2527,54,993.53,74.29,1.0
3765,189,26,2689,378,993.51,82.51,1.0
3766,28,12,2528,56,993.49,77.82,1.0
3767,87,24,2587,174,993.38,75.77,1.0
3768,51,12,2551,102,993.35,83.33,1.0
3769,32,23,2532,64,993.32,67.6,1.0
3770,163,13,2663,326,993.26,107.62,1.0
3771,104,25,2604,208,993.22,75.81,1.0
3772,6,12,2506,12,993.19,68.63,1.0
3773,67,13,2567,134,993.19,86.68,1.0
3774,108,13,2608,216,993.18,94.91,1.0
3775,125,24,2625,250,993.18,78.45,1.0
3776,127,25,2627,254,993.13,78.74,1.0
3777,152,13,2652,304,993.09,105.31,1.0
3778,222,27,2722,444,993.09,83.41,1.0
3779,118,25,2618,236,993.06,75.68,1.0
3780,244,15,2744,488,993.02,122.2,1.0
3781,118,13,2618,236,992.83,96.04,1.0
3782,121,25,2621,242,992.78,73.2,1.0
3783,46,24,2546,92,992.76,66.33,1.0
3784,38,12,2538,76,992.58,83.49,1.0
3785,5,23,2505,10,992.58,59.29,1.0
3786,171,26,2671,342,992.57,83.86,1.0
3787,73,24,2573,146,992.56,70.97,1.0
3788,288,29,2788,576,992.54,87.69,1.0
3789,149,25,2649,298,992.52,80.32,1.0
3790,150,13,2650,300,992.48,102.42,1.0
3791,1,11,2501,2,992.43,71.63,1.0
3792,170,13,2670,340,992.35,107.96,1.0
3793,40,12,2540,80,992.28,81.62,1.0
3794,266,28,2766,532,992.25,93.1,1.0
3795,97,25,2597,194,992.22,69.86,1.0
3796,147,25,2647,294,992.19,79.68,1.0
3797,267,15,2767,534,992.18,124.2,1.0
3798,39,23,2539,78,992.17,67.84,1.0
3799,17,23,2517,34,992.06,62.02,1.0
3800,231,14,2731,462,992.03,116.56,1.0
3801,24,23,2524,48,991.96,67.29,1.0
3802,137,25,2637,274,991.96,85.39,1.0
3803,251,14,2751,502,991.75,122.0,1.0
3804,125,13,2625,250,991.74,97.49,1.0
3805,16,12,2516,32,991.73,76.74,1.0
3806,255,28,2755,510,991.64,90.29,1.0
3807,260,28,2760,520,991.63,90.6,1.0
3808,21,11,2521,42,991.61,78.12,1.0
3809,194,14,2694,388,991.55,109.16,1.0
3810,292,28,2792,584,991.54,97.32,1.0
3811,2,11,2502,4,991.5,70.75,1.0
3812,61,24,2561,122,991.46,67.13,1.0
3813,20,12,2520,40,991.45,75.4,1.0
3814,256,28,2756,512,991.41,92.09,1.0
3815,158,12,2658,316,991.39,110.73,1.0
3816,122,25,2622,244,991.27,74.14,1.0
3817,48,24,2548,96,991.25,66.61,1.0
3818,53,24,2553,106,991.23,66.6,1.0
3819,30,23,2530,60,991.19,64.73,1.0
3820,139,13,2639,278,991.15,101.32,1.0
3821,281,29,2781,562,991.12,90.92,1.0
3822,129,26,2629,258,991.09,77.16,1.0
3823,156,13,2656,312,991.08,108.41,1.0
3824,92,24,2592,184,990.92,70.77,1.0
3825,164,14,2664,328,990.92,104.35,1.0
3826,64,12,2564,128,990.86,86.1,1.0
3827,15,23,2515,30,990.84,60.16,1.0
3828,245,14,2745,490,990.79,117.83,1.0
3829,14,23,2514,28,990.73,61.9,1.0
3830,84,24,2584,168,990.69,74.03,1.0
3831,45,12,2545,90,990.68,79.8,1.0
3832,153,25,2653,306,990.68,83.15,1.0
3833,148,26,2648,296,990.68,77.59,1.0
3834,64,24,2564,128,990.41,68.24,1.0
3835,251,28,2751,502,990.39,87.79,1.0
3836,79,24,2579,158,990.35,74.83,1.0
3837,195,26,2695,390,990.35,83.64,1.0
3838,169,26,2669,338,990.3,83.62,1.0
3839,215,13,2715,430,990.3,120.08,1.0
3840,99,25,2599,198,990.26,72.68,1.0
3841,137,13,2637,274,990.23,104.03,1.0
3842,39,12,2539,78,990.03,81.33,1.0
3843,72,24,2572,144,990.01,68.75,1.0
3844,22,23,2522,44,989.97,63.97,1.0
3845,52,24,2552,104,989.95,66.99,1.0
3846,41,11,2541,82,989.94,83.82,1.0
3847,233,28,2733,466,989.94,81.98,1.0
3848,105,25,2605,210,989.92,73.85,1.0
3849,67,24,2567,134,989.91,68.85,1.0
3850,143,13,2643,286,989.87,107.57,1.0
3851,168,13,2668,336,989.78,107.52,1.0
3852,27,23,2527,54,989.72,63.2,1.0
3853,12,23,2512,24,989.66,61.54,1.0
3854,162,26,2662,324,989.66,80.24,1.0
3855,150,26,2650,300,989.62,75.56,1.0
3856,169,14,2669,338,989.6,110.3,1.0
3857,226,14,2726,452,989.57,117.58,1.0
3858,293,15,2793,586,989.51,125.84,1.0
3859,262,28,2762,524,989.45,89.46,1.0
3860,286,14,2786,572,989.42,132.41,1.0
3861,229,28,2729,458,989.41,84.37,1.0
3862,47,11,2547,94,989.32,84.33,1.0
3863,10,23,2510,20,989.31,59.58,1.0
3864,54,12,2554,108,989.3,87.74,1.0
3865,134,13,2634,268,989.29,101.68,1.0
3866,144,26,2644,288,989.28,80.63,1.0
3867,298,14,2798,596,989.26,136.39,1.0
3868,88,12,2588,176,989.18,90.78,1.0
3869,248,14,2748,496,989.16,120.85,1.0
3870,175,13,2675,350,989.13,111.14,1.0
3871,236,14,2736,472,989.13,118.49,1.0
3872,289,14,2789,578,988.96,126.14,1.0
3873,114,25,2614,228,988.9,73.79,1.0
3874,213,27,2713,426,988.88,87.27,1.0
3875,198,14,2698,396,988.86,113.41,1.0
3876,282,15,2782,564,988.81,125.83,1.0
3877,224,14,2724,448,988.77,120.86,1.0
3878,180,26,2680,360,988.76,83.5,1.0
3879,53,12,2553,106,988.72,84.55,1.0
3880,300,29,2800,600,988.69,94.21,1.0
3881,113,25,2613,226,988.63,80.5,1.0
3882,51,24,2551,102,988.58,66.57,1.0
3883,258,14,2758,516,988.56,126.2,1.0
3884,271,14,2771,542,988.5,130.18,1.0
3885,5,11,2505,10,988.48,73.49,1.0
3886,204,27,2704,408,988.48,86.49,1.0
3887,226,28,2726,452,988.48,84.46,1.0
3888,112,25,2612,224,988.46,74.76,1.0
3889,275,14,2775,550,988.45,122.25,1.0
3890,80,24,2580,160,988.4,72.79,1.0
3891,170,27,2670,340,988.4,81.2,1.0
3892,134,25,2634,268,988.37,77.33,1.0
3893,207,27,2707,414,988.34,85.41,1.0
3894,110,25,2610,220,988.31,73.27,1.0
3895,178,14,2678,356,988.31,113.03,1.0
3896,173,13,2673,346,988.31,107.66,1.0
3897,46,11,2546,92,988.27,83.49,1.0
3898,204,14,2704,408,988.24,117.96,1.0
3899,285,28,2785,570,988.23,92.21,1.0
3900,265,15,2765,530,988.19,118.71,1.0
3901,14,11,2514,28,988.18,74.92,1.0
3902,255,13,2755,510,988.18,128.05,1.0
3903,249,14,2749,498,988.12,121.07,1.0
3904,68,12,2568,136,988.1,86.4,1.0
3905,63,24,2563,126,988.05,70.69,1.0
3906,36,11,2536,72,987.98,83.82,1.0
3907,139,25,2639,278,987.95,78.75,1.0
3908,124,26,2624,248,987.91,75.24,1.0
3909,3,11,2503,6,987.83,74.61,1.0
3910,92,13,2592,184,987.79,90.49,1.0
3911,236,28,2736,472,987.78,85.74,1.0
3912,13,23,2513,26,987.76,60.84,1.0
3913,29,12,2529,58,987.76,78.7,1.0
3914,97,12,2597,194,987.74,95.37,1.0
3915,142,12,2642,284,987.71,107.61,1.0
3916,96,12,2596,192,987.7,95.39,1.0
3917,205,12,2705,410,987.65,113.65,1.0
3918,224,27,2724,448,987.55,89.35,1.0
3919,2,23,2502,4,987.54,62.64,1.0
3920,93,25,2593,186,987.5,71.18,1.0
3921,220,14,2720,440,987.49,120.68,1.0
3922,241,28,2741,482,987.47,85.39,1.0
3923,167,13,2667,334,987.44,110.32,1.0
3924,294,29,2794,588,987.44,93.79,1.0
3925,187,27,2687,374,987.42,83.87,1.0
3926,195,14,2695,390,987.42,112.87,1.0
3927,44,24,2544,88,987.41,65.28,1.0
3928,126,12,2626,252,987.38,98.83,1.0
3929,111,25,2611,222,987.36,77.69,1.0
3930,268,28,2768,536,987.31,91.83,1.0
3931,232,14,2732,464,987.22,119.26,1.0
3932,203,14,2703,406,987.14,116.58,1.0
3933,210,27,2710,420,987.09,86.35,1.0
3934,264,13,2764,528,987.01,126.62,1.0
3935,116,25,2616,232,987.0,79.64,1.0
3936,86,25,2586,172,986.99,70.89,1.0
3937,149,13,2649,298,986.96,103.82,1.0
3938,171,13,2671,342,986.94,112.5,1.0
3939,83,12,2583,166,986.92,90.1,1.0
3940,56,24,2556,112,986.88,66.38,1.0
3941,60,24,2560,120,986.87,68.09,1.0
3942,101,25,2601,202,986.76,74.06,1.0
3943,155,13,2655,310,986.75,108.71,1.0
3944,4,11,2504,8,986.7,72.09,1.0
3945,7,23,2507,14,986.66,60.52,1.0
3946,157,26,2657,314,986.58,82.64,1.0
3947,159,26,2659,318,986.54,82.57,1.0
3948,129,12,2629,258,986.32,102.4,1.0
3949,216,27,2716,432,986.31,85.97,1.0
3950,152,26,2652,304,986.23,80.86,1.0
3951,55,24,2555,110,986.2,66.0,1.0
3952,54,24,2554,108,986.17,65.46,1.0
3953,160,13,2660,320,986.14,105.25,1.0
3954,239,14,2739,478,986.1,118.98,1.0
3955,245,28,2745,490,986.1,88.16,1.0
3956,156,26,2656,312,986.06,81.47,1.0
3957,58,24,2558,116,985.96,68.76,1.0
3958,63,12,2563,126,985.95,89.03,1.0
3959,199,27,2699,398,985.95,86.14,1.0
3960,230,28,2730,460,985.94,83.62,1.0
3961,26,11,2526,52,985.91,78.38,1.0
3962,109,13,2609,218,985.7,96.52,1.0
3963,295,29,2795,590,985.68,94.97,1.0
3964,253,28,2753,506,985.67,92.76,1.0
3965,237,28,2737,474,985.66,89.7,1.0
3966,61,12,2561,122,985.65,90.03,1.0
3967,98,12,2598,196,985.63,94.93,1.0
3968,265,28,2765,530,985.62,88.87,1.0
3969,34,24,2534,68,985.59,63.08,1.0
3970,286,29,2786,572,985.59,89.63,1.0
3971,74,12,2574,148,985.57,87.43,1.0
3972,73,12,2573,146,985.48,88.66,1.0
3973,292,15,2792,584,985.48,133.68,1.0
3974,291,29,2791,582,985.46,92.09,1.0
3975,98,25,2598,196,985.42,74.01,1.0
3976,76,24,2576,152,985.41,70.0,1.0
3977,85,12,2585,170,985.4,91.77,1.0
3978,86,12,2586,172,985.39,92.44,1.0
3979,208,27,2708,416,985.35,85.76,1.0
3980,100,12,2600,200,985.34,93.62,1.0
3981,154,13,2654,308,985.34,108.26,1.0
3982,297,28,2797,594,985.32,98.28,1.0
3983,91,25,2591,182,985.3,71.74,1.0
3984,144,12,2644,288,985.29,108.33,1.0
3985,131,26,2631,262,985.22,75.38,1.0
3986,222,14,2722,444,985.21,115.02,1.0
3987,252,14,2752,504,985.21,125.74,1.0
3988,31,11,2531,62,985.16,80.31,1.0
3989,128,13,2628,256,985.16,101.21,1.0
3990,203,27,2703,406,985.16,83.42,1.0
3991,279,14,2779,558,985.11,128.53,1.0
3992,120,25,2620,240,985.1,78.76,1.0
3993,43,24,2543,86,985.06,66.22,1.0
3994,138,26,2638,276,985.05,80.45,1.0
3995,188,13,2688,376,985.03,109.22,1.0
3996,58,12,2558,116,985.02,86.92,1.0
3997,261,28,2761,522,985.02,86.21,1.0
3998,299,14,2799,598,985.01,131.03,1.0
3999,130,13,2630,260,984.99,99.15,1.0
4000,83,25,2583,166,984.94,70.58,1.0
4001,240,28,2740,480,984.93,88.97,1.0
4002,272,28,2772,544,984.91,91.74,1.0
4003,130,25,2630,260,984.89,76.39,1.0
4004,50,12,2550,100,984.87,85.05,1.0
4005,3,23,2503,6,984.87,60.25,1.0
4006,70,24,2570,140,984.84,70.58,1.0
4007,235,14,2735,470,984.79,123.61,1.0
4008,158,27,2658,316,984.77,80.93,1.0
4009,16,23,2516,32,984.72,67.26,1.0
4010,191,14,2691,382,984.71,113.9,1.0
4011,108,25,2608,216,984.7,73.8,1.0
4012,202,27,2702,404,984.66,84.57,1.0
4013,252,28,2752,504,984.63,88.7,1.0
4014,66,24,2566,132,984.59,70.98,1.0
4015,4,23,2504,8,984.55,61.48,1.0
4016,198,27,2698,396,984.53,84.73,1.0
4017,117,25,2617,234,984.49,79.25,1.0
4018,176,13,2676,352,984.42,110.62,1.0
4019,102,25,2602,204,984.36,76.36,1.0
4020,267,28,2767,534,984.31,90.22,1.0
4021,140,13,2640,280,984.22,101.54,1.0
4022,270,28,2770,540,984.21,92.96,1.0
4023,89,12,2589,178,984.08,95.22,1.0
4024,20,23,2520,40,984.07,63.4,1.0
4025,11,11,2511,22,984.02,78.21,1.0
4026,246,28,2746,492,984.02,86.89,1.0
4027,111,12,2611,222,984.01,98.78,1.0
4028,115,26,2615,230,983.99,73.68,1.0
4029,12,11,2512,24,983.96,74.29,1.0
4030,259,28,2759,518,983.94,90.41,1.0
4031,141,26,2641,282,983.93,79.38,1.0
4032,109,25,2609,218,983.89,75.29,1.0
4033,75,25,2575,150,983.88,70.85,1.0
4034,184,27,2684,368,983.88,78.5,1.0
4035,183,26,2683,366,983.86,84.81,1.0
4036,276,28,2776,552,983.75,97.58,1.0
4037,278,15,2778,556,983.75,126.49,1.0
4038,93,12,2593,186,983.72,93.29,1.0
4039,18,11,2518,36,983.7,77.36,1.0
4040,26,24,2526,52,983.64,62.58,1.0
4041,106,25,2606,212,983.4,75.83,1.0
4042,196,27,2696,392,983.35,82.24,1.0
4043,234,13,2734,468,983.21,121.82,1.0
4044,240,13,2740,480,983.16,123.11,1.0
4045,281,14,2781,562,983.16,130.26,1.0
4046,43,11,2543,86,983.15,84.79,1.0
4047,95,25,2595,190,983.01,73.37,1.0
4048,254,13,2754,508,983.01,128.04,1.0
4049,234,28,2734,468,982.99,87.51,1.0
4050,231,28,2731,462,982.97,81.83,1.0
4051,239,28,2739,478,982.93,86.0,1.0
4052,241,13,2741,482,982.93,121.94,1.0
4053,52,11,2552,104,982.88,84.2,1.0
4054,59,24,2559,118,982.88,69.89,1.0
4055,217,26,2717,434,982.88,89.96,1.0
4056,300,14,2800,600,982.86,131.28,1.0
4057,248,28,2748,496,982.73,87.66,1.0
4058,0,11,2500,0,982.71,71.31,1.0
4059,294,14,2794,588,982.5,132.49,1.0
4060,274,29,2774,548,982.47,88.55,1.0
4061,233,13,2733,466,982.46,116.1,1.0
4062,295,14,2795,590,982.46,133.83,1.0
4063,250,28,2750,500,982.45,88.23,1.0
4064,220,27,2720,440,982.4,89.62,1.0
4065,33,11,2533,66,982.37,79.75,1.0
4066,142,26,2642,284,982.36,77.81,1.0
4067,261,14,2761,522,982.34,123.49,1.0
4068,66,12,2566,132,982.31,89.29,1.0
4069,82,24,2582,164,982.3,72.27,1.0
4070,115,12,2615,230,982.3,101.21,1.0
4071,81,24,2581,162,982.23,73.61,1.0
4072,123,25,2623,246,982.16,76.57,1.0
4073,23,24,2523,46,982.15,64.66,1.0
4074,214,27,2714,428,982.05,82.63,1.0
4075,154,26,2654,308,982.02,78.93,1.0
4076,299,29,2799,598,982.02,91.97,1.0
4077,121,12,2621,242,981.95,101.38,1.0
4078,15,11,2515,30,981.92,75.67,1.0
4079,35,24,2535,70,981.89,64.75,1.0
4080,116,12,2616,232,981.87,108.42,1.0
4081,283,14,2783,566,981.87,131.7,1.0
4082,41,24,2541,82,981.86,68.99,1.0
4083,69,24,2569,138,981.85,72.46,1.0
4084,131,12,2631,262,981.85,99.64,1.0
4085,227,14,2727,454,981.84,120.75,1.0
4086,25,11,2525,50,981.83,78.86,1.0
4087,242,28,2742,484,981.83,85.54,1.0
4088,135,26,2635,270,981.79,76.33,1.0
4089,193,27,2693,386,981.77,81.56,1.0
4090,112,12,2612,224,981.67,99.18,1.0
4091,218,13,2718,436,981.59,119.47,1.0
4092,228,28,2728,456,981.59,83.79,1.0
4093,257,29,2757,514,981.59,86.72,1.0
4094,221,13,2721,442,981.58,119.32,1.0
4095,9,11,2509,18,981.54,73.45,1.0
4096,147,13,2647,294,981.54,101.43,1.0
4097,100,25,2600,200,981.48,75.28,1.0
4098,210,13,2710,420,981.44,116.66,1.0
4099,209,28,2709,418,981.29,83.77,1.0
4100,190,27,2690,380,981.27,78.51,1.0
4101,205,28,2705,410,981.27,82.49,1.0
4102,179,27,2679,358,981.24,81.89,1.0
4103,268,14,2768,536,981.19,122.54,1.0
4104,219,13,2719,438,981.16,118.32,1.0
4105,256,13,2756,512,981.12,123.41,1.0
4106,155,26,2655,310,981.09,79.63,1.0
4107,238,14,2738,476,981.05,118.68,1.0
4108,266,14,2766,532,981.04,132.29,1.0
4109,133,26,2633,266,981.03,77.17,1.0
4110,91,12,2591,182,981.01,93.28,1.0
4111,275,29,2775,550,980.91,87.37,1.0
4112,211,28,2711,422,980.89,82.93,1.0
4113,182,13,2682,364,980.82,115.66,1.0
4114,290,15,2790,580,980.8,129.17,1.0
4115,297,15,2797,594,980.76,132.9,1.0
4116,182,27,2682,364,980.69,84.01,1.0
4117,57,12,2557,114,980.66,84.86,1.0
4118,229,13,2729,458,980.63,121.44,1.0
4119,185,27,2685,370,980.62,78.03,1.0
4120,42,11,2542,84,980.6,85.72,1.0
4121,279,29,2779,558,980.54,91.91,1.0
4122,96,25,2596,192,980.47,72.78,1.0
4123,119,12,2619,238,980.4,100.63,1.0
4124,107,25,2607,214,980.4,75.79,1.0
4125,193,13,2693,386,980.38,112.59,1.0
4126,56,11,2556,112,980.26,87.73,1.0
4127,262,14,2762,524,980.24,124.35,1.0
4128,201,27,2701,402,980.21,84.65,1.0
4129,10,11,2510,20,980.11,73.93,1.0
4130,164,26,2664,328,980.08,78.76,1.0
4131,37,24,2537,74,980.04,61.37,1.0
4132,19,11,2519,38,980.03,77.9,1.0
4133,95,12,2595,190,980.01,95.23,1.0
4134,199,13,2699,398,979.99,114.79,1.0
4135,174,13,2674,348,979.96,108.07,1.0
4136,172,27,2672,344,979.86,82.56,1.0
4137,208,13,2708,416,979.85,118.6,1.0
4138,244,14,2744,488,979.82,123.05,1.0
4139,160,26,2660,320,979.78,82.06,1.0
4140,180,13,2680,360,979.77,111.44,1.0
4141,49,24,2549,98,979.75,66.17,1.0
4142,157,13,2657,314,979.74,106.97,1.0
4143,88,25,2588,176,979.73,72.43,1.0
4144,232,28,2732,464,979.6,87.8,1.0
4145,214,14,2714,428,979.56,115.12,1.0
4146,59,12,2559,118,979.43,87.51,1.0
4147,284,14,2784,568,979.43,130.49,1.0
4148,243,15,2743,486,979.27,121.4,1.0
4149,17,11,2517,34,979.26,75.19,1.0
4150,42,24,2542,84,979.22,69.19,1.0
4151,45,24,2545,90,979.19,67.11,1.0
4152,22,11,2522,44,979.14,77.34,1.0
4153,126,26,2626,252,979.11,73.65,1.0
4154,243,27,2743,486,979.1,91.45,1.0
4155,103,12,2603,206,979.07,98.41,1.0
4156,33,24,2533,66,979.06,64.09,1.0
4157,200,27,2700,400,979.06,83.53,1.0
4158,36,24,2536,72,979.04,67.7,1.0
4159,228,13,2728,456,979.04,118.91,1.0
4160,223,13,2723,446,979.02,117.82,1.0
4161,237,13,2737,474,979.01,122.28,1.0
4162,188,27,2688,376,978.91,82.33,1.0
4163,190,13,2690,380,978.9,111.96,1.0
4164,212,28,2712,424,978.88,81.44,1.0
4165,65,25,2565,130,978.87,68.96,1.0
4166,217,14,2717,434,978.83,116.08,1.0
4167,186,13,2686,372,978.78,112.16,1.0
4168,34,11,2534,68,978.76,79.68,1.0
4169,242,14,2742,484,978.76,119.71,1.0
4170,181,13,2681,362,978.75,111.29,1.0
4171,194,27,2694,388,978.71,81.28,1.0
4172,102,12,2602,204,978.64,98.61,1.0
4173,107,12,2607,214,978.62,96.33,1.0
4174,186,27,2686,372,978.58,81.12,1.0
4175,271,29,2771,542,978.57,90.42,1.0
4176,287,14,2787,574,978.49,129.64,1.0
4177,177,27,2677,354,978.48,80.44,1.0
4178,78,11,2578,156,978.45,97.97,1.0
4179,76,12,2576,152,978.43,88.75,1.0
4180,273,29,2773,546,978.43,90.53,1.0
4181,67,12,2567,134,978.41,89.1,1.0
4182,146,26,2646,292,978.4,79.84,1.0
4183,259,14,2759,518,978.37,118.79,1.0
4184,278,29,2778,556,978.36,90.74,1.0
4185,78,25,2578,156,978.32,70.58,1.0
4186,192,27,2692,384,978.32,84.78,1.0
4187,50,24,2550,100,978.24,68.29,1.0
4188,153,13,2653,306,978.24,111.73,1.0
4189,212,13,2712,424,978.22,119.52,1.0
4190,192,13,2692,384,978.19,113.66,1.0
4191,159,13,2659,318,978.18,109.31,1.0
4192,25,24,2525,50,978.07,63.17,1.0
4193,296,37,2796,592,978.04,87.24,1.0
4194,296,40,2796,592,977.94,86.32,1.0
4195,57,24,2557,114,977.92,68.53,1.0
4196,184,13,2684,368,977.89,112.18,1.0
4197,288,14,2788,576,977.72,125.08,1.0
4198,206,27,2706,412,977.59,85.59,1.0
4199,1,24,2501,2,977.58,59.56,1.0
4200,263,29,2763,526,977.57,89.47,1.0
4201,221,28,2721,442,977.55,86.23,1.0
4202,225,13,2725,450,977.52,119.21,1.0
4203,90,25,2590,180,977.51,72.87,1.0
4204,40,24,2540,80,977.49,66.28,1.0
4205,145,12,2645,290,977.47,109.69,1.0
4206,168,27,2668,336,977.47,78.18,1.0
4207,151,12,2651,302,977.37,107.1,1.0
4208,8,23,2508,16,977.35,61.37,1.0
4209,124,11,2624,248,977.3,102.95,1.0
4210,272,15,2772,544,977.27,124.53,1.0
4211,296,43,2796,592,977.27,86.71,1.0
4212,296,32,2796,592,977.22,86.6,1.0
4213,132,26,2632,264,977.2,78.49,1.0
4214,296,44,2796,592,977.12,85.45,1.0
4215,296,38,2796,592,977.08,86.23,1.0
4216,296,41,2796,592,976.97,86.66,1.0
4217,70,12,2570,140,976.96,87.91,1.0
4218,21,24,2521,42,976.93,63.88,1.0
4219,113,12,2613,226,976.93,101.57,1.0
4220,105,12,2605,210,976.92,96.66,1.0
4221,202,13,2702,404,976.92,114.16,1.0
4222,260,13,2760,520,976.88,126.45,1.0
4223,293,29,2793,586,976.88,88.65,1.0
4224,296,33,2796,592,976.86,86.28,1.0
4225,125,25,2625,250,976.85,76.94,1.0
4226,89,25,2589,178,976.82,75.04,1.0
4227,296,39,2796,592,976.8,86.5,1.0
4228,296,42,2796,592,976.79,86.72,1.0
4229,77,25,2577,154,976.78,74.0,1.0
4230,213,13,2713,426,976.78,113.64,1.0
4231,72,12,2572,144,976.77,90.71,1.0
4232,167,27,2667,334,976.77,82.64,1.0
4233,280,13,2780,560,976.72,127.63,1.0
4234,296,35,2796,592,976.65,86.12,1.0
4235,292,29,2792,584,976.64,93.88,1.0
4236,209,12,2709,418,976.56,118.6,1.0
4237,197,27,2697,394,976.54,88.84,1.0
4238,238,28,2738,476,976.54,83.63,1.0
4239,175,27,2675,350,976.53,84.6,1.0
4240,296,31,2796,592,976.5,86.67,1.0
4241,133,12,2633,266,976.45,105.46,1.0
4242,289,29,2789,578,976.45,89.99,1.0
4243,247,13,2747,494,976.42,122.36,1.0
4244,270,14,2770,540,976.35,127.68,1.0
4245,13,11,2513,26,976.34,75.91,1.0
4246,287,29,2787,574,976.33,91.99,1.0
4247,296,36,2796,592,976.31,85.22,1.0
4248,90,12,2590,180,976.29,97.74,1.0
4249,169,13,2669,338,976.29,111.09,1.0
4250,128,26,2628,256,976.27,74.62,1.0
4251,200,13,2700,400,976.26,113.54,1.0
4252,143,26,2643,286,976.24,80.07,1.0
4253,215,28,2715,430,976.24,85.24,1.0
4254,277,14,2777,554,976.21,127.9,1.0
4255,117,12,2617,234,976.15,101.59,1.0
4256,183,13,2683,366,976.14,111.51,1.0
4257,79,11,2579,158,976.08,97.72,1.0
4258,282,29,2782,564,976.07,90.04,1.0
4259,296,30,2796,592,976.05,86.67,1.0
4260,274,13,2774,548,975.98,128.76,1.0
4261,29,24,2529,58,975.97,61.83,1.0
4262,296,34,2796,592,975.97,86.39,1.0
4263,6,23,2506,12,975.91,59.25,1.0
4264,181,27,2681,362,975.9,79.48,1.0
4265,173,27,2673,346,975.89,78.59,1.0
4266,101,12,2601,202,975.77,97.04,1.0
4267,48,11,2548,96,975.72,82.21,1.0
4268,136,12,2636,272,975.7,101.0,1.0
4269,0,23,2500,0,975.57,60.94,1.0
4270,136,26,2636,272,975.51,78.24,1.0
4271,148,12,2648,296,975.51,102.52,1.0
4272,71,25,2571,142,975.5,68.38,1.0
4273,165,12,2665,330,975.5,110.48,1.0
4274,179,13,2679,358,975.47,112.34,1.0
4275,32,11,2532,64,975.45,81.02,1.0
4276,269,29,2769,538,975.26,87.52,1.0
4277,80,12,2580,160,975.2,91.55,1.0
4278,141,12,2641,282,975.19,106.0,1.0
4279,108,12,2608,216,975.12,96.78,1.0
4280,235,28,2735,470,975.0,89.05,1.0
4281,65,11,2565,130,974.99,89.49,1.0
4282,81,12,2581,162,974.92,89.6,1.0
4283,207,13,2707,414,974.9,116.36,1.0
4284,165,27,2665,330,974.87,76.92,1.0
4285,140,26,2640,280,974.76,80.03,1.0
4286,284,29,2784,568,974.76,92.06,1.0
4287,127,26,2627,254,974.75,77.68,1.0
4288,8,11,2508,16,974.74,75.89,1.0
4289,189,27,2689,378,974.74,81.74,1.0
4290,219,28,2719,438,974.72,83.22,1.0
4291,267,14,2767,534,974.68,127.62,1.0
4292,103,26,2603,206,974.66,74.42,1.0
4293,24,11,2524,48,974.65,78.42,1.0
4294,216,14,2716,432,974.65,119.97,1.0
4295,132,12,2632,264,974.64,100.9,1.0
4296,99,11,2599,198,974.62,97.79,1.0
4297,62,11,2562,124,974.58,89.6,1.0
4298,180,27,2680,360,974.54,80.54,1.0
4299,218,28,2718,436,974.46,84.74,1.0
4300,123,13,2623,246,974.36,98.44,1.0
4301,178,13,2678,356,974.35,113.67,1.0
4302,68,25,2568,136,974.34,65.77,1.0
4303,189,13,2689,378,974.32,115.97,1.0
4304,118,12,2618,236,974.29,96.63,1.0
4305,114,12,2614,228,974.21,100.02,1.0
4306,161,12,2661,322,974.04,109.12,1.0
4307,37,11,2537,74,974.01,80.08,1.0
4308,196,13,2696,392,973.94,114.07,1.0
4309,75,11,2575,150,973.86,94.01,1.0
4310,265,14,2765,530,973.85,120.18,1.0
4311,152,12,2652,304,973.84,107.53,1.0
4312,38,11,2538,76,973.79,85.44,1.0
4313,151,27,2651,302,973.79,77.05,1.0
4314,138,12,2638,276,973.78,107.54,1.0
4315,85,25,2585,170,973.69,71.02,1.0
4316,290,29,2790,580,973.64,93.07,1.0
4317,49,11,2549,98,973.56,84.39,1.0
4318,122,12,2622,244,973.55,100.51,1.0
4319,251,13,2751,502,973.49,126.63,1.0
4320,74,25,2574,148,973.43,71.59,1.0
4321,47,25,2547,94,973.4,67.28,1.0
4322,18,24,2518,36,973.34,65.38,1.0
4323,166,27,2666,332,973.25,78.66,1.0
4324,23,10,2523,46,973.2,80.86,1.0
4325,247,29,2747,494,973.18,85.63,1.0
4326,166,12,2666,332,973.12,108.67,1.0
4327,19,24,2519,38,973.1,63.05,1.0
4328,106,12,2606,212,973.09,98.03,1.0
4329,137,26,2637,274,973.07,81.29,1.0
4330,38,24,2538,76,973.05,69.41,1.0
4331,69,11,2569,138,973.05,93.07,1.0
4332,170,12,2670,340,973.03,110.71,1.0
4333,7,10,2507,14,972.97,74.38,1.0
4334,195,27,2695,390,972.93,83.7,1.0
4335,263,13,2763,526,972.89,130.85,1.0
4336,87,25,2587,174,972.88,75.94,1.0
4337,227,28,2727,454,972.88,86.67,1.0
4338,146,13,2646,292,972.87,106.51,1.0
4339,32,24,2532,64,972.85,66.84,1.0
4340,60,11,2560,120,972.74,86.15,1.0
4341,44,11,2544,88,972.7,85.18,1.0
4342,35,11,2535,70,972.65,83.22,1.0
4343,236,13,2736,472,972.62,122.28,1.0
4344,163,27,2663,326,972.59,80.77,1.0
4345,285,14,2785,570,972.56,130.03,1.0
4346,6,11,2506,12,972.51,69.38,1.0
4347,147,26,2647,294,972.44,79.16,1.0
4348,30,24,2530,60,972.34,64.08,1.0
4349,161,27,2661,322,972.32,77.92,1.0
4350,24,24,2524,48,972.3,67.14,1.0
4351,84,12,2584,168,972.29,91.01,1.0
4352,276,14,2776,552,972.26,129.23,1.0
4353,28,24,2528,56,972.22,64.59,1.0
4354,244,28,2744,488,972.18,89.31,1.0
4355,9,24,2509,18,972.15,62.07,1.0
4356,249,13,2749,498,972.14,122.07,1.0
4357,12,24,2512,24,972.13,61.0,1.0
4358,280,29,2780,560,972.11,91.06,1.0
4359,258,13,2758,516,972.04,129.41,1.0
4360,191,27,2691,382,972.03,85.63,1.0
4361,27,24,2527,54,971.99,63.27,1.0
4362,163,12,2663,326,971.97,108.02,1.0
4363,94,11,2594,188,971.78,99.35,1.0
4364,121,26,2621,242,971.75,73.83,1.0
4365,178,27,2678,356,971.73,82.03,1.0
4366,222,28,2722,444,971.65,82.46,1.0
4367,176,27,2676,352,971.63,81.42,1.0
4368,225,28,2725,450,971.59,84.62,1.0
4369,16,11,2516,32,971.54,77.96,1.0
4370,231,13,2731,462,971.5,119.42,1.0
4371,149,26,2649,298,971.47,78.91,1.0
4372,40,11,2540,80,971.46,82.25,1.0
4373,266,29,2766,532,971.44,90.11,1.0
4374,14,24,2514,28,971.38,61.86,1.0
4375,135,12,2635,270,971.38,105.1,1.0
4376,162,27,2662,324,971.34,79.22,1.0
4377,71,11,2571,142,971.28,93.34,1.0
4378,283,29,2783,566,971.27,97.51,1.0
4379,223,28,2723,446,971.25,85.92,1.0
4380,31,24,2531,62,971.18,64.38,1.0
4381,39,24,2539,78,971.16,68.03,1.0
4382,185,13,2685,370,971.1,113.48,1.0
4383,87,12,2587,174,970.92,97.12,1.0
4384,177,12,2677,354,970.91,114.78,1.0
4385,110,12,2610,220,970.89,96.89,1.0
4386,11,24,2511,22,970.85,63.82,1.0
4387,79,25,2579,158,970.83,73.26,1.0
4388,137,12,2637,274,970.8,108.28,1.0
4389,164,13,2664,328,970.71,108.17,1.0
4390,153,26,2653,306,970.59,83.62,1.0
4391,5,24,2505,10,970.51,60.91,1.0
4392,253,13,2753,506,970.48,130.44,1.0
4393,15,24,2515,30,970.47,60.23,1.0
4394,30,11,2530,60,970.46,79.3,1.0
4395,277,29,2777,554,970.41,91.95,1.0
4396,73,25,2573,146,970.28,70.02,1.0
4397,27,11,2527,54,970.25,76.44,1.0
4398,255,29,2755,510,970.2,89.28,1.0
4399,291,13,2791,582,970.14,132.37,1.0
4400,51,11,2551,102,970.11,83.56,1.0
4401,5,10,2505,10,970.01,73.84,1.0
4402,92,12,2592,184,970.0,94.2,1.0
4403,211,12,2711,422,970.0,120.59,1.0
4404,264,29,2764,528,969.89,87.69,1.0
4405,257,13,2757,514,969.88,125.25,1.0
4406,171,27,2671,342,969.85,83.04,1.0
4407,120,12,2620,240,969.84,100.8,1.0
4408,53,11,2553,106,969.79,87.3,1.0
4409,92,25,2592,184,969.78,71.31,1.0
4410,20,11,2520,40,969.76,77.33,1.0
4411,273,13,2773,546,969.72,128.09,1.0
4412,254,29,2754,508,969.67,89.03,1.0
4413,127,12,2627,254,969.54,103.3,1.0
4414,28,11,2528,56,969.52,79.48,1.0
4415,104,26,2604,208,969.44,76.0,1.0
4416,204,13,2704,408,969.44,117.62,1.0
4417,286,13,2786,572,969.39,135.31,1.0
4418,1,10,2501,2,969.37,74.05,1.0
4419,72,25,2572,144,969.2,69.14,1.0
4420,119,26,2619,238,969.16,76.62,1.0
4421,279,13,2779,558,969.11,129.73,1.0
4422,64,11,2564,128,969.08,88.69,1.0
4423,194,13,2694,388,968.99,110.88,1.0
4424,55,11,2555,110,968.98,88.53,1.0
4425,61,25,2561,122,968.94,66.85,1.0
4426,80,25,2580,160,968.93,70.56,1.0
4427,48,25,2548,96,968.89,66.37,1.0
4428,299,43,2799,598,968.88,88.22,1.0
4429,258,29,2758,516,968.87,88.55,1.0
4430,296,45,2796,592,968.85,86.7,1.0
4431,197,13,2697,394,968.8,122.4,1.0
4432,285,29,2785,570,968.78,89.94,1.0
4433,54,11,2554,108,968.75,88.15,1.0
4434,145,27,2645,290,968.73,79.25,1.0
4435,122,26,2622,244,968.69,73.67,1.0
4436,17,24,2517,34,968.67,63.27,1.0
4437,246,13,2746,492,968.65,122.6,1.0
4438,201,13,2701,402,968.64,115.97,1.0
4439,52,25,2552,104,968.58,66.91,1.0
4440,299,38,2799,598,968.56,87.39,1.0
4441,125,12,2625,250,968.52,100.92,1.0
4442,299,34,2799,598,968.51,87.77,1.0
4443,262,29,2762,524,968.46,88.15,1.0
4444,299,35,2799,598,968.36,87.7,1.0
4445,207,28,2707,414,968.34,83.82,1.0
4446,249,29,2749,498,968.33,86.35,1.0
4447,297,29,2797,594,968.32,96.52,1.0
4448,299,40,2799,598,968.23,87.58,1.0
4449,168,12,2668,336,968.22,109.16,1.0
4450,169,27,2669,338,968.21,80.45,1.0
4451,22,24,2522,44,968.19,64.63,1.0
4452,46,25,2546,92,968.09,65.93,1.0
4453,118,26,2618,236,968.07,76.04,1.0
4454,299,36,2799,598,968.04,87.75,1.0
4455,288,39,2788,576,967.98,84.39,1.0
4456,84,25,2584,168,967.96,73.31,1.0
4457,299,30,2799,598,967.95,87.45,1.0
4458,88,11,2588,176,967.92,92.58,1.0
4459,299,33,2799,598,967.91,87.44,1.0
4460,97,26,2597,194,967.9,69.93,1.0
4461,134,26,2634,268,967.89,75.22,1.0
4462,299,41,2799,598,967.89,87.5,1.0
4463,110,26,2610,220,967.86,72.18,1.0
4464,109,12,2609,218,967.82,98.15,1.0
4465,275,13,2775,550,967.73,127.69,1.0
4466,104,11,2604,208,967.71,98.54,1.0
4467,250,14,2750,500,967.7,124.41,1.0
4468,299,42,2799,598,967.68,87.93,1.0
4469,299,31,2799,598,967.67,87.18,1.0
4470,203,13,2703,406,967.57,118.08,1.0
4471,39,11,2539,78,967.48,83.74,1.0
4472,150,12,2650,300,967.44,104.86,1.0
4473,299,32,2799,598,967.37,87.95,1.0
4474,288,41,2788,576,967.36,85.09,1.0
4475,156,12,2656,312,967.35,111.83,1.0
4476,288,43,2788,576,967.28,83.95,1.0
4477,288,38,2788,576,967.27,84.39,1.0
4478,288,37,2788,576,967.24,83.92,1.0
4479,299,39,2799,598,967.22,87.76,1.0
4480,288,36,2788,576,967.19,83.97,1.0
4481,298,44,2798,596,967.14,92.45,1.0
4482,83,11,2583,166,967.11,92.69,1.0
4483,298,39,2798,596,967.11,93.03,1.0
4484,299,37,2799,598,967.1,87.01,1.0
4485,288,42,2788,576,967.1,84.71,1.0
4486,51,25,2551,102,967.08,67.72,1.0
4487,288,32,2788,576,967.05,85.33,1.0
4488,288,34,2788,576,967.01,85.06,1.0
4489,217,27,2717,434,966.97,88.88,1.0
4490,288,44,2788,576,966.92,84.03,1.0
4491,10,24,2510,20,966.9,59.27,1.0
4492,298,34,2798,596,966.89,93.74,1.0
4493,288,31,2788,576,966.86,84.76,1.0
4494,298,41,2798,596,966.85,93.07,1.0
4495,195,13,2695,390,966.81,114.6,1.0
4496,120,26,2620,240,966.8,77.54,1.0
4497,63,11,2563,126,966.78,90.29,1.0
4498,300,42,2800,600,966.78,93.06,1.0
4499,213,28,2713,426,966.76,84.58,1.0
4500,144,27,2644,288,966.74,80.09,1.0
4501,299,44,2799,598,966.74,88.29,1.0
4502,256,29,2756,512,966.73,90.57,1.0
4503,288,33,2788,576,966.73,84.07,1.0
4504,139,26,2639,278,966.72,77.23,1.0
4505,230,12,2730,460,966.72,119.28,1.0
4506,97,11,2597,194,966.71,98.35,1.0
4507,129,27,2629,258,966.6,75.9,1.0
4508,288,30,2788,576,966.6,84.37,1.0
4509,172,12,2672,344,966.59,116.67,1.0
4510,294,39,2794,588,966.58,89.25,1.0
4511,210,28,2710,420,966.56,84.8,1.0
4512,62,25,2562,124,966.53,72.25,1.0
4513,298,31,2798,596,966.51,93.09,1.0
4514,298,38,2798,596,966.48,93.16,1.0
4515,232,13,2732,464,966.44,122.47,1.0
4516,278,14,2778,556,966.37,129.13,1.0
4517,294,30,2794,588,966.33,91.1,1.0
4518,29,11,2529,58,966.31,80.3,1.0
4519,134,12,2634,268,966.3,106.16,1.0
4520,300,43,2800,600,966.3,92.39,1.0
4521,298,36,2798,596,966.28,93.14,1.0
4522,300,38,2800,600,966.26,93.56,1.0
4523,300,34,2800,600,966.25,93.61,1.0
4524,300,31,2800,600,966.23,93.83,1.0
4525,300,40,2800,600,966.23,93.11,1.0
4526,174,27,2674,348,966.17,79.48,1.0
4527,53,25,2553,106,966.12,67.47,1.0
4528,298,32,2798,596,966.12,92.88,1.0
4529,198,13,2698,396,966.08,114.51,1.0
4530,294,34,2794,588,966.07,90.76,1.0
4531,20,24,2520,40,966.01,63.14,1.0
4532,82,12,2582,164,966.0,92.3,1.0
4533,288,40,2788,576,965.98,84.3,1.0
4534,45,11,2545,90,965.97,83.39,1.0
4535,298,42,2798,596,965.95,93.29,1.0
4536,298,30,2798,596,965.93,92.66,1.0
4537,154,12,2654,308,965.91,111.82,1.0
4538,150,27,2650,300,965.91,75.78,1.0
4539,288,35,2788,576,965.91,84.71,1.0
4540,237,29,2737,474,965.79,86.16,1.0
4541,298,40,2798,596,965.79,93.1,1.0
4542,226,13,2726,452,965.75,120.73,1.0
4543,300,39,2800,600,965.74,93.93,1.0
4544,298,43,2798,596,965.73,92.84,1.0
4545,298,37,2798,596,965.72,93.51,1.0
4546,298,33,2798,596,965.71,93.51,1.0
4547,294,41,2794,588,965.68,90.2,1.0
4548,94,26,2594,188,965.64,73.67,1.0
4549,298,35,2798,596,965.6,93.08,1.0
4550,229,29,2729,458,965.59,83.5,1.0
4551,294,42,2794,588,965.58,90.27,1.0
4552,63,25,2563,126,965.57,70.17,1.0
4553,294,37,2794,588,965.5,90.82,1.0
4554,7,24,2507,14,965.45,61.93,1.0
4555,300,41,2800,600,965.44,93.49,1.0
4556,202,28,2702,404,965.43,83.35,1.0
4557,206,13,2706,412,965.43,114.51,1.0
4558,294,36,2794,588,965.41,91.08,1.0
4559,271,13,2771,542,965.4,132.16,1.0
4560,21,10,2521,42,965.37,78.74,1.0
4561,300,44,2800,600,965.37,94.13,1.0
4562,294,32,2794,588,965.34,90.81,1.0
4563,300,32,2800,600,965.31,93.91,1.0
4564,281,43,2781,562,965.27,89.18,1.0
4565,294,38,2794,588,965.23,90.76,1.0
4566,114,26,2614,228,965.22,74.1,1.0
4567,170,28,2670,340,965.22,80.19,1.0
4568,224,13,2724,448,965.22,125.14,1.0
4569,260,29,2760,520,965.2,87.8,1.0
4570,294,33,2794,588,965.18,91.07,1.0
4571,294,43,2794,588,965.14,90.26,1.0
4572,67,25,2567,134,965.11,68.44,1.0
4573,111,26,2611,222,965.11,75.74,1.0
4574,294,31,2794,588,965.09,90.85,1.0
4575,183,27,2683,366,965.08,83.82,1.0
4576,13,24,2513,26,965.03,62.06,1.0
4577,296,13,2796,592,965.03,130.17,1.0
4578,187,12,2687,374,965.0,118.19,1.0
4579,96,11,2596,192,964.96,97.39,1.0
4580,300,30,2800,600,964.88,93.94,1.0
4581,294,40,2794,588,964.86,91.18,1.0
4582,281,34,2781,562,964.81,88.72,1.0
4583,281,13,2781,562,964.8,132.13,1.0
4584,281,41,2781,562,964.8,88.3,1.0
4585,294,44,2794,588,964.78,90.62,1.0
4586,294,35,2794,588,964.72,91.54,1.0
4587,281,33,2781,562,964.7,89.41,1.0
4588,70,25,2570,140,964.65,71.05,1.0
4589,300,36,2800,600,964.65,93.98,1.0
4590,56,25,2556,112,964.64,66.12,1.0
4591,159,27,2659,318,964.62,81.23,1.0
4592,300,37,2800,600,964.61,94.11,1.0
4593,295,34,2795,590,964.6,93.14,1.0
4594,281,37,2781,562,964.58,89.1,1.0
4595,14,10,2514,28,964.57,77.06,1.0
4596,203,28,2703,406,964.47,80.76,1.0
4597,2,24,2502,4,964.45,62.85,1.0
4598,129,11,2629,258,964.45,104.88,1.0
4599,281,35,2781,562,964.43,89.18,1.0
4600,208,28,2708,416,964.35,85.13,1.0
4601,281,32,2781,562,964.33,88.95,1.0
4602,300,33,2800,600,964.32,93.72,1.0
4603,281,42,2781,562,964.32,88.97,1.0
4604,152,27,2652,304,964.31,79.78,1.0
4605,259,29,2759,518,964.28,88.83,1.0
4606,162,12,2662,324,964.22,109.5,1.0
4607,245,29,2745,490,964.22,86.98,1.0
4608,99,26,2599,198,964.18,72.11,1.0
4609,281,30,2781,562,964.13,89.31,1.0
4610,281,44,2781,562,964.13,88.92,1.0
4611,77,11,2577,154,964.12,93.93,1.0
4612,295,32,2795,590,964.12,92.8,1.0
4613,281,38,2781,562,964.11,88.11,1.0
4614,58,25,2558,116,964.02,68.48,1.0
4615,173,12,2673,346,964.0,111.63,1.0
4616,281,40,2781,562,963.91,89.2,1.0
4617,191,13,2691,382,963.88,116.75,1.0
4618,295,36,2795,590,963.88,93.0,1.0
4619,295,41,2795,590,963.87,92.92,1.0
4620,281,36,2781,562,963.83,88.92,1.0
4621,3,10,2503,6,963.81,75.27,1.0
4622,109,26,2609,218,963.76,74.54,1.0
4623,233,29,2733,466,963.75,81.25,1.0
4624,255,12,2755,510,963.73,129.84,1.0
4625,297,14,2797,594,963.7,137.43,1.0
4626,295,31,2795,590,963.7,92.29,1.0
4627,300,35,2800,600,963.65,93.83,1.0
4628,252,13,2752,504,963.62,130.11,1.0
4629,2,10,2502,4,963.54,72.23,1.0
4630,112,26,2612,224,963.52,75.64,1.0
4631,291,42,2791,582,963.5,88.76,1.0
4632,199,28,2699,398,963.48,85.28,1.0
4633,295,37,2795,590,963.45,92.98,1.0
4634,50,11,2550,100,963.43,87.57,1.0
4635,216,28,2716,432,963.41,84.43,1.0
4636,281,39,2781,562,963.41,89.51,1.0
4637,139,12,2639,278,963.4,106.19,1.0
4638,220,13,2720,440,963.4,122.6,1.0
4639,291,31,2791,582,963.39,88.28,1.0
4640,295,42,2795,590,963.38,92.62,1.0
4641,251,29,2751,502,963.34,86.5,1.0
4642,291,32,2791,582,963.34,90.28,1.0
4643,291,39,2791,582,963.3,89.16,1.0
4644,43,25,2543,86,963.29,66.65,1.0
4645,105,26,2605,210,963.25,73.92,1.0
4646,130,26,2630,260,963.25,76.34,1.0
4647,295,30,2795,590,963.22,92.04,1.0
4648,61,11,2561,122,963.2,91.67,1.0
4649,241,29,2741,482,963.17,85.16,1.0
4650,295,35,2795,590,963.16,92.9,1.0
4651,159,12,2659,318,963.14,111.79,1.0
4652,281,31,2781,562,963.1,89.99,1.0
4653,295,44,2795,590,963.09,92.92,1.0
4654,291,34,2791,582,963.06,89.84,1.0
4655,269,13,2769,538,963.04,128.25,1.0
4656,144,11,2644,288,963.01,111.06,1.0
4657,291,33,2791,582,963.0,89.19,1.0
4658,147,12,2647,294,962.96,103.31,1.0
4659,291,37,2791,582,962.96,90.04,1.0
4660,291,41,2791,582,962.94,89.68,1.0
4661,58,11,2558,116,962.91,89.25,1.0
4662,156,27,2656,312,962.86,81.98,1.0
4663,295,39,2795,590,962.85,93.36,1.0
4664,295,43,2795,590,962.83,92.18,1.0
4665,291,35,2791,582,962.82,89.92,1.0
4666,291,43,2791,582,962.82,89.29,1.0
4667,81,25,2581,162,962.78,73.35,1.0
4668,295,40,2795,590,962.78,92.41,1.0
4669,291,36,2791,582,962.78,89.87,1.0
4670,272,29,2772,544,962.77,89.35,1.0
4671,64,25,2564,128,962.76,70.32,1.0
4672,204,28,2704,408,962.68,84.49,1.0
4673,291,44,2791,582,962.65,89.57,1.0
4674,282,14,2782,564,962.64,127.42,1.0
4675,66,25,2566,132,962.63,70.55,1.0
4676,268,29,2768,536,962.62,90.38,1.0
4677,295,38,2795,590,962.6,92.52,1.0
4678,270,29,2770,540,962.58,88.36,1.0
4679,128,12,2628,256,962.55,103.39,1.0
4680,157,27,2657,314,962.53,81.67,1.0
4681,140,12,2640,280,962.51,104.81,1.0
4682,74,11,2574,148,962.4,89.86,1.0
4683,295,33,2795,590,962.4,92.93,1.0
4684,291,40,2791,582,962.34,89.54,1.0
4685,69,25,2569,138,962.31,71.93,1.0
4686,291,30,2791,582,962.3,88.66,1.0
4687,4,24,2504,8,962.16,61.84,1.0
4688,68,11,2568,136,962.1,86.83,1.0
4689,60,25,2560,120,962.0,68.16,1.0
4690,143,12,2643,286,961.98,110.47,1.0
4691,148,27,2648,296,961.98,79.28,1.0
4692,293,14,2793,586,961.96,128.2,1.0
4693,291,38,2791,582,961.94,89.04,1.0
4694,11,10,2511,22,961.91,78.6,1.0
4695,167,12,2667,334,961.9,112.32,1.0
4696,236,29,2736,472,961.88,85.07,1.0
4697,116,11,2616,232,961.84,108.43,1.0
4698,188,12,2688,376,961.8,112.75,1.0
4699,12,10,2512,24,961.78,75.52,1.0
4700,15,10,2515,30,961.75,75.43,1.0
4701,130,12,2630,260,961.75,102.64,1.0
4702,228,29,2728,456,961.75,81.79,1.0
4703,82,25,2582,164,961.69,71.98,1.0
4704,298,13,2798,596,961.66,138.7,1.0
4705,113,26,2613,226,961.64,78.02,1.0
4706,124,27,2624,248,961.59,74.3,1.0
4707,141,27,2641,282,961.56,79.42,1.0
4708,91,26,2591,182,961.42,71.59,1.0
4709,264,12,2764,528,961.41,128.14,1.0
4710,4,10,2504,8,961.37,72.71,1.0
4711,187,28,2687,374,961.26,82.91,1.0
4712,299,45,2799,598,961.21,88.8,1.0
4713,35,25,2535,70,961.2,65.27,1.0
4714,283,13,2783,566,961.15,132.67,1.0
4715,116,26,2616,232,961.09,79.17,1.0
4716,107,26,2607,214,961.08,74.94,1.0
4717,44,25,2544,88,961.04,66.53,1.0
4718,215,12,2715,430,961.02,121.56,1.0
4719,227,13,2727,454,961.0,124.12,1.0
4720,25,10,2525,50,960.98,80.43,1.0
4721,240,29,2740,480,960.86,88.84,1.0
4722,180,12,2680,360,960.85,114.11,1.0
4723,73,11,2573,146,960.8,90.27,1.0
4724,59,11,2559,118,960.79,88.04,1.0
4725,214,13,2714,428,960.76,116.63,1.0
4726,41,25,2541,82,960.72,68.16,1.0
4727,103,11,2603,206,960.72,98.79,1.0
4728,89,11,2589,178,960.67,96.51,1.0
4729,276,29,2776,552,960.52,94.83,1.0
4730,155,12,2655,310,960.46,108.83,1.0
4731,142,27,2642,284,960.43,75.82,1.0
4732,296,46,2796,592,960.4,88.14,1.0
4733,34,25,2534,68,960.39,63.36,1.0
4734,67,11,2567,134,960.39,89.33,1.0
4735,230,29,2730,460,960.36,83.18,1.0
4736,76,11,2576,152,960.33,90.27,1.0
4737,98,26,2598,196,960.3,73.12,1.0
4738,138,27,2638,276,960.3,80.07,1.0
4739,286,39,2786,572,960.3,87.74,1.0
4740,18,10,2518,36,960.27,77.85,1.0
4741,31,10,2531,62,960.15,83.37,1.0
4742,196,28,2696,392,960.14,81.18,1.0
4743,193,28,2693,386,960.09,81.39,1.0
4744,119,11,2619,238,960.07,103.48,1.0
4745,267,29,2767,534,960.04,89.89,1.0
4746,254,12,2754,508,960.02,129.95,1.0
4747,222,13,2722,444,959.98,119.44,1.0
4748,261,29,2761,522,959.97,86.01,1.0
4749,286,44,2786,572,959.97,87.42,1.0
4750,248,13,2748,496,959.94,125.48,1.0
4751,286,31,2786,572,959.94,87.1,1.0
4752,100,11,2600,200,959.93,96.47,1.0
4753,164,27,2664,328,959.91,79.45,1.0
4754,108,26,2608,216,959.89,74.72,1.0
4755,26,10,2526,52,959.88,79.37,1.0
4756,182,12,2682,364,959.85,117.64,1.0
4757,55,25,2555,110,959.81,66.78,1.0
4758,286,43,2786,572,959.81,87.53,1.0
4759,59,25,2559,118,959.8,69.95,1.0
4760,292,14,2792,584,959.8,134.35,1.0
4761,253,29,2753,506,959.77,91.91,1.0
4762,66,11,2566,132,959.76,93.54,1.0
4763,265,29,2765,530,959.66,88.21,1.0
4764,54,25,2554,108,959.62,66.03,1.0
4765,286,36,2786,572,959.61,87.36,1.0
4766,0,10,2500,0,959.6,71.53,1.0
4767,142,11,2642,284,959.57,107.95,1.0
4768,93,26,2593,186,959.56,71.21,1.0
4769,252,29,2752,504,959.55,88.81,1.0
4770,286,41,2786,572,959.53,87.35,1.0
4771,286,35,2786,572,959.51,87.23,1.0
4772,86,11,2586,172,959.5,94.26,1.0
4773,286,32,2786,572,959.48,87.39,1.0
4774,85,11,2585,170,959.44,95.32,1.0
4775,272,14,2772,544,959.44,128.41,1.0
4776,102,26,2602,204,959.38,74.85,1.0
4777,176,12,2676,352,959.38,113.0,1.0
4778,117,26,2617,234,959.33,77.27,1.0
4779,95,26,2595,190,959.32,72.94,1.0
4780,248,29,2748,496,959.32,86.9,1.0
4781,192,12,2692,384,959.3,117.68,1.0
4782,160,27,2660,320,959.29,79.8,1.0
4783,184,28,2684,368,959.27,77.86,1.0
4784,160,12,2660,320,959.26,108.97,1.0
4785,286,40,2786,572,959.22,87.36,1.0
4786,123,26,2623,246,959.21,75.6,1.0
4787,286,33,2786,572,959.13,87.25,1.0
4788,235,13,2735,470,959.05,125.48,1.0
4789,250,29,2750,500,958.99,87.55,1.0
4790,286,30,2786,572,958.95,87.2,1.0
4791,52,10,2552,104,958.88,86.67,1.0
4792,126,27,2626,252,958.87,73.3,1.0
4793,46,10,2546,92,958.86,84.13,1.0
4794,224,28,2724,448,958.85,89.53,1.0
4795,101,26,2601,202,958.84,73.96,1.0
4796,214,28,2714,428,958.84,81.54,1.0
4797,286,42,2786,572,958.78,87.43,1.0
4798,126,11,2626,252,958.75,101.8,1.0
4799,131,27,2631,262,958.73,75.24,1.0
4800,76,25,2576,152,958.72,71.04,1.0
4801,246,29,2746,492,958.68,85.54,1.0
4802,182,28,2682,364,958.67,83.43,1.0
4803,294,13,2794,588,958.66,136.24,1.0
4804,293,40,2793,586,958.64,87.6,1.0
4805,233,12,2733,466,958.62,117.33,1.0
4806,268,13,2768,536,958.62,123.95,1.0
4807,286,37,2786,572,958.53,87.05,1.0
4808,77,26,2577,154,958.49,71.34,1.0
4809,266,13,2766,532,958.49,137.67,1.0
4810,286,34,2786,572,958.46,88.35,1.0
4811,226,29,2726,452,958.36,83.84,1.0
4812,96,26,2596,192,958.31,72.42,1.0
4813,158,11,2658,316,958.15,113.11,1.0
4814,190,28,2690,380,958.1,78.81,1.0
4815,245,13,2745,490,958.07,124.05,1.0
4816,37,25,2537,74,958.04,62.94,1.0
4817,209,29,2709,418,958.03,82.1,1.0
4818,288,45,2788,576,958.0,85.36,1.0
4819,175,12,2675,350,957.96,113.42,1.0
4820,86,26,2586,172,957.95,71.87,1.0
4821,289,13,2789,578,957.94,128.09,1.0
4822,36,10,2536,72,957.91,85.76,1.0
4823,293,42,2793,586,957.89,88.68,1.0
4824,179,12,2679,358,957.85,116.19,1.0
4825,106,26,2606,212,957.84,76.4,1.0
4826,300,13,2800,600,957.82,133.43,1.0
4827,155,27,2655,310,957.79,79.49,1.0
4828,293,37,2793,586,957.73,87.97,1.0
4829,218,12,2718,436,957.69,119.94,1.0
4830,3,24,2503,6,957.66,61.28,1.0
4831,293,35,2793,586,957.64,88.04,1.0
4832,286,38,2786,572,957.6,87.88,1.0
4833,293,31,2793,586,957.6,88.54,1.0
4834,293,34,2793,586,957.6,88.51,1.0
4835,131,11,2631,262,957.59,102.49,1.0
4836,198,28,2698,396,957.56,84.76,1.0
4837,98,11,2598,196,957.53,98.31,1.0
4838,83,26,2583,166,957.47,69.75,1.0
4839,13,10,2513,26,957.44,77.53,1.0
4840,210,12,2710,420,957.4,119.25,1.0
4841,293,36,2793,586,957.38,87.55,1.0
4842,293,32,2793,586,957.37,88.16,1.0
4843,239,13,2739,478,957.36,123.51,1.0
4844,298,45,2798,596,957.36,94.15,1.0
4845,26,25,2526,52,957.33,63.93,1.0
4846,300,45,2800,600,957.33,94.73,1.0
4847,199,12,2699,398,957.24,115.8,1.0
4848,221,29,2721,442,957.21,83.57,1.0
4849,290,14,2790,580,957.17,131.97,1.0
4850,243,14,2743,486,957.14,123.24,1.0
4851,16,24,2516,32,957.13,67.57,1.0
4852,293,41,2793,586,957.12,88.15,1.0
4853,42,25,2542,84,957.11,68.79,1.0
4854,158,28,2658,316,957.11,80.94,1.0
4855,293,30,2793,586,957.11,88.4,1.0
4856,172,28,2672,344,957.09,79.44,1.0
4857,115,11,2615,230,957.08,102.2,1.0
4858,70,11,2570,140,957.03,90.29,1.0
4859,9,10,2509,18,956.95,75.7,1.0
4860,234,29,2734,468,956.9,86.71,1.0
4861,171,12,2671,342,956.86,115.41,1.0
4862,293,43,2793,586,956.84,87.27,1.0
4863,243,28,2743,486,956.82,89.45,1.0
4864,208,12,2708,416,956.73,120.34,1.0
4865,293,39,2793,586,956.65,88.89,1.0
4866,293,38,2793,586,956.63,88.74,1.0
4867,41,10,2541,82,956.6,84.74,1.0
4868,111,11,2611,222,956.58,101.17,1.0
4869,93,11,2593,186,956.52,98.17,1.0
4870,293,33,2793,586,956.51,88.35,1.0
4871,47,10,2547,94,956.47,85.33,1.0
4872,40,25,2540,80,956.46,66.97,1.0
4873,299,13,2799,598,956.45,135.96,1.0
4874,45,25,2545,90,956.34,66.89,1.0
4875,186,12,2686,372,956.34,114.92,1.0
4876,23,25,2523,46,956.33,64.86,1.0
4877,281,45,2781,562,956.33,90.12,1.0
4878,213,12,2713,426,956.32,117.21,1.0
4879,36,25,2536,72,956.23,67.27,1.0
4880,91,11,2591,182,956.19,95.09,1.0
4881,154,27,2654,308,956.17,79.35,1.0
4882,57,25,2557,114,956.06,67.2,1.0
4883,157,12,2657,314,956.05,110.57,1.0
4884,72,11,2572,144,956.03,91.15,1.0
4885,8,24,2508,16,956.02,61.97,1.0
4886,220,28,2720,440,956.02,88.23,1.0
4887,231,29,2731,462,955.94,80.81,1.0
4888,238,29,2738,476,955.92,82.17,1.0
4889,241,12,2741,482,955.87,124.49,1.0
4890,135,27,2635,270,955.85,76.98,1.0
4891,190,12,2690,380,955.81,113.26,1.0
4892,219,12,2719,438,955.76,121.42,1.0
4893,267,13,2767,534,955.75,128.12,1.0
4894,293,44,2793,586,955.71,88.86,1.0
4895,43,10,2543,86,955.65,85.73,1.0
4896,201,28,2701,402,955.65,84.9,1.0
4897,291,45,2791,582,955.64,89.36,1.0
4898,238,13,2738,476,955.5,122.7,1.0
4899,239,29,2739,478,955.49,85.89,1.0
4900,145,11,2645,290,955.46,111.63,1.0
4901,294,45,2794,588,955.46,91.21,1.0
4902,114,11,2614,228,955.42,101.3,1.0
4903,57,11,2557,114,955.31,86.46,1.0
4904,125,26,2625,250,955.26,76.4,1.0
4905,62,10,2562,124,955.24,90.77,1.0
4906,287,36,2787,574,955.16,89.48,1.0
4907,78,10,2578,156,955.1,98.32,1.0
4908,194,28,2694,388,955.09,80.75,1.0
4909,95,11,2595,190,955.04,97.47,1.0
4910,178,12,2678,356,955.03,116.9,1.0
4911,6,24,2506,12,955.02,59.01,1.0
4912,123,12,2623,246,954.98,99.53,1.0
4913,242,29,2742,484,954.94,84.09,1.0
4914,0,24,2500,0,954.93,60.56,1.0
4915,21,25,2521,42,954.89,64.08,1.0
4916,256,12,2756,512,954.87,126.47,1.0
4917,174,12,2674,348,954.83,111.7,1.0
4918,79,10,2579,158,954.81,99.56,1.0
4919,274,31,2774,548,954.8,87.26,1.0
4920,115,27,2615,230,954.76,74.17,1.0
4921,184,12,2684,368,954.69,116.32,1.0
4922,275,43,2775,550,954.69,87.79,1.0
4923,279,39,2779,558,954.68,89.9,1.0
4924,273,38,2773,546,954.66,88.26,1.0
4925,34,10,2534,68,954.6,80.66,1.0
4926,133,27,2633,266,954.6,75.48,1.0
4927,271,44,2771,542,954.58,89.63,1.0
4928,44,10,2544,88,954.55,87.16,1.0
4929,153,12,2653,306,954.52,113.84,1.0
4930,273,34,2773,546,954.51,88.09,1.0
4931,274,40,2774,548,954.42,87.86,1.0
4932,101,11,2601,202,954.38,99.6,1.0
4933,181,28,2681,362,954.38,78.57,1.0
4934,287,38,2787,574,954.38,89.6,1.0
4935,193,12,2693,386,954.36,117.01,1.0
4936,221,12,2721,442,954.32,122.97,1.0
4937,189,12,2689,378,954.31,118.23,1.0
4938,200,28,2700,400,954.31,82.16,1.0
4939,271,36,2771,542,954.28,88.95,1.0
4940,240,12,2740,480,954.27,126.4,1.0
4941,279,34,2779,558,954.25,90.39,1.0
4942,287,30,2787,574,954.22,90.9,1.0
4943,287,39,2787,574,954.22,90.51,1.0
4944,289,38,2789,578,954.2,87.99,1.0
4945,19,10,2519,38,954.17,78.69,1.0
4946,271,40,2771,542,954.17,89.39,1.0
4947,279,30,2779,558,954.16,90.51,1.0
4948,90,26,2590,180,954.15,72.28,1.0
4949,287,42,2787,574,954.13,90.29,1.0
4950,273,30,2773,546,954.11,89.18,1.0
4951,60,10,2560,120,954.09,87.15,1.0
4952,273,32,2773,546,954.07,89.61,1.0
4953,287,32,2787,574,954.05,89.96,1.0
4954,289,41,2789,578,954.05,87.9,1.0
4955,274,33,2774,548,954.03,87.47,1.0
4956,275,41,2775,550,953.98,88.08,1.0
4957,113,11,2613,226,953.91,102.78,1.0
4958,274,32,2774,548,953.91,88.66,1.0
4959,289,37,2789,578,953.89,87.39,1.0
4960,149,12,2649,298,953.88,105.99,1.0
4961,179,28,2679,358,953.87,82.77,1.0
4962,275,39,2775,550,953.87,88.14,1.0
4963,279,42,2779,558,953.85,91.74,1.0
4964,287,37,2787,574,953.85,89.61,1.0
4965,279,33,2779,558,953.8,89.52,1.0
4966,289,31,2789,578,953.79,88.25,1.0
4967,279,38,2779,558,953.77,90.85,1.0
4968,287,13,2787,574,953.77,134.53,1.0
4969,273,35,2773,546,953.77,88.11,1.0
4970,275,40,2775,550,953.76,88.19,1.0
4971,273,42,2773,546,953.75,88.98,1.0
4972,273,44,2773,546,953.75,89.05,1.0
4973,273,33,2773,546,953.73,88.4,1.0
4974,288,13,2788,576,953.71,127.99,1.0
4975,232,29,2732,464,953.7,86.17,1.0
4976,287,43,2787,574,953.7,89.97,1.0
4977,279,40,2779,558,953.69,90.46,1.0
4978,287,35,2787,574,953.66,90.01,1.0
4979,274,43,2774,548,953.66,87.9,1.0
4980,107,11,2607,214,953.64,98.61,1.0
4981,273,31,2773,546,953.64,89.78,1.0
4982,274,44,2774,548,953.64,87.88,1.0
4983,75,26,2575,150,953.63,71.27,1.0
4984,275,35,2775,550,953.63,87.77,1.0
4985,287,34,2787,574,953.62,90.18,1.0
4986,273,41,2773,546,953.61,88.98,1.0
4987,295,45,2795,590,953.61,94.08,1.0
4988,274,39,2774,548,953.59,87.97,1.0
4989,48,10,2548,96,953.57,83.82,1.0
4990,273,37,2773,546,953.55,89.22,1.0
4991,275,33,2775,550,953.55,88.53,1.0
4992,274,38,2774,548,953.53,88.18,1.0
4993,24,10,2524,48,953.52,79.94,1.0
4994,33,25,2533,66,953.52,64.49,1.0
4995,78,26,2578,156,953.52,70.35,1.0
4996,273,39,2773,546,953.47,88.38,1.0
4997,274,36,2774,548,953.45,87.58,1.0
4998,275,44,2775,550,953.45,88.34,1.0
4999,287,40,2787,574,953.43,90.22,1.0
5000,274,37,2774,548,953.41,88.64,1.0
5001,279,31,2779,558,953.4,90.31,1.0
5002,279,44,2779,558,953.4,91.04,1.0
5003,42,10,2542,84,953.39,87.06,1.0
5004,273,40,2773,546,953.39,88.78,1.0
5005,271,39,2771,542,953.38,88.35,1.0
5006,186,28,2686,372,953.37,79.01,1.0
5007,229,12,2729,458,953.36,123.58,1.0
5008,49,25,2549,98,953.34,67.23,1.0
5009,279,41,2779,558,953.33,90.61,1.0
5010,275,31,2775,550,953.33,88.04,1.0
5011,17,10,2517,34,953.3,79.14,1.0
5012,271,35,2771,542,953.3,89.44,1.0
5013,287,44,2787,574,953.27,90.2,1.0
5014,192,28,2692,384,953.26,83.89,1.0
5015,275,38,2775,550,953.26,88.03,1.0
5016,289,39,2789,578,953.26,88.71,1.0
5017,65,26,2565,130,953.25,69.44,1.0
5018,271,43,2771,542,953.24,89.09,1.0
5019,282,32,2782,564,953.22,86.83,1.0
5020,275,34,2775,550,953.21,88.59,1.0
5021,185,28,2685,370,953.2,78.29,1.0
5022,89,26,2589,178,953.19,73.18,1.0
5023,273,43,2773,546,953.19,88.63,1.0
5024,275,30,2775,550,953.19,87.76,1.0
5025,173,28,2673,346,953.18,77.54,1.0
5026,279,37,2779,558,953.18,90.95,1.0
5027,279,43,2779,558,953.15,90.09,1.0
5028,275,36,2775,550,953.12,88.57,1.0
5029,289,40,2789,578,953.11,88.17,1.0
5030,271,38,2771,542,953.06,89.05,1.0
5031,282,33,2782,564,953.04,87.01,1.0
5032,146,27,2646,292,953.03,79.13,1.0
5033,143,27,2643,286,953.0,79.65,1.0
5034,189,28,2689,378,952.99,80.81,1.0
5035,287,41,2787,574,952.99,90.57,1.0
5036,271,32,2771,542,952.97,88.74,1.0
5037,282,31,2782,564,952.92,86.63,1.0
5038,242,13,2742,484,952.9,120.31,1.0
5039,287,31,2787,574,952.89,90.09,1.0
5040,289,35,2789,578,952.88,88.31,1.0
5041,188,28,2688,376,952.87,80.4,1.0
5042,282,38,2782,564,952.87,86.83,1.0
5043,287,33,2787,574,952.87,90.32,1.0
5044,274,42,2774,548,952.86,87.36,1.0
5045,112,11,2612,224,952.84,101.45,1.0
5046,289,43,2789,578,952.84,88.01,1.0
5047,295,13,2795,590,952.83,134.86,1.0
5048,32,10,2532,64,952.82,82.71,1.0
5049,166,11,2666,332,952.82,111.25,1.0
5050,289,34,2789,578,952.82,88.4,1.0
5051,279,36,2779,558,952.81,90.34,1.0
5052,289,32,2789,578,952.8,88.21,1.0
5053,275,42,2775,550,952.74,87.58,1.0
5054,33,10,2533,66,952.7,81.01,1.0
5055,279,32,2779,558,952.7,91.31,1.0
5056,92,11,2592,184,952.69,95.45,1.0
5057,80,11,2580,160,952.67,94.21,1.0
5058,278,43,2778,556,952.64,89.2,1.0
5059,273,36,2773,546,952.64,89.45,1.0
5060,274,34,2774,548,952.64,88.08,1.0
5061,299,46,2799,598,952.63,88.38,1.0
5062,275,37,2775,550,952.63,88.35,1.0
5063,197,28,2697,394,952.56,85.74,1.0
5064,271,34,2771,542,952.56,90.56,1.0
5065,102,11,2602,204,952.55,99.87,1.0
5066,282,44,2782,564,952.54,87.15,1.0
5067,282,30,2782,564,952.5,88.29,1.0
5068,282,36,2782,564,952.43,86.9,1.0
5069,282,39,2782,564,952.41,87.57,1.0
5070,10,10,2510,20,952.4,73.92,1.0
5071,261,13,2761,522,952.4,126.51,1.0
5072,206,28,2706,412,952.39,86.24,1.0
5073,259,13,2759,518,952.36,122.09,1.0
5074,289,33,2789,578,952.36,88.32,1.0
5075,262,13,2762,524,952.35,129.27,1.0
5076,278,32,2778,556,952.34,90.1,1.0
5077,271,42,2771,542,952.33,89.01,1.0
5078,282,34,2782,564,952.32,86.91,1.0
5079,289,44,2789,578,952.3,88.38,1.0
5080,132,27,2632,264,952.25,77.8,1.0
5081,200,12,2700,400,952.25,115.18,1.0
5082,132,11,2632,264,952.2,102.05,1.0
5083,274,35,2774,548,952.18,87.67,1.0
5084,289,36,2789,578,952.18,88.65,1.0
5085,274,30,2774,548,952.17,88.02,1.0
5086,71,26,2571,142,952.15,68.04,1.0
5087,282,42,2782,564,952.14,87.33,1.0
5088,133,11,2633,266,952.13,108.07,1.0
5089,271,31,2771,542,952.12,89.06,1.0
5090,167,28,2667,334,952.09,79.14,1.0
5091,279,35,2779,558,952.08,90.34,1.0
5092,274,41,2774,548,952.08,87.89,1.0
5093,278,44,2778,556,952.05,89.59,1.0
5094,25,25,2525,50,952.03,64.24,1.0
5095,38,10,2538,76,952.0,85.08,1.0
5096,237,12,2737,474,951.96,126.73,1.0
5097,28,10,2528,56,951.94,81.53,1.0
5098,244,29,2744,488,951.94,87.33,1.0
5099,271,30,2771,542,951.9,88.9,1.0
5100,282,40,2782,564,951.88,87.24,1.0
5101,50,25,2550,100,951.87,69.43,1.0
5102,278,36,2778,556,951.83,89.44,1.0
5103,282,37,2782,564,951.83,87.44,1.0
5104,146,12,2646,292,951.82,109.41,1.0
5105,217,13,2717,434,951.82,119.61,1.0
5106,275,32,2775,550,951.81,87.72,1.0
5107,202,12,2702,404,951.8,117.62,1.0
5108,100,26,2600,200,951.77,73.38,1.0
5109,271,41,2771,542,951.77,89.43,1.0
5110,65,10,2565,130,951.73,90.02,1.0
5111,271,37,2771,542,951.73,89.5,1.0
5112,90,11,2590,180,951.71,99.39,1.0
5113,278,31,2778,556,951.7,89.72,1.0
5114,139,27,2639,278,951.66,76.29,1.0
5115,263,41,2763,526,951.66,88.09,1.0
5116,121,11,2621,242,951.64,106.36,1.0
5117,85,26,2585,170,951.55,72.28,1.0
5118,147,27,2647,294,951.54,78.71,1.0
5119,165,11,2665,330,951.54,112.24,1.0
5120,271,33,2771,542,951.53,89.56,1.0
5121,282,41,2782,564,951.52,87.28,1.0
5122,278,42,2778,556,951.5,89.07,1.0
5123,278,39,2778,556,951.48,89.48,1.0
5124,282,35,2782,564,951.48,86.59,1.0
5125,244,13,2744,488,951.43,124.62,1.0
5126,284,37,2784,568,951.42,89.16,1.0
5127,38,25,2538,76,951.4,68.03,1.0
5128,74,26,2574,148,951.35,69.5,1.0
5129,185,12,2685,370,951.32,115.73,1.0
5130,278,35,2778,556,951.3,89.49,1.0
5131,263,39,2763,526,951.29,87.91,1.0
5132,169,12,2669,338,951.27,112.38,1.0
5133,263,44,2763,526,951.24,88.59,1.0
5134,282,43,2782,564,951.23,87.03,1.0
5135,263,31,2763,526,951.17,88.6,1.0
5136,300,46,2800,600,951.1,95.31,1.0
5137,263,40,2763,526,951.07,88.49,1.0
5138,29,25,2529,58,951.05,62.69,1.0
5139,284,33,2784,568,951.04,89.03,1.0
5140,122,11,2622,244,951.03,103.78,1.0
5141,263,34,2763,526,950.99,89.1,1.0
5142,263,37,2763,526,950.99,88.88,1.0
5143,30,10,2530,60,950.97,80.52,1.0
5144,22,10,2522,44,950.97,80.57,1.0
5145,181,12,2681,362,950.94,112.18,1.0
5146,257,30,2757,514,950.91,86.07,1.0
5147,278,37,2778,556,950.91,89.35,1.0
5148,278,33,2778,556,950.89,89.59,1.0
5149,141,11,2641,282,950.88,106.82,1.0
5150,289,30,2789,578,950.85,87.88,1.0
5151,289,42,2789,578,950.83,88.88,1.0
5152,92,26,2592,184,950.81,71.61,1.0
5153,263,30,2763,526,950.8,89.12,1.0
5154,263,33,2763,526,950.8,89.1,1.0
5155,278,40,2778,556,950.79,90.01,1.0
5156,263,32,2763,526,950.77,88.87,1.0
5157,278,34,2778,556,950.73,89.71,1.0
5158,284,31,2784,568,950.73,89.87,1.0
5159,257,34,2757,514,950.72,86.12,1.0
5160,278,38,2778,556,950.72,89.26,1.0
5161,136,11,2636,272,950.68,105.2,1.0
5162,257,33,2757,514,950.62,86.42,1.0
5163,263,35,2763,526,950.62,88.29,1.0
5164,263,43,2763,526,950.61,88.98,1.0
5165,205,29,2705,410,950.57,82.06,1.0
5166,211,29,2711,422,950.57,80.48,1.0
5167,106,11,2606,212,950.55,99.16,1.0
5168,284,35,2784,568,950.54,89.0,1.0
5169,263,42,2763,526,950.51,88.52,1.0
5170,284,39,2784,568,950.5,88.78,1.0
5171,284,41,2784,568,950.5,89.87,1.0
5172,296,47,2796,592,950.47,89.3,1.0
5173,205,11,2705,410,950.41,118.12,1.0
5174,278,41,2778,556,950.39,90.23,1.0
5175,27,10,2527,54,950.37,78.64,1.0
5176,263,38,2763,526,950.37,88.18,1.0
5177,284,13,2784,568,950.32,135.07,1.0
5178,149,27,2649,298,950.3,78.03,1.0
5179,84,11,2584,168,950.29,93.63,1.0
5180,216,13,2716,432,950.25,122.12,1.0
5181,212,12,2712,424,950.24,120.1,1.0
5182,278,30,2778,556,950.23,89.56,1.0
5183,257,32,2757,514,950.22,85.84,1.0
5184,257,37,2757,514,950.19,86.24,1.0
5185,257,31,2757,514,950.18,86.38,1.0
5186,284,30,2784,568,950.18,89.0,1.0
5187,284,40,2784,568,950.18,89.78,1.0
5188,207,12,2707,414,950.17,119.39,1.0
5189,247,12,2747,494,950.13,123.94,1.0
5190,277,13,2777,554,950.13,131.49,1.0
5191,88,26,2588,176,950.09,71.44,1.0
5192,14,25,2514,28,950.06,61.57,1.0
5193,284,44,2784,568,950.04,90.07,1.0
5194,284,38,2784,568,949.99,89.69,1.0
5195,286,45,2786,572,949.99,88.56,1.0
5196,257,40,2757,514,949.97,86.65,1.0
5197,28,25,2528,56,949.86,65.16,1.0
5198,288,46,2788,576,949.82,85.92,1.0
5199,292,30,2792,584,949.81,92.9,1.0
5200,257,35,2757,514,949.78,86.5,1.0
5201,257,42,2757,514,949.76,86.48,1.0
5202,284,34,2784,568,949.76,89.1,1.0
5203,291,46,2791,582,949.74,89.69,1.0
5204,257,43,2757,514,949.72,85.8,1.0
5205,263,36,2763,526,949.69,88.63,1.0
5206,257,36,2757,514,949.56,86.68,1.0
5207,168,28,2668,336,949.52,76.73,1.0
5208,250,13,2750,500,949.52,126.04,1.0
5209,257,44,2757,514,949.45,86.47,1.0
5210,152,11,2652,304,949.44,110.21,1.0
5211,284,42,2784,568,949.42,89.6,1.0
5212,209,11,2709,418,949.36,118.59,1.0
5213,235,29,2735,470,949.2,88.38,1.0
5214,294,46,2794,588,949.2,92.55,1.0
5215,257,38,2757,514,949.18,86.54,1.0
5216,257,39,2757,514,949.14,86.68,1.0
5217,212,29,2712,424,949.08,80.15,1.0
5218,292,41,2792,584,949.03,92.88,1.0
5219,37,10,2537,74,949.01,82.32,1.0
5220,87,11,2587,174,949.01,98.78,1.0
5221,284,43,2784,568,949.01,89.77,1.0
5222,284,32,2784,568,948.96,89.93,1.0
5223,6,10,2506,12,948.95,71.63,1.0
5224,108,11,2608,216,948.95,97.66,1.0
5225,231,12,2731,462,948.95,121.76,1.0
5226,228,12,2728,456,948.88,120.75,1.0
5227,292,31,2792,584,948.88,93.61,1.0
5228,30,25,2530,60,948.84,64.76,1.0
5229,257,41,2757,514,948.84,86.94,1.0
5230,183,12,2683,366,948.82,116.84,1.0
5231,87,26,2587,174,948.81,74.98,1.0
5232,164,12,2664,328,948.81,110.29,1.0
5233,225,12,2725,450,948.81,122.35,1.0
5234,180,28,2680,360,948.8,80.04,1.0
5235,218,29,2718,436,948.8,81.65,1.0
5236,292,38,2792,584,948.79,93.09,1.0
5237,136,27,2636,272,948.74,76.74,1.0
5238,105,11,2605,210,948.73,98.99,1.0
5239,286,12,2786,572,948.7,137.19,1.0
5240,32,25,2532,64,948.69,67.82,1.0
5241,56,10,2556,112,948.67,87.24,1.0
5242,292,35,2792,584,948.67,93.75,1.0
5243,284,36,2784,568,948.63,90.43,1.0
5244,297,36,2797,594,948.6,96.04,1.0
5245,227,29,2727,454,948.59,85.14,1.0
5246,292,37,2792,584,948.59,93.4,1.0
5247,281,46,2781,562,948.54,91.89,1.0
5248,8,10,2508,16,948.5,76.14,1.0
5249,285,41,2785,570,948.46,87.61,1.0
5250,292,42,2792,584,948.44,93.33,1.0
5251,223,12,2723,446,948.43,118.41,1.0
5252,292,43,2792,584,948.4,93.66,1.0
5253,292,36,2792,584,948.34,94.26,1.0
5254,177,28,2677,354,948.33,79.67,1.0
5255,31,25,2531,62,948.32,64.66,1.0
5256,103,27,2603,206,948.3,73.67,1.0
5257,124,10,2624,248,948.29,104.83,1.0
5258,298,46,2798,596,948.22,94.92,1.0
5259,81,11,2581,162,948.21,91.64,1.0
5260,292,39,2792,584,948.19,92.97,1.0
5261,178,28,2678,356,948.16,81.19,1.0
5262,292,34,2792,584,948.11,93.79,1.0
5263,225,29,2725,450,948.08,83.13,1.0
5264,161,11,2661,322,948.06,111.19,1.0
5265,269,37,2769,538,948.03,86.49,1.0
5266,29,10,2529,58,947.95,80.44,1.0
5267,285,33,2785,570,947.95,87.99,1.0
5268,19,25,2519,38,947.92,64.03,1.0
5269,269,30,2769,538,947.89,86.09,1.0
5270,40,10,2540,80,947.88,83.14,1.0
5271,1,25,2501,2,947.88,60.11,1.0
5272,269,32,2769,538,947.88,87.4,1.0
5273,16,10,2516,32,947.84,78.35,1.0
5274,165,28,2665,330,947.77,75.76,1.0
5275,137,11,2637,274,947.61,111.57,1.0
5276,269,38,2769,538,947.61,86.46,1.0
5277,285,30,2785,570,947.61,87.83,1.0
5278,285,34,2785,570,947.58,88.25,1.0
5279,166,28,2666,332,947.57,78.66,1.0
5280,297,30,2797,594,947.57,96.42,1.0
5281,269,34,2769,538,947.52,86.93,1.0
5282,297,37,2797,594,947.51,95.71,1.0
5283,161,28,2661,322,947.46,77.38,1.0
5284,222,29,2722,444,947.46,81.13,1.0
5285,269,41,2769,538,947.45,86.87,1.0
5286,269,42,2769,538,947.45,87.0,1.0
5287,297,33,2797,594,947.44,96.99,1.0
5288,269,35,2769,538,947.4,86.38,1.0
5289,290,39,2790,580,947.39,90.29,1.0
5290,226,12,2726,452,947.37,122.3,1.0
5291,266,37,2766,532,947.37,87.88,1.0
5292,269,33,2769,538,947.36,86.8,1.0
5293,292,40,2792,584,947.35,92.89,1.0
5294,154,11,2654,308,947.34,112.27,1.0
5295,297,40,2797,594,947.34,95.92,1.0
5296,153,27,2653,306,947.33,83.59,1.0
5297,128,27,2628,256,947.31,75.39,1.0
5298,292,44,2792,584,947.3,93.16,1.0
5299,290,42,2790,580,947.28,91.4,1.0
5300,263,12,2763,526,947.27,133.67,1.0
5301,269,44,2769,538,947.26,86.87,1.0
5302,297,44,2797,594,947.16,96.42,1.0
5303,266,32,2766,532,947.15,87.98,1.0
5304,266,42,2766,532,947.13,86.7,1.0
5305,269,43,2769,538,947.13,87.72,1.0
5306,275,45,2775,550,947.13,87.7,1.0
5307,274,45,2774,548,947.09,88.43,1.0
5308,223,29,2723,446,947.07,86.0,1.0
5309,285,44,2785,570,947.05,88.45,1.0
5310,290,34,2790,580,947.05,90.81,1.0
5311,292,32,2792,584,947.03,93.67,1.0
5312,12,25,2512,24,946.97,62.45,1.0
5313,175,28,2675,350,946.97,83.07,1.0
5314,191,28,2691,382,946.97,85.6,1.0
5315,266,44,2766,532,946.97,87.7,1.0
5316,290,31,2790,580,946.95,90.67,1.0
5317,170,11,2670,340,946.93,113.43,1.0
5318,285,32,2785,570,946.92,88.08,1.0
5319,285,43,2785,570,946.9,88.7,1.0
5320,295,46,2795,590,946.89,94.67,1.0
5321,148,11,2648,296,946.87,105.72,1.0
5322,269,39,2769,538,946.87,86.31,1.0
5323,138,11,2638,276,946.85,110.29,1.0
5324,140,27,2640,280,946.85,78.38,1.0
5325,219,29,2719,438,946.84,83.22,1.0
5326,266,40,2766,532,946.83,87.66,1.0
5327,297,32,2797,594,946.83,95.68,1.0
5328,121,27,2621,242,946.82,73.85,1.0
5329,285,36,2785,570,946.82,87.71,1.0
5330,266,33,2766,532,946.81,88.08,1.0
5331,266,38,2766,532,946.81,87.31,1.0
5332,266,41,2766,532,946.81,87.78,1.0
5333,265,13,2765,530,946.8,122.44,1.0
5334,266,39,2766,532,946.79,87.76,1.0
5335,285,42,2785,570,946.78,87.21,1.0
5336,292,33,2792,584,946.77,93.01,1.0
5337,269,40,2769,538,946.75,86.97,1.0
5338,285,35,2785,570,946.75,87.91,1.0
5339,285,40,2785,570,946.73,87.98,1.0
5340,24,25,2524,48,946.71,67.31,1.0
5341,297,31,2797,594,946.71,95.63,1.0
5342,297,38,2797,594,946.7,95.97,1.0
5343,285,39,2785,570,946.69,88.06,1.0
5344,266,35,2766,532,946.67,87.58,1.0
5345,278,13,2778,556,946.67,133.0,1.0
5346,297,42,2797,594,946.66,96.1,1.0
5347,68,26,2568,136,946.62,67.25,1.0
5348,266,31,2766,532,946.57,88.19,1.0
5349,293,45,2793,586,946.55,89.02,1.0
5350,73,26,2573,146,946.5,70.24,1.0
5351,269,31,2769,538,946.49,86.66,1.0
5352,196,12,2696,392,946.48,115.03,1.0
5353,269,36,2769,538,946.46,86.62,1.0
5354,266,36,2766,532,946.45,87.54,1.0
5355,285,31,2785,570,946.42,87.9,1.0
5356,99,10,2599,198,946.4,98.69,1.0
5357,266,30,2766,532,946.4,87.88,1.0
5358,285,37,2785,570,946.4,87.71,1.0
5359,290,41,2790,580,946.38,91.02,1.0
5360,127,11,2627,254,946.35,106.33,1.0
5361,280,41,2780,560,946.33,89.58,1.0
5362,280,30,2780,560,946.32,89.57,1.0
5363,51,10,2551,102,946.31,85.46,1.0
5364,297,43,2797,594,946.31,95.9,1.0
5365,276,13,2776,552,946.29,131.81,1.0
5366,290,32,2790,580,946.26,90.15,1.0
5367,266,43,2766,532,946.25,87.25,1.0
5368,290,35,2790,580,946.2,91.93,1.0
5369,163,28,2663,326,946.13,80.78,1.0
5370,71,10,2571,142,946.12,97.19,1.0
5371,125,11,2625,250,946.12,102.76,1.0
5372,174,28,2674,348,946.11,78.99,1.0
5373,266,34,2766,532,946.09,87.74,1.0
5374,297,39,2797,594,946.07,96.43,1.0
5375,297,34,2797,594,946.03,95.44,1.0
5376,290,33,2790,580,945.96,90.33,1.0
5377,290,38,2790,580,945.96,90.98,1.0
5378,7,9,2507,14,945.95,76.39,1.0
5379,63,10,2563,126,945.88,92.57,1.0
5380,195,12,2695,390,945.88,115.6,1.0
5381,280,37,2780,560,945.88,89.52,1.0
5382,118,11,2618,236,945.81,101.51,1.0
5383,234,12,2734,468,945.8,125.42,1.0
5384,217,28,2717,434,945.78,88.14,1.0
5385,290,37,2790,580,945.77,90.85,1.0
5386,285,38,2785,570,945.72,88.39,1.0
5387,280,33,2780,560,945.71,89.64,1.0
5388,215,29,2715,430,945.68,83.05,1.0
5389,203,12,2703,406,945.65,120.27,1.0
5390,119,27,2619,238,945.62,74.41,1.0
5391,17,25,2517,34,945.59,63.83,1.0
5392,27,25,2527,54,945.57,63.79,1.0
5393,280,31,2780,560,945.56,88.96,1.0
5394,274,12,2774,548,945.56,130.0,1.0
5395,262,42,2762,524,945.54,86.07,1.0
5396,280,32,2780,560,945.53,89.3,1.0
5397,117,11,2617,234,945.51,105.82,1.0
5398,290,40,2790,580,945.5,91.09,1.0
5399,49,10,2549,98,945.47,87.33,1.0
5400,280,36,2780,560,945.43,89.55,1.0
5401,297,35,2797,594,945.38,95.97,1.0
5402,280,34,2780,560,945.35,89.17,1.0
5403,15,25,2515,30,945.34,60.55,1.0
5404,297,41,2797,594,945.32,96.65,1.0
5405,39,25,2539,78,945.27,68.65,1.0
5406,290,30,2790,580,945.27,91.64,1.0
5407,39,10,2539,78,945.25,84.54,1.0
5408,120,11,2620,240,945.25,103.07,1.0
5409,280,42,2780,560,945.24,89.14,1.0
5410,94,10,2594,188,945.2,100.23,1.0
5411,271,45,2771,542,945.2,90.44,1.0
5412,280,40,2780,560,945.17,89.39,1.0
5413,287,45,2787,574,945.17,92.02,1.0
5414,195,28,2695,390,945.15,83.16,1.0
5415,280,43,2780,560,945.11,89.8,1.0
5416,79,26,2579,158,945.1,73.97,1.0
5417,289,45,2789,578,945.1,88.16,1.0
5418,280,38,2780,560,945.06,89.48,1.0
5419,280,39,2780,560,945.06,88.6,1.0
5420,1,9,2501,2,945.05,73.63,1.0
5421,280,44,2780,560,945.05,89.46,1.0
5422,137,27,2637,274,945.03,79.75,1.0
5423,163,11,2663,326,945.02,110.22,1.0
5424,280,12,2780,560,945.02,130.5,1.0
5425,290,36,2790,580,945.0,90.98,1.0
5426,290,44,2790,580,944.97,90.58,1.0
5427,20,10,2520,40,944.95,79.44,1.0
5428,109,11,2609,218,944.92,100.29,1.0
5429,262,39,2762,524,944.87,87.37,1.0
5430,22,25,2522,44,944.84,65.43,1.0
5431,176,28,2676,352,944.84,80.64,1.0
5432,262,38,2762,524,944.82,87.12,1.0
5433,270,13,2770,540,944.78,131.5,1.0
5434,262,33,2762,524,944.77,86.85,1.0
5435,262,40,2762,524,944.72,86.93,1.0
5436,262,30,2762,524,944.68,87.68,1.0
5437,290,43,2790,580,944.68,90.38,1.0
5438,110,11,2610,220,944.67,99.29,1.0
5439,211,11,2711,422,944.67,123.49,1.0
5440,50,10,2550,100,944.66,87.76,1.0
5441,7,25,2507,14,944.66,61.13,1.0
5442,53,10,2553,106,944.64,87.78,1.0
5443,280,35,2780,560,944.64,89.95,1.0
5444,262,35,2762,524,944.61,86.75,1.0
5445,127,27,2627,254,944.6,77.44,1.0
5446,262,36,2762,524,944.58,86.62,1.0
5447,262,31,2762,524,944.52,86.66,1.0
5448,262,41,2762,524,944.48,86.55,1.0
5449,257,12,2757,514,944.46,127.26,1.0
5450,232,12,2732,464,944.43,123.3,1.0
5451,282,45,2782,564,944.4,89.84,1.0
5452,262,43,2762,524,944.39,86.36,1.0
5453,283,32,2783,566,944.37,94.97,1.0
5454,258,12,2758,516,944.35,132.13,1.0
5455,224,12,2724,448,944.34,127.37,1.0
5456,5,25,2505,10,944.33,63.11,1.0
5457,247,44,2747,494,944.25,84.13,1.0
5458,283,34,2783,566,944.24,96.16,1.0
5459,23,9,2523,46,944.16,81.51,1.0
5460,279,45,2779,558,944.11,90.67,1.0
5461,135,11,2635,270,944.08,107.69,1.0
5462,96,10,2596,192,944.07,98.45,1.0
5463,80,26,2580,160,944.04,71.14,1.0
5464,18,25,2518,36,944.03,65.08,1.0
5465,75,10,2575,150,944.01,95.64,1.0
5466,9,25,2509,18,943.98,62.84,1.0
5467,282,13,2782,564,943.95,129.33,1.0
5468,134,27,2634,268,943.88,75.23,1.0
5469,82,11,2582,164,943.85,93.4,1.0
5470,262,44,2762,524,943.81,86.74,1.0
5471,273,45,2773,546,943.79,90.72,1.0
5472,69,10,2569,138,943.71,93.84,1.0
5473,220,12,2720,440,943.64,123.69,1.0
5474,247,32,2747,494,943.62,84.17,1.0
5475,247,36,2747,494,943.62,85.15,1.0
5476,168,11,2668,336,943.59,111.83,1.0
5477,172,11,2672,344,943.59,117.69,1.0
5478,247,33,2747,494,943.59,84.37,1.0
5479,256,37,2756,512,943.59,88.12,1.0
5480,207,29,2707,414,943.57,81.75,1.0
5481,251,12,2751,502,943.54,128.33,1.0
5482,11,25,2511,22,943.53,65.26,1.0
5483,171,28,2671,342,943.53,81.32,1.0
5484,283,41,2783,566,943.47,95.19,1.0
5485,55,10,2555,110,943.46,88.31,1.0
5486,262,37,2762,524,943.44,87.18,1.0
5487,247,41,2747,494,943.38,84.77,1.0
5488,247,35,2747,494,943.36,85.11,1.0
5489,264,32,2764,528,943.34,86.82,1.0
5490,264,43,2764,528,943.34,87.22,1.0
5491,283,31,2783,566,943.24,94.86,1.0
5492,122,27,2622,244,943.23,74.39,1.0
5493,277,43,2777,554,943.22,89.69,1.0
5494,247,31,2747,494,943.19,84.42,1.0
5495,247,40,2747,494,943.19,84.83,1.0
5496,156,11,2656,312,943.15,112.72,1.0
5497,262,34,2762,524,943.1,87.22,1.0
5498,299,47,2799,598,943.09,90.21,1.0
5499,62,26,2562,124,943.08,71.54,1.0
5500,247,37,2747,494,943.08,84.61,1.0
5501,256,38,2756,512,943.08,88.0,1.0
5502,247,30,2747,494,943.05,84.01,1.0
5503,247,39,2747,494,943.03,85.09,1.0
5504,110,27,2610,220,942.97,72.83,1.0
5505,255,44,2755,510,942.96,87.62,1.0
5506,255,33,2755,510,942.95,87.52,1.0
5507,283,37,2783,566,942.95,95.23,1.0
5508,277,42,2777,554,942.94,89.63,1.0
5509,47,26,2547,94,942.88,67.87,1.0
5510,277,33,2777,554,942.88,89.44,1.0
5511,283,44,2783,566,942.86,95.23,1.0
5512,236,12,2736,472,942.84,124.19,1.0
5513,283,33,2783,566,942.83,96.45,1.0
5514,283,30,2783,566,942.82,95.07,1.0
5515,247,34,2747,494,942.81,85.03,1.0
5516,247,42,2747,494,942.79,84.76,1.0
5517,260,12,2760,520,942.75,128.1,1.0
5518,283,39,2783,566,942.73,95.54,1.0
5519,256,39,2756,512,942.69,87.42,1.0
5520,264,44,2764,528,942.67,87.79,1.0
5521,277,32,2777,554,942.58,89.9,1.0
5522,255,40,2755,510,942.56,87.52,1.0
5523,46,26,2546,92,942.53,67.1,1.0
5524,247,43,2747,494,942.53,84.28,1.0
5525,256,44,2756,512,942.53,88.17,1.0
5526,255,42,2755,510,942.52,88.29,1.0
5527,264,38,2764,528,942.51,87.41,1.0
5528,256,31,2756,512,942.5,87.23,1.0
5529,283,42,2783,566,942.5,94.71,1.0
5530,286,46,2786,572,942.49,90.72,1.0
5531,255,31,2755,510,942.48,87.52,1.0
5532,283,43,2783,566,942.46,95.54,1.0
5533,204,12,2704,408,942.44,120.22,1.0
5534,264,34,2764,528,942.39,87.16,1.0
5535,277,39,2777,554,942.39,88.33,1.0
5536,264,41,2764,528,942.38,87.23,1.0
5537,5,9,2505,10,942.37,75.19,1.0
5538,255,30,2755,510,942.37,88.38,1.0
5539,255,34,2755,510,942.37,88.43,1.0
5540,264,42,2764,528,942.37,86.61,1.0
5541,283,35,2783,566,942.36,95.7,1.0
5542,264,36,2764,528,942.34,87.3,1.0
5543,118,27,2618,236,942.32,75.01,1.0
5544,283,40,2783,566,942.32,95.81,1.0
5545,283,38,2783,566,942.31,95.47,1.0
5546,104,27,2604,208,942.3,75.07,1.0
5547,256,40,2756,512,942.3,88.29,1.0
5548,253,12,2753,506,942.29,133.12,1.0
5549,264,37,2764,528,942.29,86.66,1.0
5550,262,32,2762,524,942.24,86.48,1.0
5551,277,37,2777,554,942.24,89.17,1.0
5552,53,26,2553,106,942.21,67.27,1.0
5553,277,34,2777,554,942.2,89.96,1.0
5554,249,12,2749,498,942.19,124.43,1.0
5555,81,26,2581,162,942.17,72.52,1.0
5556,256,43,2756,512,942.15,87.89,1.0
5557,264,31,2764,528,942.15,87.69,1.0
5558,264,33,2764,528,942.13,86.96,1.0
5559,264,30,2764,528,942.11,87.27,1.0
5560,198,12,2698,396,942.1,116.44,1.0
5561,255,32,2755,510,942.1,87.07,1.0
5562,215,11,2715,430,942.07,123.05,1.0
5563,247,38,2747,494,942.01,85.1,1.0
5564,256,36,2756,512,941.99,88.8,1.0
5565,255,43,2755,510,941.98,87.45,1.0
5566,45,10,2545,90,941.97,84.13,1.0
5567,256,42,2756,512,941.96,87.03,1.0
5568,159,11,2659,318,941.95,113.74,1.0
5569,256,35,2756,512,941.94,88.36,1.0
5570,276,36,2776,552,941.94,93.14,1.0
5571,249,36,2749,498,941.93,85.32,1.0
5572,111,27,2611,222,941.92,75.86,1.0
5573,255,37,2755,510,941.89,88.58,1.0
5574,255,38,2755,510,941.83,87.43,1.0
5575,283,36,2783,566,941.81,95.25,1.0
5576,256,32,2756,512,941.79,88.31,1.0
5577,284,45,2784,568,941.79,89.47,1.0
5578,83,10,2583,166,941.77,92.11,1.0
5579,256,41,2756,512,941.76,88.69,1.0
5580,264,40,2764,528,941.76,87.32,1.0
5581,277,41,2777,554,941.73,89.82,1.0
5582,255,41,2755,510,941.72,88.81,1.0
5583,256,30,2756,512,941.71,88.08,1.0
5584,277,40,2777,554,941.7,90.16,1.0
5585,276,30,2776,552,941.69,93.47,1.0
5586,64,26,2564,128,941.65,68.62,1.0
5587,256,34,2756,512,941.62,88.18,1.0
5588,277,35,2777,554,941.62,89.95,1.0
5589,288,47,2788,576,941.61,86.86,1.0
5590,264,35,2764,528,941.6,87.67,1.0
5591,277,36,2777,554,941.6,90.82,1.0
5592,84,26,2584,168,941.57,72.76,1.0
5593,255,39,2755,510,941.56,88.61,1.0
5594,276,42,2776,552,941.55,93.65,1.0
5595,277,31,2777,554,941.55,90.13,1.0
5596,256,33,2756,512,941.53,88.17,1.0
5597,276,35,2776,552,941.51,93.54,1.0
5598,35,10,2535,70,941.48,84.96,1.0
5599,255,36,2755,510,941.47,88.3,1.0
5600,278,45,2778,556,941.47,90.66,1.0
5601,162,11,2662,324,941.44,110.36,1.0
5602,246,12,2746,492,941.28,128.32,1.0
5603,249,30,2749,498,941.27,86.19,1.0
5604,70,26,2570,140,941.19,70.08,1.0
5605,276,39,2776,552,941.18,93.12,1.0
5606,263,45,2763,526,941.15,90.13,1.0
5607,277,30,2777,554,941.13,90.5,1.0
5608,140,11,2640,280,941.11,106.07,1.0
5609,257,45,2757,514,941.1,86.72,1.0
5610,277,38,2777,554,941.1,90.47,1.0
5611,51,26,2551,102,941.09,67.7,1.0
5612,52,26,2552,104,941.08,66.73,1.0
5613,276,33,2776,552,940.99,93.33,1.0
5614,10,25,2510,20,940.97,60.93,1.0
5615,276,31,2776,552,940.97,93.26,1.0
5616,128,11,2628,256,940.96,107.52,1.0
5617,197,12,2697,394,940.94,123.18,1.0
5618,67,26,2567,134,940.93,67.81,1.0
5619,276,37,2776,552,940.9,92.18,1.0
5620,191,12,2691,382,940.86,117.94,1.0
5621,72,26,2572,144,940.82,69.47,1.0
5622,182,11,2682,364,940.82,120.25,1.0
5623,276,40,2776,552,940.81,93.72,1.0
5624,249,39,2749,498,940.79,84.94,1.0
5625,255,35,2755,510,940.78,87.72,1.0
5626,61,10,2561,122,940.75,90.5,1.0
5627,151,11,2651,302,940.74,110.54,1.0
5628,277,44,2777,554,940.73,89.77,1.0
5629,294,47,2794,588,940.71,93.99,1.0
5630,296,48,2796,592,940.7,90.15,1.0
5631,64,10,2564,128,940.67,89.68,1.0
5632,162,28,2662,324,940.66,78.41,1.0
5633,204,29,2704,408,940.63,82.92,1.0
5634,97,10,2597,194,940.61,97.75,1.0
5635,13,25,2513,26,940.6,62.79,1.0
5636,264,39,2764,528,940.59,86.34,1.0
5637,276,41,2776,552,940.58,92.96,1.0
5638,249,42,2749,498,940.55,84.43,1.0
5639,276,32,2776,552,940.52,92.53,1.0
5640,249,33,2749,498,940.5,85.11,1.0
5641,203,29,2703,406,940.46,80.27,1.0
5642,249,43,2749,498,940.45,85.36,1.0
5643,194,12,2694,388,940.44,113.95,1.0
5644,276,38,2776,552,940.42,92.91,1.0
5645,103,10,2603,206,940.4,102.06,1.0
5646,94,27,2594,188,940.4,73.4,1.0
5647,237,43,2737,474,940.36,85.3,1.0
5648,275,46,2775,550,940.35,89.32,1.0
5649,249,40,2749,498,940.33,84.94,1.0
5650,150,11,2650,300,940.31,108.27,1.0
5651,97,27,2597,194,940.28,71.02,1.0
5652,249,34,2749,498,940.27,85.21,1.0
5653,249,44,2749,498,940.27,85.47,1.0
5654,249,35,2749,498,940.26,85.63,1.0
5655,151,28,2651,302,940.24,77.53,1.0
5656,237,39,2737,474,940.24,84.3,1.0
5657,291,12,2791,582,940.22,136.41,1.0
5658,152,28,2652,304,940.21,77.39,1.0
5659,276,34,2776,552,940.19,93.81,1.0
5660,249,32,2749,498,940.18,85.6,1.0
5661,237,30,2737,474,940.14,84.96,1.0
5662,249,41,2749,498,940.14,84.65,1.0
5663,112,27,2612,224,940.11,74.91,1.0
5664,237,36,2737,474,940.11,84.49,1.0
5665,56,26,2556,112,940.05,66.12,1.0
5666,249,38,2749,498,940.04,85.58,1.0
5667,292,45,2792,584,940.02,94.4,1.0
5668,237,34,2737,474,939.99,85.1,1.0
5669,249,37,2749,498,939.99,86.25,1.0
5670,285,13,2785,570,939.96,130.94,1.0
5671,237,44,2737,474,939.93,84.06,1.0
5672,279,12,2779,558,939.91,131.85,1.0
5673,216,29,2716,432,939.9,83.28,1.0
5674,213,29,2713,426,939.88,82.87,1.0
5675,300,47,2800,600,939.87,96.73,1.0
5676,293,46,2793,586,939.87,88.7,1.0
5677,273,12,2773,546,939.83,128.89,1.0
5678,61,26,2561,122,939.8,67.68,1.0
5679,237,37,2737,474,939.79,85.15,1.0
5680,260,39,2760,520,939.73,86.0,1.0
5681,183,28,2683,366,939.72,82.5,1.0
5682,269,45,2769,538,939.67,87.09,1.0
5683,20,25,2520,40,939.64,64.17,1.0
5684,237,33,2737,474,939.63,85.27,1.0
5685,276,44,2776,552,939.63,93.14,1.0
5686,134,11,2634,268,939.58,106.77,1.0
5687,237,42,2737,474,939.58,84.98,1.0
5688,237,35,2737,474,939.51,85.71,1.0
5689,260,41,2760,520,939.51,86.47,1.0
5690,292,13,2792,584,939.49,137.33,1.0
5691,260,32,2760,520,939.48,86.54,1.0
5692,254,33,2754,508,939.43,87.9,1.0
5693,276,43,2776,552,939.43,93.22,1.0
5694,173,11,2673,346,939.42,115.59,1.0
5695,201,12,2701,402,939.42,117.45,1.0
5696,159,28,2659,318,939.34,81.3,1.0
5697,58,26,2558,116,939.33,68.33,1.0
5698,237,40,2737,474,939.31,85.16,1.0
5699,271,12,2771,542,939.28,136.16,1.0
5700,298,47,2798,596,939.23,95.87,1.0
5701,237,38,2737,474,939.22,84.98,1.0
5702,260,37,2760,520,939.21,86.48,1.0
5703,107,27,2607,214,939.2,74.35,1.0
5704,237,32,2737,474,939.2,85.6,1.0
5705,260,43,2760,520,939.19,85.92,1.0
5706,266,45,2766,532,939.14,88.17,1.0
5707,77,10,2577,154,939.12,94.65,1.0
5708,260,38,2760,520,939.12,87.21,1.0
5709,254,38,2754,508,939.12,87.76,1.0
5710,260,33,2760,520,939.09,86.49,1.0
5711,237,31,2737,474,939.08,85.38,1.0
5712,129,10,2629,258,939.06,106.58,1.0
5713,260,30,2760,520,938.96,87.37,1.0
5714,260,34,2760,520,938.91,86.56,1.0
5715,105,27,2605,210,938.89,73.45,1.0
5716,187,11,2687,374,938.89,118.68,1.0
5717,254,37,2754,508,938.86,88.68,1.0
5718,260,35,2760,520,938.84,86.48,1.0
5719,249,31,2749,498,938.83,86.42,1.0
5720,295,47,2795,590,938.76,95.32,1.0
5721,267,43,2767,534,938.74,88.05,1.0
5722,272,34,2772,544,938.7,88.59,1.0
5723,69,26,2569,138,938.66,71.38,1.0
5724,260,42,2760,520,938.65,87.64,1.0
5725,254,30,2754,508,938.63,88.55,1.0
5726,291,47,2791,582,938.61,91.96,1.0
5727,260,40,2760,520,938.6,86.51,1.0
5728,272,32,2772,544,938.6,88.26,1.0
5729,297,45,2797,594,938.6,97.44,1.0
5730,272,39,2772,544,938.58,88.01,1.0
5731,48,26,2548,96,938.57,66.98,1.0
5732,144,28,2644,288,938.54,79.47,1.0
5733,254,31,2754,508,938.54,88.02,1.0
5734,274,46,2774,548,938.53,89.41,1.0
5735,254,36,2754,508,938.52,87.96,1.0
5736,267,40,2767,534,938.48,88.24,1.0
5737,272,38,2772,544,938.48,88.49,1.0
5738,206,12,2706,412,938.45,119.26,1.0
5739,260,31,2760,520,938.43,86.7,1.0
5740,260,44,2760,520,938.39,86.9,1.0
5741,254,44,2754,508,938.39,88.05,1.0
5742,54,10,2554,108,938.36,91.88,1.0
5743,272,41,2772,544,938.36,88.03,1.0
5744,260,36,2760,520,938.35,86.12,1.0
5745,254,41,2754,508,938.35,89.44,1.0
5746,272,30,2772,544,938.34,88.79,1.0
5747,145,28,2645,290,938.33,79.26,1.0
5748,272,42,2772,544,938.33,88.08,1.0
5749,267,30,2767,534,938.32,88.25,1.0
5750,237,41,2737,474,938.31,85.83,1.0
5751,254,40,2754,508,938.29,88.36,1.0
5752,254,39,2754,508,938.25,88.74,1.0
5753,254,32,2754,508,938.22,87.5,1.0
5754,280,45,2780,560,938.19,90.5,1.0
5755,157,28,2657,314,938.17,79.78,1.0
5756,272,13,2772,544,938.15,129.98,1.0
5757,267,44,2767,534,938.12,88.3,1.0
5758,130,11,2630,260,938.09,102.06,1.0
5759,169,28,2669,338,938.09,80.26,1.0
5760,235,12,2735,470,938.08,127.18,1.0
5761,254,43,2754,508,938.07,88.7,1.0
5762,139,11,2639,278,938.06,105.68,1.0
5763,210,29,2710,420,938.01,83.77,1.0
5764,273,46,2773,546,938.0,90.38,1.0
5765,272,33,2772,544,937.97,88.79,1.0
5766,272,44,2772,544,937.96,88.55,1.0
5767,220,29,2720,440,937.94,86.48,1.0
5768,129,28,2629,258,937.91,76.19,1.0
5769,271,46,2771,542,937.9,90.76,1.0
5770,116,27,2616,232,937.89,78.71,1.0
5771,130,27,2630,260,937.85,76.37,1.0
5772,272,37,2772,544,937.85,88.84,1.0
5773,58,10,2558,116,937.83,90.51,1.0
5774,113,27,2613,226,937.81,78.42,1.0
5775,287,46,2787,574,937.8,91.02,1.0
5776,254,42,2754,508,937.74,88.21,1.0
5777,285,45,2785,570,937.73,89.23,1.0
5778,227,12,2727,454,937.63,125.48,1.0
5779,272,35,2772,544,937.62,89.18,1.0
5780,230,11,2730,460,937.61,121.11,1.0
5781,289,46,2789,578,937.58,89.86,1.0
5782,4,25,2504,8,937.56,62.55,1.0
5783,267,32,2767,534,937.51,87.71,1.0
5784,167,11,2667,334,937.47,115.02,1.0
5785,267,38,2767,534,937.47,88.34,1.0
5786,114,27,2614,228,937.45,74.28,1.0
5787,202,29,2702,404,937.44,81.68,1.0
5788,254,35,2754,508,937.39,88.38,1.0
5789,267,39,2767,534,937.39,88.18,1.0
5790,88,10,2588,176,937.32,93.37,1.0
5791,279,46,2779,558,937.31,91.75,1.0
5792,272,31,2772,544,937.3,88.28,1.0
5793,262,45,2762,524,937.29,87.32,1.0
5794,254,34,2754,508,937.27,88.29,1.0
5795,296,12,2796,592,937.27,131.21,1.0
5796,267,36,2767,534,937.26,88.24,1.0
5797,104,10,2604,208,937.25,101.83,1.0
5798,180,11,2680,360,937.24,115.88,1.0
5799,272,43,2772,544,937.24,88.58,1.0
5800,272,36,2772,544,937.16,88.11,1.0
5801,41,26,2541,82,937.12,67.8,1.0
5802,251,35,2751,502,937.11,83.97,1.0
5803,214,12,2714,428,937.05,119.73,1.0
5804,120,27,2620,240,937.04,77.07,1.0
5805,155,11,2655,310,937.01,111.13,1.0
5806,270,33,2770,540,936.9,88.33,1.0
5807,267,37,2767,534,936.88,88.14,1.0
5808,214,29,2714,428,936.86,80.18,1.0
5809,21,9,2521,42,936.85,80.78,1.0
5810,267,42,2767,534,936.84,88.6,1.0
5811,267,31,2767,534,936.83,86.97,1.0
5812,269,12,2769,538,936.83,131.32,1.0
5813,66,26,2566,132,936.79,71.32,1.0
5814,2,9,2502,4,936.68,74.27,1.0
5815,109,27,2609,218,936.65,74.74,1.0
5816,267,34,2767,534,936.62,88.56,1.0
5817,108,27,2608,216,936.61,73.84,1.0
5818,267,41,2767,534,936.58,87.43,1.0
5819,264,45,2764,528,936.55,88.58,1.0
5820,300,12,2800,600,936.51,137.56,1.0
5821,290,45,2790,580,936.51,91.6,1.0
5822,272,40,2772,544,936.44,88.72,1.0
5823,251,37,2751,502,936.4,85.09,1.0
5824,68,10,2568,136,936.34,89.5,1.0
5825,251,38,2751,502,936.34,83.85,1.0
5826,267,35,2767,534,936.31,88.05,1.0
5827,251,32,2751,502,936.3,84.2,1.0
5828,160,11,2660,320,936.28,109.62,1.0
5829,82,26,2582,164,936.26,72.15,1.0
5830,251,44,2751,502,936.25,84.71,1.0
5831,43,26,2543,86,936.24,67.32,1.0
5832,199,29,2699,398,936.15,84.62,1.0
5833,267,33,2767,534,936.13,88.13,1.0
5834,268,33,2768,536,936.07,90.24,1.0
5835,44,26,2544,88,936.04,67.25,1.0
5836,150,28,2650,300,936.03,74.88,1.0
5837,59,10,2559,118,936.0,89.5,1.0
5838,251,41,2751,502,935.99,84.04,1.0
5839,281,47,2781,562,935.97,92.77,1.0
5840,258,44,2758,516,935.95,87.41,1.0
5841,270,31,2770,540,935.85,88.46,1.0
5842,59,26,2559,118,935.84,69.8,1.0
5843,251,39,2751,502,935.84,84.71,1.0
5844,86,10,2586,172,935.82,96.46,1.0
5845,251,31,2751,502,935.81,84.23,1.0
5846,258,42,2758,516,935.8,87.62,1.0
5847,270,34,2770,540,935.8,86.76,1.0
5848,251,42,2751,502,935.78,84.56,1.0
5849,251,43,2751,502,935.78,84.46,1.0
5850,275,12,2775,550,935.78,130.51,1.0
5851,251,33,2751,502,935.77,85.41,1.0
5852,258,43,2758,516,935.74,87.12,1.0
5853,268,35,2768,536,935.67,90.74,1.0
5854,270,32,2770,540,935.67,87.83,1.0
5855,268,30,2768,536,935.66,90.89,1.0
5856,258,35,2758,516,935.62,88.46,1.0
5857,261,42,2761,522,935.62,83.82,1.0
5858,290,13,2790,580,935.62,133.79,1.0
5859,218,11,2718,436,935.58,122.38,1.0
5860,259,31,2759,518,935.56,89.08,1.0
5861,268,41,2768,536,935.56,91.51,1.0
5862,268,42,2768,536,935.56,90.82,1.0
5863,245,31,2745,490,935.53,86.46,1.0
5864,251,30,2751,502,935.53,84.51,1.0
5865,283,45,2783,566,935.52,95.48,1.0
5866,270,39,2770,540,935.5,87.7,1.0
5867,63,26,2563,126,935.42,69.49,1.0
5868,261,44,2761,522,935.42,83.76,1.0
5869,141,28,2641,282,935.35,79.12,1.0
5870,270,37,2770,540,935.33,88.2,1.0
5871,270,41,2770,540,935.33,87.11,1.0
5872,76,26,2576,152,935.31,71.24,1.0
5873,251,40,2751,502,935.31,84.25,1.0
5874,268,36,2768,536,935.31,90.23,1.0
5875,67,10,2567,134,935.3,92.22,1.0
5876,243,13,2743,486,935.3,125.24,1.0
5877,66,10,2566,132,935.27,94.32,1.0
5878,265,32,2765,530,935.23,86.18,1.0
5879,268,37,2768,536,935.23,91.06,1.0
5880,270,44,2770,540,935.22,87.84,1.0
5881,0,9,2500,0,935.19,72.47,1.0
5882,245,42,2745,490,935.19,85.58,1.0
5883,258,39,2758,516,935.19,87.97,1.0
5884,258,40,2758,516,935.17,87.96,1.0
5885,251,36,2751,502,935.15,83.51,1.0
5886,270,35,2770,540,935.13,87.53,1.0
5887,245,36,2745,490,935.11,86.39,1.0
5888,259,37,2759,518,935.1,88.7,1.0
5889,270,36,2770,540,935.07,88.32,1.0
5890,268,40,2768,536,935.05,89.87,1.0
5891,270,38,2770,540,935.05,87.28,1.0
5892,293,13,2793,586,935.03,130.19,1.0
5893,258,36,2758,516,935.02,88.06,1.0
5894,258,31,2758,516,935.01,87.52,1.0
5895,258,32,2758,516,935.01,88.15,1.0
5896,270,40,2770,540,935.01,87.82,1.0
5897,2,25,2502,4,934.98,63.88,1.0
5898,177,11,2677,354,934.98,116.27,1.0
5899,98,10,2598,196,934.96,100.53,1.0
5900,245,30,2745,490,934.91,86.22,1.0
5901,245,33,2745,490,934.91,86.33,1.0
5902,247,45,2747,494,934.9,84.94,1.0
5903,176,11,2676,352,934.88,115.33,1.0
5904,270,42,2770,540,934.88,87.89,1.0
5905,57,26,2557,114,934.87,67.43,1.0
5906,95,27,2595,190,934.87,72.39,1.0
5907,259,32,2759,518,934.87,89.53,1.0
5908,270,43,2770,540,934.87,88.52,1.0
5909,46,9,2546,92,934.86,86.06,1.0
5910,268,44,2768,536,934.82,90.43,1.0
5911,54,26,2554,108,934.81,65.47,1.0
5912,240,38,2740,480,934.81,86.55,1.0
5913,245,43,2745,490,934.75,85.97,1.0
5914,250,34,2750,500,934.75,86.42,1.0
5915,261,38,2761,522,934.75,84.24,1.0
5916,259,39,2759,518,934.73,88.87,1.0
5917,268,38,2768,536,934.72,90.48,1.0
5918,251,34,2751,502,934.69,85.36,1.0
5919,259,30,2759,518,934.69,89.8,1.0
5920,270,30,2770,540,934.68,87.86,1.0
5921,259,44,2759,518,934.67,89.07,1.0
5922,240,35,2740,480,934.65,86.24,1.0
5923,259,38,2759,518,934.65,88.9,1.0
5924,257,46,2757,514,934.64,87.79,1.0
5925,11,9,2511,22,934.62,79.56,1.0
5926,258,38,2758,516,934.62,87.86,1.0
5927,256,45,2756,512,934.6,88.76,1.0
5928,259,40,2759,518,934.59,88.71,1.0
5929,74,10,2574,148,934.58,92.44,1.0
5930,240,43,2740,480,934.58,86.61,1.0
5931,258,30,2758,516,934.58,87.88,1.0
5932,286,47,2786,572,934.57,90.8,1.0
5933,258,37,2758,516,934.56,88.2,1.0
5934,258,41,2758,516,934.56,88.53,1.0
5935,259,43,2759,518,934.56,89.47,1.0
5936,240,36,2740,480,934.55,86.1,1.0
5937,250,43,2750,500,934.53,86.48,1.0
5938,261,35,2761,522,934.51,85.25,1.0
5939,282,46,2782,564,934.51,90.39,1.0
5940,259,34,2759,518,934.5,89.42,1.0
5941,278,46,2778,556,934.5,91.27,1.0
5942,240,39,2740,480,934.49,86.16,1.0
5943,241,39,2741,482,934.49,83.05,1.0
5944,265,35,2765,530,934.49,86.43,1.0
5945,265,38,2765,530,934.47,86.7,1.0
5946,258,34,2758,516,934.45,87.42,1.0
5947,245,44,2745,490,934.44,87.19,1.0
5948,268,43,2768,536,934.43,89.89,1.0
5949,91,10,2591,182,934.41,97.45,1.0
5950,268,31,2768,536,934.41,90.59,1.0
5951,245,34,2745,490,934.4,86.45,1.0
5952,250,32,2750,500,934.4,86.44,1.0
5953,259,42,2759,518,934.4,89.65,1.0
5954,268,32,2768,536,934.4,91.55,1.0
5955,240,32,2740,480,934.39,86.33,1.0
5956,259,33,2759,518,934.38,89.2,1.0
5957,245,35,2745,490,934.36,85.98,1.0
5958,125,27,2625,250,934.34,76.17,1.0
5959,259,41,2759,518,934.33,89.71,1.0
5960,245,38,2745,490,934.32,86.19,1.0
5961,250,39,2750,500,934.31,86.86,1.0
5962,250,37,2750,500,934.3,86.86,1.0
5963,265,44,2765,530,934.3,86.88,1.0
5964,224,29,2724,448,934.29,88.25,1.0
5965,276,45,2776,552,934.27,93.17,1.0
5966,259,35,2759,518,934.26,89.32,1.0
5967,259,36,2759,518,934.26,88.69,1.0
5968,245,37,2745,490,934.24,85.86,1.0
5969,265,34,2765,530,934.24,87.33,1.0
5970,240,41,2740,480,934.23,86.6,1.0
5971,245,40,2745,490,934.23,85.94,1.0
5972,157,11,2657,314,934.22,115.29,1.0
5973,236,39,2736,472,934.2,83.73,1.0
5974,261,31,2761,522,934.2,83.5,1.0
5975,261,37,2761,522,934.18,84.21,1.0
5976,265,39,2765,530,934.18,86.75,1.0
5977,268,39,2768,536,934.15,90.29,1.0
5978,250,30,2750,500,934.12,86.27,1.0
5979,288,48,2788,576,934.12,88.21,1.0
5980,250,38,2750,500,934.1,86.48,1.0
5981,245,41,2745,490,934.08,86.73,1.0
5982,261,34,2761,522,934.08,83.41,1.0
5983,240,31,2740,480,934.06,87.09,1.0
5984,55,26,2555,110,934.03,67.43,1.0
5985,138,28,2638,276,934.01,79.26,1.0
5986,250,36,2750,500,934.01,86.47,1.0
5987,156,28,2656,312,934.0,79.64,1.0
5988,261,36,2761,522,933.99,84.72,1.0
5989,261,33,2761,522,933.98,84.31,1.0
5990,248,12,2748,496,933.97,126.65,1.0
5991,258,33,2758,516,933.97,87.1,1.0
5992,4,9,2504,8,933.96,74.23,1.0
5993,245,32,2745,490,933.95,86.54,1.0
5994,261,40,2761,522,933.89,84.63,1.0
5995,250,40,2750,500,933.88,86.88,1.0
5996,265,42,2765,530,933.82,86.74,1.0
5997,294,12,2794,588,933.81,138.36,1.0
5998,240,40,2740,480,933.78,86.0,1.0
5999,265,41,2765,530,933.74,86.76,1.0
6000,60,26,2560,120,933.72,66.45,1.0
6001,99,27,2599,198,933.72,73.28,1.0
6002,184,11,2684,368,933.72,116.98,1.0
6003,261,43,2761,522,933.71,84.06,1.0
6004,261,41,2761,522,933.7,83.92,1.0
6005,26,9,2526,52,933.69,79.62,1.0
6006,255,45,2755,510,933.68,87.96,1.0
6007,164,28,2664,328,933.67,79.34,1.0
6008,240,37,2740,480,933.66,86.67,1.0
6009,250,35,2750,500,933.66,86.12,1.0
6010,239,12,2739,478,933.65,125.96,1.0
6011,18,9,2518,36,933.63,78.5,1.0
6012,261,30,2761,522,933.63,84.78,1.0
6013,229,30,2729,458,933.61,82.29,1.0
6014,250,31,2750,500,933.59,85.92,1.0
6015,268,34,2768,536,933.59,90.3,1.0
6016,199,11,2699,398,933.58,122.56,1.0
6017,265,30,2765,530,933.58,86.78,1.0
6018,265,36,2765,530,933.56,85.99,1.0
6019,228,40,2728,456,933.54,81.94,1.0
6020,241,40,2741,482,933.52,83.53,1.0
6021,265,33,2765,530,933.51,86.51,1.0
6022,187,29,2687,374,933.5,81.97,1.0
6023,241,43,2741,482,933.47,83.96,1.0
6024,144,10,2644,288,933.46,113.21,1.0
6025,240,44,2740,480,933.44,87.42,1.0
6026,237,45,2737,474,933.43,85.77,1.0
6027,265,31,2765,530,933.43,86.01,1.0
6028,241,44,2741,482,933.42,82.99,1.0
6029,281,12,2781,562,933.41,132.69,1.0
6030,14,9,2514,28,933.39,78.97,1.0
6031,265,37,2765,530,933.39,86.68,1.0
6032,250,41,2750,500,933.38,87.65,1.0
6033,299,48,2799,598,933.36,91.1,1.0
6034,261,39,2761,522,933.33,85.01,1.0
6035,265,40,2765,530,933.31,85.94,1.0
6036,208,29,2708,416,933.3,85.05,1.0
6037,284,46,2784,568,933.3,92.4,1.0
6038,253,38,2753,506,933.29,90.51,1.0
6039,228,38,2728,456,933.26,82.02,1.0
6040,236,40,2736,472,933.26,84.2,1.0
6041,250,33,2750,500,933.26,86.14,1.0
6042,240,30,2740,480,933.24,86.86,1.0
6043,250,42,2750,500,933.24,87.1,1.0
6044,229,38,2729,458,933.23,82.66,1.0
6045,240,42,2740,480,933.23,85.74,1.0
6046,236,38,2736,472,933.22,83.5,1.0
6047,265,43,2765,530,933.21,86.6,1.0
6048,3,25,2503,6,933.16,62.45,1.0
6049,229,41,2729,458,933.16,82.77,1.0
6050,245,39,2745,490,933.16,87.1,1.0
6051,89,10,2589,178,933.15,97.11,1.0
6052,93,27,2593,186,933.15,71.14,1.0
6053,241,33,2741,482,933.14,83.43,1.0
6054,240,34,2740,480,933.12,86.95,1.0
6055,263,46,2763,526,933.09,90.46,1.0
6056,96,27,2596,192,933.07,71.39,1.0
6057,241,36,2741,482,933.07,83.0,1.0
6058,229,39,2729,458,933.06,82.9,1.0
6059,236,30,2736,472,933.05,84.8,1.0
6060,250,44,2750,500,933.02,85.93,1.0
6061,236,37,2736,472,933.01,84.81,1.0
6062,241,41,2741,482,933.01,83.14,1.0
6063,228,39,2728,456,933.0,81.84,1.0
6064,297,13,2797,594,933.0,138.86,1.0
6065,236,43,2736,472,932.99,84.37,1.0
6066,241,37,2741,482,932.99,82.9,1.0
6067,253,42,2753,506,932.99,90.09,1.0
6068,229,36,2729,458,932.98,82.72,1.0
6069,261,32,2761,522,932.98,83.7,1.0
6070,229,40,2729,458,932.95,82.21,1.0
6071,106,27,2606,212,932.93,75.37,1.0
6072,236,41,2736,472,932.93,83.94,1.0
6073,241,35,2741,482,932.93,82.95,1.0
6074,12,9,2512,24,932.89,76.36,1.0
6075,229,35,2729,458,932.89,82.29,1.0
6076,86,27,2586,172,932.86,71.51,1.0
6077,229,44,2729,458,932.86,81.81,1.0
6078,228,33,2728,456,932.85,81.69,1.0
6079,277,45,2777,554,932.85,90.74,1.0
6080,91,27,2591,182,932.82,71.64,1.0
6081,229,37,2729,458,932.82,81.99,1.0
6082,236,31,2736,472,932.82,84.65,1.0
6083,148,28,2648,296,932.78,78.5,1.0
6084,222,12,2722,444,932.78,122.22,1.0
6085,228,42,2728,456,932.78,81.39,1.0
6086,240,33,2740,480,932.76,86.2,1.0
6087,241,38,2741,482,932.75,83.08,1.0
6088,229,31,2729,458,932.72,83.4,1.0
6089,249,45,2749,498,932.71,86.65,1.0
6090,236,36,2736,472,932.7,84.06,1.0
6091,229,32,2729,458,932.68,82.35,1.0
6092,252,12,2752,504,932.68,133.07,1.0
6093,230,31,2730,460,932.65,83.35,1.0
6094,228,32,2728,456,932.64,81.31,1.0
6095,266,46,2766,532,932.64,89.52,1.0
6096,230,42,2730,460,932.63,82.69,1.0
6097,236,33,2736,472,932.63,83.93,1.0
6098,298,12,2798,596,932.6,139.52,1.0
6099,236,44,2736,472,932.59,84.43,1.0
6100,241,42,2741,482,932.58,83.23,1.0
6101,229,43,2729,458,932.56,82.42,1.0
6102,201,29,2701,402,932.5,83.21,1.0
6103,241,30,2741,482,932.5,83.19,1.0
6104,229,33,2729,458,932.48,82.26,1.0
6105,229,42,2729,458,932.46,82.47,1.0
6106,228,37,2728,456,932.45,81.08,1.0
6107,228,43,2728,456,932.45,80.83,1.0
6108,160,28,2660,320,932.41,78.12,1.0
6109,241,31,2741,482,932.41,83.99,1.0
6110,236,34,2736,472,932.39,83.83,1.0
6111,76,10,2576,152,932.36,92.98,1.0
6112,236,35,2736,472,932.34,84.56,1.0
6113,228,41,2728,456,932.26,81.3,1.0
6114,253,34,2753,506,932.26,89.29,1.0
6115,272,45,2772,544,932.25,89.16,1.0
6116,228,34,2728,456,932.24,81.03,1.0
6117,241,32,2741,482,932.24,83.26,1.0
6118,123,11,2623,246,932.23,101.33,1.0
6119,229,34,2729,458,932.22,82.46,1.0
6120,288,12,2788,576,932.2,130.52,1.0
6121,170,29,2670,340,932.17,79.03,1.0
6122,248,32,2748,496,932.16,85.79,1.0
6123,248,31,2748,496,932.15,85.43,1.0
6124,253,44,2753,506,932.13,89.81,1.0
6125,230,44,2730,460,932.12,82.24,1.0
6126,175,11,2675,350,932.11,116.75,1.0
6127,188,11,2688,376,932.1,115.51,1.0
6128,233,11,2733,466,932.1,120.71,1.0
6129,253,41,2753,506,932.08,90.37,1.0
6130,236,32,2736,472,932.05,84.65,1.0
6131,228,36,2728,456,931.99,81.09,1.0
6132,228,35,2728,456,931.96,82.14,1.0
6133,100,10,2600,200,931.94,98.09,1.0
6134,269,46,2769,538,931.94,87.96,1.0
6135,143,11,2643,286,931.92,111.79,1.0
6136,248,34,2748,496,931.89,86.01,1.0
6137,253,31,2753,506,931.88,89.91,1.0
6138,124,28,2624,248,931.87,74.85,1.0
6139,228,31,2728,456,931.87,81.51,1.0
6140,253,33,2753,506,931.87,90.32,1.0
6141,253,39,2753,506,931.85,89.42,1.0
6142,236,42,2736,472,931.84,84.86,1.0
6143,116,10,2616,232,931.82,109.39,1.0
6144,189,11,2689,378,931.79,119.18,1.0
6145,230,36,2730,460,931.75,82.2,1.0
6146,248,38,2748,496,931.75,85.08,1.0
6147,3,9,2503,6,931.74,75.72,1.0
6148,154,28,2654,308,931.62,78.28,1.0
6149,253,43,2753,506,931.57,90.33,1.0
6150,248,40,2748,496,931.56,85.32,1.0
6151,16,25,2516,32,931.54,67.2,1.0
6152,248,42,2748,496,931.53,85.16,1.0
6153,230,30,2730,460,931.47,83.98,1.0
6154,283,12,2783,566,931.46,134.85,1.0
6155,42,26,2542,84,931.45,70.29,1.0
6156,275,47,2775,550,931.44,90.42,1.0
6157,228,44,2728,456,931.43,82.06,1.0
6158,230,40,2730,460,931.42,83.18,1.0
6159,228,30,2728,456,931.41,81.54,1.0
6160,8,25,2508,16,931.38,63.16,1.0
6161,6,25,2506,12,931.37,60.26,1.0
6162,241,34,2741,482,931.35,83.5,1.0
6163,142,28,2642,284,931.33,76.4,1.0
6164,233,33,2733,466,931.32,81.31,1.0
6165,123,27,2623,246,931.31,75.31,1.0
6166,248,44,2748,496,931.29,85.19,1.0
6167,253,36,2753,506,931.29,90.32,1.0
6168,253,37,2753,506,931.29,89.76,1.0
6169,169,11,2669,338,931.23,112.03,1.0
6170,253,35,2753,506,931.21,89.92,1.0
6171,248,43,2748,496,931.2,85.5,1.0
6172,293,47,2793,586,931.17,92.05,1.0
6173,37,26,2537,74,931.13,63.85,1.0
6174,147,11,2647,294,931.13,107.3,1.0
6175,230,43,2730,460,931.13,83.33,1.0
6176,119,10,2619,238,931.09,102.98,1.0
6177,192,11,2692,384,931.06,119.4,1.0
6178,248,41,2748,496,931.03,85.3,1.0
6179,253,40,2753,506,931.02,90.14,1.0
6180,73,10,2573,146,930.99,93.46,1.0
6181,268,12,2768,536,930.99,127.65,1.0
6182,233,34,2733,466,930.96,80.98,1.0
6183,34,26,2534,68,930.94,65.23,1.0
6184,233,42,2733,466,930.93,82.1,1.0
6185,230,35,2730,460,930.92,83.0,1.0
6186,182,29,2682,364,930.91,81.94,1.0
6187,271,47,2771,542,930.91,91.92,1.0
6188,230,38,2730,460,930.88,83.02,1.0
6189,239,44,2739,478,930.88,85.18,1.0
6190,230,41,2730,460,930.83,82.85,1.0
6191,25,9,2525,50,930.82,81.19,1.0
6192,230,34,2730,460,930.82,82.83,1.0
6193,248,36,2748,496,930.8,85.61,1.0
6194,49,26,2549,98,930.79,67.65,1.0
6195,230,32,2730,460,930.79,83.1,1.0
6196,248,30,2748,496,930.79,85.67,1.0
6197,233,35,2733,466,930.78,80.8,1.0
6198,233,32,2733,466,930.77,81.21,1.0
6199,184,29,2684,368,930.74,77.5,1.0
6200,233,44,2733,466,930.74,81.07,1.0
6201,239,36,2739,478,930.73,85.07,1.0
6202,233,39,2733,466,930.7,81.17,1.0
6203,248,39,2748,496,930.7,86.19,1.0
6204,289,47,2789,578,930.66,90.39,1.0
6205,248,33,2748,496,930.62,85.26,1.0
6206,248,35,2748,496,930.62,85.59,1.0
6207,294,48,2794,588,930.62,94.55,1.0
6208,266,12,2766,532,930.61,138.71,1.0
6209,252,38,2752,504,930.6,87.75,1.0
6210,300,48,2800,600,930.6,96.73,1.0
6211,239,37,2739,478,930.58,86.11,1.0
6212,233,36,2733,466,930.57,81.78,1.0
6213,252,40,2752,504,930.56,87.23,1.0
6214,291,48,2791,582,930.56,93.47,1.0
6215,226,44,2726,452,930.54,83.14,1.0
6216,292,46,2792,584,930.54,94.75,1.0
6217,296,49,2796,592,930.44,90.83,1.0
6218,233,43,2733,466,930.43,80.81,1.0
6219,57,10,2557,114,930.41,88.76,1.0
6220,239,33,2739,478,930.4,85.59,1.0
6221,200,29,2700,400,930.38,81.73,1.0
6222,233,31,2733,466,930.35,81.83,1.0
6223,0,25,2500,0,930.34,60.3,1.0
6224,253,32,2753,506,930.33,89.94,1.0
6225,233,38,2733,466,930.29,81.2,1.0
6226,230,33,2730,460,930.26,83.71,1.0
6227,142,10,2642,284,930.25,109.95,1.0
6228,101,27,2601,202,930.24,74.27,1.0
6229,233,30,2733,466,930.24,81.01,1.0
6230,239,38,2739,478,930.24,85.99,1.0
6231,297,46,2797,594,930.21,97.6,1.0
6232,239,34,2739,478,930.2,86.21,1.0
6233,113,10,2613,226,930.18,103.16,1.0
6234,230,37,2730,460,930.18,82.87,1.0
6235,253,30,2753,506,930.18,89.14,1.0
6236,52,9,2552,104,930.17,87.59,1.0
6237,233,37,2733,466,930.15,81.03,1.0
6238,248,37,2748,496,930.14,85.42,1.0
6239,70,10,2570,140,930.13,92.61,1.0
6240,233,41,2733,466,930.13,80.72,1.0
6241,230,39,2730,460,930.09,83.72,1.0
6242,9,9,2509,18,930.05,76.0,1.0
6243,239,35,2739,478,930.03,85.76,1.0
6244,179,11,2679,358,930.01,120.09,1.0
6245,24,9,2524,48,929.99,81.26,1.0
6246,252,43,2752,504,929.98,88.33,1.0
6247,239,41,2739,478,929.9,85.53,1.0
6248,264,46,2764,528,929.82,88.47,1.0
6249,239,30,2739,478,929.8,85.65,1.0
6250,226,40,2726,452,929.77,82.85,1.0
6251,290,46,2790,580,929.77,92.71,1.0
6252,233,40,2733,466,929.76,81.28,1.0
6253,239,32,2739,478,929.76,85.69,1.0
6254,15,9,2515,30,929.75,77.15,1.0
6255,45,26,2545,90,929.73,66.83,1.0
6256,252,32,2752,504,929.72,87.67,1.0
6257,246,35,2746,492,929.68,83.65,1.0
6258,239,42,2739,478,929.67,86.49,1.0
6259,246,30,2746,492,929.66,85.17,1.0
6260,252,42,2752,504,929.65,87.85,1.0
6261,226,35,2726,452,929.64,82.57,1.0
6262,251,45,2751,502,929.62,85.41,1.0
6263,260,45,2760,520,929.61,87.37,1.0
6264,252,37,2752,504,929.59,87.83,1.0
6265,226,42,2726,452,929.57,83.0,1.0
6266,246,41,2746,492,929.55,84.38,1.0
6267,226,37,2726,452,929.53,83.07,1.0
6268,243,29,2743,486,929.51,89.27,1.0
6269,252,31,2752,504,929.46,87.69,1.0
6270,298,48,2798,596,929.45,96.62,1.0
6271,246,37,2746,492,929.43,84.93,1.0
6272,239,43,2739,478,929.42,85.23,1.0
6273,239,39,2739,478,929.41,86.03,1.0
6274,274,47,2774,548,929.41,91.08,1.0
6275,77,27,2577,154,929.39,72.71,1.0
6276,295,48,2795,590,929.39,96.21,1.0
6277,36,9,2536,72,929.38,86.49,1.0
6278,186,11,2686,372,929.37,117.01,1.0
6279,239,31,2739,478,929.37,85.2,1.0
6280,252,39,2752,504,929.37,87.93,1.0
6281,93,10,2593,186,929.35,100.2,1.0
6282,285,46,2785,570,929.34,89.24,1.0
6283,174,11,2674,348,929.31,113.4,1.0
6284,226,38,2726,452,929.31,82.42,1.0
6285,252,35,2752,504,929.3,87.9,1.0
6286,226,39,2726,452,929.29,82.93,1.0
6287,246,43,2746,492,929.29,84.07,1.0
6288,193,29,2693,386,929.27,81.25,1.0
6289,101,10,2601,202,929.26,100.9,1.0
6290,226,41,2726,452,929.24,82.81,1.0
6291,246,38,2746,492,929.24,84.21,1.0
6292,289,12,2789,578,929.24,130.26,1.0
6293,115,10,2615,230,929.22,103.24,1.0
6294,242,44,2742,484,929.2,82.11,1.0
6295,239,40,2739,478,929.18,85.3,1.0
6296,246,40,2746,492,929.17,84.45,1.0
6297,226,43,2726,452,929.15,82.76,1.0
6298,75,27,2575,150,929.14,71.53,1.0
6299,267,45,2767,534,929.14,89.56,1.0
6300,221,35,2721,442,929.13,83.37,1.0
6301,264,11,2764,528,929.1,130.9,1.0
6302,221,36,2721,442,929.09,83.88,1.0
6303,226,33,2726,452,929.09,82.75,1.0
6304,246,36,2746,492,929.09,85.01,1.0
6305,273,47,2773,546,929.09,91.54,1.0
6306,221,37,2721,442,929.08,83.12,1.0
6307,98,27,2598,196,929.07,75.59,1.0
6308,226,34,2726,452,929.06,83.02,1.0
6309,231,40,2731,462,929.01,80.33,1.0
6310,246,44,2746,492,928.98,84.7,1.0
6311,221,30,2721,442,928.93,84.05,1.0
6312,299,12,2799,598,928.93,135.41,1.0
6313,226,31,2726,452,928.89,81.92,1.0
6314,246,32,2746,492,928.89,83.55,1.0
6315,246,42,2746,492,928.89,84.65,1.0
6316,131,28,2631,262,928.88,74.87,1.0
6317,242,37,2742,484,928.88,82.69,1.0
6318,242,12,2742,484,928.87,124.87,1.0
6319,246,39,2746,492,928.86,84.41,1.0
6320,246,34,2746,492,928.84,84.73,1.0
6321,246,31,2746,492,928.82,83.73,1.0
6322,252,34,2752,504,928.76,88.52,1.0
6323,252,30,2752,504,928.72,87.08,1.0
6324,221,41,2721,442,928.67,83.39,1.0
6325,155,28,2655,310,928.64,77.8,1.0
6326,252,44,2752,504,928.64,86.6,1.0
6327,276,46,2776,552,928.63,93.1,1.0
6328,117,27,2617,234,928.62,77.95,1.0
6329,226,30,2726,452,928.58,83.23,1.0
6330,33,9,2533,66,928.57,81.66,1.0
6331,221,33,2721,442,928.56,83.96,1.0
6332,221,38,2721,442,928.54,83.16,1.0
6333,226,32,2726,452,928.54,83.12,1.0
6334,252,33,2752,504,928.51,88.34,1.0
6335,259,12,2759,518,928.48,125.42,1.0
6336,252,41,2752,504,928.48,87.15,1.0
6337,257,47,2757,514,928.41,89.17,1.0
6338,196,29,2696,392,928.4,82.04,1.0
6339,238,12,2738,476,928.4,124.99,1.0
6340,221,43,2721,442,928.39,82.9,1.0
6341,198,29,2698,396,928.37,84.25,1.0
6342,242,31,2742,484,928.36,82.55,1.0
6343,145,10,2645,290,928.35,111.92,1.0
6344,32,9,2532,64,928.33,83.22,1.0
6345,240,11,2740,480,928.32,130.57,1.0
6346,268,45,2768,536,928.32,91.22,1.0
6347,31,9,2531,62,928.31,83.43,1.0
6348,85,10,2585,170,928.29,98.38,1.0
6349,35,26,2535,70,928.28,65.96,1.0
6350,254,45,2754,508,928.26,89.57,1.0
6351,262,46,2762,524,928.22,88.79,1.0
6352,135,28,2635,270,928.2,76.25,1.0
6353,84,10,2584,168,928.19,94.11,1.0
6354,221,40,2721,442,928.18,84.09,1.0
6355,250,45,2750,500,928.15,86.67,1.0
6356,245,12,2745,490,928.13,125.63,1.0
6357,240,45,2740,480,928.11,87.3,1.0
6358,231,37,2731,462,928.09,80.21,1.0
6359,242,33,2742,484,928.07,82.35,1.0
6360,242,40,2742,484,928.05,82.53,1.0
6361,242,32,2742,484,928.02,82.29,1.0
6362,246,33,2746,492,927.97,84.64,1.0
6363,259,45,2759,518,927.95,88.53,1.0
6364,280,46,2780,560,927.95,91.23,1.0
6365,221,39,2721,442,927.93,83.84,1.0
6366,242,38,2742,484,927.89,83.11,1.0
6367,231,30,2731,462,927.88,80.17,1.0
6368,231,33,2731,462,927.86,80.16,1.0
6369,231,36,2731,462,927.86,80.82,1.0
6370,231,39,2731,462,927.86,80.0,1.0
6371,28,9,2528,56,927.82,81.57,1.0
6372,226,36,2726,452,927.82,83.03,1.0
6373,231,43,2731,462,927.81,80.61,1.0
6374,72,10,2572,144,927.8,92.75,1.0
6375,221,34,2721,442,927.8,83.34,1.0
6376,242,36,2742,484,927.8,81.96,1.0
6377,267,12,2767,534,927.79,131.19,1.0
6378,231,38,2731,462,927.69,80.09,1.0
6379,23,26,2523,46,927.67,66.06,1.0
6380,238,39,2738,476,927.64,82.41,1.0
6381,44,9,2544,88,927.58,87.87,1.0
6382,221,42,2721,442,927.53,83.75,1.0
6383,252,36,2752,504,927.53,87.85,1.0
6384,47,9,2547,94,927.52,87.16,1.0
6385,270,45,2770,540,927.52,89.01,1.0
6386,242,39,2742,484,927.5,82.37,1.0
6387,190,29,2690,380,927.48,79.18,1.0
6388,100,27,2600,200,927.47,72.82,1.0
6389,255,46,2755,510,927.46,90.32,1.0
6390,242,41,2742,484,927.45,82.59,1.0
6391,287,47,2787,574,927.45,91.88,1.0
6392,102,27,2602,204,927.43,74.62,1.0
6393,133,28,2633,266,927.43,74.73,1.0
6394,221,31,2721,442,927.41,83.9,1.0
6395,171,11,2671,342,927.4,116.72,1.0
6396,83,27,2583,166,927.37,70.83,1.0
6397,206,29,2706,412,927.37,85.52,1.0
6398,231,34,2731,462,927.35,80.2,1.0
6399,92,10,2592,184,927.32,97.36,1.0
6400,231,42,2731,462,927.32,80.02,1.0
6401,139,28,2639,278,927.3,76.04,1.0
6402,242,35,2742,484,927.3,82.65,1.0
6403,65,27,2565,130,927.28,69.46,1.0
6404,247,46,2747,494,927.28,86.95,1.0
6405,107,10,2607,214,927.27,101.17,1.0
6406,71,27,2571,142,927.26,68.56,1.0
6407,178,11,2678,356,927.25,118.3,1.0
6408,226,11,2726,452,927.25,123.64,1.0
6409,143,28,2643,286,927.2,77.75,1.0
6410,231,41,2731,462,927.2,79.87,1.0
6411,242,34,2742,484,927.2,82.23,1.0
6412,231,32,2731,462,927.19,79.83,1.0
6413,126,10,2626,252,927.18,103.62,1.0
6414,242,30,2742,484,927.18,82.79,1.0
6415,209,34,2709,418,927.14,81.74,1.0
6416,221,44,2721,442,927.14,83.89,1.0
6417,242,43,2742,484,927.1,82.55,1.0
6418,231,44,2731,462,927.06,80.98,1.0
6419,221,11,2721,442,927.02,126.59,1.0
6420,43,9,2543,86,926.98,88.4,1.0
6421,234,39,2734,468,926.97,85.63,1.0
6422,238,32,2738,476,926.95,81.69,1.0
6423,209,33,2709,418,926.88,82.23,1.0
6424,242,42,2742,484,926.87,81.95,1.0
6425,210,11,2710,420,926.86,123.03,1.0
6426,221,32,2721,442,926.84,84.59,1.0
6427,146,11,2646,292,926.83,111.27,1.0
6428,147,28,2647,294,926.8,77.32,1.0
6429,238,36,2738,476,926.8,82.28,1.0
6430,231,31,2731,462,926.74,80.76,1.0
6431,238,44,2738,476,926.64,82.48,1.0
6432,234,30,2734,468,926.62,85.45,1.0
6433,261,45,2761,522,926.61,84.86,1.0
6434,238,30,2738,476,926.58,82.93,1.0
6435,234,37,2734,468,926.57,85.55,1.0
6436,13,9,2513,26,926.56,77.0,1.0
6437,85,27,2585,170,926.55,72.96,1.0
6438,209,40,2709,418,926.54,81.14,1.0
6439,234,42,2734,468,926.53,85.34,1.0
6440,234,36,2734,468,926.52,86.05,1.0
6441,34,9,2534,68,926.51,84.26,1.0
6442,17,9,2517,34,926.49,80.97,1.0
6443,229,45,2729,458,926.49,82.81,1.0
6444,238,34,2738,476,926.49,82.29,1.0
6445,281,48,2781,562,926.48,94.11,1.0
6446,234,40,2734,468,926.46,86.18,1.0
6447,234,41,2734,468,926.43,86.43,1.0
6448,179,29,2679,358,926.42,81.57,1.0
6449,234,38,2734,468,926.4,85.45,1.0
6450,209,44,2709,418,926.39,81.45,1.0
6451,283,46,2783,566,926.37,96.18,1.0
6452,241,45,2741,482,926.33,84.5,1.0
6453,36,26,2536,72,926.32,67.66,1.0
6454,40,26,2540,80,926.32,68.41,1.0
6455,217,29,2717,434,926.31,86.54,1.0
6456,42,9,2542,84,926.3,88.49,1.0
6457,231,35,2731,462,926.29,80.5,1.0
6458,236,45,2736,472,926.26,84.14,1.0
6459,19,9,2519,38,926.25,81.31,1.0
6460,234,44,2734,468,926.22,85.94,1.0
6461,209,30,2709,418,926.18,82.14,1.0
6462,234,33,2734,468,926.16,84.99,1.0
6463,256,46,2756,512,926.16,91.59,1.0
6464,234,34,2734,468,926.14,86.26,1.0
6465,209,36,2709,418,926.13,82.38,1.0
6466,238,37,2738,476,926.12,82.28,1.0
6467,153,28,2653,306,926.1,79.96,1.0
6468,232,33,2732,464,926.1,85.1,1.0
6469,209,35,2709,418,926.07,80.89,1.0
6470,209,32,2709,418,926.05,81.67,1.0
6471,209,41,2709,418,926.05,81.47,1.0
6472,153,11,2653,306,926.03,116.35,1.0
6473,115,28,2615,230,926.01,73.64,1.0
6474,188,29,2688,376,926.0,80.31,1.0
6475,238,43,2738,476,926.0,82.47,1.0
6476,238,38,2738,476,925.98,82.79,1.0
6477,245,45,2745,490,925.98,87.06,1.0
6478,238,40,2738,476,925.96,82.32,1.0
6479,265,45,2765,530,925.94,87.4,1.0
6480,282,47,2782,564,925.93,91.01,1.0
6481,207,11,2707,414,925.89,122.26,1.0
6482,234,31,2734,468,925.88,85.21,1.0
6483,295,12,2795,590,925.87,139.41,1.0
6484,209,43,2709,418,925.81,81.45,1.0
6485,238,42,2738,476,925.8,82.43,1.0
6486,26,26,2526,52,925.77,64.09,1.0
6487,209,42,2709,418,925.76,81.81,1.0
6488,238,41,2738,476,925.73,82.61,1.0
6489,10,9,2510,20,925.72,73.3,1.0
6490,149,11,2649,298,925.68,107.16,1.0
6491,232,41,2732,464,925.61,85.19,1.0
6492,186,29,2686,372,925.59,80.59,1.0
6493,255,11,2755,510,925.54,133.38,1.0
6494,209,31,2709,418,925.53,81.98,1.0
6495,234,35,2734,468,925.53,86.23,1.0
6496,238,31,2738,476,925.5,81.96,1.0
6497,95,10,2595,190,925.48,100.69,1.0
6498,209,38,2709,418,925.47,81.17,1.0
6499,238,35,2738,476,925.4,82.4,1.0
6500,209,37,2709,418,925.38,81.03,1.0
6501,238,33,2738,476,925.33,82.13,1.0
6502,288,49,2788,576,925.32,88.55,1.0
6503,234,43,2734,468,925.31,86.58,1.0
6504,50,26,2550,100,925.29,68.67,1.0
6505,203,11,2703,406,925.27,121.06,1.0
6506,193,11,2693,386,925.26,118.01,1.0
6507,197,29,2697,394,925.25,83.96,1.0
6508,89,27,2589,178,925.24,73.14,1.0
6509,219,11,2719,438,925.24,124.22,1.0
6510,209,39,2709,418,925.15,81.94,1.0
6511,111,10,2611,222,925.11,103.65,1.0
6512,126,28,2626,252,925.05,73.54,1.0
6513,131,10,2631,262,925.05,104.95,1.0
6514,232,43,2732,464,925.04,86.31,1.0
6515,92,27,2592,184,925.01,71.24,1.0
6516,202,11,2702,404,924.9,120.52,1.0
6517,234,32,2734,468,924.89,85.39,1.0
6518,260,46,2760,520,924.82,89.05,1.0
6519,33,26,2533,66,924.81,65.19,1.0
6520,158,29,2658,316,924.81,79.82,1.0
6521,228,45,2728,456,924.8,82.21,1.0
6522,232,42,2732,464,924.78,85.82,1.0
6523,232,39,2732,464,924.76,86.1,1.0
6524,194,29,2694,388,924.74,80.03,1.0
6525,78,9,2578,156,924.69,100.51,1.0
6526,232,38,2732,464,924.68,85.55,1.0
6527,299,49,2799,598,924.67,92.47,1.0
6528,286,48,2786,572,924.66,92.1,1.0
6529,21,26,2521,42,924.63,64.96,1.0
6530,108,10,2608,216,924.58,99.92,1.0
6531,6,9,2506,12,924.51,72.23,1.0
6532,279,47,2779,558,924.5,92.41,1.0
6533,41,9,2541,82,924.47,86.05,1.0
6534,232,44,2732,464,924.47,85.52,1.0
6535,262,12,2762,524,924.41,131.65,1.0
6536,263,47,2763,526,924.41,91.33,1.0
6537,278,12,2778,556,924.35,132.83,1.0
6538,230,45,2730,460,924.32,83.7,1.0
6539,232,35,2732,464,924.3,85.89,1.0
6540,121,10,2621,242,924.28,109.51,1.0
6541,133,10,2633,266,924.26,108.79,1.0
6542,275,48,2775,550,924.21,91.67,1.0
6543,78,27,2578,156,924.18,71.83,1.0
6544,278,47,2778,556,924.16,92.16,1.0
6545,105,10,2605,210,924.14,101.25,1.0
6546,90,10,2590,180,924.13,101.05,1.0
6547,90,27,2590,180,924.11,73.01,1.0
6548,189,29,2689,378,924.11,82.33,1.0
6549,253,45,2753,506,924.11,90.37,1.0
6550,25,26,2525,50,924.1,65.08,1.0
6551,229,11,2729,458,923.93,125.72,1.0
6552,292,47,2792,584,923.93,96.67,1.0
6553,244,43,2744,488,923.91,84.09,1.0
6554,232,36,2732,464,923.9,85.91,1.0
6555,250,12,2750,500,923.89,129.1,1.0
6556,244,32,2744,488,923.84,84.27,1.0
6557,29,26,2529,58,923.8,63.74,1.0
6558,232,37,2732,464,923.79,85.57,1.0
6559,80,10,2580,160,923.76,95.64,1.0
6560,232,32,2732,464,923.76,85.6,1.0
6561,232,30,2732,464,923.71,85.58,1.0
6562,176,29,2676,352,923.63,78.78,1.0
6563,27,9,2527,54,923.62,80.35,1.0
6564,232,34,2732,464,923.61,85.62,1.0
6565,190,11,2690,380,923.58,115.26,1.0
6566,237,46,2737,474,923.57,86.96,1.0
6567,232,40,2732,464,923.52,86.12,1.0
6568,192,29,2692,384,923.51,83.39,1.0
6569,241,11,2741,482,923.49,127.85,1.0
6570,272,46,2772,544,923.49,91.03,1.0
6571,218,41,2718,436,923.46,81.88,1.0
6572,239,45,2739,478,923.43,86.44,1.0
6573,244,39,2744,488,923.42,83.48,1.0
6574,232,31,2732,464,923.41,85.56,1.0
6575,269,47,2769,538,923.39,89.86,1.0
6576,158,10,2658,316,923.38,115.56,1.0
6577,258,45,2758,516,923.37,89.32,1.0
6578,22,9,2522,44,923.26,80.46,1.0
6579,249,46,2749,498,923.25,86.9,1.0
6580,244,35,2744,488,923.22,84.34,1.0
6581,287,12,2787,574,923.2,135.41,1.0
6582,181,29,2681,362,923.16,77.43,1.0
6583,172,29,2672,344,923.13,80.26,1.0
6584,65,9,2565,130,923.11,91.74,1.0
6585,217,12,2717,434,923.1,124.12,1.0
6586,218,42,2718,436,923.09,81.9,1.0
6587,30,26,2530,60,923.08,64.84,1.0
6588,168,29,2668,336,923.07,78.49,1.0
6589,244,37,2744,488,923.07,83.95,1.0
6590,266,47,2766,532,923.04,90.16,1.0
6591,244,34,2744,488,923.02,84.36,1.0
6592,244,36,2744,488,922.99,84.04,1.0
6593,237,11,2737,474,922.98,129.21,1.0
6594,218,35,2718,436,922.96,81.48,1.0
6595,267,46,2767,534,922.94,89.41,1.0
6596,218,43,2718,436,922.91,81.93,1.0
6597,277,46,2777,554,922.9,91.46,1.0
6598,244,41,2744,488,922.86,84.16,1.0
6599,114,10,2614,228,922.83,102.63,1.0
6600,233,45,2733,466,922.83,82.28,1.0
6601,140,28,2640,280,922.81,78.18,1.0
6602,244,42,2744,488,922.77,84.69,1.0
6603,218,32,2718,436,922.74,82.01,1.0
6604,87,10,2587,174,922.73,99.25,1.0
6605,244,40,2744,488,922.73,83.76,1.0
6606,218,38,2718,436,922.72,81.24,1.0
6607,30,9,2530,60,922.7,81.67,1.0
6608,200,11,2700,400,922.7,117.1,1.0
6609,271,48,2771,542,922.68,92.16,1.0
6610,218,31,2718,436,922.67,82.03,1.0
6611,167,29,2667,334,922.66,79.25,1.0
6612,218,39,2718,436,922.65,81.48,1.0
6613,173,29,2673,346,922.61,77.89,1.0
6614,244,31,2744,488,922.61,84.47,1.0
6615,244,38,2744,488,922.6,83.83,1.0
6616,221,45,2721,442,922.55,85.07,1.0
6617,79,9,2579,158,922.53,97.73,1.0
6618,244,44,2744,488,922.47,83.8,1.0
6619,183,11,2683,366,922.46,119.4,1.0
6620,38,26,2538,76,922.45,68.05,1.0
6621,244,33,2744,488,922.45,84.38,1.0
6622,246,45,2746,492,922.36,85.63,1.0
6623,218,44,2718,436,922.29,82.3,1.0
6624,16,9,2516,32,922.27,80.26,1.0
6625,244,30,2744,488,922.27,84.18,1.0
6626,227,39,2727,454,922.2,85.69,1.0
6627,295,49,2795,590,922.2,95.86,1.0
6628,227,30,2727,454,922.19,85.26,1.0
6629,227,31,2727,454,922.16,84.73,1.0
6630,218,40,2718,436,922.13,80.9,1.0
6631,20,9,2520,40,922.07,80.62,1.0
6632,218,30,2718,436,922.04,81.08,1.0
6633,248,45,2748,496,921.98,87.34,1.0
6634,218,33,2718,436,921.97,82.46,1.0
6635,218,34,2718,436,921.92,81.45,1.0
6636,218,37,2718,436,921.91,81.32,1.0
6637,227,43,2727,454,921.81,85.47,1.0
6638,264,47,2764,528,921.78,89.03,1.0
6639,284,47,2784,568,921.78,92.66,1.0
6640,227,40,2727,454,921.77,84.85,1.0
6641,38,9,2538,76,921.75,86.74,1.0
6642,227,37,2727,454,921.75,85.23,1.0
6643,223,11,2723,446,921.72,122.07,1.0
6644,106,10,2606,212,921.71,102.41,1.0
6645,178,29,2678,356,921.7,81.06,1.0
6646,14,26,2514,28,921.62,64.3,1.0
6647,149,28,2649,298,921.59,76.49,1.0
6648,231,11,2731,462,921.58,124.53,1.0
6649,227,35,2727,454,921.58,85.3,1.0
6650,227,44,2727,454,921.57,85.02,1.0
6651,218,36,2718,436,921.53,81.8,1.0
6652,132,28,2632,264,921.51,77.55,1.0
6653,181,11,2681,362,921.5,116.42,1.0
6654,226,45,2726,452,921.45,83.55,1.0
6655,289,48,2789,578,921.44,91.28,1.0
6656,227,41,2727,454,921.35,84.54,1.0
6657,62,9,2562,124,921.34,91.49,1.0
6658,220,11,2720,440,921.33,126.7,1.0
6659,136,10,2636,272,921.29,106.86,1.0
6660,227,32,2727,454,921.23,85.57,1.0
6661,37,9,2537,74,921.22,82.03,1.0
6662,205,40,2705,410,921.2,80.78,1.0
6663,227,42,2727,454,921.14,85.03,1.0
6664,293,48,2793,586,921.12,91.21,1.0
6665,254,46,2754,508,921.11,90.5,1.0
6666,227,38,2727,454,921.09,85.17,1.0
6667,268,46,2768,536,921.07,90.45,1.0
6668,227,33,2727,454,921.04,85.5,1.0
6669,48,9,2548,96,920.93,85.64,1.0
6670,148,10,2648,296,920.9,109.06,1.0
6671,205,36,2705,410,920.89,81.27,1.0
6672,227,34,2727,454,920.88,85.16,1.0
6673,194,11,2694,388,920.84,114.15,1.0
6674,31,26,2531,62,920.82,65.31,1.0
6675,280,47,2780,560,920.75,92.33,1.0
6676,240,46,2740,480,920.74,87.75,1.0
6677,146,28,2646,292,920.66,78.96,1.0
6678,39,9,2539,78,920.65,85.89,1.0
6679,273,48,2773,546,920.65,92.39,1.0
6680,28,26,2528,56,920.64,66.3,1.0
6681,297,47,2797,594,920.61,98.31,1.0
6682,185,29,2685,370,920.58,79.44,1.0
6683,252,45,2752,504,920.54,89.35,1.0
6684,285,47,2785,570,920.53,91.27,1.0
6685,177,29,2677,354,920.44,79.86,1.0
6686,242,45,2742,484,920.41,83.81,1.0
6687,209,45,2709,418,920.38,82.76,1.0
6688,283,47,2783,566,920.38,96.66,1.0
6689,205,43,2705,410,920.37,80.96,1.0
6690,195,29,2695,390,920.35,81.53,1.0
6691,231,45,2731,462,920.35,81.39,1.0
6692,88,27,2588,176,920.3,71.04,1.0
6693,122,10,2622,244,920.29,104.6,1.0
6694,235,43,2735,470,920.29,85.73,1.0
6695,274,48,2774,548,920.29,92.35,1.0
6696,161,29,2661,322,920.26,76.78,1.0
6697,251,46,2751,502,920.24,86.47,1.0
6698,227,36,2727,454,920.23,84.81,1.0
6699,205,39,2705,410,920.22,81.2,1.0
6700,205,30,2705,410,920.21,81.26,1.0
6701,262,47,2762,524,920.21,90.07,1.0
6702,180,29,2680,360,920.18,79.54,1.0
6703,219,38,2719,438,920.16,83.16,1.0
6704,208,11,2708,416,920.15,120.96,1.0
6705,120,10,2620,240,920.12,105.11,1.0
6706,198,11,2698,396,920.09,119.83,1.0
6707,244,12,2744,488,920.09,128.08,1.0
6708,205,44,2705,410,920.07,81.34,1.0
6709,294,49,2794,588,920.07,96.48,1.0
6710,216,12,2716,432,920.03,123.65,1.0
6711,205,35,2705,410,920.01,80.76,1.0
6712,110,10,2610,220,919.99,100.21,1.0
6713,276,47,2776,552,919.99,95.08,1.0
6714,205,42,2705,410,919.98,80.65,1.0
6715,205,37,2705,410,919.97,81.46,1.0
6716,234,45,2734,468,919.94,85.94,1.0
6717,238,45,2738,476,919.93,82.97,1.0
6718,205,38,2705,410,919.92,80.82,1.0
6719,212,11,2712,424,919.9,123.34,1.0
6720,128,28,2628,256,919.89,74.93,1.0
6721,205,33,2705,410,919.88,81.52,1.0
6722,255,47,2755,510,919.73,91.31,1.0
6723,235,36,2735,470,919.69,86.15,1.0
6724,254,11,2754,508,919.69,134.15,1.0
6725,205,34,2705,410,919.66,82.02,1.0
6726,284,12,2784,568,919.64,137.13,1.0
6727,257,48,2757,514,919.62,89.64,1.0
6728,87,27,2587,174,919.6,74.66,1.0
6729,8,9,2508,16,919.59,78.55,1.0
6730,265,12,2765,530,919.59,125.48,1.0
6731,235,35,2735,470,919.57,86.44,1.0
6732,205,32,2705,410,919.56,81.89,1.0
6733,298,49,2798,596,919.56,97.32,1.0
6734,219,42,2719,438,919.52,83.44,1.0
6735,261,12,2761,522,919.52,130.14,1.0
6736,235,33,2735,470,919.46,85.98,1.0
6737,29,9,2529,58,919.45,82.64,1.0
6738,205,41,2705,410,919.44,80.99,1.0
6739,40,9,2540,80,919.43,84.34,1.0
6740,235,34,2735,470,919.43,85.47,1.0
6741,246,11,2746,492,919.43,126.86,1.0
6742,80,27,2580,160,919.39,71.59,1.0
6743,102,10,2602,204,919.31,101.23,1.0
6744,241,46,2741,482,919.3,85.49,1.0
6745,235,32,2735,470,919.28,86.16,1.0
6746,222,32,2722,444,919.27,80.82,1.0
6747,235,41,2735,470,919.27,85.67,1.0
6748,300,49,2800,600,919.23,98.3,1.0
6749,219,44,2719,438,919.22,82.45,1.0
6750,247,47,2747,494,919.22,86.32,1.0
6751,219,36,2719,438,919.21,82.42,1.0
6752,235,30,2735,470,919.17,85.29,1.0
6753,219,35,2719,438,919.15,82.97,1.0
6754,32,26,2532,64,919.13,67.4,1.0
6755,291,49,2791,582,919.13,96.05,1.0
6756,235,40,2735,470,919.12,86.41,1.0
6757,235,39,2735,470,919.11,85.87,1.0
6758,81,10,2581,162,919.08,93.38,1.0
6759,219,31,2719,438,919.06,82.84,1.0
6760,235,44,2735,470,919.06,85.83,1.0
6761,55,9,2555,110,919.04,91.28,1.0
6762,137,28,2637,274,919.03,79.16,1.0
6763,219,33,2719,438,919.02,83.36,1.0
6764,236,46,2736,472,918.99,86.0,1.0
6765,136,28,2636,272,918.98,77.95,1.0
6766,277,12,2777,554,918.98,133.41,1.0
6767,219,34,2719,438,918.97,82.66,1.0
6768,225,32,2725,450,918.94,83.37,1.0
6769,249,11,2749,498,918.93,128.79,1.0
6770,205,31,2705,410,918.91,82.07,1.0
6771,225,41,2725,450,918.91,83.1,1.0
6772,235,38,2735,470,918.91,86.56,1.0
6773,250,46,2750,500,918.91,87.46,1.0
6774,137,10,2637,274,918.89,110.88,1.0
6775,270,46,2770,540,918.88,91.15,1.0
6776,225,44,2725,450,918.83,83.16,1.0
6777,219,37,2719,438,918.8,83.11,1.0
6778,219,40,2719,438,918.8,82.51,1.0
6779,219,43,2719,438,918.78,83.02,1.0
6780,276,12,2776,552,918.72,133.03,1.0
6781,237,47,2737,474,918.65,87.79,1.0
6782,235,42,2735,470,918.65,86.56,1.0
6783,225,36,2725,450,918.61,83.21,1.0
6784,222,38,2722,444,918.6,80.99,1.0
6785,223,32,2723,446,918.53,83.87,1.0
6786,222,40,2722,444,918.52,79.99,1.0
6787,225,37,2725,450,918.52,82.43,1.0
6788,223,41,2723,446,918.49,83.87,1.0
6789,68,27,2568,136,918.47,68.17,1.0
6790,222,35,2722,444,918.47,79.88,1.0
6791,82,10,2582,164,918.45,94.53,1.0
6792,223,33,2723,446,918.44,84.44,1.0
6793,225,38,2725,450,918.44,82.42,1.0
6794,219,30,2719,438,918.42,82.64,1.0
6795,253,46,2753,506,918.42,90.61,1.0
6796,222,36,2722,444,918.41,80.43,1.0
6797,245,46,2745,490,918.4,87.32,1.0
6798,213,11,2713,426,918.35,122.79,1.0
6799,225,30,2725,450,918.35,83.18,1.0
6800,235,31,2735,470,918.35,86.45,1.0
6801,259,46,2759,518,918.35,90.11,1.0
6802,219,32,2719,438,918.34,82.59,1.0
6803,222,33,2722,444,918.34,80.63,1.0
6804,222,43,2722,444,918.33,79.87,1.0
6805,222,44,2722,444,918.32,80.06,1.0
6806,225,39,2725,450,918.31,82.81,1.0
6807,258,46,2758,516,918.31,90.25,1.0
6808,219,41,2719,438,918.27,82.73,1.0
6809,225,33,2725,450,918.27,83.75,1.0
6810,223,44,2723,446,918.26,84.02,1.0
6811,222,37,2722,444,918.22,81.11,1.0
6812,290,47,2790,580,918.22,93.59,1.0
6813,222,34,2722,444,918.21,80.77,1.0
6814,225,31,2725,450,918.21,83.33,1.0
6815,112,10,2612,224,918.2,104.99,1.0
6816,223,35,2723,446,918.15,83.7,1.0
6817,225,43,2725,450,918.13,82.83,1.0
6818,235,37,2735,470,918.13,86.67,1.0
6819,287,48,2787,574,918.13,93.09,1.0
6820,225,42,2725,450,918.12,82.96,1.0
6821,74,27,2574,148,918.11,71.27,1.0
6822,79,27,2579,158,918.11,73.17,1.0
6823,261,46,2761,522,918.11,86.1,1.0
6824,1,26,2501,2,918.1,61.52,1.0
6825,222,41,2722,444,918.1,80.16,1.0
6826,225,35,2725,450,918.06,82.71,1.0
6827,166,29,2666,332,918.05,78.34,1.0
6828,222,39,2722,444,917.95,80.01,1.0
6829,296,50,2796,592,917.94,93.34,1.0
6830,223,38,2723,446,917.81,83.95,1.0
6831,24,26,2524,48,917.79,66.89,1.0
6832,219,39,2719,438,917.78,82.53,1.0
6833,223,31,2723,446,917.74,83.97,1.0
6834,121,28,2621,242,917.73,74.79,1.0
6835,223,30,2723,446,917.73,83.16,1.0
6836,282,48,2782,564,917.73,91.88,1.0
6837,223,34,2723,446,917.67,83.39,1.0
6838,125,10,2625,250,917.62,103.64,1.0
6839,222,30,2722,444,917.61,80.04,1.0
6840,223,37,2723,446,917.59,84.32,1.0
6841,223,43,2723,446,917.59,83.87,1.0
6842,185,11,2685,370,917.55,117.8,1.0
6843,164,11,2664,328,917.54,113.96,1.0
6844,225,34,2725,450,917.49,84.43,1.0
6845,222,31,2722,444,917.48,80.53,1.0
6846,232,45,2732,464,917.48,86.55,1.0
6847,103,28,2603,206,917.45,73.53,1.0
6848,196,11,2696,392,917.44,118.17,1.0
6849,230,46,2730,460,917.44,85.23,1.0
6850,229,46,2729,458,917.42,85.13,1.0
6851,285,12,2785,570,917.39,134.35,1.0
6852,222,42,2722,444,917.32,80.12,1.0
6853,257,11,2757,514,917.32,130.0,1.0
6854,39,26,2539,78,917.29,68.63,1.0
6855,35,9,2535,70,917.27,85.64,1.0
6856,218,45,2718,436,917.25,82.94,1.0
6857,225,40,2725,450,917.19,83.29,1.0
6858,263,48,2763,526,917.18,93.03,1.0
6859,265,46,2765,530,917.12,89.12,1.0
6860,191,29,2691,382,917.08,85.42,1.0
6861,247,11,2747,494,917.04,128.81,1.0
6862,119,28,2619,238,916.95,75.63,1.0
6863,225,11,2725,450,916.92,123.55,1.0
6864,223,36,2723,446,916.86,84.05,1.0
6865,282,12,2782,564,916.84,132.67,1.0
6866,211,41,2711,422,916.79,81.45,1.0
6867,22,26,2522,44,916.77,65.69,1.0
6868,249,47,2749,498,916.67,87.32,1.0
6869,174,29,2674,348,916.65,78.09,1.0
6870,170,10,2670,340,916.64,116.42,1.0
6871,223,39,2723,446,916.6,84.13,1.0
6872,60,9,2560,120,916.56,88.63,1.0
6873,288,50,2788,576,916.55,90.01,1.0
6874,256,47,2756,512,916.5,92.55,1.0
6875,223,40,2723,446,916.48,83.72,1.0
6876,211,33,2711,422,916.46,80.61,1.0
6877,132,10,2632,264,916.41,106.46,1.0
6878,205,10,2705,410,916.41,122.04,1.0
6879,18,26,2518,36,916.4,65.29,1.0
6880,56,9,2556,112,916.4,88.19,1.0
6881,161,10,2661,322,916.34,112.29,1.0
6882,277,47,2777,554,916.33,93.46,1.0
6883,223,42,2723,446,916.32,84.3,1.0
6884,228,46,2728,456,916.31,83.36,1.0
6885,51,9,2551,102,916.3,89.51,1.0
6886,211,36,2711,422,916.3,81.76,1.0
6887,211,38,2711,422,916.29,81.29,1.0
6888,134,28,2634,268,916.24,75.11,1.0
6889,211,44,2711,422,916.24,81.07,1.0
6890,73,27,2573,146,916.19,70.5,1.0
6891,211,42,2711,422,916.17,81.16,1.0
6892,163,29,2663,326,916.16,80.11,1.0
6893,211,37,2711,422,916.16,80.78,1.0
6894,211,35,2711,422,916.12,81.56,1.0
6895,211,31,2711,422,916.11,80.47,1.0
6896,279,48,2779,558,916.09,93.02,1.0
6897,211,34,2711,422,916.03,80.36,1.0
6898,211,30,2711,422,916.0,80.74,1.0
6899,269,48,2769,538,916.0,90.82,1.0
6900,211,32,2711,422,915.99,80.98,1.0
6901,212,40,2712,424,915.97,80.55,1.0
6902,152,10,2652,304,915.96,112.68,1.0
6903,256,11,2756,512,915.93,130.24,1.0
6904,244,45,2744,488,915.92,85.05,1.0
6905,211,39,2711,422,915.9,81.03,1.0
6906,281,49,2781,562,915.84,94.91,1.0
6907,63,9,2563,126,915.76,96.02,1.0
6908,19,26,2519,38,915.75,64.4,1.0
6909,292,12,2792,584,915.74,138.77,1.0
6910,127,10,2627,254,915.71,106.78,1.0
6911,263,11,2763,526,915.71,136.83,1.0
6912,138,10,2638,276,915.69,112.01,1.0
6913,212,31,2712,424,915.68,81.17,1.0
6914,212,34,2712,424,915.67,80.02,1.0
6915,211,43,2711,422,915.62,81.62,1.0
6916,47,27,2547,94,915.54,69.18,1.0
6917,260,47,2760,520,915.46,90.32,1.0
6918,53,9,2553,106,915.45,90.48,1.0
6919,228,11,2728,456,915.44,126.24,1.0
6920,205,45,2705,410,915.41,81.62,1.0
6921,211,40,2711,422,915.36,80.77,1.0
6922,299,50,2799,598,915.35,93.22,1.0
6923,248,46,2748,496,915.34,87.6,1.0
6924,212,37,2712,424,915.33,80.63,1.0
6925,109,10,2609,218,915.32,104.19,1.0
6926,212,35,2712,424,915.25,81.03,1.0
6927,212,33,2712,424,915.21,80.45,1.0
6928,239,46,2739,478,915.21,87.33,1.0
6929,165,10,2665,330,915.19,115.8,1.0
6930,234,11,2734,468,915.18,127.0,1.0
6931,27,26,2527,54,915.1,63.62,1.0
6932,75,9,2575,150,915.09,98.78,1.0
6933,165,29,2665,330,915.05,76.12,1.0
6934,212,30,2712,424,915.04,80.47,1.0
6935,49,9,2549,98,915.03,88.65,1.0
6936,7,8,2507,14,915.0,76.42,1.0
6937,212,39,2712,424,914.94,80.49,1.0
6938,135,10,2635,270,914.93,111.49,1.0
6939,212,42,2712,424,914.9,80.84,1.0
6940,15,26,2515,30,914.87,62.26,1.0
6941,215,41,2715,430,914.87,84.41,1.0
6942,292,48,2792,584,914.84,96.56,1.0
6943,81,27,2581,162,914.81,71.66,1.0
6944,212,36,2712,424,914.79,80.62,1.0
6945,212,38,2712,424,914.78,80.3,1.0
6946,221,46,2721,442,914.77,85.81,1.0
6947,48,27,2548,96,914.75,68.69,1.0
6948,50,9,2550,100,914.73,90.37,1.0
6949,12,26,2512,24,914.71,63.22,1.0
6950,212,32,2712,424,914.71,80.65,1.0
6951,215,40,2715,430,914.68,84.66,1.0
6952,212,43,2712,424,914.65,80.39,1.0
6953,128,10,2628,256,914.6,107.21,1.0
6954,278,48,2778,556,914.55,93.11,1.0
6955,151,10,2651,302,914.54,111.5,1.0
6956,118,10,2618,236,914.51,103.46,1.0
6957,166,10,2666,332,914.41,111.61,1.0
6958,17,26,2517,34,914.39,64.55,1.0
6959,1,8,2501,2,914.39,74.2,1.0
6960,172,10,2672,344,914.38,121.27,1.0
6961,118,28,2618,236,914.33,75.02,1.0
6962,215,30,2715,430,914.29,84.16,1.0
6963,62,27,2562,124,914.26,71.72,1.0
6964,232,11,2732,464,914.26,126.79,1.0
6965,141,10,2641,282,914.23,107.93,1.0
6966,233,46,2733,466,914.2,82.97,1.0
6967,94,9,2594,188,914.15,101.57,1.0
6968,269,11,2769,538,914.15,133.36,1.0
6969,127,28,2627,254,914.1,77.64,1.0
6970,212,41,2712,424,914.1,79.58,1.0
6971,7,26,2507,14,914.08,62.68,1.0
6972,213,40,2713,426,914.06,81.89,1.0
6973,212,44,2712,424,914.03,80.24,1.0
6974,215,44,2715,430,914.03,85.13,1.0
6975,150,10,2650,300,914.0,111.26,1.0
6976,215,37,2715,430,913.98,83.9,1.0
6977,215,33,2715,430,913.97,83.93,1.0
6978,215,39,2715,430,913.97,85.1,1.0
6979,124,9,2624,248,913.96,108.08,1.0
6980,183,29,2683,366,913.96,82.54,1.0
6981,204,11,2704,408,913.93,121.06,1.0
6982,214,11,2714,428,913.89,122.22,1.0
6983,231,46,2731,462,913.89,82.6,1.0
6984,272,47,2772,544,913.88,91.63,1.0
6985,20,26,2520,40,913.86,64.56,1.0
6986,207,35,2707,414,913.84,81.45,1.0
6987,162,10,2662,324,913.76,115.65,1.0
6988,207,33,2707,414,913.76,80.7,1.0
6989,207,43,2707,414,913.73,81.81,1.0
6990,84,27,2584,168,913.71,72.68,1.0
6991,207,32,2707,414,913.67,81.42,1.0
6992,175,29,2675,350,913.66,82.36,1.0
6993,203,42,2703,406,913.63,80.04,1.0
6994,251,47,2751,502,913.63,87.02,1.0
6995,275,49,2775,550,913.61,93.24,1.0
6996,246,46,2746,492,913.59,86.59,1.0
6997,286,49,2786,572,913.59,93.56,1.0
6998,203,33,2703,406,913.51,80.28,1.0
6999,213,34,2713,426,913.48,81.17,1.0
7000,207,40,2707,414,913.46,81.01,1.0
7001,168,10,2668,336,913.44,113.75,1.0
7002,213,31,2713,426,913.41,82.23,1.0
7003,117,10,2617,234,913.4,108.1,1.0
7004,215,36,2715,430,913.38,84.47,1.0
7005,11,26,2511,22,913.37,65.24,1.0
7006,293,12,2793,586,913.36,133.17,1.0
7007,207,37,2707,414,913.32,80.91,1.0
7008,207,41,2707,414,913.32,81.6,1.0
7009,207,44,2707,414,913.32,81.86,1.0
7010,213,41,2713,426,913.31,82.18,1.0
7011,154,10,2654,308,913.29,113.78,1.0
7012,203,31,2703,406,913.28,80.83,1.0
7013,213,32,2713,426,913.28,82.24,1.0
7014,69,27,2569,138,913.27,70.52,1.0
7015,207,36,2707,414,913.27,82.21,1.0
7016,213,30,2713,426,913.27,81.24,1.0
7017,268,47,2768,536,913.25,91.77,1.0
7018,213,38,2713,426,913.24,82.23,1.0
7019,215,42,2715,430,913.23,84.55,1.0
7020,167,10,2667,334,913.2,116.73,1.0
7021,67,27,2567,134,913.18,68.69,1.0
7022,203,37,2703,406,913.1,80.14,1.0
7023,213,43,2713,426,913.07,81.74,1.0
7024,213,36,2713,426,913.03,82.17,1.0
7025,215,34,2715,430,913.03,85.35,1.0
7026,235,45,2735,470,913.03,86.83,1.0
7027,215,43,2715,430,913.01,83.79,1.0
7028,203,36,2703,406,912.96,80.26,1.0
7029,209,46,2709,418,912.96,83.16,1.0
7030,207,38,2707,414,912.94,82.3,1.0
7031,207,31,2707,414,912.91,81.56,1.0
7032,213,44,2713,426,912.89,81.93,1.0
7033,203,34,2703,406,912.87,80.65,1.0
7034,203,43,2703,406,912.86,79.92,1.0
7035,215,35,2715,430,912.86,84.45,1.0
7036,68,9,2568,136,912.85,89.41,1.0
7037,203,39,2703,406,912.85,80.4,1.0
7038,203,41,2703,406,912.85,80.08,1.0
7039,207,42,2707,414,912.85,81.71,1.0
7040,266,48,2766,532,912.85,91.44,1.0
7041,207,34,2707,414,912.83,82.1,1.0
7042,215,38,2715,430,912.83,84.54,1.0
7043,69,9,2569,138,912.81,96.36,1.0
7044,207,39,2707,414,912.76,82.36,1.0
7045,61,9,2561,122,912.75,91.45,1.0
7046,213,42,2713,426,912.75,81.44,1.0
7047,215,32,2715,430,912.73,84.63,1.0
7048,264,48,2764,528,912.71,90.56,1.0
7049,297,48,2797,594,912.66,99.1,1.0
7050,52,27,2552,104,912.65,67.58,1.0
7051,207,30,2707,414,912.63,81.35,1.0
7052,223,45,2723,446,912.62,84.66,1.0
7053,203,44,2703,406,912.61,79.87,1.0
7054,157,10,2657,314,912.6,117.92,1.0
7055,203,38,2703,406,912.57,80.52,1.0
7056,209,10,2709,418,912.56,122.93,1.0
7057,267,47,2767,534,912.55,90.49,1.0
7058,83,9,2583,166,912.53,94.49,1.0
7059,222,45,2722,444,912.51,81.3,1.0
7060,227,45,2727,454,912.51,86.35,1.0
7061,130,28,2630,260,912.46,75.82,1.0
7062,163,10,2663,326,912.41,113.2,1.0
7063,213,37,2713,426,912.4,81.92,1.0
7064,203,32,2703,406,912.38,80.79,1.0
7065,226,46,2726,452,912.38,84.43,1.0
7066,203,40,2703,406,912.29,80.16,1.0
7067,260,11,2760,520,912.25,128.49,1.0
7068,201,11,2701,402,912.22,120.51,1.0
7069,134,10,2634,268,912.2,107.84,1.0
7070,215,31,2715,430,912.16,83.85,1.0
7071,213,39,2713,426,912.14,82.33,1.0
7072,213,35,2713,426,912.07,81.55,1.0
7073,46,27,2546,92,912.05,67.79,1.0
7074,276,48,2776,552,912.04,96.25,1.0
7075,270,12,2770,540,912.03,134.66,1.0
7076,295,50,2795,590,912.03,97.68,1.0
7077,5,26,2505,10,912.02,63.54,1.0
7078,213,33,2713,426,912.01,81.34,1.0
7079,203,35,2703,406,911.92,80.81,1.0
7080,262,48,2762,524,911.88,90.96,1.0
7081,240,47,2740,480,911.87,88.27,1.0
7082,238,46,2738,476,911.85,82.83,1.0
7083,251,11,2751,502,911.84,128.47,1.0
7084,284,48,2784,568,911.84,94.15,1.0
7085,53,27,2553,106,911.82,67.44,1.0
7086,293,49,2793,586,911.81,93.83,1.0
7087,104,28,2604,208,911.76,74.94,1.0
7088,203,30,2703,406,911.76,79.86,1.0
7089,72,27,2572,144,911.74,68.48,1.0
7090,236,47,2736,472,911.73,87.33,1.0
7091,45,9,2545,90,911.71,86.12,1.0
7092,258,47,2758,516,911.67,90.82,1.0
7093,210,32,2710,420,911.64,81.57,1.0
7094,112,28,2612,224,911.6,74.43,1.0
7095,250,47,2750,500,911.58,88.91,1.0
7096,255,48,2755,510,911.57,92.93,1.0
7097,159,10,2659,318,911.49,116.46,1.0
7098,96,9,2596,192,911.48,100.9,1.0
7099,283,48,2783,566,911.46,96.72,1.0
7100,77,9,2577,154,911.43,98.15,1.0
7101,157,29,2657,314,911.41,79.02,1.0
7102,253,47,2753,506,911.41,92.51,1.0
7103,109,28,2609,218,911.38,75.54,1.0
7104,229,47,2729,458,911.37,85.61,1.0
7105,252,46,2752,504,911.32,90.57,1.0
7106,300,50,2800,600,911.29,100.37,1.0
7107,270,47,2770,540,911.29,92.14,1.0
7108,271,11,2771,542,911.29,138.19,1.0
7109,210,43,2710,420,911.26,81.77,1.0
7110,243,12,2743,486,911.25,128.2,1.0
7111,247,48,2747,494,911.18,87.24,1.0
7112,242,46,2742,484,911.17,84.52,1.0
7113,171,29,2671,342,911.05,81.94,1.0
7114,218,46,2718,436,911.0,82.98,1.0
7115,195,11,2695,390,910.98,117.87,1.0
7116,259,47,2759,518,910.94,90.71,1.0
7117,245,47,2745,490,910.83,88.42,1.0
7118,210,42,2710,420,910.77,82.05,1.0
7119,286,11,2786,572,910.73,139.28,1.0
7120,210,40,2710,420,910.7,82.25,1.0
7121,234,46,2734,468,910.69,87.68,1.0
7122,210,44,2710,420,910.63,81.94,1.0
7123,210,38,2710,420,910.62,81.76,1.0
7124,285,48,2785,570,910.62,92.24,1.0
7125,152,29,2652,304,910.61,78.08,1.0
7126,159,29,2659,318,910.6,79.39,1.0
7127,9,26,2509,18,910.59,64.31,1.0
7128,160,10,2660,320,910.56,111.6,1.0
7129,210,35,2710,420,910.54,82.12,1.0
7130,271,49,2771,542,910.54,94.12,1.0
7131,210,30,2710,420,910.53,81.7,1.0
7132,61,27,2561,122,910.51,68.79,1.0
7133,258,11,2758,516,910.48,135.26,1.0
7134,111,28,2611,222,910.47,75.72,1.0
7135,210,33,2710,420,910.43,81.67,1.0
7136,139,10,2639,278,910.39,108.96,1.0
7137,191,11,2691,382,910.36,120.8,1.0
7138,272,12,2772,544,910.35,131.87,1.0
7139,54,9,2554,108,910.31,92.14,1.0
7140,210,36,2710,420,910.31,81.98,1.0
7141,76,27,2576,152,910.25,70.3,1.0
7142,235,11,2735,470,910.24,131.41,1.0
7143,211,10,2711,422,910.21,121.13,1.0
7144,204,31,2704,408,910.2,81.72,1.0
7145,204,40,2704,408,910.15,82.34,1.0
7146,273,49,2773,546,910.14,94.45,1.0
7147,210,39,2710,420,910.07,81.73,1.0
7148,289,49,2789,578,910.06,92.47,1.0
7149,71,9,2571,142,910.05,98.24,1.0
7150,110,28,2610,220,910.05,74.74,1.0
7151,97,9,2597,194,909.98,99.47,1.0
7152,204,41,2704,408,909.98,82.58,1.0
7153,210,31,2710,420,909.96,80.81,1.0
7154,210,41,2710,420,909.96,80.9,1.0
7155,254,47,2754,508,909.89,90.76,1.0
7156,204,34,2704,408,909.88,81.99,1.0
7157,225,45,2725,450,909.88,83.94,1.0
7158,274,49,2774,548,909.87,93.63,1.0
7159,290,48,2790,580,909.87,94.95,1.0
7160,204,35,2704,408,909.81,82.83,1.0
7161,204,39,2704,408,909.79,82.96,1.0
7162,230,47,2730,460,909.79,85.83,1.0
7163,82,27,2582,164,909.77,71.46,1.0
7164,210,34,2710,420,909.76,81.43,1.0
7165,298,50,2798,596,909.75,98.92,1.0
7166,13,26,2513,26,909.73,64.25,1.0
7167,187,10,2687,374,909.72,120.62,1.0
7168,86,9,2586,172,909.7,97.08,1.0
7169,113,28,2613,226,909.7,76.81,1.0
7170,58,27,2558,116,909.66,70.0,1.0
7171,88,9,2588,176,909.66,93.64,1.0
7172,122,28,2622,244,909.66,74.97,1.0
7173,204,42,2704,408,909.6,82.22,1.0
7174,227,11,2727,454,909.6,126.47,1.0
7175,261,47,2761,522,909.6,88.29,1.0
7176,210,37,2710,420,909.59,82.66,1.0
7177,241,47,2741,482,909.59,86.83,1.0
7178,156,10,2656,312,909.51,114.53,1.0
7179,291,50,2791,582,909.51,95.84,1.0
7180,204,43,2704,408,909.48,82.09,1.0
7181,265,47,2765,530,909.48,90.42,1.0
7182,56,27,2556,112,909.46,68.32,1.0
7183,204,38,2704,408,909.45,82.69,1.0
7184,294,50,2794,588,909.44,96.93,1.0
7185,180,10,2680,360,909.42,118.04,1.0
7186,257,49,2757,514,909.42,90.66,1.0
7187,151,29,2651,302,909.39,76.71,1.0
7188,282,49,2782,564,909.38,94.55,1.0
7189,204,33,2704,408,909.37,82.75,1.0
7190,204,36,2704,408,909.36,82.77,1.0
7191,204,44,2704,408,909.32,82.39,1.0
7192,248,11,2748,496,909.27,129.28,1.0
7193,4,26,2504,8,909.25,64.45,1.0
7194,59,27,2559,118,909.23,69.56,1.0
7195,99,9,2599,198,909.21,101.99,1.0
7196,162,29,2662,324,909.2,79.83,1.0
7197,204,37,2704,408,909.17,81.81,1.0
7198,70,27,2570,140,909.14,70.1,1.0
7199,219,45,2719,438,909.09,83.56,1.0
7200,228,47,2728,456,909.09,85.28,1.0
7201,204,32,2704,408,909.0,82.42,1.0
7202,253,11,2753,506,908.95,135.9,1.0
7203,275,11,2775,550,908.94,132.88,1.0
7204,263,49,2763,526,908.92,92.94,1.0
7205,220,35,2720,440,908.89,85.18,1.0
7206,59,9,2559,118,908.87,91.72,1.0
7207,237,48,2737,474,908.85,88.98,1.0
7208,204,30,2704,408,908.84,81.77,1.0
7209,220,36,2720,440,908.8,85.02,1.0
7210,105,28,2605,210,908.73,74.02,1.0
7211,211,45,2711,422,908.52,81.97,1.0
7212,233,47,2733,466,908.51,84.88,1.0
7213,120,28,2620,240,908.5,78.24,1.0
7214,220,37,2720,440,908.43,85.08,1.0
7215,156,29,2656,312,908.42,79.43,1.0
7216,277,48,2777,554,908.4,93.6,1.0
7217,173,10,2673,346,908.35,117.22,1.0
7218,125,28,2625,250,908.34,75.33,1.0
7219,220,31,2720,440,908.25,86.11,1.0
7220,197,11,2697,394,908.23,124.48,1.0
7221,205,46,2705,410,908.19,82.84,1.0
7222,216,44,2716,432,908.14,82.89,1.0
7223,21,8,2521,42,908.07,80.75,1.0
7224,123,10,2623,246,908.05,104.08,1.0
7225,220,34,2720,440,908.04,85.28,1.0
7226,287,49,2787,574,908.04,95.27,1.0
7227,220,43,2720,440,907.99,85.67,1.0
7228,51,27,2551,102,907.98,69.57,1.0
7229,130,10,2630,260,907.97,103.42,1.0
7230,212,45,2712,424,907.94,81.68,1.0
7231,66,27,2566,132,907.92,70.81,1.0
7232,216,35,2716,432,907.89,82.27,1.0
7233,226,47,2726,452,907.8,84.81,1.0
7234,220,42,2720,440,907.72,85.32,1.0
7235,202,34,2702,404,907.67,81.85,1.0
7236,220,33,2720,440,907.65,85.13,1.0
7237,256,48,2756,512,907.64,94.05,1.0
7238,214,44,2714,428,907.6,80.05,1.0
7239,67,9,2567,134,907.59,93.97,1.0
7240,216,42,2716,432,907.59,82.82,1.0
7241,116,28,2616,232,907.56,78.62,1.0
7242,216,39,2716,432,907.52,83.14,1.0
7243,280,48,2780,560,907.51,94.19,1.0
7244,206,11,2706,412,907.5,122.78,1.0
7245,220,32,2720,440,907.48,85.61,1.0
7246,220,40,2720,440,907.42,85.26,1.0
7247,214,38,2714,428,907.39,79.89,1.0
7248,199,31,2699,398,907.37,83.4,1.0
7249,214,30,2714,428,907.37,79.3,1.0
7250,269,49,2769,538,907.36,91.24,1.0
7251,216,31,2716,432,907.34,82.78,1.0
7252,214,34,2714,428,907.33,79.98,1.0
7253,10,26,2510,20,907.32,63.29,1.0
7254,220,38,2720,440,907.32,85.34,1.0
7255,214,36,2714,428,907.31,79.63,1.0
7256,129,9,2629,258,907.3,108.43,1.0
7257,224,44,2724,448,907.28,86.92,1.0
7258,216,41,2716,432,907.27,83.07,1.0
7259,224,11,2724,448,907.27,129.88,1.0
7260,94,28,2594,188,907.21,73.43,1.0
7261,244,46,2744,488,907.21,86.38,1.0
7262,260,48,2760,520,907.21,90.11,1.0
7263,74,9,2574,148,907.19,92.53,1.0
7264,214,40,2714,428,907.19,79.91,1.0
7265,64,9,2564,128,907.14,91.94,1.0
7266,220,39,2720,440,907.13,85.67,1.0
7267,144,29,2644,288,907.12,78.27,1.0
7268,220,41,2720,440,907.09,85.55,1.0
7269,202,35,2702,404,907.08,81.72,1.0
7270,214,39,2714,428,907.07,80.35,1.0
7271,129,29,2629,258,907.04,76.29,1.0
7272,199,37,2699,398,907.03,82.99,1.0
7273,214,43,2714,428,907.0,79.73,1.0
7274,216,36,2716,432,906.89,83.16,1.0
7275,202,31,2702,404,906.88,81.88,1.0
7276,216,30,2716,432,906.88,82.08,1.0
7277,246,47,2746,492,906.88,87.26,1.0
7278,248,47,2748,496,906.86,88.42,1.0
7279,202,41,2702,404,906.85,81.93,1.0
7280,89,9,2589,178,906.83,100.64,1.0
7281,202,42,2702,404,906.83,81.27,1.0
7282,236,11,2736,472,906.82,127.88,1.0
7283,214,32,2714,428,906.81,79.88,1.0
7284,64,27,2564,128,906.8,69.62,1.0
7285,273,11,2773,546,906.75,133.19,1.0
7286,214,35,2714,428,906.74,79.73,1.0
7287,281,50,2781,562,906.74,96.76,1.0
7288,218,10,2718,436,906.71,124.4,1.0
7289,224,36,2724,448,906.7,86.61,1.0
7290,169,29,2669,338,906.64,80.63,1.0
7291,199,40,2699,398,906.62,83.14,1.0
7292,23,8,2523,46,906.61,82.34,1.0
7293,207,45,2707,414,906.6,82.87,1.0
7294,202,43,2702,404,906.59,81.61,1.0
7295,202,38,2702,404,906.56,81.67,1.0
7296,199,44,2699,398,906.54,82.53,1.0
7297,216,34,2716,432,906.54,82.65,1.0
7298,182,10,2682,364,906.53,122.26,1.0
7299,216,37,2716,432,906.52,83.22,1.0
7300,224,43,2724,448,906.52,87.18,1.0
7301,221,47,2721,442,906.51,86.49,1.0
7302,297,12,2797,594,906.5,140.7,1.0
7303,224,38,2724,448,906.49,88.06,1.0
7304,114,28,2614,228,906.48,74.1,1.0
7305,216,32,2716,432,906.48,83.54,1.0
7306,214,42,2714,428,906.47,79.65,1.0
7307,224,40,2724,448,906.46,87.24,1.0
7308,239,47,2739,478,906.46,88.04,1.0
7309,220,44,2720,440,906.43,84.32,1.0
7310,145,29,2645,290,906.42,80.89,1.0
7311,199,38,2699,398,906.4,83.62,1.0
7312,216,33,2716,432,906.39,82.42,1.0
7313,227,46,2727,454,906.38,86.6,1.0
7314,108,28,2608,216,906.37,72.97,1.0
7315,224,41,2724,448,906.33,87.32,1.0
7316,12,8,2512,24,906.32,76.69,1.0
7317,202,30,2702,404,906.3,81.62,1.0
7318,202,44,2702,404,906.3,81.24,1.0
7319,199,33,2699,398,906.27,82.97,1.0
7320,224,39,2724,448,906.27,86.75,1.0
7321,199,32,2699,398,906.23,82.79,1.0
7322,272,48,2772,544,906.23,92.2,1.0
7323,199,35,2699,398,906.22,83.37,1.0
7324,199,43,2699,398,906.22,82.74,1.0
7325,214,37,2714,428,906.22,80.26,1.0
7326,214,31,2714,428,906.21,79.65,1.0
7327,215,10,2715,430,906.21,128.09,1.0
7328,199,41,2699,398,906.2,83.06,1.0
7329,147,10,2647,294,906.19,108.48,1.0
7330,216,40,2716,432,906.11,83.1,1.0
7331,184,10,2684,368,906.1,119.56,1.0
7332,220,30,2720,440,906.08,85.18,1.0
7333,202,32,2702,404,906.06,81.82,1.0
7334,202,40,2702,404,906.05,81.0,1.0
7335,216,43,2716,432,906.02,82.57,1.0
7336,214,33,2714,428,906.01,80.2,1.0
7337,140,10,2640,280,905.96,109.77,1.0
7338,214,41,2714,428,905.94,80.09,1.0
7339,215,45,2715,430,905.94,85.36,1.0
7340,235,46,2735,470,905.91,87.88,1.0
7341,202,39,2702,404,905.89,82.42,1.0
7342,224,37,2724,448,905.89,86.67,1.0
7343,224,31,2724,448,905.86,87.16,1.0
7344,213,45,2713,426,905.85,82.05,1.0
7345,249,48,2749,498,905.85,88.3,1.0
7346,54,27,2554,108,905.82,67.95,1.0
7347,199,34,2699,398,905.81,83.17,1.0
7348,274,11,2774,548,905.8,134.2,1.0
7349,202,37,2702,404,905.79,81.53,1.0
7350,97,28,2597,194,905.78,72.0,1.0
7351,57,9,2557,114,905.76,88.97,1.0
7352,55,27,2555,110,905.76,68.33,1.0
7353,224,33,2724,448,905.7,86.72,1.0
7354,202,33,2702,404,905.67,81.87,1.0
7355,199,42,2699,398,905.65,83.06,1.0
7356,224,32,2724,448,905.61,87.16,1.0
7357,199,30,2699,398,905.59,83.55,1.0
7358,199,39,2699,398,905.56,83.01,1.0
7359,0,8,2500,0,905.54,72.84,1.0
7360,224,30,2724,448,905.54,87.85,1.0
7361,203,45,2703,406,905.46,80.75,1.0
7362,4,8,2504,8,905.44,74.72,1.0
7363,224,42,2724,448,905.44,87.47,1.0
7364,3,26,2503,6,905.42,64.69,1.0
7365,99,28,2599,198,905.39,73.53,1.0
7366,202,36,2702,404,905.39,81.52,1.0
7367,57,27,2557,114,905.38,67.95,1.0
7368,160,29,2660,320,905.34,78.37,1.0
7369,251,48,2751,502,905.3,88.62,1.0
7370,280,11,2780,560,905.3,134.74,1.0
7371,233,10,2733,466,905.28,122.03,1.0
7372,5,8,2505,10,905.27,77.46,1.0
7373,164,29,2664,328,905.23,79.95,1.0
7374,199,10,2699,398,905.23,124.11,1.0
7375,290,12,2790,580,905.22,136.32,1.0
7376,224,34,2724,448,905.13,87.68,1.0
7377,216,38,2716,432,905.1,83.52,1.0
7378,150,29,2650,300,905.0,76.45,1.0
7379,279,49,2779,558,904.97,94.94,1.0
7380,199,36,2699,398,904.96,82.58,1.0
7381,242,47,2742,484,904.93,85.25,1.0
7382,266,11,2766,532,904.82,141.19,1.0
7383,232,46,2732,464,904.8,87.67,1.0
7384,16,26,2516,32,904.79,68.03,1.0
7385,231,47,2731,462,904.78,83.01,1.0
7386,243,41,2743,486,904.73,87.77,1.0
7387,63,27,2563,126,904.72,70.78,1.0
7388,155,10,2655,310,904.72,112.95,1.0
7389,146,10,2646,292,904.71,111.09,1.0
7390,209,47,2709,418,904.69,83.92,1.0
7391,267,48,2767,534,904.68,92.72,1.0
7392,243,34,2743,486,904.54,88.48,1.0
7393,270,48,2770,540,904.51,93.04,1.0
7394,187,37,2687,374,904.46,80.5,1.0
7395,243,33,2743,486,904.45,88.12,1.0
7396,296,51,2796,592,904.45,94.67,1.0
7397,300,11,2800,600,904.36,140.32,1.0
7398,2,8,2502,4,904.35,75.11,1.0
7399,44,27,2544,88,904.34,69.11,1.0
7400,104,9,2604,208,904.33,103.84,1.0
7401,11,8,2511,22,904.26,80.46,1.0
7402,224,35,2724,448,904.26,87.4,1.0
7403,264,49,2764,528,904.26,90.9,1.0
7404,223,46,2723,446,904.11,84.31,1.0
7405,296,11,2796,592,904.09,136.96,1.0
7406,271,50,2771,542,904.07,94.58,1.0
7407,288,51,2788,576,904.07,91.49,1.0
7408,42,27,2542,84,904.0,70.4,1.0
7409,236,48,2736,472,903.97,87.52,1.0
7410,292,49,2792,584,903.89,97.74,1.0
7411,268,48,2768,536,903.88,93.96,1.0
7412,299,51,2799,598,903.88,94.97,1.0
7413,187,31,2687,374,903.85,81.43,1.0
7414,295,51,2795,590,903.82,99.64,1.0
7415,204,45,2704,408,903.79,83.3,1.0
7416,91,9,2591,182,903.76,98.58,1.0
7417,60,27,2560,120,903.74,67.32,1.0
7418,107,28,2607,214,903.72,75.13,1.0
7419,243,42,2743,486,903.7,87.85,1.0
7420,210,45,2710,420,903.69,83.19,1.0
7421,218,47,2718,436,903.65,83.66,1.0
7422,275,50,2775,550,903.65,94.11,1.0
7423,243,39,2743,486,903.64,88.07,1.0
7424,222,11,2722,444,903.62,125.08,1.0
7425,243,40,2743,486,903.62,89.17,1.0
7426,58,9,2558,116,903.61,90.4,1.0
7427,225,46,2725,450,903.61,85.34,1.0
7428,123,28,2623,246,903.6,75.38,1.0
7429,239,11,2739,478,903.59,127.72,1.0
7430,243,37,2743,486,903.59,88.01,1.0
7431,266,49,2766,532,903.58,93.08,1.0
7432,243,30,2743,486,903.56,89.18,1.0
7433,243,36,2743,486,903.54,87.96,1.0
7434,278,49,2778,556,903.49,94.96,1.0
7435,14,8,2514,28,903.48,78.55,1.0
7436,284,49,2784,568,903.44,94.63,1.0
7437,243,32,2743,486,903.43,88.78,1.0
7438,117,28,2617,234,903.42,77.82,1.0
7439,187,35,2687,374,903.41,80.98,1.0
7440,2,26,2502,4,903.4,65.12,1.0
7441,243,44,2743,486,903.37,88.38,1.0
7442,240,48,2740,480,903.33,89.37,1.0
7443,243,31,2743,486,903.31,87.89,1.0
7444,96,28,2596,192,903.3,72.41,1.0
7445,187,30,2687,374,903.3,81.55,1.0
7446,243,38,2743,486,903.15,88.91,1.0
7447,255,49,2755,510,903.15,92.95,1.0
7448,26,8,2526,52,903.11,80.52,1.0
7449,222,46,2722,444,903.11,81.86,1.0
7450,187,41,2687,374,903.06,81.68,1.0
7451,187,43,2687,374,903.06,80.76,1.0
7452,98,9,2598,196,903.03,101.48,1.0
7453,245,48,2745,490,903.0,89.82,1.0
7454,175,10,2675,350,902.97,118.5,1.0
7455,289,11,2789,578,902.97,131.23,1.0
7456,66,9,2566,132,902.96,95.38,1.0
7457,141,29,2641,282,902.96,78.17,1.0
7458,238,47,2738,476,902.9,84.65,1.0
7459,245,11,2745,490,902.86,129.86,1.0
7460,286,50,2786,572,902.86,95.96,1.0
7461,243,35,2743,486,902.81,88.79,1.0
7462,187,39,2687,374,902.76,80.87,1.0
7463,252,47,2752,504,902.74,92.14,1.0
7464,276,49,2776,552,902.74,97.19,1.0
7465,9,8,2509,18,902.73,76.35,1.0
7466,45,27,2545,90,902.72,67.62,1.0
7467,229,48,2729,458,902.72,86.86,1.0
7468,188,10,2688,376,902.64,118.77,1.0
7469,274,50,2774,548,902.56,95.3,1.0
7470,41,27,2541,82,902.52,68.31,1.0
7471,219,46,2719,438,902.49,85.71,1.0
7472,187,32,2687,374,902.44,80.39,1.0
7473,293,50,2793,586,902.44,94.33,1.0
7474,107,9,2607,214,902.43,101.68,1.0
7475,211,46,2711,422,902.37,82.41,1.0
7476,18,8,2518,36,902.33,79.6,1.0
7477,262,49,2762,524,902.3,92.03,1.0
7478,187,44,2687,374,902.29,81.12,1.0
7479,187,42,2687,374,902.18,81.03,1.0
7480,187,36,2687,374,902.14,80.64,1.0
7481,187,33,2687,374,902.1,81.17,1.0
7482,3,8,2503,6,902.0,77.08,1.0
7483,243,43,2743,486,901.93,88.33,1.0
7484,291,11,2791,582,901.93,138.45,1.0
7485,201,44,2701,402,901.86,82.97,1.0
7486,187,34,2687,374,901.83,82.07,1.0
7487,187,38,2687,374,901.82,80.43,1.0
7488,250,48,2750,500,901.77,90.73,1.0
7489,247,49,2747,494,901.71,88.62,1.0
7490,208,34,2708,416,901.7,85.55,1.0
7491,297,49,2797,594,901.65,100.88,1.0
7492,294,11,2794,588,901.63,141.43,1.0
7493,201,43,2701,402,901.59,84.02,1.0
7494,208,42,2708,416,901.58,84.97,1.0
7495,234,47,2734,468,901.57,88.61,1.0
7496,202,45,2702,404,901.55,81.62,1.0
7497,208,41,2708,416,901.55,85.79,1.0
7498,253,48,2753,506,901.55,93.04,1.0
7499,279,11,2779,558,901.53,134.34,1.0
7500,142,9,2642,284,901.5,112.31,1.0
7501,259,48,2759,518,901.49,92.99,1.0
7502,187,40,2687,374,901.46,82.06,1.0
7503,208,30,2708,416,901.43,85.3,1.0
7504,299,11,2799,598,901.43,137.14,1.0
7505,15,8,2515,30,901.4,77.4,1.0
7506,177,10,2677,354,901.38,117.78,1.0
7507,198,32,2698,396,901.33,81.19,1.0
7508,258,48,2758,516,901.32,91.28,1.0
7509,208,40,2708,416,901.31,85.6,1.0
7510,205,47,2705,410,901.3,83.5,1.0
7511,208,38,2708,416,901.26,85.11,1.0
7512,208,43,2708,416,901.26,84.62,1.0
7513,138,29,2638,276,901.25,80.13,1.0
7514,43,27,2543,86,901.24,69.09,1.0
7515,215,46,2715,430,901.19,85.73,1.0
7516,208,37,2708,416,901.17,85.23,1.0
7517,265,48,2765,530,901.15,90.09,1.0
7518,257,50,2757,514,901.14,92.41,1.0
7519,208,36,2708,416,901.13,85.13,1.0
7520,208,39,2708,416,901.1,85.44,1.0
7521,154,29,2654,308,901.09,78.26,1.0
7522,208,31,2708,416,901.05,84.64,1.0
7523,254,48,2754,508,901.03,93.64,1.0
7524,214,45,2714,428,900.98,80.78,1.0
7525,208,35,2708,416,900.97,85.55,1.0
7526,49,27,2549,98,900.95,67.79,1.0
7527,37,27,2537,74,900.91,65.07,1.0
7528,198,34,2698,396,900.88,82.3,1.0
7529,233,48,2733,466,900.87,84.66,1.0
7530,198,33,2698,396,900.85,81.98,1.0
7531,193,41,2693,386,900.84,81.89,1.0
7532,193,36,2693,386,900.83,81.54,1.0
7533,282,50,2782,564,900.83,94.08,1.0
7534,149,10,2649,298,900.73,110.2,1.0
7535,261,48,2761,522,900.73,89.26,1.0
7536,113,9,2613,226,900.71,106.5,1.0
7537,193,39,2693,386,900.71,81.73,1.0
7538,93,28,2593,186,900.67,71.32,1.0
7539,201,33,2701,402,900.62,82.87,1.0
7540,208,44,2708,416,900.6,84.89,1.0
7541,198,35,2698,396,900.59,81.45,1.0
7542,198,40,2698,396,900.59,81.27,1.0
7543,208,32,2708,416,900.58,85.22,1.0
7544,46,8,2546,92,900.56,87.02,1.0
7545,198,43,2698,396,900.51,81.54,1.0
7546,201,31,2701,402,900.51,83.38,1.0
7547,144,9,2644,288,900.5,113.78,1.0
7548,142,29,2642,284,900.47,77.52,1.0
7549,198,41,2698,396,900.44,82.17,1.0
7550,268,11,2768,536,900.43,128.24,1.0
7551,289,50,2789,578,900.42,92.72,1.0
7552,193,37,2693,386,900.4,82.29,1.0
7553,198,42,2698,396,900.39,81.52,1.0
7554,283,49,2783,566,900.39,98.55,1.0
7555,213,46,2713,426,900.37,82.13,1.0
7556,201,34,2701,402,900.36,83.07,1.0
7557,260,49,2760,520,900.35,90.99,1.0
7558,198,31,2698,396,900.33,81.91,1.0
7559,241,48,2741,482,900.32,87.57,1.0
7560,198,44,2698,396,900.31,82.26,1.0
7561,228,48,2728,456,900.3,86.05,1.0
7562,24,8,2524,48,900.29,81.97,1.0
7563,72,9,2572,144,900.28,94.26,1.0
7564,198,37,2698,396,900.25,81.35,1.0
7565,201,40,2701,402,900.23,83.69,1.0
7566,273,50,2773,546,900.23,94.45,1.0
7567,201,39,2701,402,900.22,82.81,1.0
7568,285,49,2785,570,900.22,93.58,1.0
7569,25,8,2525,50,900.21,82.05,1.0
7570,201,30,2701,402,900.19,83.01,1.0
7571,283,11,2783,566,900.19,136.09,1.0
7572,8,26,2508,16,900.18,63.93,1.0
7573,100,28,2600,200,900.17,73.72,1.0
7574,201,38,2701,402,900.17,83.34,1.0
7575,216,45,2716,432,900.17,84.18,1.0
7576,155,29,2655,310,900.16,77.02,1.0
7577,193,35,2693,386,900.13,81.69,1.0
7578,201,32,2701,402,900.13,83.92,1.0
7579,193,32,2693,386,900.12,81.3,1.0
7580,200,33,2700,400,900.04,81.01,1.0
7581,208,33,2708,416,900.02,85.42,1.0
7582,193,31,2693,386,900.0,80.95,1.0
7583,193,38,2693,386,900.0,81.56,1.0
7584,148,29,2648,296,899.96,78.9,1.0
7585,220,45,2720,440,899.91,86.53,1.0
7586,201,41,2701,402,899.87,82.89,1.0
7587,280,49,2780,560,899.87,95.17,1.0
7588,193,43,2693,386,899.86,81.53,1.0
7589,263,50,2763,526,899.85,95.76,1.0
7590,76,9,2576,152,899.83,93.57,1.0
7591,170,43,2670,340,899.83,79.15,1.0
7592,198,38,2698,396,899.82,80.98,1.0
7593,80,9,2580,160,899.81,95.41,1.0
7594,300,51,2800,600,899.79,101.52,1.0
7595,201,42,2701,402,899.75,83.19,1.0
7596,193,33,2693,386,899.74,81.29,1.0
7597,0,26,2500,0,899.72,62.04,1.0
7598,198,36,2698,396,899.71,81.69,1.0
7599,198,30,2698,396,899.67,82.33,1.0
7600,92,9,2592,184,899.65,99.36,1.0
7601,201,35,2701,402,899.58,83.42,1.0
7602,189,10,2689,378,899.57,121.27,1.0
7603,193,34,2693,386,899.54,80.93,1.0
7604,188,33,2688,376,899.53,78.38,1.0
7605,193,44,2693,386,899.53,81.86,1.0
7606,73,9,2573,146,899.51,95.53,1.0
7607,200,31,2700,400,899.5,80.93,1.0
7608,246,48,2746,492,899.49,88.77,1.0
7609,101,28,2601,202,899.48,74.12,1.0
7610,85,9,2585,170,899.46,99.32,1.0
7611,199,45,2699,398,899.46,85.19,1.0
7612,252,11,2752,504,899.43,135.08,1.0
7613,193,42,2693,386,899.42,81.52,1.0
7614,221,10,2721,442,899.42,127.86,1.0
7615,230,48,2730,460,899.41,86.54,1.0
7616,188,39,2688,376,899.34,79.52,1.0
7617,201,37,2701,402,899.31,82.38,1.0
7618,200,35,2700,400,899.29,80.57,1.0
7619,153,10,2653,306,899.28,116.45,1.0
7620,198,39,2698,396,899.27,81.56,1.0
7621,6,26,2506,12,899.22,60.58,1.0
7622,201,36,2701,402,899.21,83.25,1.0
7623,200,38,2700,400,899.2,80.55,1.0
7624,153,29,2653,306,899.19,79.85,1.0
7625,174,10,2674,348,899.19,115.22,1.0
7626,200,42,2700,400,899.16,80.53,1.0
7627,200,43,2700,400,899.16,81.14,1.0
7628,103,9,2603,206,899.15,103.36,1.0
7629,170,41,2670,340,899.14,79.81,1.0
7630,169,10,2669,338,899.13,114.62,1.0
7631,188,30,2688,376,899.13,78.47,1.0
7632,281,51,2781,562,899.12,98.11,1.0
7633,170,42,2670,340,899.09,79.35,1.0
7634,193,30,2693,386,899.06,81.19,1.0
7635,212,46,2712,424,899.05,81.81,1.0
7636,119,9,2619,238,899.04,106.44,1.0
7637,84,9,2584,168,899.0,96.95,1.0
7638,188,37,2688,376,899.0,78.49,1.0
7639,200,36,2700,400,899.0,81.01,1.0
7640,87,9,2587,174,898.97,99.77,1.0
7641,170,31,2670,340,898.97,79.87,1.0
7642,170,37,2670,340,898.92,79.47,1.0
7643,200,44,2700,400,898.92,80.0,1.0
7644,188,34,2688,376,898.91,79.47,1.0
7645,200,41,2700,400,898.9,80.93,1.0
7646,124,29,2624,248,898.89,75.64,1.0
7647,170,44,2670,340,898.88,79.15,1.0
7648,281,11,2781,562,898.88,136.66,1.0
7649,131,9,2631,262,898.85,108.9,1.0
7650,224,45,2724,448,898.83,87.77,1.0
7651,193,40,2693,386,898.79,81.82,1.0
7652,170,30,2670,340,898.78,79.49,1.0
7653,188,40,2688,376,898.78,79.0,1.0
7654,200,32,2700,400,898.76,80.77,1.0
7655,38,27,2538,76,898.73,68.5,1.0
7656,188,42,2688,376,898.73,78.66,1.0
7657,242,11,2742,484,898.73,126.11,1.0
7658,170,35,2670,340,898.69,79.71,1.0
7659,188,36,2688,376,898.67,78.16,1.0
7660,143,10,2643,286,898.66,114.05,1.0
7661,170,39,2670,340,898.64,78.66,1.0
7662,230,10,2730,460,898.63,122.86,1.0
7663,200,37,2700,400,898.62,80.83,1.0
7664,188,31,2688,376,898.6,79.15,1.0
7665,291,51,2791,582,898.57,98.22,1.0
7666,204,46,2704,408,898.55,84.37,1.0
7667,267,11,2767,534,898.52,133.84,1.0
7668,35,27,2535,70,898.47,67.01,1.0
7669,77,28,2577,154,898.47,73.04,1.0
7670,170,33,2670,340,898.46,78.96,1.0
7671,170,36,2670,340,898.44,79.49,1.0
7672,115,9,2615,230,898.43,105.71,1.0
7673,188,44,2688,376,898.42,79.31,1.0
7674,133,29,2633,266,898.4,74.87,1.0
7675,188,38,2688,376,898.4,78.25,1.0
7676,237,49,2737,474,898.4,90.28,1.0
7677,206,33,2706,412,898.39,85.04,1.0
7678,226,48,2726,452,898.38,86.93,1.0
7679,171,10,2671,342,898.34,118.35,1.0
7680,206,43,2706,412,898.32,84.78,1.0
7681,106,28,2606,212,898.3,75.99,1.0
7682,196,38,2696,392,898.29,83.05,1.0
7683,188,32,2688,376,898.28,78.64,1.0
7684,170,38,2670,340,898.27,80.09,1.0
7685,188,41,2688,376,898.27,78.09,1.0
7686,170,34,2670,340,898.25,79.82,1.0
7687,189,44,2689,378,898.25,80.22,1.0
7688,196,44,2696,392,898.24,82.87,1.0
7689,298,51,2798,596,898.24,100.1,1.0
7690,239,48,2739,478,898.22,88.61,1.0
7691,238,11,2738,476,898.21,128.44,1.0
7692,179,10,2679,358,898.2,123.49,1.0
7693,170,32,2670,340,898.16,79.07,1.0
7694,196,33,2696,392,898.15,82.34,1.0
7695,217,31,2717,434,898.1,86.19,1.0
7696,178,10,2678,356,898.09,120.92,1.0
7697,192,10,2692,384,898.09,123.14,1.0
7698,200,40,2700,400,898.08,81.42,1.0
7699,206,30,2706,412,898.08,84.46,1.0
7700,131,29,2631,262,898.06,75.98,1.0
7701,170,40,2670,340,898.06,79.38,1.0
7702,196,32,2696,392,898.05,81.5,1.0
7703,200,39,2700,400,898.05,80.71,1.0
7704,135,29,2635,270,898.03,77.05,1.0
7705,188,35,2688,376,898.03,79.28,1.0
7706,206,32,2706,412,898.02,85.0,1.0
7707,91,28,2591,182,897.98,73.09,1.0
7708,244,47,2744,488,897.98,87.5,1.0
7709,196,35,2696,392,897.91,82.58,1.0
7710,196,43,2696,392,897.91,82.67,1.0
7711,206,44,2706,412,897.91,83.98,1.0
7712,13,8,2513,26,897.9,78.59,1.0
7713,264,50,2764,528,897.9,92.45,1.0
7714,203,46,2703,406,897.89,82.2,1.0
7715,290,49,2790,580,897.89,96.42,1.0
7716,196,36,2696,392,897.83,82.28,1.0
7717,145,9,2645,290,897.8,114.23,1.0
7718,249,49,2749,498,897.77,89.73,1.0
7719,248,48,2748,496,897.75,89.58,1.0
7720,217,33,2717,434,897.73,86.55,1.0
7721,200,30,2700,400,897.72,80.74,1.0
7722,116,9,2616,232,897.7,110.52,1.0
7723,256,49,2756,512,897.68,94.54,1.0
7724,176,10,2676,352,897.66,117.54,1.0
7725,182,38,2682,364,897.66,82.49,1.0
7726,294,51,2794,588,897.66,98.35,1.0
7727,126,9,2626,252,897.65,104.42,1.0
7728,200,34,2700,400,897.63,80.89,1.0
7729,218,48,2718,436,897.63,85.06,1.0
7730,86,28,2586,172,897.62,72.46,1.0
7731,206,36,2706,412,897.61,84.75,1.0
7732,206,42,2706,412,897.6,84.31,1.0
7733,206,37,2706,412,897.59,84.82,1.0
7734,196,41,2696,392,897.58,82.91,1.0
7735,182,37,2682,364,897.56,82.6,1.0
7736,217,42,2717,434,897.56,86.0,1.0
7737,182,39,2682,364,897.54,83.45,1.0
7738,182,40,2682,364,897.49,82.67,1.0
7739,217,38,2717,434,897.49,86.05,1.0
7740,196,31,2696,392,897.48,82.23,1.0
7741,196,37,2696,392,897.48,82.4,1.0
7742,206,35,2706,412,897.48,85.66,1.0
7743,206,40,2706,412,897.48,84.49,1.0
7744,207,46,2707,414,897.48,84.08,1.0
7745,264,10,2764,528,897.48,133.67,1.0
7746,196,40,2696,392,897.47,83.03,1.0
7747,182,31,2682,364,897.46,82.51,1.0
7748,196,39,2696,392,897.46,81.94,1.0
7749,196,42,2696,392,897.45,82.23,1.0
7750,19,8,2519,38,897.43,81.17,1.0
7751,217,37,2717,434,897.43,85.52,1.0
7752,36,8,2536,72,897.37,88.11,1.0
7753,187,45,2687,374,897.37,82.5,1.0
7754,222,47,2722,444,897.37,82.64,1.0
7755,219,10,2719,438,897.35,127.18,1.0
7756,189,40,2689,378,897.31,80.33,1.0
7757,196,30,2696,392,897.3,82.36,1.0
7758,277,49,2777,554,897.28,95.37,1.0
7759,182,34,2682,364,897.27,82.8,1.0
7760,217,30,2717,434,897.25,86.11,1.0
7761,217,41,2717,434,897.25,85.91,1.0
7762,206,41,2706,412,897.22,84.22,1.0
7763,231,48,2731,462,897.22,83.52,1.0
7764,217,36,2717,434,897.19,86.23,1.0
7765,188,43,2688,376,897.18,78.36,1.0
7766,182,42,2682,364,897.15,82.47,1.0
7767,217,44,2717,434,897.15,86.03,1.0
7768,206,31,2706,412,897.14,84.08,1.0
7769,10,8,2510,20,897.13,75.09,1.0
7770,227,47,2727,454,897.13,88.58,1.0
7771,206,39,2706,412,897.12,84.77,1.0
7772,182,32,2682,364,897.09,82.39,1.0
7773,189,33,2689,378,897.07,80.61,1.0
7774,206,34,2706,412,897.06,84.39,1.0
7775,240,10,2740,480,897.06,131.79,1.0
7776,52,8,2552,104,897.05,88.75,1.0
7777,225,47,2725,450,897.01,85.57,1.0
7778,182,30,2682,364,897.0,83.05,1.0
7779,189,35,2689,378,896.97,80.83,1.0
7780,210,46,2710,420,896.96,83.54,1.0
7781,189,30,2689,378,896.94,80.04,1.0
7782,238,48,2738,476,896.94,85.16,1.0
7783,189,42,2689,378,896.91,80.35,1.0
7784,95,9,2595,190,896.86,101.88,1.0
7785,217,40,2717,434,896.82,86.46,1.0
7786,189,43,2689,378,896.81,81.03,1.0
7787,217,43,2717,434,896.77,86.0,1.0
7788,287,50,2787,574,896.77,97.06,1.0
7789,102,28,2602,204,896.73,74.74,1.0
7790,182,35,2682,364,896.71,83.07,1.0
7791,217,32,2717,434,896.68,86.04,1.0
7792,182,41,2682,364,896.67,82.61,1.0
7793,196,34,2696,392,896.61,82.28,1.0
7794,189,41,2689,378,896.59,80.23,1.0
7795,189,34,2689,378,896.54,80.38,1.0
7796,217,39,2717,434,896.54,86.93,1.0
7797,182,33,2682,364,896.53,82.77,1.0
7798,95,28,2595,190,896.51,73.5,1.0
7799,189,31,2689,378,896.51,80.61,1.0
7800,251,49,2751,502,896.5,89.89,1.0
7801,259,11,2759,518,896.5,129.02,1.0
7802,217,35,2717,434,896.49,85.89,1.0
7803,221,48,2721,442,896.48,88.12,1.0
7804,242,48,2742,484,896.47,87.34,1.0
7805,217,34,2717,434,896.46,85.83,1.0
7806,272,49,2772,544,896.34,92.91,1.0
7807,206,38,2706,412,896.33,84.92,1.0
7808,235,47,2735,470,896.33,88.61,1.0
7809,189,37,2689,378,896.3,81.12,1.0
7810,219,47,2719,438,896.29,85.62,1.0
7811,189,32,2689,378,896.27,80.05,1.0
7812,189,38,2689,378,896.26,80.55,1.0
7813,189,39,2689,378,896.24,80.21,1.0
7814,268,49,2768,536,896.24,94.39,1.0
7815,223,47,2723,446,896.23,85.98,1.0
7816,182,43,2682,364,896.19,82.27,1.0
7817,34,27,2534,68,896.13,67.01,1.0
7818,100,9,2600,200,896.12,101.45,1.0
7819,83,28,2583,166,896.08,70.97,1.0
7820,269,50,2769,538,896.05,92.73,1.0
7821,209,48,2709,418,896.03,84.97,1.0
7822,98,28,2598,196,896.01,75.56,1.0
7823,184,32,2684,368,895.99,78.36,1.0
7824,186,35,2686,372,895.97,80.12,1.0
7825,70,9,2570,140,895.91,93.46,1.0
7826,208,45,2708,416,895.91,86.27,1.0
7827,267,49,2767,534,895.88,93.51,1.0
7828,47,8,2547,94,895.86,87.69,1.0
7829,28,8,2528,56,895.85,83.06,1.0
7830,186,37,2686,372,895.82,79.53,1.0
7831,250,11,2750,500,895.81,129.82,1.0
7832,197,36,2697,394,895.8,84.31,1.0
7833,182,44,2682,364,895.77,82.88,1.0
7834,276,11,2776,552,895.65,136.6,1.0
7835,232,47,2732,464,895.58,88.53,1.0
7836,243,45,2743,486,895.57,89.24,1.0
7837,40,27,2540,80,895.54,68.51,1.0
7838,182,36,2682,364,895.54,82.62,1.0
7839,180,36,2680,360,895.53,78.18,1.0
7840,85,28,2585,170,895.5,73.35,1.0
7841,184,44,2684,368,895.49,78.36,1.0
7842,184,30,2684,368,895.43,78.71,1.0
7843,184,43,2684,368,895.39,78.85,1.0
7844,184,38,2684,368,895.34,78.6,1.0
7845,184,42,2684,368,895.33,77.9,1.0
7846,234,48,2734,468,895.32,89.12,1.0
7847,197,44,2697,394,895.26,84.32,1.0
7848,184,31,2684,368,895.18,78.64,1.0
7849,105,9,2605,210,895.17,103.92,1.0
7850,200,10,2700,400,895.17,119.3,1.0
7851,180,30,2680,360,895.15,78.44,1.0
7852,180,42,2680,360,895.12,78.3,1.0
7853,214,46,2714,428,895.06,81.23,1.0
7854,279,50,2779,558,895.03,95.44,1.0
7855,190,10,2690,380,895.02,117.18,1.0
7856,215,47,2715,430,895.0,87.2,1.0
7857,270,49,2770,540,894.99,94.78,1.0
7858,189,36,2689,378,894.87,79.89,1.0
7859,197,42,2697,394,894.87,84.4,1.0
7860,186,32,2686,372,894.84,80.01,1.0
7861,197,31,2697,394,894.84,84.38,1.0
7862,186,44,2686,372,894.79,79.74,1.0
7863,184,34,2684,368,894.79,77.93,1.0
7864,202,46,2702,404,894.78,83.17,1.0
7865,180,33,2680,360,894.75,78.35,1.0
7866,197,35,2697,394,894.74,84.33,1.0
7867,211,47,2711,422,894.72,84.41,1.0
7868,252,48,2752,504,894.72,92.67,1.0
7869,262,11,2762,524,894.69,133.41,1.0
7870,184,40,2684,368,894.66,78.21,1.0
7871,201,45,2701,402,894.66,84.49,1.0
7872,180,31,2680,360,894.65,78.78,1.0
7873,186,36,2686,372,894.63,79.86,1.0
7874,184,39,2684,368,894.63,79.02,1.0
7875,180,38,2680,360,894.61,78.01,1.0
7876,186,33,2686,372,894.61,80.37,1.0
7877,197,40,2697,394,894.6,84.82,1.0
7878,180,34,2680,360,894.58,79.42,1.0
7879,180,40,2680,360,894.58,78.66,1.0
7880,184,35,2684,368,894.58,79.25,1.0
7881,186,30,2686,372,894.57,79.34,1.0
7882,180,35,2680,360,894.54,78.28,1.0
7883,186,40,2686,372,894.52,79.17,1.0
7884,184,37,2684,368,894.51,78.93,1.0
7885,197,39,2697,394,894.51,84.56,1.0
7886,255,10,2755,510,894.49,135.07,1.0
7887,266,50,2766,532,894.48,95.08,1.0
7888,180,43,2680,360,894.46,78.69,1.0
7889,184,36,2684,368,894.43,78.42,1.0
7890,180,32,2680,360,894.42,79.28,1.0
7891,184,33,2684,368,894.41,77.7,1.0
7892,262,50,2762,524,894.41,92.03,1.0
7893,186,34,2686,372,894.4,79.88,1.0
7894,254,49,2754,508,894.4,94.53,1.0
7895,186,42,2686,372,894.37,79.96,1.0
7896,180,44,2680,360,894.36,79.33,1.0
7897,250,49,2750,500,894.36,92.66,1.0
7898,288,11,2788,576,894.35,133.49,1.0
7899,190,35,2690,380,894.34,78.99,1.0
7900,197,38,2697,394,894.33,85.13,1.0
7901,296,52,2796,592,894.33,96.0,1.0
7902,43,8,2543,86,894.32,88.55,1.0
7903,197,34,2697,394,894.31,84.34,1.0
7904,197,43,2697,394,894.3,83.44,1.0
7905,298,11,2798,596,894.27,141.48,1.0
7906,245,49,2745,490,894.26,89.8,1.0
7907,32,8,2532,64,894.19,84.03,1.0
7908,278,50,2778,556,894.17,95.27,1.0
7909,108,9,2608,216,894.14,101.95,1.0
7910,121,9,2621,242,894.13,109.64,1.0
7911,233,49,2733,466,894.12,86.2,1.0
7912,197,33,2697,394,894.11,83.85,1.0
7913,180,41,2680,360,894.1,78.38,1.0
7914,186,41,2686,372,894.08,80.1,1.0
7915,197,41,2697,394,894.08,84.43,1.0
7916,276,50,2776,552,894.08,97.76,1.0
7917,186,43,2686,372,894.05,80.13,1.0
7918,257,51,2757,514,894.01,91.33,1.0
7919,197,30,2697,394,893.98,84.69,1.0
7920,36,27,2536,72,893.94,68.58,1.0
7921,180,39,2680,360,893.93,78.54,1.0
7922,50,27,2550,100,893.92,69.76,1.0
7923,194,33,2694,388,893.9,79.73,1.0
7924,194,31,2694,388,893.87,80.04,1.0
7925,236,49,2736,472,893.86,89.32,1.0
7926,284,11,2784,568,893.83,140.22,1.0
7927,147,29,2647,294,893.82,79.41,1.0
7928,190,39,2690,380,893.82,79.01,1.0
7929,198,45,2698,396,893.82,83.33,1.0
7930,190,30,2690,380,893.81,79.37,1.0
7931,26,27,2526,52,893.8,66.1,1.0
7932,217,11,2717,434,893.8,127.93,1.0
7933,186,38,2686,372,893.79,79.61,1.0
7934,190,44,2690,380,893.79,78.88,1.0
7935,194,40,2694,388,893.79,80.42,1.0
7936,143,29,2643,286,893.78,77.7,1.0
7937,140,29,2640,280,893.77,78.74,1.0
7938,190,42,2690,380,893.77,78.94,1.0
7939,194,43,2694,388,893.77,79.76,1.0
7940,184,41,2684,368,893.75,78.23,1.0
7941,229,10,2729,458,893.75,128.94,1.0
7942,190,40,2690,380,893.73,78.94,1.0
7943,190,31,2690,380,893.72,78.47,1.0
7944,31,8,2531,62,893.71,84.92,1.0
7945,186,31,2686,372,893.71,80.23,1.0
7946,241,49,2741,482,893.71,88.91,1.0
7947,25,27,2525,50,893.7,66.27,1.0
7948,126,29,2626,252,893.7,73.86,1.0
7949,190,41,2690,380,893.7,78.65,1.0
7950,230,49,2730,460,893.69,87.65,1.0
7951,190,32,2690,380,893.68,79.07,1.0
7952,212,10,2712,424,893.68,124.8,1.0
7953,75,28,2575,150,893.66,73.19,1.0
7954,200,45,2700,400,893.65,80.35,1.0
7955,106,9,2606,212,893.62,102.51,1.0
7956,197,32,2697,394,893.62,84.55,1.0
7957,229,49,2729,458,893.61,88.93,1.0
7958,186,39,2686,372,893.58,79.61,1.0
7959,188,45,2688,376,893.58,79.28,1.0
7960,180,37,2680,360,893.53,78.42,1.0
7961,205,48,2705,410,893.48,83.97,1.0
7962,90,9,2590,180,893.46,102.23,1.0
7963,194,35,2694,388,893.45,80.33,1.0
7964,295,52,2795,590,893.44,100.15,1.0
7965,194,34,2694,388,893.4,79.92,1.0
7966,288,52,2788,576,893.4,93.65,1.0
7967,194,37,2694,388,893.39,79.82,1.0
7968,275,51,2775,550,893.39,95.86,1.0
7969,190,36,2690,380,893.38,79.34,1.0
7970,190,34,2690,380,893.37,78.77,1.0
7971,23,27,2523,46,893.36,68.33,1.0
7972,217,45,2717,434,893.34,86.96,1.0
7973,223,10,2723,446,893.28,124.79,1.0
7974,194,30,2694,388,893.25,80.12,1.0
7975,197,37,2697,394,893.23,84.34,1.0
7976,274,51,2774,548,893.22,96.86,1.0
7977,293,51,2793,586,893.2,96.25,1.0
7978,193,10,2693,386,893.14,121.91,1.0
7979,190,38,2690,380,893.11,78.92,1.0
7980,286,51,2786,572,893.04,97.1,1.0
7981,194,32,2694,388,893.02,80.07,1.0
7982,228,49,2728,456,893.02,88.47,1.0
7983,193,45,2693,386,892.98,81.81,1.0
7984,187,46,2687,374,892.94,81.89,1.0
7985,93,9,2593,186,892.93,102.09,1.0
7986,194,42,2694,388,892.93,79.67,1.0
7987,194,38,2694,388,892.92,81.07,1.0
7988,220,46,2720,440,892.88,87.34,1.0
7989,111,9,2611,222,892.86,104.72,1.0
7990,194,36,2694,388,892.85,80.48,1.0
7991,179,40,2679,358,892.83,80.66,1.0
7992,190,33,2690,380,892.83,79.39,1.0
7993,190,37,2690,380,892.83,78.96,1.0
7994,194,41,2694,388,892.83,80.5,1.0
7995,179,41,2679,358,892.82,81.09,1.0
7996,194,39,2694,388,892.81,80.38,1.0
7997,38,8,2538,76,892.76,87.23,1.0
7998,139,29,2639,278,892.75,76.36,1.0
7999,179,39,2679,358,892.7,81.44,1.0
8000,179,43,2679,358,892.68,80.85,1.0
8001,179,33,2679,358,892.59,81.57,1.0
8002,89,28,2589,178,892.57,73.22,1.0
8003,31,27,2531,62,892.54,66.12,1.0
8004,179,42,2679,358,892.54,80.74,1.0
8005,241,10,2741,482,892.54,132.66,1.0
8006,292,50,2792,584,892.53,99.45,1.0
8007,261,49,2761,522,892.52,90.17,1.0
8008,179,38,2679,358,892.47,81.85,1.0
8009,181,38,2681,362,892.46,78.36,1.0
8010,44,8,2544,88,892.44,89.2,1.0
8011,29,27,2529,58,892.44,65.92,1.0
8012,216,46,2716,432,892.44,84.63,1.0
8013,258,49,2758,516,892.42,92.16,1.0
8014,179,44,2679,358,892.4,81.26,1.0
8015,207,47,2707,414,892.39,85.01,1.0
8016,158,39,2658,316,892.38,80.11,1.0
8017,190,43,2690,380,892.37,78.97,1.0
8018,179,31,2679,358,892.35,81.28,1.0
8019,213,47,2713,426,892.35,84.08,1.0
8020,181,30,2681,362,892.34,78.25,1.0
8021,181,40,2681,362,892.34,78.01,1.0
8022,179,37,2679,358,892.33,81.27,1.0
8023,92,28,2592,184,892.28,73.38,1.0
8024,179,36,2679,358,892.25,81.56,1.0
8025,255,50,2755,510,892.21,94.84,1.0
8026,33,8,2533,66,892.2,83.17,1.0
8027,78,28,2578,156,892.2,71.49,1.0
8028,265,49,2765,530,892.18,92.43,1.0
8029,17,8,2517,34,892.17,81.97,1.0
8030,133,9,2633,266,892.15,110.26,1.0
8031,181,32,2681,362,892.13,78.21,1.0
8032,284,50,2784,568,892.1,95.13,1.0
8033,194,44,2694,388,892.09,80.14,1.0
8034,179,34,2679,358,892.05,81.48,1.0
8035,234,10,2734,468,892.03,129.24,1.0
8036,181,31,2681,362,892.02,77.78,1.0
8037,128,29,2628,256,892.01,74.4,1.0
8038,181,43,2681,362,892.01,78.6,1.0
8039,101,9,2601,202,891.9,103.23,1.0
8040,158,37,2658,316,891.9,80.47,1.0
8041,181,35,2681,362,891.9,77.83,1.0
8042,158,36,2658,316,891.89,79.65,1.0
8043,199,46,2699,398,891.87,85.51,1.0
8044,247,50,2747,494,891.87,90.22,1.0
8045,71,28,2571,142,891.86,69.48,1.0
8046,178,30,2678,356,891.86,81.45,1.0
8047,259,49,2759,518,891.86,93.97,1.0
8048,185,10,2685,370,891.85,119.09,1.0
8049,90,28,2590,180,891.84,72.82,1.0
8050,179,35,2679,358,891.82,81.61,1.0
8051,179,32,2679,358,891.81,81.04,1.0
8052,158,41,2658,316,891.8,80.84,1.0
8053,176,41,2676,352,891.76,78.45,1.0
8054,178,41,2678,356,891.76,79.92,1.0
8055,181,41,2681,362,891.74,78.17,1.0
8056,88,28,2588,176,891.72,72.0,1.0
8057,283,50,2783,566,891.72,100.27,1.0
8058,179,30,2679,358,891.68,81.46,1.0
8059,29,8,2529,58,891.67,83.91,1.0
8060,271,51,2771,542,891.67,96.88,1.0
8061,158,33,2658,316,891.65,80.54,1.0
8062,181,36,2681,362,891.65,78.04,1.0
8063,170,45,2670,340,891.63,80.01,1.0
8064,203,10,2703,406,891.59,124.4,1.0
8065,210,10,2710,420,891.59,125.35,1.0
8066,208,10,2708,416,891.54,123.55,1.0
8067,158,32,2658,316,891.52,80.66,1.0
8068,260,50,2760,520,891.52,92.78,1.0
8069,158,43,2658,316,891.46,79.97,1.0
8070,181,44,2681,362,891.46,78.17,1.0
8071,297,50,2797,594,891.45,102.45,1.0
8072,146,29,2646,292,891.44,77.55,1.0
8073,183,10,2683,366,891.44,120.55,1.0
8074,158,44,2658,316,891.43,80.24,1.0
8075,212,47,2712,424,891.43,83.55,1.0
8076,224,46,2724,448,891.42,88.68,1.0
8077,295,11,2795,590,891.41,142.2,1.0
8078,158,38,2658,316,891.34,79.95,1.0
8079,34,8,2534,68,891.3,84.31,1.0
8080,176,35,2676,352,891.29,78.6,1.0
8081,181,34,2681,362,891.29,78.94,1.0
8082,181,33,2681,362,891.26,78.56,1.0
8083,195,38,2695,390,891.25,81.49,1.0
8084,176,43,2676,352,891.18,77.83,1.0
8085,181,42,2681,362,891.18,78.24,1.0
8086,178,43,2678,356,891.17,80.8,1.0
8087,178,44,2678,356,891.17,79.82,1.0
8088,195,33,2695,390,891.14,82.0,1.0
8089,240,49,2740,480,891.14,90.51,1.0
8090,246,49,2746,492,891.14,89.72,1.0
8091,226,10,2726,452,891.13,126.9,1.0
8092,178,33,2678,356,891.08,80.02,1.0
8093,158,31,2658,316,891.07,80.35,1.0
8094,178,42,2678,356,891.07,80.36,1.0
8095,195,39,2695,390,891.06,80.84,1.0
8096,222,48,2722,444,891.06,84.5,1.0
8097,195,41,2695,390,891.05,81.45,1.0
8098,6,8,2506,12,891.04,73.89,1.0
8099,176,31,2676,352,891.02,78.85,1.0
8100,158,35,2658,316,891.0,80.18,1.0
8101,158,40,2658,316,890.99,80.98,1.0
8102,176,40,2676,352,890.99,78.1,1.0
8103,189,45,2689,378,890.99,81.37,1.0
8104,41,8,2541,82,890.98,87.16,1.0
8105,206,45,2706,412,890.96,85.41,1.0
8106,181,39,2681,362,890.95,79.1,1.0
8107,186,10,2686,372,890.92,118.93,1.0
8108,178,36,2678,356,890.9,80.53,1.0
8109,173,38,2673,346,890.9,78.71,1.0
8110,195,43,2695,390,890.9,81.53,1.0
8111,196,45,2696,392,890.9,83.06,1.0
8112,176,38,2676,352,890.89,78.11,1.0
8113,182,45,2682,364,890.89,83.34,1.0
8114,178,40,2678,356,890.88,80.29,1.0
8115,203,47,2703,406,890.88,83.85,1.0
8116,16,8,2516,32,890.86,81.66,1.0
8117,253,49,2753,506,890.85,93.73,1.0
8118,185,30,2685,370,890.82,79.53,1.0
8119,176,44,2676,352,890.81,78.34,1.0
8120,176,34,2676,352,890.8,78.79,1.0
8121,176,37,2676,352,890.77,77.9,1.0
8122,299,52,2799,598,890.77,97.01,1.0
8123,173,33,2673,346,890.76,79.0,1.0
8124,173,37,2673,346,890.71,78.19,1.0
8125,237,50,2737,474,890.68,91.52,1.0
8126,48,8,2548,96,890.67,87.03,1.0
8127,112,9,2612,224,890.66,104.28,1.0
8128,244,11,2744,488,890.65,128.88,1.0
8129,195,31,2695,390,890.63,81.26,1.0
8130,178,32,2678,356,890.61,80.68,1.0
8131,178,35,2678,356,890.6,80.3,1.0
8132,158,42,2658,316,890.59,80.28,1.0
8133,176,30,2676,352,890.59,78.8,1.0
8134,132,29,2632,264,890.58,76.51,1.0
8135,158,30,2658,316,890.57,81.34,1.0
8136,181,37,2681,362,890.57,79.19,1.0
8137,208,46,2708,416,890.56,86.64,1.0
8138,33,27,2533,66,890.53,66.45,1.0
8139,178,31,2678,356,890.53,80.12,1.0
8140,285,50,2785,570,890.53,93.83,1.0
8141,207,10,2707,414,890.52,126.2,1.0
8142,195,42,2695,390,890.51,81.87,1.0
8143,173,39,2673,346,890.5,78.68,1.0
8144,176,39,2676,352,890.47,78.02,1.0
8145,204,47,2704,408,890.47,84.41,1.0
8146,194,10,2694,388,890.46,118.65,1.0
8147,195,34,2695,390,890.46,81.95,1.0
8148,110,9,2610,220,890.45,102.73,1.0
8149,210,47,2710,420,890.44,85.12,1.0
8150,195,32,2695,390,890.4,81.63,1.0
8151,176,42,2676,352,890.39,78.22,1.0
8152,196,10,2696,392,890.38,121.59,1.0
8153,21,27,2521,42,890.37,66.91,1.0
8154,173,40,2673,346,890.36,79.33,1.0
8155,173,41,2673,346,890.36,78.66,1.0
8156,137,29,2637,274,890.33,78.7,1.0
8157,149,29,2649,298,890.33,76.52,1.0
8158,173,34,2673,346,890.3,78.5,1.0
8159,185,36,2685,370,890.3,79.76,1.0
8160,195,36,2695,390,890.3,81.84,1.0
8161,81,9,2581,162,890.29,95.41,1.0
8162,173,32,2673,346,890.26,79.26,1.0
8163,185,41,2685,370,890.26,80.02,1.0
8164,176,33,2676,352,890.21,78.74,1.0
8165,82,9,2582,164,890.19,96.81,1.0
8166,244,48,2744,488,890.19,89.09,1.0
8167,178,39,2678,356,890.17,80.36,1.0
8168,176,36,2676,352,890.16,77.56,1.0
8169,178,34,2678,356,890.15,80.09,1.0
8170,218,49,2718,436,890.15,85.91,1.0
8171,263,51,2763,526,890.15,96.38,1.0
8172,42,8,2542,84,890.12,89.73,1.0
8173,28,27,2528,56,890.12,67.53,1.0
8174,185,44,2685,370,890.09,80.13,1.0
8175,248,49,2748,496,890.07,90.48,1.0
8176,195,35,2695,390,890.05,81.74,1.0
8177,195,37,2695,390,890.02,81.76,1.0
8178,173,30,2673,346,890.01,78.71,1.0
8179,30,27,2530,60,889.99,65.87,1.0
8180,181,10,2681,362,889.99,118.03,1.0
8181,8,8,2508,16,889.98,77.9,1.0
8182,185,37,2685,370,889.98,79.14,1.0
8183,290,50,2790,580,889.97,96.74,1.0
8184,178,37,2678,356,889.94,80.28,1.0
8185,191,33,2691,382,889.94,84.4,1.0
8186,191,40,2691,382,889.94,84.06,1.0
8187,173,31,2673,346,889.94,78.78,1.0
8188,152,9,2652,304,889.93,113.23,1.0
8189,22,8,2522,44,889.9,81.15,1.0
8190,176,32,2676,352,889.89,77.86,1.0
8191,280,50,2780,560,889.89,96.06,1.0
8192,191,44,2691,382,889.85,84.05,1.0
8193,185,42,2685,370,889.85,79.67,1.0
8194,60,8,2560,120,889.84,91.09,1.0
8195,237,10,2737,474,889.83,130.44,1.0
8196,158,34,2658,316,889.82,80.44,1.0
8197,178,38,2678,356,889.82,81.36,1.0
8198,191,37,2691,382,889.77,84.02,1.0
8199,164,10,2664,328,889.75,112.94,1.0
8200,185,39,2685,370,889.72,79.68,1.0
8201,122,9,2622,244,889.7,105.33,1.0
8202,195,44,2695,390,889.69,81.66,1.0
8203,185,31,2685,370,889.68,79.83,1.0
8204,173,35,2673,346,889.65,79.12,1.0
8205,249,50,2749,498,889.65,90.42,1.0
8206,185,32,2685,370,889.63,79.56,1.0
8207,185,40,2685,370,889.63,79.79,1.0
8208,185,43,2685,370,889.63,79.06,1.0
8209,239,49,2739,478,889.59,89.59,1.0
8210,173,36,2673,346,889.58,78.59,1.0
8211,195,30,2695,390,889.58,82.12,1.0
8212,191,38,2691,382,889.57,84.2,1.0
8213,65,28,2565,130,889.54,70.29,1.0
8214,191,35,2691,382,889.51,83.37,1.0
8215,37,8,2537,74,889.5,84.37,1.0
8216,173,43,2673,346,889.5,78.42,1.0
8217,136,9,2636,272,889.49,109.19,1.0
8218,173,42,2673,346,889.49,78.95,1.0
8219,192,43,2692,384,889.49,83.58,1.0
8220,221,49,2721,442,889.49,90.48,1.0
8221,191,43,2691,382,889.48,84.76,1.0
8222,184,45,2684,368,889.47,78.7,1.0
8223,282,51,2782,564,889.47,96.41,1.0
8224,27,8,2527,54,889.45,81.86,1.0
8225,235,48,2735,470,889.44,89.87,1.0
8226,185,38,2685,370,889.42,79.61,1.0
8227,185,33,2685,370,889.36,79.03,1.0
8228,191,32,2691,382,889.33,83.51,1.0
8229,186,45,2686,372,889.31,80.71,1.0
8230,191,30,2691,382,889.27,84.54,1.0
8231,87,28,2587,174,889.24,75.69,1.0
8232,226,49,2726,452,889.18,86.91,1.0
8233,192,38,2692,384,889.16,83.35,1.0
8234,289,51,2789,578,889.12,94.94,1.0
8235,278,11,2778,556,889.09,137.21,1.0
8236,273,51,2773,546,889.08,96.84,1.0
8237,191,39,2691,382,889.05,84.11,1.0
8238,14,27,2514,28,889.0,65.21,1.0
8239,191,42,2691,382,888.97,84.38,1.0
8240,256,50,2756,512,888.97,96.0,1.0
8241,191,31,2691,382,888.96,84.06,1.0
8242,185,34,2685,370,888.95,80.13,1.0
8243,231,49,2731,462,888.95,86.06,1.0
8244,195,40,2695,390,888.92,81.46,1.0
8245,136,29,2636,272,888.9,78.24,1.0
8246,191,34,2691,382,888.9,84.74,1.0
8247,191,36,2691,382,888.9,84.29,1.0
8248,192,34,2692,384,888.89,83.74,1.0
8249,173,44,2673,346,888.84,78.93,1.0
8250,192,36,2692,384,888.82,83.47,1.0
8251,115,29,2615,230,888.8,74.61,1.0
8252,168,37,2668,336,888.8,78.05,1.0
8253,191,41,2691,382,888.8,84.05,1.0
8254,192,33,2692,384,888.66,83.62,1.0
8255,185,35,2685,370,888.63,79.78,1.0
8256,232,48,2732,464,888.62,89.99,1.0
8257,168,41,2668,336,888.55,78.63,1.0
8258,192,41,2692,384,888.55,83.36,1.0
8259,282,11,2782,564,888.48,133.76,1.0
8260,192,42,2692,384,888.47,84.53,1.0
8261,35,8,2535,70,888.44,88.27,1.0
8262,188,46,2688,376,888.41,80.33,1.0
8263,192,30,2692,384,888.41,84.39,1.0
8264,192,35,2692,384,888.4,83.31,1.0
8265,267,50,2767,534,888.4,93.74,1.0
8266,268,50,2768,536,888.4,94.34,1.0
8267,51,8,2551,102,888.39,89.54,1.0
8268,74,28,2574,148,888.38,71.34,1.0
8269,168,31,2668,336,888.35,79.11,1.0
8270,291,52,2791,582,888.34,99.79,1.0
8271,168,36,2668,336,888.3,78.77,1.0
8272,287,11,2787,574,888.24,137.0,1.0
8273,168,35,2668,336,888.23,79.02,1.0
8274,223,48,2723,446,888.21,86.89,1.0
8275,168,34,2668,336,888.16,78.55,1.0
8276,180,45,2680,360,888.16,79.3,1.0
8277,172,34,2672,344,888.16,80.5,1.0
8278,172,44,2672,344,888.15,80.67,1.0
8279,209,49,2709,418,888.15,86.28,1.0
8280,192,39,2692,384,888.11,83.79,1.0
8281,172,30,2672,344,888.09,80.97,1.0
8282,167,30,2667,334,888.07,79.19,1.0
8283,168,39,2668,336,888.06,78.53,1.0
8284,168,33,2668,336,888.03,79.06,1.0
8285,168,38,2668,336,888.02,78.61,1.0
8286,192,44,2692,384,888.02,84.27,1.0
8287,177,43,2677,354,887.99,78.38,1.0
8288,192,37,2692,384,887.99,83.63,1.0
8289,192,40,2692,384,887.98,85.12,1.0
8290,167,40,2667,334,887.95,79.78,1.0
8291,200,46,2700,400,887.94,81.65,1.0
8292,167,31,2667,334,887.93,79.22,1.0
8293,168,42,2668,336,887.92,78.24,1.0
8294,168,44,2668,336,887.92,78.58,1.0
8295,172,32,2672,344,887.92,79.88,1.0
8296,30,8,2530,60,887.91,82.28,1.0
8297,148,9,2648,296,887.87,111.38,1.0
8298,168,30,2668,336,887.87,79.28,1.0
8299,168,32,2668,336,887.83,78.27,1.0
8300,238,49,2738,476,887.81,87.21,1.0
8301,192,32,2692,384,887.77,83.67,1.0
8302,168,43,2668,336,887.76,79.22,1.0
8303,167,33,2667,334,887.75,79.75,1.0
8304,177,36,2677,354,887.75,78.81,1.0
8305,172,42,2672,344,887.72,80.75,1.0
8306,251,50,2751,502,887.72,90.78,1.0
8307,177,34,2677,354,887.7,79.46,1.0
8308,192,31,2692,384,887.7,83.78,1.0
8309,236,50,2736,472,887.69,89.14,1.0
8310,177,44,2677,354,887.64,79.16,1.0
8311,167,44,2667,334,887.63,79.21,1.0
8312,39,27,2539,78,887.6,69.58,1.0
8313,177,38,2677,354,887.6,79.05,1.0
8314,168,40,2668,336,887.59,78.31,1.0
8315,177,32,2677,354,887.56,78.93,1.0
8316,201,46,2701,402,887.56,84.57,1.0
8317,84,28,2584,168,887.55,72.29,1.0
8318,177,40,2677,354,887.55,78.76,1.0
8319,231,10,2731,462,887.51,127.0,1.0
8320,167,32,2667,334,887.5,78.63,1.0
8321,225,48,2725,450,887.49,86.66,1.0
8322,167,42,2667,334,887.48,78.92,1.0
8323,177,31,2677,354,887.46,78.51,1.0
8324,32,27,2532,64,887.43,69.48,1.0
8325,234,49,2734,468,887.4,90.57,1.0
8326,242,49,2742,484,887.38,88.08,1.0
8327,167,36,2667,334,887.37,79.31,1.0
8328,167,39,2667,334,887.37,79.95,1.0
8329,167,41,2667,334,887.3,79.12,1.0
8330,134,29,2634,268,887.26,75.59,1.0
8331,177,30,2677,354,887.26,79.13,1.0
8332,216,11,2716,432,887.26,129.05,1.0
8333,202,10,2702,404,887.24,121.89,1.0
8334,250,50,2750,500,887.21,91.81,1.0
8335,114,9,2614,228,887.19,104.88,1.0
8336,298,52,2798,596,887.18,100.84,1.0
8337,179,45,2679,358,887.14,82.22,1.0
8338,167,38,2667,334,887.13,80.02,1.0
8339,261,11,2761,522,887.13,133.14,1.0
8340,20,8,2520,40,887.12,82.24,1.0
8341,172,36,2672,344,887.1,79.79,1.0
8342,227,48,2727,454,887.1,90.57,1.0
8343,18,27,2518,36,887.08,66.17,1.0
8344,172,35,2672,344,887.08,80.03,1.0
8345,167,35,2667,334,887.06,78.69,1.0
8346,172,37,2672,344,887.04,80.11,1.0
8347,197,45,2697,394,887.02,85.36,1.0
8348,172,38,2672,344,887.01,79.96,1.0
8349,219,48,2719,438,886.97,86.46,1.0
8350,177,42,2677,354,886.96,79.11,1.0
8351,265,11,2765,530,886.95,129.95,1.0
8352,214,47,2714,428,886.91,83.13,1.0
8353,245,50,2745,490,886.91,92.42,1.0
8354,177,33,2677,354,886.9,79.77,1.0
8355,172,43,2672,344,886.9,80.69,1.0
8356,300,52,2800,600,886.9,103.7,1.0
8357,190,45,2690,380,886.89,80.33,1.0
8358,177,35,2677,354,886.86,79.5,1.0
8359,194,45,2694,388,886.85,80.55,1.0
8360,80,28,2580,160,886.83,72.29,1.0
8361,177,37,2677,354,886.83,78.8,1.0
8362,173,45,2673,346,886.81,78.79,1.0
8363,167,43,2667,334,886.78,79.75,1.0
8364,24,27,2524,48,886.76,67.61,1.0
8365,177,41,2677,354,886.74,78.73,1.0
8366,285,11,2785,570,886.72,135.99,1.0
8367,199,47,2699,398,886.71,85.83,1.0
8368,287,51,2787,574,886.69,97.89,1.0
8369,167,34,2667,334,886.67,79.23,1.0
8370,269,51,2769,538,886.67,94.31,1.0
8371,170,46,2670,340,886.65,80.88,1.0
8372,177,39,2677,354,886.65,79.14,1.0
8373,172,33,2672,344,886.65,80.68,1.0
8374,211,48,2711,422,886.6,84.89,1.0
8375,172,39,2672,344,886.59,80.43,1.0
8376,102,9,2602,204,886.57,104.05,1.0
8377,172,41,2672,344,886.5,80.53,1.0
8378,22,27,2522,44,886.48,65.84,1.0
8379,61,8,2561,122,886.47,92.4,1.0
8380,243,46,2743,486,886.4,89.63,1.0
8381,121,29,2621,242,886.39,74.87,1.0
8382,202,47,2702,404,886.37,83.63,1.0
8383,127,9,2627,254,886.36,109.11,1.0
8384,172,40,2672,344,886.36,80.75,1.0
8385,213,48,2713,426,886.36,85.46,1.0
8386,228,10,2728,456,886.35,128.4,1.0
8387,79,28,2579,158,886.32,74.4,1.0
8388,294,52,2794,588,886.31,100.08,1.0
8389,264,51,2764,528,886.29,93.65,1.0
8390,266,51,2766,532,886.29,95.89,1.0
8391,167,37,2667,334,886.24,78.57,1.0
8392,277,50,2777,554,886.23,96.82,1.0
8393,198,46,2698,396,886.2,84.59,1.0
8394,172,31,2672,344,886.16,80.33,1.0
8395,158,9,2658,316,886.09,120.26,1.0
8396,73,28,2573,146,886.07,71.83,1.0
8397,65,8,2565,130,886.06,92.14,1.0
8398,215,48,2715,430,886.05,87.71,1.0
8399,189,46,2689,378,886.04,81.25,1.0
8400,193,46,2693,386,886.01,82.99,1.0
8401,249,10,2749,498,886.0,131.69,1.0
8402,81,28,2581,162,885.97,72.19,1.0
8403,220,47,2720,440,885.96,89.03,1.0
8404,176,45,2676,352,885.93,78.84,1.0
8405,252,49,2752,504,885.81,93.78,1.0
8406,206,46,2706,412,885.77,86.01,1.0
8407,178,45,2678,356,885.74,81.73,1.0
8408,205,49,2705,410,885.7,86.2,1.0
8409,39,8,2539,78,885.62,86.71,1.0
8410,217,46,2717,434,885.58,88.37,1.0
8411,40,8,2540,80,885.55,86.08,1.0
8412,79,8,2579,158,885.55,98.91,1.0
8413,233,50,2733,466,885.51,86.84,1.0
8414,277,11,2777,554,885.46,137.49,1.0
8415,279,51,2779,558,885.41,97.59,1.0
8416,257,52,2757,514,885.39,94.01,1.0
8417,254,50,2754,508,885.38,95.09,1.0
8418,281,52,2781,562,885.33,99.31,1.0
8419,132,9,2632,264,885.31,108.93,1.0
8420,275,52,2775,550,885.31,96.9,1.0
8421,222,49,2722,444,885.26,85.48,1.0
8422,78,8,2578,156,885.24,99.71,1.0
8423,158,45,2658,316,885.21,81.47,1.0
8424,161,43,2661,322,885.15,78.77,1.0
8425,170,9,2670,340,885.13,118.58,1.0
8426,278,51,2778,556,885.1,95.35,1.0
8427,196,46,2696,392,885.06,83.62,1.0
8428,161,44,2661,322,885.04,78.34,1.0
8429,216,47,2716,432,885.01,85.12,1.0
8430,161,33,2661,322,884.99,78.49,1.0
8431,62,8,2562,124,884.93,93.66,1.0
8432,1,27,2501,2,884.88,63.37,1.0
8433,235,49,2735,470,884.86,89.65,1.0
8434,184,46,2684,368,884.82,80.2,1.0
8435,55,8,2555,110,884.8,91.09,1.0
8436,118,9,2618,236,884.8,103.76,1.0
8437,161,38,2661,322,884.78,79.36,1.0
8438,161,34,2661,322,884.75,79.09,1.0
8439,229,50,2729,458,884.74,90.38,1.0
8440,182,46,2682,364,884.7,83.35,1.0
8441,293,52,2793,586,884.62,97.06,1.0
8442,296,53,2796,592,884.61,99.03,1.0
8443,161,37,2661,322,884.6,79.31,1.0
8444,262,51,2762,524,884.6,94.18,1.0
8445,135,9,2635,270,884.56,112.83,1.0
8446,53,8,2553,106,884.54,89.42,1.0
8447,161,39,2661,322,884.49,79.26,1.0
8448,181,45,2681,362,884.46,78.8,1.0
8449,56,8,2556,112,884.45,90.36,1.0
8450,161,40,2661,322,884.39,79.11,1.0
8451,247,51,2747,494,884.39,90.82,1.0
8452,284,51,2784,568,884.39,95.17,1.0
8453,228,50,2728,456,884.38,89.92,1.0
8454,220,10,2720,440,884.37,128.87,1.0
8455,161,30,2661,322,884.32,78.39,1.0
8456,120,9,2620,240,884.3,106.7,1.0
8457,161,32,2661,322,884.3,78.86,1.0
8458,265,50,2765,530,884.3,92.73,1.0
8459,161,42,2661,322,884.23,78.68,1.0
8460,198,10,2698,396,884.22,122.96,1.0
8461,68,28,2568,136,884.14,69.09,1.0
8462,174,37,2674,348,884.13,79.48,1.0
8463,161,31,2661,322,884.12,77.95,1.0
8464,270,11,2770,540,884.12,136.68,1.0
8465,69,28,2569,138,884.1,70.96,1.0
8466,186,46,2686,372,884.1,81.26,1.0
8467,27,27,2527,54,884.06,65.4,1.0
8468,161,36,2661,322,884.06,79.07,1.0
8469,254,10,2754,508,884.02,136.83,1.0
8470,208,47,2708,416,883.98,87.64,1.0
8471,224,47,2724,448,883.97,90.08,1.0
8472,161,41,2661,322,883.92,78.78,1.0
8473,185,45,2685,370,883.92,79.93,1.0
8474,165,36,2665,330,883.89,76.85,1.0
8475,161,35,2661,322,883.88,78.68,1.0
8476,240,50,2740,480,883.83,91.22,1.0
8477,195,45,2695,390,883.81,83.05,1.0
8478,256,10,2756,512,883.71,132.42,1.0
8479,272,50,2772,544,883.7,94.87,1.0
8480,232,49,2732,464,883.68,89.67,1.0
8481,292,51,2792,584,883.63,101.14,1.0
8482,68,8,2568,136,883.59,91.79,1.0
8483,258,50,2758,516,883.58,93.25,1.0
8484,187,47,2687,374,883.57,83.4,1.0
8485,259,50,2759,518,883.55,94.13,1.0
8486,207,48,2707,414,883.54,85.98,1.0
8487,191,45,2691,382,883.53,84.67,1.0
8488,218,50,2718,436,883.53,87.5,1.0
8489,165,38,2665,330,883.42,76.98,1.0
8490,227,10,2727,454,883.41,129.17,1.0
8491,204,10,2704,408,883.37,123.88,1.0
8492,166,9,2666,332,883.35,115.46,1.0
8493,255,51,2755,510,883.34,97.22,1.0
8494,239,50,2739,478,883.31,89.77,1.0
8495,260,51,2760,520,883.29,93.66,1.0
8496,246,50,2746,492,883.28,90.42,1.0
8497,247,10,2747,494,883.27,131.55,1.0
8498,168,45,2668,336,883.26,79.45,1.0
8499,109,9,2609,218,883.25,104.92,1.0
8500,165,37,2665,330,883.21,76.55,1.0
8501,49,8,2549,98,883.19,90.3,1.0
8502,165,33,2665,330,883.17,76.42,1.0
8503,174,41,2674,348,883.15,79.45,1.0
8504,172,9,2672,344,883.15,119.05,1.0
8505,271,52,2771,542,883.15,97.22,1.0
8506,165,39,2665,330,883.13,76.68,1.0
8507,165,35,2665,330,883.11,76.72,1.0
8508,165,32,2665,330,883.1,76.46,1.0
8509,256,51,2756,512,883.07,97.0,1.0
8510,50,8,2550,100,883.04,90.23,1.0
8511,230,50,2730,460,883.04,88.78,1.0
8512,165,40,2665,330,883.01,77.06,1.0
8513,235,10,2735,470,883.0,133.44,1.0
8514,165,44,2665,330,882.98,76.71,1.0
8515,130,29,2630,260,882.94,74.54,1.0
8516,75,8,2575,150,882.92,98.92,1.0
8517,165,34,2665,330,882.9,76.69,1.0
8518,205,9,2705,410,882.88,121.96,1.0
8519,163,31,2663,326,882.86,79.69,1.0
8520,165,31,2665,330,882.83,76.42,1.0
8521,270,50,2770,540,882.79,94.86,1.0
8522,188,47,2688,376,882.77,81.57,1.0
8523,203,48,2703,406,882.77,85.43,1.0
8524,241,50,2741,482,882.74,90.5,1.0
8525,165,42,2665,330,882.73,76.97,1.0
8526,288,53,2788,576,882.71,95.32,1.0
8527,174,44,2674,348,882.7,80.52,1.0
8528,125,9,2625,250,882.64,107.1,1.0
8529,168,9,2668,336,882.64,115.91,1.0
8530,174,43,2674,348,882.63,80.56,1.0
8531,138,9,2638,276,882.59,111.74,1.0
8532,163,40,2663,326,882.57,79.37,1.0
8533,103,29,2603,206,882.56,73.23,1.0
8534,261,50,2761,522,882.56,92.6,1.0
8535,174,33,2674,348,882.54,80.26,1.0
8536,174,42,2674,348,882.54,79.63,1.0
8537,174,34,2674,348,882.51,80.53,1.0
8538,191,10,2691,382,882.48,122.98,1.0
8539,163,37,2663,326,882.46,78.8,1.0
8540,172,45,2672,344,882.46,81.97,1.0
8541,163,34,2663,326,882.44,78.91,1.0
8542,174,30,2674,348,882.32,80.25,1.0
8543,174,40,2674,348,882.32,81.03,1.0
8544,210,48,2710,420,882.32,85.76,1.0
8545,163,33,2663,326,882.31,80.07,1.0
8546,174,32,2674,348,882.3,80.28,1.0
8547,163,43,2663,326,882.26,79.33,1.0
8548,163,42,2663,326,882.25,79.35,1.0
8549,174,39,2674,348,882.25,80.64,1.0
8550,20,27,2520,40,882.23,65.81,1.0
8551,174,31,2674,348,882.19,80.4,1.0
8552,165,30,2665,330,882.15,76.46,1.0
8553,163,30,2663,326,882.11,78.52,1.0
8554,166,30,2666,332,882.07,78.65,1.0
8555,15,27,2515,30,882.05,63.88,1.0
8556,165,41,2665,330,882.04,76.82,1.0
8557,72,28,2572,144,882.01,70.13,1.0
8558,180,46,2680,360,882.01,80.73,1.0
8559,174,36,2674,348,881.99,79.95,1.0
8560,165,43,2665,330,881.97,77.14,1.0
8561,253,50,2753,506,881.97,96.0,1.0
8562,204,48,2704,408,881.95,85.5,1.0
8563,163,32,2663,326,881.94,78.98,1.0
8564,139,9,2639,278,881.93,109.35,1.0
8565,173,46,2673,346,881.91,79.9,1.0
8566,201,47,2701,402,881.88,85.57,1.0
8567,174,38,2674,348,881.87,79.65,1.0
8568,237,51,2737,474,881.87,93.49,1.0
8569,286,52,2786,572,881.85,99.12,1.0
8570,19,27,2519,38,881.83,66.44,1.0
8571,7,27,2507,14,881.83,64.82,1.0
8572,201,10,2701,402,881.81,120.64,1.0
8573,163,35,2663,326,881.8,79.11,1.0
8574,166,32,2666,332,881.77,77.94,1.0
8575,174,35,2674,348,881.75,80.29,1.0
8576,170,47,2670,340,881.74,81.53,1.0
8577,183,35,2683,366,881.74,81.12,1.0
8578,232,10,2732,464,881.73,128.66,1.0
8579,141,9,2641,282,881.72,111.24,1.0
8580,183,38,2683,366,881.72,81.32,1.0
8581,166,36,2666,332,881.71,78.84,1.0
8582,163,39,2663,326,881.69,78.8,1.0
8583,293,11,2793,586,881.68,137.23,1.0
8584,273,52,2773,546,881.67,96.71,1.0
8585,190,46,2690,380,881.65,80.58,1.0
8586,63,8,2563,126,881.62,94.98,1.0
8587,163,41,2663,326,881.62,79.25,1.0
8588,192,45,2692,384,881.62,84.42,1.0
8589,166,42,2666,332,881.58,78.69,1.0
8590,166,39,2666,332,881.55,78.71,1.0
8591,166,35,2666,332,881.54,78.6,1.0
8592,257,10,2757,514,881.54,134.22,1.0
8593,163,36,2663,326,881.53,78.76,1.0
8594,166,40,2666,332,881.53,77.62,1.0
8595,166,41,2666,332,881.53,78.34,1.0
8596,200,47,2700,400,881.51,83.37,1.0
8597,212,48,2712,424,881.51,84.15,1.0
8598,258,10,2758,516,881.5,136.37,1.0
8599,166,38,2666,332,881.47,77.59,1.0
8600,166,33,2666,332,881.46,77.91,1.0
8601,11,27,2511,22,881.45,65.88,1.0
8602,94,8,2594,188,881.45,102.78,1.0
8603,167,45,2667,334,881.43,79.96,1.0
8604,171,34,2671,342,881.39,80.4,1.0
8605,177,45,2677,354,881.33,80.15,1.0
8606,12,27,2512,24,881.31,64.1,1.0
8607,231,50,2731,462,881.31,88.03,1.0
8608,248,50,2748,496,881.31,91.17,1.0
8609,62,28,2562,124,881.3,72.56,1.0
8610,119,29,2619,238,881.29,75.13,1.0
8611,163,44,2663,326,881.23,79.58,1.0
8612,299,53,2799,598,881.23,98.27,1.0
8613,118,29,2618,236,881.16,76.02,1.0
8614,163,38,2663,326,881.15,80.09,1.0
8615,225,10,2725,450,881.12,127.81,1.0
8616,166,31,2666,332,881.02,78.11,1.0
8617,134,9,2634,268,881.0,110.62,1.0
8618,183,37,2683,366,880.97,81.65,1.0
8619,183,31,2683,366,880.96,81.45,1.0
8620,171,42,2671,342,880.95,80.71,1.0
8621,183,41,2683,366,880.94,80.78,1.0
8622,183,33,2683,366,880.93,81.67,1.0
8623,226,50,2726,452,880.93,88.55,1.0
8624,171,44,2671,342,880.92,81.06,1.0
8625,171,31,2671,342,880.9,81.69,1.0
8626,183,40,2683,366,880.89,81.24,1.0
8627,166,34,2666,332,880.86,78.46,1.0
8628,166,37,2666,332,880.84,78.69,1.0
8629,171,36,2671,342,880.84,81.0,1.0
8630,263,52,2763,526,880.84,98.0,1.0
8631,83,8,2583,166,880.75,94.82,1.0
8632,295,53,2795,590,880.72,102.09,1.0
8633,183,36,2683,366,880.71,81.11,1.0
8634,82,28,2582,164,880.7,72.11,1.0
8635,183,30,2683,366,880.67,81.47,1.0
8636,209,50,2709,418,880.66,86.77,1.0
8637,186,47,2686,372,880.63,81.98,1.0
8638,171,33,2671,342,880.63,81.17,1.0
8639,171,30,2671,342,880.61,80.59,1.0
8640,171,41,2671,342,880.6,80.85,1.0
8641,242,50,2742,484,880.57,89.86,1.0
8642,47,28,2547,94,880.53,69.15,1.0
8643,183,32,2683,366,880.53,81.84,1.0
8644,171,35,2671,342,880.47,79.97,1.0
8645,166,43,2666,332,880.43,78.38,1.0
8646,150,9,2650,300,880.38,111.64,1.0
8647,183,42,2683,366,880.38,81.58,1.0
8648,183,39,2683,366,880.36,81.42,1.0
8649,213,10,2713,426,880.36,125.58,1.0
8650,276,51,2776,552,880.32,99.6,1.0
8651,128,9,2628,256,880.3,108.98,1.0
8652,244,49,2744,488,880.3,90.29,1.0
8653,175,35,2675,350,880.28,81.65,1.0
8654,183,44,2683,366,880.27,81.03,1.0
8655,195,10,2695,390,880.25,120.57,1.0
8656,171,39,2671,342,880.22,80.7,1.0
8657,268,51,2768,536,880.21,95.63,1.0
8658,45,8,2545,90,880.19,87.33,1.0
8659,246,10,2746,492,880.18,128.61,1.0
8660,197,46,2697,394,880.17,86.39,1.0
8661,127,29,2627,254,880.16,77.71,1.0
8662,243,11,2743,486,880.15,130.92,1.0
8663,166,44,2666,332,880.13,78.56,1.0
8664,181,46,2681,362,880.13,79.84,1.0
8665,179,46,2679,358,880.12,83.16,1.0
8666,217,47,2717,434,880.11,87.06,1.0
8667,17,27,2517,34,880.1,66.24,1.0
8668,158,46,2658,316,880.09,82.5,1.0
8669,175,42,2675,350,880.06,81.7,1.0
8670,285,51,2785,570,880.03,95.86,1.0
8671,274,52,2774,548,880.03,97.58,1.0
8672,161,9,2661,322,880.01,114.79,1.0
8673,182,47,2682,364,880.01,84.52,1.0
8674,183,43,2683,366,880.0,80.96,1.0
8675,152,40,2652,304,879.95,78.07,1.0
8676,171,40,2671,342,879.94,80.72,1.0
8677,219,49,2719,438,879.92,87.71,1.0
8678,267,51,2767,534,879.92,94.38,1.0
8679,125,29,2625,250,879.91,74.74,1.0
8680,175,31,2675,350,879.9,81.49,1.0
8681,171,38,2671,342,879.9,80.79,1.0
8682,5,27,2505,10,879.89,64.69,1.0
8683,198,47,2698,396,879.89,84.76,1.0
8684,171,32,2671,342,879.87,80.68,1.0
8685,248,10,2748,496,879.8,131.01,1.0
8686,194,46,2694,388,879.76,81.46,1.0
8687,214,10,2714,428,879.76,122.3,1.0
8688,175,36,2675,350,879.73,82.29,1.0
8689,61,28,2561,122,879.72,69.49,1.0
8690,175,33,2675,350,879.67,81.91,1.0
8691,183,34,2683,366,879.66,81.85,1.0
8692,175,37,2675,350,879.65,81.95,1.0
8693,211,49,2711,422,879.65,85.92,1.0
8694,171,37,2671,342,879.64,81.14,1.0
8695,238,50,2738,476,879.61,86.92,1.0
8696,175,44,2675,350,879.6,82.63,1.0
8697,280,51,2780,560,879.59,97.42,1.0
8698,243,47,2743,486,879.58,90.67,1.0
8699,214,48,2714,428,879.56,84.66,1.0
8700,175,41,2675,350,879.54,81.48,1.0
8701,283,51,2783,566,879.54,101.31,1.0
8702,175,38,2675,350,879.53,81.67,1.0
8703,1,7,2501,2,879.5,73.7,1.0
8704,171,43,2671,342,879.49,80.55,1.0
8705,282,52,2782,564,879.49,96.95,1.0
8706,290,51,2790,580,879.49,97.84,1.0
8707,234,50,2734,468,879.46,91.82,1.0
8708,9,27,2509,18,879.43,65.09,1.0
8709,175,34,2675,350,879.36,82.46,1.0
8710,196,47,2696,392,879.24,84.97,1.0
8711,175,40,2675,350,879.22,81.89,1.0
8712,297,11,2797,594,879.21,142.48,1.0
8713,175,43,2675,350,879.2,82.41,1.0
8714,175,30,2675,350,879.19,81.91,1.0
8715,251,51,2751,502,879.18,92.43,1.0
8716,297,51,2797,594,879.18,103.32,1.0
8717,175,39,2675,350,879.16,82.31,1.0
8718,152,32,2652,304,879.15,77.3,1.0
8719,202,48,2702,404,879.14,85.35,1.0
8720,175,32,2675,350,879.12,82.43,1.0
8721,289,52,2789,578,879.12,95.66,1.0
8722,109,29,2609,218,879.06,74.43,1.0
8723,199,48,2699,398,879.05,87.58,1.0
8724,162,9,2662,324,879.04,116.92,1.0
8725,239,10,2739,478,879.02,129.49,1.0
8726,178,46,2678,356,879.0,81.72,1.0
8727,70,28,2570,140,878.96,71.11,1.0
8728,251,10,2751,502,878.96,131.46,1.0
8729,152,31,2652,304,878.95,78.39,1.0
8730,152,41,2652,304,878.93,78.11,1.0
8731,152,43,2652,304,878.93,78.81,1.0
8732,167,9,2667,334,878.93,117.96,1.0
8733,152,33,2652,304,878.92,78.17,1.0
8734,152,37,2652,304,878.91,78.13,1.0
8735,189,47,2689,378,878.91,81.3,1.0
8736,67,28,2567,134,878.86,70.29,1.0
8737,225,49,2725,450,878.79,87.07,1.0
8738,152,36,2652,304,878.76,77.54,1.0
8739,161,45,2661,322,878.7,79.46,1.0
8740,46,28,2546,92,878.65,68.68,1.0
8741,193,47,2693,386,878.62,83.99,1.0
8742,152,34,2652,304,878.61,78.39,1.0
8743,112,29,2612,224,878.57,75.26,1.0
8744,48,28,2548,96,878.54,69.48,1.0
8745,223,49,2723,446,878.54,88.77,1.0
8746,252,50,2752,504,878.51,94.07,1.0
8747,56,28,2556,112,878.48,69.13,1.0
8748,120,29,2620,240,878.47,78.0,1.0
8749,233,51,2733,466,878.31,89.36,1.0
8750,187,48,2687,374,878.27,84.21,1.0
8751,152,39,2652,304,878.25,78.84,1.0
8752,206,47,2706,412,878.24,86.57,1.0
8753,168,46,2668,336,878.23,79.91,1.0
8754,110,29,2610,220,878.21,73.98,1.0
8755,111,29,2611,222,878.2,74.95,1.0
8756,10,27,2510,20,878.18,64.34,1.0
8757,88,8,2588,176,878.18,94.6,1.0
8758,53,28,2553,106,878.17,69.56,1.0
8759,152,35,2652,304,878.13,78.91,1.0
8760,152,38,2652,304,878.13,77.91,1.0
8761,277,51,2777,554,878.12,97.77,1.0
8762,269,10,2769,538,878.1,135.93,1.0
8763,264,52,2764,528,878.08,94.61,1.0
8764,176,46,2676,352,878.07,80.26,1.0
8765,205,50,2705,410,878.04,86.5,1.0
8766,221,50,2721,442,878.03,91.94,1.0
8767,271,10,2771,542,878.03,140.38,1.0
8768,152,44,2652,304,877.96,77.97,1.0
8769,137,9,2637,274,877.95,113.05,1.0
8770,156,9,2656,312,877.93,114.95,1.0
8771,254,51,2754,508,877.91,95.95,1.0
8772,163,45,2663,326,877.9,79.43,1.0
8773,215,49,2715,430,877.9,89.58,1.0
8774,195,46,2695,390,877.84,83.59,1.0
8775,157,9,2657,314,877.82,117.93,1.0
8776,140,9,2640,280,877.81,110.08,1.0
8777,151,33,2651,302,877.78,76.84,1.0
8778,117,9,2617,234,877.69,108.59,1.0
8779,260,10,2760,520,877.66,130.32,1.0
8780,187,9,2687,374,877.65,122.69,1.0
8781,272,11,2772,544,877.65,136.23,1.0
8782,292,11,2792,584,877.65,139.07,1.0
8783,151,9,2651,302,877.62,112.3,1.0
8784,69,8,2569,138,877.6,96.74,1.0
8785,152,42,2652,304,877.59,78.59,1.0
8786,291,53,2791,582,877.57,101.08,1.0
8787,152,30,2652,304,877.56,78.82,1.0
8788,281,53,2781,562,877.55,100.77,1.0
8789,222,50,2722,444,877.54,86.65,1.0
8790,165,45,2665,330,877.46,77.31,1.0
8791,74,8,2574,148,877.45,95.81,1.0
8792,151,35,2651,302,877.45,77.47,1.0
8793,170,48,2670,340,877.39,82.35,1.0
8794,76,28,2576,152,877.36,71.38,1.0
8795,220,48,2720,440,877.35,89.38,1.0
8796,151,44,2651,302,877.32,77.45,1.0
8797,151,36,2651,302,877.31,77.13,1.0
8798,249,51,2749,498,877.27,92.34,1.0
8799,184,47,2684,368,877.25,80.26,1.0
8800,213,49,2713,426,877.25,86.05,1.0
8801,245,51,2745,490,877.25,92.91,1.0
8802,151,37,2651,302,877.24,76.18,1.0
8803,151,42,2651,302,877.21,75.77,1.0
8804,197,10,2697,394,877.18,125.57,1.0
8805,52,28,2552,104,877.17,69.67,1.0
8806,151,32,2651,302,877.14,75.62,1.0
8807,151,41,2651,302,877.1,76.72,1.0
8808,151,31,2651,302,877.09,76.86,1.0
8809,227,49,2727,454,877.09,90.93,1.0
8810,13,27,2513,26,877.08,65.86,1.0
8811,104,29,2604,208,877.08,75.01,1.0
8812,151,43,2651,302,877.05,76.93,1.0
8813,185,46,2685,370,877.04,81.64,1.0
8814,151,38,2651,302,876.91,76.64,1.0
8815,154,9,2654,308,876.9,113.23,1.0
8816,71,8,2571,142,876.84,99.98,1.0
8817,173,47,2673,346,876.77,80.48,1.0
8818,298,53,2798,596,876.74,103.18,1.0
8819,7,7,2507,14,876.65,75.9,1.0
8820,151,40,2651,302,876.61,77.49,1.0
8821,174,45,2674,348,876.61,80.86,1.0
8822,113,29,2613,226,876.59,78.17,1.0
8823,163,9,2663,326,876.59,114.51,1.0
8824,246,51,2746,492,876.57,91.1,1.0
8825,224,48,2724,448,876.52,90.22,1.0
8826,241,51,2741,482,876.43,90.74,1.0
8827,236,51,2736,472,876.42,91.34,1.0
8828,151,34,2651,302,876.36,76.14,1.0
8829,166,45,2666,332,876.35,79.3,1.0
8830,151,39,2651,302,876.3,77.14,1.0
8831,162,34,2662,324,876.29,79.64,1.0
8832,162,35,2662,324,876.29,79.08,1.0
8833,269,52,2769,538,876.28,95.77,1.0
8834,208,48,2708,416,876.19,89.87,1.0
8835,86,8,2586,172,876.03,98.95,1.0
8836,287,52,2787,574,876.01,99.52,1.0
8837,151,30,2651,302,876.0,76.39,1.0
8838,262,52,2762,524,876.0,95.55,1.0
8839,206,10,2706,412,875.99,121.95,1.0
8840,279,52,2779,558,875.93,99.54,1.0
8841,4,7,2504,8,875.92,75.14,1.0
8842,77,8,2577,154,875.92,98.64,1.0
8843,96,8,2596,192,875.89,102.04,1.0
8844,235,50,2735,470,875.89,90.63,1.0
8845,203,49,2703,406,875.83,85.79,1.0
8846,162,39,2662,324,875.82,79.7,1.0
8847,286,10,2786,572,875.81,140.24,1.0
8848,191,46,2691,382,875.79,85.78,1.0
8849,59,8,2559,118,875.73,90.33,1.0
8850,162,42,2662,324,875.73,79.37,1.0
8851,177,46,2677,354,875.72,80.58,1.0
8852,201,48,2701,402,875.72,87.17,1.0
8853,162,36,2662,324,875.71,79.25,1.0
8854,162,40,2662,324,875.71,78.85,1.0
8855,162,32,2662,324,875.67,78.82,1.0
8856,210,49,2710,420,875.67,87.44,1.0
8857,265,51,2765,530,875.58,93.95,1.0
8858,300,53,2800,600,875.57,103.71,1.0
8859,159,30,2659,318,875.55,80.77,1.0
8860,66,28,2566,132,875.54,72.12,1.0
8861,55,28,2555,110,875.49,68.9,1.0
8862,229,51,2729,458,875.43,91.13,1.0
8863,162,43,2662,324,875.4,78.86,1.0
8864,216,48,2716,432,875.4,86.19,1.0
8865,162,41,2662,324,875.37,78.87,1.0
8866,124,8,2624,248,875.35,110.19,1.0
8867,159,32,2659,318,875.3,81.0,1.0
8868,167,46,2667,334,875.3,80.55,1.0
8869,144,31,2644,288,875.21,78.32,1.0
8870,157,34,2657,314,875.21,79.33,1.0
8871,159,36,2659,318,875.21,80.87,1.0
8872,160,43,2660,320,875.2,78.91,1.0
8873,228,51,2728,456,875.2,90.06,1.0
8874,162,44,2662,324,875.17,79.95,1.0
8875,157,40,2657,314,875.14,79.61,1.0
8876,162,38,2662,324,875.14,79.43,1.0
8877,162,31,2662,324,875.13,79.14,1.0
8878,253,10,2753,506,875.13,137.9,1.0
8879,159,41,2659,318,875.12,81.11,1.0
8880,183,45,2683,366,875.1,82.73,1.0
8881,144,35,2644,288,875.09,78.55,1.0
8882,157,42,2657,314,875.08,78.75,1.0
8883,180,47,2680,360,875.08,80.95,1.0
8884,194,47,2694,388,875.07,82.84,1.0
8885,97,8,2597,194,875.03,101.46,1.0
8886,192,46,2692,384,875.02,84.86,1.0
8887,157,44,2657,314,875.01,79.24,1.0
8888,159,31,2659,318,874.96,80.48,1.0
8889,157,41,2657,314,874.93,79.65,1.0
8890,157,36,2657,314,874.9,78.97,1.0
8891,165,9,2665,330,874.88,116.41,1.0
8892,212,49,2712,424,874.88,85.71,1.0
8893,158,47,2658,316,874.87,82.72,1.0
8894,122,29,2622,244,874.86,75.18,1.0
8895,159,44,2659,318,874.85,80.93,1.0
8896,207,49,2707,414,874.85,87.21,1.0
8897,54,8,2554,108,874.84,91.48,1.0
8898,162,37,2662,324,874.84,79.07,1.0
8899,63,28,2563,126,874.83,71.37,1.0
8900,240,51,2740,480,874.83,93.99,1.0
8901,190,47,2690,380,874.82,81.76,1.0
8902,159,37,2659,318,874.81,81.2,1.0
8903,188,48,2688,376,874.81,82.47,1.0
8904,266,52,2766,532,874.81,97.62,1.0
8905,270,51,2770,540,874.81,95.83,1.0
8906,157,37,2657,314,874.74,79.59,1.0
8907,294,53,2794,588,874.74,100.97,1.0
8908,114,29,2614,228,874.73,73.95,1.0
8909,123,9,2623,246,874.73,104.78,1.0
8910,156,39,2656,312,874.73,78.78,1.0
8911,159,33,2659,318,874.7,81.03,1.0
8912,159,39,2659,318,874.7,80.67,1.0
8913,64,28,2564,128,874.68,71.01,1.0
8914,144,37,2644,288,874.67,79.14,1.0
8915,157,30,2657,314,874.67,79.32,1.0
8916,2,7,2502,4,874.66,76.57,1.0
8917,4,27,2504,8,874.65,65.72,1.0
8918,144,32,2644,288,874.63,78.67,1.0
8919,144,40,2644,288,874.63,79.11,1.0
8920,162,30,2662,324,874.63,79.36,1.0
8921,160,36,2660,320,874.62,79.14,1.0
8922,144,42,2644,288,874.6,79.1,1.0
8923,146,9,2646,292,874.6,114.36,1.0
8924,157,31,2657,314,874.6,79.85,1.0
8925,156,38,2656,312,874.59,78.2,1.0
8926,157,32,2657,314,874.59,79.36,1.0
8927,59,28,2559,118,874.58,70.67,1.0
8928,159,9,2659,318,874.57,119.55,1.0
8929,159,42,2659,318,874.56,81.19,1.0
8930,157,39,2657,314,874.51,79.37,1.0
8931,58,8,2558,116,874.49,91.36,1.0
8932,144,44,2644,288,874.47,79.2,1.0
8933,250,51,2750,500,874.47,94.54,1.0
8934,159,40,2659,318,874.45,80.79,1.0
8935,181,47,2681,362,874.45,80.81,1.0
8936,258,51,2758,516,874.45,94.62,1.0
8937,160,44,2660,320,874.43,78.99,1.0
8938,160,33,2660,320,874.42,78.06,1.0
8939,160,32,2660,320,874.38,78.36,1.0
8940,272,51,2772,544,874.37,95.66,1.0
8941,156,43,2656,312,874.36,78.36,1.0
8942,144,36,2644,288,874.35,78.77,1.0
8943,144,38,2644,288,874.35,79.3,1.0
8944,144,39,2644,288,874.34,79.25,1.0
8945,247,52,2747,494,874.3,92.53,1.0
8946,259,51,2759,518,874.3,96.03,1.0
8947,144,34,2644,288,874.25,78.62,1.0
8948,209,9,2709,418,874.25,126.01,1.0
8949,159,35,2659,318,874.19,81.34,1.0
8950,160,34,2660,320,874.18,78.4,1.0
8951,157,35,2657,314,874.17,78.68,1.0
8952,160,39,2660,320,874.17,78.53,1.0
8953,156,31,2656,312,874.16,78.5,1.0
8954,159,38,2659,318,874.14,80.78,1.0
8955,159,43,2659,318,874.14,80.44,1.0
8956,232,50,2732,464,874.14,91.24,1.0
8957,57,28,2557,114,874.13,69.53,1.0
8958,179,47,2679,358,874.13,83.45,1.0
8959,160,37,2660,320,874.09,78.29,1.0
8960,144,30,2644,288,874.07,78.65,1.0
8961,159,34,2659,318,874.07,81.25,1.0
8962,144,41,2644,288,874.05,78.73,1.0
8963,193,48,2693,386,874.05,85.88,1.0
8964,160,42,2660,320,874.03,78.78,1.0
8965,130,9,2630,260,874.0,106.48,1.0
8966,157,38,2657,314,874.0,79.05,1.0
8967,162,33,2662,324,873.98,79.96,1.0
8968,209,51,2709,418,873.97,88.34,1.0
8969,160,40,2660,320,873.95,78.75,1.0
8970,171,45,2671,342,873.86,81.95,1.0
8971,293,53,2793,586,873.84,99.87,1.0
8972,160,38,2660,320,873.82,79.17,1.0
8973,157,43,2657,314,873.81,79.81,1.0
8974,200,48,2700,400,873.79,83.88,1.0
8975,156,37,2656,312,873.77,78.63,1.0
8976,275,53,2775,550,873.77,99.49,1.0
8977,292,52,2792,584,873.77,100.9,1.0
8978,239,51,2739,478,873.76,91.75,1.0
8979,175,45,2675,350,873.7,82.72,1.0
8980,157,33,2657,314,873.67,78.78,1.0
8981,261,51,2761,522,873.67,93.67,1.0
8982,144,33,2644,288,873.65,79.21,1.0
8983,176,47,2676,352,873.64,80.32,1.0
8984,172,46,2672,344,873.63,82.11,1.0
8985,144,43,2644,288,873.6,78.8,1.0
8986,161,46,2661,322,873.6,79.62,1.0
8987,156,35,2656,312,873.57,79.28,1.0
8988,206,48,2706,412,873.52,88.35,1.0
8989,160,41,2660,320,873.49,78.39,1.0
8990,284,52,2784,568,873.46,97.39,1.0
8991,156,42,2656,312,873.45,78.72,1.0
8992,197,47,2697,394,873.45,87.53,1.0
8993,160,31,2660,320,873.42,78.37,1.0
8994,156,33,2656,312,873.4,78.61,1.0
8995,156,44,2656,312,873.37,79.08,1.0
8996,154,36,2654,308,873.31,79.02,1.0
8997,154,35,2654,308,873.3,79.2,1.0
8998,154,39,2654,308,873.29,78.94,1.0
8999,154,30,2654,308,873.27,78.98,1.0
9000,156,36,2656,312,873.27,78.68,1.0
9001,164,30,2664,328,873.27,78.92,1.0
9002,204,49,2704,408,873.26,86.82,1.0
9003,151,45,2651,302,873.23,77.33,1.0
9004,164,35,2664,328,873.19,79.2,1.0
9005,169,35,2669,338,873.15,80.43,1.0
9006,222,10,2722,444,873.13,123.99,1.0
9007,154,42,2654,308,873.12,79.24,1.0
9008,156,40,2656,312,873.12,78.22,1.0
9009,202,49,2702,404,873.11,86.06,1.0
9010,160,35,2660,320,873.08,77.67,1.0
9011,217,48,2717,434,873.08,88.36,1.0
9012,178,47,2678,356,873.06,83.3,1.0
9013,156,30,2656,312,873.03,79.4,1.0
9014,230,9,2730,460,873.03,123.5,1.0
9015,160,30,2660,320,872.98,78.52,1.0
9016,164,37,2664,328,872.93,78.74,1.0
9017,199,49,2699,398,872.92,88.04,1.0
9018,143,9,2643,286,872.91,115.16,1.0
9019,156,34,2656,312,872.9,78.91,1.0
9020,244,50,2744,488,872.89,91.08,1.0
9021,154,43,2654,308,872.87,79.64,1.0
9022,156,32,2656,312,872.87,77.88,1.0
9023,16,27,2516,32,872.86,68.83,1.0
9024,150,33,2650,300,872.86,76.64,1.0
9025,231,51,2731,462,872.84,88.84,1.0
9026,150,37,2650,300,872.83,75.9,1.0
9027,263,10,2763,526,872.82,142.77,1.0
9028,150,42,2650,300,872.8,76.05,1.0
9029,164,32,2664,328,872.79,78.46,1.0
9030,99,8,2599,198,872.75,103.4,1.0
9031,164,31,2664,328,872.73,79.36,1.0
9032,154,34,2654,308,872.7,78.68,1.0
9033,164,42,2664,328,872.7,78.78,1.0
9034,154,33,2654,308,872.69,79.03,1.0
9035,3,27,2503,6,872.68,65.1,1.0
9036,164,43,2664,328,872.68,79.23,1.0
9037,169,44,2669,338,872.67,79.3,1.0
9038,169,43,2669,338,872.66,80.6,1.0
9039,150,43,2650,300,872.64,76.56,1.0
9040,154,32,2654,308,872.63,79.2,1.0
9041,154,40,2654,308,872.62,79.21,1.0
9042,230,51,2730,460,872.62,90.19,1.0
9043,182,9,2682,364,872.6,125.03,1.0
9044,154,41,2654,308,872.59,79.47,1.0
9045,116,29,2616,232,872.57,78.5,1.0
9046,164,44,2664,328,872.56,78.63,1.0
9047,165,46,2665,330,872.56,78.13,1.0
9048,154,37,2654,308,872.55,79.59,1.0
9049,268,52,2768,536,872.55,96.45,1.0
9050,150,32,2650,300,872.53,76.76,1.0
9051,169,33,2669,338,872.51,80.32,1.0
9052,156,41,2656,312,872.49,79.02,1.0
9053,5,7,2505,10,872.48,78.16,1.0
9054,164,39,2664,328,872.45,78.62,1.0
9055,150,40,2650,300,872.42,76.6,1.0
9056,169,34,2669,338,872.42,81.49,1.0
9057,150,34,2650,300,872.41,76.76,1.0
9058,2,27,2502,4,872.34,65.6,1.0
9059,164,34,2664,328,872.34,79.26,1.0
9060,273,10,2773,546,872.32,136.35,1.0
9061,257,53,2757,514,872.31,95.85,1.0
9062,57,8,2557,114,872.29,90.22,1.0
9063,129,43,2629,258,872.29,77.79,1.0
9064,164,36,2664,328,872.28,78.55,1.0
9065,64,8,2564,128,872.26,94.0,1.0
9066,150,35,2650,300,872.25,76.52,1.0
9067,189,48,2689,378,872.23,83.57,1.0
9068,123,29,2623,246,872.2,75.36,1.0
9069,196,48,2696,392,872.2,84.96,1.0
9070,182,48,2682,364,872.19,86.31,1.0
9071,255,52,2755,510,872.17,96.63,1.0
9072,129,37,2629,258,872.15,77.02,1.0
9073,150,38,2650,300,872.15,76.03,1.0
9074,154,44,2654,308,872.14,79.43,1.0
9075,226,51,2726,452,872.14,89.8,1.0
9076,169,40,2669,338,872.12,79.48,1.0
9077,150,36,2650,300,872.09,76.41,1.0
9078,169,36,2669,338,872.07,79.68,1.0
9079,253,51,2753,506,872.07,98.82,1.0
9080,256,52,2756,512,872.05,97.37,1.0
9081,164,38,2664,328,872.04,78.81,1.0
9082,150,30,2650,300,872.03,75.64,1.0
9083,154,31,2654,308,872.01,79.67,1.0
9084,169,31,2669,338,872.01,80.6,1.0
9085,150,41,2650,300,871.98,76.62,1.0
9086,164,33,2664,328,871.97,78.24,1.0
9087,150,31,2650,300,871.96,76.91,1.0
9088,290,11,2790,580,871.96,138.15,1.0
9089,169,37,2669,338,871.93,80.68,1.0
9090,184,9,2684,368,871.93,121.06,1.0
9091,12,7,2512,24,871.88,78.44,1.0
9092,67,8,2567,134,871.88,95.59,1.0
9093,129,44,2629,258,871.86,77.69,1.0
9094,160,9,2660,320,871.85,114.37,1.0
9095,108,29,2608,216,871.84,74.16,1.0
9096,169,42,2669,338,871.8,79.8,1.0
9097,169,39,2669,338,871.79,79.43,1.0
9098,219,50,2719,438,871.77,88.27,1.0
9099,273,53,2773,546,871.76,97.86,1.0
9100,129,41,2629,258,871.75,78.21,1.0
9101,154,38,2654,308,871.73,79.16,1.0
9102,186,48,2686,372,871.73,82.14,1.0
9103,275,10,2775,550,871.72,137.43,1.0
9104,214,49,2714,428,871.71,84.78,1.0
9105,169,30,2669,338,871.69,79.69,1.0
9106,51,28,2551,102,871.68,70.34,1.0
9107,97,29,2597,194,871.68,72.2,1.0
9108,225,50,2725,450,871.67,88.7,1.0
9109,129,36,2629,258,871.65,78.33,1.0
9110,58,28,2558,116,871.63,71.55,1.0
9111,164,40,2664,328,871.63,78.46,1.0
9112,278,52,2778,556,871.62,99.21,1.0
9113,211,50,2711,422,871.61,86.95,1.0
9114,291,10,2791,582,871.6,138.14,1.0
9115,164,41,2664,328,871.59,78.77,1.0
9116,152,45,2652,304,871.58,79.13,1.0
9117,243,48,2743,486,871.58,91.12,1.0
9118,157,45,2657,314,871.56,79.51,1.0
9119,180,9,2680,360,871.56,120.71,1.0
9120,169,38,2669,338,871.55,80.37,1.0
9121,185,47,2685,370,871.55,82.02,1.0
9122,168,47,2668,336,871.48,81.38,1.0
9123,162,45,2662,324,871.47,79.65,1.0
9124,169,41,2669,338,871.46,80.29,1.0
9125,173,48,2673,346,871.43,80.92,1.0
9126,166,46,2666,332,871.42,80.0,1.0
9127,21,7,2521,42,871.39,81.45,1.0
9128,170,49,2670,340,871.37,83.7,1.0
9129,129,30,2629,258,871.35,77.85,1.0
9130,18,7,2518,36,871.33,79.06,1.0
9131,129,32,2629,258,871.33,78.24,1.0
9132,169,32,2669,338,871.33,80.26,1.0
9133,129,35,2629,258,871.32,78.1,1.0
9134,129,39,2629,258,871.31,78.04,1.0
9135,129,40,2629,258,871.29,78.31,1.0
9136,149,9,2649,298,871.28,109.12,1.0
9137,245,10,2745,490,871.27,132.4,1.0
9138,150,39,2650,300,871.26,76.28,1.0
9139,150,44,2650,300,871.26,75.46,1.0
9140,105,29,2605,210,871.22,74.21,1.0
9141,271,53,2771,542,871.22,98.78,1.0
9142,198,48,2698,396,871.21,86.24,1.0
9143,129,34,2629,258,871.2,77.73,1.0
9144,54,28,2554,108,871.14,69.68,1.0
9145,237,52,2737,474,871.14,95.81,1.0
9146,85,8,2585,170,871.13,99.9,1.0
9147,299,10,2799,598,871.08,140.21,1.0
9148,107,29,2607,214,871.06,75.73,1.0
9149,260,52,2760,520,871.06,95.08,1.0
9150,283,52,2783,566,871.04,101.84,1.0
9151,242,51,2742,484,871.01,89.21,1.0
9152,129,38,2629,258,871.0,77.2,1.0
9153,96,29,2596,192,870.98,72.38,1.0
9154,70,8,2570,140,870.95,95.16,1.0
9155,222,51,2722,444,870.87,87.32,1.0
9156,43,28,2543,86,870.86,70.56,1.0
9157,223,50,2723,446,870.81,89.92,1.0
9158,184,48,2684,368,870.76,82.89,1.0
9159,173,9,2673,346,870.74,120.01,1.0
9160,276,52,2776,552,870.74,101.13,1.0
9161,129,42,2629,258,870.61,77.48,1.0
9162,145,38,2645,290,870.57,80.54,1.0
9163,153,36,2653,306,870.55,79.95,1.0
9164,145,37,2645,290,870.52,79.94,1.0
9165,297,52,2797,594,870.5,104.46,1.0
9166,129,33,2629,258,870.47,78.08,1.0
9167,89,8,2589,178,870.43,102.04,1.0
9168,153,34,2653,306,870.42,79.47,1.0
9169,177,9,2677,354,870.42,118.62,1.0
9170,129,31,2629,258,870.38,77.55,1.0
9171,195,47,2695,390,870.36,84.59,1.0
9172,145,44,2645,290,870.35,80.94,1.0
9173,218,51,2718,436,870.35,88.09,1.0
9174,153,40,2653,306,870.31,79.21,1.0
9175,145,35,2645,290,870.27,80.0,1.0
9176,283,10,2783,566,870.27,138.3,1.0
9177,153,39,2653,306,870.23,78.9,1.0
9178,174,46,2674,348,870.21,81.93,1.0
9179,280,52,2780,560,870.21,99.01,1.0
9180,285,52,2785,570,870.21,96.24,1.0
9181,215,50,2715,430,870.19,90.8,1.0
9182,295,54,2795,590,870.16,102.98,1.0
9183,190,48,2690,380,870.15,82.6,1.0
9184,0,7,2500,0,870.13,72.97,1.0
9185,274,53,2774,548,870.13,100.17,1.0
9186,163,46,2663,326,870.12,80.72,1.0
9187,145,31,2645,290,870.1,80.18,1.0
9188,205,51,2705,410,870.1,87.89,1.0
9189,145,36,2645,290,870.07,80.73,1.0
9190,286,53,2786,572,870.04,100.14,1.0
9191,60,28,2560,120,870.03,68.79,1.0
9192,153,35,2653,306,870.01,79.76,1.0
9193,191,47,2691,382,869.98,86.28,1.0
9194,248,51,2748,496,869.89,92.0,1.0
9195,274,10,2774,548,869.84,134.64,1.0
9196,145,41,2645,290,869.8,80.32,1.0
9197,23,7,2523,46,869.77,82.86,1.0
9198,73,8,2573,146,869.77,97.47,1.0
9199,153,32,2653,306,869.77,79.07,1.0
9200,129,8,2629,258,869.74,110.49,1.0
9201,300,10,2800,600,869.74,144.26,1.0
9202,145,34,2645,290,869.73,79.59,1.0
9203,252,51,2752,504,869.73,96.32,1.0
9204,249,52,2749,498,869.71,93.15,1.0
9205,153,44,2653,306,869.69,80.0,1.0
9206,145,43,2645,290,869.68,79.82,1.0
9207,180,48,2680,360,869.67,82.19,1.0
9208,72,8,2572,144,869.64,95.83,1.0
9209,234,51,2734,468,869.62,93.15,1.0
9210,160,45,2660,320,869.61,79.29,1.0
9211,227,50,2727,454,869.61,92.75,1.0
9212,153,43,2653,306,869.6,79.42,1.0
9213,153,33,2653,306,869.57,78.93,1.0
9214,254,52,2754,508,869.57,96.65,1.0
9215,291,54,2791,582,869.56,102.71,1.0
9216,14,7,2514,28,869.55,79.29,1.0
9217,153,41,2653,306,869.55,79.44,1.0
9218,99,29,2599,198,869.52,73.52,1.0
9219,188,49,2688,376,869.51,82.86,1.0
9220,153,37,2653,306,869.49,79.39,1.0
9221,159,45,2659,318,869.47,80.87,1.0
9222,147,9,2647,294,869.46,111.98,1.0
9223,153,38,2653,306,869.44,78.99,1.0
9224,145,32,2645,290,869.42,80.22,1.0
9225,153,30,2653,306,869.42,79.55,1.0
9226,145,42,2645,290,869.41,80.59,1.0
9227,144,8,2644,288,869.4,114.77,1.0
9228,238,51,2738,476,869.31,88.36,1.0
9229,267,52,2767,534,869.31,95.91,1.0
9230,296,54,2796,592,869.3,101.53,1.0
9231,172,47,2672,344,869.27,82.67,1.0
9232,187,49,2687,374,869.26,85.01,1.0
9233,153,31,2653,306,869.24,79.39,1.0
9234,145,33,2645,290,869.21,80.84,1.0
9235,153,42,2653,306,869.21,79.51,1.0
9236,224,10,2724,448,869.2,130.54,1.0
9237,299,54,2799,598,869.16,99.41,1.0
9238,220,49,2720,440,869.11,90.73,1.0
9239,66,8,2566,132,869.1,94.94,1.0
9240,145,30,2645,290,869.06,79.91,1.0
9241,175,46,2675,350,869.05,83.14,1.0
9242,117,29,2617,234,869.03,78.88,1.0
9243,11,7,2511,22,869.02,80.9,1.0
9244,233,52,2733,466,868.99,91.17,1.0
9245,129,45,2629,258,868.98,77.84,1.0
9246,221,51,2721,442,868.94,92.65,1.0
9247,176,48,2676,352,868.91,81.95,1.0
9248,213,50,2713,426,868.91,87.17,1.0
9249,183,46,2683,366,868.9,83.95,1.0
9250,42,28,2542,84,868.88,71.03,1.0
9251,142,30,2642,284,868.88,76.99,1.0
9252,8,27,2508,16,868.82,66.56,1.0
9253,94,29,2594,188,868.81,74.8,1.0
9254,277,52,2777,554,868.8,98.27,1.0
9255,211,9,2711,422,868.75,126.23,1.0
9256,49,28,2549,98,868.74,68.99,1.0
9257,177,47,2677,354,868.7,81.61,1.0
9258,236,10,2736,472,868.7,130.21,1.0
9259,289,53,2789,578,868.7,97.73,1.0
9260,212,50,2712,424,868.68,86.96,1.0
9261,145,39,2645,290,868.67,80.98,1.0
9262,224,49,2724,448,868.67,91.77,1.0
9263,171,46,2671,342,868.66,82.43,1.0
9264,287,53,2787,574,868.65,100.81,1.0
9265,144,45,2644,288,868.59,79.47,1.0
9266,167,47,2667,334,868.58,82.4,1.0
9267,208,49,2708,416,868.57,89.67,1.0
9268,15,7,2515,30,868.56,79.01,1.0
9269,263,53,2763,526,868.52,98.61,1.0
9270,156,45,2656,312,868.51,79.31,1.0
9271,158,48,2658,316,868.48,83.61,1.0
9272,145,40,2645,290,868.38,81.24,1.0
9273,141,40,2641,282,868.28,77.12,1.0
9274,44,28,2544,88,868.27,70.4,1.0
9275,181,48,2681,362,868.25,81.79,1.0
9276,155,35,2655,310,868.24,77.35,1.0
9277,192,47,2692,384,868.22,86.82,1.0
9278,154,45,2654,308,868.14,79.39,1.0
9279,142,35,2642,284,868.12,77.0,1.0
9280,290,52,2790,580,868.07,98.68,1.0
9281,142,39,2642,284,868.04,76.65,1.0
9282,142,41,2642,284,868.02,76.88,1.0
9283,155,41,2655,310,868.02,78.32,1.0
9284,236,52,2736,472,868.02,92.98,1.0
9285,102,29,2602,204,867.96,75.11,1.0
9286,207,50,2707,414,867.96,88.14,1.0
9287,6,27,2506,12,867.89,63.56,1.0
9288,155,43,2655,310,867.86,77.55,1.0
9289,142,44,2642,284,867.84,77.5,1.0
9290,155,33,2655,310,867.82,77.29,1.0
9291,155,38,2655,310,867.82,77.88,1.0
9292,155,34,2655,310,867.71,78.24,1.0
9293,155,37,2655,310,867.71,78.32,1.0
9294,155,40,2655,310,867.66,78.25,1.0
9295,210,50,2710,420,867.64,88.04,1.0
9296,264,53,2764,528,867.64,96.78,1.0
9297,9,7,2509,18,867.63,77.92,1.0
9298,141,42,2641,282,867.63,77.63,1.0
9299,280,10,2780,560,867.61,137.65,1.0
9300,45,28,2545,90,867.6,67.88,1.0
9301,141,43,2641,282,867.6,77.4,1.0
9302,142,32,2642,284,867.6,76.35,1.0
9303,151,46,2651,302,867.6,77.7,1.0
9304,200,49,2700,400,867.6,85.16,1.0
9305,203,50,2703,406,867.6,86.79,1.0
9306,141,39,2641,282,867.59,77.44,1.0
9307,164,45,2664,328,867.53,80.18,1.0
9308,141,34,2641,282,867.52,77.06,1.0
9309,142,43,2642,284,867.52,76.58,1.0
9310,155,32,2655,310,867.49,77.65,1.0
9311,141,37,2641,282,867.46,77.07,1.0
9312,251,52,2751,502,867.45,94.12,1.0
9313,155,44,2655,310,867.44,77.46,1.0
9314,141,32,2641,282,867.43,77.38,1.0
9315,150,45,2650,300,867.41,77.68,1.0
9316,101,29,2601,202,867.4,73.71,1.0
9317,155,42,2655,310,867.4,78.62,1.0
9318,141,35,2641,282,867.38,76.93,1.0
9319,206,49,2706,412,867.38,88.05,1.0
9320,141,44,2641,282,867.36,76.57,1.0
9321,141,31,2641,282,867.33,77.31,1.0
9322,155,31,2655,310,867.27,78.58,1.0
9323,113,8,2613,226,867.22,108.43,1.0
9324,288,54,2788,576,867.22,96.51,1.0
9325,98,29,2598,196,867.19,76.46,1.0
9326,141,38,2641,282,867.19,76.93,1.0
9327,142,40,2642,284,867.19,76.88,1.0
9328,201,49,2701,402,867.17,87.67,1.0
9329,142,38,2642,284,867.16,76.25,1.0
9330,142,36,2642,284,867.14,77.66,1.0
9331,87,8,2587,174,867.09,100.6,1.0
9332,142,37,2642,284,867.03,77.18,1.0
9333,169,45,2669,338,867.03,80.89,1.0
9334,215,9,2715,430,867.02,127.73,1.0
9335,141,33,2641,282,866.99,76.98,1.0
9336,178,48,2678,356,866.99,83.7,1.0
9337,142,42,2642,284,866.98,77.29,1.0
9338,216,49,2716,432,866.96,87.08,1.0
9339,0,27,2500,0,866.95,64.56,1.0
9340,141,30,2641,282,866.93,77.33,1.0
9341,141,36,2641,282,866.93,76.75,1.0
9342,141,41,2641,282,866.9,77.33,1.0
9343,100,29,2600,200,866.87,75.16,1.0
9344,289,10,2789,578,866.86,133.79,1.0
9345,142,33,2642,284,866.83,76.52,1.0
9346,142,34,2642,284,866.81,77.47,1.0
9347,155,30,2655,310,866.8,78.18,1.0
9348,95,8,2595,190,866.78,101.07,1.0
9349,3,7,2503,6,866.77,77.11,1.0
9350,148,39,2648,296,866.7,78.59,1.0
9351,104,8,2604,208,866.69,105.32,1.0
9352,193,49,2693,386,866.67,86.37,1.0
9353,155,39,2655,310,866.65,78.35,1.0
9354,92,8,2592,184,866.64,101.26,1.0
9355,252,10,2752,504,866.64,136.11,1.0
9356,246,52,2746,492,866.63,92.78,1.0
9357,232,51,2732,464,866.61,92.3,1.0
9358,161,47,2661,322,866.6,81.22,1.0
9359,245,52,2745,490,866.59,94.75,1.0
9360,142,31,2642,284,866.53,76.76,1.0
9361,41,28,2541,82,866.51,69.09,1.0
9362,194,48,2694,388,866.48,83.05,1.0
9363,189,9,2689,378,866.45,121.57,1.0
9364,26,7,2526,52,866.44,81.83,1.0
9365,165,47,2665,330,866.41,79.25,1.0
9366,259,52,2759,518,866.41,96.91,1.0
9367,152,46,2652,304,866.38,79.28,1.0
9368,148,33,2648,296,866.37,78.12,1.0
9369,259,10,2759,518,866.34,132.44,1.0
9370,103,8,2603,206,866.3,105.58,1.0
9371,163,47,2663,326,866.25,81.6,1.0
9372,168,48,2668,336,866.17,82.35,1.0
9373,169,9,2669,338,866.17,117.18,1.0
9374,235,51,2735,470,866.17,92.01,1.0
9375,179,48,2679,358,866.16,84.82,1.0
9376,24,7,2524,48,866.14,81.64,1.0
9377,91,8,2591,182,866.02,101.49,1.0
9378,116,8,2616,232,866.01,110.04,1.0
9379,197,48,2697,394,866.01,89.83,1.0
9380,80,8,2580,160,866.0,97.62,1.0
9381,145,45,2645,290,865.99,80.45,1.0
9382,153,9,2653,306,865.99,121.39,1.0
9383,157,46,2657,314,865.95,80.25,1.0
9384,176,9,2676,352,865.95,119.79,1.0
9385,198,49,2698,396,865.93,87.74,1.0
9386,148,40,2648,296,865.92,78.76,1.0
9387,148,36,2648,296,865.88,77.82,1.0
9388,148,38,2648,296,865.85,78.09,1.0
9389,148,32,2648,296,865.83,77.92,1.0
9390,268,10,2768,536,865.8,132.28,1.0
9391,279,53,2779,558,865.79,100.37,1.0
9392,148,37,2648,296,865.73,78.05,1.0
9393,155,36,2655,310,865.72,77.69,1.0
9394,148,31,2648,296,865.66,78.69,1.0
9395,186,49,2686,372,865.66,84.96,1.0
9396,148,35,2648,296,865.63,77.87,1.0
9397,199,50,2699,398,865.63,88.93,1.0
9398,189,49,2689,378,865.61,83.62,1.0
9399,241,52,2741,482,865.61,92.78,1.0
9400,160,46,2660,320,865.55,80.01,1.0
9401,148,43,2648,296,865.51,78.18,1.0
9402,148,30,2648,296,865.41,78.73,1.0
9403,144,46,2644,288,865.4,80.45,1.0
9404,162,46,2662,324,865.38,79.91,1.0
9405,225,51,2725,450,865.37,89.25,1.0
9406,131,42,2631,262,865.35,75.44,1.0
9407,282,53,2782,564,865.32,99.29,1.0
9408,221,9,2721,442,865.31,131.63,1.0
9409,288,10,2788,576,865.28,138.28,1.0
9410,148,41,2648,296,865.26,78.07,1.0
9411,148,44,2648,296,865.24,78.16,1.0
9412,244,51,2744,488,865.24,92.31,1.0
9413,270,52,2770,540,865.2,96.08,1.0
9414,76,8,2576,152,865.18,93.52,1.0
9415,199,9,2699,398,865.18,125.46,1.0
9416,148,34,2648,296,865.17,77.75,1.0
9417,187,50,2687,374,865.15,85.91,1.0
9418,148,42,2648,296,865.14,78.02,1.0
9419,257,54,2757,514,865.13,96.81,1.0
9420,181,9,2681,362,865.07,119.87,1.0
9421,192,9,2692,384,865.05,124.43,1.0
9422,13,7,2513,26,865.03,79.83,1.0
9423,46,7,2546,92,865.02,88.04,1.0
9424,255,53,2755,510,864.97,98.89,1.0
9425,185,48,2685,370,864.95,83.55,1.0
9426,296,10,2796,592,864.91,138.48,1.0
9427,261,52,2761,522,864.9,95.37,1.0
9428,170,50,2670,340,864.89,83.8,1.0
9429,153,45,2653,306,864.88,80.38,1.0
9430,228,52,2728,456,864.83,91.89,1.0
9431,107,8,2607,214,864.79,105.07,1.0
9432,214,50,2714,428,864.79,85.93,1.0
9433,106,29,2606,212,864.78,76.71,1.0
9434,175,9,2675,350,864.77,122.19,1.0
9435,269,53,2769,538,864.71,97.63,1.0
9436,86,29,2586,172,864.7,73.64,1.0
9437,265,52,2765,530,864.7,95.57,1.0
9438,178,9,2678,356,864.69,120.98,1.0
9439,183,47,2683,366,864.66,83.14,1.0
9440,250,52,2750,500,864.66,95.61,1.0
9441,159,46,2659,318,864.61,81.08,1.0
9442,195,48,2695,390,864.61,84.66,1.0
9443,229,52,2729,458,864.61,93.23,1.0
9444,231,52,2731,462,864.59,90.36,1.0
9445,204,50,2704,408,864.57,87.65,1.0
9446,166,47,2666,332,864.51,80.41,1.0
9447,262,10,2762,524,864.5,136.04,1.0
9448,219,51,2719,438,864.48,90.35,1.0
9449,131,31,2631,262,864.47,75.7,1.0
9450,294,54,2794,588,864.45,101.64,1.0
9451,35,28,2535,70,864.44,68.08,1.0
9452,250,10,2750,500,864.43,134.07,1.0
9453,131,32,2631,262,864.37,75.38,1.0
9454,37,28,2537,74,864.33,68.09,1.0
9455,239,52,2739,478,864.32,91.22,1.0
9456,184,49,2684,368,864.3,83.15,1.0
9457,258,52,2758,516,864.3,94.84,1.0
9458,89,29,2589,178,864.29,72.82,1.0
9459,190,9,2690,380,864.27,118.43,1.0
9460,131,33,2631,262,864.23,75.93,1.0
9461,272,52,2772,544,864.23,96.75,1.0
9462,202,50,2702,404,864.22,87.54,1.0
9463,93,29,2593,186,864.21,71.99,1.0
9464,131,37,2631,262,864.18,75.62,1.0
9465,131,43,2631,262,864.15,75.8,1.0
9466,281,54,2781,562,864.14,103.22,1.0
9467,219,9,2719,438,864.13,128.35,1.0
9468,209,52,2709,418,864.12,89.21,1.0
9469,131,40,2631,262,864.11,75.84,1.0
9470,108,8,2608,216,864.1,104.21,1.0
9471,268,53,2768,536,864.08,98.2,1.0
9472,275,54,2775,550,864.08,101.28,1.0
9473,173,49,2673,346,864.07,81.29,1.0
9474,217,49,2717,434,864.07,90.6,1.0
9475,298,54,2798,596,864.06,104.46,1.0
9476,182,49,2682,364,864.01,86.85,1.0
9477,226,52,2726,452,863.97,91.86,1.0
9478,243,49,2743,486,863.96,92.68,1.0
9479,138,33,2638,276,863.95,80.79,1.0
9480,242,10,2742,484,863.95,127.24,1.0
9481,276,10,2776,552,863.94,138.61,1.0
9482,131,38,2631,262,863.93,76.12,1.0
9483,174,47,2674,348,863.93,82.56,1.0
9484,196,49,2696,392,863.92,86.47,1.0
9485,131,34,2631,262,863.9,75.86,1.0
9486,262,53,2762,524,863.89,96.62,1.0
9487,131,35,2631,262,863.86,76.15,1.0
9488,131,41,2631,262,863.86,75.53,1.0
9489,131,39,2631,262,863.84,75.87,1.0
9490,84,8,2584,168,863.82,98.73,1.0
9491,131,30,2631,262,863.78,75.18,1.0
9492,131,36,2631,262,863.75,75.53,1.0
9493,180,49,2680,360,863.74,83.18,1.0
9494,217,10,2717,434,863.74,129.2,1.0
9495,179,9,2679,358,863.73,122.23,1.0
9496,131,44,2631,262,863.68,76.14,1.0
9497,138,41,2638,276,863.67,81.21,1.0
9498,154,46,2654,308,863.6,80.44,1.0
9499,155,9,2655,310,863.54,115.85,1.0
9500,218,9,2718,436,863.52,126.82,1.0
9501,230,52,2730,460,863.52,91.83,1.0
9502,266,53,2766,532,863.52,99.29,1.0
9503,171,47,2671,342,863.5,82.99,1.0
9504,237,53,2737,474,863.5,96.4,1.0
9505,211,51,2711,422,863.48,88.7,1.0
9506,156,46,2656,312,863.47,80.38,1.0
9507,98,8,2598,196,863.43,103.97,1.0
9508,215,51,2715,430,863.33,89.82,1.0
9509,115,8,2615,230,863.31,107.57,1.0
9510,233,9,2733,466,863.26,125.96,1.0
9511,95,29,2595,190,863.16,73.44,1.0
9512,138,38,2638,276,863.15,81.3,1.0
9513,47,7,2547,94,863.13,87.35,1.0
9514,138,32,2638,276,863.12,80.53,1.0
9515,142,45,2642,284,863.12,77.5,1.0
9516,138,34,2638,276,863.11,80.91,1.0
9517,10,7,2510,20,863.08,75.31,1.0
9518,175,47,2675,350,863.08,84.96,1.0
9519,190,49,2690,380,863.05,83.47,1.0
9520,100,8,2600,200,863.02,103.51,1.0
9521,292,53,2792,584,862.98,102.92,1.0
9522,168,49,2668,336,862.94,82.59,1.0
9523,138,31,2638,276,862.91,81.0,1.0
9524,234,52,2734,468,862.89,93.04,1.0
9525,50,28,2550,100,862.85,71.22,1.0
9526,138,42,2638,276,862.83,81.0,1.0
9527,150,46,2650,300,862.79,78.11,1.0
9528,174,9,2674,348,862.76,119.52,1.0
9529,138,40,2638,276,862.68,80.76,1.0
9530,138,44,2638,276,862.68,80.08,1.0
9531,142,8,2642,284,862.66,112.84,1.0
9532,38,28,2538,76,862.62,69.72,1.0
9533,81,8,2581,162,862.62,96.64,1.0
9534,138,35,2638,276,862.61,80.89,1.0
9535,138,37,2638,276,862.56,80.91,1.0
9536,191,48,2691,382,862.56,87.37,1.0
9537,242,52,2742,484,862.55,90.34,1.0
9538,177,48,2677,354,862.54,82.93,1.0
9539,229,9,2729,458,862.51,132.2,1.0
9540,138,39,2638,276,862.48,80.93,1.0
9541,141,45,2641,282,862.44,78.17,1.0
9542,223,51,2723,446,862.44,90.27,1.0
9543,138,30,2638,276,862.42,81.13,1.0
9544,253,52,2753,506,862.35,97.92,1.0
9545,167,48,2667,334,862.34,83.16,1.0
9546,284,53,2784,568,862.34,99.93,1.0
9547,169,46,2669,338,862.32,81.38,1.0
9548,238,10,2738,476,862.28,130.46,1.0
9549,40,28,2540,80,862.26,69.66,1.0
9550,260,53,2760,520,862.24,96.78,1.0
9551,105,8,2605,210,862.22,105.78,1.0
9552,158,49,2658,316,862.2,84.85,1.0
9553,165,48,2665,330,862.19,80.03,1.0
9554,271,54,2771,542,862.18,101.3,1.0
9555,223,9,2723,446,862.16,127.7,1.0
9556,192,48,2692,384,862.09,87.07,1.0
9557,138,43,2638,276,862.07,80.04,1.0
9558,28,7,2528,56,862.05,83.53,1.0
9559,83,29,2583,166,862.05,72.17,1.0
9560,151,47,2651,302,862.03,78.78,1.0
9561,25,7,2525,50,861.99,81.23,1.0
9562,247,53,2747,494,861.92,94.33,1.0
9563,139,43,2639,278,861.91,76.11,1.0
9564,48,7,2548,96,861.89,86.65,1.0
9565,138,36,2638,276,861.89,80.56,1.0
9566,273,54,2773,546,861.88,99.05,1.0
9567,129,46,2629,258,861.82,78.26,1.0
9568,298,10,2798,596,861.82,143.94,1.0
9569,248,52,2748,496,861.79,93.78,1.0
9570,139,42,2639,278,861.78,76.33,1.0
9571,240,52,2740,480,861.77,95.14,1.0
9572,212,51,2712,424,861.75,87.48,1.0
9573,139,30,2639,278,861.7,76.5,1.0
9574,252,52,2752,504,861.65,96.44,1.0
9575,293,54,2793,586,861.57,101.18,1.0
9576,133,38,2633,266,861.55,74.99,1.0
9577,149,38,2649,298,861.54,76.29,1.0
9578,188,50,2688,376,861.5,84.23,1.0
9579,152,47,2652,304,861.48,80.41,1.0
9580,148,45,2648,296,861.47,78.49,1.0
9581,124,38,2624,248,861.44,77.34,1.0
9582,133,37,2633,266,861.44,75.54,1.0
9583,203,9,2703,406,861.42,126.71,1.0
9584,227,51,2727,454,861.31,93.77,1.0
9585,207,51,2707,414,861.26,88.75,1.0
9586,139,39,2639,278,861.24,76.11,1.0
9587,139,32,2639,278,861.23,75.97,1.0
9588,188,9,2688,376,861.19,121.49,1.0
9589,131,45,2631,262,861.12,76.61,1.0
9590,218,52,2718,436,861.11,90.94,1.0
9591,149,36,2649,298,861.1,76.43,1.0
9592,31,7,2531,62,861.09,85.35,1.0
9593,77,29,2577,154,861.08,73.72,1.0
9594,155,45,2655,310,861.06,78.49,1.0
9595,139,38,2639,278,861.05,76.21,1.0
9596,135,36,2635,270,860.97,77.09,1.0
9597,124,42,2624,248,860.94,76.98,1.0
9598,149,42,2649,298,860.93,76.58,1.0
9599,222,52,2722,444,860.9,88.27,1.0
9600,300,54,2800,600,860.89,106.48,1.0
9601,149,39,2649,298,860.87,75.69,1.0
9602,164,46,2664,328,860.87,80.36,1.0
9603,153,46,2653,306,860.85,80.9,1.0
9604,244,10,2744,488,860.85,129.32,1.0
9605,106,8,2606,212,860.78,104.05,1.0
9606,139,35,2639,278,860.78,76.28,1.0
9607,172,48,2672,344,860.77,84.16,1.0
9608,206,50,2706,412,860.76,88.94,1.0
9609,149,41,2649,298,860.75,75.91,1.0
9610,281,10,2781,562,860.75,140.24,1.0
9611,147,40,2647,294,860.73,77.83,1.0
9612,149,34,2649,298,860.73,75.96,1.0
9613,133,39,2633,266,860.72,75.63,1.0
9614,131,8,2631,262,860.71,109.99,1.0
9615,85,29,2585,170,860.68,74.43,1.0
9616,124,30,2624,248,860.68,76.74,1.0
9617,205,52,2705,410,860.68,89.17,1.0
9618,221,52,2721,442,860.68,94.73,1.0
9619,124,31,2624,248,860.62,77.58,1.0
9620,111,8,2611,222,860.6,108.3,1.0
9621,124,41,2624,248,860.59,76.77,1.0
9622,208,50,2708,416,860.59,91.39,1.0
9623,149,40,2649,298,860.58,76.0,1.0
9624,126,32,2626,252,860.56,74.7,1.0
9625,133,32,2633,266,860.53,75.15,1.0
9626,133,43,2633,266,860.51,75.54,1.0
9627,157,47,2657,314,860.5,80.79,1.0
9628,280,53,2780,560,860.5,101.21,1.0
9629,135,40,2635,270,860.49,77.73,1.0
9630,135,33,2635,270,860.47,77.52,1.0
9631,124,43,2624,248,860.45,77.6,1.0
9632,135,37,2635,270,860.45,76.58,1.0
9633,149,33,2649,298,860.45,76.44,1.0
9634,279,10,2779,558,860.45,138.55,1.0
9635,139,40,2639,278,860.44,76.44,1.0
9636,139,33,2639,278,860.42,76.47,1.0
9637,193,9,2693,386,860.42,122.56,1.0
9638,194,49,2694,388,860.42,84.92,1.0
9639,126,39,2626,252,860.4,74.51,1.0
9640,149,35,2649,298,860.39,75.42,1.0
9641,143,35,2643,286,860.37,78.86,1.0
9642,124,39,2624,248,860.36,77.4,1.0
9643,124,37,2624,248,860.35,77.46,1.0
9644,135,35,2635,270,860.32,76.92,1.0
9645,124,33,2624,248,860.31,77.06,1.0
9646,133,8,2633,266,860.31,109.87,1.0
9647,135,42,2635,270,860.29,76.67,1.0
9648,124,35,2624,248,860.27,76.96,1.0
9649,126,31,2626,252,860.24,75.28,1.0
9650,189,50,2689,378,860.24,84.45,1.0
9651,91,29,2591,182,860.21,75.26,1.0
9652,149,37,2649,298,860.19,75.81,1.0
9653,145,46,2645,290,860.18,82.19,1.0
9654,149,44,2649,298,860.14,76.19,1.0
9655,124,36,2624,248,860.13,76.5,1.0
9656,139,44,2639,278,860.13,76.37,1.0
9657,147,31,2647,294,860.11,78.76,1.0
9658,139,37,2639,278,860.1,76.3,1.0
9659,149,30,2649,298,860.1,76.62,1.0
9660,126,41,2626,252,860.08,75.25,1.0
9661,139,34,2639,278,860.08,76.65,1.0
9662,133,31,2633,266,860.06,75.55,1.0
9663,283,53,2783,566,860.06,103.63,1.0
9664,135,34,2635,270,860.04,76.23,1.0
9665,147,35,2647,294,860.01,78.65,1.0
9666,124,44,2624,248,860.0,77.11,1.0
9667,147,43,2647,294,860.0,79.24,1.0
9668,149,31,2649,298,860.0,75.63,1.0
9669,135,44,2635,270,859.99,77.44,1.0
9670,124,34,2624,248,859.98,76.89,1.0
9671,25,28,2525,50,859.97,68.03,1.0
9672,220,50,2720,440,859.97,92.44,1.0
9673,135,41,2635,270,859.96,77.49,1.0
9674,147,39,2647,294,859.95,78.39,1.0
9675,133,44,2633,266,859.94,75.53,1.0
9676,133,40,2633,266,859.92,75.19,1.0
9677,143,30,2643,286,859.91,79.46,1.0
9678,149,32,2649,298,859.89,76.01,1.0
9679,255,9,2755,510,859.86,137.0,1.0
9680,126,36,2626,252,859.85,74.5,1.0
9681,143,43,2643,286,859.85,80.65,1.0
9682,126,35,2626,252,859.84,75.16,1.0
9683,186,50,2686,372,859.83,85.44,1.0
9684,143,37,2643,286,859.81,79.39,1.0
9685,126,44,2626,252,859.79,74.95,1.0
9686,147,37,2647,294,859.78,78.76,1.0
9687,139,41,2639,278,859.77,76.07,1.0
9688,161,48,2661,322,859.77,82.15,1.0
9689,208,9,2708,416,859.76,126.77,1.0
9690,135,32,2635,270,859.74,77.29,1.0
9691,200,9,2700,400,859.73,121.43,1.0
9692,147,42,2647,294,859.71,78.41,1.0
9693,135,39,2635,270,859.7,77.42,1.0
9694,139,36,2639,278,859.7,76.56,1.0
9695,254,53,2754,508,859.69,97.09,1.0
9696,147,32,2647,294,859.68,78.54,1.0
9697,163,48,2663,326,859.66,83.19,1.0
9698,179,49,2679,358,859.66,86.06,1.0
9699,133,34,2633,266,859.65,75.19,1.0
9700,147,36,2647,294,859.65,78.7,1.0
9701,213,51,2713,426,859.64,88.24,1.0
9702,178,49,2678,356,859.63,85.38,1.0
9703,135,31,2635,270,859.62,77.1,1.0
9704,143,39,2643,286,859.62,79.46,1.0
9705,162,47,2662,324,859.62,81.54,1.0
9706,164,9,2664,328,859.62,114.73,1.0
9707,126,43,2626,252,859.61,74.97,1.0
9708,124,32,2624,248,859.59,76.87,1.0
9709,133,33,2633,266,859.59,75.59,1.0
9710,133,41,2633,266,859.59,75.82,1.0
9711,274,54,2774,548,859.59,100.33,1.0
9712,147,41,2647,294,859.58,78.73,1.0
9713,143,42,2643,286,859.57,79.44,1.0
9714,149,43,2649,298,859.57,76.07,1.0
9715,133,30,2633,266,859.56,75.16,1.0
9716,126,40,2626,252,859.54,75.15,1.0
9717,135,43,2635,270,859.54,76.46,1.0
9718,135,30,2635,270,859.52,77.38,1.0
9719,126,42,2626,252,859.51,75.19,1.0
9720,176,49,2676,352,859.47,84.08,1.0
9721,133,35,2633,266,859.45,75.11,1.0
9722,143,40,2643,286,859.43,79.64,1.0
9723,126,30,2626,252,859.42,74.38,1.0
9724,147,38,2647,294,859.4,79.25,1.0
9725,124,40,2624,248,859.39,77.96,1.0
9726,143,34,2643,286,859.39,79.15,1.0
9727,133,36,2633,266,859.36,75.65,1.0
9728,143,32,2643,286,859.36,78.85,1.0
9729,135,38,2635,270,859.35,76.24,1.0
9730,143,44,2643,286,859.35,78.77,1.0
9731,147,33,2647,294,859.35,78.64,1.0
9732,126,38,2626,252,859.34,75.17,1.0
9733,139,31,2639,278,859.33,76.05,1.0
9734,147,30,2647,294,859.32,78.57,1.0
9735,180,50,2680,360,859.29,85.37,1.0
9736,147,34,2647,294,859.28,78.71,1.0
9737,143,41,2643,286,859.2,79.43,1.0
9738,182,50,2682,364,859.2,87.23,1.0
9739,263,54,2763,526,859.2,100.98,1.0
9740,34,28,2534,68,859.17,68.89,1.0
9741,90,29,2590,180,859.17,74.12,1.0
9742,160,47,2660,320,859.13,79.96,1.0
9743,256,53,2756,512,859.11,99.52,1.0
9744,276,53,2776,552,859.1,102.48,1.0
9745,144,47,2644,288,859.06,81.15,1.0
9746,126,34,2626,252,859.05,74.51,1.0
9747,126,37,2626,252,859.04,74.74,1.0
9748,200,50,2700,400,859.02,86.14,1.0
9749,278,53,2778,556,859.01,100.5,1.0
9750,285,53,2785,570,858.99,98.45,1.0
9751,241,53,2741,482,858.98,94.15,1.0
9752,29,7,2529,58,858.97,84.82,1.0
9753,166,48,2666,332,858.95,81.79,1.0
9754,233,53,2733,466,858.92,92.39,1.0
9755,33,7,2533,66,858.91,84.72,1.0
9756,210,51,2710,420,858.91,89.26,1.0
9757,126,33,2626,252,858.89,75.15,1.0
9758,143,33,2643,286,858.88,79.42,1.0
9759,143,38,2643,286,858.87,79.7,1.0
9760,251,53,2751,502,858.87,95.18,1.0
9761,34,7,2534,68,858.86,85.45,1.0
9762,143,36,2643,286,858.84,80.23,1.0
9763,291,55,2791,582,858.83,104.38,1.0
9764,88,29,2588,176,858.78,72.18,1.0
9765,32,7,2532,64,858.77,85.07,1.0
9766,119,8,2619,238,858.77,107.44,1.0
9767,201,50,2701,402,858.77,89.13,1.0
9768,169,47,2669,338,858.76,81.36,1.0
9769,185,49,2685,370,858.74,85.06,1.0
9770,195,49,2695,390,858.71,86.37,1.0
9771,181,49,2681,362,858.7,83.38,1.0
9772,266,10,2766,532,858.65,145.22,1.0
9773,133,42,2633,266,858.64,76.09,1.0
9774,31,28,2531,62,858.61,68.07,1.0
9775,17,7,2517,34,858.61,80.48,1.0
9776,29,28,2529,58,858.61,67.51,1.0
9777,43,7,2543,86,858.59,89.55,1.0
9778,19,7,2519,38,858.59,81.85,1.0
9779,36,28,2536,72,858.54,69.77,1.0
9780,224,50,2724,448,858.54,93.05,1.0
9781,199,51,2699,398,858.53,89.68,1.0
9782,204,51,2704,408,858.52,89.55,1.0
9783,295,55,2795,590,858.51,104.6,1.0
9784,146,30,2646,292,858.47,78.72,1.0
9785,146,33,2646,292,858.47,78.56,1.0
9786,202,9,2702,404,858.45,120.44,1.0
9787,146,40,2646,292,858.32,78.6,1.0
9788,52,7,2552,104,858.31,89.06,1.0
9789,147,44,2647,294,858.3,78.78,1.0
9790,278,10,2778,556,858.28,137.99,1.0
9791,196,50,2696,392,858.25,87.1,1.0
9792,143,31,2643,286,858.23,79.72,1.0
9793,186,9,2686,372,858.23,121.49,1.0
9794,146,38,2646,292,858.22,78.47,1.0
9795,146,39,2646,292,858.2,78.94,1.0
9796,26,28,2526,52,858.19,67.85,1.0
9797,138,45,2638,276,858.17,81.98,1.0
9798,146,44,2646,292,858.16,78.33,1.0
9799,264,54,2764,528,858.13,97.76,1.0
9800,249,53,2749,498,858.12,94.75,1.0
9801,184,50,2684,368,858.1,83.84,1.0
9802,203,51,2703,406,858.1,87.61,1.0
9803,44,7,2544,88,858.08,88.43,1.0
9804,214,51,2714,428,858.08,87.49,1.0
9805,146,35,2646,292,858.01,78.17,1.0
9806,146,37,2646,292,858.01,78.36,1.0
9807,146,42,2646,292,858.01,78.07,1.0
9808,171,9,2671,342,858.0,121.84,1.0
9809,146,43,2646,292,857.99,78.6,1.0
9810,197,49,2697,394,857.99,90.09,1.0
9811,290,53,2790,580,857.98,100.71,1.0
9812,126,8,2626,252,857.96,107.02,1.0
9813,90,8,2590,180,857.89,102.67,1.0
9814,36,7,2536,72,857.88,88.0,1.0
9815,146,34,2646,292,857.86,77.92,1.0
9816,140,33,2640,280,857.85,79.1,1.0
9817,185,9,2685,370,857.84,121.76,1.0
9818,193,50,2693,386,857.83,87.9,1.0
9819,267,53,2767,534,857.81,98.61,1.0
9820,246,53,2746,492,857.8,93.75,1.0
9821,232,52,2732,464,857.79,93.89,1.0
9822,75,29,2575,150,857.77,74.32,1.0
9823,140,41,2640,280,857.77,79.28,1.0
9824,198,50,2698,396,857.74,87.72,1.0
9825,286,54,2786,572,857.74,101.71,1.0
9826,183,48,2683,366,857.72,84.53,1.0
9827,136,40,2636,272,857.69,77.99,1.0
9828,209,53,2709,418,857.69,90.52,1.0
9829,299,55,2799,598,857.65,102.0,1.0
9830,294,10,2794,588,857.65,141.76,1.0
9831,92,29,2592,184,857.64,73.22,1.0
9832,141,46,2641,282,857.64,78.43,1.0
9833,267,10,2767,534,857.64,137.31,1.0
9834,140,32,2640,280,857.63,78.93,1.0
9835,250,53,2750,500,857.63,97.33,1.0
9836,140,40,2640,280,857.62,78.5,1.0
9837,297,53,2797,594,857.62,106.12,1.0
9838,159,47,2659,318,857.56,82.25,1.0
9839,78,29,2578,156,857.55,72.86,1.0
9840,259,53,2759,518,857.54,98.45,1.0
9841,140,36,2640,280,857.52,79.06,1.0
9842,216,50,2716,432,857.51,88.43,1.0
9843,146,41,2646,292,857.5,78.4,1.0
9844,37,7,2537,74,857.48,85.57,1.0
9845,238,52,2738,476,857.46,89.64,1.0
9846,245,53,2745,490,857.44,95.49,1.0
9847,93,8,2593,186,857.43,103.63,1.0
9848,236,53,2736,472,857.43,94.96,1.0
9849,140,42,2640,280,857.37,79.39,1.0
9850,289,54,2789,578,857.34,99.93,1.0
9851,146,32,2646,292,857.33,78.52,1.0
9852,211,52,2711,422,857.33,89.89,1.0
9853,146,31,2646,292,857.31,78.47,1.0
9854,210,9,2710,420,857.3,127.06,1.0
9855,142,46,2642,284,857.29,78.24,1.0
9856,261,10,2761,522,857.25,133.87,1.0
9857,287,54,2787,574,857.25,102.53,1.0
9858,240,9,2740,480,857.2,133.77,1.0
9859,140,44,2640,280,857.19,78.85,1.0
9860,296,55,2796,592,857.17,101.87,1.0
9861,226,9,2726,452,857.15,129.1,1.0
9862,136,41,2636,272,857.13,78.38,1.0
9863,140,34,2640,280,857.1,79.13,1.0
9864,156,47,2656,312,857.09,81.36,1.0
9865,140,35,2640,280,857.08,78.54,1.0
9866,277,53,2777,554,857.08,98.79,1.0
9867,30,28,2530,60,857.07,66.93,1.0
9868,174,48,2674,348,857.05,84.08,1.0
9869,33,28,2533,66,857.02,67.79,1.0
9870,82,8,2582,164,857.02,97.82,1.0
9871,149,45,2649,298,857.02,76.2,1.0
9872,154,47,2654,308,856.96,80.99,1.0
9873,136,33,2636,272,856.94,78.69,1.0
9874,136,34,2636,272,856.94,77.85,1.0
9875,140,30,2640,280,856.94,79.36,1.0
9876,231,53,2731,462,856.92,90.5,1.0
9877,8,7,2508,16,856.91,78.6,1.0
9878,140,38,2640,280,856.91,79.55,1.0
9879,23,28,2523,46,856.83,69.19,1.0
9880,136,38,2636,272,856.82,78.29,1.0
9881,140,39,2640,280,856.82,78.96,1.0
9882,282,10,2782,564,856.82,136.62,1.0
9883,28,28,2528,56,856.78,68.98,1.0
9884,288,55,2788,576,856.77,98.55,1.0
9885,177,49,2677,354,856.75,84.0,1.0
9886,40,7,2540,80,856.74,86.38,1.0
9887,124,45,2624,248,856.72,77.26,1.0
9888,295,10,2795,590,856.72,144.77,1.0
9889,101,8,2601,202,856.7,104.0,1.0
9890,167,49,2667,334,856.7,83.54,1.0
9891,202,51,2702,404,856.68,88.33,1.0
9892,129,47,2629,258,856.67,79.62,1.0
9893,137,44,2637,274,856.67,78.85,1.0
9894,136,36,2636,272,856.66,78.79,1.0
9895,136,37,2636,272,856.62,79.49,1.0
9896,136,32,2636,272,856.59,78.1,1.0
9897,140,31,2640,280,856.59,79.73,1.0
9898,191,49,2691,382,856.59,87.39,1.0
9899,38,7,2538,76,856.58,87.31,1.0
9900,234,9,2734,468,856.58,131.8,1.0
9901,136,44,2636,272,856.54,78.24,1.0
9902,146,36,2646,292,856.51,78.65,1.0
9903,255,54,2755,510,856.49,99.68,1.0
9904,136,42,2636,272,856.48,78.68,1.0
9905,6,7,2506,12,856.46,73.95,1.0
9906,148,46,2648,296,856.45,79.35,1.0
9907,244,52,2744,488,856.41,92.6,1.0
9908,137,41,2637,274,856.4,79.32,1.0
9909,139,45,2639,278,856.4,77.23,1.0
9910,112,8,2612,224,856.38,106.25,1.0
9911,136,31,2636,272,856.38,78.06,1.0
9912,235,52,2735,470,856.37,94.31,1.0
9913,175,48,2675,350,856.36,85.73,1.0
9914,140,43,2640,280,856.33,79.15,1.0
9915,140,37,2640,280,856.32,79.14,1.0
9916,137,30,2637,274,856.27,79.25,1.0
9917,136,30,2636,272,856.23,78.3,1.0
9918,198,9,2698,396,856.22,124.33,1.0
9919,171,48,2671,342,856.2,84.24,1.0
9920,173,50,2673,346,856.16,83.48,1.0
9921,137,33,2637,274,856.09,79.21,1.0
9922,16,7,2516,32,856.08,81.39,1.0
9923,151,48,2651,302,856.08,80.16,1.0
9924,225,52,2725,450,856.08,89.97,1.0
9925,136,39,2636,272,856.05,78.45,1.0
9926,27,7,2527,54,856.04,82.8,1.0
9927,137,40,2637,274,856.04,79.8,1.0
9928,137,42,2637,274,856.0,79.2,1.0
9929,137,38,2637,274,855.97,79.33,1.0
9930,136,35,2636,272,855.95,79.13,1.0
9931,168,50,2668,336,855.95,83.92,1.0
9932,145,8,2645,290,855.94,117.5,1.0
9933,137,43,2637,274,855.89,79.17,1.0
9934,220,9,2720,440,855.87,131.06,1.0
9935,282,54,2782,564,855.85,101.62,1.0
9936,219,52,2719,438,855.8,91.93,1.0
9937,152,48,2652,304,855.78,80.9,1.0
9938,136,43,2636,272,855.77,78.91,1.0
9939,243,50,2743,486,855.74,93.27,1.0
9940,131,46,2631,262,855.69,76.59,1.0
9941,284,10,2784,568,855.69,141.8,1.0
9942,147,45,2647,294,855.67,79.41,1.0
9943,22,7,2522,44,855.66,80.83,1.0
9944,143,45,2643,286,855.62,79.87,1.0
9945,135,45,2635,270,855.6,77.42,1.0
9946,150,47,2650,300,855.6,79.51,1.0
9947,137,36,2637,274,855.52,79.43,1.0
9948,170,51,2670,340,855.45,86.08,1.0
9949,137,34,2637,274,855.43,79.01,1.0
9950,183,9,2683,366,855.37,122.91,1.0
9951,132,40,2632,264,855.36,77.64,1.0
9952,266,54,2766,532,855.36,100.43,1.0
9953,215,52,2715,430,855.35,91.62,1.0
9954,137,32,2637,274,855.33,79.15,1.0
9955,137,37,2637,274,855.32,79.01,1.0
9956,194,9,2694,388,855.28,121.28,1.0
9957,137,39,2637,274,855.27,79.4,1.0
9958,188,51,2688,376,855.27,84.81,1.0
9959,39,28,2539,78,855.26,70.05,1.0
9960,132,41,2632,264,855.26,77.41,1.0
9961,157,48,2657,314,855.25,81.99,1.0
9962,172,49,2672,344,855.25,85.79,1.0
9963,165,49,2665,330,855.21,81.42,1.0
9964,239,53,2739,478,855.21,94.54,1.0
9965,132,34,2632,264,855.14,77.94,1.0
9966,132,43,2632,264,855.14,76.76,1.0
9967,132,44,2632,264,855.08,77.81,1.0
9968,122,8,2622,244,855.06,107.62,1.0
9969,132,36,2632,264,855.06,77.77,1.0
9970,155,46,2655,310,855.06,78.79,1.0
9971,153,47,2653,306,855.03,82.18,1.0
9972,87,29,2587,174,855.01,75.67,1.0
9973,132,30,2632,264,854.98,77.55,1.0
9974,229,53,2729,458,854.97,93.5,1.0
9975,35,7,2535,70,854.95,87.24,1.0
9976,187,51,2687,374,854.94,87.09,1.0
9977,257,55,2757,514,854.91,98.35,1.0
9978,137,35,2637,274,854.87,78.65,1.0
9979,164,47,2664,328,854.87,81.15,1.0
9980,237,54,2737,474,854.8,97.53,1.0
9981,102,8,2602,204,854.79,102.91,1.0
9982,137,31,2637,274,854.78,79.07,1.0
9983,110,8,2610,220,854.76,104.64,1.0
9984,158,8,2658,316,854.71,120.66,1.0
9985,128,34,2628,256,854.7,75.99,1.0
9986,192,49,2692,384,854.7,88.91,1.0
9987,132,32,2632,264,854.68,78.02,1.0
9988,132,35,2632,264,854.66,77.84,1.0
9989,128,41,2628,256,854.64,75.0,1.0
9990,135,8,2635,270,854.64,113.97,1.0
9991,279,54,2779,558,854.64,101.04,1.0
9992,128,35,2628,256,854.6,75.86,1.0
9993,132,33,2632,264,854.6,76.23,1.0
9994,128,30,2628,256,854.57,75.82,1.0
9995,226,53,2726,452,854.57,93.98,1.0
9996,51,7,2551,102,854.55,90.06,1.0
9997,132,31,2632,264,854.55,77.13,1.0
9998,133,45,2633,266,854.55,75.86,1.0
9999,240,53,2740,480,854.5,96.25,1.0
10000,132,37,2632,264,854.49,78.14,1.0
10001,132,42,2632,264,854.48,77.74,1.0
10002,217,50,2717,434,854.48,90.71,1.0
10003,190,50,2690,380,854.47,85.25,1.0
10004,228,53,2728,456,854.41,92.31,1.0
10005,132,38,2632,264,854.35,77.21,1.0
10006,207,52,2707,414,854.35,89.92,1.0
10007,84,29,2584,168,854.29,72.85,1.0
10008,42,7,2542,84,854.26,90.1,1.0
10009,216,10,2716,432,854.24,129.5,1.0
10010,269,54,2769,538,854.22,99.82,1.0
10011,128,42,2628,256,854.19,76.31,1.0
10012,179,50,2679,358,854.18,87.08,1.0
10013,220,51,2720,440,854.17,92.33,1.0
10014,294,55,2794,588,854.16,104.31,1.0
10015,160,48,2660,320,854.11,80.11,1.0
10016,128,36,2628,256,854.05,75.98,1.0
10017,158,50,2658,316,854.05,86.15,1.0
10018,262,54,2762,524,854.02,98.67,1.0
10019,24,28,2524,48,854.01,70.59,1.0
10020,132,39,2632,264,854.0,77.42,1.0
10021,128,31,2628,256,853.98,75.32,1.0
10022,129,48,2629,258,853.89,80.39,1.0
10023,121,8,2621,242,853.88,110.05,1.0
10024,145,47,2645,290,853.87,83.3,1.0
10025,285,10,2785,570,853.84,138.93,1.0
10026,128,44,2628,256,853.81,75.72,1.0
10027,128,38,2628,256,853.79,76.07,1.0
10028,277,10,2777,554,853.78,139.67,1.0
10029,126,45,2626,252,853.77,76.21,1.0
10030,141,47,2641,282,853.77,79.31,1.0
10031,218,53,2718,436,853.77,91.55,1.0
10032,176,50,2676,352,853.74,84.63,1.0
10033,261,53,2761,522,853.72,95.9,1.0
10034,272,53,2772,544,853.7,98.2,1.0
10035,128,33,2628,256,853.67,75.73,1.0
10036,144,48,2644,288,853.64,82.51,1.0
10037,154,48,2654,308,853.64,81.93,1.0
10038,281,55,2781,562,853.63,103.88,1.0
10039,162,48,2662,324,853.62,81.53,1.0
10040,27,28,2527,54,853.61,68.08,1.0
10041,163,49,2663,326,853.6,83.53,1.0
10042,128,43,2628,256,853.54,75.62,1.0
10043,270,53,2770,540,853.5,98.97,1.0
10044,74,29,2574,148,853.48,71.01,1.0
10045,146,45,2646,292,853.46,78.92,1.0
10046,287,10,2787,574,853.46,139.81,1.0
10047,21,28,2521,42,853.44,68.01,1.0
10048,264,9,2764,528,853.44,134.96,1.0
10049,128,40,2628,256,853.39,75.64,1.0
10050,271,55,2771,542,853.37,103.0,1.0
10051,265,53,2765,530,853.36,96.58,1.0
10052,128,37,2628,256,853.34,75.95,1.0
10053,161,49,2661,322,853.34,82.21,1.0
10054,242,53,2742,484,853.34,92.49,1.0
10055,206,51,2706,412,853.27,90.22,1.0
10056,138,46,2638,276,853.25,82.62,1.0
10057,182,51,2682,364,853.2,88.99,1.0
10058,208,51,2708,416,853.17,92.53,1.0
10059,14,28,2514,28,853.16,66.99,1.0
10060,118,8,2618,236,853.15,104.37,1.0
10061,189,51,2689,378,853.15,85.84,1.0
10062,196,9,2696,392,853.1,122.36,1.0
10063,65,7,2565,130,853.04,93.01,1.0
10064,186,51,2686,372,853.01,85.53,1.0
10065,207,9,2707,414,853.01,126.17,1.0
10066,293,55,2793,586,852.95,102.57,1.0
10067,124,46,2624,248,852.88,78.56,1.0
10068,292,54,2792,584,852.77,104.37,1.0
10069,128,39,2628,256,852.75,75.57,1.0
10070,230,53,2730,460,852.75,94.8,1.0
10071,234,53,2734,468,852.74,95.01,1.0
10072,247,54,2747,494,852.74,95.78,1.0
10073,128,32,2628,256,852.7,75.69,1.0
10074,140,45,2640,280,852.7,80.56,1.0
10075,152,8,2652,304,852.68,114.81,1.0
10076,221,53,2721,442,852.68,96.21,1.0
10077,223,52,2723,446,852.57,91.81,1.0
10078,134,37,2634,268,852.53,75.08,1.0
10079,258,53,2758,516,852.49,96.75,1.0
10080,115,31,2615,230,852.37,75.53,1.0
10081,222,53,2722,444,852.33,89.12,1.0
10082,241,54,2741,482,852.33,94.53,1.0
10083,136,45,2636,272,852.32,79.09,1.0
10084,159,48,2659,318,852.31,83.41,1.0
10085,71,29,2571,142,852.22,70.37,1.0
10086,136,8,2636,272,852.22,109.82,1.0
10087,212,9,2712,424,852.16,127.78,1.0
10088,147,46,2647,294,852.1,79.44,1.0
10089,41,7,2541,82,852.05,88.49,1.0
10090,231,9,2731,462,852.05,130.84,1.0
10091,205,53,2705,410,852.04,90.51,1.0
10092,80,29,2580,160,852.02,73.26,1.0
10093,115,38,2615,230,852.01,75.12,1.0
10094,115,43,2615,230,852.01,75.29,1.0
10095,194,50,2694,388,851.98,86.0,1.0
10096,115,32,2615,230,851.96,75.59,1.0
10097,167,50,2667,334,851.91,85.01,1.0
10098,115,40,2615,230,851.89,75.69,1.0
10099,200,51,2700,400,851.88,85.87,1.0
10100,61,7,2561,122,851.84,93.86,1.0
10101,227,52,2727,454,851.83,94.86,1.0
10102,115,37,2615,230,851.82,75.65,1.0
10103,115,44,2615,230,851.81,75.61,1.0
10104,134,42,2634,268,851.81,75.68,1.0
10105,268,54,2768,536,851.81,99.39,1.0
10106,203,52,2703,406,851.76,88.96,1.0
10107,169,48,2669,338,851.7,82.65,1.0
10108,275,55,2775,550,851.7,102.5,1.0
10109,152,49,2652,304,851.67,83.8,1.0
10110,166,49,2666,332,851.66,82.16,1.0
10111,115,36,2615,230,851.65,75.87,1.0
10112,65,29,2565,130,851.63,72.25,1.0
10113,115,34,2615,230,851.6,75.14,1.0
10114,115,35,2615,230,851.58,75.49,1.0
10115,201,9,2701,402,851.57,122.3,1.0
10116,201,51,2701,402,851.57,90.39,1.0
10117,183,49,2683,366,851.56,85.74,1.0
10118,115,39,2615,230,851.54,75.91,1.0
10119,30,7,2530,60,851.5,83.07,1.0
10120,32,28,2532,64,851.5,69.12,1.0
10121,134,43,2634,268,851.48,75.58,1.0
10122,142,47,2642,284,851.41,80.34,1.0
10123,210,52,2710,420,851.41,90.89,1.0
10124,298,55,2798,596,851.4,106.42,1.0
10125,20,7,2520,40,851.35,82.21,1.0
10126,197,50,2697,394,851.34,90.55,1.0
10127,185,50,2685,370,851.26,85.31,1.0
10128,195,50,2695,390,851.26,86.74,1.0
10129,115,42,2615,230,851.25,75.73,1.0
10130,127,8,2627,254,851.24,111.37,1.0
10131,148,47,2648,296,851.16,80.95,1.0
10132,193,51,2693,386,851.15,88.24,1.0
10133,198,51,2698,396,851.14,89.63,1.0
10134,115,41,2615,230,851.1,75.4,1.0
10135,121,39,2621,242,851.05,75.6,1.0
10136,115,30,2615,230,851.0,74.7,1.0
10137,237,9,2737,474,851.0,133.71,1.0
10138,134,30,2634,268,850.98,76.11,1.0
10139,79,29,2579,158,850.92,76.03,1.0
10140,121,43,2621,242,850.91,75.38,1.0
10141,243,10,2743,486,850.89,132.14,1.0
10142,22,28,2522,44,850.88,67.52,1.0
10143,134,32,2634,268,850.88,75.72,1.0
10144,143,46,2643,286,850.88,80.15,1.0
10145,184,51,2684,368,850.85,85.72,1.0
10146,254,54,2754,508,850.85,99.33,1.0
10147,134,31,2634,268,850.84,76.85,1.0
10148,148,8,2648,296,850.82,112.59,1.0
10149,265,10,2765,530,850.8,133.82,1.0
10150,134,35,2634,268,850.72,75.42,1.0
10151,115,33,2615,230,850.71,75.07,1.0
10152,272,10,2772,544,850.7,138.92,1.0
10153,134,40,2634,268,850.69,75.84,1.0
10154,170,8,2670,340,850.69,117.78,1.0
10155,178,50,2678,356,850.66,86.96,1.0
10156,134,33,2634,268,850.62,76.12,1.0
10157,134,44,2634,268,850.6,75.96,1.0
10158,121,33,2621,242,850.56,75.73,1.0
10159,18,28,2518,36,850.51,66.79,1.0
10160,134,39,2634,268,850.48,75.14,1.0
10161,121,31,2621,242,850.45,75.48,1.0
10162,139,46,2639,278,850.4,78.07,1.0
10163,156,48,2656,312,850.38,82.25,1.0
10164,254,9,2754,508,850.35,138.98,1.0
10165,252,53,2752,504,850.31,98.52,1.0
10166,134,36,2634,268,850.19,76.35,1.0
10167,137,45,2637,274,850.19,79.53,1.0
10168,181,50,2681,362,850.18,84.25,1.0
10169,155,47,2655,310,850.15,79.6,1.0
10170,224,51,2724,448,850.15,94.29,1.0
10171,134,38,2634,268,850.12,76.32,1.0
10172,15,28,2515,30,850.09,65.6,1.0
10173,121,35,2621,242,850.08,75.76,1.0
10174,75,7,2575,150,850.06,98.66,1.0
10175,135,46,2635,270,850.04,78.26,1.0
10176,180,51,2680,360,850.04,85.96,1.0
10177,151,49,2651,302,850.02,80.57,1.0
10178,134,41,2634,268,850.01,76.4,1.0
10179,212,52,2712,424,849.96,89.21,1.0
10180,174,49,2674,348,849.95,84.88,1.0
10181,134,34,2634,268,849.91,75.83,1.0
10182,171,49,2671,342,849.91,84.85,1.0
10183,165,50,2665,330,849.84,82.35,1.0
10184,121,30,2621,242,849.83,75.36,1.0
10185,121,42,2621,242,849.83,75.76,1.0
10186,170,52,2670,340,849.83,86.17,1.0
10187,253,53,2753,506,849.81,101.15,1.0
10188,138,8,2638,276,849.8,114.75,1.0
10189,172,50,2672,344,849.77,86.43,1.0
10190,273,55,2773,546,849.76,100.36,1.0
10191,49,7,2549,98,849.75,90.4,1.0
10192,270,10,2770,540,849.75,140.76,1.0
10193,121,40,2621,242,849.73,76.16,1.0
10194,124,47,2624,248,849.68,78.81,1.0
10195,121,36,2621,242,849.66,75.83,1.0
10196,150,48,2650,300,849.66,80.41,1.0
10197,121,38,2621,242,849.65,76.09,1.0
10198,260,54,2760,520,849.63,98.87,1.0
10199,121,37,2621,242,849.59,75.62,1.0
10200,121,34,2621,242,849.55,75.87,1.0
10201,121,41,2621,242,849.51,75.82,1.0
10202,141,8,2641,282,849.51,112.73,1.0
10203,199,52,2699,398,849.51,90.99,1.0
10204,284,54,2784,568,849.51,101.1,1.0
10205,213,52,2713,426,849.49,89.8,1.0
10206,233,54,2733,466,849.49,93.38,1.0
10207,121,32,2621,242,849.48,76.06,1.0
10208,161,50,2661,322,849.46,83.46,1.0
10209,238,53,2738,476,849.46,92.31,1.0
10210,283,54,2783,566,849.41,105.46,1.0
10211,121,44,2621,242,849.35,75.65,1.0
10212,177,50,2677,354,849.34,83.83,1.0
10213,56,7,2556,112,849.19,91.26,1.0
10214,149,46,2649,298,849.18,77.97,1.0
10215,131,47,2631,262,849.15,77.94,1.0
10216,158,51,2658,316,849.15,87.48,1.0
10217,73,29,2573,146,849.13,72.93,1.0
10218,157,49,2657,314,849.1,82.65,1.0
10219,248,53,2748,496,849.1,95.15,1.0
10220,278,54,2778,556,849.07,102.37,1.0
10221,128,45,2628,256,849.05,76.52,1.0
10222,190,51,2690,380,849.05,85.59,1.0
10223,264,55,2764,528,849.01,100.12,1.0
10224,191,50,2691,382,848.99,89.0,1.0
10225,53,7,2553,106,848.95,92.08,1.0
10226,204,9,2704,408,848.94,126.09,1.0
10227,60,7,2560,120,848.93,91.99,1.0
10228,241,9,2741,482,848.91,133.44,1.0
10229,164,48,2664,328,848.89,82.22,1.0
10230,140,46,2640,280,848.88,81.4,1.0
10231,132,45,2632,264,848.87,77.63,1.0
10232,120,8,2620,240,848.83,108.17,1.0
10233,130,40,2630,260,848.83,75.38,1.0
10234,130,43,2630,260,848.79,75.93,1.0
10235,256,54,2756,512,848.75,101.66,1.0
10236,128,8,2628,256,848.7,109.71,1.0
10237,231,54,2731,462,848.69,93.13,1.0
10238,81,29,2581,162,848.67,71.49,1.0
10239,141,48,2641,282,848.66,79.68,1.0
10240,160,49,2660,320,848.66,81.41,1.0
10241,144,49,2644,288,848.58,82.74,1.0
10242,246,54,2746,492,848.58,96.14,1.0
10243,132,8,2632,264,848.55,111.27,1.0
10244,249,54,2749,498,848.52,95.9,1.0
10245,133,46,2633,266,848.48,78.63,1.0
10246,126,46,2626,252,848.44,76.29,1.0
10247,114,8,2614,228,848.34,106.66,1.0
10248,146,46,2646,292,848.3,79.75,1.0
10249,176,51,2676,352,848.3,84.71,1.0
10250,227,9,2727,454,848.3,131.5,1.0
10251,285,54,2785,570,848.3,100.46,1.0
10252,94,7,2594,188,848.27,102.01,1.0
10253,162,49,2662,324,848.27,83.47,1.0
10254,192,50,2692,384,848.24,89.62,1.0
10255,130,42,2630,260,848.21,75.94,1.0
10256,129,49,2629,258,848.16,81.43,1.0
10257,168,51,2668,336,848.13,84.75,1.0
10258,202,52,2702,404,848.12,89.56,1.0
10259,172,8,2672,344,848.11,120.77,1.0
10260,130,33,2630,260,848.09,75.29,1.0
10261,68,29,2568,136,848.07,70.36,1.0
10262,138,47,2638,276,848.07,82.72,1.0
10263,130,38,2630,260,848.06,74.99,1.0
10264,130,39,2630,260,848.03,76.0,1.0
10265,145,48,2645,290,847.95,84.13,1.0
10266,187,52,2687,374,847.92,89.46,1.0
10267,276,54,2776,552,847.87,104.04,1.0
10268,130,41,2630,260,847.86,75.64,1.0
10269,130,37,2630,260,847.83,75.83,1.0
10270,130,31,2630,260,847.82,75.97,1.0
10271,175,49,2675,350,847.82,86.65,1.0
10272,115,45,2615,230,847.8,75.91,1.0
10273,300,55,2800,600,847.8,109.19,1.0
10274,244,53,2744,488,847.79,93.71,1.0
10275,130,34,2630,260,847.78,75.36,1.0
10276,130,35,2630,260,847.78,75.82,1.0
10277,267,54,2767,534,847.78,99.42,1.0
10278,79,7,2579,158,847.76,97.73,1.0
10279,209,54,2709,418,847.74,90.42,1.0
10280,277,54,2777,554,847.74,101.86,1.0
10281,204,52,2704,408,847.71,90.63,1.0
10282,142,48,2642,284,847.69,80.24,1.0
10283,259,54,2759,518,847.68,98.61,1.0
10284,296,56,2796,592,847.68,103.46,1.0
10285,263,55,2763,526,847.66,101.16,1.0
10286,130,44,2630,260,847.64,75.41,1.0
10287,119,44,2619,238,847.62,75.73,1.0
10288,290,54,2790,580,847.54,102.95,1.0
10289,130,36,2630,260,847.5,75.98,1.0
10290,130,30,2630,260,847.49,75.6,1.0
10291,130,32,2630,260,847.49,76.16,1.0
10292,236,54,2736,472,847.47,94.61,1.0
10293,274,55,2774,548,847.44,103.37,1.0
10294,78,7,2578,156,847.4,101.52,1.0
10295,232,53,2732,464,847.37,95.45,1.0
10296,196,51,2696,392,847.32,90.26,1.0
10297,119,31,2619,238,847.29,76.08,1.0
10298,228,9,2728,456,847.29,127.79,1.0
10299,119,35,2619,238,847.28,76.93,1.0
10300,119,38,2619,238,847.27,76.05,1.0
10301,188,52,2688,376,847.27,85.85,1.0
10302,169,49,2669,338,847.25,83.29,1.0
10303,45,7,2545,90,847.23,87.95,1.0
10304,150,49,2650,300,847.23,80.53,1.0
10305,214,52,2714,428,847.23,88.18,1.0
10306,245,54,2745,490,847.2,97.84,1.0
10307,217,51,2717,434,847.19,91.69,1.0
10308,291,56,2791,582,847.13,105.31,1.0
10309,119,37,2619,238,847.1,77.01,1.0
10310,127,37,2627,254,847.08,78.26,1.0
10311,168,8,2668,336,847.08,116.64,1.0
10312,216,51,2716,432,847.08,89.9,1.0
10313,280,54,2780,560,847.08,101.14,1.0
10314,61,29,2561,122,846.97,70.63,1.0
10315,119,32,2619,238,846.97,76.01,1.0
10316,151,50,2651,302,846.96,81.15,1.0
10317,215,53,2715,430,846.94,93.16,1.0
10318,289,55,2789,578,846.94,101.09,1.0
10319,159,49,2659,318,846.91,84.73,1.0
10320,127,39,2627,254,846.89,77.78,1.0
10321,257,9,2757,514,846.89,135.07,1.0
10322,127,42,2627,254,846.88,77.31,1.0
10323,63,7,2563,126,846.86,95.63,1.0
10324,127,35,2627,254,846.77,78.1,1.0
10325,235,53,2735,470,846.77,95.13,1.0
10326,69,29,2569,138,846.76,72.07,1.0
10327,234,54,2734,468,846.76,95.78,1.0
10328,225,53,2725,450,846.73,92.4,1.0
10329,179,51,2679,358,846.69,88.35,1.0
10330,119,40,2619,238,846.68,75.61,1.0
10331,127,43,2627,254,846.68,77.92,1.0
10332,134,45,2634,268,846.68,76.24,1.0
10333,127,41,2627,254,846.67,77.44,1.0
10334,112,43,2612,224,846.63,75.36,1.0
10335,127,34,2627,254,846.63,77.19,1.0
10336,119,42,2619,238,846.62,76.07,1.0
10337,173,51,2673,346,846.61,85.98,1.0
10338,127,33,2627,254,846.58,76.84,1.0
10339,119,34,2619,238,846.56,76.17,1.0
10340,154,49,2654,308,846.53,82.88,1.0
10341,119,43,2619,238,846.52,76.16,1.0
10342,119,41,2619,238,846.49,75.82,1.0
10343,139,47,2639,278,846.48,78.78,1.0
10344,109,8,2609,218,846.47,104.14,1.0
10345,119,39,2619,238,846.45,76.54,1.0
10346,112,31,2612,224,846.45,75.67,1.0
10347,214,9,2714,428,846.44,125.82,1.0
10348,50,7,2550,100,846.43,91.14,1.0
10349,205,8,2705,410,846.41,121.87,1.0
10350,127,40,2627,254,846.4,78.1,1.0
10351,226,54,2726,452,846.32,95.67,1.0
10352,127,30,2627,254,846.31,77.78,1.0
10353,127,36,2627,254,846.31,77.38,1.0
10354,119,33,2619,238,846.3,75.83,1.0
10355,112,34,2612,224,846.3,74.66,1.0
10356,103,31,2603,206,846.29,74.88,1.0
10357,112,37,2612,224,846.29,74.92,1.0
10358,127,44,2627,254,846.29,77.34,1.0
10359,154,8,2654,308,846.29,114.53,1.0
10360,286,55,2786,572,846.29,103.81,1.0
10361,112,40,2612,224,846.28,75.14,1.0
10362,112,44,2612,224,846.28,74.69,1.0
10363,229,54,2729,458,846.27,95.07,1.0
10364,251,54,2751,502,846.22,97.28,1.0
10365,112,39,2612,224,846.19,75.48,1.0
10366,103,40,2603,206,846.18,74.65,1.0
10367,119,30,2619,238,846.18,76.24,1.0
10368,119,36,2619,238,846.17,77.32,1.0
10369,112,32,2612,224,846.17,75.72,1.0
10370,208,52,2708,416,846.17,92.99,1.0
10371,103,37,2603,206,846.16,74.69,1.0
10372,118,31,2618,236,846.16,76.54,1.0
10373,153,48,2653,306,846.14,83.35,1.0
10374,72,29,2572,144,846.13,71.22,1.0
10375,206,9,2706,412,846.12,125.47,1.0
10376,112,42,2612,224,846.11,74.66,1.0
10377,127,31,2627,254,846.09,78.02,1.0
10378,127,38,2627,254,846.08,78.16,1.0
10379,135,47,2635,270,846.08,79.35,1.0
10380,125,44,2625,250,846.04,75.65,1.0
10381,103,33,2603,206,846.03,74.8,1.0
10382,103,38,2603,206,846.0,73.93,1.0
10383,112,36,2612,224,845.99,75.41,1.0
10384,256,9,2756,512,845.98,135.76,1.0
10385,39,7,2539,78,845.95,89.08,1.0
10386,112,35,2612,224,845.95,75.49,1.0
10387,103,35,2603,206,845.9,74.61,1.0
10388,103,44,2603,206,845.89,74.77,1.0
10389,118,35,2618,236,845.85,76.61,1.0
10390,235,9,2735,470,845.84,133.64,1.0
10391,12,28,2512,24,845.83,66.1,1.0
10392,103,34,2603,206,845.82,74.52,1.0
10393,103,39,2603,206,845.81,74.07,1.0
10394,211,53,2711,422,845.81,91.25,1.0
10395,125,32,2625,250,845.8,77.13,1.0
10396,181,51,2681,362,845.78,85.2,1.0
10397,103,36,2603,206,845.75,73.94,1.0
10398,118,41,2618,236,845.75,77.16,1.0
10399,103,43,2603,206,845.72,74.96,1.0
10400,147,47,2647,294,845.72,79.83,1.0
10401,125,43,2625,250,845.7,75.77,1.0
10402,118,44,2618,236,845.68,76.64,1.0
10403,112,38,2612,224,845.68,75.35,1.0
10404,185,51,2685,370,845.68,85.54,1.0
10405,239,54,2739,478,845.64,95.83,1.0
10406,103,42,2603,206,845.63,74.78,1.0
10407,112,30,2612,224,845.61,75.31,1.0
10408,178,51,2678,356,845.59,87.37,1.0
10409,220,52,2720,440,845.59,93.25,1.0
10410,62,7,2562,124,845.57,94.97,1.0
10411,103,41,2603,206,845.57,75.0,1.0
10412,118,38,2618,236,845.56,76.73,1.0
10413,295,56,2795,590,845.55,106.04,1.0
10414,183,50,2683,366,845.54,85.69,1.0
10415,143,47,2643,286,845.5,80.85,1.0
10416,20,28,2520,40,845.48,66.59,1.0
10417,118,42,2618,236,845.48,76.53,1.0
10418,125,34,2625,250,845.47,75.32,1.0
10419,127,32,2627,254,845.46,77.24,1.0
10420,125,33,2625,250,845.45,75.99,1.0
10421,112,33,2612,224,845.44,74.59,1.0
10422,125,41,2625,250,845.4,75.94,1.0
10423,103,32,2603,206,845.39,74.4,1.0
10424,299,56,2799,598,845.39,103.02,1.0
10425,1,28,2501,2,845.36,66.01,1.0
10426,118,40,2618,236,845.36,76.25,1.0
10427,152,50,2652,304,845.35,83.23,1.0
10428,243,51,2743,486,845.35,94.9,1.0
10429,125,37,2625,250,845.33,76.01,1.0
10430,242,54,2742,484,845.32,93.78,1.0
10431,125,39,2625,250,845.28,76.36,1.0
10432,255,55,2755,510,845.28,101.81,1.0
10433,140,8,2640,280,845.27,112.11,1.0
10434,118,39,2618,236,845.24,77.44,1.0
10435,118,43,2618,236,845.2,77.04,1.0
10436,207,53,2707,414,845.2,90.87,1.0
10437,118,32,2618,236,845.17,76.52,1.0
10438,149,47,2649,298,845.17,78.57,1.0
10439,11,28,2511,22,845.16,68.44,1.0
10440,7,28,2507,14,845.13,66.26,1.0
10441,125,8,2625,250,845.13,107.86,1.0
10442,118,34,2618,236,845.1,76.11,1.0
10443,118,37,2618,236,845.1,76.28,1.0
10444,125,30,2625,250,845.1,76.26,1.0
10445,197,9,2697,394,845.1,127.03,1.0
10446,148,48,2648,296,845.08,81.84,1.0
10447,17,28,2517,34,845.07,67.4,1.0
10448,213,9,2713,426,845.04,128.84,1.0
10449,144,50,2644,288,845.03,83.67,1.0
10450,139,8,2639,278,844.96,110.03,1.0
10451,287,55,2787,574,844.96,105.12,1.0
10452,182,52,2682,364,844.9,89.66,1.0
10453,166,50,2666,332,844.88,83.56,1.0
10454,83,7,2583,166,844.86,97.08,1.0
10455,161,8,2661,322,844.82,115.08,1.0
10456,112,41,2612,224,844.79,74.49,1.0
10457,219,53,2719,438,844.76,92.71,1.0
10458,266,55,2766,532,844.74,101.15,1.0
10459,230,54,2730,460,844.73,95.15,1.0
10460,293,10,2793,586,844.71,140.06,1.0
10461,195,51,2695,390,844.68,87.8,1.0
10462,137,46,2637,274,844.66,81.0,1.0
10463,103,30,2603,206,844.62,74.21,1.0
10464,132,46,2632,264,844.61,79.44,1.0
10465,118,36,2618,236,844.59,76.1,1.0
10466,163,50,2663,326,844.59,84.01,1.0
10467,297,10,2797,594,844.58,145.25,1.0
10468,203,53,2703,406,844.57,90.52,1.0
10469,194,51,2694,388,844.55,86.53,1.0
10470,125,40,2625,250,844.54,75.31,1.0
10471,126,47,2626,252,844.52,77.15,1.0
10472,167,51,2667,334,844.52,85.77,1.0
10473,118,30,2618,236,844.49,76.41,1.0
10474,140,47,2640,280,844.49,81.73,1.0
10475,125,42,2625,250,844.48,76.14,1.0
10476,261,54,2761,522,844.48,97.35,1.0
10477,279,55,2779,558,844.46,103.89,1.0
10478,241,55,2741,482,844.4,96.47,1.0
10479,270,54,2770,540,844.4,99.2,1.0
10480,125,35,2625,250,844.33,76.5,1.0
10481,115,46,2615,230,844.3,76.24,1.0
10482,193,52,2693,386,844.3,89.85,1.0
10483,118,33,2618,236,844.29,76.57,1.0
10484,133,47,2633,266,844.29,78.64,1.0
10485,74,7,2574,148,844.28,96.29,1.0
10486,125,36,2625,250,844.28,75.45,1.0
10487,125,38,2625,250,844.27,76.64,1.0
10488,146,47,2646,292,844.27,80.07,1.0
10489,136,46,2636,272,844.24,79.69,1.0
10490,121,45,2621,242,844.2,76.16,1.0
10491,293,56,2793,586,844.19,102.55,1.0
10492,131,48,2631,262,844.18,77.9,1.0
10493,82,29,2582,164,844.15,73.32,1.0
10494,55,7,2555,110,844.11,92.26,1.0
10495,165,51,2665,330,844.1,82.44,1.0
10496,186,52,2686,372,844.09,88.22,1.0
10497,228,54,2728,456,844.09,95.16,1.0
10498,156,49,2656,312,844.07,82.74,1.0
10499,180,52,2680,360,844.07,87.3,1.0
10500,262,55,2762,524,844.06,100.63,1.0
10501,206,52,2706,412,844.02,92.23,1.0
10502,249,9,2749,498,843.98,135.22,1.0
10503,141,49,2641,282,843.94,81.51,1.0
10504,155,48,2655,310,843.89,81.39,1.0
10505,218,54,2718,436,843.88,92.13,1.0
10506,125,31,2625,250,843.85,76.02,1.0
10507,62,29,2562,124,843.84,74.25,1.0
10508,247,9,2747,494,843.8,135.23,1.0
10509,68,7,2568,136,843.79,93.13,1.0
10510,128,46,2628,256,843.75,76.86,1.0
10511,282,55,2782,564,843.74,101.87,1.0
10512,55,29,2555,110,843.69,69.83,1.0
10513,56,29,2556,112,843.69,70.25,1.0
10514,232,9,2732,464,843.66,131.7,1.0
10515,251,9,2751,502,843.63,134.58,1.0
10516,117,8,2617,234,843.62,110.14,1.0
10517,120,39,2620,240,843.61,78.18,1.0
10518,174,50,2674,348,843.6,86.41,1.0
10519,70,29,2570,140,843.58,71.9,1.0
10520,297,54,2797,594,843.57,107.02,1.0
10521,212,53,2712,424,843.55,91.15,1.0
10522,19,28,2519,38,843.46,68.11,1.0
10523,120,36,2620,240,843.45,78.72,1.0
10524,205,54,2705,410,843.44,91.68,1.0
10525,10,28,2510,20,843.42,65.82,1.0
10526,240,54,2740,480,843.4,98.4,1.0
10527,46,29,2546,92,843.39,69.96,1.0
10528,9,28,2509,18,843.38,67.29,1.0
10529,146,8,2646,292,843.36,113.89,1.0
10530,272,54,2772,544,843.33,99.7,1.0
10531,250,54,2750,500,843.28,99.7,1.0
10532,120,40,2620,240,843.26,77.96,1.0
10533,247,55,2747,494,843.19,96.88,1.0
10534,171,50,2671,342,843.17,86.43,1.0
10535,120,42,2620,240,843.14,78.96,1.0
10536,222,54,2722,444,843.14,90.84,1.0
10537,201,52,2701,402,843.13,91.51,1.0
10538,177,51,2677,354,843.12,85.55,1.0
10539,134,8,2634,268,843.03,111.02,1.0
10540,223,53,2723,446,843.02,93.48,1.0
10541,119,45,2619,238,843.01,76.73,1.0
10542,138,48,2638,276,843.0,83.66,1.0
10543,286,9,2786,572,842.97,142.85,1.0
10544,162,50,2662,324,842.95,84.4,1.0
10545,120,44,2620,240,842.93,78.59,1.0
10546,127,45,2627,254,842.92,78.19,1.0
10547,120,43,2620,240,842.89,78.49,1.0
10548,145,49,2645,290,842.86,84.54,1.0
10549,130,45,2630,260,842.79,75.66,1.0
10550,157,50,2657,314,842.78,83.53,1.0
10551,221,54,2721,442,842.77,97.36,1.0
10552,112,45,2612,224,842.73,76.23,1.0
10553,120,37,2620,240,842.73,78.08,1.0
10554,151,8,2651,302,842.73,114.16,1.0
10555,189,52,2689,378,842.7,87.5,1.0
10556,237,55,2737,474,842.69,98.39,1.0
10557,1,6,2501,2,842.63,73.73,1.0
10558,120,34,2620,240,842.6,78.43,1.0
10559,124,48,2624,248,842.43,80.31,1.0
10560,158,52,2658,316,842.43,89.76,1.0
10561,120,33,2620,240,842.42,78.97,1.0
10562,120,38,2620,240,842.42,78.65,1.0
10563,192,51,2692,384,842.42,90.36,1.0
10564,184,52,2684,368,842.39,86.27,1.0
10565,252,54,2752,504,842.38,99.24,1.0
10566,129,50,2629,258,842.34,81.72,1.0
10567,288,56,2788,576,842.34,99.93,1.0
10568,120,35,2620,240,842.3,78.8,1.0
10569,76,29,2576,152,842.29,72.31,1.0
10570,104,36,2604,208,842.25,75.83,1.0
10571,147,48,2647,294,842.25,80.94,1.0
10572,103,45,2603,206,842.21,75.22,1.0
10573,191,9,2691,382,842.21,124.16,1.0
10574,169,50,2669,338,842.19,83.36,1.0
10575,265,54,2765,530,842.15,99.16,1.0
10576,120,31,2620,240,842.12,78.88,1.0
10577,254,55,2754,508,842.1,100.71,1.0
10578,197,51,2697,394,842.08,91.23,1.0
10579,281,56,2781,562,842.05,105.05,1.0
10580,64,29,2564,128,842.03,72.11,1.0
10581,5,28,2505,10,841.98,67.65,1.0
10582,172,51,2672,344,841.98,87.62,1.0
10583,58,7,2558,116,841.91,92.95,1.0
10584,47,29,2547,94,841.91,71.91,1.0
10585,200,52,2700,400,841.9,89.02,1.0
10586,104,30,2604,208,841.88,76.03,1.0
10587,142,49,2642,284,841.88,80.84,1.0
10588,104,35,2604,208,841.87,75.42,1.0
10589,246,9,2746,492,841.87,130.42,1.0
10590,104,32,2604,208,841.85,75.9,1.0
10591,257,56,2757,514,841.84,99.74,1.0
10592,69,7,2569,138,841.83,96.97,1.0
10593,118,45,2618,236,841.81,77.02,1.0
10594,120,30,2620,240,841.81,79.22,1.0
10595,104,39,2604,208,841.8,75.96,1.0
10596,136,47,2636,272,841.8,80.3,1.0
10597,120,41,2620,240,841.78,78.27,1.0
10598,125,45,2625,250,841.77,77.4,1.0
10599,120,32,2620,240,841.65,78.36,1.0
10600,269,55,2769,538,841.63,101.86,1.0
10601,225,9,2725,450,841.61,130.02,1.0
10602,154,50,2654,308,841.56,83.03,1.0
10603,245,9,2745,490,841.53,132.68,1.0
10604,104,34,2604,208,841.5,75.41,1.0
10605,104,33,2604,208,841.45,75.85,1.0
10606,104,43,2604,208,841.4,75.73,1.0
10607,202,53,2702,404,841.4,90.72,1.0
10608,227,53,2727,454,841.39,95.86,1.0
10609,213,53,2713,426,841.37,91.96,1.0
10610,104,40,2604,208,841.36,76.06,1.0
10611,260,9,2760,520,841.35,132.59,1.0
10612,104,41,2604,208,841.34,75.5,1.0
10613,238,54,2738,476,841.33,92.73,1.0
10614,208,53,2708,416,841.29,94.88,1.0
10615,150,8,2650,300,841.27,113.33,1.0
10616,104,44,2604,208,841.26,75.47,1.0
10617,67,29,2567,134,841.25,71.54,1.0
10618,188,53,2688,376,841.22,87.2,1.0
10619,195,9,2695,390,841.22,122.8,1.0
10620,104,42,2604,208,841.17,75.56,1.0
10621,160,50,2660,320,841.17,83.12,1.0
10622,115,47,2615,230,841.16,76.46,1.0
10623,104,31,2604,208,841.15,75.23,1.0
10624,168,52,2668,336,841.15,86.46,1.0
10625,151,51,2651,302,841.13,82.02,1.0
10626,258,9,2758,516,841.11,138.29,1.0
10627,104,37,2604,208,841.1,75.75,1.0
10628,191,51,2691,382,841.1,90.49,1.0
10629,137,8,2637,274,841.07,114.34,1.0
10630,164,49,2664,328,841.06,83.99,1.0
10631,170,53,2670,340,841.01,86.88,1.0
10632,196,52,2696,392,840.98,91.77,1.0
10633,175,50,2675,350,840.86,87.35,1.0
10634,97,7,2597,194,840.84,102.41,1.0
10635,114,36,2614,228,840.83,75.73,1.0
10636,233,55,2733,466,840.83,94.42,1.0
10637,143,48,2643,286,840.82,82.13,1.0
10638,159,50,2659,318,840.78,85.09,1.0
10639,246,55,2746,492,840.7,97.58,1.0
10640,114,33,2614,228,840.68,76.24,1.0
10641,104,38,2604,208,840.66,76.07,1.0
10642,173,52,2673,346,840.62,86.88,1.0
10643,258,54,2758,516,840.61,98.8,1.0
10644,260,55,2760,520,840.61,100.75,1.0
10645,132,47,2632,264,840.6,79.82,1.0
10646,190,52,2690,380,840.57,86.76,1.0
10647,292,10,2792,584,840.55,140.81,1.0
10648,110,41,2610,220,840.53,76.23,1.0
10649,210,53,2710,420,840.53,91.97,1.0
10650,114,42,2614,228,840.49,75.81,1.0
10651,199,53,2699,398,840.49,92.49,1.0
10652,290,10,2790,580,840.49,139.79,1.0
10653,114,41,2614,228,840.46,75.06,1.0
10654,157,8,2657,314,840.43,118.29,1.0
10655,114,32,2614,228,840.4,75.98,1.0
10656,122,35,2622,244,840.39,77.2,1.0
10657,268,55,2768,536,840.38,101.94,1.0
10658,48,29,2548,96,840.37,71.32,1.0
10659,107,38,2607,214,840.37,75.57,1.0
10660,96,7,2596,192,840.36,101.91,1.0
10661,134,46,2634,268,840.36,77.03,1.0
10662,253,9,2753,506,840.33,138.75,1.0
10663,111,39,2611,222,840.3,75.98,1.0
10664,198,52,2698,396,840.3,90.51,1.0
10665,111,43,2611,222,840.29,75.59,1.0
10666,166,8,2666,332,840.25,116.91,1.0
10667,187,53,2687,374,840.23,90.59,1.0
10668,163,8,2663,326,840.22,117.5,1.0
10669,111,33,2611,222,840.2,75.66,1.0
10670,122,40,2622,244,840.2,77.1,1.0
10671,292,55,2792,584,840.2,107.02,1.0
10672,137,47,2637,274,840.19,81.79,1.0
10673,165,8,2665,330,840.17,118.28,1.0
10674,108,35,2608,216,840.16,75.64,1.0
10675,111,42,2611,222,840.15,75.29,1.0
10676,122,36,2622,244,840.13,76.47,1.0
10677,122,30,2622,244,840.1,75.88,1.0
10678,149,48,2649,298,840.1,79.81,1.0
10679,114,30,2614,228,840.08,75.95,1.0
10680,107,43,2607,214,840.07,76.01,1.0
10681,179,52,2679,358,840.06,90.01,1.0
10682,114,43,2614,228,840.05,75.05,1.0
10683,111,34,2611,222,840.04,75.73,1.0
10684,4,6,2504,8,840.03,75.9,1.0
10685,110,36,2610,220,840.02,75.03,1.0
10686,122,42,2622,244,840.01,76.68,1.0
10687,109,30,2609,218,840.0,75.88,1.0
10688,232,54,2732,464,839.99,96.96,1.0
10689,110,33,2610,220,839.98,75.34,1.0
10690,209,55,2709,418,839.97,92.6,1.0
10691,71,7,2571,142,839.96,99.47,1.0
10692,161,51,2661,322,839.94,84.63,1.0
10693,114,38,2614,228,839.93,75.49,1.0
10694,139,48,2639,278,839.91,79.32,1.0
10695,176,52,2676,352,839.89,87.1,1.0
10696,294,56,2794,588,839.87,105.6,1.0
10697,107,40,2607,214,839.85,75.89,1.0
10698,122,34,2622,244,839.82,76.63,1.0
10699,122,38,2622,244,839.82,76.11,1.0
10700,114,31,2614,228,839.8,75.84,1.0
10701,107,39,2607,214,839.8,75.59,1.0
10702,114,34,2614,228,839.79,75.62,1.0
10703,269,9,2769,538,839.77,137.67,1.0
10704,107,42,2607,214,839.76,75.58,1.0
10705,110,40,2610,220,839.73,76.29,1.0
10706,111,35,2611,222,839.73,75.84,1.0
10707,249,55,2749,498,839.73,97.51,1.0
10708,110,32,2610,220,839.72,76.34,1.0
10709,111,38,2611,222,839.72,75.7,1.0
10710,108,34,2608,216,839.7,75.1,1.0
10711,53,29,2553,106,839.69,70.82,1.0
10712,114,35,2614,228,839.69,75.89,1.0
10713,122,44,2622,244,839.69,76.73,1.0
10714,111,40,2611,222,839.68,76.02,1.0
10715,114,40,2614,228,839.67,76.08,1.0
10716,128,47,2628,256,839.67,77.44,1.0
10717,155,49,2655,310,839.67,80.95,1.0
10718,63,29,2563,126,839.65,72.69,1.0
10719,122,43,2622,244,839.6,77.29,1.0
10720,156,50,2656,312,839.59,83.32,1.0
10721,107,34,2607,214,839.53,75.8,1.0
10722,121,46,2621,242,839.53,77.05,1.0
10723,111,36,2611,222,839.49,76.36,1.0
10724,107,32,2607,214,839.49,75.55,1.0
10725,110,44,2610,220,839.48,75.0,1.0
10726,114,39,2614,228,839.46,75.66,1.0
10727,135,48,2635,270,839.45,79.43,1.0
10728,54,7,2554,108,839.44,92.96,1.0
10729,111,41,2611,222,839.41,75.28,1.0
10730,108,39,2608,216,839.39,74.86,1.0
10731,122,37,2622,244,839.39,77.01,1.0
10732,4,28,2504,8,839.38,67.47,1.0
10733,123,32,2623,246,839.37,75.02,1.0
10734,123,35,2623,246,839.37,74.81,1.0
10735,239,9,2739,478,839.37,132.74,1.0
10736,111,30,2611,222,839.36,75.46,1.0
10737,110,35,2610,220,839.35,75.15,1.0
10738,127,46,2627,254,839.35,78.58,1.0
10739,110,31,2610,220,839.34,75.51,1.0
10740,111,37,2611,222,839.32,76.02,1.0
10741,114,44,2614,228,839.32,75.83,1.0
10742,123,40,2623,246,839.31,74.91,1.0
10743,225,54,2725,450,839.31,93.55,1.0
10744,111,32,2611,222,839.28,75.58,1.0
10745,150,50,2650,300,839.28,82.04,1.0
10746,122,31,2622,244,839.27,76.98,1.0
10747,109,44,2609,218,839.26,75.6,1.0
10748,119,46,2619,238,839.24,77.57,1.0
10749,123,8,2623,246,839.24,105.27,1.0
10750,133,48,2633,266,839.24,79.06,1.0
10751,148,49,2648,296,839.23,82.75,1.0
10752,167,8,2667,334,839.22,118.33,1.0
10753,112,46,2612,224,839.19,76.55,1.0
10754,224,52,2724,448,839.19,95.42,1.0
10755,109,41,2609,218,839.18,75.8,1.0
10756,214,53,2714,428,839.18,91.09,1.0
10757,111,31,2611,222,839.17,75.96,1.0
10758,88,7,2588,176,839.16,96.94,1.0
10759,109,36,2609,218,839.15,75.56,1.0
10760,145,50,2645,290,839.13,84.54,1.0
10761,108,40,2608,216,839.12,74.56,1.0
10762,144,51,2644,288,839.11,84.25,1.0
10763,248,9,2748,496,839.1,133.61,1.0
10764,122,39,2622,244,839.09,77.4,1.0
10765,122,41,2622,244,839.09,76.46,1.0
10766,7,6,2507,14,839.08,76.0,1.0
10767,110,43,2610,220,839.07,75.62,1.0
10768,107,36,2607,214,839.07,76.08,1.0
10769,131,49,2631,262,839.07,78.95,1.0
10770,52,29,2552,104,839.06,70.55,1.0
10771,123,37,2623,246,839.06,75.3,1.0
10772,122,32,2622,244,839.06,77.12,1.0
10773,263,9,2763,526,839.06,139.87,1.0
10774,110,30,2610,220,839.05,74.96,1.0
10775,120,45,2620,240,839.05,79.39,1.0
10776,248,54,2748,496,839.05,96.55,1.0
10777,77,7,2577,154,839.04,99.02,1.0
10778,108,36,2608,216,839.04,74.01,1.0
10779,108,32,2608,216,839.03,74.77,1.0
10780,86,7,2586,172,839.02,99.72,1.0
10781,153,49,2653,306,839.02,85.66,1.0
10782,110,42,2610,220,839.0,75.03,1.0
10783,123,34,2623,246,839.0,75.24,1.0
10784,110,39,2610,220,838.98,75.46,1.0
10785,162,8,2662,324,838.97,118.17,1.0
10786,59,7,2559,118,838.95,91.79,1.0
10787,109,38,2609,218,838.94,75.05,1.0
10788,114,37,2614,228,838.94,75.05,1.0
10789,16,28,2516,32,838.86,70.93,1.0
10790,107,37,2607,214,838.85,76.33,1.0
10791,103,46,2603,206,838.83,75.74,1.0
10792,108,38,2608,216,838.82,74.5,1.0
10793,111,44,2611,222,838.82,75.43,1.0
10794,108,37,2608,216,838.81,74.45,1.0
10795,109,34,2609,218,838.8,76.57,1.0
10796,108,41,2608,216,838.79,74.49,1.0
10797,289,56,2789,578,838.79,101.9,1.0
10798,109,35,2609,218,838.76,75.51,1.0
10799,109,37,2609,218,838.73,75.14,1.0
10800,109,42,2609,218,838.69,76.16,1.0
10801,66,29,2566,132,838.67,72.76,1.0
10802,107,35,2607,214,838.67,75.81,1.0
10803,123,44,2623,246,838.67,75.12,1.0
10804,108,44,2608,216,838.65,74.72,1.0
10805,182,53,2682,364,838.64,91.54,1.0
10806,108,42,2608,216,838.63,74.53,1.0
10807,110,37,2610,220,838.62,75.39,1.0
10808,110,38,2610,220,838.62,75.41,1.0
10809,113,41,2613,226,838.61,78.32,1.0
10810,122,33,2622,244,838.61,76.53,1.0
10811,109,43,2609,218,838.58,75.53,1.0
10812,109,31,2609,218,838.55,75.59,1.0
10813,204,53,2704,408,838.54,91.89,1.0
10814,271,56,2771,542,838.53,104.83,1.0
10815,123,31,2623,246,838.52,75.47,1.0
10816,123,38,2623,246,838.5,75.35,1.0
10817,113,32,2613,226,838.49,79.66,1.0
10818,108,33,2608,216,838.47,74.5,1.0
10819,107,41,2607,214,838.44,75.78,1.0
10820,109,33,2609,218,838.42,76.06,1.0
10821,107,30,2607,214,838.42,76.0,1.0
10822,107,31,2607,214,838.42,75.83,1.0
10823,108,43,2608,216,838.41,74.85,1.0
10824,123,36,2623,246,838.39,75.44,1.0
10825,244,54,2744,488,838.38,95.96,1.0
10826,123,43,2623,246,838.36,74.57,1.0
10827,57,7,2557,114,838.34,90.07,1.0
10828,113,31,2613,226,838.33,78.54,1.0
10829,156,8,2656,312,838.32,120.73,1.0
10830,124,49,2624,248,838.31,80.01,1.0
10831,211,54,2711,422,838.3,92.87,1.0
10832,273,56,2773,546,838.26,103.1,1.0
10833,108,31,2608,216,838.25,74.9,1.0
10834,123,30,2623,246,838.24,75.21,1.0
10835,283,55,2783,566,838.19,106.52,1.0
10836,123,42,2623,246,838.18,75.06,1.0
10837,109,40,2609,218,838.17,75.38,1.0
10838,107,33,2607,214,838.17,76.69,1.0
10839,116,44,2616,232,838.16,79.62,1.0
10840,126,48,2626,252,838.13,78.71,1.0
10841,104,45,2604,208,838.12,77.02,1.0
10842,123,33,2623,246,838.12,75.27,1.0
10843,123,41,2623,246,838.12,74.22,1.0
10844,64,7,2564,128,838.11,94.16,1.0
10845,116,38,2616,232,838.1,78.76,1.0
10846,107,44,2607,214,838.08,75.93,1.0
10847,123,39,2623,246,838.06,74.9,1.0
10848,110,34,2610,220,838.02,75.51,1.0
10849,54,29,2554,108,838.01,70.93,1.0
10850,109,39,2609,218,837.97,76.03,1.0
10851,180,53,2680,360,837.97,89.4,1.0
10852,113,44,2613,226,837.96,78.83,1.0
10853,253,54,2753,506,837.94,101.46,1.0
10854,113,40,2613,226,837.93,78.69,1.0
10855,146,48,2646,292,837.92,81.52,1.0
10856,140,48,2640,280,837.91,82.25,1.0
10857,243,52,2743,486,837.91,96.74,1.0
10858,143,8,2643,286,837.9,115.14,1.0
10859,109,32,2609,218,837.86,75.82,1.0
10860,108,30,2608,216,837.85,74.95,1.0
10861,57,29,2557,114,837.84,70.99,1.0
10862,113,37,2613,226,837.83,78.83,1.0
10863,129,51,2629,258,837.83,82.52,1.0
10864,130,46,2630,260,837.81,77.72,1.0
10865,276,55,2776,552,837.8,105.65,1.0
10866,113,33,2613,226,837.78,78.56,1.0
10867,113,30,2613,226,837.77,78.66,1.0
10868,206,53,2706,412,837.74,93.07,1.0
10869,264,56,2764,528,837.74,100.82,1.0
10870,116,43,2616,232,837.71,79.07,1.0
10871,236,55,2736,472,837.67,96.28,1.0
10872,141,50,2641,282,837.65,81.5,1.0
10873,230,55,2730,460,837.6,96.0,1.0
10874,166,51,2666,332,837.59,83.7,1.0
10875,113,43,2613,226,837.58,79.35,1.0
10876,147,49,2647,294,837.55,81.46,1.0
10877,222,9,2722,444,837.55,127.68,1.0
10878,163,51,2663,326,837.54,85.76,1.0
10879,231,55,2731,462,837.51,93.91,1.0
10880,278,55,2778,556,837.51,103.98,1.0
10881,116,30,2616,232,837.48,79.69,1.0
10882,215,54,2715,430,837.47,94.6,1.0
10883,116,35,2616,232,837.46,78.78,1.0
10884,116,33,2616,232,837.45,79.62,1.0
10885,116,31,2616,232,837.44,79.1,1.0
10886,113,39,2613,226,837.4,78.91,1.0
10887,185,52,2685,370,837.38,88.16,1.0
10888,152,51,2652,304,837.37,84.07,1.0
10889,113,34,2613,226,837.35,78.47,1.0
10890,113,35,2613,226,837.35,78.37,1.0
10891,280,55,2780,560,837.34,102.45,1.0
10892,115,48,2615,230,837.3,76.91,1.0
10893,96,42,2596,192,837.29,73.44,1.0
10894,160,51,2660,320,837.26,84.09,1.0
10895,85,7,2585,170,837.24,101.88,1.0
10896,116,41,2616,232,837.2,78.89,1.0
10897,116,34,2616,232,837.19,79.14,1.0
10898,178,52,2678,356,837.19,88.05,1.0
10899,186,53,2686,372,837.19,88.88,1.0
10900,59,29,2559,118,837.18,70.9,1.0
10901,158,53,2658,316,837.18,89.36,1.0
10902,13,28,2513,26,837.17,66.52,1.0
10903,256,55,2756,512,837.17,101.6,1.0
10904,116,42,2616,232,837.15,79.34,1.0
10905,149,8,2649,298,837.08,113.31,1.0
10906,142,50,2642,284,837.03,82.11,1.0
10907,118,46,2618,236,837.02,77.55,1.0
10908,209,8,2709,418,837.0,127.95,1.0
10909,130,8,2630,260,836.98,108.51,1.0
10910,114,45,2614,228,836.96,75.37,1.0
10911,116,32,2616,232,836.96,78.83,1.0
10912,167,52,2667,334,836.93,87.22,1.0
10913,113,42,2613,226,836.91,78.54,1.0
10914,116,36,2616,232,836.91,78.42,1.0
10915,116,39,2616,232,836.87,78.62,1.0
10916,235,54,2735,470,836.86,97.11,1.0
10917,300,56,2800,600,836.85,110.62,1.0
10918,263,56,2763,526,836.83,103.28,1.0
10919,113,38,2613,226,836.82,79.18,1.0
10920,216,52,2716,432,836.82,92.0,1.0
10921,2,6,2502,4,836.8,75.72,1.0
10922,116,40,2616,232,836.71,78.82,1.0
10923,226,55,2726,452,836.68,96.81,1.0
10924,275,56,2775,550,836.66,104.62,1.0
10925,111,45,2611,222,836.61,76.87,1.0
10926,267,55,2767,534,836.59,99.86,1.0
10927,165,52,2665,330,836.57,84.38,1.0
10928,113,36,2613,226,836.56,78.63,1.0
10929,96,44,2596,192,836.53,73.93,1.0
10930,234,55,2734,468,836.51,97.33,1.0
10931,255,56,2755,510,836.51,101.21,1.0
10932,121,47,2621,242,836.5,77.08,1.0
10933,116,37,2616,232,836.47,78.99,1.0
10934,109,45,2609,218,836.42,76.17,1.0
10935,174,51,2674,348,836.42,87.72,1.0
10936,171,51,2671,342,836.39,86.63,1.0
10937,218,55,2718,436,836.37,93.41,1.0
10938,12,6,2512,24,836.36,78.35,1.0
10939,96,43,2596,192,836.32,73.26,1.0
10940,134,47,2634,268,836.24,78.02,1.0
10941,136,48,2636,272,836.22,81.2,1.0
10942,43,29,2543,86,836.21,70.9,1.0
10943,112,47,2612,224,836.2,76.56,1.0
10944,187,8,2687,374,836.17,125.48,1.0
10945,96,39,2596,192,836.16,73.57,1.0
10946,183,51,2683,366,836.15,87.52,1.0
10947,193,53,2693,386,836.13,91.87,1.0
10948,60,29,2560,120,836.09,70.29,1.0
10949,137,48,2637,274,836.04,81.96,1.0
10950,245,55,2745,490,836.03,98.37,1.0
10951,173,8,2673,346,835.96,120.59,1.0
10952,99,39,2599,198,835.92,75.41,1.0
10953,138,49,2638,276,835.91,84.86,1.0
10954,194,52,2694,388,835.86,87.78,1.0
10955,99,31,2599,198,835.84,75.28,1.0
10956,96,32,2596,192,835.83,73.63,1.0
10957,96,36,2596,192,835.78,73.33,1.0
10958,181,52,2681,362,835.76,86.64,1.0
10959,96,41,2596,192,835.73,72.96,1.0
10960,96,37,2596,192,835.72,73.84,1.0
10961,96,40,2596,192,835.69,73.2,1.0
10962,179,53,2679,358,835.67,90.72,1.0
10963,99,44,2599,198,835.65,76.48,1.0
10964,99,36,2599,198,835.64,75.45,1.0
10965,99,34,2599,198,835.59,74.64,1.0
10966,110,45,2610,220,835.58,76.24,1.0
10967,96,33,2596,192,835.57,73.45,1.0
10968,125,46,2625,250,835.56,77.37,1.0
10969,184,53,2684,368,835.54,87.32,1.0
10970,217,52,2717,434,835.53,93.8,1.0
10971,104,46,2604,208,835.46,76.76,1.0
10972,162,51,2662,324,835.44,84.83,1.0
10973,224,9,2724,448,835.42,129.86,1.0
10974,96,34,2596,192,835.41,73.64,1.0
10975,73,7,2573,146,835.39,99.36,1.0
10976,96,38,2596,192,835.39,73.34,1.0
10977,205,55,2705,410,835.38,93.56,1.0
10978,154,51,2654,308,835.36,83.94,1.0
10979,2,28,2502,4,835.33,66.77,1.0
10980,177,52,2677,354,835.3,87.09,1.0
10981,99,40,2599,198,835.25,74.92,1.0
10982,123,45,2623,246,835.24,75.11,1.0
10983,266,56,2766,532,835.24,103.69,1.0
10984,99,32,2599,198,835.23,75.87,1.0
10985,122,45,2622,244,835.23,77.64,1.0
10986,128,48,2628,256,835.22,78.5,1.0
10987,132,48,2632,264,835.21,80.71,1.0
10988,203,54,2703,406,835.2,92.1,1.0
10989,284,55,2784,568,835.19,103.3,1.0
10990,96,31,2596,192,835.1,73.31,1.0
10991,99,43,2599,198,835.09,75.53,1.0
10992,261,55,2761,522,835.08,98.63,1.0
10993,58,29,2558,116,835.07,71.75,1.0
10994,107,45,2607,214,835.07,76.69,1.0
10995,131,50,2631,262,835.03,80.31,1.0
10996,149,49,2649,298,835.02,80.73,1.0
10997,236,9,2736,472,835.0,131.05,1.0
10998,99,35,2599,198,834.99,75.19,1.0
10999,96,35,2596,192,834.99,73.09,1.0
11000,96,30,2596,192,834.98,73.32,1.0
11001,271,9,2771,542,834.96,139.76,1.0
11002,192,52,2692,384,834.94,91.53,1.0
11003,129,52,2629,258,834.92,83.76,1.0
11004,221,55,2721,442,834.89,97.85,1.0
11005,296,57,2796,592,834.83,104.87,1.0
11006,172,52,2672,344,834.79,87.59,1.0
11007,105,41,2605,210,834.78,76.13,1.0
11008,277,55,2777,554,834.78,104.08,1.0
11009,18,6,2518,36,834.77,79.87,1.0
11010,105,36,2605,210,834.76,75.72,1.0
11011,223,54,2723,446,834.76,94.67,1.0
11012,99,37,2599,198,834.73,74.83,1.0
11013,220,53,2720,440,834.72,96.25,1.0
11014,286,56,2786,572,834.67,105.44,1.0
11015,99,33,2599,198,834.66,74.76,1.0
11016,195,52,2695,390,834.65,90.13,1.0
11017,99,41,2599,198,834.64,74.95,1.0
11018,105,34,2605,210,834.61,75.84,1.0
11019,168,53,2668,336,834.61,87.33,1.0
11020,51,29,2551,102,834.6,71.25,1.0
11021,164,50,2664,328,834.59,85.22,1.0
11022,67,7,2567,134,834.54,94.47,1.0
11023,99,42,2599,198,834.54,74.9,1.0
11024,105,30,2605,210,834.49,75.2,1.0
11025,133,49,2633,266,834.48,79.76,1.0
11026,229,55,2729,458,834.48,97.23,1.0
11027,273,9,2773,546,834.48,138.09,1.0
11028,157,51,2657,314,834.45,85.88,1.0
11029,105,38,2605,210,834.44,75.38,1.0
11030,118,47,2618,236,834.41,78.83,1.0
11031,99,30,2599,198,834.37,75.65,1.0
11032,99,38,2599,198,834.37,74.9,1.0
11033,197,52,2697,394,834.29,93.61,1.0
11034,219,54,2719,438,834.29,94.89,1.0
11035,105,43,2605,210,834.28,75.6,1.0
11036,103,47,2603,206,834.22,75.68,1.0
11037,117,35,2617,234,834.21,79.03,1.0
11038,105,37,2605,210,834.21,75.88,1.0
11039,5,6,2505,10,834.13,78.38,1.0
11040,117,40,2617,234,834.09,78.54,1.0
11041,159,51,2659,318,834.09,86.02,1.0
11042,169,51,2669,338,834.08,85.31,1.0
11043,151,52,2651,302,834.05,82.63,1.0
11044,259,55,2759,518,834.05,101.34,1.0
11045,287,56,2787,574,834.02,105.68,1.0
11046,108,45,2608,216,834.01,75.66,1.0
11047,116,45,2616,232,834.0,80.22,1.0
11048,105,40,2605,210,834.0,76.26,1.0
11049,105,44,2605,210,834.0,75.53,1.0
11050,251,55,2751,502,833.97,98.85,1.0
11051,9,6,2509,18,833.96,77.31,1.0
11052,228,55,2728,456,833.95,97.45,1.0
11053,105,33,2605,210,833.94,74.94,1.0
11054,105,31,2605,210,833.92,75.94,1.0
11055,105,32,2605,210,833.92,76.05,1.0
11056,189,53,2689,378,833.91,88.62,1.0
11057,173,53,2673,346,833.91,87.38,1.0
11058,291,57,2791,582,833.9,107.1,1.0
11059,198,53,2698,396,833.87,91.75,1.0
11060,120,46,2620,240,833.84,79.27,1.0
11061,117,42,2617,234,833.83,79.24,1.0
11062,105,35,2605,210,833.83,75.74,1.0
11063,117,32,2617,234,833.82,78.84,1.0
11064,117,43,2617,234,833.82,78.09,1.0
11065,155,50,2655,310,833.81,83.01,1.0
11066,188,54,2688,376,833.79,88.15,1.0
11067,97,43,2597,194,833.75,73.28,1.0
11068,274,56,2774,548,833.75,104.94,1.0
11069,94,38,2594,188,833.72,75.82,1.0
11070,97,37,2597,194,833.7,72.91,1.0
11071,117,39,2617,234,833.7,79.32,1.0
11072,130,47,2630,260,833.69,78.02,1.0
11073,285,55,2785,570,833.68,101.74,1.0
11074,107,46,2607,214,833.67,77.55,1.0
11075,252,9,2752,504,833.64,140.28,1.0
11076,94,39,2594,188,833.59,75.75,1.0
11077,80,7,2580,160,833.58,98.96,1.0
11078,144,52,2644,288,833.58,85.16,1.0
11079,213,54,2713,426,833.58,93.09,1.0
11080,170,54,2670,340,833.57,87.84,1.0
11081,240,55,2740,480,833.57,99.84,1.0
11082,117,36,2617,234,833.54,78.83,1.0
11083,105,39,2605,210,833.53,75.79,1.0
11084,3,28,2503,6,833.52,67.29,1.0
11085,105,42,2605,210,833.52,75.76,1.0
11086,290,55,2790,580,833.49,104.75,1.0
11087,139,49,2639,278,833.48,80.05,1.0
11088,182,8,2682,364,833.48,123.38,1.0
11089,187,54,2687,374,833.48,91.37,1.0
11090,97,32,2597,194,833.46,73.42,1.0
11091,242,55,2742,484,833.4,95.4,1.0
11092,156,51,2656,312,833.39,84.07,1.0
11093,200,53,2700,400,833.39,90.04,1.0
11094,117,30,2617,234,833.35,79.32,1.0
11095,117,37,2617,234,833.35,78.6,1.0
11096,117,34,2617,234,833.33,78.9,1.0
11097,135,49,2635,270,833.28,80.0,1.0
11098,143,49,2643,286,833.27,84.03,1.0
11099,117,44,2617,234,833.25,79.42,1.0
11100,97,42,2597,194,833.2,73.06,1.0
11101,117,33,2617,234,833.19,78.54,1.0
11102,97,34,2597,194,833.18,73.22,1.0
11103,184,8,2684,368,833.17,122.82,1.0
11104,202,54,2702,404,833.16,92.72,1.0
11105,201,53,2701,402,833.15,91.8,1.0
11106,72,7,2572,144,833.14,96.67,1.0
11107,126,49,2626,252,833.14,79.01,1.0
11108,212,54,2712,424,833.14,91.67,1.0
11109,148,50,2648,296,833.13,83.33,1.0
11110,163,52,2663,326,833.12,86.98,1.0
11111,96,45,2596,192,833.11,73.95,1.0
11112,97,39,2597,194,833.11,72.91,1.0
11113,127,47,2627,254,833.11,79.1,1.0
11114,117,38,2617,234,833.1,78.94,1.0
11115,117,41,2617,234,833.1,79.0,1.0
11116,97,30,2597,194,833.07,73.02,1.0
11117,97,33,2597,194,833.06,73.16,1.0
11118,161,52,2661,322,833.02,86.43,1.0
11119,239,55,2739,478,832.98,98.1,1.0
11120,0,6,2500,0,832.91,74.39,1.0
11121,97,44,2597,194,832.9,73.05,1.0
11122,178,8,2678,356,832.9,122.15,1.0
11123,269,56,2769,538,832.87,103.48,1.0
11124,97,38,2597,194,832.86,73.55,1.0
11125,136,49,2636,272,832.86,82.38,1.0
11126,97,41,2597,194,832.85,73.58,1.0
11127,297,55,2797,594,832.85,108.16,1.0
11128,97,40,2597,194,832.83,73.34,1.0
11129,191,52,2691,382,832.83,90.69,1.0
11130,94,35,2594,188,832.82,75.27,1.0
11131,119,47,2619,238,832.81,78.61,1.0
11132,140,49,2640,280,832.73,83.5,1.0
11133,210,54,2710,420,832.72,93.47,1.0
11134,250,55,2750,500,832.72,100.23,1.0
11135,94,33,2594,188,832.69,76.29,1.0
11136,141,51,2641,282,832.68,82.66,1.0
11137,94,31,2594,188,832.64,75.46,1.0
11138,99,45,2599,198,832.63,75.76,1.0
11139,146,49,2646,292,832.62,81.59,1.0
11140,97,36,2597,194,832.58,73.0,1.0
11141,104,47,2604,208,832.53,76.35,1.0
11142,94,30,2594,188,832.53,75.48,1.0
11143,153,50,2653,306,832.53,85.7,1.0
11144,94,41,2594,188,832.52,76.24,1.0
11145,94,32,2594,188,832.5,74.64,1.0
11146,250,9,2750,500,832.5,135.85,1.0
11147,109,46,2609,218,832.48,76.69,1.0
11148,97,35,2597,194,832.46,73.51,1.0
11149,94,36,2594,188,832.45,75.99,1.0
11150,152,52,2652,304,832.42,84.54,1.0
11151,97,31,2597,194,832.38,73.46,1.0
11152,270,55,2770,540,832.33,101.49,1.0
11153,100,38,2600,200,832.29,75.28,1.0
11154,94,37,2594,188,832.29,75.73,1.0
11155,122,46,2622,244,832.28,78.57,1.0
11156,117,31,2617,234,832.27,79.14,1.0
11157,298,56,2798,596,832.23,108.65,1.0
11158,94,43,2594,188,832.2,75.51,1.0
11159,233,56,2733,466,832.2,96.19,1.0
11160,100,41,2600,200,832.18,75.27,1.0
11161,262,9,2762,524,832.18,136.77,1.0
11162,247,56,2747,494,832.17,98.46,1.0
11163,175,51,2675,350,832.16,89.08,1.0
11164,167,53,2667,334,832.14,88.31,1.0
11165,160,8,2660,320,832.13,116.88,1.0
11166,114,46,2614,228,832.11,76.67,1.0
11167,100,43,2600,200,832.08,75.37,1.0
11168,100,36,2600,200,832.06,74.79,1.0
11169,237,56,2737,474,832.04,100.01,1.0
11170,42,29,2542,84,832.02,73.12,1.0
11171,176,53,2676,352,832.02,88.24,1.0
11172,265,55,2765,530,832.02,101.28,1.0
11173,199,54,2699,398,831.98,93.64,1.0
11174,134,48,2634,268,831.97,78.95,1.0
11175,207,54,2707,414,831.96,93.06,1.0
11176,99,7,2599,198,831.94,102.04,1.0
11177,196,53,2696,392,831.91,92.42,1.0
11178,21,6,2521,42,831.88,82.24,1.0
11179,159,8,2659,318,831.88,119.15,1.0
11180,23,6,2523,46,831.87,82.26,1.0
11181,94,34,2594,188,831.86,76.0,1.0
11182,113,45,2613,226,831.83,79.9,1.0
11183,124,50,2624,248,831.83,81.28,1.0
11184,166,52,2666,332,831.82,85.62,1.0
11185,238,55,2738,476,831.81,94.98,1.0
11186,124,7,2624,248,831.78,110.93,1.0
11187,241,56,2741,482,831.78,98.25,1.0
11188,100,30,2600,200,831.76,75.52,1.0
11189,98,31,2598,196,831.72,76.37,1.0
11190,123,46,2623,246,831.7,76.34,1.0
11191,100,34,2600,200,831.66,75.48,1.0
11192,94,42,2594,188,831.66,76.51,1.0
11193,106,35,2606,212,831.65,76.98,1.0
11194,94,40,2594,188,831.61,75.83,1.0
11195,103,48,2603,206,831.6,76.84,1.0
11196,254,56,2754,508,831.59,102.01,1.0
11197,111,46,2611,222,831.58,76.3,1.0
11198,11,6,2511,22,831.57,80.25,1.0
11199,94,44,2594,188,831.56,75.66,1.0
11200,100,32,2600,200,831.52,76.42,1.0
11201,279,56,2779,558,831.52,103.58,1.0
11202,70,7,2570,140,831.46,96.07,1.0
11203,125,47,2625,250,831.46,78.28,1.0
11204,142,51,2642,284,831.45,82.69,1.0
11205,91,7,2591,182,831.44,102.15,1.0
11206,209,56,2709,418,831.42,94.33,1.0
11207,100,40,2600,200,831.4,76.1,1.0
11208,110,46,2610,220,831.4,76.59,1.0
11209,100,35,2600,200,831.39,74.96,1.0
11210,281,57,2781,562,831.39,106.96,1.0
11211,295,57,2795,590,831.39,108.34,1.0
11212,160,52,2660,320,831.31,84.96,1.0
11213,66,7,2566,132,831.29,95.41,1.0
11214,100,33,2600,200,831.26,75.68,1.0
11215,106,34,2606,212,831.26,76.77,1.0
11216,150,51,2650,300,831.2,82.97,1.0
11217,282,56,2782,564,831.19,103.64,1.0
11218,204,54,2704,408,831.15,93.91,1.0
11219,145,51,2645,290,831.14,86.31,1.0
11220,155,8,2655,310,831.12,115.74,1.0
11221,14,6,2514,28,831.1,79.84,1.0
11222,138,50,2638,276,831.09,85.63,1.0
11223,133,50,2633,266,831.06,80.64,1.0
11224,100,39,2600,200,831.04,75.12,1.0
11225,106,36,2606,212,830.94,77.35,1.0
11226,208,54,2708,416,830.94,96.72,1.0
11227,238,9,2738,476,830.94,130.65,1.0
11228,100,44,2600,200,830.92,75.59,1.0
11229,222,55,2722,444,830.92,92.07,1.0
11230,101,32,2601,202,830.88,73.91,1.0
11231,274,9,2774,548,830.85,137.28,1.0
11232,49,29,2549,98,830.8,70.78,1.0
11233,224,53,2724,448,830.8,97.3,1.0
11234,275,9,2775,550,830.79,138.56,1.0
11235,26,6,2526,52,830.75,81.12,1.0
11236,178,53,2678,356,830.75,90.22,1.0
11237,132,49,2632,264,830.73,81.15,1.0
11238,299,57,2799,598,830.73,105.59,1.0
11239,190,53,2690,380,830.71,88.77,1.0
11240,0,28,2500,0,830.69,66.88,1.0
11241,98,41,2598,196,830.67,76.91,1.0
11242,185,53,2685,370,830.63,88.54,1.0
11243,100,37,2600,200,830.62,75.78,1.0
11244,106,43,2606,212,830.62,77.08,1.0
11245,98,36,2598,196,830.59,77.01,1.0
11246,15,6,2515,30,830.54,78.92,1.0
11247,246,56,2746,492,830.54,98.82,1.0
11248,106,30,2606,212,830.52,76.95,1.0
11249,129,7,2629,258,830.52,110.76,1.0
11250,115,49,2615,230,830.48,78.18,1.0
11251,227,54,2727,454,830.48,98.58,1.0
11252,108,46,2608,216,830.46,75.19,1.0
11253,171,52,2671,342,830.41,87.5,1.0
11254,217,9,2717,434,830.4,130.24,1.0
11255,101,41,2601,202,830.38,74.21,1.0
11256,104,7,2604,208,830.38,104.55,1.0
11257,100,31,2600,200,830.37,75.61,1.0
11258,98,43,2598,196,830.36,76.96,1.0
11259,106,41,2606,212,830.34,77.12,1.0
11260,147,50,2647,294,830.25,82.46,1.0
11261,8,28,2508,16,830.24,69.03,1.0
11262,98,32,2598,196,830.24,76.56,1.0
11263,100,42,2600,200,830.23,74.98,1.0
11264,101,30,2601,202,830.23,73.93,1.0
11265,102,41,2602,204,830.19,75.63,1.0
11266,176,8,2676,352,830.19,123.34,1.0
11267,98,40,2598,196,830.17,77.16,1.0
11268,183,52,2683,366,830.17,88.08,1.0
11269,98,35,2598,196,830.16,76.99,1.0
11270,106,37,2606,212,830.16,77.75,1.0
11271,288,57,2788,576,830.16,101.33,1.0
11272,98,44,2598,196,830.12,76.66,1.0
11273,95,7,2595,190,830.12,103.47,1.0
11274,106,31,2606,212,830.12,76.01,1.0
11275,101,37,2601,202,830.1,74.37,1.0
11276,182,54,2682,364,830.1,91.85,1.0
11277,219,8,2719,438,830.07,129.24,1.0
11278,147,8,2647,294,830.03,113.65,1.0
11279,101,34,2601,202,830.01,74.22,1.0
11280,106,38,2606,212,830.01,77.41,1.0
11281,252,55,2752,504,830.01,100.37,1.0
11282,262,56,2762,524,830.01,102.28,1.0
11283,98,37,2598,196,829.98,77.51,1.0
11284,221,8,2721,442,829.98,132.55,1.0
11285,98,42,2598,196,829.97,76.62,1.0
11286,272,55,2772,544,829.96,102.72,1.0
11287,106,39,2606,212,829.95,77.26,1.0
11288,106,40,2606,212,829.94,77.33,1.0
11289,121,48,2621,242,829.94,78.69,1.0
11290,106,44,2606,212,829.92,77.41,1.0
11291,258,55,2758,516,829.91,100.91,1.0
11292,45,29,2545,90,829.84,69.67,1.0
11293,101,36,2601,202,829.84,73.46,1.0
11294,215,55,2715,430,829.84,95.4,1.0
11295,106,32,2606,212,829.81,76.84,1.0
11296,127,48,2627,254,829.8,81.05,1.0
11297,164,51,2664,328,829.8,86.05,1.0
11298,158,54,2658,316,829.79,90.39,1.0
11299,98,33,2598,196,829.77,76.51,1.0
11300,101,44,2601,202,829.76,74.45,1.0
11301,130,48,2630,260,829.74,78.66,1.0
11302,180,8,2680,360,829.73,121.93,1.0
11303,98,38,2598,196,829.68,77.35,1.0
11304,112,48,2612,224,829.67,77.61,1.0
11305,111,47,2611,222,829.61,77.29,1.0
11306,106,42,2606,212,829.6,77.24,1.0
11307,139,50,2639,278,829.6,81.5,1.0
11308,98,34,2598,196,829.59,76.66,1.0
11309,165,53,2665,330,829.58,85.43,1.0
11310,211,55,2711,422,829.57,94.15,1.0
11311,194,53,2694,388,829.55,89.21,1.0
11312,101,31,2601,202,829.53,73.73,1.0
11313,235,55,2735,470,829.52,97.35,1.0
11314,76,7,2576,152,829.51,96.41,1.0
11315,218,8,2718,436,829.5,127.77,1.0
11316,98,30,2598,196,829.49,76.99,1.0
11317,106,33,2606,212,829.48,76.89,1.0
11318,131,51,2631,262,829.48,80.39,1.0
11319,113,46,2613,226,829.47,79.12,1.0
11320,98,39,2598,196,829.42,77.19,1.0
11321,116,46,2616,232,829.4,80.5,1.0
11322,94,45,2594,188,829.39,76.3,1.0
11323,102,30,2602,204,829.38,75.6,1.0
11324,118,48,2618,236,829.36,78.64,1.0
11325,154,52,2654,308,829.36,85.6,1.0
11326,128,49,2628,256,829.35,79.41,1.0
11327,101,35,2601,202,829.26,74.85,1.0
11328,101,39,2601,202,829.26,74.53,1.0
11329,276,56,2776,552,829.26,108.11,1.0
11330,101,40,2601,202,829.25,74.4,1.0
11331,105,45,2605,210,829.23,76.61,1.0
11332,279,9,2779,558,829.2,140.49,1.0
11333,120,47,2620,240,829.18,80.56,1.0
11334,101,42,2601,202,829.16,74.66,1.0
11335,102,37,2602,204,829.08,75.31,1.0
11336,110,47,2610,220,829.07,77.56,1.0
11337,248,55,2748,496,829.06,98.06,1.0
11338,146,50,2646,292,829.04,82.09,1.0
11339,189,8,2689,378,829.01,123.63,1.0
11340,199,8,2699,398,828.99,127.31,1.0
11341,102,42,2602,204,828.98,75.53,1.0
11342,102,34,2602,204,828.96,76.03,1.0
11343,300,9,2800,600,828.93,145.46,1.0
11344,97,45,2597,194,828.89,73.56,1.0
11345,126,50,2626,252,828.88,79.97,1.0
11346,117,45,2617,234,828.86,79.32,1.0
11347,231,56,2731,462,828.83,95.54,1.0
11348,44,29,2544,88,828.82,72.65,1.0
11349,102,31,2602,204,828.8,75.83,1.0
11350,99,46,2599,198,828.76,75.49,1.0
11351,101,33,2601,202,828.73,73.63,1.0
11352,101,38,2601,202,828.73,75.57,1.0
11353,214,54,2714,428,828.72,92.43,1.0
11354,268,9,2768,536,828.72,135.27,1.0
11355,101,43,2601,202,828.71,74.62,1.0
11356,195,53,2695,390,828.67,90.44,1.0
11357,102,36,2602,204,828.66,75.39,1.0
11358,216,53,2716,432,828.66,93.0,1.0
11359,84,7,2584,168,828.63,99.76,1.0
11360,102,39,2602,204,828.61,75.37,1.0
11361,3,6,2503,6,828.59,77.0,1.0
11362,119,48,2619,238,828.59,78.88,1.0
11363,203,55,2703,406,828.59,93.6,1.0
11364,162,52,2662,324,828.5,85.55,1.0
11365,168,54,2668,336,828.45,88.11,1.0
11366,100,45,2600,200,828.44,76.02,1.0
11367,144,53,2644,288,828.44,85.67,1.0
11368,259,9,2759,518,828.44,134.48,1.0
11369,225,55,2725,450,828.43,94.78,1.0
11370,169,8,2669,338,828.42,119.06,1.0
11371,102,40,2602,204,828.41,75.4,1.0
11372,102,43,2602,204,828.41,75.15,1.0
11373,96,46,2596,192,828.4,74.63,1.0
11374,6,28,2506,12,828.39,64.75,1.0
11375,102,35,2602,204,828.35,75.23,1.0
11376,102,38,2602,204,828.32,75.96,1.0
11377,102,33,2602,204,828.31,75.68,1.0
11378,50,29,2550,100,828.13,72.05,1.0
11379,211,8,2711,422,828.13,127.23,1.0
11380,102,44,2602,204,828.1,75.67,1.0
11381,109,47,2609,218,828.04,77.03,1.0
11382,299,9,2799,598,828.04,142.86,1.0
11383,114,47,2614,228,828.01,77.36,1.0
11384,102,32,2602,204,828.0,75.36,1.0
11385,137,49,2637,274,827.99,83.53,1.0
11386,174,8,2674,348,827.96,120.14,1.0
11387,255,57,2755,510,827.93,104.11,1.0
11388,174,52,2674,348,827.92,88.73,1.0
11389,135,50,2635,270,827.88,82.42,1.0
11390,175,8,2675,350,827.84,122.19,1.0
11391,283,9,2783,566,827.84,141.42,1.0
11392,181,53,2681,362,827.8,88.18,1.0
11393,24,6,2524,48,827.73,82.63,1.0
11394,159,52,2659,318,827.7,87.13,1.0
11395,197,53,2697,394,827.65,94.42,1.0
11396,177,8,2677,354,827.64,119.93,1.0
11397,226,56,2726,452,827.64,99.12,1.0
11398,144,7,2644,288,827.6,113.6,1.0
11399,190,8,2690,380,827.58,120.59,1.0
11400,294,57,2794,588,827.55,106.94,1.0
11401,157,52,2657,314,827.54,86.87,1.0
11402,98,45,2598,196,827.52,77.58,1.0
11403,180,54,2680,360,827.51,89.17,1.0
11404,129,53,2629,258,827.5,85.51,1.0
11405,189,54,2689,378,827.49,90.04,1.0
11406,140,50,2640,280,827.42,83.89,1.0
11407,106,45,2606,212,827.4,77.53,1.0
11408,124,51,2624,248,827.4,82.17,1.0
11409,293,57,2793,586,827.36,104.13,1.0
11410,257,57,2757,514,827.34,102.11,1.0
11411,10,6,2510,20,827.32,76.24,1.0
11412,177,53,2677,354,827.32,88.47,1.0
11413,188,8,2688,376,827.32,123.53,1.0
11414,143,50,2643,286,827.27,85.15,1.0
11415,192,53,2692,384,827.24,92.23,1.0
11416,289,9,2789,578,827.21,138.92,1.0
11417,101,45,2601,202,827.17,75.15,1.0
11418,113,7,2613,226,827.13,108.14,1.0
11419,220,54,2720,440,827.12,96.89,1.0
11420,107,47,2607,214,827.09,77.16,1.0
11421,136,50,2636,272,827.09,83.39,1.0
11422,149,50,2649,298,827.08,80.68,1.0
11423,184,54,2684,368,827.03,90.48,1.0
11424,249,56,2749,498,827.02,99.61,1.0
11425,104,48,2604,208,826.98,77.61,1.0
11426,125,48,2625,250,826.98,78.86,1.0
11427,122,47,2622,244,826.98,77.54,1.0
11428,192,8,2692,384,826.97,124.23,1.0
11429,275,57,2775,550,826.97,106.01,1.0
11430,256,56,2756,512,826.92,103.24,1.0
11431,271,57,2771,542,826.9,106.07,1.0
11432,169,52,2669,338,826.89,86.76,1.0
11433,244,55,2744,488,826.89,96.93,1.0
11434,123,47,2623,246,826.88,76.1,1.0
11435,232,55,2732,464,826.86,99.2,1.0
11436,108,47,2608,216,826.83,75.99,1.0
11437,95,35,2595,190,826.8,75.42,1.0
11438,268,56,2768,536,826.8,102.18,1.0
11439,95,34,2595,190,826.79,74.75,1.0
11440,291,9,2791,582,826.79,141.03,1.0
11441,151,53,2651,302,826.78,84.16,1.0
11442,243,53,2743,486,826.78,95.94,1.0
11443,95,44,2595,190,826.76,75.0,1.0
11444,288,9,2788,576,826.76,141.05,1.0
11445,52,6,2552,104,826.72,88.74,1.0
11446,172,53,2672,344,826.72,89.85,1.0
11447,218,56,2718,436,826.69,95.98,1.0
11448,95,36,2595,190,826.68,75.41,1.0
11449,40,29,2540,80,826.66,71.34,1.0
11450,95,32,2595,190,826.66,74.22,1.0
11451,170,55,2670,340,826.66,89.2,1.0
11452,95,38,2595,190,826.61,74.28,1.0
11453,212,55,2712,424,826.6,93.71,1.0
11454,186,54,2686,372,826.58,90.9,1.0
11455,153,8,2653,306,826.54,121.66,1.0
11456,95,43,2595,190,826.48,75.15,1.0
11457,161,53,2661,322,826.48,87.45,1.0
11458,87,7,2587,174,826.45,102.32,1.0
11459,13,6,2513,26,826.42,78.97,1.0
11460,292,56,2792,584,826.41,108.96,1.0
11461,103,49,2603,206,826.36,77.2,1.0
11462,94,46,2594,188,826.35,77.09,1.0
11463,95,30,2595,190,826.34,74.68,1.0
11464,187,55,2687,374,826.33,92.06,1.0
11465,95,31,2595,190,826.31,74.57,1.0
11466,155,51,2655,310,826.3,83.87,1.0
11467,156,52,2656,312,826.24,86.12,1.0
11468,148,51,2648,296,826.22,84.68,1.0
11469,236,56,2736,472,826.19,98.47,1.0
11470,134,49,2634,268,826.17,79.67,1.0
11471,95,33,2595,190,826.07,74.74,1.0
11472,217,53,2717,434,826.07,95.27,1.0
11473,219,55,2719,438,826.07,97.94,1.0
11474,260,56,2760,520,826.05,102.99,1.0
11475,191,53,2691,382,826.02,92.07,1.0
11476,89,7,2589,178,825.97,103.61,1.0
11477,205,56,2705,410,825.96,94.29,1.0
11478,102,45,2602,204,825.95,76.4,1.0
11479,176,54,2676,352,825.95,89.33,1.0
11480,221,56,2721,442,825.95,99.54,1.0
11481,142,7,2642,284,825.94,114.33,1.0
11482,264,57,2764,528,825.94,102.88,1.0
11483,93,37,2593,186,825.93,73.51,1.0
11484,93,31,2593,186,825.89,74.22,1.0
11485,107,7,2607,214,825.87,104.48,1.0
11486,95,42,2595,190,825.85,74.78,1.0
11487,86,37,2586,172,825.84,75.34,1.0
11488,95,41,2595,190,825.84,73.74,1.0
11489,89,40,2589,178,825.81,75.3,1.0
11490,95,37,2595,190,825.81,74.37,1.0
11491,86,32,2586,172,825.77,75.36,1.0
11492,280,56,2780,560,825.77,106.2,1.0
11493,193,54,2693,386,825.76,93.05,1.0
11494,96,47,2596,192,825.75,75.01,1.0
11495,98,7,2598,196,825.74,104.34,1.0
11496,263,57,2763,526,825.73,104.39,1.0
11497,128,50,2628,256,825.72,80.0,1.0
11498,163,53,2663,326,825.69,86.78,1.0
11499,133,51,2633,266,825.67,81.88,1.0
11500,115,50,2615,230,825.64,79.35,1.0
11501,230,56,2730,460,825.62,98.56,1.0
11502,89,37,2589,178,825.61,74.58,1.0
11503,97,46,2597,194,825.59,74.35,1.0
11504,93,35,2593,186,825.59,74.39,1.0
11505,103,7,2603,206,825.55,106.06,1.0
11506,150,52,2650,300,825.54,83.42,1.0
11507,83,44,2583,166,825.53,73.27,1.0
11508,135,51,2635,270,825.53,82.85,1.0
11509,298,9,2798,596,825.53,145.33,1.0
11510,253,55,2753,506,825.49,103.38,1.0
11511,95,39,2595,190,825.48,74.05,1.0
11512,276,9,2776,552,825.44,140.87,1.0
11513,93,33,2593,186,825.37,73.72,1.0
11514,179,8,2679,358,825.36,124.07,1.0
11515,242,9,2742,484,825.36,129.54,1.0
11516,83,36,2583,166,825.34,73.47,1.0
11517,116,47,2616,232,825.34,80.25,1.0
11518,277,9,2777,554,825.34,141.49,1.0
11519,83,42,2583,166,825.33,73.31,1.0
11520,83,33,2583,166,825.32,73.24,1.0
11521,83,37,2583,166,825.32,73.43,1.0
11522,108,7,2608,216,825.32,106.0,1.0
11523,198,54,2698,396,825.3,92.83,1.0
11524,173,54,2673,346,825.29,89.1,1.0
11525,93,44,2593,186,825.25,73.91,1.0
11526,291,58,2791,582,825.25,107.83,1.0
11527,46,6,2546,92,825.24,88.09,1.0
11528,118,49,2618,236,825.23,79.37,1.0
11529,104,49,2604,208,825.22,78.42,1.0
11530,95,40,2595,190,825.22,74.62,1.0
11531,93,36,2593,186,825.21,73.68,1.0
11532,142,52,2642,284,825.16,84.62,1.0
11533,234,56,2734,468,825.16,100.17,1.0
11534,83,30,2583,166,825.15,73.96,1.0
11535,93,38,2593,186,825.13,73.81,1.0
11536,93,34,2593,186,825.12,73.96,1.0
11537,152,53,2652,304,825.12,86.42,1.0
11538,93,43,2593,186,825.11,73.99,1.0
11539,25,6,2525,50,825.1,81.79,1.0
11540,112,49,2612,224,825.08,78.29,1.0
11541,93,41,2593,186,825.06,73.84,1.0
11542,141,52,2641,282,825.06,84.37,1.0
11543,239,56,2739,478,825.06,99.1,1.0
11544,86,42,2586,172,825.05,75.45,1.0
11545,89,31,2589,178,825.05,74.93,1.0
11546,145,7,2645,290,825.05,117.51,1.0
11547,229,8,2729,458,825.04,132.42,1.0
11548,89,32,2589,178,825.03,74.7,1.0
11549,147,51,2647,294,825.02,82.86,1.0
11550,86,33,2586,172,825.01,75.46,1.0
11551,86,43,2586,172,825.01,75.31,1.0
11552,41,29,2541,82,825.0,71.56,1.0
11553,89,41,2589,178,825.0,74.74,1.0
11554,179,54,2679,358,824.97,92.66,1.0
11555,100,46,2600,200,824.94,76.57,1.0
11556,111,48,2611,222,824.93,77.49,1.0
11557,188,55,2688,376,824.92,89.55,1.0
11558,133,7,2633,266,824.87,110.69,1.0
11559,83,40,2583,166,824.86,74.01,1.0
11560,86,40,2586,172,824.86,75.39,1.0
11561,89,34,2589,178,824.86,74.59,1.0
11562,181,8,2681,362,824.86,122.7,1.0
11563,131,52,2631,262,824.83,82.42,1.0
11564,93,39,2593,186,824.82,73.95,1.0
11565,213,55,2713,426,824.8,94.97,1.0
11566,105,7,2605,210,824.79,105.49,1.0
11567,130,49,2630,260,824.78,79.63,1.0
11568,89,44,2589,178,824.77,74.82,1.0
11569,93,42,2593,186,824.76,73.77,1.0
11570,201,54,2701,402,824.75,94.12,1.0
11571,90,7,2590,180,824.73,102.62,1.0
11572,31,6,2531,62,824.72,84.3,1.0
11573,89,35,2589,178,824.72,74.37,1.0
11574,175,52,2675,350,824.69,90.92,1.0
11575,92,7,2592,184,824.68,102.48,1.0
11576,89,39,2589,178,824.66,75.07,1.0
11577,16,6,2516,32,824.65,81.12,1.0
11578,93,40,2593,186,824.65,73.43,1.0
11579,99,47,2599,198,824.63,76.52,1.0
11580,86,41,2586,172,824.62,75.61,1.0
11581,89,42,2589,178,824.62,74.79,1.0
11582,110,48,2610,220,824.62,77.71,1.0
11583,127,49,2627,254,824.62,81.52,1.0
11584,83,38,2583,166,824.59,73.65,1.0
11585,86,44,2586,172,824.58,75.52,1.0
11586,105,46,2605,210,824.58,77.15,1.0
11587,278,56,2778,556,824.56,104.9,1.0
11588,286,57,2786,572,824.54,106.52,1.0
11589,89,30,2589,178,824.53,74.98,1.0
11590,89,43,2589,178,824.53,74.87,1.0
11591,267,56,2767,534,824.51,102.97,1.0
11592,86,31,2586,172,824.5,75.24,1.0
11593,86,38,2586,172,824.48,75.53,1.0
11594,132,50,2632,264,824.47,82.4,1.0
11595,93,30,2593,186,824.44,73.96,1.0
11596,83,31,2583,166,824.42,73.89,1.0
11597,206,54,2706,412,824.42,94.95,1.0
11598,115,7,2615,230,824.4,109.72,1.0
11599,178,54,2678,356,824.4,91.06,1.0
11600,89,36,2589,178,824.39,74.78,1.0
11601,223,55,2723,446,824.39,95.63,1.0
11602,119,49,2619,238,824.35,79.2,1.0
11603,121,49,2621,242,824.34,79.88,1.0
11604,83,35,2583,166,824.32,73.81,1.0
11605,158,55,2658,316,824.32,90.96,1.0
11606,83,41,2583,166,824.28,73.75,1.0
11607,86,30,2586,172,824.26,74.89,1.0
11608,93,32,2593,186,824.26,74.08,1.0
11609,83,34,2583,166,824.25,73.43,1.0
11610,86,36,2586,172,824.25,75.96,1.0
11611,28,6,2528,56,824.22,83.61,1.0
11612,89,38,2589,178,824.22,74.51,1.0
11613,289,57,2789,578,824.21,104.77,1.0
11614,153,51,2653,306,824.2,87.52,1.0
11615,86,35,2586,172,824.17,75.17,1.0
11616,261,9,2761,522,824.17,133.41,1.0
11617,100,7,2600,200,824.16,104.73,1.0
11618,281,9,2781,562,824.13,141.62,1.0
11619,244,9,2744,488,824.12,132.71,1.0
11620,89,33,2589,178,824.07,74.62,1.0
11621,83,39,2583,166,824.04,73.36,1.0
11622,138,51,2638,276,824.03,86.66,1.0
11623,86,34,2586,172,824.01,75.16,1.0
11624,38,29,2538,76,823.99,71.71,1.0
11625,283,56,2783,566,823.97,107.63,1.0
11626,109,48,2609,218,823.96,78.09,1.0
11627,114,48,2614,228,823.96,78.62,1.0
11628,164,8,2664,328,823.95,116.59,1.0
11629,245,56,2745,490,823.95,101.11,1.0
11630,273,57,2773,546,823.93,105.75,1.0
11631,34,29,2534,68,823.92,70.25,1.0
11632,86,39,2586,172,823.9,75.3,1.0
11633,83,32,2583,166,823.84,74.04,1.0
11634,200,8,2700,400,823.82,123.09,1.0
11635,37,29,2537,74,823.79,69.19,1.0
11636,190,54,2690,380,823.77,89.25,1.0
11637,81,7,2581,162,823.76,98.27,1.0
11638,120,48,2620,240,823.76,82.21,1.0
11639,117,46,2617,234,823.75,79.8,1.0
11640,237,57,2737,474,823.7,101.45,1.0
11641,145,52,2645,290,823.68,87.39,1.0
11642,207,55,2707,414,823.68,94.52,1.0
11643,210,55,2710,420,823.67,94.39,1.0
11644,83,43,2583,166,823.62,73.67,1.0
11645,116,7,2616,232,823.58,111.12,1.0
11646,88,30,2588,176,823.5,73.91,1.0
11647,277,56,2777,554,823.5,104.06,1.0
11648,107,48,2607,214,823.47,79.04,1.0
11649,259,56,2759,518,823.37,103.09,1.0
11650,250,56,2750,500,823.36,102.93,1.0
11651,88,36,2588,176,823.33,73.08,1.0
11652,266,9,2766,532,823.32,145.46,1.0
11653,106,46,2606,212,823.3,78.42,1.0
11654,171,53,2671,342,823.3,89.39,1.0
11655,199,55,2699,398,823.28,95.97,1.0
11656,280,9,2780,560,823.25,142.46,1.0
11657,229,56,2729,458,823.24,98.57,1.0
11658,88,32,2588,176,823.22,73.12,1.0
11659,274,57,2774,548,823.19,105.99,1.0
11660,88,44,2588,176,823.14,73.07,1.0
11661,44,6,2544,88,823.12,88.44,1.0
11662,233,57,2733,466,823.11,97.29,1.0
11663,167,54,2667,334,823.1,90.35,1.0
11664,88,40,2588,176,823.09,73.11,1.0
11665,97,47,2597,194,823.04,74.87,1.0
11666,98,46,2598,196,823.04,77.69,1.0
11667,106,7,2606,212,823.02,105.84,1.0
11668,247,57,2747,494,823.02,98.92,1.0
11669,261,56,2761,522,823.02,100.72,1.0
11670,209,57,2709,418,822.9,95.81,1.0
11671,122,48,2622,244,822.88,78.96,1.0
11672,89,45,2589,178,822.85,74.95,1.0
11673,75,42,2575,150,822.8,74.21,1.0
11674,88,43,2588,176,822.8,73.3,1.0
11675,75,32,2575,150,822.79,74.63,1.0
11676,94,47,2594,188,822.79,77.65,1.0
11677,126,51,2626,252,822.79,80.28,1.0
11678,183,53,2683,366,822.78,89.44,1.0
11679,134,50,2634,268,822.76,80.19,1.0
11680,242,56,2742,484,822.76,96.22,1.0
11681,75,34,2575,150,822.74,74.78,1.0
11682,119,7,2619,238,822.74,108.29,1.0
11683,164,52,2664,328,822.73,87.16,1.0
11684,140,51,2640,280,822.71,84.68,1.0
11685,95,45,2595,190,822.69,75.33,1.0
11686,102,46,2602,204,822.63,76.27,1.0
11687,75,35,2575,150,822.6,74.33,1.0
11688,113,47,2613,226,822.59,80.54,1.0
11689,139,51,2639,278,822.57,83.06,1.0
11690,215,8,2715,430,822.55,130.35,1.0
11691,282,9,2782,564,822.55,139.99,1.0
11692,278,9,2778,556,822.54,140.12,1.0
11693,88,38,2588,176,822.53,73.33,1.0
11694,29,29,2529,58,822.51,69.4,1.0
11695,196,54,2696,392,822.5,93.98,1.0
11696,254,57,2754,508,822.42,103.07,1.0
11697,182,55,2682,364,822.41,93.26,1.0
11698,200,54,2700,400,822.41,92.77,1.0
11699,103,50,2603,206,822.4,78.35,1.0
11700,146,51,2646,292,822.4,83.66,1.0
11701,88,31,2588,176,822.39,73.15,1.0
11702,88,39,2588,176,822.38,73.13,1.0
11703,75,38,2575,150,822.36,74.74,1.0
11704,75,43,2575,150,822.36,74.93,1.0
11705,86,45,2586,172,822.35,75.55,1.0
11706,75,31,2575,150,822.34,74.72,1.0
11707,166,53,2666,332,822.29,87.06,1.0
11708,75,36,2575,150,822.27,74.98,1.0
11709,208,8,2708,416,822.27,127.88,1.0
11710,75,37,2575,150,822.24,74.16,1.0
11711,75,33,2575,150,822.23,75.3,1.0
11712,36,29,2536,72,822.21,71.13,1.0
11713,31,29,2531,62,822.19,70.19,1.0
11714,96,48,2596,192,822.19,75.88,1.0
11715,88,37,2588,176,822.19,73.19,1.0
11716,123,48,2623,246,822.15,76.83,1.0
11717,101,46,2601,202,822.14,75.2,1.0
11718,228,56,2728,456,822.14,98.44,1.0
11719,240,56,2740,480,822.14,101.26,1.0
11720,165,54,2665,330,822.13,88.16,1.0
11721,75,40,2575,150,822.11,74.26,1.0
11722,75,41,2575,150,822.11,74.31,1.0
11723,124,52,2624,248,822.08,83.56,1.0
11724,88,35,2588,176,822.06,73.26,1.0
11725,185,54,2685,370,822.06,90.59,1.0
11726,35,29,2535,70,822.05,70.09,1.0
11727,154,53,2654,308,822.03,86.58,1.0
11728,91,30,2591,182,822.0,75.67,1.0
11729,116,48,2616,232,822.0,80.88,1.0
11730,230,8,2730,460,821.99,128.41,1.0
11731,82,7,2582,164,821.98,97.73,1.0
11732,83,45,2583,166,821.98,74.92,1.0
11733,88,42,2588,176,821.98,73.27,1.0
11734,223,8,2723,446,821.98,129.32,1.0
11735,88,33,2588,176,821.96,73.26,1.0
11736,136,51,2636,272,821.9,83.87,1.0
11737,75,44,2575,150,821.88,73.8,1.0
11738,296,9,2796,592,821.86,138.45,1.0
11739,77,42,2577,154,821.77,75.99,1.0
11740,150,53,2650,300,821.74,85.0,1.0
11741,77,44,2577,154,821.71,75.53,1.0
11742,88,34,2588,176,821.7,73.35,1.0
11743,297,56,2797,594,821.7,109.45,1.0
11744,129,54,2629,258,821.67,86.42,1.0
11745,19,6,2519,38,821.66,80.81,1.0
11746,93,45,2593,186,821.66,74.07,1.0
11747,48,6,2548,96,821.62,89.22,1.0
11748,224,54,2724,448,821.61,99.23,1.0
11749,143,51,2643,286,821.6,86.1,1.0
11750,75,30,2575,150,821.57,74.1,1.0
11751,284,9,2784,568,821.55,143.57,1.0
11752,112,7,2612,224,821.54,105.22,1.0
11753,99,48,2599,198,821.53,77.42,1.0
11754,233,8,2733,466,821.53,127.53,1.0
11755,296,58,2796,592,821.53,108.51,1.0
11756,88,41,2588,176,821.52,74.47,1.0
11757,160,53,2660,320,821.47,86.14,1.0
11758,252,56,2752,504,821.47,101.86,1.0
11759,162,53,2662,324,821.43,87.29,1.0
11760,117,47,2617,234,821.38,80.76,1.0
11761,77,30,2577,154,821.35,75.46,1.0
11762,246,57,2746,492,821.35,99.5,1.0
11763,266,57,2766,532,821.35,106.07,1.0
11764,197,54,2697,394,821.33,96.06,1.0
11765,77,35,2577,154,821.3,75.11,1.0
11766,204,55,2704,408,821.29,95.38,1.0
11767,171,8,2671,342,821.28,122.68,1.0
11768,149,51,2649,298,821.27,81.5,1.0
11769,125,49,2625,250,821.25,79.7,1.0
11770,91,32,2591,182,821.24,75.44,1.0
11771,78,44,2578,156,821.23,75.21,1.0
11772,208,55,2708,416,821.21,98.11,1.0
11773,287,57,2787,574,821.18,107.71,1.0
11774,78,31,2578,156,821.15,74.35,1.0
11775,284,56,2784,568,821.15,106.11,1.0
11776,78,36,2578,156,821.14,74.88,1.0
11777,91,44,2591,182,821.13,75.62,1.0
11778,215,56,2715,430,821.1,97.78,1.0
11779,290,56,2790,580,821.1,106.65,1.0
11780,174,53,2674,348,821.09,90.28,1.0
11781,78,30,2578,156,821.05,74.57,1.0
11782,183,8,2683,366,821.05,122.82,1.0
11783,78,37,2578,156,821.04,74.28,1.0
11784,300,57,2800,600,821.03,112.34,1.0
11785,202,55,2702,404,821.02,93.35,1.0
11786,255,8,2755,510,821.02,135.28,1.0
11787,75,39,2575,150,821.01,74.52,1.0
11788,106,47,2606,212,821.01,78.06,1.0
11789,251,56,2751,502,821.0,101.28,1.0
11790,118,50,2618,236,820.99,80.51,1.0
11791,115,51,2615,230,820.98,80.17,1.0
11792,78,41,2578,156,820.97,74.73,1.0
11793,91,33,2591,182,820.97,76.45,1.0
11794,77,43,2577,154,820.95,75.73,1.0
11795,172,54,2672,344,820.95,91.41,1.0
11796,77,36,2577,154,820.94,75.85,1.0
11797,180,55,2680,360,820.94,91.39,1.0
11798,295,9,2795,590,820.92,146.52,1.0
11799,33,29,2533,66,820.91,70.01,1.0
11800,270,56,2770,540,820.91,103.13,1.0
11801,194,54,2694,388,820.9,89.96,1.0
11802,78,39,2578,156,820.88,73.73,1.0
11803,100,47,2600,200,820.85,77.46,1.0
11804,137,50,2637,274,820.84,85.31,1.0
11805,77,31,2577,154,820.83,75.58,1.0
11806,126,7,2626,252,820.81,108.91,1.0
11807,47,6,2547,94,820.78,88.99,1.0
11808,151,54,2651,302,820.78,84.65,1.0
11809,77,32,2577,154,820.74,74.92,1.0
11810,43,6,2543,86,820.73,91.21,1.0
11811,91,36,2591,182,820.71,76.58,1.0
11812,120,49,2620,240,820.7,82.4,1.0
11813,91,34,2591,182,820.69,75.74,1.0
11814,111,7,2611,222,820.69,107.91,1.0
11815,78,38,2578,156,820.67,74.97,1.0
11816,91,39,2591,182,820.66,76.29,1.0
11817,78,42,2578,156,820.63,74.23,1.0
11818,77,40,2577,154,820.62,76.14,1.0
11819,121,7,2621,242,820.62,109.75,1.0
11820,78,43,2578,156,820.6,74.23,1.0
11821,108,48,2608,216,820.59,78.59,1.0
11822,265,56,2765,530,820.59,100.76,1.0
11823,128,51,2628,256,820.57,79.69,1.0
11824,25,29,2525,50,820.56,69.77,1.0
11825,159,53,2659,318,820.56,88.5,1.0
11826,91,43,2591,182,820.55,76.69,1.0
11827,77,41,2577,154,820.53,76.37,1.0
11828,91,42,2591,182,820.46,76.2,1.0
11829,127,50,2627,254,820.45,82.52,1.0
11830,104,50,2604,208,820.44,78.6,1.0
11831,157,53,2657,314,820.44,87.9,1.0
11832,279,57,2779,558,820.43,106.02,1.0
11833,77,39,2577,154,820.38,75.31,1.0
11834,181,54,2681,362,820.34,88.83,1.0
11835,77,33,2577,154,820.33,75.71,1.0
11836,112,50,2612,224,820.31,79.46,1.0
11837,258,56,2758,516,820.28,102.65,1.0
11838,38,6,2538,76,820.27,88.21,1.0
11839,78,32,2578,156,820.27,74.28,1.0
11840,77,37,2577,154,820.24,75.4,1.0
11841,91,38,2591,182,820.23,76.27,1.0
11842,78,33,2578,156,820.22,74.88,1.0
11843,91,35,2591,182,820.21,76.59,1.0
11844,141,53,2641,282,820.17,85.31,1.0
11845,123,49,2623,246,820.16,77.67,1.0
11846,111,49,2611,222,820.14,78.63,1.0
11847,88,45,2588,176,820.13,73.65,1.0
11848,110,49,2610,220,820.13,78.42,1.0
11849,8,6,2508,16,820.11,77.68,1.0
11850,91,40,2591,182,820.1,76.4,1.0
11851,148,52,2648,296,820.1,85.78,1.0
11852,98,47,2598,196,820.05,78.39,1.0
11853,105,47,2605,210,820.05,77.77,1.0
11854,91,31,2591,182,820.03,76.04,1.0
11855,101,7,2601,202,820.03,105.19,1.0
11856,142,53,2642,284,820.03,84.79,1.0
11857,144,54,2644,288,820.02,88.75,1.0
11858,102,7,2602,204,820.01,101.96,1.0
11859,101,47,2601,202,820.0,75.67,1.0
11860,77,38,2577,154,819.97,75.54,1.0
11861,91,41,2591,182,819.96,76.18,1.0
11862,185,8,2685,370,819.96,123.1,1.0
11863,211,56,2711,422,819.94,95.81,1.0
11864,212,8,2712,424,819.91,128.75,1.0
11865,78,35,2578,156,819.9,74.68,1.0
11866,177,54,2677,354,819.9,89.89,1.0
11867,29,6,2529,58,819.88,84.04,1.0
11868,34,6,2534,68,819.85,84.46,1.0
11869,119,50,2619,238,819.82,80.45,1.0
11870,75,45,2575,150,819.81,74.96,1.0
11871,78,34,2578,156,819.81,74.84,1.0
11872,156,53,2656,312,819.81,87.03,1.0
11873,272,56,2772,544,819.81,103.64,1.0
11874,17,6,2517,34,819.79,81.23,1.0
11875,6,6,2506,12,819.79,73.78,1.0
11876,23,29,2523,46,819.76,71.31,1.0
11877,214,55,2714,428,819.75,92.93,1.0
11878,161,54,2661,322,819.73,88.09,1.0
11879,77,34,2577,154,819.72,75.9,1.0
11880,110,7,2610,220,819.71,105.47,1.0
11881,155,52,2655,310,819.68,85.74,1.0
11882,91,37,2591,182,819.59,76.18,1.0
11883,130,50,2630,260,819.56,80.35,1.0
11884,85,36,2585,170,819.55,76.27,1.0
11885,298,57,2798,596,819.55,109.75,1.0
11886,235,56,2735,470,819.5,99.87,1.0
11887,78,40,2578,156,819.49,74.22,1.0
11888,85,32,2585,170,819.48,76.54,1.0
11889,198,8,2698,396,819.48,127.06,1.0
11890,222,56,2722,444,819.46,93.93,1.0
11891,121,50,2621,242,819.43,80.33,1.0
11892,89,46,2589,178,819.42,75.86,1.0
11893,135,52,2635,270,819.42,83.09,1.0
11894,92,42,2592,184,819.4,74.45,1.0
11895,169,53,2669,338,819.4,88.2,1.0
11896,40,6,2540,80,819.38,86.07,1.0
11897,32,6,2532,64,819.36,86.24,1.0
11898,92,41,2592,184,819.36,74.56,1.0
11899,227,55,2727,454,819.35,99.7,1.0
11900,85,31,2585,170,819.33,76.86,1.0
11901,269,57,2769,538,819.33,105.24,1.0
11902,96,49,2596,192,819.32,75.86,1.0
11903,90,38,2590,180,819.31,75.44,1.0
11904,35,6,2535,70,819.29,87.95,1.0
11905,193,55,2693,386,819.29,94.14,1.0
11906,152,54,2652,304,819.24,86.88,1.0
11907,90,42,2590,180,819.23,75.97,1.0
11908,90,35,2590,180,819.19,75.55,1.0
11909,196,8,2696,392,819.17,125.08,1.0
11910,299,58,2799,598,819.15,107.78,1.0
11911,94,48,2594,188,819.13,78.22,1.0
11912,189,55,2689,378,819.12,92.07,1.0
11913,202,8,2702,404,819.09,124.37,1.0
11914,179,55,2679,358,819.08,92.6,1.0
11915,168,55,2668,336,819.07,89.87,1.0
11916,238,56,2738,476,819.07,96.37,1.0
11917,90,44,2590,180,819.06,76.3,1.0
11918,216,54,2716,432,819.06,95.02,1.0
11919,243,54,2743,486,819.02,99.0,1.0
11920,85,38,2585,170,819.01,76.7,1.0
11921,85,41,2585,170,818.99,76.45,1.0
11922,90,40,2590,180,818.99,75.72,1.0
11923,90,32,2590,180,818.98,75.38,1.0
11924,281,58,2781,562,818.98,107.93,1.0
11925,163,54,2663,326,818.97,89.02,1.0
11926,85,30,2585,170,818.95,76.54,1.0
11927,90,39,2590,180,818.95,76.36,1.0
11928,90,41,2590,180,818.95,76.15,1.0
11929,85,42,2585,170,818.9,76.17,1.0
11930,90,31,2590,180,818.9,75.28,1.0
11931,97,48,2597,194,818.9,76.54,1.0
11932,109,49,2609,218,818.9,78.11,1.0
11933,257,58,2757,514,818.89,103.04,1.0
11934,265,9,2765,530,818.88,134.11,1.0
11935,90,34,2590,180,818.87,75.29,1.0
11936,90,36,2590,180,818.84,75.51,1.0
11937,26,29,2526,52,818.83,69.67,1.0
11938,170,56,2670,340,818.83,90.9,1.0
11939,85,39,2585,170,818.82,76.28,1.0
11940,33,6,2533,66,818.8,86.1,1.0
11941,85,35,2585,170,818.78,76.93,1.0
11942,216,9,2716,432,818.77,130.06,1.0
11943,85,34,2585,170,818.75,77.28,1.0
11944,90,43,2590,180,818.74,76.39,1.0
11945,86,46,2586,172,818.7,76.14,1.0
11946,102,47,2602,204,818.7,77.0,1.0
11947,93,46,2593,186,818.68,74.85,1.0
11948,36,6,2536,72,818.67,87.68,1.0
11949,92,31,2592,184,818.67,74.08,1.0
11950,241,57,2741,482,818.67,100.55,1.0
11951,92,38,2592,184,818.64,74.2,1.0
11952,176,55,2676,352,818.62,90.4,1.0
11953,114,49,2614,228,818.59,78.4,1.0
11954,107,49,2607,214,818.58,79.59,1.0
11955,99,49,2599,198,818.53,77.54,1.0
11956,95,46,2595,190,818.53,75.72,1.0
11957,90,30,2590,180,818.52,76.35,1.0
11958,92,33,2592,184,818.49,74.53,1.0
11959,90,37,2590,180,818.48,75.34,1.0
11960,132,51,2632,264,818.48,83.6,1.0
11961,83,46,2583,166,818.46,75.16,1.0
11962,90,33,2590,180,818.46,76.58,1.0
11963,92,30,2592,184,818.45,73.66,1.0
11964,219,56,2719,438,818.42,98.46,1.0
11965,92,39,2592,184,818.36,73.93,1.0
11966,217,54,2717,434,818.36,96.47,1.0
11967,85,44,2585,170,818.35,75.91,1.0
11968,92,35,2592,184,818.35,73.35,1.0
11969,231,57,2731,462,818.34,98.35,1.0
11970,192,54,2692,384,818.33,94.63,1.0
11971,85,40,2585,170,818.3,76.03,1.0
11972,92,40,2592,184,818.29,73.73,1.0
11973,92,34,2592,184,818.28,73.72,1.0
11974,92,43,2592,184,818.27,74.54,1.0
11975,184,55,2684,368,818.26,91.31,1.0
11976,232,56,2732,464,818.26,100.76,1.0
11977,131,53,2631,262,818.25,83.57,1.0
11978,203,56,2703,406,818.24,94.64,1.0
11979,231,8,2731,462,818.23,131.18,1.0
11980,285,56,2785,570,818.23,104.35,1.0
11981,37,6,2537,74,818.21,86.04,1.0
11982,92,32,2592,184,818.21,73.58,1.0
11983,85,43,2585,170,818.15,76.19,1.0
11984,186,8,2686,372,818.09,124.47,1.0
11985,195,54,2695,390,818.09,92.09,1.0
11986,138,52,2638,276,818.08,87.61,1.0
11987,221,57,2721,442,818.08,101.14,1.0
11988,113,48,2613,226,818.04,81.51,1.0
11989,85,37,2585,170,818.02,76.27,1.0
11990,91,45,2591,182,817.99,76.96,1.0
11991,92,37,2592,184,817.98,73.83,1.0
11992,145,53,2645,290,817.95,87.32,1.0
11993,92,36,2592,184,817.93,74.09,1.0
11994,270,9,2770,540,817.89,140.68,1.0
11995,237,8,2737,474,817.85,134.41,1.0
11996,103,51,2603,206,817.84,78.87,1.0
11997,133,52,2633,266,817.84,83.21,1.0
11998,282,57,2782,564,817.84,105.26,1.0
11999,139,52,2639,278,817.83,83.08,1.0
12000,166,54,2666,332,817.83,88.3,1.0
12001,268,57,2768,536,817.78,105.15,1.0
12002,92,44,2592,184,817.77,74.03,1.0
12003,117,48,2617,234,817.72,81.91,1.0
12004,225,56,2725,450,817.69,97.54,1.0
12005,147,52,2647,294,817.68,85.16,1.0
12006,206,55,2706,412,817.68,95.72,1.0
12007,85,33,2585,170,817.62,76.23,1.0
12008,104,51,2604,208,817.54,79.03,1.0
12009,42,6,2542,84,817.53,92.2,1.0
12010,118,7,2618,236,817.52,108.13,1.0
12011,185,55,2685,370,817.51,90.73,1.0
12012,248,56,2748,496,817.49,100.1,1.0
12013,78,45,2578,156,817.47,74.95,1.0
12014,173,55,2673,346,817.46,90.78,1.0
12015,84,40,2584,168,817.41,73.5,1.0
12016,79,32,2579,158,817.33,75.67,1.0
12017,84,35,2584,168,817.32,73.1,1.0
12018,79,43,2579,158,817.28,75.98,1.0
12019,260,57,2760,520,817.28,103.9,1.0
12020,84,31,2584,168,817.22,73.25,1.0
12021,110,50,2610,220,817.21,79.15,1.0
12022,126,52,2626,252,817.19,81.5,1.0
12023,201,8,2701,402,817.19,125.23,1.0
12024,79,38,2579,158,817.18,75.42,1.0
12025,79,42,2579,158,817.17,75.53,1.0
12026,164,53,2664,328,817.17,88.49,1.0
12027,84,37,2584,168,817.15,73.48,1.0
12028,131,7,2631,262,817.12,110.69,1.0
12029,186,55,2686,372,817.12,92.04,1.0
12030,193,8,2693,386,817.1,125.07,1.0
12031,30,6,2530,60,817.09,83.01,1.0
12032,84,33,2584,168,817.06,73.33,1.0
12033,84,39,2584,168,817.05,73.94,1.0
12034,93,7,2593,186,817.04,103.84,1.0
12035,79,33,2579,158,817.03,76.1,1.0
12036,27,6,2527,54,817.01,84.03,1.0
12037,84,32,2584,168,817.01,73.15,1.0
12038,213,56,2713,426,817.01,96.06,1.0
12039,75,46,2575,150,817.0,76.47,1.0
12040,84,36,2584,168,816.99,72.76,1.0
12041,79,44,2579,158,816.96,75.83,1.0
12042,134,51,2634,268,816.95,81.84,1.0
12043,84,30,2584,168,816.94,73.8,1.0
12044,30,29,2530,60,816.92,68.96,1.0
12045,84,38,2584,168,816.92,73.09,1.0
12046,262,57,2762,524,816.92,104.73,1.0
12047,27,29,2527,54,816.91,68.23,1.0
12048,226,8,2726,452,816.9,130.54,1.0
12049,100,48,2600,200,816.87,78.02,1.0
12050,125,50,2625,250,816.87,81.14,1.0
12051,249,57,2749,498,816.87,101.63,1.0
12052,84,41,2584,168,816.86,73.52,1.0
12053,203,8,2703,406,816.86,128.79,1.0
12054,84,42,2584,168,816.85,72.97,1.0
12055,116,49,2616,232,816.84,80.88,1.0
12056,79,31,2579,158,816.83,75.95,1.0
12057,153,52,2653,306,816.83,88.58,1.0
12058,175,53,2675,350,816.83,90.92,1.0
12059,88,46,2588,176,816.82,74.28,1.0
12060,140,52,2640,280,816.82,85.38,1.0
12061,207,8,2707,414,816.82,128.08,1.0
12062,84,44,2584,168,816.81,72.93,1.0
12063,79,40,2579,158,816.74,75.79,1.0
12064,79,35,2579,158,816.72,75.55,1.0
12065,77,45,2577,154,816.71,75.85,1.0
12066,79,39,2579,158,816.67,75.18,1.0
12067,122,49,2622,244,816.67,80.72,1.0
12068,98,48,2598,196,816.65,78.4,1.0
12069,79,36,2579,158,816.63,75.6,1.0
12070,32,29,2532,64,816.61,71.25,1.0
12071,210,56,2710,420,816.6,96.96,1.0
12072,220,55,2720,440,816.58,98.41,1.0
12073,79,34,2579,158,816.57,75.98,1.0
12074,158,56,2658,316,816.57,92.45,1.0
12075,124,53,2624,248,816.49,84.82,1.0
12076,84,34,2584,168,816.48,73.39,1.0
12077,122,7,2622,244,816.4,107.28,1.0
12078,79,30,2579,158,816.34,75.68,1.0
12079,79,37,2579,158,816.31,76.22,1.0
12080,106,48,2606,212,816.3,79.08,1.0
12081,288,58,2788,576,816.3,103.01,1.0
12082,79,41,2579,158,816.28,76.28,1.0
12083,191,54,2691,382,816.28,93.99,1.0
12084,201,55,2701,402,816.24,95.24,1.0
12085,92,45,2592,184,816.21,74.13,1.0
12086,226,57,2726,452,816.18,99.66,1.0
12087,129,55,2629,258,816.16,86.66,1.0
12088,28,29,2528,56,816.15,70.16,1.0
12089,128,52,2628,256,816.15,81.28,1.0
12090,86,47,2586,172,816.14,76.77,1.0
12091,101,48,2601,202,816.13,76.7,1.0
12092,109,7,2609,218,816.09,106.62,1.0
12093,84,43,2584,168,816.06,73.34,1.0
12094,112,51,2612,224,816.03,79.96,1.0
12095,267,9,2767,534,816.03,138.96,1.0
12096,111,50,2611,222,815.93,78.58,1.0
12097,96,50,2596,192,815.9,76.81,1.0
12098,187,56,2687,374,815.88,94.42,1.0
12099,87,32,2587,174,815.86,75.8,1.0
12100,275,58,2775,550,815.86,108.26,1.0
12101,264,58,2764,528,815.82,104.11,1.0
12102,51,6,2551,102,815.75,90.31,1.0
12103,236,57,2736,472,815.73,99.34,1.0
12104,118,51,2618,236,815.71,81.5,1.0
12105,89,47,2589,178,815.69,76.95,1.0
12106,234,8,2734,468,815.69,133.72,1.0
12107,94,49,2594,188,815.66,78.2,1.0
12108,204,8,2704,408,815.66,126.03,1.0
12109,144,55,2644,288,815.64,88.9,1.0
12110,71,31,2571,142,815.63,72.69,1.0
12111,83,47,2583,166,815.63,75.2,1.0
12112,244,56,2744,488,815.63,100.55,1.0
12113,171,54,2671,342,815.61,90.1,1.0
12114,146,52,2646,292,815.59,84.81,1.0
12115,220,8,2720,440,815.59,131.79,1.0
12116,253,56,2753,506,815.57,104.57,1.0
12117,267,57,2767,534,815.54,103.86,1.0
12118,190,55,2690,380,815.53,91.22,1.0
12119,20,6,2520,40,815.51,82.48,1.0
12120,287,9,2787,574,815.51,140.9,1.0
12121,87,35,2587,174,815.5,76.0,1.0
12122,102,48,2602,204,815.47,77.06,1.0
12123,160,54,2660,320,815.4,86.86,1.0
12124,198,55,2698,396,815.4,95.49,1.0
12125,74,37,2574,148,815.39,73.27,1.0
12126,137,51,2637,274,815.39,86.57,1.0
12127,294,9,2794,588,815.39,143.59,1.0
12128,79,45,2579,158,815.36,76.3,1.0
12129,210,8,2710,420,815.33,129.14,1.0
12130,148,7,2648,296,815.29,112.63,1.0
12131,87,33,2587,174,815.22,76.11,1.0
12132,105,48,2605,210,815.21,78.65,1.0
12133,143,52,2643,286,815.18,86.85,1.0
12134,85,45,2585,170,815.15,76.67,1.0
12135,188,56,2688,376,815.13,91.62,1.0
12136,74,35,2574,148,815.12,73.07,1.0
12137,212,56,2712,424,815.12,95.48,1.0
12138,91,46,2591,182,815.11,77.31,1.0
12139,87,43,2587,174,815.1,76.19,1.0
12140,71,41,2571,142,815.05,73.53,1.0
12141,71,44,2571,142,815.04,73.04,1.0
12142,74,44,2574,148,815.04,72.67,1.0
12143,218,57,2718,436,815.04,97.47,1.0
12144,71,40,2571,142,815.03,73.47,1.0
12145,71,39,2571,142,815.02,72.82,1.0
12146,75,47,2575,150,815.02,76.55,1.0
12147,71,38,2571,142,815.01,72.64,1.0
12148,95,47,2595,190,815.01,76.46,1.0
12149,69,44,2569,138,815.0,73.35,1.0
12150,93,47,2593,186,814.99,76.47,1.0
12151,87,34,2587,174,814.98,76.51,1.0
12152,292,57,2792,584,814.97,110.66,1.0
12153,87,31,2587,174,814.96,76.22,1.0
12154,74,30,2574,148,814.93,72.37,1.0
12155,39,29,2539,78,814.92,72.07,1.0
12156,135,7,2635,270,814.92,113.98,1.0
12157,205,57,2705,410,814.92,96.58,1.0
12158,74,36,2574,148,814.88,73.12,1.0
12159,74,40,2574,148,814.88,72.04,1.0
12160,71,36,2571,142,814.87,73.19,1.0
12161,132,52,2632,264,814.86,84.82,1.0
12162,109,50,2609,218,814.85,78.95,1.0
12163,295,58,2795,590,814.83,110.58,1.0
12164,108,49,2608,216,814.82,77.57,1.0
12165,136,52,2636,272,814.82,85.68,1.0
12166,80,31,2580,160,814.81,74.01,1.0
12167,207,56,2707,414,814.8,96.37,1.0
12168,115,52,2615,230,814.78,80.85,1.0
12169,243,9,2743,486,814.77,135.03,1.0
12170,87,37,2587,174,814.75,76.75,1.0
12171,21,29,2521,42,814.72,70.89,1.0
12172,71,42,2571,142,814.71,72.61,1.0
12173,69,40,2569,138,814.7,73.37,1.0
12174,280,57,2780,560,814.7,107.15,1.0
12175,119,51,2619,238,814.69,81.5,1.0
12176,199,56,2699,398,814.69,97.41,1.0
12177,84,45,2584,168,814.67,74.1,1.0
12178,74,41,2574,148,814.66,72.96,1.0
12179,204,56,2704,408,814.66,96.21,1.0
12180,242,57,2742,484,814.66,98.19,1.0
12181,80,41,2580,160,814.62,74.16,1.0
12182,90,45,2590,180,814.62,76.54,1.0
12183,120,50,2620,240,814.62,82.51,1.0
12184,87,44,2587,174,814.61,75.73,1.0
12185,87,30,2587,174,814.6,76.58,1.0
12186,223,56,2723,446,814.6,97.4,1.0
12187,158,7,2658,316,814.59,120.84,1.0
12188,74,43,2574,148,814.58,73.72,1.0
12189,74,34,2574,148,814.57,73.42,1.0
12190,121,51,2621,242,814.56,80.7,1.0
12191,148,53,2648,296,814.56,87.41,1.0
12192,276,57,2776,552,814.56,109.45,1.0
12193,97,49,2597,194,814.54,76.3,1.0
12194,87,42,2587,174,814.54,76.48,1.0
12195,178,55,2678,356,814.54,93.7,1.0
12196,259,57,2759,518,814.54,104.66,1.0
12197,22,6,2522,44,814.52,81.9,1.0
12198,71,43,2571,142,814.51,73.46,1.0
12199,71,35,2571,142,814.5,72.8,1.0
12200,74,32,2574,148,814.5,72.64,1.0
12201,78,46,2578,156,814.48,75.75,1.0
12202,69,35,2569,138,814.46,73.89,1.0
12203,69,43,2569,138,814.46,73.52,1.0
12204,87,36,2587,174,814.46,75.84,1.0
12205,74,42,2574,148,814.43,72.62,1.0
12206,87,40,2587,174,814.42,75.92,1.0
12207,89,48,2589,178,814.41,76.7,1.0
12208,71,33,2571,142,814.4,73.04,1.0
12209,150,54,2650,300,814.39,85.5,1.0
12210,113,49,2613,226,814.38,82.48,1.0
12211,71,37,2571,142,814.33,73.67,1.0
12212,69,32,2569,138,814.32,73.38,1.0
12213,107,50,2607,214,814.3,80.15,1.0
12214,130,51,2630,260,814.29,80.59,1.0
12215,234,57,2734,468,814.29,101.71,1.0
12216,154,54,2654,308,814.26,87.15,1.0
12217,233,58,2733,466,814.26,99.29,1.0
12218,71,34,2571,142,814.24,73.46,1.0
12219,87,39,2587,174,814.23,76.48,1.0
12220,71,32,2571,142,814.21,73.55,1.0
12221,149,52,2649,298,814.21,84.33,1.0
12222,69,42,2569,138,814.16,73.4,1.0
12223,174,54,2674,348,814.16,91.57,1.0
12224,272,9,2772,544,814.12,140.08,1.0
12225,69,33,2569,138,814.1,74.07,1.0
12226,80,40,2580,160,814.09,73.73,1.0
12227,167,55,2667,334,814.09,91.42,1.0
12228,293,58,2793,586,814.09,107.78,1.0
12229,69,30,2569,138,814.06,73.56,1.0
12230,87,41,2587,174,814.06,75.98,1.0
12231,69,37,2569,138,814.05,73.61,1.0
12232,224,55,2724,448,814.04,100.8,1.0
12233,74,38,2574,148,814.02,73.12,1.0
12234,183,54,2683,366,814.01,91.29,1.0
12235,80,33,2580,160,813.98,73.83,1.0
12236,96,51,2596,192,813.98,78.11,1.0
12237,240,8,2740,480,813.98,134.57,1.0
12238,77,46,2577,154,813.97,76.22,1.0
12239,162,54,2662,324,813.97,87.28,1.0
12240,87,38,2587,174,813.95,75.96,1.0
12241,120,7,2620,240,813.95,110.09,1.0
12242,74,31,2574,148,813.92,73.07,1.0
12243,80,38,2580,160,813.92,73.89,1.0
12244,80,39,2580,160,813.92,74.48,1.0
12245,229,57,2729,458,813.92,100.88,1.0
12246,80,42,2580,160,813.9,73.87,1.0
12247,74,33,2574,148,813.84,72.57,1.0
12248,88,47,2588,176,813.83,74.9,1.0
12249,69,39,2569,138,813.82,74.09,1.0
12250,230,57,2730,460,813.82,99.6,1.0
12251,80,43,2580,160,813.79,74.08,1.0
12252,104,52,2604,208,813.78,79.98,1.0
12253,74,39,2574,148,813.76,72.66,1.0
12254,69,31,2569,138,813.7,73.71,1.0
12255,133,53,2633,266,813.7,84.66,1.0
12256,165,55,2665,330,813.7,87.68,1.0
12257,80,36,2580,160,813.69,74.05,1.0
12258,14,29,2514,28,813.67,69.24,1.0
12259,285,9,2785,570,813.66,139.54,1.0
12260,80,30,2580,160,813.65,73.99,1.0
12261,69,34,2569,138,813.6,73.21,1.0
12262,116,50,2616,232,813.59,82.29,1.0
12263,168,56,2668,336,813.56,91.2,1.0
12264,69,38,2569,138,813.54,73.48,1.0
12265,80,35,2580,160,813.5,73.83,1.0
12266,271,58,2771,542,813.49,109.54,1.0
12267,142,54,2642,284,813.48,86.64,1.0
12268,80,37,2580,160,813.47,73.4,1.0
12269,135,53,2635,270,813.46,85.0,1.0
12270,100,49,2600,200,813.45,78.79,1.0
12271,71,30,2571,142,813.44,73.7,1.0
12272,80,32,2580,160,813.41,73.83,1.0
12273,80,34,2580,160,813.41,73.93,1.0
12274,114,50,2614,228,813.37,80.25,1.0
12275,85,46,2585,170,813.36,77.74,1.0
12276,139,53,2639,278,813.36,83.91,1.0
12277,80,44,2580,160,813.35,73.29,1.0
12278,69,36,2569,138,813.3,73.71,1.0
12279,256,57,2756,512,813.28,106.2,1.0
12280,114,7,2614,228,813.24,108.14,1.0
12281,123,50,2623,246,813.2,78.95,1.0
12282,15,29,2515,30,813.13,67.09,1.0
12283,206,8,2706,412,813.07,127.74,1.0
12284,90,46,2590,180,813.01,76.29,1.0
12285,159,54,2659,318,812.98,90.03,1.0
12286,283,57,2783,566,812.98,109.58,1.0
12287,106,49,2606,212,812.96,79.98,1.0
12288,161,55,2661,322,812.88,88.99,1.0
12289,245,57,2745,490,812.82,102.94,1.0
12290,194,8,2694,388,812.81,123.39,1.0
12291,24,29,2524,48,812.79,71.32,1.0
12292,127,51,2627,254,812.75,82.7,1.0
12293,200,55,2700,400,812.75,94.21,1.0
12294,117,49,2617,234,812.74,82.39,1.0
12295,286,58,2786,572,812.74,107.72,1.0
12296,196,55,2696,392,812.72,95.51,1.0
12297,222,57,2722,444,812.72,96.32,1.0
12298,69,41,2569,138,812.71,74.24,1.0
12299,169,54,2669,338,812.61,90.37,1.0
12300,78,47,2578,156,812.59,75.37,1.0
12301,255,58,2755,510,812.59,104.63,1.0
12302,86,48,2586,172,812.57,77.15,1.0
12303,278,57,2778,556,812.54,106.4,1.0
12304,103,52,2603,206,812.52,80.23,1.0
12305,87,45,2587,174,812.51,76.58,1.0
12306,94,50,2594,188,812.48,78.31,1.0
12307,152,55,2652,304,812.47,88.78,1.0
12308,68,30,2568,136,812.46,72.01,1.0
12309,151,55,2651,302,812.45,86.07,1.0
12310,68,42,2568,136,812.42,72.61,1.0
12311,180,56,2680,360,812.42,92.59,1.0
12312,228,57,2728,456,812.41,99.98,1.0
12313,179,56,2679,358,812.4,94.04,1.0
12314,101,49,2601,202,812.39,76.89,1.0
12315,195,8,2695,390,812.37,122.89,1.0
12316,99,50,2599,198,812.35,79.52,1.0
12317,136,7,2636,272,812.35,110.44,1.0
12318,197,55,2697,394,812.33,97.33,1.0
12319,141,54,2641,282,812.26,86.18,1.0
12320,194,55,2694,388,812.25,91.33,1.0
12321,122,50,2622,244,812.23,81.99,1.0
12322,156,54,2656,312,812.23,88.19,1.0
12323,79,46,2579,158,812.19,76.96,1.0
12324,41,6,2541,82,812.13,87.92,1.0
12325,273,58,2773,546,812.13,107.4,1.0
12326,61,6,2561,122,812.1,93.53,1.0
12327,93,48,2593,186,812.09,76.04,1.0
12328,287,58,2787,574,812.09,111.11,1.0
12329,239,57,2739,478,812.07,101.34,1.0
12330,155,53,2655,310,812.02,86.69,1.0
12331,177,55,2677,354,812.02,91.13,1.0
12332,215,57,2715,430,812.0,99.21,1.0
12333,75,6,2575,150,811.96,98.59,1.0
12334,74,45,2574,148,811.9,73.12,1.0
12335,294,58,2794,588,811.88,109.93,1.0
12336,65,32,2565,130,811.87,73.02,1.0
12337,111,51,2611,222,811.87,79.33,1.0
12338,83,49,2583,166,811.85,76.18,1.0
12339,181,55,2681,362,811.85,91.25,1.0
12340,126,53,2626,252,811.83,82.36,1.0
12341,166,55,2666,332,811.83,89.47,1.0
12342,105,49,2605,210,811.82,80.11,1.0
12343,68,31,2568,136,811.81,72.95,1.0
12344,92,46,2592,184,811.75,74.92,1.0
12345,131,54,2631,262,811.75,84.08,1.0
12346,68,32,2568,136,811.74,73.14,1.0
12347,251,57,2751,502,811.73,102.78,1.0
12348,83,48,2583,166,811.72,75.79,1.0
12349,98,49,2598,196,811.71,79.71,1.0
12350,217,55,2717,434,811.68,97.26,1.0
12351,68,36,2568,136,811.66,72.55,1.0
12352,69,45,2569,138,811.66,74.8,1.0
12353,45,6,2545,90,811.65,88.41,1.0
12354,227,8,2727,454,811.59,133.11,1.0
12355,263,58,2763,526,811.59,106.8,1.0
12356,71,45,2571,142,811.57,73.63,1.0
12357,125,51,2625,250,811.57,81.74,1.0
12358,246,58,2746,492,811.56,101.34,1.0
12359,68,38,2568,136,811.55,72.08,1.0
12360,172,55,2672,344,811.53,92.47,1.0
12361,110,51,2610,220,811.49,80.06,1.0
12362,163,55,2663,326,811.48,89.92,1.0
12363,65,38,2565,130,811.43,74.25,1.0
12364,68,41,2568,136,811.41,72.56,1.0
12365,128,53,2628,256,811.41,81.88,1.0
12366,75,48,2575,150,811.32,76.61,1.0
12367,214,56,2714,428,811.32,96.09,1.0
12368,68,40,2568,136,811.31,72.9,1.0
12369,97,50,2597,194,811.31,76.92,1.0
12370,95,48,2595,190,811.31,76.95,1.0
12371,65,42,2565,130,811.28,73.5,1.0
12372,125,7,2625,250,811.28,109.09,1.0
12373,138,53,2638,276,811.26,88.49,1.0
12374,65,40,2565,130,811.24,73.74,1.0
12375,198,56,2698,396,811.24,95.13,1.0
12376,213,8,2713,426,811.23,130.1,1.0
12377,77,47,2577,154,811.2,76.74,1.0
12378,140,53,2640,280,811.18,85.9,1.0
12379,157,54,2657,314,811.18,88.97,1.0
12380,265,57,2765,530,811.18,101.62,1.0
12381,68,33,2568,136,811.17,72.95,1.0
12382,22,29,2522,44,811.16,70.32,1.0
12383,68,34,2568,136,811.13,73.01,1.0
12384,68,43,2568,136,811.1,72.87,1.0
12385,68,44,2568,136,811.1,73.02,1.0
12386,208,56,2708,416,811.1,99.37,1.0
12387,115,53,2615,230,811.09,81.46,1.0
12388,108,50,2608,216,811.08,78.89,1.0
12389,261,57,2761,522,811.06,101.8,1.0
12390,65,31,2565,130,811.05,73.2,1.0
12391,68,37,2568,136,811.05,72.86,1.0
12392,88,48,2588,176,811.05,75.49,1.0
12393,65,34,2565,130,811.04,73.75,1.0
12394,68,39,2568,136,811.04,72.01,1.0
12395,175,54,2675,350,811.0,91.71,1.0
12396,247,58,2747,494,810.99,101.52,1.0
12397,91,47,2591,182,810.97,77.89,1.0
12398,250,57,2750,500,810.96,104.15,1.0
12399,193,56,2693,386,810.91,94.39,1.0
12400,84,46,2584,168,810.9,74.89,1.0
12401,118,52,2618,236,810.84,82.05,1.0
12402,192,55,2692,384,810.82,95.31,1.0
12403,117,50,2617,234,810.8,82.49,1.0
12404,68,35,2568,136,810.76,72.32,1.0
12405,65,43,2565,130,810.73,73.77,1.0
12406,49,6,2549,98,810.72,90.74,1.0
12407,112,52,2612,224,810.71,81.31,1.0
12408,176,56,2676,352,810.7,91.66,1.0
12409,114,51,2614,228,810.66,80.42,1.0
12410,65,44,2565,130,810.61,73.72,1.0
12411,65,37,2565,130,810.6,73.91,1.0
12412,65,35,2565,130,810.54,73.76,1.0
12413,147,53,2647,294,810.53,86.85,1.0
12414,211,57,2711,422,810.52,98.05,1.0
12415,65,36,2565,130,810.5,73.82,1.0
12416,254,8,2754,508,810.45,141.85,1.0
12417,65,30,2565,130,810.38,73.84,1.0
12418,173,56,2673,346,810.37,92.07,1.0
12419,189,56,2689,378,810.35,93.22,1.0
12420,107,51,2607,214,810.32,81.42,1.0
12421,136,53,2636,272,810.32,85.82,1.0
12422,60,6,2560,120,810.3,92.29,1.0
12423,102,49,2602,204,810.29,78.35,1.0
12424,237,58,2737,474,810.29,103.78,1.0
12425,202,56,2702,404,810.25,95.58,1.0
12426,56,6,2556,112,810.22,89.85,1.0
12427,240,57,2740,480,810.22,104.3,1.0
12428,134,52,2634,268,810.2,82.21,1.0
12429,65,33,2565,130,810.18,73.68,1.0
12430,74,46,2574,148,810.17,73.46,1.0
12431,227,56,2727,454,810.13,100.94,1.0
12432,201,56,2701,402,810.09,96.39,1.0
12433,80,45,2580,160,810.08,74.46,1.0
12434,296,59,2796,592,810.08,110.85,1.0
12435,182,56,2682,364,810.07,96.76,1.0
12436,65,41,2565,130,810.06,73.68,1.0
12437,85,47,2585,170,810.04,77.24,1.0
12438,119,52,2619,238,810.04,82.31,1.0
12439,71,46,2571,142,809.96,73.99,1.0
12440,272,57,2772,544,809.96,104.89,1.0
12441,264,8,2764,528,809.94,137.43,1.0
12442,69,46,2569,138,809.91,74.62,1.0
12443,195,55,2695,390,809.87,94.34,1.0
12444,235,57,2735,470,809.85,100.65,1.0
12445,170,7,2670,340,809.78,122.18,1.0
12446,144,56,2644,288,809.74,88.77,1.0
12447,238,57,2738,476,809.73,97.3,1.0
12448,145,54,2645,290,809.7,89.49,1.0
12449,65,39,2565,130,809.67,73.61,1.0
12450,120,51,2620,240,809.61,83.62,1.0
12451,81,41,2581,162,809.6,74.02,1.0
12452,96,52,2596,192,809.58,78.41,1.0
12453,89,49,2589,178,809.58,76.82,1.0
12454,121,52,2621,242,809.58,82.56,1.0
12455,247,8,2747,494,809.58,133.96,1.0
12456,68,45,2568,136,809.52,73.48,1.0
12457,124,54,2624,248,809.51,85.88,1.0
12458,78,48,2578,156,809.49,76.48,1.0
12459,170,57,2670,340,809.47,93.05,1.0
12460,130,52,2630,260,809.45,82.25,1.0
12461,152,7,2652,304,809.43,118.1,1.0
12462,81,32,2581,162,809.4,73.8,1.0
12463,128,7,2628,256,809.4,111.27,1.0
12464,190,56,2690,380,809.4,93.04,1.0
12465,137,52,2637,274,809.38,86.85,1.0
12466,219,57,2719,438,809.33,99.86,1.0
12467,146,53,2646,292,809.32,85.56,1.0
12468,81,34,2581,162,809.29,73.97,1.0
12469,79,47,2579,158,809.28,77.98,1.0
12470,81,42,2581,162,809.27,72.87,1.0
12471,270,57,2770,540,809.27,104.5,1.0
12472,116,51,2616,232,809.25,83.25,1.0
12473,225,57,2725,450,809.24,97.92,1.0
12474,86,49,2586,172,809.23,78.25,1.0
12475,81,37,2581,162,809.22,72.98,1.0
12476,300,58,2800,600,809.2,113.59,1.0
12477,81,30,2581,162,809.18,74.0,1.0
12478,77,48,2577,154,809.15,76.77,1.0
12479,187,57,2687,374,809.13,95.78,1.0
12480,81,39,2581,162,809.1,73.72,1.0
12481,143,53,2643,286,809.1,87.28,1.0
12482,50,6,2550,100,809.08,90.66,1.0
12483,153,53,2653,306,809.07,89.57,1.0
12484,293,9,2793,586,809.06,142.27,1.0
12485,91,48,2591,182,809.04,77.76,1.0
12486,203,57,2703,406,809.04,95.99,1.0
12487,80,46,2580,160,809.01,75.04,1.0
12488,209,58,2709,418,808.97,97.33,1.0
12489,140,7,2640,280,808.96,113.74,1.0
12490,73,39,2573,146,808.94,74.11,1.0
12491,92,47,2592,184,808.91,74.92,1.0
12492,254,58,2754,508,808.9,106.2,1.0
12493,164,54,2664,328,808.89,90.32,1.0
12494,243,55,2743,486,808.89,99.48,1.0
12495,81,31,2581,162,808.81,73.71,1.0
12496,81,33,2581,162,808.8,73.67,1.0
12497,73,43,2573,146,808.76,74.13,1.0
12498,81,35,2581,162,808.76,73.33,1.0
12499,81,40,2581,162,808.76,73.77,1.0
12500,18,29,2518,36,808.73,68.97,1.0
12501,87,46,2587,174,808.72,77.47,1.0
12502,75,49,2575,150,808.71,76.65,1.0
12503,252,57,2752,504,808.71,103.8,1.0
12504,150,55,2650,300,808.7,86.64,1.0
12505,220,56,2720,440,808.7,99.7,1.0
12506,139,54,2639,278,808.68,84.68,1.0
12507,149,53,2649,298,808.68,84.7,1.0
12508,231,58,2731,462,808.66,100.0,1.0
12509,94,51,2594,188,808.65,79.16,1.0
12510,141,7,2641,282,808.64,114.84,1.0
12511,214,8,2714,428,808.59,126.74,1.0
12512,127,52,2627,254,808.58,84.79,1.0
12513,129,56,2629,258,808.58,88.85,1.0
12514,109,51,2609,218,808.57,80.65,1.0
12515,99,51,2599,198,808.56,80.1,1.0
12516,289,58,2789,578,808.56,107.0,1.0
12517,83,50,2583,166,808.55,76.74,1.0
12518,216,55,2716,432,808.53,97.32,1.0
12519,81,36,2581,162,808.5,73.49,1.0
12520,95,49,2595,190,808.5,78.25,1.0
12521,90,47,2590,180,808.48,77.6,1.0
12522,123,51,2623,246,808.48,79.73,1.0
12523,154,55,2654,308,808.46,89.29,1.0
12524,73,34,2573,146,808.45,74.31,1.0
12525,79,6,2579,158,808.4,98.91,1.0
12526,73,31,2573,146,808.38,73.24,1.0
12527,241,58,2741,482,808.38,102.95,1.0
12528,148,54,2648,296,808.37,87.89,1.0
12529,100,50,2600,200,808.35,79.75,1.0
12530,185,56,2685,370,808.35,93.3,1.0
12531,210,57,2710,420,808.35,97.2,1.0
12532,290,57,2790,580,808.33,108.2,1.0
12533,291,59,2791,582,808.33,110.2,1.0
12534,72,30,2572,144,808.32,72.8,1.0
12535,84,47,2584,168,808.29,75.12,1.0
12536,65,6,2565,130,808.27,94.76,1.0
12537,184,56,2684,368,808.26,92.44,1.0
12538,127,7,2627,254,808.24,112.42,1.0
12539,81,44,2581,162,808.19,73.18,1.0
12540,297,57,2797,594,808.19,113.0,1.0
12541,73,40,2573,146,808.18,73.82,1.0
12542,81,38,2581,162,808.14,73.9,1.0
12543,106,50,2606,212,808.14,80.83,1.0
12544,122,51,2622,244,808.13,82.49,1.0
12545,81,43,2581,162,808.1,73.52,1.0
12546,65,45,2565,130,808.09,74.91,1.0
12547,73,30,2573,146,808.09,74.18,1.0
12548,7,29,2507,14,808.02,68.51,1.0
12549,113,50,2613,226,808.02,83.69,1.0
12550,72,36,2572,144,808.0,73.21,1.0
12551,73,35,2573,146,807.99,74.03,1.0
12552,73,36,2573,146,807.99,73.76,1.0
12553,160,55,2660,320,807.99,88.67,1.0
12554,72,37,2572,144,807.97,72.75,1.0
12555,165,7,2665,330,807.95,119.15,1.0
12556,73,37,2573,146,807.9,73.43,1.0
12557,142,55,2642,284,807.9,88.08,1.0
12558,73,44,2573,146,807.88,74.2,1.0
12559,104,53,2604,208,807.85,81.15,1.0
12560,72,33,2572,144,807.84,72.96,1.0
12561,73,32,2573,146,807.84,74.06,1.0
12562,284,57,2784,568,807.77,108.52,1.0
12563,72,43,2572,144,807.76,73.06,1.0
12564,72,42,2572,144,807.74,72.26,1.0
12565,228,8,2728,456,807.73,131.2,1.0
12566,73,33,2573,146,807.72,73.84,1.0
12567,39,6,2539,78,807.69,88.56,1.0
12568,20,29,2520,40,807.69,68.79,1.0
12569,72,41,2572,144,807.69,72.95,1.0
12570,158,57,2658,316,807.68,94.0,1.0
12571,186,56,2686,372,807.66,93.8,1.0
12572,266,58,2766,532,807.65,108.52,1.0
12573,290,9,2790,580,807.61,143.98,1.0
12574,111,52,2611,222,807.59,81.09,1.0
12575,168,7,2668,336,807.59,118.36,1.0
12576,72,34,2572,144,807.57,72.47,1.0
12577,102,50,2602,204,807.54,78.83,1.0
12578,73,41,2573,146,807.52,73.46,1.0
12579,72,44,2572,144,807.5,73.06,1.0
12580,258,57,2758,516,807.47,104.53,1.0
12581,73,42,2573,146,807.44,73.86,1.0
12582,103,53,2603,206,807.4,80.59,1.0
12583,125,52,2625,250,807.4,82.61,1.0
12584,97,51,2597,194,807.39,77.6,1.0
12585,197,8,2697,394,807.38,128.63,1.0
12586,138,7,2638,276,807.34,115.15,1.0
12587,191,8,2691,382,807.33,124.46,1.0
12588,61,31,2561,122,807.32,72.42,1.0
12589,72,32,2572,144,807.3,72.79,1.0
12590,171,55,2671,342,807.28,91.16,1.0
12591,72,35,2572,144,807.27,72.76,1.0
12592,101,50,2601,202,807.27,78.56,1.0
12593,62,6,2562,124,807.26,95.21,1.0
12594,73,38,2573,146,807.24,73.51,1.0
12595,205,58,2705,410,807.23,97.56,1.0
12596,93,49,2593,186,807.19,77.45,1.0
12597,72,38,2572,144,807.15,73.23,1.0
12598,105,50,2605,210,807.14,80.42,1.0
12599,61,36,2561,122,807.12,72.44,1.0
12600,118,53,2618,236,807.06,83.31,1.0
12601,225,8,2725,450,807.06,130.98,1.0
12602,61,32,2561,122,807.04,72.25,1.0
12603,88,49,2588,176,807.02,75.91,1.0
12604,269,58,2769,538,807.02,106.96,1.0
12605,115,54,2615,230,807.01,82.25,1.0
12606,274,58,2774,548,807.0,109.41,1.0
12607,277,57,2777,554,806.99,107.35,1.0
12608,132,53,2632,264,806.95,85.67,1.0
12609,72,39,2572,144,806.94,72.42,1.0
12610,61,42,2561,122,806.91,72.41,1.0
12611,61,35,2561,122,806.88,71.83,1.0
12612,135,54,2635,270,806.86,85.98,1.0
12613,199,57,2699,398,806.81,98.14,1.0
12614,72,31,2572,144,806.8,72.76,1.0
12615,279,58,2779,558,806.77,109.47,1.0
12616,61,33,2561,122,806.76,72.11,1.0
12617,61,41,2561,122,806.76,72.36,1.0
12618,133,54,2633,266,806.75,85.78,1.0
12619,83,6,2583,166,806.73,97.95,1.0
12620,73,45,2573,146,806.72,74.19,1.0
12621,138,54,2638,276,806.72,90.29,1.0
12622,174,55,2674,348,806.7,92.13,1.0
12623,61,30,2561,122,806.67,72.44,1.0
12624,86,50,2586,172,806.65,78.07,1.0
12625,172,56,2672,344,806.64,94.0,1.0
12626,69,47,2569,138,806.63,75.39,1.0
12627,72,40,2572,144,806.63,72.73,1.0
12628,257,59,2757,514,806.63,105.85,1.0
12629,94,6,2594,188,806.61,102.5,1.0
12630,89,50,2589,178,806.56,77.79,1.0
12631,61,40,2561,122,806.52,72.01,1.0
12632,98,50,2598,196,806.52,80.31,1.0
12633,285,57,2785,570,806.52,106.77,1.0
12634,80,47,2580,160,806.5,75.66,1.0
12635,152,56,2652,304,806.48,90.0,1.0
12636,55,6,2555,110,806.46,92.85,1.0
12637,61,43,2561,122,806.44,72.52,1.0
12638,206,56,2706,412,806.44,98.28,1.0
12639,68,46,2568,136,806.42,73.72,1.0
12640,298,58,2798,596,806.4,114.25,1.0
12641,12,29,2512,24,806.39,68.86,1.0
12642,167,56,2667,334,806.38,92.81,1.0
12643,188,57,2688,376,806.38,93.35,1.0
12644,244,57,2744,488,806.38,101.28,1.0
12645,94,52,2594,188,806.36,80.27,1.0
12646,61,34,2561,122,806.32,72.0,1.0
12647,178,56,2678,356,806.32,94.59,1.0
12648,61,39,2561,122,806.31,72.27,1.0
12649,282,58,2782,564,806.3,107.54,1.0
12650,74,47,2574,148,806.23,73.78,1.0
12651,108,51,2608,216,806.23,79.66,1.0
12652,132,7,2632,264,806.21,113.07,1.0
12653,117,51,2617,234,806.2,82.59,1.0
12654,281,59,2781,562,806.2,111.23,1.0
12655,75,50,2575,150,806.17,77.96,1.0
12656,172,7,2672,344,806.15,121.41,1.0
12657,71,47,2571,142,806.09,74.97,1.0
12658,257,8,2757,514,806.09,137.73,1.0
12659,207,57,2707,414,806.05,96.69,1.0
12660,87,47,2587,174,806.03,77.79,1.0
12661,110,52,2610,220,806.02,80.96,1.0
12662,112,53,2612,224,806.01,81.43,1.0
12663,169,55,2669,338,806.0,91.26,1.0
12664,221,58,2721,442,805.93,102.66,1.0
12665,61,44,2561,122,805.91,72.28,1.0
12666,85,48,2585,170,805.8,78.73,1.0
12667,126,54,2626,252,805.8,84.04,1.0
12668,82,40,2582,164,805.78,74.15,1.0
12669,161,56,2661,322,805.77,90.58,1.0
12670,107,52,2607,214,805.76,82.08,1.0
12671,79,48,2579,158,805.73,77.85,1.0
12672,226,58,2726,452,805.73,100.59,1.0
12673,61,37,2561,122,805.7,71.56,1.0
12674,70,33,2570,140,805.69,73.63,1.0
12675,162,55,2662,324,805.67,89.36,1.0
12676,82,44,2582,164,805.65,74.44,1.0
12677,70,32,2570,140,805.63,73.12,1.0
12678,82,35,2582,164,805.62,74.43,1.0
12679,82,39,2582,164,805.61,73.92,1.0
12680,61,45,2561,122,805.58,72.54,1.0
12681,70,34,2570,140,805.58,73.28,1.0
12682,70,38,2570,140,805.58,73.67,1.0
12683,82,37,2582,164,805.56,73.34,1.0
12684,61,38,2561,122,805.54,72.35,1.0
12685,77,49,2577,154,805.5,77.31,1.0
12686,70,39,2570,140,805.49,73.01,1.0
12687,70,31,2570,140,805.47,73.24,1.0
12688,91,49,2591,182,805.47,78.93,1.0
12689,53,6,2553,106,805.46,92.77,1.0
12690,236,58,2736,472,805.46,101.52,1.0
12691,299,59,2799,598,805.43,109.32,1.0
12692,212,57,2712,424,805.42,97.12,1.0
12693,72,45,2572,144,805.41,73.28,1.0
12694,177,56,2677,354,805.4,93.61,1.0
12695,156,55,2656,312,805.37,89.9,1.0
12696,165,56,2665,330,805.35,89.63,1.0
12697,191,55,2691,382,805.34,95.81,1.0
12698,262,58,2762,524,805.33,106.02,1.0
12699,131,55,2631,262,805.3,85.15,1.0
12700,151,56,2651,302,805.29,87.16,1.0
12701,82,43,2582,164,805.24,74.39,1.0
12702,70,30,2570,140,805.23,73.44,1.0
12703,99,52,2599,198,805.23,80.45,1.0
12704,150,7,2650,300,805.23,115.07,1.0
12705,1,5,2501,2,805.18,74.04,1.0
12706,82,41,2582,164,805.18,74.45,1.0
12707,92,48,2592,184,805.18,75.71,1.0
12708,181,56,2681,362,805.17,92.9,1.0
12709,84,48,2584,168,805.16,75.52,1.0
12710,141,55,2641,282,805.16,88.22,1.0
12711,166,7,2666,332,805.16,117.68,1.0
12712,69,48,2569,138,805.15,75.9,1.0
12713,82,36,2582,164,805.14,74.4,1.0
12714,168,57,2668,336,805.14,92.95,1.0
12715,81,45,2581,162,805.13,74.18,1.0
12716,82,30,2582,164,805.13,74.14,1.0
12717,159,55,2659,318,805.05,90.7,1.0
12718,82,31,2582,164,805.04,74.16,1.0
12719,82,38,2582,164,805.02,74.31,1.0
12720,295,59,2795,590,805.02,111.45,1.0
12721,70,35,2570,140,805.01,73.69,1.0
12722,17,29,2517,34,804.91,69.15,1.0
12723,90,48,2590,180,804.9,77.67,1.0
12724,70,44,2570,140,804.89,73.26,1.0
12725,213,57,2713,426,804.83,98.37,1.0
12726,82,33,2582,164,804.81,74.47,1.0
12727,65,46,2565,130,804.8,74.59,1.0
12728,96,53,2596,192,804.77,80.08,1.0
12729,154,7,2654,308,804.74,115.39,1.0
12730,62,33,2562,124,804.71,74.4,1.0
12731,70,36,2570,140,804.71,72.45,1.0
12732,139,7,2639,278,804.69,112.28,1.0
12733,155,54,2655,310,804.69,88.31,1.0
12734,70,42,2570,140,804.68,73.59,1.0
12735,78,49,2578,156,804.68,77.15,1.0
12736,253,57,2753,506,804.68,107.09,1.0
12737,83,51,2583,166,804.66,77.17,1.0
12738,119,53,2619,238,804.66,83.57,1.0
12739,120,52,2620,240,804.64,84.35,1.0
12740,100,51,2600,200,804.63,80.28,1.0
12741,82,32,2582,164,804.62,74.71,1.0
12742,196,56,2696,392,804.61,96.45,1.0
12743,218,58,2718,436,804.61,99.39,1.0
12744,224,56,2724,448,804.6,101.21,1.0
12745,56,35,2556,112,804.59,71.22,1.0
12746,70,43,2570,140,804.59,73.24,1.0
12747,82,34,2582,164,804.56,73.89,1.0
12748,62,38,2562,124,804.47,74.76,1.0
12749,70,37,2570,140,804.47,72.87,1.0
12750,124,55,2624,248,804.47,86.76,1.0
12751,137,7,2637,274,804.45,114.81,1.0
12752,56,38,2556,112,804.41,71.62,1.0
12753,70,40,2570,140,804.41,73.23,1.0
12754,62,36,2562,124,804.36,74.72,1.0
12755,82,42,2582,164,804.35,74.38,1.0
12756,88,50,2588,176,804.34,76.84,1.0
12757,163,7,2663,326,804.34,117.78,1.0
12758,255,59,2755,510,804.34,106.75,1.0
12759,259,58,2759,518,804.29,106.04,1.0
12760,56,43,2556,112,804.28,72.05,1.0
12761,153,54,2653,306,804.28,88.67,1.0
12762,146,54,2646,292,804.27,86.18,1.0
12763,251,8,2751,502,804.26,137.67,1.0
12764,97,52,2597,194,804.25,78.07,1.0
12765,288,59,2788,576,804.25,105.51,1.0
12766,62,41,2562,124,804.23,74.17,1.0
12767,56,36,2556,112,804.21,72.12,1.0
12768,136,54,2636,272,804.2,88.36,1.0
12769,137,53,2637,274,804.19,89.0,1.0
12770,130,7,2630,260,804.16,108.33,1.0
12771,62,42,2562,124,804.15,75.45,1.0
12772,260,58,2760,520,804.15,106.84,1.0
12773,62,32,2562,124,804.11,74.7,1.0
12774,183,55,2683,366,804.11,91.37,1.0
12775,204,57,2704,408,804.07,97.32,1.0
12776,62,30,2562,124,804.06,75.15,1.0
12777,249,58,2749,498,804.06,101.99,1.0
12778,56,34,2556,112,804.02,72.45,1.0
12779,93,50,2593,186,804.01,78.01,1.0
12780,128,54,2628,256,804.01,83.31,1.0
12781,232,57,2732,464,803.99,101.79,1.0
12782,74,48,2574,148,803.96,74.32,1.0
12783,1,29,2501,2,803.95,68.88,1.0
12784,109,52,2609,218,803.94,81.1,1.0
12785,268,58,2768,536,803.94,106.19,1.0
12786,197,56,2697,394,803.93,98.07,1.0
12787,276,58,2776,552,803.92,111.78,1.0
12788,78,6,2578,156,803.91,100.31,1.0
12789,62,43,2562,124,803.88,74.63,1.0
12790,116,52,2616,232,803.87,84.43,1.0
12791,19,29,2519,38,803.81,70.43,1.0
12792,145,55,2645,290,803.78,90.33,1.0
12793,101,51,2601,202,803.71,79.27,1.0
12794,56,41,2556,112,803.69,71.24,1.0
12795,111,53,2611,222,803.68,81.18,1.0
12796,163,56,2663,326,803.68,91.46,1.0
12797,57,6,2557,114,803.67,90.92,1.0
12798,56,33,2556,112,803.66,71.58,1.0
12799,56,39,2556,112,803.64,71.84,1.0
12800,70,41,2570,140,803.63,73.41,1.0
12801,56,30,2556,112,803.62,71.87,1.0
12802,62,44,2562,124,803.59,75.37,1.0
12803,67,35,2567,134,803.59,73.07,1.0
12804,229,58,2729,458,803.59,102.21,1.0
12805,56,37,2556,112,803.56,71.8,1.0
12806,9,29,2509,18,803.55,69.96,1.0
12807,56,32,2556,112,803.55,71.88,1.0
12808,54,6,2554,108,803.54,92.35,1.0
12809,292,9,2792,584,803.54,143.22,1.0
12810,62,34,2562,124,803.52,74.27,1.0
12811,123,52,2623,246,803.51,81.38,1.0
12812,134,53,2634,268,803.51,83.77,1.0
12813,161,7,2661,322,803.47,118.24,1.0
12814,130,53,2630,260,803.46,82.55,1.0
12815,121,53,2621,242,803.45,82.94,1.0
12816,113,51,2613,226,803.44,84.51,1.0
12817,56,42,2556,112,803.43,71.86,1.0
12818,95,50,2595,190,803.43,77.77,1.0
12819,67,36,2567,134,803.42,73.38,1.0
12820,80,48,2580,160,803.42,75.74,1.0
12821,62,39,2562,124,803.41,74.95,1.0
12822,77,50,2577,154,803.4,78.28,1.0
12823,157,55,2657,314,803.4,90.25,1.0
12824,117,7,2617,234,803.34,111.3,1.0
12825,68,47,2568,136,803.33,74.43,1.0
12826,271,59,2771,542,803.33,110.72,1.0
12827,56,44,2556,112,803.28,71.42,1.0
12828,61,46,2561,122,803.27,73.24,1.0
12829,71,48,2571,142,803.24,74.77,1.0
12830,56,31,2556,112,803.21,71.85,1.0
12831,76,39,2576,152,803.21,73.59,1.0
12832,215,58,2715,430,803.18,100.09,1.0
12833,122,52,2622,244,803.17,82.35,1.0
12834,297,9,2797,594,803.16,149.18,1.0
12835,102,51,2602,204,803.11,79.6,1.0
12836,147,54,2647,294,803.1,88.4,1.0
12837,223,57,2723,446,803.1,99.77,1.0
12838,69,6,2569,138,803.09,98.21,1.0
12839,62,37,2562,124,803.08,74.85,1.0
12840,175,55,2675,350,803.08,93.7,1.0
12841,173,57,2673,346,803.08,93.65,1.0
12842,73,46,2573,146,803.07,74.62,1.0
12843,98,51,2598,196,803.07,81.3,1.0
12844,115,55,2615,230,803.05,82.72,1.0
12845,105,51,2605,210,803.05,81.88,1.0
12846,11,29,2511,22,803.03,70.32,1.0
12847,114,52,2614,228,803.0,82.58,1.0
12848,76,38,2576,152,802.99,73.59,1.0
12849,75,51,2575,150,802.98,77.83,1.0
12850,62,31,2562,124,802.9,74.95,1.0
12851,56,40,2556,112,802.9,72.37,1.0
12852,200,56,2700,400,802.9,96.06,1.0
12853,248,57,2748,496,802.9,102.21,1.0
12854,89,51,2589,178,802.88,77.81,1.0
12855,4,29,2504,8,802.87,69.64,1.0
12856,245,8,2745,490,802.85,132.53,1.0
12857,62,35,2562,124,802.82,74.47,1.0
12858,242,58,2742,484,802.81,100.01,1.0
12859,67,34,2567,134,802.78,74.03,1.0
12860,70,45,2570,140,802.77,72.88,1.0
12861,264,59,2764,528,802.76,106.28,1.0
12862,239,58,2739,478,802.75,101.89,1.0
12863,62,40,2562,124,802.72,74.88,1.0
12864,63,6,2563,126,802.71,96.8,1.0
12865,67,30,2567,134,802.7,73.41,1.0
12866,104,54,2604,208,802.68,82.58,1.0
12867,76,41,2576,152,802.67,73.11,1.0
12868,63,37,2563,126,802.64,75.3,1.0
12869,144,57,2644,288,802.64,91.02,1.0
12870,78,50,2578,156,802.63,77.37,1.0
12871,63,33,2563,126,802.59,75.37,1.0
12872,187,58,2687,374,802.59,96.57,1.0
12873,194,56,2694,388,802.56,94.44,1.0
12874,67,44,2567,134,802.55,73.14,1.0
12875,140,54,2640,280,802.55,88.02,1.0
12876,76,34,2576,152,802.53,73.41,1.0
12877,67,39,2567,134,802.51,72.75,1.0
12878,68,6,2568,136,802.48,93.19,1.0
12879,69,49,2569,138,802.44,76.3,1.0
12880,58,6,2558,116,802.43,93.92,1.0
12881,139,55,2639,278,802.43,85.62,1.0
12882,202,57,2702,404,802.43,97.16,1.0
12883,201,57,2701,402,802.41,97.56,1.0
12884,76,43,2576,152,802.4,73.83,1.0
12885,76,31,2576,152,802.39,73.86,1.0
12886,180,57,2680,360,802.36,95.25,1.0
12887,222,58,2722,444,802.36,97.57,1.0
12888,85,49,2585,170,802.34,79.54,1.0
12889,106,51,2606,212,802.33,81.44,1.0
12890,129,57,2629,258,802.31,89.48,1.0
12891,74,6,2574,148,802.3,97.27,1.0
12892,63,42,2563,126,802.29,74.35,1.0
12893,256,58,2756,512,802.26,107.82,1.0
12894,211,58,2711,422,802.25,99.08,1.0
12895,143,54,2643,286,802.24,87.73,1.0
12896,67,31,2567,134,802.22,72.8,1.0
12897,76,30,2576,152,802.22,73.98,1.0
12898,10,29,2510,20,802.2,67.88,1.0
12899,76,44,2576,152,802.19,73.05,1.0
12900,55,42,2555,110,802.18,71.93,1.0
12901,67,43,2567,134,802.17,73.66,1.0
12902,67,32,2567,134,802.16,72.87,1.0
12903,76,40,2576,152,802.16,73.54,1.0
12904,92,49,2592,184,802.13,76.26,1.0
12905,63,31,2563,126,802.12,74.72,1.0
12906,55,40,2555,110,802.12,73.3,1.0
12907,67,37,2567,134,802.1,73.49,1.0
12908,208,57,2708,416,802.09,100.61,1.0
12909,245,58,2745,490,802.09,105.8,1.0
12910,76,33,2576,152,802.06,73.54,1.0
12911,149,54,2649,298,802.02,86.21,1.0
12912,76,32,2576,152,802.01,73.41,1.0
12913,118,54,2618,236,802.01,83.17,1.0
12914,164,55,2664,328,802.01,90.61,1.0
12915,166,56,2666,332,802.01,90.39,1.0
12916,81,46,2581,162,801.99,74.44,1.0
12917,67,41,2567,134,801.94,73.05,1.0
12918,90,49,2590,180,801.94,78.18,1.0
12919,250,58,2750,500,801.92,104.4,1.0
12920,67,33,2567,134,801.91,73.58,1.0
12921,63,39,2563,126,801.88,74.09,1.0
12922,68,48,2568,136,801.88,74.57,1.0
12923,76,37,2576,152,801.88,73.55,1.0
12924,185,57,2685,370,801.88,94.5,1.0
12925,293,59,2793,586,801.84,108.99,1.0
12926,84,49,2584,168,801.81,76.43,1.0
12927,63,41,2563,126,801.8,74.42,1.0
12928,150,56,2650,300,801.79,88.44,1.0
12929,55,34,2555,110,801.76,72.78,1.0
12930,157,7,2657,314,801.75,118.8,1.0
12931,110,53,2610,220,801.73,81.02,1.0
12932,227,57,2727,454,801.73,102.21,1.0
12933,67,38,2567,134,801.71,73.0,1.0
12934,76,42,2576,152,801.65,73.88,1.0
12935,222,8,2722,444,801.65,127.52,1.0
12936,67,42,2567,134,801.63,73.38,1.0
12937,76,35,2576,152,801.63,73.46,1.0
12938,67,40,2567,134,801.62,73.2,1.0
12939,74,49,2574,148,801.61,75.13,1.0
12940,151,7,2651,302,801.6,116.18,1.0
12941,249,8,2749,498,801.58,136.12,1.0
12942,195,56,2695,390,801.56,95.71,1.0
12943,234,58,2734,468,801.56,103.9,1.0
12944,267,58,2767,534,801.56,106.64,1.0
12945,4,5,2504,8,801.55,76.11,1.0
12946,112,54,2612,224,801.55,82.93,1.0
12947,239,8,2739,478,801.55,131.87,1.0
12948,63,34,2563,126,801.54,74.98,1.0
12949,55,38,2555,110,801.54,72.76,1.0
12950,63,38,2563,126,801.53,74.1,1.0
12951,133,55,2633,266,801.53,85.95,1.0
12952,205,7,2705,410,801.52,124.99,1.0
12953,230,58,2730,460,801.52,101.41,1.0
12954,55,39,2555,110,801.51,72.78,1.0
12955,59,6,2559,118,801.5,91.43,1.0
12956,55,41,2555,110,801.5,72.75,1.0
12957,87,48,2587,174,801.5,78.24,1.0
12958,63,30,2563,126,801.49,74.62,1.0
12959,55,35,2555,110,801.49,73.14,1.0
12960,56,45,2556,112,801.49,72.11,1.0
12961,179,57,2679,358,801.49,95.38,1.0
12962,63,44,2563,126,801.48,75.08,1.0
12963,127,53,2627,254,801.48,85.07,1.0
12964,146,7,2646,292,801.46,115.53,1.0
12965,76,36,2576,152,801.44,73.55,1.0
12966,63,36,2563,126,801.41,74.74,1.0
12967,283,58,2783,566,801.39,112.37,1.0
12968,117,52,2617,234,801.38,84.72,1.0
12969,79,49,2579,158,801.37,77.89,1.0
12970,55,44,2555,110,801.35,72.04,1.0
12971,189,57,2689,378,801.31,94.77,1.0
12972,126,55,2626,252,801.3,84.37,1.0
12973,63,32,2563,126,801.29,74.59,1.0
12974,63,40,2563,126,801.29,75.06,1.0
12975,103,54,2603,206,801.29,81.68,1.0
12976,55,31,2555,110,801.28,72.49,1.0
12977,100,52,2600,200,801.22,80.86,1.0
12978,62,45,2562,124,801.21,74.93,1.0
12979,94,53,2594,188,801.21,81.03,1.0
12980,233,59,2733,466,801.16,100.58,1.0
12981,55,37,2555,110,801.14,73.0,1.0
12982,63,43,2563,126,801.11,75.0,1.0
12983,82,45,2582,164,801.11,74.65,1.0
12984,55,32,2555,110,801.07,72.7,1.0
12985,55,33,2555,110,801.06,72.42,1.0
12986,123,7,2623,246,801.04,106.71,1.0
12987,108,52,2608,216,801.03,81.18,1.0
12988,260,8,2760,520,801.03,134.27,1.0
12989,63,35,2563,126,801.02,74.92,1.0
12990,55,30,2555,110,801.01,72.97,1.0
12991,217,56,2717,434,800.99,98.32,1.0
12992,132,54,2632,264,800.93,86.81,1.0
12993,214,57,2714,428,800.93,96.75,1.0
12994,55,43,2555,110,800.89,73.76,1.0
12995,273,8,2773,546,800.88,143.0,1.0
12996,176,57,2676,352,800.85,92.98,1.0
12997,96,54,2596,192,800.84,80.43,1.0
12998,241,8,2741,482,800.84,136.03,1.0
12999,77,6,2577,154,800.83,99.65,1.0
13000,160,56,2660,320,800.75,89.37,1.0
13001,83,52,2583,166,800.74,77.92,1.0
13002,99,53,2599,198,800.74,81.29,1.0
13003,148,55,2648,296,800.73,89.18,1.0
13004,275,59,2775,550,800.73,110.69,1.0
13005,236,8,2736,472,800.71,133.9,1.0
13006,55,36,2555,110,800.68,73.34,1.0
13007,73,47,2573,146,800.68,75.12,1.0
13008,97,53,2597,194,800.68,79.34,1.0
13009,70,46,2570,140,800.67,73.54,1.0
13010,16,29,2516,32,800.58,71.62,1.0
13011,54,42,2554,108,800.52,72.15,1.0
13012,143,7,2643,286,800.46,116.53,1.0
13013,54,41,2554,108,800.45,72.07,1.0
13014,61,47,2561,122,800.43,73.1,1.0
13015,186,57,2686,372,800.43,94.78,1.0
13016,95,51,2595,190,800.41,79.34,1.0
13017,292,58,2792,584,800.41,113.09,1.0
13018,109,53,2609,218,800.33,81.81,1.0
13019,46,30,2546,92,800.3,72.1,1.0
13020,54,35,2554,108,800.28,72.29,1.0
13021,142,56,2642,284,800.26,87.17,1.0
13022,271,8,2771,542,800.25,142.05,1.0
13023,78,51,2578,156,800.24,78.54,1.0
13024,294,59,2794,588,800.22,111.98,1.0
13025,63,45,2563,126,800.19,74.29,1.0
13026,65,47,2565,130,800.15,76.13,1.0
13027,89,52,2589,178,800.14,78.5,1.0
13028,52,30,2552,104,800.1,72.62,1.0
13029,52,33,2552,104,800.1,73.51,1.0
13030,182,57,2682,364,800.09,97.62,1.0
13031,210,58,2710,420,800.09,99.6,1.0
13032,198,57,2698,396,800.08,97.33,1.0
13033,54,40,2554,108,800.07,71.96,1.0
13034,135,55,2635,270,800.01,87.05,1.0
13035,46,33,2546,92,799.99,71.9,1.0
13036,46,36,2546,92,799.96,71.59,1.0
13037,102,52,2602,204,799.96,79.86,1.0
13038,193,57,2693,386,799.94,97.64,1.0
13039,228,58,2728,456,799.93,102.22,1.0
13040,46,44,2546,92,799.92,72.1,1.0
13041,192,56,2692,384,799.92,96.68,1.0
13042,60,39,2560,120,799.9,71.63,1.0
13043,46,37,2546,92,799.9,72.32,1.0
13044,54,36,2554,108,799.9,71.9,1.0
13045,91,50,2591,182,799.9,79.42,1.0
13046,191,56,2691,382,799.9,95.55,1.0
13047,280,58,2780,560,799.9,108.64,1.0
13048,125,53,2625,250,799.87,83.46,1.0
13049,46,43,2546,92,799.83,72.04,1.0
13050,246,59,2746,492,799.83,103.95,1.0
13051,55,45,2555,110,799.81,72.82,1.0
13052,113,52,2613,226,799.81,85.41,1.0
13053,60,38,2560,120,799.8,72.51,1.0
13054,86,51,2586,172,799.8,78.04,1.0
13055,46,35,2546,92,799.79,71.93,1.0
13056,71,49,2571,142,799.79,75.51,1.0
13057,60,37,2560,120,799.78,71.19,1.0
13058,54,37,2554,108,799.76,71.97,1.0
13059,77,51,2577,154,799.76,78.21,1.0
13060,52,37,2552,104,799.74,73.6,1.0
13061,67,45,2567,134,799.73,73.57,1.0
13062,46,34,2546,92,799.72,72.24,1.0
13063,161,57,2661,322,799.71,91.92,1.0
13064,152,57,2652,304,799.7,92.25,1.0
13065,286,8,2786,572,799.7,143.63,1.0
13066,46,38,2546,92,799.68,71.67,1.0
13067,93,51,2593,186,799.68,78.19,1.0
13068,106,52,2606,212,799.66,82.58,1.0
13069,46,39,2546,92,799.64,71.77,1.0
13070,72,46,2572,144,799.64,73.84,1.0
13071,82,46,2582,164,799.62,75.29,1.0
13072,154,56,2654,308,799.62,90.23,1.0
13073,60,34,2560,120,799.61,71.37,1.0
13074,52,39,2552,104,799.61,73.61,1.0
13075,190,57,2690,380,799.61,93.52,1.0
13076,60,32,2560,120,799.6,71.44,1.0
13077,68,49,2568,136,799.58,74.48,1.0
13078,60,44,2560,120,799.57,71.69,1.0
13079,52,36,2552,104,799.56,73.21,1.0
13080,52,31,2552,104,799.55,73.24,1.0
13081,54,39,2554,108,799.54,72.67,1.0
13082,273,59,2773,546,799.53,108.94,1.0
13083,65,48,2565,130,799.52,76.01,1.0
13084,46,40,2546,92,799.51,72.89,1.0
13085,158,58,2658,316,799.51,96.21,1.0
13086,240,58,2740,480,799.51,105.93,1.0
13087,46,32,2546,92,799.47,71.95,1.0
13088,80,49,2580,160,799.47,76.87,1.0
13089,69,50,2569,138,799.46,77.01,1.0
13090,54,43,2554,108,799.45,72.32,1.0
13091,60,40,2560,120,799.44,71.52,1.0
13092,46,31,2546,92,799.42,72.55,1.0
13093,235,8,2735,470,799.41,136.54,1.0
13094,76,45,2576,152,799.4,73.79,1.0
13095,216,56,2716,432,799.4,98.59,1.0
13096,60,33,2560,120,799.36,71.96,1.0
13097,81,47,2581,162,799.36,75.16,1.0
13098,203,58,2703,406,799.36,97.61,1.0
13099,52,42,2552,104,799.33,72.9,1.0
13100,72,47,2572,144,799.33,74.14,1.0
13101,120,53,2620,240,799.33,85.11,1.0
13102,60,41,2560,120,799.32,72.32,1.0
13103,5,29,2505,10,799.32,70.13,1.0
13104,54,33,2554,108,799.31,72.14,1.0
13105,60,35,2560,120,799.3,71.87,1.0
13106,170,58,2670,340,799.29,95.44,1.0
13107,235,58,2735,470,799.29,102.79,1.0
13108,52,35,2552,104,799.28,73.45,1.0
13109,54,31,2554,108,799.28,72.7,1.0
13110,75,52,2575,150,799.27,79.34,1.0
13111,232,8,2732,464,799.27,134.58,1.0
13112,60,31,2560,120,799.25,70.94,1.0
13113,52,41,2552,104,799.25,73.59,1.0
13114,54,44,2554,108,799.25,72.86,1.0
13115,105,52,2605,210,799.21,82.47,1.0
13116,64,42,2564,128,799.19,75.1,1.0
13117,54,32,2554,108,799.19,71.68,1.0
13118,64,31,2564,128,799.18,74.98,1.0
13119,269,8,2769,538,799.18,140.7,1.0
13120,46,41,2546,92,799.17,72.09,1.0
13121,52,40,2552,104,799.16,73.72,1.0
13122,13,29,2513,26,799.15,68.98,1.0
13123,60,42,2560,120,799.14,71.87,1.0
13124,83,53,2583,166,799.1,78.76,1.0
13125,256,8,2756,512,799.1,140.77,1.0
13126,70,47,2570,140,799.09,74.05,1.0
13127,60,43,2560,120,799.07,71.78,1.0
13128,64,37,2564,128,799.05,74.84,1.0
13129,92,50,2592,184,799.05,77.85,1.0
13130,254,59,2754,508,799.04,106.46,1.0
13131,134,7,2634,268,799.03,113.2,1.0
13132,87,49,2587,174,799.01,78.74,1.0
13133,168,58,2668,336,799.01,93.19,1.0
13134,52,32,2552,104,799.0,73.47,1.0
13135,116,53,2616,232,799.0,84.62,1.0
13136,54,30,2554,108,798.99,71.29,1.0
13137,261,58,2761,522,798.98,104.7,1.0
13138,52,43,2552,104,798.97,73.88,1.0
13139,62,46,2562,124,798.96,75.35,1.0
13140,46,42,2546,92,798.96,71.84,1.0
13141,52,38,2552,104,798.91,73.28,1.0
13142,64,44,2564,128,798.89,75.13,1.0
13143,54,38,2554,108,798.86,71.66,1.0
13144,128,55,2628,256,798.85,85.37,1.0
13145,131,56,2631,262,798.82,86.31,1.0
13146,52,34,2552,104,798.81,73.54,1.0
13147,220,57,2720,440,798.81,101.91,1.0
13148,64,43,2564,128,798.8,75.63,1.0
13149,60,36,2560,120,798.79,71.55,1.0
13150,251,58,2751,502,798.79,104.63,1.0
13151,237,59,2737,474,798.78,105.25,1.0
13152,52,44,2552,104,798.76,73.05,1.0
13153,138,55,2638,276,798.74,92.3,1.0
13154,57,41,2557,114,798.72,72.4,1.0
13155,57,38,2557,114,798.69,72.71,1.0
13156,71,50,2571,142,798.65,75.88,1.0
13157,85,50,2585,170,798.65,79.55,1.0
13158,278,58,2778,556,798.65,109.7,1.0
13159,55,46,2555,110,798.64,73.15,1.0
13160,149,7,2649,298,798.63,113.88,1.0
13161,204,58,2704,408,798.61,98.3,1.0
13162,219,58,2719,438,798.61,99.96,1.0
13163,54,34,2554,108,798.6,72.19,1.0
13164,184,57,2684,368,798.6,94.61,1.0
13165,114,53,2614,228,798.59,82.03,1.0
13166,64,35,2564,128,798.56,74.42,1.0
13167,88,51,2588,176,798.54,78.08,1.0
13168,64,40,2564,128,798.53,74.63,1.0
13169,64,34,2564,128,798.52,74.93,1.0
13170,162,7,2662,324,798.51,118.77,1.0
13171,74,50,2574,148,798.49,75.5,1.0
13172,111,54,2611,222,798.49,83.11,1.0
13173,47,39,2547,94,798.48,73.63,1.0
13174,172,57,2672,344,798.47,95.16,1.0
13175,64,33,2564,128,798.45,74.68,1.0
13176,64,36,2564,128,798.44,74.93,1.0
13177,247,59,2747,494,798.4,102.81,1.0
13178,64,41,2564,128,798.37,74.23,1.0
13179,64,30,2564,128,798.36,74.53,1.0
13180,130,54,2630,260,798.35,84.18,1.0
13181,64,39,2564,128,798.32,75.3,1.0
13182,252,58,2752,504,798.31,104.77,1.0
13183,60,30,2560,120,798.3,72.33,1.0
13184,47,30,2547,94,798.27,74.23,1.0
13185,246,8,2746,492,798.26,133.7,1.0
13186,263,59,2763,526,798.26,108.26,1.0
13187,221,59,2721,442,798.25,103.25,1.0
13188,124,56,2624,248,798.23,87.76,1.0
13189,46,45,2546,92,798.22,72.84,1.0
13190,107,53,2607,214,798.21,82.5,1.0
13191,206,57,2706,412,798.16,98.88,1.0
13192,56,46,2556,112,798.14,73.03,1.0
13193,64,32,2564,128,798.13,74.55,1.0
13194,47,36,2547,94,798.1,73.44,1.0
13195,84,50,2584,168,798.1,76.75,1.0
13196,63,46,2563,126,798.08,75.01,1.0
13197,76,46,2576,152,798.08,74.57,1.0
13198,57,36,2557,114,798.07,72.03,1.0
13199,64,38,2564,128,798.03,74.72,1.0
13200,86,6,2586,172,798.03,100.67,1.0
13201,159,56,2659,318,798.02,91.62,1.0
13202,188,58,2688,376,798.02,94.19,1.0
13203,97,6,2597,194,798.0,103.34,1.0
13204,73,48,2573,146,797.99,75.67,1.0
13205,57,37,2557,114,797.97,72.32,1.0
13206,57,43,2557,114,797.97,72.37,1.0
13207,47,35,2547,94,797.95,73.89,1.0
13208,57,31,2557,114,797.93,72.6,1.0
13209,53,37,2553,106,797.91,73.14,1.0
13210,167,57,2667,334,797.91,94.85,1.0
13211,57,32,2557,114,797.9,72.32,1.0
13212,101,52,2601,202,797.9,79.27,1.0
13213,53,39,2553,106,797.86,73.05,1.0
13214,57,30,2557,114,797.86,72.13,1.0
13215,57,40,2557,114,797.83,72.57,1.0
13216,57,42,2557,114,797.82,72.57,1.0
13217,151,57,2651,302,797.82,89.33,1.0
13218,60,45,2560,120,797.79,72.15,1.0
13219,61,48,2561,122,797.78,73.48,1.0
13220,153,55,2653,306,797.77,90.76,1.0
13221,175,56,2675,350,797.76,95.24,1.0
13222,241,59,2741,482,797.74,103.85,1.0
13223,162,56,2662,324,797.71,90.48,1.0
13224,79,50,2579,158,797.7,79.07,1.0
13225,269,59,2769,538,797.66,108.67,1.0
13226,266,59,2766,532,797.63,110.65,1.0
13227,53,35,2553,106,797.62,73.78,1.0
13228,121,54,2621,242,797.62,84.29,1.0
13229,47,33,2547,94,797.6,73.42,1.0
13230,96,6,2596,192,797.6,102.59,1.0
13231,119,54,2619,238,797.6,84.8,1.0
13232,57,44,2557,114,797.55,72.64,1.0
13233,100,53,2600,200,797.55,81.57,1.0
13234,104,55,2604,208,797.55,83.34,1.0
13235,178,57,2678,356,797.55,96.41,1.0
13236,160,7,2660,320,797.54,116.68,1.0
13237,57,33,2557,114,797.52,72.14,1.0
13238,47,41,2547,94,797.52,74.43,1.0
13239,57,35,2557,114,797.51,72.68,1.0
13240,85,6,2585,170,797.51,102.28,1.0
13241,53,30,2553,106,797.5,73.37,1.0
13242,47,42,2547,94,797.5,73.69,1.0
13243,174,56,2674,348,797.47,94.55,1.0
13244,53,41,2553,106,797.46,72.85,1.0
13245,146,55,2646,292,797.45,87.61,1.0
13246,167,7,2667,334,797.42,120.19,1.0
13247,129,58,2629,258,797.41,91.0,1.0
13248,46,46,2546,92,797.4,72.85,1.0
13249,209,59,2709,418,797.38,99.61,1.0
13250,141,56,2641,282,797.36,88.5,1.0
13251,265,58,2765,530,797.36,104.2,1.0
13252,53,38,2553,106,797.33,73.38,1.0
13253,57,39,2557,114,797.33,72.96,1.0
13254,238,58,2738,476,797.32,100.03,1.0
13255,134,54,2634,268,797.31,84.85,1.0
13256,126,56,2626,252,797.29,84.15,1.0
13257,90,50,2590,180,797.27,78.98,1.0
13258,53,44,2553,106,797.26,73.32,1.0
13259,47,40,2547,94,797.26,74.63,1.0
13260,54,45,2554,108,797.26,72.52,1.0
13261,73,6,2573,146,797.25,97.28,1.0
13262,53,33,2553,106,797.24,73.58,1.0
13263,225,58,2725,450,797.23,101.0,1.0
13264,91,51,2591,182,797.2,79.38,1.0
13265,47,37,2547,94,797.17,73.89,1.0
13266,52,45,2552,104,797.16,73.74,1.0
13267,67,46,2567,134,797.15,73.99,1.0
13268,47,31,2547,94,797.14,74.3,1.0
13269,47,43,2547,94,797.14,74.16,1.0
13270,137,54,2637,274,797.14,88.54,1.0
13271,71,6,2571,142,797.11,99.24,1.0
13272,86,52,2586,172,797.11,79.49,1.0
13273,98,52,2598,196,797.11,82.58,1.0
13274,88,6,2588,176,797.11,97.83,1.0
13275,115,56,2615,230,797.09,84.19,1.0
13276,196,57,2696,392,797.08,98.37,1.0
13277,212,58,2712,424,797.08,98.82,1.0
13278,53,36,2553,106,797.04,73.01,1.0
13279,81,48,2581,162,797.03,75.56,1.0
13280,53,34,2553,106,797.01,72.8,1.0
13281,169,56,2669,338,797.01,91.91,1.0
13282,286,59,2786,572,797.01,110.76,1.0
13283,58,37,2558,116,796.99,72.13,1.0
13284,57,34,2557,114,796.97,72.35,1.0
13285,82,47,2582,164,796.97,75.77,1.0
13286,53,42,2553,106,796.96,73.05,1.0
13287,243,56,2743,486,796.93,101.38,1.0
13288,58,35,2558,116,796.9,72.66,1.0
13289,270,58,2770,540,796.9,107.49,1.0
13290,213,58,2713,426,796.89,99.68,1.0
13291,58,31,2558,116,796.88,73.07,1.0
13292,58,30,2558,116,796.85,73.08,1.0
13293,47,38,2547,94,796.85,74.25,1.0
13294,75,53,2575,150,796.83,79.49,1.0
13295,70,6,2570,140,796.81,95.82,1.0
13296,58,32,2558,116,796.8,72.17,1.0
13297,94,54,2594,188,796.79,80.98,1.0
13298,68,50,2568,136,796.77,75.5,1.0
13299,102,53,2602,204,796.75,80.74,1.0
13300,58,42,2558,116,796.73,72.87,1.0
13301,53,40,2553,106,796.72,72.64,1.0
13302,156,7,2656,312,796.72,120.39,1.0
13303,155,55,2655,310,796.7,89.21,1.0
13304,231,59,2731,462,796.68,101.16,1.0
13305,205,59,2705,410,796.67,98.13,1.0
13306,58,43,2558,116,796.6,72.35,1.0
13307,58,39,2558,116,796.59,73.16,1.0
13308,67,6,2567,134,796.59,95.79,1.0
13309,96,55,2596,192,796.59,81.23,1.0
13310,103,55,2603,206,796.57,82.45,1.0
13311,80,50,2580,160,796.54,76.83,1.0
13312,58,40,2558,116,796.49,72.32,1.0
13313,53,43,2553,106,796.48,73.23,1.0
13314,58,36,2558,116,796.48,72.42,1.0
13315,199,58,2699,398,796.48,98.77,1.0
13316,285,58,2785,570,796.46,107.74,1.0
13317,123,53,2623,246,796.45,81.16,1.0
13318,95,52,2595,190,796.43,79.22,1.0
13319,122,53,2622,244,796.43,83.71,1.0
13320,56,47,2556,112,796.4,72.97,1.0
13321,47,34,2547,94,796.39,74.7,1.0
13322,145,56,2645,290,796.37,91.62,1.0
13323,183,56,2683,366,796.37,95.24,1.0
13324,47,44,2547,94,796.36,74.15,1.0
13325,58,44,2558,116,796.35,73.12,1.0
13326,58,33,2558,116,796.33,72.4,1.0
13327,171,56,2671,342,796.3,93.97,1.0
13328,47,32,2547,94,796.29,74.52,1.0
13329,77,52,2577,154,796.28,79.3,1.0
13330,110,54,2610,220,796.28,82.28,1.0
13331,58,41,2558,116,796.27,72.41,1.0
13332,287,59,2787,574,796.27,111.77,1.0
13333,58,34,2558,116,796.25,72.68,1.0
13334,53,45,2553,106,796.24,73.69,1.0
13335,72,48,2572,144,796.22,75.5,1.0
13336,53,31,2553,106,796.21,73.03,1.0
13337,66,38,2566,132,796.2,75.01,1.0
13338,58,38,2558,116,796.19,72.98,1.0
13339,57,45,2557,114,796.18,72.54,1.0
13340,72,6,2572,144,796.16,97.8,1.0
13341,149,55,2649,298,796.16,87.01,1.0
13342,64,6,2564,128,796.12,95.91,1.0
13343,133,56,2633,266,796.1,86.54,1.0
13344,140,55,2640,280,796.08,90.02,1.0
13345,60,46,2560,120,796.07,72.36,1.0
13346,296,60,2796,592,796.04,112.25,1.0
13347,53,32,2553,106,796.03,72.95,1.0
13348,99,54,2599,198,796.03,81.87,1.0
13349,224,8,2724,448,796.03,134.03,1.0
13350,112,55,2612,224,796.02,83.77,1.0
13351,65,49,2565,130,795.96,76.15,1.0
13352,156,56,2656,312,795.95,91.75,1.0
13353,12,5,2512,24,795.93,77.5,1.0
13354,2,5,2502,4,795.91,74.25,1.0
13355,66,35,2566,132,795.91,75.14,1.0
13356,127,54,2627,254,795.89,85.67,1.0
13357,253,8,2753,506,795.89,140.07,1.0
13358,43,32,2543,86,795.87,73.8,1.0
13359,43,38,2543,86,795.87,72.93,1.0
13360,43,31,2543,86,795.84,73.29,1.0
13361,43,36,2543,86,795.83,73.39,1.0
13362,43,33,2543,86,795.81,73.41,1.0
13363,173,58,2673,346,795.78,94.29,1.0
13364,66,33,2566,132,795.76,74.65,1.0
13365,289,59,2789,578,795.76,107.97,1.0
13366,7,5,2507,14,795.74,75.6,1.0
13367,66,34,2566,132,795.73,75.21,1.0
13368,284,58,2784,568,795.72,109.66,1.0
13369,43,44,2543,86,795.71,73.57,1.0
13370,290,58,2790,580,795.71,109.81,1.0
13371,70,48,2570,140,795.69,75.12,1.0
13372,66,39,2566,132,795.68,74.55,1.0
13373,132,55,2632,264,795.67,88.55,1.0
13374,76,47,2576,152,795.65,75.52,1.0
13375,118,55,2618,236,795.64,83.98,1.0
13376,272,58,2772,544,795.64,106.78,1.0
13377,66,36,2566,132,795.61,74.95,1.0
13378,113,53,2613,226,795.56,85.13,1.0
13379,64,45,2564,128,795.5,75.37,1.0
13380,66,32,2566,132,795.46,74.77,1.0
13381,69,51,2569,138,795.43,76.65,1.0
13382,107,54,2607,214,795.42,83.24,1.0
13383,248,8,2748,496,795.42,135.06,1.0
13384,117,53,2617,234,795.4,85.2,1.0
13385,46,47,2546,92,795.39,73.21,1.0
13386,74,51,2574,148,795.39,76.05,1.0
13387,67,47,2567,134,795.38,74.02,1.0
13388,89,53,2589,178,795.38,80.21,1.0
13389,282,59,2782,564,795.38,109.4,1.0
13390,2,29,2502,4,795.37,69.67,1.0
13391,66,31,2566,132,795.37,74.78,1.0
13392,43,42,2543,86,795.34,73.62,1.0
13393,66,42,2566,132,795.33,74.98,1.0
13394,166,57,2666,332,795.33,92.33,1.0
13395,43,40,2543,86,795.3,72.88,1.0
13396,163,57,2663,326,795.3,93.77,1.0
13397,43,43,2543,86,795.26,73.0,1.0
13398,73,49,2573,146,795.26,75.78,1.0
13399,139,56,2639,278,795.23,86.88,1.0
13400,61,49,2561,122,795.22,74.56,1.0
13401,66,41,2566,132,795.22,74.47,1.0
13402,114,54,2614,228,795.22,83.19,1.0
13403,148,56,2648,296,795.22,89.57,1.0
13404,87,50,2587,174,795.21,80.1,1.0
13405,177,57,2677,354,795.2,93.65,1.0
13406,62,47,2562,124,795.19,75.18,1.0
13407,43,34,2543,86,795.19,73.47,1.0
13408,180,58,2680,360,795.18,96.35,1.0
13409,66,40,2566,132,795.15,75.0,1.0
13410,43,37,2543,86,795.12,73.01,1.0
13411,125,54,2625,250,795.12,84.29,1.0
13412,181,57,2681,362,795.12,94.64,1.0
13413,80,6,2580,160,795.11,100.17,1.0
13414,173,7,2673,346,795.11,121.57,1.0
13415,217,8,2717,434,795.1,129.72,1.0
13416,63,47,2563,126,795.09,76.13,1.0
13417,43,39,2543,86,795.08,72.77,1.0
13418,84,51,2584,168,795.08,77.91,1.0
13419,66,44,2566,132,795.05,75.05,1.0
13420,43,30,2543,86,795.04,73.41,1.0
13421,54,46,2554,108,795.02,72.96,1.0
13422,43,41,2543,86,795.01,73.5,1.0
13423,52,46,2552,104,794.98,74.31,1.0
13424,157,56,2657,314,794.92,91.97,1.0
13425,66,30,2566,132,794.81,74.43,1.0
13426,97,54,2597,194,794.79,79.64,1.0
13427,143,55,2643,286,794.79,89.15,1.0
13428,78,52,2578,156,794.77,79.2,1.0
13429,299,60,2799,598,794.77,110.99,1.0
13430,197,57,2697,394,794.76,100.17,1.0
13431,211,59,2711,422,794.76,100.83,1.0
13432,119,55,2619,238,794.75,85.77,1.0
13433,142,57,2642,284,794.73,90.17,1.0
13434,263,8,2763,526,794.73,141.23,1.0
13435,66,37,2566,132,794.72,74.73,1.0
13436,105,53,2605,210,794.71,82.5,1.0
13437,88,52,2588,176,794.68,77.99,1.0
13438,257,60,2757,514,794.66,106.88,1.0
13439,47,45,2547,94,794.65,74.34,1.0
13440,71,51,2571,142,794.65,76.78,1.0
13441,159,7,2659,318,794.6,120.84,1.0
13442,66,43,2566,132,794.59,74.82,1.0
13443,68,51,2568,136,794.57,75.63,1.0
13444,64,46,2564,128,794.56,75.27,1.0
13445,55,47,2555,110,794.53,73.48,1.0
13446,135,56,2635,270,794.52,88.97,1.0
13447,48,39,2548,96,794.51,73.5,1.0
13448,92,51,2592,184,794.51,78.5,1.0
13449,182,58,2682,364,794.5,99.61,1.0
13450,48,43,2548,96,794.49,73.81,1.0
13451,53,46,2553,106,794.49,73.06,1.0
13452,48,33,2548,96,794.47,73.83,1.0
13453,136,55,2636,272,794.42,88.05,1.0
13454,79,51,2579,158,794.4,78.6,1.0
13455,109,54,2609,218,794.39,83.5,1.0
13456,150,57,2650,300,794.39,89.46,1.0
13457,48,31,2548,96,794.38,73.75,1.0
13458,43,35,2543,86,794.36,72.96,1.0
13459,164,56,2664,328,794.33,91.87,1.0
13460,224,57,2724,448,794.33,101.49,1.0
13461,65,50,2565,130,794.32,76.77,1.0
13462,93,52,2593,186,794.31,79.62,1.0
13463,82,48,2582,164,794.29,76.34,1.0
13464,258,58,2758,516,794.24,106.2,1.0
13465,51,34,2551,102,794.22,74.54,1.0
13466,48,35,2548,96,794.21,73.9,1.0
13467,48,40,2548,96,794.21,73.76,1.0
13468,128,56,2628,256,794.2,85.97,1.0
13469,58,45,2558,116,794.18,72.61,1.0
13470,85,51,2585,170,794.07,80.48,1.0
13471,91,52,2591,182,794.06,81.0,1.0
13472,46,48,2546,92,794.05,72.98,1.0
13473,244,58,2744,488,794.05,103.26,1.0
13474,81,49,2581,162,794.03,76.51,1.0
13475,48,41,2548,96,794.02,73.93,1.0
13476,48,30,2548,96,793.98,73.76,1.0
13477,236,59,2736,472,793.96,103.41,1.0
13478,66,6,2566,132,793.94,95.9,1.0
13479,144,58,2644,288,793.88,92.72,1.0
13480,77,53,2577,154,793.87,80.1,1.0
13481,59,34,2559,118,793.85,73.4,1.0
13482,262,8,2762,524,793.82,138.06,1.0
13483,279,59,2779,558,793.82,110.57,1.0
13484,51,31,2551,102,793.8,74.26,1.0
13485,207,58,2707,414,793.8,99.23,1.0
13486,252,8,2752,504,793.8,139.69,1.0
13487,59,32,2559,118,793.78,73.41,1.0
13488,80,51,2580,160,793.77,77.3,1.0
13489,90,51,2590,180,793.76,79.75,1.0
13490,248,58,2748,496,793.75,103.07,1.0
13491,48,34,2548,96,793.74,73.12,1.0
13492,201,58,2701,402,793.74,98.6,1.0
13493,67,48,2567,134,793.71,74.21,1.0
13494,48,38,2548,96,793.67,74.21,1.0
13495,253,58,2753,506,793.67,108.69,1.0
13496,48,37,2548,96,793.66,73.77,1.0
13497,48,42,2548,96,793.61,74.35,1.0
13498,165,57,2665,330,793.6,92.03,1.0
13499,101,53,2601,202,793.5,80.07,1.0
13500,111,55,2611,222,793.49,82.85,1.0
13501,43,45,2543,86,793.37,72.96,1.0
13502,62,48,2562,124,793.32,76.77,1.0
13503,152,58,2652,304,793.32,92.1,1.0
13504,96,56,2596,192,793.3,81.29,1.0
13505,108,53,2608,216,793.3,81.85,1.0
13506,291,60,2791,582,793.3,111.7,1.0
13507,72,49,2572,144,793.29,74.83,1.0
13508,104,56,2604,208,793.27,84.26,1.0
13509,226,59,2726,452,793.27,104.17,1.0
13510,60,47,2560,120,793.26,73.07,1.0
13511,120,54,2620,240,793.26,87.12,1.0
13512,260,59,2760,520,793.24,107.03,1.0
13513,61,50,2561,122,793.23,75.56,1.0
13514,288,60,2788,576,793.23,106.96,1.0
13515,48,44,2548,96,793.22,74.24,1.0
13516,176,58,2676,352,793.21,95.25,1.0
13517,98,53,2598,196,793.19,82.52,1.0
13518,232,58,2732,464,793.19,103.9,1.0
13519,194,57,2694,388,793.16,95.14,1.0
13520,59,35,2559,118,793.13,73.28,1.0
13521,59,44,2559,118,793.13,73.02,1.0
13522,59,38,2559,118,793.12,72.84,1.0
13523,48,32,2548,96,793.11,73.93,1.0
13524,59,42,2559,118,793.11,73.41,1.0
13525,66,45,2566,132,793.08,75.24,1.0
13526,106,53,2606,212,793.08,83.06,1.0
13527,200,57,2700,400,793.07,96.88,1.0
13528,48,36,2548,96,793.06,73.84,1.0
13529,51,30,2551,102,793.06,74.35,1.0
13530,47,46,2547,94,793.01,74.97,1.0
13531,83,54,2583,166,793.01,80.28,1.0
13532,75,54,2575,150,793.0,79.93,1.0
13533,59,33,2559,118,792.98,73.57,1.0
13534,59,41,2559,118,792.97,73.23,1.0
13535,116,54,2616,232,792.97,86.15,1.0
13536,48,45,2548,96,792.96,74.04,1.0
13537,51,42,2551,102,792.95,74.43,1.0
13538,14,5,2514,28,792.95,78.72,1.0
13539,51,33,2551,102,792.94,73.87,1.0
13540,11,5,2511,22,792.93,79.47,1.0
13541,55,48,2555,110,792.89,74.78,1.0
13542,277,58,2777,554,792.89,108.62,1.0
13543,274,59,2774,548,792.87,111.0,1.0
13544,102,54,2602,204,792.84,81.1,1.0
13545,56,48,2556,112,792.83,73.55,1.0
13546,187,59,2687,374,792.83,97.17,1.0
13547,115,57,2615,230,792.81,84.86,1.0
13548,86,53,2586,172,792.8,79.98,1.0
13549,51,38,2551,102,792.79,74.45,1.0
13550,297,58,2797,594,792.79,115.23,1.0
13551,51,36,2551,102,792.78,74.4,1.0
13552,211,7,2711,422,792.78,128.98,1.0
13553,57,46,2557,114,792.76,73.26,1.0
13554,134,55,2634,268,792.75,86.33,1.0
13555,208,58,2708,416,792.75,101.78,1.0
13556,51,35,2551,102,792.73,73.53,1.0
13557,147,55,2647,294,792.72,89.56,1.0
13558,73,50,2573,146,792.7,76.85,1.0
13559,59,31,2559,118,792.67,73.62,1.0
13560,51,43,2551,102,792.66,74.47,1.0
13561,51,44,2551,102,792.62,74.21,1.0
13562,59,43,2559,118,792.54,73.02,1.0
13563,215,59,2715,430,792.51,101.59,1.0
13564,51,40,2551,102,792.5,74.16,1.0
13565,51,41,2551,102,792.49,73.69,1.0
13566,59,36,2559,118,792.47,72.82,1.0
13567,63,48,2563,126,792.45,76.33,1.0
13568,70,49,2570,140,792.44,75.3,1.0
13569,300,59,2800,600,792.44,115.91,1.0
13570,89,54,2589,178,792.43,80.58,1.0
13571,122,54,2622,244,792.42,84.37,1.0
13572,229,59,2729,458,792.41,104.69,1.0
13573,43,46,2543,86,792.4,73.96,1.0
13574,295,60,2795,590,792.38,112.9,1.0
13575,76,48,2576,152,792.35,75.4,1.0
13576,259,8,2759,518,792.34,135.95,1.0
13577,59,37,2559,118,792.32,73.6,1.0
13578,51,37,2551,102,792.31,74.82,1.0
13579,58,46,2558,116,792.31,73.5,1.0
13580,154,57,2654,308,792.3,90.79,1.0
13581,249,59,2749,498,792.3,103.73,1.0
13582,123,54,2623,246,792.27,83.18,1.0
13583,59,30,2559,118,792.26,72.9,1.0
13584,238,8,2738,476,792.23,132.46,1.0
13585,218,59,2718,436,792.22,100.79,1.0
13586,42,44,2542,84,792.2,75.08,1.0
13587,59,40,2559,118,792.2,73.17,1.0
13588,84,52,2584,168,792.2,78.29,1.0
13589,3,29,2503,6,792.18,69.11,1.0
13590,54,47,2554,108,792.15,73.88,1.0
13591,5,5,2505,10,792.15,76.26,1.0
13592,209,7,2709,418,792.15,128.53,1.0
13593,262,59,2762,524,792.15,108.28,1.0
13594,0,5,2500,0,792.14,72.91,1.0
13595,258,8,2758,516,792.14,140.33,1.0
13596,161,58,2661,322,792.13,93.58,1.0
13597,103,56,2603,206,792.11,83.05,1.0
13598,46,49,2546,92,792.05,73.08,1.0
13599,81,50,2581,162,792.05,76.55,1.0
13600,129,59,2629,258,792.05,91.09,1.0
13601,59,39,2559,118,792.02,72.95,1.0
13602,259,59,2759,518,792.02,107.56,1.0
13603,42,40,2542,84,791.98,73.87,1.0
13604,160,57,2660,320,791.97,91.93,1.0
13605,51,39,2551,102,791.94,74.2,1.0
13606,112,56,2612,224,791.9,84.87,1.0
13607,42,33,2542,84,791.87,74.5,1.0
13608,276,59,2776,552,791.83,111.0,1.0
13609,57,47,2557,114,791.82,73.44,1.0
13610,179,58,2679,358,791.82,97.99,1.0
13611,52,47,2552,104,791.81,73.86,1.0
13612,42,38,2542,84,791.77,74.28,1.0
13613,187,7,2687,374,791.76,126.05,1.0
13614,78,53,2578,156,791.75,78.93,1.0
13615,155,7,2655,310,791.75,116.81,1.0
13616,126,57,2626,252,791.74,86.33,1.0
13617,124,57,2624,248,791.7,89.14,1.0
13618,192,57,2692,384,791.7,97.64,1.0
13619,151,58,2651,302,791.69,90.88,1.0
13620,48,46,2548,96,791.68,74.8,1.0
13621,184,7,2684,368,791.65,122.76,1.0
13622,42,30,2542,84,791.64,74.34,1.0
13623,74,52,2574,148,791.6,76.42,1.0
13624,276,8,2776,552,791.59,142.18,1.0
13625,53,47,2553,106,791.57,73.93,1.0
13626,100,54,2600,200,791.57,82.78,1.0
13627,42,31,2542,84,791.54,73.88,1.0
13628,43,47,2543,86,791.54,74.19,1.0
13629,51,32,2551,102,791.52,74.08,1.0
13630,65,51,2565,130,791.51,76.91,1.0
13631,42,34,2542,84,791.5,74.39,1.0
13632,42,39,2542,84,791.5,74.34,1.0
13633,42,42,2542,84,791.49,73.98,1.0
13634,202,58,2702,404,791.49,98.28,1.0
13635,71,52,2571,142,791.43,77.2,1.0
13636,186,58,2686,372,791.43,96.24,1.0
13637,121,55,2621,242,791.42,84.57,1.0
13638,45,34,2545,90,791.38,72.25,1.0
13639,131,57,2631,262,791.38,87.24,1.0
13640,195,57,2695,390,791.38,96.52,1.0
13641,42,32,2542,84,791.37,74.37,1.0
13642,94,55,2594,188,791.36,82.06,1.0
13643,178,7,2678,356,791.35,123.39,1.0
13644,42,43,2542,84,791.3,74.39,1.0
13645,217,57,2717,434,791.28,100.3,1.0
13646,275,8,2775,550,791.28,142.12,1.0
13647,42,37,2542,84,791.26,74.82,1.0
13648,0,29,2500,0,791.25,68.91,1.0
13649,149,56,2649,298,791.21,88.78,1.0
13650,233,60,2733,466,791.21,101.85,1.0
13651,69,52,2569,138,791.2,77.8,1.0
13652,271,60,2771,542,791.19,112.8,1.0
13653,47,47,2547,94,791.18,74.37,1.0
13654,23,5,2523,46,791.17,81.98,1.0
13655,64,47,2564,128,791.16,76.26,1.0
13656,84,6,2584,168,791.15,99.57,1.0
13657,117,54,2617,234,791.12,86.56,1.0
13658,130,55,2630,260,791.11,84.37,1.0
13659,92,52,2592,184,791.08,78.93,1.0
13660,99,55,2599,198,791.07,83.23,1.0
13661,80,52,2580,160,791.06,77.66,1.0
13662,158,59,2658,316,790.98,97.02,1.0
13663,281,60,2781,562,790.96,113.43,1.0
13664,42,41,2542,84,790.95,74.87,1.0
13665,113,54,2613,226,790.94,85.65,1.0
13666,267,59,2767,534,790.93,109.71,1.0
13667,45,38,2545,90,790.9,72.07,1.0
13668,138,56,2638,276,790.85,92.64,1.0
13669,178,58,2678,356,790.85,96.72,1.0
13670,42,35,2542,84,790.84,73.83,1.0
13671,45,42,2545,90,790.8,72.54,1.0
13672,95,53,2595,190,790.79,80.71,1.0
13673,66,46,2566,132,790.78,76.0,1.0
13674,109,55,2609,218,790.78,84.1,1.0
13675,137,55,2637,274,790.77,89.71,1.0
13676,189,58,2689,378,790.77,96.45,1.0
13677,298,59,2798,596,790.77,114.76,1.0
13678,188,7,2688,376,790.74,123.55,1.0
13679,45,41,2545,90,790.71,72.79,1.0
13680,82,49,2582,164,790.7,76.34,1.0
13681,88,53,2588,176,790.69,78.9,1.0
13682,268,59,2768,536,790.66,106.9,1.0
13683,60,48,2560,120,790.65,73.0,1.0
13684,49,35,2549,98,790.64,72.36,1.0
13685,190,58,2690,380,790.64,95.04,1.0
13686,223,58,2723,446,790.64,101.49,1.0
13687,169,57,2669,338,790.63,92.95,1.0
13688,110,55,2610,220,790.62,83.91,1.0
13689,162,57,2662,324,790.62,92.68,1.0
13690,44,30,2544,88,790.58,73.0,1.0
13691,91,53,2591,182,790.58,80.29,1.0
13692,61,51,2561,122,790.57,75.39,1.0
13693,42,36,2542,84,790.57,74.19,1.0
13694,235,59,2735,470,790.57,104.53,1.0
13695,85,52,2585,170,790.55,80.42,1.0
13696,79,52,2579,158,790.54,79.98,1.0
13697,45,36,2545,90,790.48,72.28,1.0
13698,67,49,2567,134,790.48,76.01,1.0
13699,140,56,2640,280,790.47,90.18,1.0
13700,185,58,2685,370,790.44,96.11,1.0
13701,72,50,2572,144,790.41,75.8,1.0
13702,83,55,2583,166,790.4,80.47,1.0
13703,242,59,2742,484,790.4,102.1,1.0
13704,214,58,2714,428,790.38,98.28,1.0
13705,264,60,2764,528,790.38,107.88,1.0
13706,133,57,2633,266,790.35,88.77,1.0
13707,45,30,2545,90,790.33,72.38,1.0
13708,45,35,2545,90,790.32,72.54,1.0
13709,148,57,2648,296,790.3,90.4,1.0
13710,246,60,2746,492,790.25,105.43,1.0
13711,9,5,2509,18,790.23,77.24,1.0
13712,146,56,2646,292,790.22,88.86,1.0
13713,62,49,2562,124,790.19,77.49,1.0
13714,10,5,2510,20,790.18,75.15,1.0
13715,58,47,2558,116,790.18,74.1,1.0
13716,87,51,2587,174,790.18,81.2,1.0
13717,105,54,2605,210,790.18,83.4,1.0
13718,42,45,2542,84,790.17,74.96,1.0
13719,45,37,2545,90,790.17,72.32,1.0
13720,104,6,2604,208,790.11,106.81,1.0
13721,44,33,2544,88,790.1,73.84,1.0
13722,56,49,2556,112,790.1,73.81,1.0
13723,255,60,2755,510,790.1,107.81,1.0
13724,44,36,2544,88,790.07,74.06,1.0
13725,45,40,2545,90,790.07,71.74,1.0
13726,129,6,2629,258,790.06,112.69,1.0
13727,45,31,2545,90,790.03,71.42,1.0
13728,59,45,2559,118,790.02,73.06,1.0
13729,68,52,2568,136,790.02,76.9,1.0
13730,76,6,2576,152,790.0,95.46,1.0
13731,198,58,2698,396,790.0,98.98,1.0
13732,49,43,2549,98,789.96,71.78,1.0
13733,184,58,2684,368,789.96,95.33,1.0
13734,44,35,2544,88,789.94,73.38,1.0
13735,44,37,2544,88,789.93,74.23,1.0
13736,49,36,2549,98,789.92,72.62,1.0
13737,45,39,2545,90,789.92,72.29,1.0
13738,44,34,2544,88,789.9,73.94,1.0
13739,45,33,2545,90,789.89,72.31,1.0
13740,99,6,2599,198,789.87,103.7,1.0
13741,49,39,2549,98,789.86,72.06,1.0
13742,49,42,2549,98,789.86,71.93,1.0
13743,44,38,2544,88,789.86,73.77,1.0
13744,70,50,2570,140,789.86,76.59,1.0
13745,49,30,2549,98,789.83,72.0,1.0
13746,93,53,2593,186,789.83,81.75,1.0
13747,222,59,2722,444,789.83,99.97,1.0
13748,50,42,2550,100,789.82,74.09,1.0
13749,141,57,2641,282,789.82,90.92,1.0
13750,170,59,2670,340,789.81,97.72,1.0
13751,45,43,2545,90,789.76,72.68,1.0
13752,245,59,2745,490,789.75,106.78,1.0
13753,49,33,2549,98,789.74,72.4,1.0
13754,49,32,2549,98,789.71,72.66,1.0
13755,50,32,2550,100,789.71,73.88,1.0
13756,172,58,2672,344,789.71,97.84,1.0
13757,44,42,2544,88,789.68,73.85,1.0
13758,132,56,2632,264,789.68,89.55,1.0
13759,159,57,2659,318,789.68,93.71,1.0
13760,49,41,2549,98,789.67,72.62,1.0
13761,50,30,2550,100,789.66,73.64,1.0
13762,156,57,2656,312,789.66,93.55,1.0
13763,191,57,2691,382,789.66,98.34,1.0
13764,256,59,2756,512,789.65,109.19,1.0
13765,44,44,2544,88,789.63,73.5,1.0
13766,167,58,2667,334,789.63,95.85,1.0
13767,216,57,2716,432,789.63,100.62,1.0
13768,53,48,2553,106,789.62,74.14,1.0
13769,45,32,2545,90,789.62,72.63,1.0
13770,96,57,2596,192,789.6,82.92,1.0
13771,49,40,2549,98,789.58,72.47,1.0
13772,69,53,2569,138,789.58,78.77,1.0
13773,73,51,2573,146,789.58,77.22,1.0
13774,220,58,2720,440,789.58,102.84,1.0
13775,49,37,2549,98,789.55,72.32,1.0
13776,74,53,2574,148,789.55,77.22,1.0
13777,206,58,2706,412,789.55,101.05,1.0
13778,250,59,2750,500,789.54,107.83,1.0
13779,44,31,2544,88,789.52,74.4,1.0
13780,50,41,2550,100,789.49,73.84,1.0
13781,50,34,2550,100,789.48,72.99,1.0
13782,57,48,2557,114,789.48,73.36,1.0
13783,50,39,2550,100,789.47,74.17,1.0
13784,219,59,2719,438,789.47,103.66,1.0
13785,50,31,2550,100,789.46,73.46,1.0
13786,49,38,2549,98,789.45,72.48,1.0
13787,181,7,2681,362,789.45,123.87,1.0
13788,199,7,2699,398,789.44,128.09,1.0
13789,228,59,2728,456,789.41,103.25,1.0
13790,48,47,2548,96,789.38,75.41,1.0
13791,182,7,2682,364,789.38,125.98,1.0
13792,213,59,2713,426,789.38,102.08,1.0
13793,250,8,2750,500,789.38,139.69,1.0
13794,45,44,2545,90,789.37,71.83,1.0
13795,47,48,2547,94,789.37,75.0,1.0
13796,293,60,2793,586,789.37,111.06,1.0
13797,44,43,2544,88,789.36,73.42,1.0
13798,59,46,2559,118,789.36,74.92,1.0
13799,50,38,2550,100,789.35,73.52,1.0
13800,204,59,2704,408,789.34,100.76,1.0
13801,188,59,2688,376,789.33,97.13,1.0
13802,116,55,2616,232,789.32,85.8,1.0
13803,50,33,2550,100,789.3,73.82,1.0
13804,46,50,2546,92,789.3,73.47,1.0
13805,171,57,2671,342,789.3,94.6,1.0
13806,44,32,2544,88,789.29,74.28,1.0
13807,107,55,2607,214,789.27,85.06,1.0
13808,153,56,2653,306,789.26,91.95,1.0
13809,49,44,2549,98,789.24,72.13,1.0
13810,136,56,2636,272,789.24,89.41,1.0
13811,114,55,2614,228,789.22,85.0,1.0
13812,50,40,2550,100,789.21,74.3,1.0
13813,75,55,2575,150,789.18,81.09,1.0
13814,90,52,2590,180,789.18,80.13,1.0
13815,230,59,2730,460,789.17,104.16,1.0
13816,145,57,2645,290,789.16,92.77,1.0
13817,127,55,2627,254,789.12,87.27,1.0
13818,247,60,2747,494,789.11,105.68,1.0
13819,44,40,2544,88,789.1,73.42,1.0
13820,50,36,2550,100,789.09,73.42,1.0
13821,50,35,2550,100,789.08,73.87,1.0
13822,44,45,2544,88,789.04,73.55,1.0
13823,108,54,2608,216,789.04,83.45,1.0
13824,54,48,2554,108,788.99,74.24,1.0
13825,76,49,2576,152,788.98,76.04,1.0
13826,274,8,2774,548,788.98,138.73,1.0
13827,97,55,2597,194,788.97,81.14,1.0
13828,44,41,2544,88,788.96,73.74,1.0
13829,55,49,2555,110,788.94,75.13,1.0
13830,181,58,2681,362,788.94,95.44,1.0
13831,273,60,2773,546,788.88,110.64,1.0
13832,50,37,2550,100,788.84,74.0,1.0
13833,44,39,2544,88,788.84,74.37,1.0
13834,118,56,2618,236,788.84,85.14,1.0
13835,48,48,2548,96,788.83,75.02,1.0
13836,18,5,2518,36,788.83,78.86,1.0
13837,227,58,2727,454,788.82,104.13,1.0
13838,45,45,2545,90,788.78,72.46,1.0
13839,64,48,2564,128,788.77,76.82,1.0
13840,8,29,2508,16,788.77,69.96,1.0
13841,49,34,2549,98,788.72,71.79,1.0
13842,50,44,2550,100,788.71,73.54,1.0
13843,77,54,2577,154,788.71,80.15,1.0
13844,203,59,2703,406,788.69,99.23,1.0
13845,89,55,2589,178,788.68,80.91,1.0
13846,119,56,2619,238,788.66,86.42,1.0
13847,49,31,2549,98,788.65,72.41,1.0
13848,155,56,2655,310,788.64,90.66,1.0
13849,62,50,2562,124,788.59,77.63,1.0
13850,125,55,2625,250,788.58,85.77,1.0
13851,225,59,2725,450,788.53,99.74,1.0
13852,78,54,2578,156,788.52,80.57,1.0
13853,177,7,2677,354,788.52,121.45,1.0
13854,6,29,2506,12,788.51,68.24,1.0
13855,135,57,2635,270,788.5,90.21,1.0
13856,52,48,2552,104,788.48,74.73,1.0
13857,26,5,2526,52,788.47,80.92,1.0
13858,234,59,2734,468,788.46,105.42,1.0
13859,92,53,2592,184,788.38,79.15,1.0
13860,106,54,2606,212,788.38,83.79,1.0
13861,238,59,2738,476,788.37,100.84,1.0
13862,51,45,2551,102,788.36,75.27,1.0
13863,98,54,2598,196,788.35,83.77,1.0
13864,142,58,2642,284,788.34,91.09,1.0
13865,280,59,2780,560,788.34,109.92,1.0
13866,86,54,2586,172,788.31,81.01,1.0
13867,65,52,2565,130,788.28,78.03,1.0
13868,82,50,2582,164,788.28,77.44,1.0
13869,43,48,2543,86,788.25,74.07,1.0
13870,239,59,2739,478,788.24,104.08,1.0
13871,193,58,2693,386,788.21,98.78,1.0
13872,42,46,2542,84,788.18,74.89,1.0
13873,91,6,2591,182,788.08,103.64,1.0
13874,68,53,2568,136,788.07,76.55,1.0
13875,95,54,2595,190,787.98,80.17,1.0
13876,56,50,2556,112,787.96,74.23,1.0
13877,81,51,2581,162,787.94,77.32,1.0
13878,261,8,2761,522,787.94,137.41,1.0
13879,102,55,2602,204,787.93,81.96,1.0
13880,42,47,2542,84,787.89,75.12,1.0
13881,174,57,2674,348,787.89,95.11,1.0
13882,49,45,2549,98,787.88,73.04,1.0
13883,66,47,2566,132,787.85,75.93,1.0
13884,101,54,2601,202,787.85,81.44,1.0
13885,177,58,2677,354,787.85,94.69,1.0
13886,209,60,2709,418,787.82,101.07,1.0
13887,115,58,2615,230,787.81,86.59,1.0
13888,111,56,2611,222,787.79,84.31,1.0
13889,71,53,2571,142,787.76,77.84,1.0
13890,210,59,2710,420,787.75,100.54,1.0
13891,50,43,2550,100,787.74,74.05,1.0
13892,79,53,2579,158,787.73,80.53,1.0
13893,100,6,2600,200,787.72,104.77,1.0
13894,139,57,2639,278,787.71,88.49,1.0
13895,88,54,2588,176,787.7,79.4,1.0
13896,179,7,2679,358,787.69,123.53,1.0
13897,275,60,2775,550,787.69,113.01,1.0
13898,150,58,2650,300,787.67,90.66,1.0
13899,283,59,2783,566,787.65,114.02,1.0
13900,57,49,2557,114,787.64,74.31,1.0
13901,94,56,2594,188,787.64,83.97,1.0
13902,52,49,2552,104,787.63,75.07,1.0
13903,80,53,2580,160,787.59,79.34,1.0
13904,199,59,2699,398,787.58,101.66,1.0
13905,212,59,2712,424,787.58,100.26,1.0
13906,3,5,2503,6,787.56,75.09,1.0
13907,298,8,2798,596,787.52,146.35,1.0
13908,61,52,2561,122,787.51,75.81,1.0
13909,42,48,2542,84,787.51,75.84,1.0
13910,63,49,2563,126,787.5,77.48,1.0
13911,46,51,2546,92,787.5,74.51,1.0
13912,189,7,2689,378,787.49,125.51,1.0
13913,261,59,2761,522,787.49,105.96,1.0
13914,67,50,2567,134,787.46,75.69,1.0
13915,113,55,2613,226,787.46,87.43,1.0
13916,144,59,2644,288,787.42,94.39,1.0
13917,73,52,2573,146,787.38,78.02,1.0
13918,87,52,2587,174,787.36,80.83,1.0
13919,93,54,2593,186,787.35,81.28,1.0
13920,174,7,2674,348,787.34,121.98,1.0
13921,266,60,2766,532,787.34,109.73,1.0
13922,53,49,2553,106,787.32,74.35,1.0
13923,176,7,2676,352,787.32,121.68,1.0
13924,107,6,2607,214,787.31,107.0,1.0
13925,70,51,2570,140,787.3,76.94,1.0
13926,175,57,2675,350,787.28,96.77,1.0
13927,221,60,2721,442,787.26,104.57,1.0
13928,55,50,2555,110,787.25,75.12,1.0
13929,197,58,2697,394,787.21,100.88,1.0
13930,237,60,2737,474,787.2,106.76,1.0
13931,84,53,2584,168,787.17,78.7,1.0
13932,50,45,2550,100,787.14,74.51,1.0
13933,87,6,2587,174,787.12,102.06,1.0
13934,143,56,2643,286,787.12,91.08,1.0
13935,175,7,2675,350,787.07,122.25,1.0
13936,47,49,2547,94,787.06,76.1,1.0
13937,279,8,2779,558,787.06,140.69,1.0
13938,60,49,2560,120,787.03,74.72,1.0
13939,122,55,2622,244,787.02,85.4,1.0
13940,147,56,2647,294,787.02,90.0,1.0
13941,15,5,2515,30,786.98,77.89,1.0
13942,291,8,2791,582,786.98,145.57,1.0
13943,180,7,2680,360,786.96,125.17,1.0
13944,281,8,2781,562,786.94,141.9,1.0
13945,134,56,2634,268,786.86,87.12,1.0
13946,46,52,2546,92,786.85,74.62,1.0
13947,81,6,2581,162,786.83,99.33,1.0
13948,44,46,2544,88,786.8,74.7,1.0
13949,282,8,2782,564,786.8,142.16,1.0
13950,49,46,2549,98,786.78,72.82,1.0
13951,104,57,2604,208,786.76,86.3,1.0
13952,121,56,2621,242,786.76,86.43,1.0
13953,99,56,2599,198,786.74,83.94,1.0
13954,153,7,2653,306,786.74,122.48,1.0
13955,168,59,2668,336,786.73,95.27,1.0
13956,205,60,2705,410,786.73,100.71,1.0
13957,164,7,2664,328,786.7,118.57,1.0
13958,219,7,2719,438,786.7,129.7,1.0
13959,196,58,2696,392,786.66,101.24,1.0
13960,83,56,2583,166,786.65,81.22,1.0
13961,100,55,2600,200,786.61,83.84,1.0
13962,43,49,2543,86,786.6,74.33,1.0
13963,123,55,2623,246,786.6,84.4,1.0
13964,240,59,2740,480,786.58,108.42,1.0
13965,165,58,2665,330,786.57,93.23,1.0
13966,85,53,2585,170,786.56,81.49,1.0
13967,64,49,2564,128,786.54,76.8,1.0
13968,58,48,2558,116,786.52,74.24,1.0
13969,286,60,2786,572,786.5,110.8,1.0
13970,45,46,2545,90,786.49,73.37,1.0
13971,252,59,2752,504,786.47,106.82,1.0
13972,75,56,2575,150,786.43,82.02,1.0
13973,163,58,2663,326,786.43,94.82,1.0
13974,182,59,2682,364,786.41,100.2,1.0
13975,183,57,2683,366,786.41,94.82,1.0
13976,90,53,2590,180,786.38,81.25,1.0
13977,103,57,2603,206,786.36,84.75,1.0
13978,244,8,2744,488,786.35,133.83,1.0
13979,242,8,2742,484,786.33,131.38,1.0
13980,51,46,2551,102,786.31,75.8,1.0
13981,59,47,2559,118,786.31,74.44,1.0
13982,105,55,2605,210,786.31,83.66,1.0
13983,159,58,2659,318,786.27,94.18,1.0
13984,56,51,2556,112,786.26,75.43,1.0
13985,68,54,2568,136,786.26,77.64,1.0
13986,124,6,2624,248,786.26,111.08,1.0
13987,164,57,2664,328,786.24,93.29,1.0
13988,157,57,2657,314,786.22,93.12,1.0
13989,130,56,2630,260,786.2,86.18,1.0
13990,263,60,2763,526,786.19,110.37,1.0
13991,57,50,2557,114,786.15,74.01,1.0
13992,218,7,2718,436,786.15,128.5,1.0
13993,166,58,2666,332,786.1,94.03,1.0
13994,21,5,2521,42,786.07,81.11,1.0
13995,221,7,2721,442,786.05,134.08,1.0
13996,97,56,2597,194,786.01,81.99,1.0
13997,54,49,2554,108,785.95,74.44,1.0
13998,52,50,2552,104,785.94,75.54,1.0
13999,160,58,2660,320,785.93,92.83,1.0
14000,190,7,2690,380,785.88,120.93,1.0
14001,173,59,2673,346,785.88,96.42,1.0
14002,86,55,2586,172,785.85,82.32,1.0
14003,186,7,2686,372,785.82,123.69,1.0
14004,48,49,2548,96,785.79,75.21,1.0
14005,72,51,2572,144,785.78,76.64,1.0
14006,243,57,2743,486,785.74,102.26,1.0
14007,131,58,2631,262,785.72,89.06,1.0
14008,60,50,2560,120,785.7,74.53,1.0
14009,62,51,2562,124,785.69,78.7,1.0
14010,124,58,2624,248,785.68,90.33,1.0
14011,58,49,2558,116,785.62,74.31,1.0
14012,192,7,2692,384,785.62,127.05,1.0
14013,211,60,2711,422,785.61,101.76,1.0
14014,63,50,2563,126,785.59,77.53,1.0
14015,82,51,2582,164,785.57,78.0,1.0
14016,277,8,2777,554,785.56,143.04,1.0
14017,187,60,2687,374,785.53,99.08,1.0
14018,41,33,2541,82,785.52,73.17,1.0
14019,41,42,2541,82,785.52,72.3,1.0
14020,69,54,2569,138,785.52,78.85,1.0
14021,41,30,2541,82,785.48,73.13,1.0
14022,129,60,2629,258,785.47,93.03,1.0
14023,49,47,2549,98,785.41,73.03,1.0
14024,120,55,2620,240,785.41,86.67,1.0
14025,78,55,2578,156,785.39,81.53,1.0
14026,241,60,2741,482,785.36,105.54,1.0
14027,48,50,2548,96,785.34,75.72,1.0
14028,180,59,2680,360,785.32,97.6,1.0
14029,55,51,2555,110,785.27,75.76,1.0
14030,117,55,2617,234,785.27,86.62,1.0
14031,41,44,2541,82,785.25,72.96,1.0
14032,266,8,2766,532,785.25,144.22,1.0
14033,89,56,2589,178,785.24,82.3,1.0
14034,137,56,2637,274,785.24,91.35,1.0
14035,42,49,2542,84,785.23,75.68,1.0
14036,138,57,2638,276,785.14,94.82,1.0
14037,158,60,2658,316,785.14,96.76,1.0
14038,41,32,2541,82,785.11,73.45,1.0
14039,41,36,2541,82,785.08,73.31,1.0
14040,147,7,2647,294,785.06,115.67,1.0
14041,71,54,2571,142,785.05,78.86,1.0
14042,92,6,2592,184,785.05,101.16,1.0
14043,229,7,2729,458,785.04,133.42,1.0
14044,87,53,2587,174,785.01,82.17,1.0
14045,185,7,2685,370,785.01,124.05,1.0
14046,64,50,2564,128,784.94,77.34,1.0
14047,65,53,2565,130,784.94,78.29,1.0
14048,194,58,2694,388,784.93,97.14,1.0
14049,254,60,2754,508,784.93,108.67,1.0
14050,41,31,2541,82,784.87,73.28,1.0
14051,38,41,2538,76,784.83,74.73,1.0
14052,50,46,2550,100,784.8,74.79,1.0
14053,198,7,2698,396,784.79,127.45,1.0
14054,287,60,2787,574,784.78,113.89,1.0
14055,41,39,2541,82,784.76,73.06,1.0
14056,116,56,2616,232,784.73,87.87,1.0
14057,59,48,2559,118,784.72,74.05,1.0
14058,88,55,2588,176,784.72,80.71,1.0
14059,41,40,2541,82,784.71,72.6,1.0
14060,80,54,2580,160,784.71,79.39,1.0
14061,41,41,2541,82,784.7,72.61,1.0
14062,269,60,2769,538,784.7,111.56,1.0
14063,112,6,2612,224,784.67,106.75,1.0
14064,265,59,2765,530,784.65,107.02,1.0
14065,38,32,2538,76,784.64,73.54,1.0
14066,31,5,2531,62,784.62,83.66,1.0
14067,73,53,2573,146,784.61,78.03,1.0
14068,76,50,2576,152,784.6,77.04,1.0
14069,53,50,2553,106,784.58,75.59,1.0
14070,41,37,2541,82,784.57,72.89,1.0
14071,113,6,2613,226,784.57,109.08,1.0
14072,106,55,2606,212,784.55,83.94,1.0
14073,128,57,2628,256,784.54,87.37,1.0
14074,54,50,2554,108,784.53,74.58,1.0
14075,79,54,2579,158,784.51,80.66,1.0
14076,81,52,2581,162,784.51,77.61,1.0
14077,52,51,2552,104,784.5,76.39,1.0
14078,161,59,2661,322,784.49,95.23,1.0
14079,74,54,2574,148,784.48,77.95,1.0
14080,114,56,2614,228,784.48,84.57,1.0
14081,126,58,2626,252,784.47,87.25,1.0
14082,251,59,2751,502,784.47,106.97,1.0
14083,46,53,2546,92,784.42,75.22,1.0
14084,149,57,2649,298,784.4,90.29,1.0
14085,207,59,2707,414,784.4,101.36,1.0
14086,77,55,2577,154,784.39,81.76,1.0
14087,119,57,2619,238,784.39,87.48,1.0
14088,61,53,2561,122,784.37,76.31,1.0
14089,112,57,2612,224,784.37,85.45,1.0
14090,294,60,2794,588,784.37,113.86,1.0
14091,41,35,2541,82,784.35,73.33,1.0
14092,38,34,2538,76,784.31,74.45,1.0
14093,115,6,2615,230,784.31,109.68,1.0
14094,200,58,2700,400,784.25,99.52,1.0
14095,41,45,2541,82,784.22,72.83,1.0
14096,278,59,2778,556,784.22,111.14,1.0
14097,288,8,2788,576,784.22,142.86,1.0
14098,38,42,2538,76,784.21,74.05,1.0
14099,44,47,2544,88,784.21,73.96,1.0
14100,41,34,2541,82,784.18,72.5,1.0
14101,89,6,2589,178,784.17,105.08,1.0
14102,41,38,2541,82,784.16,72.59,1.0
14103,118,57,2618,236,784.16,86.63,1.0
14104,108,55,2608,216,784.13,83.78,1.0
14105,224,58,2724,448,784.13,104.59,1.0
14106,38,37,2538,76,784.12,73.85,1.0
14107,38,44,2538,76,784.1,74.45,1.0
14108,47,50,2547,94,784.1,76.28,1.0
14109,67,51,2567,134,784.07,76.65,1.0
14110,38,30,2538,76,784.05,73.26,1.0
14111,25,5,2525,50,784.04,81.14,1.0
14112,51,47,2551,102,784.03,75.1,1.0
14113,38,40,2538,76,784.01,73.99,1.0
14114,38,36,2538,76,783.99,73.79,1.0
14115,66,48,2566,132,783.96,76.71,1.0
14116,148,58,2648,296,783.96,91.81,1.0
14117,292,59,2792,584,783.96,114.95,1.0
14118,63,51,2563,126,783.95,77.49,1.0
14119,38,43,2538,76,783.94,73.76,1.0
14120,289,8,2789,578,783.91,141.32,1.0
14121,102,6,2602,204,783.89,103.47,1.0
14122,172,59,2672,344,783.89,98.41,1.0
14123,38,33,2538,76,783.88,74.53,1.0
14124,96,58,2596,192,783.87,83.35,1.0
14125,103,6,2603,206,783.83,106.86,1.0
14126,140,57,2640,280,783.82,91.66,1.0
14127,38,38,2538,76,783.8,73.09,1.0
14128,13,5,2513,26,783.78,78.33,1.0
14129,152,59,2652,304,783.76,94.46,1.0
14130,42,50,2542,84,783.7,76.16,1.0
14131,41,43,2541,82,783.67,72.81,1.0
14132,169,7,2669,338,783.66,121.51,1.0
14133,110,56,2610,220,783.65,86.16,1.0
14134,83,57,2583,166,783.63,81.74,1.0
14135,48,51,2548,96,783.62,76.1,1.0
14136,40,33,2540,80,783.62,73.55,1.0
14137,125,56,2625,250,783.62,86.46,1.0
14138,253,59,2753,506,783.61,110.02,1.0
14139,218,60,2718,436,783.6,102.86,1.0
14140,146,57,2646,292,783.59,89.45,1.0
14141,37,42,2537,74,783.58,71.81,1.0
14142,38,39,2538,76,783.58,74.31,1.0
14143,37,40,2537,74,783.55,71.51,1.0
14144,91,54,2591,182,783.55,81.86,1.0
14145,37,32,2537,74,783.53,72.0,1.0
14146,232,59,2732,464,783.48,106.66,1.0
14147,107,56,2607,214,783.46,85.34,1.0
14148,201,59,2701,402,783.46,100.96,1.0
14149,37,33,2537,74,783.44,72.07,1.0
14150,98,55,2598,196,783.43,84.15,1.0
14151,95,55,2595,190,783.43,82.69,1.0
14152,285,59,2785,570,783.43,108.32,1.0
14153,38,35,2538,76,783.42,73.49,1.0
14154,37,34,2537,74,783.41,71.63,1.0
14155,45,47,2545,90,783.41,73.45,1.0
14156,37,30,2537,74,783.4,72.29,1.0
14157,38,31,2538,76,783.39,74.65,1.0
14158,71,55,2571,142,783.39,78.7,1.0
14159,109,56,2609,218,783.39,85.35,1.0
14160,270,59,2770,540,783.37,110.18,1.0
14161,40,39,2540,80,783.36,73.12,1.0
14162,95,6,2595,190,783.31,103.75,1.0
14163,106,6,2606,212,783.3,105.71,1.0
14164,101,55,2601,202,783.28,82.24,1.0
14165,136,57,2636,272,783.27,90.78,1.0
14166,284,59,2784,568,783.25,110.87,1.0
14167,37,43,2537,74,783.24,72.13,1.0
14168,70,52,2570,140,783.24,77.27,1.0
14169,44,48,2544,88,783.22,75.45,1.0
14170,179,59,2679,358,783.22,98.34,1.0
14171,216,8,2716,432,783.21,131.67,1.0
14172,178,59,2678,356,783.2,99.61,1.0
14173,272,59,2772,544,783.19,108.07,1.0
14174,230,7,2730,460,783.18,129.55,1.0
14175,24,5,2524,48,783.14,82.82,1.0
14176,82,6,2582,164,783.13,101.0,1.0
14177,195,58,2695,390,783.12,98.12,1.0
14178,40,31,2540,80,783.11,73.12,1.0
14179,133,58,2633,266,783.11,89.01,1.0
14180,37,41,2537,74,783.09,71.78,1.0
14181,75,57,2575,150,783.09,82.05,1.0
14182,156,58,2656,312,783.09,94.79,1.0
14183,60,51,2560,120,783.08,74.83,1.0
14184,127,56,2627,254,783.07,88.04,1.0
14185,37,36,2537,74,783.06,71.12,1.0
14186,74,55,2574,148,783.04,78.89,1.0
14187,69,55,2569,138,783.03,78.73,1.0
14188,58,50,2558,116,783.02,74.9,1.0
14189,37,44,2537,74,783.0,71.47,1.0
14190,94,57,2594,188,783.0,84.04,1.0
14191,176,59,2676,352,782.96,97.7,1.0
14192,274,60,2774,548,782.96,111.9,1.0
14193,40,34,2540,80,782.95,72.93,1.0
14194,56,52,2556,112,782.93,75.92,1.0
14195,34,36,2534,68,782.91,72.24,1.0
14196,43,50,2543,86,782.88,74.9,1.0
14197,236,60,2736,472,782.88,105.81,1.0
14198,72,52,2572,144,782.86,76.61,1.0
14199,105,6,2605,210,782.86,107.23,1.0
14200,78,56,2578,156,782.82,82.35,1.0
14201,34,30,2534,68,782.8,71.74,1.0
14202,192,58,2692,384,782.79,99.22,1.0
14203,141,58,2641,282,782.76,91.87,1.0
14204,151,59,2651,302,782.76,93.04,1.0
14205,37,39,2537,74,782.74,72.29,1.0
14206,40,35,2540,80,782.74,73.64,1.0
14207,99,57,2599,198,782.74,84.86,1.0
14208,145,58,2645,290,782.72,94.78,1.0
14209,223,59,2723,446,782.71,102.27,1.0
14210,47,51,2547,94,782.7,77.03,1.0
14211,102,56,2602,204,782.7,83.17,1.0
14212,64,51,2564,128,782.65,78.05,1.0
14213,244,59,2744,488,782.65,105.34,1.0
14214,142,59,2642,284,782.64,92.04,1.0
14215,133,6,2633,266,782.61,112.24,1.0
14216,40,36,2540,80,782.55,72.92,1.0
14217,300,8,2800,600,782.55,148.46,1.0
14218,40,30,2540,80,782.54,72.85,1.0
14219,40,37,2540,80,782.54,73.46,1.0
14220,84,54,2584,168,782.53,80.44,1.0
14221,40,38,2540,80,782.51,72.2,1.0
14222,167,59,2667,334,782.51,97.02,1.0
14223,34,38,2534,68,782.5,71.9,1.0
14224,92,54,2592,184,782.48,80.76,1.0
14225,144,6,2644,288,782.45,115.38,1.0
14226,189,59,2689,378,782.45,97.67,1.0
14227,37,31,2537,74,782.44,71.86,1.0
14228,154,58,2654,308,782.44,93.37,1.0
14229,34,34,2534,68,782.42,72.32,1.0
14230,57,51,2557,114,782.41,74.55,1.0
14231,34,39,2534,68,782.41,72.43,1.0
14232,162,58,2662,324,782.39,93.01,1.0
14233,283,8,2783,566,782.39,145.34,1.0
14234,53,51,2553,106,782.34,75.26,1.0
14235,37,37,2537,74,782.33,71.53,1.0
14236,37,35,2537,74,782.32,71.69,1.0
14237,34,40,2534,68,782.3,71.48,1.0
14238,61,54,2561,122,782.28,76.62,1.0
14239,40,42,2540,80,782.27,72.33,1.0
14240,34,44,2534,68,782.26,72.16,1.0
14241,50,47,2550,100,782.25,75.49,1.0
14242,52,52,2552,104,782.24,76.15,1.0
14243,41,46,2541,82,782.2,72.91,1.0
14244,40,43,2540,80,782.18,73.26,1.0
14245,37,38,2537,74,782.17,72.09,1.0
14246,49,48,2549,98,782.17,73.17,1.0
14247,34,42,2534,68,782.17,71.73,1.0
14248,121,57,2621,242,782.15,86.71,1.0
14249,54,51,2554,108,782.12,75.55,1.0
14250,90,6,2590,180,782.11,103.0,1.0
14251,16,5,2516,32,782.1,80.06,1.0
14252,55,52,2555,110,782.08,76.84,1.0
14253,34,41,2534,68,782.07,71.4,1.0
14254,34,43,2534,68,782.04,72.52,1.0
14255,45,48,2545,90,782.03,73.55,1.0
14256,34,33,2534,68,782.03,71.77,1.0
14257,76,51,2576,152,782.03,77.82,1.0
14258,223,7,2723,446,782.01,130.48,1.0
14259,34,35,2534,68,781.99,72.17,1.0
14260,231,60,2731,462,781.94,104.68,1.0
14261,40,40,2540,80,781.92,73.48,1.0
14262,258,59,2758,516,781.92,108.32,1.0
14263,34,37,2534,68,781.91,71.21,1.0
14264,36,39,2536,72,781.9,74.39,1.0
14265,85,54,2585,170,781.9,83.12,1.0
14266,202,59,2702,404,781.89,99.5,1.0
14267,268,8,2768,536,781.86,138.08,1.0
14268,100,56,2600,200,781.85,84.8,1.0
14269,31,38,2531,62,781.82,72.36,1.0
14270,46,54,2546,92,781.79,76.19,1.0
14271,40,32,2540,80,781.78,72.98,1.0
14272,34,32,2534,68,781.78,72.04,1.0
14273,47,52,2547,94,781.76,77.32,1.0
14274,171,7,2671,342,781.76,123.03,1.0
14275,262,60,2762,524,781.76,110.31,1.0
14276,40,41,2540,80,781.74,72.89,1.0
14277,105,56,2605,210,781.74,84.65,1.0
14278,34,31,2534,68,781.73,72.34,1.0
14279,66,49,2566,132,781.73,77.23,1.0
14280,37,45,2537,74,781.72,72.52,1.0
14281,86,56,2586,172,781.7,82.83,1.0
14282,31,30,2531,62,781.69,71.66,1.0
14283,82,52,2582,164,781.69,79.03,1.0
14284,289,60,2789,578,781.68,110.66,1.0
14285,40,44,2540,80,781.66,72.95,1.0
14286,226,60,2726,452,781.65,105.94,1.0
14287,31,33,2531,62,781.64,71.5,1.0
14288,217,58,2717,434,781.61,102.33,1.0
14289,290,59,2790,580,781.61,110.82,1.0
14290,38,45,2538,76,781.6,74.59,1.0
14291,31,36,2531,62,781.53,71.79,1.0
14292,31,34,2531,62,781.5,71.83,1.0
14293,58,51,2558,116,781.49,75.33,1.0
14294,34,45,2534,68,781.49,71.9,1.0
14295,44,49,2544,88,781.47,74.99,1.0
14296,67,52,2567,134,781.47,76.46,1.0
14297,36,33,2536,72,781.44,73.66,1.0
14298,56,53,2556,112,781.44,75.74,1.0
14299,43,51,2543,86,781.43,75.69,1.0
14300,287,8,2787,574,781.43,144.67,1.0
14301,153,57,2653,306,781.41,94.8,1.0
14302,97,57,2597,194,781.4,83.03,1.0
14303,36,36,2536,72,781.39,74.16,1.0
14304,103,58,2603,206,781.39,85.73,1.0
14305,249,60,2749,498,781.37,106.4,1.0
14306,243,8,2743,486,781.36,135.29,1.0
14307,36,31,2536,72,781.33,74.38,1.0
14308,31,35,2531,62,781.33,72.16,1.0
14309,38,46,2538,76,781.31,74.62,1.0
14310,111,57,2611,222,781.31,84.68,1.0
14311,113,56,2613,226,781.31,89.1,1.0
14312,65,54,2565,130,781.3,78.86,1.0
14313,215,60,2715,430,781.3,104.03,1.0
14314,36,41,2536,72,781.29,74.02,1.0
14315,57,52,2557,114,781.28,74.51,1.0
14316,31,40,2531,62,781.26,71.65,1.0
14317,155,57,2655,310,781.26,91.89,1.0
14318,62,52,2562,124,781.25,79.42,1.0
14319,66,50,2566,132,781.25,77.82,1.0
14320,188,60,2688,376,781.25,98.26,1.0
14321,169,58,2669,338,781.21,95.51,1.0
14322,59,49,2559,118,781.19,76.16,1.0
14323,115,59,2615,230,781.19,87.41,1.0
14324,36,44,2536,72,781.18,74.78,1.0
14325,36,37,2536,72,781.17,73.22,1.0
14326,31,31,2531,62,781.15,71.92,1.0
14327,40,45,2540,80,781.15,73.38,1.0
14328,28,5,2528,56,781.15,83.91,1.0
14329,51,48,2551,102,781.14,75.82,1.0
14330,52,5,2552,104,781.14,89.89,1.0
14331,68,55,2568,136,781.14,78.4,1.0
14332,132,57,2632,264,781.14,90.31,1.0
14333,248,59,2748,496,781.12,104.6,1.0
14334,17,5,2517,34,781.11,79.92,1.0
14335,174,58,2674,348,781.1,97.46,1.0
14336,117,56,2617,234,781.09,87.44,1.0
14337,108,56,2608,216,781.06,85.39,1.0
14338,71,56,2571,142,781.05,80.11,1.0
14339,31,44,2531,62,781.04,71.43,1.0
14340,277,59,2777,554,781.04,110.06,1.0
14341,143,57,2643,286,780.98,93.6,1.0
14342,242,60,2742,484,780.98,104.23,1.0
14343,186,59,2686,372,780.97,97.76,1.0
14344,36,38,2536,72,780.96,74.07,1.0
14345,79,55,2579,158,780.95,81.82,1.0
14346,259,60,2759,518,780.95,109.07,1.0
14347,265,8,2765,530,780.95,139.66,1.0
14348,36,34,2536,72,780.9,74.24,1.0
14349,31,41,2531,62,780.89,72.05,1.0
14350,208,59,2708,416,780.86,105.2,1.0
14351,77,56,2577,154,780.82,82.46,1.0
14352,31,39,2531,62,780.8,71.98,1.0
14353,198,59,2698,396,780.77,101.39,1.0
14354,31,42,2531,62,780.74,71.51,1.0
14355,51,49,2551,102,780.72,76.06,1.0
14356,31,37,2531,62,780.72,71.47,1.0
14357,294,8,2794,588,780.72,147.8,1.0
14358,63,52,2563,126,780.71,78.08,1.0
14359,72,53,2572,144,780.7,77.22,1.0
14360,93,55,2593,186,780.67,82.19,1.0
14361,123,56,2623,246,780.67,84.87,1.0
14362,36,30,2536,72,780.66,74.33,1.0
14363,299,8,2799,598,780.66,144.99,1.0
14364,193,59,2693,386,780.65,100.2,1.0
14365,206,59,2706,412,780.65,102.52,1.0
14366,203,60,2703,406,780.59,101.45,1.0
14367,36,42,2536,72,780.58,74.25,1.0
14368,31,43,2531,62,780.58,71.21,1.0
14369,33,34,2533,66,780.55,71.71,1.0
14370,91,55,2591,182,780.55,82.1,1.0
14371,36,32,2536,72,780.53,74.13,1.0
14372,54,52,2554,108,780.49,75.63,1.0
14373,279,60,2779,558,780.46,112.52,1.0
14374,81,53,2581,162,780.44,78.96,1.0
14375,90,54,2590,180,780.42,81.19,1.0
14376,190,59,2690,380,780.4,96.8,1.0
14377,295,8,2795,590,780.37,148.56,1.0
14378,37,47,2537,74,780.36,72.45,1.0
14379,42,51,2542,84,780.3,76.81,1.0
14380,33,33,2533,66,780.3,72.22,1.0
14381,36,35,2536,72,780.29,74.25,1.0
14382,49,49,2549,98,780.28,73.84,1.0
14383,31,32,2531,62,780.28,72.15,1.0
14384,36,40,2536,72,780.27,74.57,1.0
14385,235,60,2735,470,780.27,105.08,1.0
14386,36,43,2536,72,780.22,74.17,1.0
14387,33,32,2533,66,780.21,72.75,1.0
14388,70,53,2570,140,780.19,78.5,1.0
14389,42,52,2542,84,780.18,76.96,1.0
14390,300,60,2800,600,780.17,118.71,1.0
14391,124,59,2624,248,780.16,90.66,1.0
14392,171,58,2671,342,780.16,96.09,1.0
14393,184,59,2684,368,780.15,96.77,1.0
14394,37,46,2537,74,780.13,72.45,1.0
14395,131,59,2631,262,780.13,90.36,1.0
14396,278,8,2778,556,780.12,140.72,1.0
14397,61,55,2561,122,780.11,77.68,1.0
14398,45,49,2545,90,780.08,73.87,1.0
14399,80,55,2580,160,780.07,80.38,1.0
14400,170,60,2670,340,780.07,98.69,1.0
14401,33,42,2533,66,780.03,72.14,1.0
14402,33,37,2533,66,779.99,72.12,1.0
14403,144,60,2644,288,779.98,93.94,1.0
14404,34,46,2534,68,779.96,72.41,1.0
14405,260,60,2760,520,779.96,108.96,1.0
14406,134,57,2634,268,779.94,87.3,1.0
14407,191,58,2691,382,779.93,100.12,1.0
14408,122,56,2622,244,779.9,86.33,1.0
14409,104,58,2604,208,779.89,87.83,1.0
14410,60,52,2560,120,779.88,75.62,1.0
14411,33,39,2533,66,779.88,71.92,1.0
14412,50,48,2550,100,779.87,75.27,1.0
14413,220,59,2720,440,779.87,104.82,1.0
14414,199,60,2699,398,779.85,102.41,1.0
14415,200,7,2700,400,779.84,125.25,1.0
14416,135,58,2635,270,779.82,90.94,1.0
14417,33,41,2533,66,779.79,71.95,1.0
14418,88,56,2588,176,779.78,80.65,1.0
14419,58,52,2558,116,779.77,75.29,1.0
14420,53,52,2553,106,779.76,76.25,1.0
14421,87,54,2587,174,779.76,82.31,1.0
14422,147,57,2647,294,779.75,91.37,1.0
14423,36,45,2536,72,779.74,74.11,1.0
14424,139,58,2639,278,779.72,91.2,1.0
14425,130,57,2630,260,779.71,87.76,1.0
14426,112,58,2612,224,779.64,86.99,1.0
14427,33,43,2533,66,779.61,72.96,1.0
14428,73,54,2573,146,779.6,78.92,1.0
14429,85,55,2585,170,779.59,83.71,1.0
14430,214,59,2714,428,779.59,100.35,1.0
14431,150,59,2650,300,779.58,93.03,1.0
14432,41,47,2541,82,779.53,73.58,1.0
14433,76,52,2576,152,779.52,76.87,1.0
14434,48,52,2548,96,779.51,76.33,1.0
14435,33,30,2533,66,779.51,72.15,1.0
14436,33,31,2533,66,779.5,71.94,1.0
14437,157,58,2657,314,779.47,94.89,1.0
14438,75,58,2575,150,779.46,81.95,1.0
14439,26,41,2526,52,779.45,72.41,1.0
14440,297,59,2797,594,779.43,114.94,1.0
14441,33,36,2533,66,779.42,71.6,1.0
14442,33,38,2533,66,779.41,71.74,1.0
14443,38,5,2538,76,779.36,87.99,1.0
14444,177,59,2677,354,779.36,97.49,1.0
14445,33,40,2533,66,779.33,71.95,1.0
14446,33,44,2533,66,779.32,72.05,1.0
14447,163,59,2663,326,779.32,97.16,1.0
14448,229,60,2729,458,779.32,106.62,1.0
14449,120,56,2620,240,779.31,88.18,1.0
14450,215,7,2715,430,779.26,129.14,1.0
14451,216,58,2716,432,779.26,101.17,1.0
14452,45,50,2545,90,779.23,73.97,1.0
14453,33,35,2533,66,779.23,72.92,1.0
14454,26,37,2526,52,779.2,71.84,1.0
14455,276,60,2776,552,779.16,114.04,1.0
14456,94,58,2594,188,779.14,85.35,1.0
14457,137,57,2637,274,779.1,92.71,1.0
14458,122,6,2622,244,779.08,107.44,1.0
14459,34,47,2534,68,779.05,72.04,1.0
14460,200,59,2700,400,779.02,100.33,1.0
14461,65,55,2565,130,779.0,79.96,1.0
14462,52,53,2552,104,778.99,76.67,1.0
14463,74,56,2574,148,778.96,79.27,1.0
14464,51,50,2551,102,778.95,76.57,1.0
14465,166,59,2666,332,778.95,95.05,1.0
14466,26,30,2526,52,778.94,71.78,1.0
14467,31,45,2531,62,778.93,71.91,1.0
14468,26,39,2526,52,778.92,71.48,1.0
14469,227,59,2727,454,778.91,106.2,1.0
14470,230,60,2730,460,778.91,104.99,1.0
14471,59,50,2559,118,778.88,75.62,1.0
14472,234,60,2734,468,778.88,106.84,1.0
14473,118,6,2618,236,778.84,109.44,1.0
14474,89,57,2589,178,778.82,82.77,1.0
14475,38,47,2538,76,778.8,74.5,1.0
14476,44,50,2544,88,778.79,74.75,1.0
14477,92,55,2592,184,778.74,81.1,1.0
14478,250,60,2750,500,778.74,109.89,1.0
14479,26,38,2526,52,778.72,72.79,1.0
14480,32,5,2532,64,778.71,85.22,1.0
14481,26,36,2526,52,778.69,71.53,1.0
14482,34,5,2534,68,778.69,83.71,1.0
14483,282,60,2782,564,778.69,111.72,1.0
14484,222,60,2722,444,778.68,100.42,1.0
14485,26,35,2526,52,778.65,72.21,1.0
14486,40,47,2540,80,778.64,73.36,1.0
14487,98,56,2598,196,778.62,86.02,1.0
14488,183,58,2683,366,778.59,96.29,1.0
14489,26,44,2526,52,778.57,71.93,1.0
14490,36,46,2536,72,778.56,74.74,1.0
14491,62,53,2562,124,778.56,79.61,1.0
14492,40,46,2540,80,778.56,73.29,1.0
14493,202,7,2702,404,778.53,127.42,1.0
14494,19,5,2519,38,778.52,80.31,1.0
14495,83,58,2583,166,778.51,81.9,1.0
14496,26,43,2526,52,778.48,71.86,1.0
14497,108,6,2608,216,778.48,107.71,1.0
14498,84,55,2584,168,778.47,81.01,1.0
14499,95,56,2595,190,778.44,83.13,1.0
14500,26,32,2526,52,778.43,72.25,1.0
14501,26,33,2526,52,778.42,72.04,1.0
14502,50,49,2550,100,778.4,76.11,1.0
14503,35,41,2535,70,778.4,71.87,1.0
14504,64,52,2564,128,778.38,78.13,1.0
14505,35,31,2535,70,778.38,72.5,1.0
14506,48,53,2548,96,778.34,76.67,1.0
14507,106,56,2606,212,778.34,85.21,1.0
14508,93,56,2593,186,778.33,82.92,1.0
14509,46,5,2546,92,778.32,89.5,1.0
14510,36,47,2536,72,778.29,75.3,1.0
14511,284,8,2784,568,778.26,144.77,1.0
14512,35,32,2535,70,778.25,72.06,1.0
14513,33,5,2533,66,778.24,84.37,1.0
14514,99,58,2599,198,778.24,85.33,1.0
14515,43,53,2543,86,778.22,76.53,1.0
14516,33,45,2533,66,778.22,72.45,1.0
14517,185,59,2685,370,778.22,98.16,1.0
14518,53,53,2553,106,778.21,76.95,1.0
14519,35,42,2535,70,778.2,71.99,1.0
14520,77,57,2577,154,778.18,83.5,1.0
14521,128,58,2628,256,778.18,89.43,1.0
14522,109,57,2609,218,778.14,86.9,1.0
14523,47,53,2547,94,778.13,76.62,1.0
14524,107,57,2607,214,778.13,86.96,1.0
14525,43,52,2543,86,778.11,75.66,1.0
14526,138,58,2638,276,778.11,94.99,1.0
14527,46,55,2546,92,778.1,76.49,1.0
14528,35,39,2535,70,778.1,72.25,1.0
14529,126,59,2626,252,778.09,88.58,1.0
14530,31,46,2531,62,778.06,71.93,1.0
14531,35,34,2535,70,778.06,72.43,1.0
14532,26,42,2526,52,778.05,71.81,1.0
14533,204,7,2704,408,778.02,128.11,1.0
14534,93,6,2593,186,778.01,103.75,1.0
14535,8,5,2508,16,777.99,77.39,1.0
14536,35,40,2535,70,777.99,71.83,1.0
14537,67,53,2567,134,777.98,78.23,1.0
14538,26,40,2526,52,777.97,71.55,1.0
14539,68,56,2568,136,777.97,79.9,1.0
14540,101,56,2601,202,777.96,83.68,1.0
14541,55,53,2555,110,777.92,77.3,1.0
14542,239,60,2739,478,777.92,106.67,1.0
14543,35,44,2535,70,777.84,72.18,1.0
14544,26,34,2526,52,777.83,71.96,1.0
14545,196,59,2696,392,777.81,100.64,1.0
14546,86,57,2586,172,777.8,82.99,1.0
14547,35,33,2535,70,777.79,71.74,1.0
14548,126,6,2626,252,777.78,109.84,1.0
14549,204,60,2704,408,777.76,102.06,1.0
14550,6,5,2506,12,777.74,73.45,1.0
14551,52,54,2552,104,777.73,77.09,1.0
14552,63,53,2563,126,777.73,78.96,1.0
14553,47,5,2547,94,777.73,90.35,1.0
14554,26,31,2526,52,777.72,72.58,1.0
14555,48,5,2548,96,777.71,89.03,1.0
14556,31,47,2531,62,777.71,72.93,1.0
14557,195,7,2695,390,777.7,126.11,1.0
14558,40,48,2540,80,777.69,74.08,1.0
14559,228,60,2728,456,777.68,104.76,1.0
14560,245,60,2745,490,777.63,107.84,1.0
14561,35,35,2535,70,777.62,72.09,1.0
14562,203,7,2703,406,777.6,130.97,1.0
14563,213,60,2713,426,777.6,102.73,1.0
14564,79,56,2579,158,777.59,82.34,1.0
14565,119,6,2619,238,777.59,109.5,1.0
14566,168,60,2668,336,777.58,97.44,1.0
14567,41,48,2541,82,777.57,74.0,1.0
14568,98,6,2598,196,777.57,104.58,1.0
14569,110,57,2610,220,777.57,87.51,1.0
14570,78,57,2578,156,777.56,83.16,1.0
14571,81,54,2581,162,777.53,78.96,1.0
14572,35,30,2535,70,777.51,71.64,1.0
14573,256,60,2756,512,777.51,112.26,1.0
14574,26,45,2526,52,777.48,72.17,1.0
14575,96,59,2596,192,777.46,85.17,1.0
14576,181,59,2681,362,777.46,96.88,1.0
14577,270,8,2770,540,777.43,142.05,1.0
14578,149,58,2649,298,777.4,90.73,1.0
14579,26,46,2526,52,777.39,72.13,1.0
14580,35,38,2535,70,777.38,72.38,1.0
14581,25,31,2525,50,777.36,71.59,1.0
14582,50,50,2550,100,777.35,75.94,1.0
14583,161,60,2661,322,777.35,96.37,1.0
14584,210,60,2710,420,777.32,102.95,1.0
14585,212,60,2712,424,777.32,102.77,1.0
14586,56,54,2556,112,777.31,76.4,1.0
14587,35,36,2535,70,777.3,71.71,1.0
14588,164,58,2664,328,777.3,94.85,1.0
14589,116,57,2616,232,777.27,89.73,1.0
14590,268,60,2768,536,777.26,109.71,1.0
14591,49,50,2549,98,777.22,74.61,1.0
14592,35,43,2535,70,777.13,72.58,1.0
14593,69,56,2569,138,777.12,81.5,1.0
14594,102,57,2602,204,777.11,85.22,1.0
14595,119,58,2619,238,777.06,88.74,1.0
14596,37,48,2537,74,777.05,73.3,1.0
14597,183,7,2683,366,777.05,124.57,1.0
14598,54,53,2554,108,777.02,76.28,1.0
14599,90,55,2590,180,777.02,82.29,1.0
14600,118,58,2618,236,776.96,88.68,1.0
14601,208,7,2708,416,776.95,130.98,1.0
14602,42,53,2542,84,776.94,77.09,1.0
14603,25,44,2525,50,776.94,71.6,1.0
14604,35,45,2535,70,776.93,72.25,1.0
14605,29,39,2529,58,776.93,72.96,1.0
14606,194,59,2694,388,776.93,99.22,1.0
14607,225,60,2725,450,776.93,103.57,1.0
14608,261,60,2761,522,776.93,106.93,1.0
14609,25,43,2525,50,776.92,71.69,1.0
14610,46,56,2546,92,776.91,76.83,1.0
14611,101,6,2601,202,776.9,105.52,1.0
14612,25,34,2525,50,776.88,71.28,1.0
14613,175,58,2675,350,776.88,99.11,1.0
14614,197,59,2697,394,776.88,102.45,1.0
14615,57,53,2557,114,776.87,76.57,1.0
14616,25,37,2525,50,776.85,70.94,1.0
14617,43,5,2543,86,776.84,90.59,1.0
14618,148,59,2648,296,776.84,93.26,1.0
14619,151,60,2651,302,776.83,94.45,1.0
14620,62,54,2562,124,776.82,79.67,1.0
14621,70,54,2570,140,776.81,77.39,1.0
14622,125,57,2625,250,776.81,87.52,1.0
14623,20,5,2520,40,776.79,81.55,1.0
14624,231,7,2731,462,776.79,130.71,1.0
14625,35,37,2535,70,776.76,71.78,1.0
14626,48,54,2548,96,776.73,77.62,1.0
14627,146,58,2646,292,776.72,90.6,1.0
14628,165,59,2665,330,776.69,94.95,1.0
14629,51,51,2551,102,776.67,76.95,1.0
14630,82,53,2582,164,776.64,79.12,1.0
14631,42,5,2542,84,776.61,91.66,1.0
14632,72,54,2572,144,776.6,78.82,1.0
14633,25,42,2525,50,776.58,71.5,1.0
14634,136,58,2636,272,776.57,92.03,1.0
14635,37,5,2537,74,776.56,85.55,1.0
14636,73,55,2573,146,776.56,79.86,1.0
14637,25,40,2525,50,776.55,71.95,1.0
14638,133,59,2633,266,776.47,91.57,1.0
14639,25,39,2525,50,776.45,71.34,1.0
14640,59,51,2559,118,776.44,75.82,1.0
14641,34,48,2534,68,776.43,72.93,1.0
14642,91,56,2591,182,776.42,83.64,1.0
14643,34,49,2534,68,776.41,73.13,1.0
14644,41,49,2541,82,776.39,74.56,1.0
14645,58,53,2558,116,776.38,76.8,1.0
14646,71,57,2571,142,776.38,81.05,1.0
14647,38,48,2538,76,776.36,74.86,1.0
14648,45,51,2545,90,776.35,74.23,1.0
14649,25,32,2525,50,776.33,72.26,1.0
14650,152,60,2652,304,776.32,96.11,1.0
14651,100,57,2600,200,776.31,85.97,1.0
14652,25,33,2525,50,776.29,71.68,1.0
14653,219,60,2719,438,776.28,105.07,1.0
14654,25,35,2525,50,776.26,71.04,1.0
14655,29,5,2529,58,776.26,83.37,1.0
14656,88,57,2588,176,776.26,81.75,1.0
14657,76,53,2576,152,776.24,78.72,1.0
14658,53,54,2553,106,776.23,78.08,1.0
14659,25,36,2525,50,776.22,71.7,1.0
14660,28,35,2528,56,776.22,72.47,1.0
14661,29,44,2529,58,776.21,71.83,1.0
14662,30,35,2530,60,776.2,71.87,1.0
14663,25,46,2525,50,776.2,72.44,1.0
14664,74,57,2574,148,776.2,79.02,1.0
14665,298,60,2798,596,776.17,116.86,1.0
14666,60,53,2560,120,776.16,76.46,1.0
14667,207,7,2707,414,776.16,130.16,1.0
14668,145,59,2645,290,776.14,95.43,1.0
14669,36,5,2536,72,776.13,88.07,1.0
14670,145,6,2645,290,776.13,118.86,1.0
14671,29,37,2529,58,776.12,72.16,1.0
14672,240,60,2740,480,776.11,108.9,1.0
14673,61,56,2561,122,776.1,77.83,1.0
14674,80,56,2580,160,776.1,80.2,1.0
14675,63,54,2563,126,776.09,79.31,1.0
14676,29,32,2529,58,776.08,71.69,1.0
14677,193,7,2693,386,776.08,126.24,1.0
14678,55,54,2555,110,776.05,77.04,1.0
14679,29,33,2529,58,776.04,73.1,1.0
14680,212,7,2712,424,776.04,129.63,1.0
14681,233,7,2733,466,776.02,129.43,1.0
14682,29,38,2529,58,775.99,72.16,1.0
14683,37,49,2537,74,775.97,72.8,1.0
14684,29,41,2529,58,775.97,72.47,1.0
14685,28,38,2528,56,775.95,72.94,1.0
14686,29,34,2529,58,775.94,72.36,1.0
14687,29,35,2529,58,775.93,71.97,1.0
14688,38,49,2538,76,775.88,75.33,1.0
14689,32,43,2532,64,775.84,73.38,1.0
14690,159,59,2659,318,775.83,95.36,1.0
14691,196,7,2696,392,775.83,127.16,1.0
14692,255,7,2755,510,775.83,139.62,1.0
14693,33,47,2533,66,775.82,72.59,1.0
14694,29,31,2529,58,775.81,72.44,1.0
14695,142,6,2642,284,775.8,114.98,1.0
14696,47,54,2547,94,775.79,77.77,1.0
14697,280,8,2780,560,775.78,142.13,1.0
14698,32,37,2532,64,775.77,73.5,1.0
14699,31,48,2531,62,775.76,72.68,1.0
14700,105,57,2605,210,775.76,86.69,1.0
14701,29,40,2529,58,775.75,72.34,1.0
14702,25,41,2525,50,775.74,71.96,1.0
14703,29,43,2529,58,775.74,72.65,1.0
14704,154,59,2654,308,775.74,94.16,1.0
14705,97,58,2597,194,775.73,84.68,1.0
14706,25,30,2525,50,775.7,72.22,1.0
14707,33,46,2533,66,775.69,72.87,1.0
14708,127,57,2627,254,775.69,90.53,1.0
14709,66,51,2566,132,775.68,78.45,1.0
14710,162,59,2662,324,775.68,95.19,1.0
14711,25,38,2525,50,775.65,71.95,1.0
14712,123,57,2623,246,775.61,86.2,1.0
14713,29,42,2529,58,775.6,72.78,1.0
14714,141,59,2641,282,775.58,92.43,1.0
14715,28,30,2528,56,775.56,72.63,1.0
14716,116,6,2616,232,775.56,112.31,1.0
14717,173,60,2673,346,775.54,98.93,1.0
14718,46,57,2546,92,775.53,76.43,1.0
14719,32,44,2532,64,775.51,73.58,1.0
14720,64,53,2564,128,775.5,78.95,1.0
14721,84,56,2584,168,775.5,81.44,1.0
14722,30,43,2530,60,775.49,71.03,1.0
14723,28,44,2528,56,775.49,72.88,1.0
14724,296,8,2796,592,775.49,141.95,1.0
14725,29,36,2529,58,775.48,72.7,1.0
14726,110,6,2610,220,775.48,105.92,1.0
14727,30,38,2530,60,775.47,70.73,1.0
14728,26,48,2526,52,775.47,73.18,1.0
14729,30,31,2530,60,775.43,71.47,1.0
14730,44,51,2544,88,775.41,75.99,1.0
14731,26,47,2526,52,775.4,71.89,1.0
14732,28,37,2528,56,775.4,72.74,1.0
14733,238,60,2738,476,775.4,104.34,1.0
14734,30,42,2530,60,775.33,70.7,1.0
14735,28,43,2528,56,775.32,72.36,1.0
14736,54,54,2554,108,775.3,77.55,1.0
14737,85,56,2585,170,775.27,83.02,1.0
14738,30,5,2530,60,775.24,83.25,1.0
14739,32,33,2532,64,775.24,73.63,1.0
14740,29,30,2529,58,775.24,72.18,1.0
14741,35,46,2535,70,775.23,72.62,1.0
14742,28,36,2528,56,775.23,72.33,1.0
14743,32,30,2532,64,775.19,73.61,1.0
14744,160,59,2660,320,775.19,95.58,1.0
14745,156,59,2656,312,775.14,95.62,1.0
14746,132,58,2632,264,775.12,92.6,1.0
14747,40,49,2540,80,775.11,73.73,1.0
14748,174,59,2674,348,775.1,98.47,1.0
14749,30,33,2530,60,775.07,71.54,1.0
14750,30,44,2530,60,775.07,71.32,1.0
14751,49,51,2549,98,775.06,74.21,1.0
14752,30,37,2530,60,775.04,70.91,1.0
14753,267,60,2767,534,775.04,111.04,1.0
14754,31,49,2531,62,775.03,72.61,1.0
14755,77,58,2577,154,775.03,82.42,1.0
14756,131,6,2631,262,775.03,112.93,1.0
14757,30,40,2530,60,775.01,71.52,1.0
14758,87,55,2587,174,775.01,83.34,1.0
14759,67,54,2567,134,774.99,78.14,1.0
14760,113,57,2613,226,774.99,88.48,1.0
14761,182,60,2682,364,774.99,102.35,1.0
14762,32,38,2532,64,774.97,73.5,1.0
14763,104,59,2604,208,774.97,88.43,1.0
14764,32,31,2532,64,774.94,73.65,1.0
14765,108,57,2608,216,774.92,85.76,1.0
14766,201,7,2701,402,774.91,127.13,1.0
14767,22,5,2522,44,774.89,81.2,1.0
14768,43,54,2543,86,774.88,76.49,1.0
14769,32,35,2532,64,774.87,73.8,1.0
14770,140,58,2640,280,774.87,93.81,1.0
14771,158,6,2658,316,774.86,121.15,1.0
14772,32,42,2532,64,774.85,73.72,1.0
14773,30,34,2530,60,774.83,71.08,1.0
14774,32,39,2532,64,774.81,73.96,1.0
14775,28,42,2528,56,774.81,72.79,1.0
14776,283,60,2783,566,774.81,114.6,1.0
14777,36,48,2536,72,774.8,75.21,1.0
14778,29,45,2529,58,774.77,72.54,1.0
14779,237,7,2737,474,774.77,136.47,1.0
14780,51,52,2551,102,774.75,77.04,1.0
14781,42,54,2542,84,774.7,77.25,1.0
14782,30,39,2530,60,774.7,71.09,1.0
14783,32,36,2532,64,774.7,73.72,1.0
14784,32,41,2532,64,774.7,73.71,1.0
14785,25,47,2525,50,774.7,72.65,1.0
14786,28,34,2528,56,774.69,72.48,1.0
14787,65,56,2565,130,774.68,80.28,1.0
14788,111,58,2611,222,774.68,87.1,1.0
14789,224,59,2724,448,774.68,105.14,1.0
14790,44,52,2544,88,774.66,76.38,1.0
14791,30,36,2530,60,774.66,71.12,1.0
14792,33,48,2533,66,774.66,73.2,1.0
14793,117,57,2617,234,774.65,88.43,1.0
14794,56,55,2556,112,774.63,77.59,1.0
14795,40,5,2540,80,774.61,86.61,1.0
14796,180,60,2680,360,774.6,99.61,1.0
14797,265,60,2765,530,774.6,107.73,1.0
14798,27,5,2527,54,774.59,82.81,1.0
14799,30,32,2530,60,774.58,70.66,1.0
14800,33,49,2533,66,774.58,73.03,1.0
14801,124,60,2624,248,774.58,91.87,1.0
14802,32,34,2532,64,774.56,73.51,1.0
14803,28,39,2528,56,774.56,72.51,1.0
14804,28,40,2528,56,774.56,72.47,1.0
14805,171,59,2671,342,774.56,96.69,1.0
14806,30,41,2530,60,774.53,71.12,1.0
14807,32,32,2532,64,774.52,73.61,1.0
14808,25,45,2525,50,774.52,71.97,1.0
14809,44,5,2544,88,774.46,88.6,1.0
14810,23,44,2523,46,774.46,73.92,1.0
14811,96,60,2596,192,774.46,85.8,1.0
14812,207,60,2707,414,774.44,101.93,1.0
14813,75,59,2575,150,774.43,83.88,1.0
14814,114,57,2614,228,774.43,87.18,1.0
14815,178,60,2678,356,774.35,100.14,1.0
14816,243,58,2743,486,774.34,105.65,1.0
14817,60,54,2560,120,774.28,76.72,1.0
14818,50,51,2550,100,774.24,76.31,1.0
14819,32,40,2532,64,774.21,73.91,1.0
14820,92,56,2592,184,774.21,82.58,1.0
14821,28,45,2528,56,774.2,72.7,1.0
14822,30,30,2530,60,774.19,71.12,1.0
14823,28,33,2528,56,774.18,72.42,1.0
14824,191,7,2691,382,774.18,125.81,1.0
14825,210,7,2710,420,774.18,131.23,1.0
14826,28,41,2528,56,774.15,72.23,1.0
14827,195,59,2695,390,774.1,99.76,1.0
14828,39,31,2539,78,774.06,74.53,1.0
14829,79,57,2579,158,774.05,83.22,1.0
14830,28,31,2528,56,774.03,71.86,1.0
14831,30,45,2530,60,774.0,71.5,1.0
14832,23,31,2523,46,774.0,73.4,1.0
14833,98,57,2598,196,773.98,86.36,1.0
14834,25,48,2525,50,773.95,72.27,1.0
14835,37,50,2537,74,773.94,74.14,1.0
14836,35,47,2535,70,773.86,73.05,1.0
14837,137,58,2637,274,773.83,93.4,1.0
14838,28,32,2528,56,773.81,72.18,1.0
14839,26,49,2526,52,773.8,72.54,1.0
14840,81,55,2581,162,773.8,79.89,1.0
14841,153,58,2653,306,773.78,94.85,1.0
14842,27,31,2527,54,773.76,71.84,1.0
14843,23,41,2523,46,773.74,74.13,1.0
14844,27,43,2527,54,773.74,71.39,1.0
14845,68,57,2568,136,773.74,80.54,1.0
14846,40,50,2540,80,773.73,74.65,1.0
14847,41,50,2541,82,773.73,74.59,1.0
14848,34,50,2534,68,773.71,73.72,1.0
14849,206,7,2706,412,773.71,130.6,1.0
14850,27,37,2527,54,773.7,70.78,1.0
14851,23,36,2523,46,773.68,74.13,1.0
14852,194,7,2694,388,773.67,125.53,1.0
14853,52,55,2552,104,773.65,77.71,1.0
14854,27,38,2527,54,773.65,71.21,1.0
14855,42,55,2542,84,773.64,77.88,1.0
14856,115,60,2615,230,773.64,90.08,1.0
14857,46,58,2546,92,773.63,77.13,1.0
14858,23,30,2523,46,773.62,74.65,1.0
14859,103,59,2603,206,773.59,87.71,1.0
14860,31,50,2531,62,773.54,73.01,1.0
14861,43,55,2543,86,773.53,76.99,1.0
14862,35,48,2535,70,773.52,73.76,1.0
14863,59,52,2559,118,773.49,76.55,1.0
14864,23,42,2523,46,773.49,73.45,1.0
14865,32,45,2532,64,773.46,73.95,1.0
14866,90,56,2590,180,773.46,84.03,1.0
14867,176,60,2676,352,773.46,98.74,1.0
14868,39,44,2539,78,773.44,74.79,1.0
14869,280,60,2780,560,773.44,112.81,1.0
14870,116,58,2616,232,773.43,90.3,1.0
14871,23,33,2523,46,773.4,72.92,1.0
14872,157,59,2657,314,773.4,95.65,1.0
14873,27,39,2527,54,773.37,71.22,1.0
14874,36,49,2536,72,773.35,75.54,1.0
14875,37,51,2537,74,773.32,74.04,1.0
14876,27,32,2527,54,773.3,71.31,1.0
14877,62,55,2562,124,773.29,80.67,1.0
14878,39,43,2539,78,773.27,74.73,1.0
14879,27,36,2527,54,773.26,71.58,1.0
14880,69,57,2569,138,773.25,81.86,1.0
14881,27,33,2527,54,773.24,71.29,1.0
14882,78,58,2578,156,773.23,83.17,1.0
14883,47,55,2547,94,773.22,77.8,1.0
14884,23,39,2523,46,773.2,73.03,1.0
14885,121,6,2621,242,773.18,111.23,1.0
14886,94,59,2594,188,773.11,85.63,1.0
14887,23,40,2523,46,773.09,74.01,1.0
14888,34,51,2534,68,773.09,74.16,1.0
14889,99,59,2599,198,773.07,86.13,1.0
14890,23,35,2523,46,773.04,73.9,1.0
14891,23,38,2523,46,773.03,73.08,1.0
14892,125,58,2625,250,773.02,88.28,1.0
14893,58,54,2558,116,773.01,77.5,1.0
14894,143,58,2643,286,772.94,93.67,1.0
14895,121,58,2621,242,772.93,88.87,1.0
14896,285,8,2785,570,772.93,141.95,1.0
14897,23,37,2523,46,772.91,74.0,1.0
14898,86,58,2586,172,772.91,84.74,1.0
14899,38,50,2538,76,772.9,75.46,1.0
14900,48,55,2548,96,772.9,77.87,1.0
14901,23,43,2523,46,772.9,73.8,1.0
14902,27,34,2527,54,772.9,71.75,1.0
14903,192,59,2692,384,772.89,100.8,1.0
14904,72,55,2572,144,772.88,79.16,1.0
14905,57,54,2557,114,772.87,76.36,1.0
14906,25,49,2525,50,772.85,72.72,1.0
14907,39,33,2539,78,772.84,74.84,1.0
14908,36,50,2536,72,772.81,75.79,1.0
14909,39,38,2539,78,772.81,74.53,1.0
14910,63,55,2563,126,772.81,79.23,1.0
14911,83,59,2583,166,772.81,83.24,1.0
14912,106,57,2606,212,772.81,86.24,1.0
14913,23,32,2523,46,772.78,73.71,1.0
14914,66,52,2566,132,772.78,79.59,1.0
14915,109,6,2609,218,772.78,106.16,1.0
14916,134,58,2634,268,772.75,88.8,1.0
14917,272,8,2772,544,772.74,141.09,1.0
14918,33,50,2533,66,772.72,73.4,1.0
14919,27,42,2527,54,772.71,71.43,1.0
14920,27,44,2527,54,772.71,71.86,1.0
14921,71,58,2571,142,772.71,80.86,1.0
14922,120,57,2620,240,772.7,90.07,1.0
14923,139,59,2639,278,772.68,91.77,1.0
14924,155,58,2655,310,772.68,93.28,1.0
14925,39,41,2539,78,772.67,75.18,1.0
14926,23,34,2523,46,772.67,74.23,1.0
14927,49,52,2549,98,772.65,75.33,1.0
14928,35,5,2535,70,772.65,87.17,1.0
14929,76,54,2576,152,772.65,79.51,1.0
14930,186,60,2686,372,772.65,99.87,1.0
14931,39,40,2539,78,772.63,74.55,1.0
14932,28,46,2528,56,772.57,72.37,1.0
14933,27,30,2527,54,772.56,71.27,1.0
14934,27,41,2527,54,772.56,71.36,1.0
14935,189,60,2689,378,772.55,99.94,1.0
14936,55,55,2555,110,772.52,77.79,1.0
14937,111,6,2611,222,772.52,108.09,1.0
14938,27,40,2527,54,772.51,71.27,1.0
14939,29,46,2529,58,772.48,73.03,1.0
14940,147,58,2647,294,772.45,93.02,1.0
14941,60,55,2560,120,772.44,76.3,1.0
14942,107,58,2607,214,772.44,87.59,1.0
14943,100,58,2600,200,772.43,86.86,1.0
14944,23,45,2523,46,772.42,73.23,1.0
14945,135,59,2635,270,772.42,92.26,1.0
14946,213,7,2713,426,772.42,130.59,1.0
14947,39,35,2539,78,772.39,74.38,1.0
14948,39,37,2539,78,772.38,75.0,1.0
14949,27,35,2527,54,772.37,71.2,1.0
14950,54,55,2554,108,772.36,78.32,1.0
14951,52,56,2552,104,772.34,78.02,1.0
14952,150,60,2650,300,772.34,94.33,1.0
14953,39,32,2539,78,772.33,74.32,1.0
14954,109,58,2609,218,772.33,87.28,1.0
14955,292,60,2792,584,772.33,116.52,1.0
14956,45,52,2545,90,772.32,75.31,1.0
14957,254,7,2754,508,772.29,140.96,1.0
14958,179,60,2679,358,772.28,100.01,1.0
14959,38,51,2538,76,772.24,76.15,1.0
14960,50,52,2550,100,772.23,77.01,1.0
14961,39,30,2539,78,772.22,74.59,1.0
14962,73,56,2573,146,772.19,81.05,1.0
14963,135,6,2635,270,772.19,115.37,1.0
14964,95,57,2595,190,772.18,84.13,1.0
14965,80,57,2580,160,772.15,81.38,1.0
14966,39,36,2539,78,772.13,74.86,1.0
14967,89,58,2589,178,772.09,83.91,1.0
14968,28,47,2528,56,772.06,72.46,1.0
14969,51,53,2551,102,772.05,77.19,1.0
14970,172,60,2672,344,772.03,100.36,1.0
14971,27,45,2527,54,772.02,71.06,1.0
14972,39,42,2539,78,772.0,74.78,1.0
14973,84,57,2584,168,772.0,82.66,1.0
14974,122,57,2622,244,772.0,88.21,1.0
14975,47,56,2547,94,771.98,78.99,1.0
14976,191,59,2691,382,771.98,101.71,1.0
14977,44,53,2544,88,771.94,76.78,1.0
14978,41,51,2541,82,771.94,74.94,1.0
14979,227,7,2727,454,771.93,134.01,1.0
14980,64,54,2564,128,771.92,80.36,1.0
14981,26,50,2526,52,771.85,73.32,1.0
14982,39,34,2539,78,771.84,74.78,1.0
14983,53,55,2553,106,771.79,77.74,1.0
14984,119,59,2619,238,771.73,89.66,1.0
14985,148,6,2648,296,771.72,115.31,1.0
14986,252,60,2752,504,771.72,108.95,1.0
14987,48,56,2548,96,771.7,79.13,1.0
14988,101,57,2601,202,771.66,84.34,1.0
14989,97,59,2597,194,771.66,84.9,1.0
14990,70,55,2570,140,771.65,79.28,1.0
14991,92,57,2592,184,771.65,83.41,1.0
14992,62,56,2562,124,771.6,80.52,1.0
14993,112,59,2612,224,771.6,88.57,1.0
14994,43,56,2543,86,771.59,77.93,1.0
14995,30,46,2530,60,771.59,71.82,1.0
14996,74,58,2574,148,771.54,80.73,1.0
14997,220,60,2720,440,771.5,106.63,1.0
14998,220,7,2720,440,771.49,132.12,1.0
14999,258,60,2758,516,771.48,109.87,1.0
15000,240,7,2740,480,771.47,137.44,1.0
15001,31,51,2531,62,771.45,73.55,1.0
15002,68,58,2568,136,771.43,80.58,1.0
15003,88,58,2588,176,771.43,81.84,1.0
15004,130,58,2630,260,771.43,89.0,1.0
15005,202,60,2702,404,771.42,102.74,1.0
15006,40,51,2540,80,771.4,75.08,1.0
15007,61,57,2561,122,771.39,78.75,1.0
15008,131,60,2631,262,771.39,92.63,1.0
15009,223,60,2723,446,771.39,104.14,1.0
15010,34,52,2534,68,771.38,73.96,1.0
15011,27,46,2527,54,771.36,71.72,1.0
15012,18,42,2518,36,771.35,71.12,1.0
15013,56,56,2556,112,771.33,77.7,1.0
15014,36,51,2536,72,771.31,76.26,1.0
15015,35,49,2535,70,771.31,73.29,1.0
15016,24,30,2524,48,771.26,73.44,1.0
15017,93,57,2593,186,771.25,84.2,1.0
15018,26,51,2526,52,771.24,73.58,1.0
15019,23,46,2523,46,771.21,74.34,1.0
15020,38,52,2538,76,771.2,76.97,1.0
15021,39,39,2539,78,771.2,74.0,1.0
15022,65,57,2565,130,771.2,81.17,1.0
15023,75,60,2575,150,771.16,85.23,1.0
15024,278,60,2778,556,771.16,113.43,1.0
15025,79,58,2579,158,771.14,83.58,1.0
15026,21,40,2521,42,771.13,72.9,1.0
15027,24,31,2524,48,771.08,73.63,1.0
15028,82,54,2582,164,771.05,79.91,1.0
15029,21,37,2521,42,771.04,72.5,1.0
15030,21,35,2521,42,771.03,72.99,1.0
15031,24,43,2524,48,771.03,73.94,1.0
15032,253,60,2753,506,770.99,109.88,1.0
15033,45,53,2545,90,770.98,75.84,1.0
15034,181,60,2681,362,770.97,99.3,1.0
15035,24,36,2524,48,770.96,73.49,1.0
15036,32,47,2532,64,770.95,74.67,1.0
15037,198,60,2698,396,770.95,102.56,1.0
15038,28,48,2528,56,770.94,73.06,1.0
15039,42,56,2542,84,770.92,78.9,1.0
15040,18,40,2518,36,770.9,71.06,1.0
15041,37,52,2537,74,770.88,73.91,1.0
15042,126,60,2626,252,770.86,90.44,1.0
15043,251,60,2751,502,770.86,107.87,1.0
15044,50,53,2550,100,770.84,77.11,1.0
15045,18,44,2518,36,770.83,70.41,1.0
15046,21,31,2521,42,770.82,72.56,1.0
15047,163,60,2663,326,770.82,97.53,1.0
15048,267,8,2767,534,770.82,140.25,1.0
15049,51,5,2551,102,770.79,89.08,1.0
15050,125,6,2625,250,770.79,110.39,1.0
15051,24,38,2524,48,770.78,73.17,1.0
15052,111,59,2611,222,770.78,87.35,1.0
15053,169,59,2669,338,770.77,95.98,1.0
15054,21,38,2521,42,770.74,72.76,1.0
15055,91,57,2591,182,770.74,83.65,1.0
15056,21,33,2521,42,770.7,72.73,1.0
15057,285,60,2785,570,770.69,111.81,1.0
15058,25,50,2525,50,770.68,73.55,1.0
15059,49,53,2549,98,770.67,75.26,1.0
15060,30,47,2530,60,770.67,72.03,1.0
15061,177,60,2677,354,770.67,98.62,1.0
15062,58,55,2558,116,770.66,78.09,1.0
15063,18,30,2518,36,770.65,70.98,1.0
15064,142,60,2642,284,770.64,94.52,1.0
15065,21,32,2521,42,770.63,72.83,1.0
15066,29,47,2529,58,770.63,73.13,1.0
15067,105,58,2605,210,770.62,87.48,1.0
15068,32,46,2532,64,770.6,74.68,1.0
15069,44,54,2544,88,770.59,77.44,1.0
15070,18,32,2518,36,770.57,70.75,1.0
15071,85,57,2585,170,770.56,83.74,1.0
15072,21,30,2521,42,770.55,72.73,1.0
15073,21,39,2521,42,770.54,73.04,1.0
15074,24,42,2524,48,770.54,73.09,1.0
15075,102,58,2602,204,770.53,86.73,1.0
15076,25,51,2525,50,770.51,72.77,1.0
15077,33,51,2533,66,770.5,73.42,1.0
15078,21,36,2521,42,770.45,72.86,1.0
15079,21,43,2521,42,770.45,72.13,1.0
15080,244,60,2744,488,770.45,106.75,1.0
15081,21,42,2521,42,770.44,72.54,1.0
15082,87,56,2587,174,770.44,83.28,1.0
15083,114,58,2614,228,770.44,87.8,1.0
15084,46,59,2546,92,770.43,77.72,1.0
15085,24,32,2524,48,770.41,73.12,1.0
15086,26,52,2526,52,770.41,73.84,1.0
15087,18,37,2518,36,770.36,70.72,1.0
15088,31,52,2531,62,770.35,74.35,1.0
15089,24,37,2524,48,770.34,73.69,1.0
15090,24,44,2524,48,770.29,73.28,1.0
15091,24,35,2524,48,770.26,73.52,1.0
15092,206,60,2706,412,770.26,105.22,1.0
15093,24,40,2524,48,770.25,72.98,1.0
15094,18,36,2518,36,770.25,71.23,1.0
15095,21,44,2521,42,770.23,72.54,1.0
15096,114,6,2614,228,770.22,107.59,1.0
15097,18,38,2518,36,770.21,71.22,1.0
15098,37,53,2537,74,770.2,74.42,1.0
15099,40,52,2540,80,770.17,75.42,1.0
15100,216,59,2716,432,770.17,103.61,1.0
15101,127,6,2627,254,770.16,113.58,1.0
15102,24,41,2524,48,770.15,73.74,1.0
15103,21,41,2521,42,770.12,72.63,1.0
15104,24,39,2524,48,770.12,73.57,1.0
15105,98,58,2598,196,770.12,87.79,1.0
15106,136,6,2636,272,770.11,111.81,1.0
15107,61,58,2561,122,770.09,79.92,1.0
15108,113,58,2613,226,770.09,91.25,1.0
15109,41,52,2541,82,770.06,75.06,1.0
15110,21,45,2521,42,770.06,72.98,1.0
15111,67,55,2567,134,770.05,78.91,1.0
15112,149,59,2649,298,770.05,92.16,1.0
15113,18,31,2518,36,770.04,70.73,1.0
15114,108,58,2608,216,770.03,87.68,1.0
15115,118,59,2618,236,770.02,90.41,1.0
15116,77,59,2577,154,770.0,84.47,1.0
15117,193,60,2693,386,769.97,102.36,1.0
15118,21,34,2521,42,769.96,73.15,1.0
15119,184,60,2684,368,769.96,98.69,1.0
15120,21,46,2521,42,769.93,72.9,1.0
15121,43,57,2543,86,769.91,78.77,1.0
15122,18,35,2518,36,769.91,71.19,1.0
15123,29,48,2529,58,769.89,73.64,1.0
15124,167,60,2667,334,769.88,99.27,1.0
15125,60,56,2560,120,769.84,77.84,1.0
15126,18,45,2518,36,769.84,70.88,1.0
15127,123,58,2623,246,769.83,86.7,1.0
15128,18,39,2518,36,769.81,70.65,1.0
15129,14,44,2514,28,769.8,72.45,1.0
15130,81,56,2581,162,769.8,81.61,1.0
15131,78,59,2578,156,769.79,84.43,1.0
15132,18,33,2518,36,769.78,70.95,1.0
15133,232,60,2732,464,769.78,109.53,1.0
15134,57,55,2557,114,769.77,76.87,1.0
15135,18,34,2518,36,769.77,71.01,1.0
15136,290,60,2790,580,769.77,114.03,1.0
15137,14,34,2514,28,769.76,72.07,1.0
15138,39,45,2539,78,769.75,74.93,1.0
15139,226,7,2726,452,769.75,133.51,1.0
15140,128,59,2628,256,769.74,90.33,1.0
15141,148,60,2648,296,769.74,95.01,1.0
15142,24,34,2524,48,769.73,73.55,1.0
15143,14,35,2514,28,769.72,70.96,1.0
15144,72,56,2572,144,769.72,80.01,1.0
15145,190,60,2690,380,769.72,99.17,1.0
15146,51,54,2551,102,769.71,78.06,1.0
15147,24,33,2524,48,769.71,73.8,1.0
15148,18,43,2518,36,769.71,71.46,1.0
15149,152,6,2652,304,769.69,117.73,1.0
15150,59,53,2559,118,769.68,77.72,1.0
15151,159,60,2659,318,769.68,96.6,1.0
15152,23,47,2523,46,769.67,74.6,1.0
15153,66,53,2566,132,769.62,78.43,1.0
15154,136,59,2636,272,769.61,93.66,1.0
15155,53,56,2553,106,769.59,79.73,1.0
15156,27,47,2527,54,769.59,71.23,1.0
15157,26,53,2526,52,769.57,73.62,1.0
15158,14,37,2514,28,769.57,71.92,1.0
15159,166,60,2666,332,769.55,97.14,1.0
15160,28,49,2528,56,769.53,72.8,1.0
15161,36,52,2536,72,769.49,77.08,1.0
15162,25,52,2525,50,769.49,73.58,1.0
15163,32,48,2532,64,769.42,75.18,1.0
15164,63,56,2563,126,769.42,81.15,1.0
15165,110,58,2610,220,769.39,88.08,1.0
15166,54,56,2554,108,769.38,78.74,1.0
15167,52,57,2552,104,769.37,78.62,1.0
15168,18,41,2518,36,769.34,70.31,1.0
15169,55,56,2555,110,769.34,78.71,1.0
15170,116,59,2616,232,769.32,91.52,1.0
15171,120,6,2620,240,769.24,109.98,1.0
15172,47,57,2547,94,769.23,79.43,1.0
15173,34,53,2534,68,769.22,74.07,1.0
15174,18,46,2518,36,769.19,71.15,1.0
15175,14,33,2514,28,769.17,72.15,1.0
15176,49,5,2549,98,769.15,88.82,1.0
15177,21,47,2521,42,769.15,72.7,1.0
15178,145,60,2645,290,769.13,97.4,1.0
15179,208,60,2708,416,769.13,106.26,1.0
15180,29,49,2529,58,769.1,72.99,1.0
15181,14,36,2514,28,769.08,71.86,1.0
15182,132,59,2632,264,769.08,93.62,1.0
15183,133,60,2633,266,769.0,91.56,1.0
15184,14,41,2514,28,768.99,72.05,1.0
15185,33,52,2533,66,768.99,74.38,1.0
15186,39,46,2539,78,768.98,75.19,1.0
15187,18,47,2518,36,768.97,71.23,1.0
15188,160,60,2660,320,768.97,96.58,1.0
15189,23,48,2523,46,768.96,74.43,1.0
15190,270,60,2770,540,768.96,111.22,1.0
15191,73,57,2573,146,768.95,81.09,1.0
15192,201,60,2701,402,768.95,103.51,1.0
15193,14,32,2514,28,768.94,72.12,1.0
15194,42,57,2542,84,768.93,79.37,1.0
15195,74,59,2574,148,768.91,81.95,1.0
15196,24,46,2524,48,768.88,73.25,1.0
15197,277,60,2777,554,768.87,112.04,1.0
15198,69,58,2569,138,768.84,82.43,1.0
15199,14,42,2514,28,768.81,71.58,1.0
15200,127,58,2627,254,768.8,91.59,1.0
15201,138,59,2638,276,768.8,96.24,1.0
15202,14,31,2514,28,768.79,71.8,1.0
15203,154,60,2654,308,768.79,96.06,1.0
15204,44,55,2544,88,768.77,77.74,1.0
15205,30,48,2530,60,768.72,72.77,1.0
15206,14,40,2514,28,768.67,72.08,1.0
15207,214,7,2714,428,768.67,127.95,1.0
15208,14,39,2514,28,768.64,72.04,1.0
15209,61,59,2561,122,768.63,79.84,1.0
15210,38,53,2538,76,768.62,76.45,1.0
15211,64,55,2564,128,768.62,80.75,1.0
15212,24,45,2524,48,768.58,73.42,1.0
15213,59,54,2559,118,768.56,78.3,1.0
15214,14,38,2514,28,768.56,72.32,1.0
15215,61,5,2561,122,768.53,94.48,1.0
15216,264,7,2764,528,768.51,139.38,0.9999
15217,45,54,2545,90,768.5,75.69,1.0
15218,106,58,2606,212,768.5,87.82,1.0
15219,196,60,2696,392,768.5,102.47,1.0
15220,164,59,2664,328,768.49,95.64,1.0
15221,272,60,2772,544,768.49,110.5,1.0
15222,95,58,2595,190,768.47,85.41,1.0
15223,85,58,2585,170,768.41,85.46,1.0
15224,197,7,2697,394,768.39,129.54,1.0
15225,28,50,2528,56,768.38,73.38,1.0
15226,293,8,2793,586,768.38,144.96,1.0
15227,257,7,2757,514,768.36,139.41,1.0
15228,48,57,2548,96,768.35,78.82,1.0
15229,89,59,2589,178,768.35,85.69,1.0
15230,31,53,2531,62,768.34,74.3,1.0
15231,79,59,2579,158,768.32,85.1,1.0
15232,51,55,2551,102,768.31,77.93,1.0
15233,217,59,2717,434,768.29,104.29,1.0
15234,35,50,2535,70,768.27,73.21,1.0
15235,71,59,2571,142,768.27,83.03,1.0
15236,183,59,2683,366,768.24,99.09,1.0
15237,168,6,2668,336,768.23,118.82,1.0
15238,94,60,2594,188,768.19,87.49,1.0
15239,35,51,2535,70,768.13,74.31,1.0
15240,70,56,2570,140,768.13,79.66,1.0
15241,67,56,2567,134,768.11,80.24,1.0
15242,62,57,2562,124,768.09,81.92,1.0
15243,14,46,2514,28,768.07,72.96,1.0
15244,117,58,2617,234,768.07,90.57,1.0
15245,36,53,2536,72,768.06,76.68,1.0
15246,49,54,2549,98,768.06,75.98,1.0
15247,146,59,2646,292,768.03,92.6,1.0
15248,86,59,2586,172,768.02,85.96,1.0
15249,14,30,2514,28,768.01,71.64,1.0
15250,26,55,2526,52,767.99,74.09,1.0
15251,56,5,2556,112,767.98,90.5,1.0
15252,14,43,2514,28,767.94,71.63,1.0
15253,21,49,2521,42,767.93,72.68,1.0
15254,56,57,2556,112,767.93,78.34,1.0
15255,27,48,2527,54,767.92,72.3,1.0
15256,214,60,2714,428,767.92,102.46,1.0
15257,80,58,2580,160,767.9,82.95,1.0
15258,50,54,2550,100,767.85,77.19,1.0
15259,31,54,2531,62,767.85,74.92,1.0
15260,26,54,2526,52,767.84,74.2,1.0
15261,165,60,2665,330,767.84,98.4,1.0
15262,46,60,2546,92,767.83,78.75,1.0
15263,14,45,2514,28,767.8,71.7,1.0
15264,27,49,2527,54,767.79,72.92,1.0
15265,40,53,2540,80,767.76,75.08,1.0
15266,140,6,2640,280,767.73,116.43,1.0
15267,83,60,2583,166,767.72,85.34,1.0
15268,37,54,2537,74,767.7,75.4,1.0
15269,15,35,2515,30,767.7,70.85,1.0
15270,66,54,2566,132,767.7,78.9,1.0
15271,21,48,2521,42,767.69,72.59,1.0
15272,15,40,2515,30,767.68,70.74,1.0
15273,141,60,2641,282,767.68,95.28,1.0
15274,143,59,2643,286,767.67,95.73,1.0
15275,23,49,2523,46,767.58,74.58,1.0
15276,120,58,2620,240,767.57,89.62,1.0
15277,162,60,2662,324,767.56,96.06,1.0
15278,284,60,2784,568,767.55,112.17,1.0
15279,39,47,2539,78,767.52,75.35,1.0
15280,200,60,2700,400,767.5,100.53,1.0
15281,15,43,2515,30,767.49,71.07,1.0
15282,65,58,2565,130,767.44,81.85,1.0
15283,55,57,2555,110,767.41,78.4,1.0
15284,132,6,2632,264,767.41,113.75,1.0
15285,140,59,2640,280,767.41,94.88,1.0
15286,30,49,2530,60,767.4,72.58,1.0
15287,15,37,2515,30,767.39,71.16,1.0
15288,175,59,2675,350,767.35,100.42,1.0
15289,15,41,2515,30,767.3,70.68,1.0
15290,109,59,2609,218,767.3,89.45,1.0
15291,236,7,2736,472,767.29,133.8,1.0
15292,248,60,2748,496,767.29,107.04,1.0
15293,138,6,2638,276,767.28,116.07,1.0
15294,15,31,2515,30,767.27,70.9,1.0
15295,185,60,2685,370,767.22,99.65,1.0
15296,72,57,2572,144,767.19,80.31,1.0
15297,90,57,2590,180,767.17,84.69,1.0
15298,15,32,2515,30,767.16,70.8,1.0
15299,24,47,2524,48,767.15,73.55,1.0
15300,155,59,2655,310,767.1,95.23,1.0
15301,38,54,2538,76,767.09,76.73,1.0
15302,104,60,2604,208,767.08,89.26,1.0
15303,57,56,2557,114,767.07,77.79,1.0
15304,75,5,2575,150,767.04,98.41,1.0
15305,76,55,2576,152,766.96,79.9,1.0
15306,48,58,2548,96,766.94,80.06,1.0
15307,41,5,2541,82,766.94,88.48,1.0
15308,15,33,2515,30,766.92,70.97,1.0
15309,15,44,2515,30,766.92,71.12,1.0
15310,14,47,2514,28,766.92,71.87,1.0
15311,153,59,2653,306,766.92,96.74,1.0
15312,20,40,2520,40,766.91,71.9,1.0
15313,20,33,2520,40,766.9,72.35,1.0
15314,122,58,2622,244,766.89,89.14,1.0
15315,297,8,2797,594,766.89,148.53,1.0
15316,15,38,2515,30,766.88,70.71,1.0
15317,53,5,2553,106,766.87,92.89,1.0
15318,34,54,2534,68,766.86,74.94,1.0
15319,107,59,2607,214,766.86,88.62,1.0
15320,20,32,2520,40,766.85,73.12,1.0
15321,20,31,2520,40,766.82,72.28,1.0
15322,20,38,2520,40,766.82,72.25,1.0
15323,29,50,2529,58,766.82,73.91,1.0
15324,25,53,2525,50,766.81,73.72,1.0
15325,84,58,2584,168,766.8,84.07,1.0
15326,15,39,2515,30,766.78,70.49,1.0
15327,20,41,2520,40,766.78,72.47,1.0
15328,27,50,2527,54,766.77,72.95,1.0
15329,135,60,2635,270,766.77,93.61,1.0
15330,49,55,2549,98,766.76,76.29,1.0
15331,32,49,2532,64,766.76,75.07,1.0
15332,45,55,2545,90,766.76,75.71,1.0
15333,137,59,2637,274,766.75,94.79,1.0
15334,38,55,2538,76,766.73,76.78,1.0
15335,247,7,2747,494,766.72,134.96,1.0
15336,20,36,2520,40,766.71,72.53,1.0
15337,23,50,2523,46,766.7,74.91,1.0
15338,15,34,2515,30,766.69,71.2,1.0
15339,28,51,2528,56,766.69,73.83,1.0
15340,68,59,2568,136,766.67,81.65,1.0
15341,42,58,2542,84,766.65,79.4,1.0
15342,32,50,2532,64,766.65,74.9,1.0
15343,128,6,2628,256,766.65,113.13,1.0
15344,47,58,2547,94,766.63,79.02,1.0
15345,20,42,2520,40,766.61,71.89,1.0
15346,100,59,2600,200,766.61,88.28,1.0
15347,102,59,2602,204,766.58,86.59,1.0
15348,52,58,2552,104,766.55,78.98,1.0
15349,15,42,2515,30,766.55,71.24,1.0
15350,54,57,2554,108,766.54,79.18,1.0
15351,91,58,2591,182,766.54,85.07,1.0
15352,20,43,2520,40,766.51,72.55,1.0
15353,20,37,2520,40,766.5,72.49,1.0
15354,36,54,2536,72,766.49,75.73,1.0
15355,32,51,2532,64,766.49,75.73,1.0
15356,77,60,2577,154,766.48,85.56,1.0
15357,63,57,2563,126,766.46,81.38,1.0
15358,171,60,2671,342,766.46,99.58,1.0
15359,43,58,2543,86,766.45,79.55,1.0
15360,28,52,2528,56,766.45,74.33,1.0
15361,37,55,2537,74,766.44,75.57,1.0
15362,25,54,2525,50,766.43,73.5,1.0
15363,18,48,2518,36,766.39,71.6,1.0
15364,15,30,2515,30,766.36,70.7,1.0
15365,26,56,2526,52,766.35,74.36,1.0
15366,20,34,2520,40,766.35,72.07,1.0
15367,224,60,2724,448,766.35,108.27,1.0
15368,52,59,2552,104,766.33,80.61,1.0
15369,15,46,2515,30,766.33,71.02,1.0
15370,18,49,2518,36,766.33,71.49,1.0
15371,39,48,2539,78,766.32,75.37,1.0
15372,24,48,2524,48,766.29,74.35,1.0
15373,14,48,2514,28,766.29,72.07,1.0
15374,97,60,2597,194,766.28,85.8,1.0
15375,121,59,2621,242,766.25,89.81,1.0
15376,60,57,2560,120,766.24,78.29,1.0
15377,15,36,2515,30,766.21,70.52,1.0
15378,15,45,2515,30,766.2,70.76,1.0
15379,20,44,2520,40,766.2,72.04,1.0
15380,58,56,2558,116,766.17,78.62,1.0
15381,92,58,2592,184,766.16,84.92,1.0
15382,20,39,2520,40,766.15,71.89,1.0
15383,45,5,2545,90,766.15,88.34,1.0
15384,20,30,2520,40,766.12,72.69,1.0
15385,21,50,2521,42,766.11,73.56,1.0
15386,130,6,2630,260,766.11,109.97,1.0
15387,197,60,2697,394,766.11,104.39,1.0
15388,51,56,2551,102,766.08,79.39,1.0
15389,71,60,2571,142,766.06,82.57,1.0
15390,82,55,2582,164,766.04,80.82,1.0
15391,194,60,2694,388,766.03,100.28,1.0
15392,53,57,2553,106,766.01,79.37,1.0
15393,26,57,2526,52,766.01,75.03,1.0
15394,14,49,2514,28,766.0,72.55,1.0
15395,22,41,2522,44,765.99,72.45,1.0
15396,99,60,2599,198,765.96,87.63,1.0
15397,134,59,2634,268,765.96,91.45,1.0
15398,41,53,2541,82,765.93,75.57,1.0
15399,23,51,2523,46,765.91,75.21,1.0
15400,33,53,2533,66,765.91,74.19,1.0
15401,35,52,2535,70,765.89,74.67,1.0
15402,50,55,2550,100,765.84,78.2,1.0
15403,227,60,2727,454,765.8,107.29,1.0
15404,60,5,2560,120,765.78,90.91,1.0
15405,21,51,2521,42,765.78,73.59,1.0
15406,44,56,2544,88,765.77,78.14,1.0
15407,103,60,2603,206,765.72,89.34,1.0
15408,111,60,2611,222,765.7,89.5,1.0
15409,130,59,2630,260,765.68,89.61,1.0
15410,20,45,2520,40,765.66,73.02,1.0
15411,22,36,2522,44,765.64,71.6,1.0
15412,69,59,2569,138,765.62,83.19,1.0
15413,110,59,2610,220,765.6,89.22,1.0
15414,40,54,2540,80,765.56,75.76,1.0
15415,87,57,2587,174,765.55,85.88,1.0
15416,156,60,2656,312,765.55,97.51,1.0
15417,20,35,2520,40,765.54,72.42,1.0
15418,56,58,2556,112,765.52,79.15,1.0
15419,39,49,2539,78,765.51,75.57,1.0
15420,50,5,2550,100,765.47,91.27,1.0
15421,137,6,2637,274,765.46,115.34,1.0
15422,22,38,2522,44,765.42,72.63,1.0
15423,34,55,2534,68,765.37,75.38,1.0
15424,57,57,2557,114,765.34,78.03,1.0
15425,81,57,2581,162,765.34,81.68,1.0
15426,21,52,2521,42,765.29,73.24,1.0
15427,59,55,2559,118,765.24,78.42,1.0
15428,64,56,2564,128,765.22,81.87,1.0
15429,36,55,2536,72,765.18,77.75,1.0
15430,225,7,2725,450,765.18,132.69,1.0
15431,30,50,2530,60,765.17,72.89,1.0
15432,25,55,2525,50,765.15,74.73,1.0
15433,22,30,2522,44,765.14,72.29,1.0
15434,88,59,2588,176,765.13,83.99,1.0
15435,33,54,2533,66,765.1,75.41,1.0
15436,70,57,2570,140,765.07,80.38,1.0
15437,29,51,2529,58,765.06,74.75,1.0
15438,47,59,2547,94,765.02,79.3,1.0
15439,15,47,2515,30,765.01,71.19,1.0
15440,21,53,2521,42,764.96,73.59,1.0
15441,20,47,2520,40,764.96,72.03,1.0
15442,67,57,2567,134,764.95,80.57,1.0
15443,22,32,2522,44,764.94,72.14,1.0
15444,22,35,2522,44,764.91,72.29,1.0
15445,62,5,2562,124,764.9,94.82,1.0
15446,41,54,2541,82,764.89,76.77,1.0
15447,15,49,2515,30,764.86,72.07,1.0
15448,20,46,2520,40,764.84,72.12,1.0
15449,93,58,2593,186,764.82,86.11,1.0
15450,24,49,2524,48,764.76,74.41,1.0
15451,112,60,2612,224,764.76,90.48,1.0
15452,125,59,2625,250,764.76,90.64,1.0
15453,22,45,2522,44,764.74,72.2,1.0
15454,101,58,2601,202,764.73,86.81,1.0
15455,31,55,2531,62,764.72,75.13,1.0
15456,14,50,2514,28,764.69,72.54,1.0
15457,58,5,2558,116,764.66,93.08,1.0
15458,22,34,2522,44,764.65,72.89,1.0
15459,79,60,2579,158,764.61,85.04,1.0
15460,105,59,2605,210,764.59,89.36,1.0
15461,22,42,2522,44,764.56,71.98,1.0
15462,32,52,2532,64,764.55,75.57,1.0
15463,38,56,2538,76,764.52,77.96,1.0
15464,18,50,2518,36,764.5,72.14,1.0
15465,98,59,2598,196,764.5,88.46,1.0
15466,66,55,2566,132,764.45,80.62,1.0
15467,119,60,2619,238,764.45,91.04,1.0
15468,22,31,2522,44,764.42,72.36,1.0
15469,22,40,2522,44,764.41,72.28,1.0
15470,27,52,2527,54,764.38,73.94,1.0
15471,73,58,2573,146,764.38,81.65,1.0
15472,54,58,2554,108,764.37,79.76,1.0
15473,78,60,2578,156,764.36,85.26,1.0
15474,37,56,2537,74,764.35,74.96,1.0
15475,45,56,2545,90,764.35,77.46,1.0
15476,22,43,2522,44,764.34,72.11,1.0
15477,23,52,2523,46,764.33,75.19,1.0
15478,106,59,2606,212,764.29,88.49,1.0
15479,40,55,2540,80,764.28,75.61,1.0
15480,174,60,2674,348,764.28,101.13,1.0
15481,147,59,2647,294,764.25,94.16,1.0
15482,22,33,2522,44,764.24,72.71,1.0
15483,24,50,2524,48,764.24,74.97,1.0
15484,114,59,2614,228,764.21,90.45,1.0
15485,12,33,2512,24,764.19,71.34,1.0
15486,76,56,2576,152,764.18,80.66,1.0
15487,65,59,2565,130,764.14,82.38,1.0
15488,139,60,2639,278,764.13,94.2,1.0
15489,22,44,2522,44,764.12,71.78,1.0
15490,27,51,2527,54,764.11,73.4,1.0
15491,12,30,2512,24,764.09,71.23,1.0
15492,28,53,2528,56,764.08,73.82,1.0
15493,35,53,2535,70,764.06,74.81,1.0
15494,79,5,2579,158,764.04,98.58,1.0
15495,128,60,2628,256,764.03,92.7,1.0
15496,118,60,2618,236,764.01,90.35,1.0
15497,12,45,2512,24,764.0,71.26,1.0
15498,22,39,2522,44,763.99,71.69,1.0
15499,22,46,2522,44,763.98,72.79,1.0
15500,72,58,2572,144,763.95,80.85,1.0
15501,33,55,2533,66,763.93,74.92,1.0
15502,228,7,2728,456,763.93,131.88,1.0
15503,42,59,2542,84,763.88,80.98,1.0
15504,22,47,2522,44,763.87,72.36,1.0
15505,26,58,2526,52,763.86,74.14,1.0
15506,12,36,2512,24,763.8,71.47,1.0
15507,12,38,2512,24,763.79,71.37,1.0
15508,49,56,2549,98,763.77,77.08,1.0
15509,58,57,2558,116,763.77,79.02,1.0
15510,63,58,2563,126,763.77,82.44,1.0
15511,34,56,2534,68,763.77,74.97,1.0
15512,20,48,2520,40,763.75,72.34,1.0
15513,15,50,2515,30,763.72,71.57,1.0
15514,28,54,2528,56,763.72,74.15,1.0
15515,15,48,2515,30,763.71,71.3,1.0
15516,12,44,2512,24,763.71,71.43,1.0
15517,62,58,2562,124,763.7,81.8,1.0
15518,90,58,2590,180,763.7,86.47,1.0
15519,113,59,2613,226,763.69,91.79,1.0
15520,17,37,2517,34,763.68,72.35,1.0
15521,17,39,2517,34,763.65,73.17,1.0
15522,17,43,2517,34,763.64,72.9,1.0
15523,47,60,2547,94,763.64,80.24,1.0
15524,43,59,2543,86,763.63,79.49,1.0
15525,18,52,2518,36,763.63,72.27,1.0
15526,138,60,2638,276,763.63,97.9,1.0
15527,22,37,2522,44,763.62,72.48,1.0
15528,33,56,2533,66,763.58,75.02,1.0
15529,29,53,2529,58,763.57,74.76,1.0
15530,61,60,2561,122,763.56,80.55,1.0
15531,74,60,2574,148,763.56,82.77,1.0
15532,53,58,2553,106,763.55,79.73,1.0
15533,12,43,2512,24,763.54,72.0,1.0
15534,29,52,2529,58,763.53,73.73,1.0
15535,23,53,2523,46,763.51,74.96,1.0
15536,12,39,2512,24,763.5,71.29,1.0
15537,141,6,2641,282,763.5,115.3,1.0
15538,20,49,2520,40,763.45,72.79,1.0
15539,157,60,2657,314,763.42,98.71,1.0
15540,117,6,2617,234,763.41,112.28,1.0
15541,48,59,2548,96,763.38,80.43,1.0
15542,12,35,2512,24,763.38,71.3,1.0
15543,14,51,2514,28,763.36,72.96,1.0
15544,81,58,2581,162,763.35,82.45,1.0
15545,85,59,2585,170,763.34,86.03,1.0
15546,7,31,2507,14,763.32,70.39,1.0
15547,17,33,2517,34,763.31,73.03,1.0
15548,18,51,2518,36,763.29,72.03,1.0
15549,117,59,2617,234,763.28,91.95,1.0
15550,38,57,2538,76,763.26,77.92,1.0
15551,192,60,2692,384,763.26,102.66,1.0
15552,12,34,2512,24,763.25,70.61,1.0
15553,21,54,2521,42,763.23,74.3,1.0
15554,24,51,2524,48,763.23,75.24,1.0
15555,12,32,2512,24,763.23,71.6,1.0
15556,17,41,2517,34,763.2,73.16,1.0
15557,25,56,2525,50,763.18,75.24,1.0
15558,260,7,2760,520,763.18,134.65,1.0
15559,149,60,2649,298,763.16,92.43,1.0
15560,40,56,2540,80,763.15,77.41,1.0
15561,12,40,2512,24,763.15,70.81,1.0
15562,17,30,2517,34,763.14,73.17,1.0
15563,12,42,2512,24,763.14,71.55,1.0
15564,70,58,2570,140,763.11,80.22,1.0
15565,14,52,2514,28,763.1,72.43,1.0
15566,44,57,2544,88,763.04,79.07,1.0
15567,22,48,2522,44,763.04,72.53,1.0
15568,32,53,2532,64,763.02,76.39,1.0
15569,7,39,2507,14,763.02,70.78,1.0
15570,172,6,2672,344,763.0,123.53,1.0
15571,14,53,2514,28,762.99,73.52,1.0
15572,195,60,2695,390,762.99,101.51,1.0
15573,12,31,2512,24,762.98,71.42,1.0
15574,17,40,2517,34,762.97,72.82,1.0
15575,56,59,2556,112,762.96,79.25,1.0
15576,26,59,2526,52,762.94,75.97,1.0
15577,7,42,2507,14,762.89,70.63,1.0
15578,12,46,2512,24,762.89,71.14,1.0
15579,65,5,2565,130,762.88,95.17,1.0
15580,12,41,2512,24,762.88,70.6,1.0
15581,127,59,2627,254,762.88,92.71,1.0
15582,51,57,2551,102,762.86,79.55,1.0
15583,55,58,2555,110,762.85,80.18,1.0
15584,30,51,2530,60,762.84,73.11,1.0
15585,17,31,2517,34,762.82,72.33,1.0
15586,17,34,2517,34,762.81,73.1,1.0
15587,7,35,2507,14,762.81,70.48,1.0
15588,7,40,2507,14,762.81,70.59,1.0
15589,86,60,2586,172,762.79,87.33,1.0
15590,17,42,2517,34,762.78,73.33,1.0
15591,54,5,2554,108,762.77,91.43,1.0
15592,165,6,2665,330,762.77,119.36,1.0
15593,108,59,2608,216,762.76,89.08,1.0
15594,17,38,2517,34,762.75,73.53,1.0
15595,95,59,2595,190,762.75,86.18,1.0
15596,7,41,2507,14,762.73,70.85,1.0
15597,17,32,2517,34,762.72,73.52,1.0
15598,7,33,2507,14,762.72,70.6,1.0
15599,12,37,2512,24,762.72,70.72,1.0
15600,41,55,2541,82,762.7,76.63,1.0
15601,17,35,2517,34,762.67,72.85,1.0
15602,123,59,2623,246,762.66,89.16,1.0
15603,39,50,2539,78,762.65,76.94,1.0
15604,15,51,2515,30,762.64,71.17,1.0
15605,87,58,2587,174,762.61,85.95,1.0
15606,7,38,2507,14,762.57,71.05,1.0
15607,14,55,2514,28,762.57,74.03,1.0
15608,68,5,2568,136,762.57,94.51,1.0
15609,50,56,2550,100,762.55,78.16,1.0
15610,7,32,2507,14,762.55,70.59,1.0
15611,7,48,2507,14,762.55,70.88,1.0
15612,37,57,2537,74,762.5,76.47,1.0
15613,25,57,2525,50,762.49,75.03,1.0
15614,7,36,2507,14,762.45,70.29,1.0
15615,7,30,2507,14,762.43,70.37,1.0
15616,35,54,2535,70,762.42,74.67,1.0
15617,17,36,2517,34,762.41,72.61,1.0
15618,17,46,2517,34,762.41,72.94,1.0
15619,66,56,2566,132,762.37,80.13,1.0
15620,23,54,2523,46,762.36,75.71,1.0
15621,31,56,2531,62,762.34,74.83,1.0
15622,7,45,2507,14,762.34,71.5,1.0
15623,76,57,2576,152,762.32,82.15,1.0
15624,290,8,2790,580,762.3,147.36,1.0
15625,14,54,2514,28,762.28,73.01,1.0
15626,243,59,2743,486,762.24,106.02,1.0
15627,18,54,2518,36,762.23,73.22,1.0
15628,20,50,2520,40,762.23,73.3,1.0
15629,222,7,2722,444,762.21,130.21,1.0
15630,52,60,2552,104,762.18,80.67,1.0
15631,17,44,2517,34,762.17,72.32,1.0
15632,297,60,2797,594,762.17,118.18,1.0
15633,34,57,2534,68,762.13,75.98,1.0
15634,21,55,2521,42,762.12,75.22,1.0
15635,45,57,2545,90,762.11,77.82,1.0
15636,11,35,2511,22,762.1,74.51,1.0
15637,7,49,2507,14,762.1,70.92,1.0
15638,89,60,2589,178,762.1,86.33,1.0
15639,57,58,2557,114,762.09,79.33,1.0
15640,120,59,2620,240,762.09,91.86,1.0
15641,292,8,2792,584,762.09,145.95,1.0
15642,7,34,2507,14,762.08,71.11,1.0
15643,88,60,2588,176,762.08,84.78,1.0
15644,92,59,2592,184,762.07,85.11,1.0
15645,7,43,2507,14,762.03,70.7,1.0
15646,10,32,2510,20,762.01,70.01,1.0
15647,82,56,2582,164,762.0,81.15,1.0
15648,9,32,2509,18,761.99,71.52,1.0
15649,11,39,2511,22,761.99,73.05,1.0
15650,12,50,2512,24,761.97,72.11,1.0
15651,27,54,2527,54,761.97,73.99,1.0
15652,22,49,2522,44,761.95,73.1,1.0
15653,12,47,2512,24,761.93,71.52,1.0
15654,26,60,2526,52,761.91,76.29,1.0
15655,4,37,2504,8,761.91,72.29,1.0
15656,91,59,2591,182,761.91,85.14,1.0
15657,4,31,2504,8,761.87,72.06,1.0
15658,4,46,2504,8,761.86,72.52,1.0
15659,9,40,2509,18,761.85,71.28,1.0
15660,7,50,2507,14,761.83,70.94,1.0
15661,9,39,2509,18,761.82,71.67,1.0
15662,23,55,2523,46,761.81,75.67,1.0
15663,84,59,2584,168,761.8,84.79,1.0
15664,7,37,2507,14,761.79,71.18,1.0
15665,7,44,2507,14,761.79,70.83,1.0
15666,73,59,2573,146,761.79,83.53,1.0
15667,18,53,2518,36,761.78,72.02,1.0
15668,10,34,2510,20,761.77,70.44,1.0
15669,7,47,2507,14,761.76,70.61,1.0
15670,132,60,2632,264,761.76,94.65,1.0
15671,17,45,2517,34,761.74,72.41,1.0
15672,31,57,2531,62,761.72,75.07,1.0
15673,7,46,2507,14,761.72,70.32,1.0
15674,68,60,2568,136,761.72,83.54,1.0
15675,1,40,2501,2,761.71,71.53,1.0
15676,40,57,2540,80,761.7,77.38,1.0
15677,1,48,2501,2,761.7,72.03,1.0
15678,4,30,2504,8,761.7,71.77,1.0
15679,136,60,2636,272,761.7,94.22,1.0
15680,11,37,2511,22,761.69,73.89,1.0
15681,27,53,2527,54,761.69,74.05,1.0
15682,4,41,2504,8,761.68,72.38,1.0
15683,12,48,2512,24,761.66,71.32,1.0
15684,11,34,2511,22,761.65,73.99,1.0
15685,15,52,2515,30,761.65,71.92,1.0
15686,4,38,2504,8,761.65,73.11,1.0
15687,49,57,2549,98,761.63,77.8,1.0
15688,10,39,2510,20,761.63,70.8,1.0
15689,4,43,2504,8,761.63,72.58,1.0
15690,35,55,2535,70,761.62,75.0,1.0
15691,50,57,2550,100,761.59,78.74,1.0
15692,10,47,2510,20,761.59,70.34,1.0
15693,1,52,2501,2,761.59,71.07,1.0
15694,39,5,2539,78,761.58,88.44,1.0
15695,44,58,2544,88,761.57,79.53,1.0
15696,4,33,2504,8,761.57,71.98,1.0
15697,28,55,2528,56,761.57,74.86,1.0
15698,69,60,2569,138,761.56,83.42,1.0
15699,36,56,2536,72,761.54,78.06,1.0
15700,38,58,2538,76,761.53,78.67,1.0
15701,60,58,2560,120,761.53,79.73,1.0
15702,1,39,2501,2,761.53,70.88,1.0
15703,20,51,2520,40,761.52,74.19,1.0
15704,10,43,2510,20,761.51,70.76,1.0
15705,10,44,2510,20,761.51,71.0,1.0
15706,4,32,2504,8,761.51,72.46,1.0
15707,9,33,2509,18,761.49,71.5,1.0
15708,13,37,2513,26,761.49,71.89,1.0
15709,53,59,2553,106,761.47,80.32,1.0
15710,13,44,2513,26,761.47,71.54,1.0
15711,80,59,2580,160,761.47,83.72,1.0
15712,116,60,2616,232,761.46,92.07,1.0
15713,17,47,2517,34,761.44,72.49,1.0
15714,9,36,2509,18,761.43,71.31,1.0
15715,94,5,2594,188,761.43,103.13,1.0
15716,4,44,2504,8,761.42,72.91,1.0
15717,70,59,2570,140,761.41,81.52,1.0
15718,1,32,2501,2,761.4,71.28,1.0
15719,4,52,2504,8,761.4,73.0,1.0
15720,12,51,2512,24,761.36,71.77,1.0
15721,1,35,2501,2,761.35,71.77,1.0
15722,10,37,2510,20,761.34,71.09,1.0
15723,11,38,2511,22,761.34,73.73,1.0
15724,9,43,2509,18,761.33,71.96,1.0
15725,1,42,2501,2,761.31,71.85,1.0
15726,234,7,2734,468,761.31,139.25,1.0
15727,11,33,2511,22,761.3,74.01,1.0
15728,55,59,2555,110,761.3,79.94,1.0
15729,29,54,2529,58,761.3,75.16,1.0
15730,4,40,2504,8,761.29,72.47,1.0
15731,4,45,2504,8,761.29,72.64,1.0
15732,51,58,2551,102,761.28,79.51,1.0
15733,10,41,2510,20,761.28,70.56,1.0
15734,15,53,2515,30,761.26,72.35,1.0
15735,21,56,2521,42,761.26,74.56,1.0
15736,169,60,2669,338,761.26,97.48,1.0
15737,24,52,2524,48,761.25,75.31,1.0
15738,167,6,2667,334,761.25,120.85,1.0
15739,13,34,2513,26,761.23,71.84,1.0
15740,4,35,2504,8,761.23,72.02,1.0
15741,4,53,2504,8,761.22,72.57,1.0
15742,163,6,2663,326,761.22,120.05,1.0
15743,64,57,2564,128,761.2,81.99,1.0
15744,13,40,2513,26,761.19,72.13,1.0
15745,4,34,2504,8,761.18,72.5,1.0
15746,11,36,2511,22,761.17,74.15,1.0
15747,10,33,2510,20,761.16,70.88,1.0
15748,11,32,2511,22,761.16,73.74,1.0
15749,78,5,2578,156,761.16,99.87,1.0
15750,122,59,2622,244,761.16,90.49,1.0
15751,123,6,2623,246,761.15,108.2,1.0
15752,9,35,2509,18,761.14,71.82,1.0
15753,30,52,2530,60,761.14,73.84,1.0
15754,1,41,2501,2,761.14,71.51,1.0
15755,4,47,2504,8,761.14,73.33,1.0
15756,10,35,2510,20,761.13,71.02,1.0
15757,1,47,2501,2,761.13,71.75,1.0
15758,55,5,2555,110,761.12,92.02,1.0
15759,4,48,2504,8,761.12,72.38,1.0
15760,19,32,2519,38,761.11,71.66,1.0
15761,161,6,2661,322,761.11,118.92,1.0
15762,10,40,2510,20,761.1,70.44,1.0
15763,57,59,2557,114,761.1,79.67,1.0
15764,1,31,2501,2,761.1,70.96,1.0
15765,4,39,2504,8,761.07,72.3,1.0
15766,13,43,2513,26,761.06,70.7,1.0
15767,22,50,2522,44,761.05,72.99,1.0
15768,11,31,2511,22,761.04,73.71,1.0
15769,13,39,2513,26,761.03,71.88,1.0
15770,1,36,2501,2,761.03,71.19,1.0
15771,11,46,2511,22,761.02,73.99,1.0
15772,4,36,2504,8,761.02,72.41,1.0
15773,10,46,2510,20,761.01,71.29,1.0
15774,23,56,2523,46,761.01,75.65,1.0
15775,13,31,2513,26,761.0,71.35,1.0
15776,102,60,2602,204,761.0,87.81,1.0
15777,183,60,2683,366,761.0,100.35,1.0
15778,10,36,2510,20,760.98,70.26,1.0
15779,134,6,2634,268,760.98,112.45,1.0
15780,10,31,2510,20,760.96,70.78,1.0
15781,9,38,2509,18,760.95,71.26,1.0
15782,11,47,2511,22,760.95,73.49,1.0
15783,13,42,2513,26,760.95,71.27,1.0
15784,1,59,2501,2,760.95,71.33,1.0
15785,1,50,2501,2,760.94,72.08,1.0
15786,4,42,2504,8,760.93,72.55,1.0
15787,1,46,2501,2,760.9,71.63,1.0
15788,1,51,2501,2,760.9,71.16,1.0
15789,36,57,2536,72,760.89,78.2,1.0
15790,11,44,2511,22,760.89,73.5,1.0
15791,1,33,2501,2,760.89,71.77,1.0
15792,10,42,2510,20,760.88,70.53,1.0
15793,67,58,2567,134,760.88,81.19,1.0
15794,9,34,2509,18,760.87,71.55,1.0
15795,9,37,2509,18,760.87,70.87,1.0
15796,24,53,2524,48,760.87,75.47,1.0
15797,10,38,2510,20,760.86,70.73,1.0
15798,11,43,2511,22,760.86,73.36,1.0
15799,107,60,2607,214,760.86,90.28,1.0
15800,9,31,2509,18,760.84,72.23,1.0
15801,11,30,2511,22,760.84,73.79,1.0
15802,54,59,2554,108,760.83,79.84,1.0
15803,4,49,2504,8,760.83,72.78,1.0
15804,1,57,2501,2,760.81,71.87,1.0
15805,1,49,2501,2,760.8,71.61,1.0
15806,19,39,2519,38,760.79,72.43,1.0
15807,28,56,2528,56,760.78,75.14,1.0
15808,12,49,2512,24,760.77,71.47,1.0
15809,13,38,2513,26,760.77,71.65,1.0
15810,251,7,2751,502,760.76,137.2,1.0
15811,11,42,2511,22,760.75,74.18,1.0
15812,9,44,2509,18,760.72,71.63,1.0
15813,39,51,2539,78,760.71,76.5,1.0
15814,20,52,2520,40,760.71,73.25,1.0
15815,21,57,2521,42,760.7,74.38,1.0
15816,33,57,2533,66,760.69,75.42,1.0
15817,1,45,2501,2,760.68,71.57,1.0
15818,256,7,2756,512,760.68,141.36,1.0
15819,11,41,2511,22,760.67,73.68,1.0
15820,1,30,2501,2,760.67,70.97,1.0
15821,19,42,2519,38,760.66,72.4,1.0
15822,191,60,2691,382,760.66,102.54,1.0
15823,19,44,2519,38,760.65,72.31,1.0
15824,65,60,2565,130,760.64,82.3,1.0
15825,154,6,2654,308,760.63,116.85,1.0
15826,137,60,2637,274,760.62,95.89,1.0
15827,146,60,2646,292,760.62,95.19,1.0
15828,10,45,2510,20,760.61,70.55,1.0
15829,7,53,2507,14,760.6,71.96,1.0
15830,100,60,2600,200,760.6,89.47,1.0
15831,13,32,2513,26,760.59,70.95,1.0
15832,9,45,2509,18,760.57,71.1,1.0
15833,4,50,2504,8,760.56,72.06,1.0
15834,11,40,2511,22,760.55,73.18,1.0
15835,13,30,2513,26,760.54,71.79,1.0
15836,13,46,2513,26,760.54,72.43,1.0
15837,9,30,2509,18,760.53,71.74,1.0
15838,42,60,2542,84,760.53,81.25,1.0
15839,63,5,2563,126,760.53,95.05,1.0
15840,48,60,2548,96,760.52,80.93,1.0
15841,9,42,2509,18,760.52,71.93,1.0
15842,7,52,2507,14,760.52,70.54,1.0
15843,4,56,2504,8,760.52,72.61,1.0
15844,9,41,2509,18,760.51,71.61,1.0
15845,56,60,2556,112,760.5,80.6,1.0
15846,37,58,2537,74,760.49,77.13,1.0
15847,14,56,2514,28,760.49,73.85,1.0
15848,1,43,2501,2,760.49,71.16,1.0
15849,34,59,2534,68,760.49,77.2,1.0
15850,59,56,2559,118,760.47,79.91,1.0
15851,13,41,2513,26,760.47,71.95,1.0
15852,4,54,2504,8,760.46,72.41,1.0
15853,34,58,2534,68,760.45,76.62,1.0
15854,232,7,2732,464,760.43,134.28,1.0
15855,10,30,2510,20,760.4,70.74,1.0
15856,15,54,2515,30,760.39,72.39,1.0
15857,245,7,2745,490,760.39,134.7,1.0
15858,13,35,2513,26,760.38,72.04,1.0
15859,13,36,2513,26,760.38,71.13,1.0
15860,109,60,2609,218,760.38,90.43,1.0
15861,4,60,2504,8,760.37,72.52,1.0
15862,19,34,2519,38,760.36,72.12,1.0
15863,13,48,2513,26,760.35,71.5,1.0
15864,19,30,2519,38,760.34,71.62,1.0
15865,1,44,2501,2,760.34,71.72,1.0
15866,1,37,2501,2,760.32,71.22,1.0
15867,12,52,2512,24,760.3,72.19,1.0
15868,13,47,2513,26,760.3,70.96,1.0
15869,1,56,2501,2,760.29,71.97,1.0
15870,1,54,2501,2,760.28,72.35,1.0
15871,18,55,2518,36,760.27,72.31,1.0
15872,1,55,2501,2,760.25,71.87,1.0
15873,35,56,2535,70,760.25,76.13,1.0
15874,19,31,2519,38,760.24,72.5,1.0
15875,1,53,2501,2,760.24,70.66,1.0
15876,140,60,2640,280,760.24,94.89,1.0
15877,14,57,2514,28,760.23,73.7,1.0
15878,19,40,2519,38,760.21,72.69,1.0
15879,7,54,2507,14,760.16,71.27,1.0
15880,19,36,2519,38,760.15,71.66,1.0
15881,30,53,2530,60,760.14,74.08,1.0
15882,1,34,2501,2,760.14,70.89,1.0
15883,121,60,2621,242,760.11,90.1,1.0
15884,12,53,2512,24,760.1,71.56,1.0
15885,17,49,2517,34,760.09,73.25,1.0
15886,1,38,2501,2,760.09,71.42,1.0
15887,11,48,2511,22,760.04,74.54,1.0
15888,39,52,2539,78,760.04,77.0,1.0
15889,1,60,2501,2,760.02,71.81,1.0
15890,27,55,2527,54,760.01,74.75,1.0
15891,1,58,2501,2,760.0,71.34,1.0
15892,29,55,2529,58,759.98,75.09,1.0
15893,13,45,2513,26,759.97,71.77,1.0
15894,44,59,2544,88,759.96,80.08,1.0
15895,246,7,2746,492,759.96,135.5,1.0
15896,19,37,2519,38,759.95,72.79,1.0
15897,98,60,2598,196,759.92,90.68,1.0
15898,13,33,2513,26,759.91,71.88,1.0
15899,10,50,2510,20,759.88,70.63,1.0
15900,66,57,2566,132,759.88,80.87,1.0
15901,9,46,2509,18,759.87,71.07,1.0
15902,41,56,2541,82,759.87,77.62,1.0
15903,18,56,2518,36,759.85,72.73,1.0
15904,19,33,2519,38,759.85,71.47,1.0
15905,25,58,2525,50,759.82,75.18,1.0
15906,19,41,2519,38,759.82,72.58,1.0
15907,43,60,2543,86,759.81,80.62,1.0
15908,31,58,2531,62,759.79,76.58,1.0
15909,19,38,2519,38,759.79,72.48,1.0
15910,15,55,2515,30,759.78,72.42,1.0
15911,10,48,2510,20,759.77,70.92,1.0
15912,72,59,2572,144,759.75,81.69,1.0
15913,10,49,2510,20,759.72,70.93,1.0
15914,83,5,2583,166,759.72,99.18,1.0
15915,139,6,2639,278,759.72,112.36,1.0
15916,11,45,2511,22,759.7,73.59,1.0
15917,7,51,2507,14,759.7,71.03,1.0
15918,29,56,2529,58,759.7,76.05,1.0
15919,73,5,2573,146,759.68,96.47,1.0
15920,30,54,2530,60,759.64,74.71,1.0
15921,25,59,2525,50,759.64,75.74,1.0
15922,10,51,2510,20,759.63,70.83,1.0
15923,33,58,2533,66,759.63,75.03,1.0
15924,23,57,2523,46,759.61,76.07,1.0
15925,4,59,2504,8,759.6,73.4,1.0
15926,77,5,2577,154,759.6,98.66,1.0
15927,164,60,2664,328,759.6,97.92,1.0
15928,19,43,2519,38,759.59,72.36,1.0
15929,60,59,2560,120,759.57,80.31,1.0
15930,20,53,2520,40,759.56,72.96,1.0
15931,28,57,2528,56,759.56,75.33,1.0
15932,4,55,2504,8,759.55,73.21,1.0
15933,4,57,2504,8,759.54,72.69,1.0
15934,62,59,2562,124,759.53,83.53,1.0
15935,32,54,2532,64,759.53,76.24,1.0
15936,19,45,2519,38,759.52,72.9,1.0
15937,17,48,2517,34,759.51,73.36,1.0
15938,58,58,2558,116,759.5,79.17,1.0
15939,57,5,2557,114,759.48,90.53,1.0
15940,4,51,2504,8,759.48,72.27,1.0
15941,4,58,2504,8,759.4,73.76,1.0
15942,9,48,2509,18,759.39,71.8,1.0
15943,12,54,2512,24,759.37,72.13,1.0
15944,249,7,2749,498,759.34,136.14,1.0
15945,12,55,2512,24,759.33,72.25,1.0
15946,85,60,2585,170,759.31,86.86,1.0
15947,93,59,2593,186,759.29,85.71,1.0
15948,22,51,2522,44,759.28,73.72,1.0
15949,24,54,2524,48,759.27,75.15,1.0
15950,19,35,2519,38,759.27,72.35,1.0
15951,14,59,2514,28,759.23,74.39,1.0
15952,34,60,2534,68,759.22,77.14,1.0
15953,20,54,2520,40,759.2,74.5,1.0
15954,38,59,2538,76,759.19,78.63,1.0
15955,22,52,2522,44,759.15,73.18,1.0
15956,143,60,2643,286,759.14,97.83,1.0
15957,49,58,2549,98,759.11,78.2,1.0
15958,50,58,2550,100,759.1,79.85,1.0
15959,110,60,2610,220,759.05,91.48,1.0
15960,17,50,2517,34,759.04,73.73,1.0
15961,81,59,2581,162,759.03,82.97,1.0
15962,31,59,2531,62,759.02,75.54,1.0
15963,9,49,2509,18,759.0,71.55,1.0
15964,14,58,2514,28,758.98,74.26,1.0
15965,106,60,2606,212,758.95,89.35,1.0
15966,18,57,2518,36,758.92,72.78,1.0
15967,9,47,2509,18,758.9,71.15,1.0
15968,57,60,2557,114,758.86,79.37,1.0
15969,7,56,2507,14,758.79,71.6,1.0
15970,217,60,2717,434,758.78,106.11,1.0
15971,150,6,2650,300,758.75,114.92,1.0
15972,7,55,2507,14,758.74,71.6,1.0
15973,10,54,2510,20,758.72,71.17,1.0
15974,82,57,2582,164,758.72,82.15,1.0
15975,69,5,2569,138,758.7,98.44,1.0
15976,216,60,2716,432,758.66,106.47,1.0
15977,101,59,2601,202,758.65,87.21,1.0
15978,114,60,2614,228,758.65,90.52,1.0
15979,10,52,2510,20,758.6,70.91,1.0
15980,45,58,2545,90,758.6,78.58,1.0
15981,19,48,2519,38,758.59,72.51,1.0
15982,9,50,2509,18,758.56,71.78,1.0
15983,54,60,2554,108,758.54,81.39,1.0
15984,21,58,2521,42,758.5,74.85,1.0
15985,17,51,2517,34,758.49,74.48,1.0
15986,7,58,2507,14,758.47,71.6,1.0
15987,19,47,2519,38,758.45,72.94,1.0
15988,166,6,2666,332,758.36,120.57,1.0
15989,16,41,2516,32,758.35,74.25,1.0
15990,58,59,2558,116,758.33,80.06,1.0
15991,23,59,2523,46,758.29,75.75,1.0
15992,33,59,2533,66,758.29,77.09,1.0
15993,9,52,2509,18,758.25,72.96,1.0
15994,17,52,2517,34,758.25,73.62,1.0
15995,24,55,2524,48,758.21,75.75,1.0
15996,241,7,2741,482,758.21,137.54,1.0
15997,63,59,2563,126,758.18,83.27,1.0
15998,27,56,2527,54,758.18,74.27,1.0
15999,30,55,2530,60,758.17,74.32,1.0
16000,18,58,2518,36,758.13,73.15,1.0
16001,153,60,2653,306,758.09,97.68,1.0
16002,32,56,2532,64,758.08,77.24,1.0
16003,7,57,2507,14,758.06,71.93,1.0
16004,11,49,2511,22,758.05,74.44,1.0
16005,22,53,2522,44,758.05,74.42,1.0
16006,10,53,2510,20,758.02,71.09,1.0
16007,41,57,2541,82,758.01,78.35,1.0
16008,12,57,2512,24,757.98,72.36,1.0
16009,32,55,2532,64,757.96,76.96,1.0
16010,91,60,2591,182,757.95,86.98,1.0
16011,105,60,2605,210,757.95,91.18,1.0
16012,44,60,2544,88,757.92,80.02,1.0
16013,35,57,2535,70,757.91,76.3,1.0
16014,9,51,2509,18,757.89,71.86,1.0
16015,253,7,2753,506,757.87,141.01,1.0
16016,49,59,2549,98,757.86,78.14,1.0
16017,90,59,2590,180,757.86,86.49,1.0
16018,127,60,2627,254,757.85,93.88,1.0
16019,10,55,2510,20,757.81,71.55,1.0
16020,37,59,2537,74,757.77,76.96,1.0
16021,80,60,2580,160,757.76,84.98,1.0
16022,40,58,2540,80,757.75,77.82,1.0
16023,239,7,2739,478,757.75,135.19,1.0
16024,269,7,2769,538,757.75,140.62,1.0
16025,16,45,2516,32,757.72,74.23,1.0
16026,12,56,2512,24,757.67,71.28,1.0
16027,123,60,2623,246,757.67,90.64,1.0
16028,55,60,2555,110,757.65,81.17,1.0
16029,5,33,2505,10,757.64,72.43,1.0
16030,113,60,2613,226,757.64,93.36,1.0
16031,16,42,2516,32,757.63,74.02,1.0
16032,39,53,2539,78,757.63,77.62,1.0
16033,13,49,2513,26,757.63,71.74,1.0
16034,36,58,2536,72,757.58,78.91,1.0
16035,23,58,2523,46,757.58,76.88,1.0
16036,16,35,2516,32,757.57,73.99,1.0
16037,70,60,2570,140,757.57,82.77,1.0
16038,28,58,2528,56,757.56,75.94,1.0
16039,95,60,2595,190,757.55,87.44,1.0
16040,16,34,2516,32,757.53,74.04,1.0
16041,15,57,2515,30,757.51,73.42,1.0
16042,18,59,2518,36,757.51,73.81,1.0
16043,24,56,2524,48,757.48,75.7,1.0
16044,16,40,2516,32,757.47,74.27,1.0
16045,134,60,2634,268,757.46,92.09,1.0
16046,157,6,2657,314,757.4,119.17,1.0
16047,59,57,2559,118,757.39,79.99,1.0
16048,25,60,2525,50,757.39,75.78,1.0
16049,10,56,2510,20,757.38,71.07,1.0
16050,32,57,2532,64,757.38,77.0,1.0
16051,76,58,2576,152,757.37,82.14,1.0
16052,16,36,2516,32,757.36,74.25,1.0
16053,10,58,2510,20,757.35,72.03,1.0
16054,235,7,2735,470,757.35,138.77,1.0
16055,5,41,2505,10,757.34,72.93,1.0
16056,16,32,2516,32,757.33,74.03,1.0
16057,19,49,2519,38,757.33,72.6,1.0
16058,19,46,2519,38,757.32,72.34,1.0
16059,23,60,2523,46,757.31,77.22,1.0
16060,53,60,2553,106,757.29,80.93,1.0
16061,74,5,2574,148,757.29,96.25,1.0
16062,38,60,2538,76,757.27,79.41,1.0
16063,13,50,2513,26,757.26,71.88,1.0
16064,71,5,2571,142,757.25,98.33,1.0
16065,108,60,2608,216,757.24,90.35,1.0
16066,159,6,2659,318,757.24,121.35,1.0
16067,271,7,2771,542,757.23,143.01,1.0
16068,16,33,2516,32,757.21,73.74,1.0
16069,13,51,2513,26,757.21,71.8,1.0
16070,37,60,2537,74,757.18,77.3,1.0
16071,9,53,2509,18,757.18,72.46,1.0
16072,130,60,2630,260,757.16,91.99,1.0
16073,160,6,2660,320,757.16,117.59,1.0
16074,11,50,2511,22,757.15,74.37,1.0
16075,5,34,2505,10,757.15,72.47,1.0
16076,16,44,2516,32,757.12,74.03,1.0
16077,5,37,2505,10,757.11,73.03,1.0
16078,59,5,2559,118,757.09,91.69,1.0
16079,30,56,2530,60,757.07,75.02,1.0
16080,29,57,2529,58,757.07,76.69,1.0
16081,84,60,2584,168,757.07,85.95,1.0
16082,15,56,2515,30,757.06,72.66,1.0
16083,7,59,2507,14,757.06,72.06,1.0
16084,7,60,2507,14,757.01,71.64,1.0
16085,87,59,2587,174,757.01,87.9,1.0
16086,21,59,2521,42,757.0,75.5,1.0
16087,73,60,2573,146,756.99,84.43,1.0
16088,11,52,2511,22,756.97,73.53,1.0
16089,5,38,2505,10,756.97,72.47,1.0
16090,64,58,2564,128,756.96,82.44,1.0
16091,5,45,2505,10,756.94,72.53,1.0
16092,10,57,2510,20,756.88,72.21,1.0
16093,11,51,2511,22,756.88,74.69,1.0
16094,20,56,2520,40,756.84,74.5,1.0
16095,67,59,2567,134,756.82,82.07,1.0
16096,16,31,2516,32,756.76,74.01,1.0
16097,5,36,2505,10,756.75,72.71,1.0
16098,31,60,2531,62,756.74,76.68,1.0
16099,16,43,2516,32,756.73,74.2,1.0
16100,5,42,2505,10,756.69,72.82,1.0
16101,156,6,2656,312,756.66,121.73,1.0
16102,16,39,2516,32,756.62,74.23,1.0
16103,21,60,2521,42,756.61,75.48,1.0
16104,19,50,2519,38,756.53,72.78,1.0
16105,175,60,2675,350,756.52,102.38,1.0
16106,28,59,2528,56,756.47,76.06,1.0
16107,72,60,2572,144,756.46,83.81,1.0
16108,51,59,2551,102,756.43,80.35,1.0
16109,12,58,2512,24,756.4,72.62,1.0
16110,18,60,2518,36,756.37,74.17,1.0
16111,5,44,2505,10,756.36,71.8,1.0
16112,125,60,2625,250,756.36,91.86,1.0
16113,16,38,2516,32,756.34,73.95,1.0
16114,16,37,2516,32,756.31,74.47,1.0
16115,5,31,2505,10,756.3,72.94,1.0
16116,16,30,2516,32,756.28,74.51,1.0
16117,5,43,2505,10,756.28,72.47,1.0
16118,58,60,2558,116,756.26,81.4,1.0
16119,5,35,2505,10,756.26,72.29,1.0
16120,33,60,2533,66,756.23,77.31,1.0
16121,17,53,2517,34,756.22,74.17,1.0
16122,14,60,2514,28,756.2,74.58,1.0
16123,5,46,2505,10,756.19,72.49,1.0
16124,22,54,2522,44,756.18,73.6,1.0
16125,5,30,2505,10,756.18,72.65,1.0
16126,50,59,2550,100,756.17,80.06,1.0
16127,15,58,2515,30,756.16,73.36,1.0
16128,9,54,2509,18,756.11,72.56,1.0
16129,60,60,2560,120,756.1,79.99,1.0
16130,5,32,2505,10,756.08,72.57,1.0
16131,92,60,2592,184,756.07,86.66,1.0
16132,22,55,2522,44,756.02,74.68,1.0
16133,258,7,2758,516,756.02,139.91,1.0
16134,9,55,2509,18,756.01,73.28,1.0
16135,5,49,2505,10,755.98,73.34,1.0
16136,17,54,2517,34,755.95,74.22,1.0
16137,2,31,2502,4,755.94,72.31,1.0
16138,27,57,2527,54,755.92,75.33,1.0
16139,19,52,2519,38,755.89,73.43,1.0
16140,45,59,2545,90,755.87,79.06,1.0
16141,20,55,2520,40,755.85,74.43,1.0
16142,64,5,2564,128,755.8,94.36,1.0
16143,5,47,2505,10,755.75,72.46,1.0
16144,30,57,2530,60,755.73,74.44,1.0
16145,5,39,2505,10,755.69,72.84,1.0
16146,5,40,2505,10,755.68,72.08,1.0
16147,13,52,2513,26,755.67,72.31,1.0
16148,35,58,2535,70,755.66,77.11,1.0
16149,36,59,2536,72,755.65,79.86,1.0
16150,147,60,2647,294,755.63,95.98,1.0
16151,59,58,2559,118,755.59,80.8,1.0
16152,11,53,2511,22,755.58,74.56,1.0
16153,120,60,2620,240,755.53,92.74,1.0
16154,63,60,2563,126,755.5,84.43,1.0
16155,19,51,2519,38,755.48,73.67,1.0
16156,39,54,2539,78,755.47,77.88,1.0
16157,22,56,2522,44,755.45,75.1,1.0
16158,122,60,2622,244,755.37,91.58,1.0
16159,2,41,2502,4,755.36,72.25,1.0
16160,5,48,2505,10,755.36,73.05,1.0
16161,170,6,2670,340,755.36,122.6,1.0
16162,40,59,2540,80,755.35,78.81,1.0
16163,12,59,2512,24,755.31,72.56,1.0
16164,72,5,2572,144,755.31,97.37,1.0
16165,9,56,2509,18,755.3,73.17,1.0
16166,24,57,2524,48,755.3,76.98,1.0
16167,29,58,2529,58,755.28,76.37,1.0
16168,10,59,2510,20,755.25,72.06,1.0
16169,11,55,2511,22,755.25,74.83,1.0
16170,12,60,2512,24,755.22,72.97,1.0
16171,2,33,2502,4,755.19,71.97,1.0
16172,151,6,2651,302,755.19,116.36,1.0
16173,2,39,2502,4,755.17,72.5,1.0
16174,13,53,2513,26,755.13,72.07,1.0
16175,2,44,2502,4,755.1,72.1,1.0
16176,9,58,2509,18,755.09,73.29,1.0
16177,5,54,2505,10,755.09,72.8,1.0
16178,62,60,2562,124,755.08,83.8,1.0
16179,2,38,2502,4,755.0,72.86,1.0
16180,5,52,2505,10,755.0,73.57,1.0
16181,17,55,2517,34,754.99,74.65,1.0
16182,2,40,2502,4,754.99,72.18,1.0
16183,16,46,2516,32,754.96,74.13,1.0
16184,20,57,2520,40,754.96,74.65,1.0
16185,67,5,2567,134,754.96,95.02,1.0
16186,15,59,2515,30,754.95,73.44,1.0
16187,224,7,2724,448,754.95,135.6,1.0
16188,2,49,2502,4,754.94,72.91,1.0
16189,11,54,2511,22,754.91,74.43,1.0
16190,19,53,2519,38,754.87,73.58,1.0
16191,90,60,2590,180,754.86,87.53,1.0
16192,49,60,2549,98,754.84,79.02,1.0
16193,5,50,2505,10,754.81,73.22,1.0
16194,9,57,2509,18,754.78,73.51,1.0
16195,155,60,2655,310,754.76,96.4,1.0
16196,32,58,2532,64,754.71,77.92,1.0
16197,205,6,2705,410,754.7,125.07,1.0
16198,2,50,2502,4,754.64,72.62,1.0
16199,27,58,2527,54,754.62,75.68,1.0
16200,11,56,2511,22,754.61,75.21,1.0
16201,2,35,2502,4,754.61,72.31,1.0
16202,36,60,2536,72,754.59,79.84,1.0
16203,10,60,2510,20,754.59,70.98,1.0
16204,5,55,2505,10,754.58,73.74,1.0
16205,30,58,2530,60,754.55,75.22,1.0
16206,16,47,2516,32,754.55,73.49,1.0
16207,20,58,2520,40,754.5,75.34,1.0
16208,45,60,2545,90,754.5,79.69,1.0
16209,2,54,2502,4,754.5,72.04,1.0
16210,67,60,2567,134,754.49,83.07,1.0
16211,5,51,2505,10,754.47,73.41,1.0
16212,117,60,2617,234,754.43,92.34,1.0
16213,2,47,2502,4,754.42,71.86,1.0
16214,66,58,2566,132,754.4,81.76,1.0
16215,13,54,2513,26,754.38,72.71,1.0
16216,2,52,2502,4,754.38,72.05,1.0
16217,2,34,2502,4,754.37,72.33,1.0
16218,22,57,2522,44,754.36,74.36,1.0
16219,2,43,2502,4,754.35,72.24,1.0
16220,70,5,2570,140,754.33,96.07,1.0
16221,2,30,2502,4,754.32,73.09,1.0
16222,149,6,2649,298,754.32,113.97,1.0
16223,2,32,2502,4,754.31,72.42,1.0
16224,35,59,2535,70,754.3,76.36,1.0
16225,24,58,2524,48,754.23,76.39,1.0
16226,39,55,2539,78,754.2,79.16,1.0
16227,2,36,2502,4,754.2,72.59,1.0
16228,19,54,2519,38,754.17,73.08,1.0
16229,28,60,2528,56,754.17,76.11,1.0
16230,5,53,2505,10,754.15,72.71,1.0
16231,41,58,2541,82,754.13,78.67,1.0
16232,9,60,2509,18,754.11,72.79,1.0
16233,16,48,2516,32,754.09,75.02,1.0
16234,2,56,2502,4,754.08,72.22,1.0
16235,143,6,2643,286,754.07,116.5,1.0
16236,2,37,2502,4,754.06,72.43,1.0
16237,2,51,2502,4,754.05,72.7,1.0
16238,2,53,2502,4,753.98,72.72,1.0
16239,2,45,2502,4,753.97,72.21,1.0
16240,11,57,2511,22,753.96,75.99,1.0
16241,217,7,2717,434,753.96,132.59,1.0
16242,16,49,2516,32,753.94,74.45,1.0
16243,5,58,2505,10,753.85,72.88,1.0
16244,2,46,2502,4,753.84,72.87,1.0
16245,64,59,2564,128,753.79,82.9,1.0
16246,22,58,2522,44,753.77,75.01,1.0
16247,2,55,2502,4,753.74,72.84,1.0
16248,13,55,2513,26,753.73,72.61,1.0
16249,96,5,2596,192,753.73,101.48,1.0
16250,40,60,2540,80,753.72,79.45,1.0
16251,2,58,2502,4,753.67,72.53,1.0
16252,50,60,2550,100,753.65,81.23,1.0
16253,17,56,2517,34,753.64,74.68,1.0
16254,101,60,2601,202,753.64,88.66,1.0
16255,51,60,2551,102,753.59,81.36,1.0
16256,5,56,2505,10,753.57,73.69,1.0
16257,13,56,2513,26,753.55,73.12,1.0
16258,29,59,2529,58,753.52,76.67,1.0
16259,2,48,2502,4,753.49,72.66,1.0
16260,16,50,2516,32,753.46,74.61,1.0
16261,273,7,2773,546,753.45,143.61,1.0
16262,81,60,2581,162,753.4,84.54,1.0
16263,146,6,2646,292,753.38,117.08,1.0
16264,5,57,2505,10,753.34,73.36,1.0
16265,93,60,2593,186,753.34,88.22,1.0
16266,9,59,2509,18,753.32,72.82,1.0
16267,82,58,2582,164,753.28,84.12,1.0
16268,2,42,2502,4,753.24,72.63,1.0
16269,2,57,2502,4,753.12,72.58,1.0
16270,15,60,2515,30,753.05,74.38,1.0
16271,11,59,2511,22,753.04,75.28,1.0
16272,19,55,2519,38,752.91,73.12,1.0
16273,11,58,2511,22,752.87,75.03,1.0
16274,19,56,2519,38,752.73,73.84,1.0
16275,24,59,2524,48,752.71,77.5,1.0
16276,2,59,2502,4,752.63,73.37,1.0
16277,2,60,2502,4,752.63,72.21,1.0
16278,16,51,2516,32,752.59,75.13,1.0
16279,13,57,2513,26,752.58,72.96,1.0
16280,5,60,2505,10,752.58,73.29,1.0
16281,86,5,2586,172,752.57,100.56,1.0
16282,16,52,2516,32,752.44,74.82,1.0
16283,32,59,2532,64,752.36,77.79,1.0
16284,29,60,2529,58,752.21,77.2,1.0
16285,41,59,2541,82,752.19,78.9,1.0
16286,27,59,2527,54,752.13,75.98,1.0
16287,30,59,2530,60,752.03,76.08,1.0
16288,22,59,2522,44,751.9,75.36,1.0
16289,17,57,2517,34,751.85,75.21,1.0
16290,20,59,2520,40,751.81,74.33,1.0
16291,88,5,2588,176,751.78,99.61,1.0
16292,35,60,2535,70,751.7,77.9,1.0
16293,16,53,2516,32,751.65,75.6,1.0
16294,76,59,2576,152,751.6,83.68,1.0
16295,24,60,2524,48,751.57,77.12,1.0
16296,87,60,2587,174,751.5,88.67,1.0
16297,59,59,2559,118,751.46,81.08,1.0
16298,27,60,2527,54,751.33,76.81,1.0
16299,13,58,2513,26,751.27,74.19,1.0
16300,19,57,2519,38,751.22,73.91,1.0
16301,5,59,2505,10,751.16,73.22,1.0
16302,187,6,2687,374,751.05,126.97,1.0
16303,262,7,2762,524,750.93,140.79,1.0
16304,20,60,2520,40,750.84,75.87,1.0
16305,13,59,2513,26,750.78,73.92,1.0
16306,16,54,2516,32,750.75,76.18,1.0
16307,97,5,2597,194,750.69,102.65,1.0
16308,17,58,2517,34,750.66,75.36,1.0
16309,250,7,2750,500,750.64,138.14,1.0
16310,11,60,2511,22,750.59,75.36,1.0
16311,17,59,2517,34,750.43,74.87,1.0
16312,248,7,2748,496,750.38,134.93,1.0
16313,30,60,2530,60,750.37,76.31,1.0
16314,64,60,2564,128,750.25,83.98,1.0
16315,39,56,2539,78,750.21,79.89,1.0
16316,16,56,2516,32,750.15,74.8,1.0
16317,32,60,2532,64,750.11,78.65,1.0
16318,188,6,2688,376,749.92,126.42,1.0
16319,3,36,2503,6,749.87,71.54,1.0
16320,41,60,2541,82,749.84,78.64,1.0
16321,263,7,2763,526,749.81,142.46,1.0
16322,3,41,2503,6,749.62,71.75,1.0
16323,66,59,2566,132,749.6,83.49,1.0
16324,274,7,2774,548,749.6,142.09,1.0
16325,66,5,2566,132,749.56,96.26,1.0
16326,243,60,2743,486,749.52,108.84,1.0
16327,19,58,2519,38,749.51,74.29,1.0
16328,184,6,2684,368,749.44,123.57,1.0
16329,3,44,2503,6,749.34,71.31,1.0
16330,17,60,2517,34,749.32,76.15,1.0
16331,22,60,2522,44,749.14,75.69,1.0
16332,3,39,2503,6,749.12,71.33,1.0
16333,3,47,2503,6,749.05,70.97,1.0
16334,3,34,2503,6,749.03,71.73,1.0
16335,3,37,2503,6,749.0,72.12,1.0
16336,39,57,2539,78,748.95,79.42,1.0
16337,252,7,2752,504,748.95,139.05,1.0
16338,3,31,2503,6,748.92,72.27,1.0
16339,173,6,2673,346,748.89,122.9,1.0
16340,19,59,2519,38,748.86,74.9,1.0
16341,162,6,2662,324,748.81,119.63,1.0
16342,16,55,2516,32,748.8,74.82,1.0
16343,3,48,2503,6,748.79,72.2,1.0
16344,3,32,2503,6,748.77,71.42,1.0
16345,13,60,2513,26,748.73,73.6,1.0
16346,3,49,2503,6,748.67,71.86,1.0
16347,3,50,2503,6,748.6,72.5,1.0
16348,3,46,2503,6,748.59,72.49,1.0
16349,3,35,2503,6,748.58,71.41,1.0
16350,85,5,2585,170,748.58,101.71,1.0
16351,3,30,2503,6,748.56,72.45,1.0
16352,209,6,2709,418,748.56,130.01,1.0
16353,3,42,2503,6,748.55,71.76,1.0
16354,3,45,2503,6,748.44,72.32,1.0
16355,3,33,2503,6,748.35,71.62,1.0
16356,174,6,2674,348,748.35,122.62,1.0
16357,3,38,2503,6,748.34,71.68,1.0
16358,19,60,2519,38,748.33,74.9,1.0
16359,0,43,2500,0,748.3,71.53,1.0
16360,0,37,2500,0,748.29,71.51,1.0
16361,16,57,2516,32,748.23,75.58,1.0
16362,3,40,2503,6,748.21,71.38,1.0
16363,3,51,2503,6,748.17,72.83,1.0
16364,179,6,2679,358,748.02,126.02,1.0
16365,0,52,2500,0,748.01,71.77,1.0
16366,0,42,2500,0,747.98,71.45,1.0
16367,80,5,2580,160,747.97,99.91,1.0
16368,3,53,2503,6,747.95,72.0,1.0
16369,0,31,2500,0,747.84,71.14,1.0
16370,0,36,2500,0,747.82,71.51,1.0
16371,0,55,2500,0,747.82,71.24,1.0
16372,0,54,2500,0,747.79,71.05,1.0
16373,0,49,2500,0,747.76,71.14,1.0
16374,104,5,2604,208,747.76,106.21,1.0
16375,82,59,2582,164,747.73,85.88,1.0
16376,3,43,2503,6,747.68,72.22,1.0
16377,39,58,2539,78,747.66,80.47,1.0
16378,0,50,2500,0,747.64,70.73,1.0
16379,0,56,2500,0,747.63,71.58,1.0
16380,16,59,2516,32,747.62,75.38,1.0
16381,0,60,2500,0,747.62,70.84,1.0
16382,0,58,2500,0,747.58,71.72,1.0
16383,59,60,2559,118,747.57,82.41,1.0
16384,3,57,2503,6,747.55,71.28,1.0
16385,0,59,2500,0,747.53,71.33,1.0
16386,0,47,2500,0,747.52,71.5,1.0
16387,286,7,2786,572,747.51,146.06,1.0
16388,0,35,2500,0,747.5,71.96,1.0
16389,178,6,2678,356,747.5,123.93,1.0
16390,238,7,2738,476,747.5,133.79,1.0
16391,0,41,2500,0,747.47,70.71,1.0
16392,3,58,2503,6,747.46,72.3,1.0
16393,0,44,2500,0,747.45,71.52,1.0
16394,0,46,2500,0,747.45,70.67,1.0
16395,0,53,2500,0,747.43,71.54,1.0
16396,16,58,2516,32,747.39,75.2,1.0
16397,3,56,2503,6,747.37,71.83,1.0
16398,0,40,2500,0,747.36,71.35,1.0
16399,76,60,2576,152,747.36,83.59,1.0
16400,0,32,2500,0,747.32,71.7,1.0
16401,3,52,2503,6,747.29,71.98,1.0
16402,0,48,2500,0,747.16,71.03,1.0
16403,0,39,2500,0,747.06,71.1,1.0
16404,3,55,2503,6,747.05,71.73,1.0
16405,0,45,2500,0,747.04,71.69,1.0
16406,181,6,2681,362,747.01,123.93,1.0
16407,259,7,2759,518,746.99,138.73,1.0
16408,0,30,2500,0,746.94,71.72,1.0
16409,0,57,2500,0,746.89,72.2,1.0
16410,16,60,2516,32,746.85,76.02,1.0
16411,3,54,2503,6,746.82,71.88,1.0
16412,182,6,2682,364,746.77,126.18,1.0
16413,0,34,2500,0,746.59,71.41,1.0
16414,0,51,2500,0,746.54,71.19,1.0
16415,0,33,2500,0,746.48,71.14,1.0
16416,242,7,2742,484,746.43,134.49,1.0
16417,155,6,2655,310,746.41,119.41,1.0
16418,66,60,2566,132,746.38,84.44,1.0
16419,176,6,2676,352,746.31,124.59,1.0
16420,3,59,2503,6,746.07,72.55,1.0
16421,0,38,2500,0,745.99,70.6,1.0
16422,8,32,2508,16,745.73,73.56,1.0
16423,81,5,2581,162,745.51,98.88,1.0
16424,76,5,2576,152,745.48,96.79,1.0
16425,279,7,2779,558,745.44,141.17,1.0
16426,8,33,2508,16,745.39,73.14,1.0
16427,8,37,2508,16,745.3,73.55,1.0
16428,147,6,2647,294,745.24,116.88,1.0
16429,8,31,2508,16,745.22,73.54,1.0
16430,8,35,2508,16,745.11,72.98,1.0
16431,177,6,2677,354,745.08,122.88,1.0
16432,8,36,2508,16,745.07,73.06,1.0
16433,3,60,2503,6,745.03,72.4,1.0
16434,261,7,2761,522,745.03,138.33,1.0
16435,8,39,2508,16,744.96,73.46,1.0
16436,211,6,2711,422,744.9,129.46,1.0
16437,8,30,2508,16,744.89,73.13,1.0
16438,291,7,2791,582,744.79,146.76,1.0
16439,281,7,2781,562,744.77,143.1,1.0
16440,8,40,2508,16,744.71,72.98,1.0
16441,6,45,2506,12,744.69,70.63,1.0
16442,8,44,2508,16,744.66,73.2,1.0
16443,8,42,2508,16,744.64,72.47,1.0
16444,6,44,2506,12,744.6,70.23,1.0
16445,275,7,2775,550,744.49,143.73,1.0
16446,6,36,2506,12,744.46,70.38,1.0
16447,8,45,2508,16,744.46,72.33,1.0
16448,268,7,2768,536,744.46,140.88,1.0
16449,8,43,2508,16,744.38,73.79,1.0
16450,6,34,2506,12,744.34,69.64,1.0
16451,6,37,2506,12,744.32,70.08,1.0
16452,6,35,2506,12,744.31,70.18,1.0
16453,6,38,2506,12,744.31,70.53,1.0
16454,6,31,2506,12,744.3,69.91,1.0
16455,84,5,2584,168,744.27,100.43,1.0
16456,8,34,2508,16,744.25,72.8,1.0
16457,243,7,2743,486,744.25,137.85,1.0
16458,8,41,2508,16,744.23,72.7,1.0
16459,91,5,2591,182,744.22,103.48,1.0
16460,6,33,2506,12,744.2,70.56,1.0
16461,8,38,2508,16,744.19,73.56,1.0
16462,6,32,2506,12,744.18,70.06,1.0
16463,8,48,2508,16,744.15,73.74,1.0
16464,6,43,2506,12,743.99,69.95,1.0
16465,103,5,2603,206,743.98,105.72,1.0
16466,6,30,2506,12,743.97,69.68,1.0
16467,199,6,2699,398,743.97,129.96,1.0
16468,6,39,2506,12,743.93,70.06,1.0
16469,129,5,2629,258,743.92,114.38,1.0
16470,164,6,2664,328,743.9,121.24,1.0
16471,6,40,2506,12,743.88,70.09,1.0
16472,6,46,2506,12,743.84,70.43,1.0
16473,190,6,2690,380,743.79,123.57,1.0
16474,100,5,2600,200,743.75,104.89,1.0
16475,6,42,2506,12,743.72,70.09,1.0
16476,216,7,2716,432,743.72,132.75,1.0
16477,8,47,2508,16,743.66,72.91,1.0
16478,6,41,2506,12,743.63,70.05,1.0
16479,39,59,2539,78,743.61,81.5,1.0
16480,8,49,2508,16,743.58,74.11,1.0
16481,218,6,2718,436,743.58,131.49,1.0
16482,115,5,2615,230,743.31,109.03,1.0
16483,244,7,2744,488,742.98,136.0,1.0
16484,6,48,2506,12,742.88,70.99,1.0
16485,6,47,2506,12,742.87,70.01,1.0
16486,8,46,2508,16,742.85,73.67,1.0
16487,82,60,2582,164,742.84,86.2,1.0
16488,92,5,2592,184,742.73,102.02,1.0
16489,8,52,2508,16,742.69,73.86,1.0
16490,6,51,2506,12,742.64,70.98,1.0
16491,153,6,2653,306,742.58,122.13,1.0
16492,87,5,2587,174,742.46,101.91,1.0
16493,6,49,2506,12,742.31,70.54,1.0
16494,6,50,2506,12,742.29,70.71,1.0
16495,6,53,2506,12,742.2,70.6,1.0
16496,6,54,2506,12,742.19,70.61,1.0
16497,6,52,2506,12,742.09,70.16,1.0
16498,277,7,2777,554,742.06,143.54,1.0
16499,8,50,2508,16,742.02,73.52,1.0
16500,8,53,2508,16,742.0,72.87,1.0
16501,6,57,2506,12,741.81,71.11,1.0
16502,219,6,2719,438,741.79,129.82,1.0
16503,289,7,2789,578,741.71,146.11,1.0
16504,8,54,2508,16,741.32,73.97,1.0
16505,8,51,2508,16,741.22,73.42,1.0
16506,169,6,2669,338,741.1,122.54,1.0
16507,6,55,2506,12,741.07,70.02,1.0
16508,282,7,2782,564,741.05,141.71,1.0
16509,99,5,2599,198,741.04,104.19,1.0
16510,175,6,2675,350,741.03,126.31,1.0
16511,8,56,2508,16,740.92,73.96,1.0
16512,39,60,2539,78,740.9,81.65,1.0
16513,6,58,2506,12,740.89,70.97,1.0
16514,6,56,2506,12,740.87,70.99,1.0
16515,8,55,2508,16,740.71,73.78,1.0
16516,185,6,2685,370,740.71,125.12,1.0
16517,186,6,2686,372,740.68,125.59,1.0
16518,171,6,2671,342,740.59,123.39,1.0
16519,6,59,2506,12,740.5,70.62,1.0
16520,6,60,2506,12,740.38,71.36,1.0
16521,180,6,2680,360,740.22,126.8,1.0
16522,107,5,2607,214,739.89,107.24,1.0
16523,298,7,2798,596,739.79,146.76,0.9999
16524,198,6,2698,396,739.78,130.32,1.0
16525,294,7,2794,588,739.71,146.01,1.0
16526,288,7,2788,576,739.7,143.2,1.0
16527,8,58,2508,16,739.56,74.55,1.0
16528,82,5,2582,164,739.5,99.9,1.0
16529,204,6,2704,408,739.47,127.67,1.0
16530,189,6,2689,378,738.99,126.53,1.0
16531,8,57,2508,16,738.88,73.46,1.0
16532,95,5,2595,190,738.83,102.87,1.0
16533,276,7,2776,552,738.61,143.76,1.0
16534,8,60,2508,16,738.54,74.83,1.0
16535,278,7,2778,556,738.4,140.66,1.0
16536,89,5,2589,178,738.36,105.45,1.0
16537,124,5,2624,248,738.25,110.9,1.0
16538,8,59,2508,16,738.15,74.45,1.0
16539,266,7,2766,532,737.9,142.29,1.0
16540,280,7,2780,560,737.68,144.87,1.0
16541,106,5,2606,212,737.39,106.49,1.0
16542,112,5,2612,224,737.12,107.79,1.0
16543,300,7,2800,600,736.85,148.85,1.0
16544,102,5,2602,204,736.63,104.51,1.0
16545,270,7,2770,540,736.63,141.22,1.0
16546,93,5,2593,186,736.6,103.65,1.0
16547,299,7,2799,598,736.56,147.82,1.0
16548,296,7,2796,592,736.55,143.47,1.0
16549,110,5,2610,220,736.37,106.2,1.0
16550,287,7,2787,574,736.33,145.55,1.0
16551,192,6,2692,384,736.25,127.99,1.0
16552,221,6,2721,442,736.09,133.9,1.0
16553,208,6,2708,416,735.93,132.09,1.0
16554,233,6,2733,466,735.74,130.69,1.0
16555,113,5,2613,226,735.65,110.89,1.0
16556,202,6,2702,404,735.37,129.36,1.0
16557,229,6,2729,458,735.04,134.76,1.0
16558,284,7,2784,568,734.96,146.37,1.0
16559,283,7,2783,566,734.83,145.44,1.0
16560,230,6,2730,460,734.8,131.67,1.0
16561,109,5,2609,218,734.66,106.61,1.0
16562,98,5,2598,196,734.54,104.04,1.0
16563,195,6,2695,390,734.54,127.57,1.0
16564,206,6,2706,412,733.91,129.95,1.0
16565,108,5,2608,216,733.8,108.06,1.0
16566,255,6,2755,510,733.57,140.2,1.0
16567,90,5,2590,180,733.51,104.66,1.0
16568,133,5,2633,266,733.43,111.87,1.0
16569,201,6,2701,402,733.39,129.95,1.0
16570,265,7,2765,530,733.33,140.1,1.0
16571,194,6,2694,388,733.26,126.56,1.0
16572,295,7,2795,590,733.23,150.35,1.0
16573,119,5,2619,238,732.74,110.62,1.0
16574,101,5,2601,202,732.54,105.81,1.0
16575,200,6,2700,400,732.39,126.81,1.0
16576,196,6,2696,392,732.35,128.76,1.0
16577,105,5,2605,210,731.69,107.66,1.0
16578,144,5,2644,288,731.57,116.76,1.0
16579,118,5,2618,236,731.52,109.29,1.0
16580,223,6,2723,446,731.44,130.53,1.0
16581,183,6,2683,366,731.41,126.07,1.0
16582,210,6,2710,420,731.22,131.29,1.0
16583,215,6,2715,430,731.08,133.03,1.0
16584,272,7,2772,544,730.89,142.15,1.0
16585,122,5,2622,244,730.36,109.08,1.0
16586,121,5,2621,242,730.22,111.22,1.0
16587,267,7,2767,534,730.02,141.77,1.0
16588,231,6,2731,462,730.01,132.15,1.0
16589,126,5,2626,252,729.71,110.07,1.0
16590,111,5,2611,222,729.42,107.31,1.0
16591,213,6,2713,426,729.34,132.48,1.0
16592,203,6,2703,406,729.33,129.39,1.0
16593,114,5,2614,228,728.91,107.48,1.0
16594,191,6,2691,382,728.76,127.96,1.0
16595,212,6,2712,424,728.72,130.34,1.0
16596,131,5,2631,262,728.68,111.96,1.0
16597,132,5,2632,264,728.29,113.4,1.0
16598,193,6,2693,386,728.25,126.95,1.0
16599,207,6,2707,414,728.25,130.64,1.0
16600,116,5,2616,232,728.09,112.3,1.0
16601,158,5,2658,316,727.59,122.21,1.0
16602,237,6,2737,474,727.57,135.79,1.0
16603,220,6,2720,440,727.38,132.54,1.0
16604,197,6,2697,394,727.23,130.3,1.0
16605,214,6,2714,428,726.52,128.09,1.0
16606,285,7,2785,570,726.34,144.38,1.0
16607,136,5,2636,272,726.0,111.97,1.0
16608,142,5,2642,284,725.16,116.41,1.0
16609,293,7,2793,586,725.12,146.05,1.0
16610,225,6,2725,450,725.06,135.03,1.0
16611,135,5,2635,270,724.96,114.17,1.0
16612,236,6,2736,472,724.13,135.5,1.0
16613,228,6,2728,456,724.11,131.6,1.0
16614,123,5,2623,246,723.49,108.67,1.0
16615,138,5,2638,276,723.49,115.87,1.0
16616,125,5,2625,250,722.83,111.29,1.0
16617,120,5,2620,240,722.69,109.67,1.0
16618,127,5,2627,254,722.6,111.47,1.0
16619,128,5,2628,256,722.4,113.06,1.0
16620,257,6,2757,514,722.34,139.24,1.0
16621,137,5,2637,274,722.32,116.32,1.0
16622,145,5,2645,290,722.15,117.99,1.0
16623,227,6,2727,454,721.84,135.36,1.0
16624,140,5,2640,280,721.59,115.82,1.0
16625,117,5,2617,234,721.54,112.01,1.0
16626,148,5,2648,296,721.27,114.82,1.0
16627,292,7,2792,584,720.76,147.87,1.0
16628,234,6,2734,468,720.12,136.54,1.0
16629,226,6,2726,452,720.1,132.9,1.0
16630,297,7,2797,594,719.38,152.29,1.0
16631,152,5,2652,304,719.37,118.62,1.0
16632,130,5,2630,260,719.12,109.9,1.0
16633,240,6,2740,480,719.0,138.2,1.0
16634,141,5,2641,282,718.59,114.92,1.0
16635,247,6,2747,494,718.42,136.88,1.0
16636,168,5,2668,336,718.35,119.27,1.0
16637,254,6,2754,508,718.2,144.52,1.0
16638,222,6,2722,444,717.05,130.82,1.0
16639,235,6,2735,470,716.57,137.9,1.0
16640,246,6,2746,492,715.89,135.7,1.0
16641,151,5,2651,302,715.6,116.29,1.0
16642,239,6,2739,478,714.94,136.04,1.0
16643,170,5,2670,340,714.68,123.94,1.0
16644,156,5,2656,312,714.66,121.17,1.0
16645,241,6,2741,482,714.6,137.66,1.0
16646,290,7,2790,580,714.59,145.67,1.0
16647,260,6,2760,520,714.51,139.17,1.0
16648,264,6,2764,528,714.24,140.48,0.9999
16649,139,5,2639,278,714.04,113.54,1.0
16650,150,5,2650,300,714.0,115.56,1.0
16651,256,6,2756,512,713.92,140.73,1.0
16652,245,6,2745,490,713.07,136.56,1.0
16653,134,5,2634,268,712.75,112.42,1.0
16654,253,6,2753,506,712.73,141.6,1.0
16655,154,5,2654,308,712.72,115.41,1.0
16656,161,5,2661,322,712.2,119.52,1.0
16657,163,5,2663,326,711.71,120.74,1.0
16658,149,5,2649,298,711.7,114.88,1.0
16659,146,5,2646,292,711.58,116.52,1.0
16660,165,5,2665,330,711.53,120.58,1.0
16661,166,5,2666,332,711.52,122.53,1.0
16662,271,6,2771,542,710.74,144.78,1.0
16663,143,5,2643,286,710.55,117.16,1.0
16664,160,5,2660,320,710.4,117.62,1.0
16665,172,5,2672,344,710.13,122.87,1.0
16666,159,5,2659,318,709.89,120.71,1.0
16667,249,6,2749,498,709.28,137.51,1.0
16668,232,6,2732,464,709.24,137.43,1.0
16669,217,6,2717,434,709.04,133.17,1.0
16670,273,6,2773,546,708.41,141.92,1.0
16671,205,5,2705,410,707.64,127.3,1.0
16672,238,6,2738,476,707.57,136.41,1.0
16673,173,5,2673,346,707.33,123.88,1.0
16674,224,6,2724,448,706.44,135.74,1.0
16675,251,6,2751,502,706.23,140.63,0.9999
16676,269,6,2769,538,706.2,142.79,1.0
16677,167,5,2667,334,706.19,121.62,1.0
16678,157,5,2657,314,705.58,120.01,1.0
16679,162,5,2662,324,705.19,120.42,1.0
16680,188,5,2688,376,705.15,124.49,1.0
16681,258,6,2758,516,705.04,140.23,1.0
16682,248,6,2748,496,704.9,137.48,1.0
16683,187,5,2687,374,704.67,126.27,1.0
16684,176,5,2676,352,703.77,125.12,1.0
16685,262,6,2762,524,703.65,141.3,1.0
16686,250,6,2750,500,703.08,139.12,1.0
16687,155,5,2655,310,702.91,119.46,1.0
16688,242,6,2742,484,702.32,136.0,1.0
16689,263,6,2763,526,702.16,142.81,1.0
16690,182,5,2682,364,700.69,128.19,1.0
16691,259,6,2759,518,700.44,140.11,1.0
16692,184,5,2684,368,700.13,121.94,1.0
16693,179,5,2679,358,699.91,126.66,1.0
16694,164,5,2664,328,699.67,120.68,1.0
16695,147,5,2647,294,699.58,116.78,1.0
16696,216,6,2716,432,698.96,132.27,1.0
16697,181,5,2681,362,698.88,122.2,1.0
16698,275,6,2775,550,698.88,144.44,1.0
16699,153,5,2653,306,698.86,121.3,1.0
16700,177,5,2677,354,698.56,123.23,1.0
16701,178,5,2678,356,698.32,125.45,1.0
16702,252,6,2752,504,698.2,141.42,1.0
16703,286,6,2786,572,698.02,147.06,1.0
16704,291,6,2791,582,697.69,146.37,1.0
16705,281,6,2781,562,697.6,145.59,0.9999
16706,274,6,2774,548,697.48,142.43,1.0
16707,209,5,2709,418,697.42,130.26,1.0
16708,268,6,2768,536,697.16,141.45,1.0
16709,171,5,2671,342,696.86,121.48,1.0
16710,261,6,2761,522,696.75,138.47,1.0
16711,175,5,2675,350,696.28,123.75,1.0
16712,279,6,2779,558,696.24,141.73,1.0
16713,185,5,2685,370,695.75,125.92,1.0
16714,180,5,2680,360,695.58,126.76,1.0
16715,277,6,2777,554,695.44,144.86,1.0
16716,174,5,2674,348,695.27,124.18,1.0
16717,289,6,2789,578,695.21,144.75,1.0
16718,244,6,2744,488,695.19,136.75,1.0
16719,169,5,2669,338,695.01,123.1,1.0
16720,276,6,2776,552,694.96,146.7,1.0
16721,287,6,2787,574,694.93,148.05,1.0
16722,282,6,2782,564,694.68,141.01,1.0
16723,211,5,2711,422,693.78,130.11,1.0
16724,218,5,2718,436,693.75,132.61,1.0
16725,190,5,2690,380,693.6,124.11,1.0
16726,186,5,2686,372,693.07,124.99,1.0
16727,199,5,2699,398,692.77,129.29,1.0
16728,266,6,2766,532,692.77,143.82,1.0
16729,243,6,2743,486,692.55,139.0,1.0
16730,189,5,2689,378,692.46,126.11,1.0
16731,280,6,2780,560,692.22,145.33,1.0
16732,288,6,2788,576,692.14,145.92,1.0
16733,221,5,2721,442,692.08,133.97,1.0
16734,299,6,2799,598,692.03,147.05,1.0
16735,202,5,2702,404,691.55,128.4,1.0
16736,270,6,2770,540,691.21,143.01,1.0
16737,204,5,2704,408,690.95,129.1,1.0
16738,283,6,2783,566,690.85,146.6,1.0
16739,198,5,2698,396,690.64,128.11,1.0
16740,233,5,2733,466,689.76,131.41,1.0
16741,294,6,2794,588,689.54,149.81,0.9999
16742,278,6,2778,556,688.74,143.1,0.9999
16743,300,6,2800,600,688.36,149.29,0.9999
16744,183,5,2683,366,687.96,126.94,1.0
16745,219,5,2719,438,687.91,130.83,0.9999
16746,229,5,2729,458,687.82,134.7,1.0
16747,194,5,2694,388,687.72,128.93,1.0
16748,284,6,2784,568,687.64,146.07,0.9999
16749,267,6,2767,534,687.48,143.09,1.0
16750,298,6,2798,596,687.15,147.68,0.9999
16751,296,6,2796,592,686.47,144.85,1.0
16752,208,5,2708,416,686.21,131.87,1.0
16753,200,5,2700,400,686.08,127.77,1.0
16754,272,6,2772,544,685.73,142.81,0.9999
16755,195,5,2695,390,685.59,128.05,1.0
16756,192,5,2692,384,685.47,129.2,1.0
16757,265,6,2765,530,685.36,139.88,1.0
16758,206,5,2706,412,685.11,130.17,1.0
16759,203,5,2703,406,683.86,129.93,0.9999
16760,231,5,2731,462,683.65,134.0,1.0
16761,213,5,2713,426,683.13,132.03,1.0
16762,285,6,2785,570,682.07,145.7,1.0
16763,207,5,2707,414,681.89,130.01,1.0
16764,201,5,2701,402,681.86,129.46,1.0
16765,212,5,2712,424,681.6,132.55,1.0
16766,196,5,2696,392,681.52,130.17,1.0
16767,255,5,2755,510,680.53,140.5,1.0
16768,292,6,2792,584,680.37,148.52,1.0
16769,295,6,2795,590,680.33,150.26,0.9999
16770,191,5,2691,382,680.11,129.24,1.0
16771,225,5,2725,450,680.1,135.56,1.0
16772,214,5,2714,428,679.94,130.11,1.0
16773,210,5,2710,420,679.75,133.01,1.0
16774,230,5,2730,460,679.64,132.25,1.0
16775,193,5,2693,386,679.3,129.3,1.0
16776,237,5,2737,474,678.83,136.88,1.0
16777,215,5,2715,430,678.29,131.63,1.0
16778,223,5,2723,446,677.88,133.23,1.0
16779,220,5,2720,440,677.16,133.76,1.0
16780,197,5,2697,394,677.15,130.07,1.0
16781,293,6,2793,586,675.81,146.34,1.0
16782,236,5,2736,472,675.36,135.59,1.0
16783,247,5,2747,494,674.2,139.02,1.0
16784,246,5,2746,492,671.74,133.85,1.0
16785,234,5,2734,468,671.21,138.78,1.0
16786,226,5,2726,452,671.12,133.0,1.0
16787,222,5,2722,444,670.51,132.48,1.0
16788,290,6,2790,580,669.58,145.92,0.9999
16789,241,5,2741,482,669.09,136.97,0.9999
16790,227,5,2727,454,668.95,135.84,1.0
16791,228,5,2728,456,668.88,133.25,1.0
16792,235,5,2735,470,668.83,136.28,1.0
16793,240,5,2740,480,668.44,137.07,1.0
16794,257,5,2757,514,668.09,142.33,1.0
16795,297,6,2797,594,665.94,154.94,0.9999
16796,245,5,2745,490,665.12,137.22,1.0
16797,264,5,2764,528,664.66,141.43,1.0
16798,224,5,2724,448,664.44,135.62,1.0
16799,238,5,2738,476,664.36,134.9,1.0
16800,254,5,2754,508,664.22,144.28,1.0
16801,217,5,2717,434,663.76,133.09,1.0
16802,273,5,2773,546,663.62,143.61,1.0
16803,256,5,2756,512,663.61,140.91,1.0
16804,239,5,2739,478,663.3,136.41,1.0
16805,232,5,2732,464,658.95,138.18,1.0
16806,253,5,2753,506,658.75,141.58,1.0
16807,271,5,2771,542,658.57,145.48,1.0
16808,250,5,2750,500,658.28,141.05,1.0
16809,249,5,2749,498,658.22,138.48,1.0
16810,251,5,2751,502,657.99,140.78,0.9999
16811,248,5,2748,496,657.34,136.03,1.0
16812,260,5,2760,520,657.1,139.53,1.0
16813,242,5,2742,484,656.46,134.16,1.0
16814,269,5,2769,538,656.16,143.46,1.0
16815,258,5,2758,516,655.75,141.67,1.0
16816,216,5,2716,432,653.24,134.75,1.0
16817,275,5,2775,550,652.58,145.25,0.9999
16818,262,5,2762,524,652.42,143.85,0.9999
16819,261,5,2761,522,652.35,140.15,1.0
16820,259,5,2759,518,651.27,141.74,1.0
16821,274,5,2774,548,651.16,145.27,0.9999
16822,263,5,2763,526,651.01,143.82,1.0
16823,244,5,2744,488,650.29,137.0,1.0
16824,252,5,2752,504,650.22,142.34,1.0
16825,281,5,2781,562,649.64,147.51,0.9999
16826,266,5,2766,532,646.66,144.09,1.0
16827,296,5,2796,592,646.56,144.88,1.0
16828,276,5,2776,552,646.25,145.38,1.0
16829,268,5,2768,536,645.83,143.09,1.0
16830,287,5,2787,574,644.23,147.05,0.9999
16831,270,5,2770,540,643.74,142.79,1.0
16832,291,5,2791,582,643.41,148.19,0.9999
16833,282,5,2782,564,643.39,144.35,1.0
16834,277,5,2777,554,642.91,144.02,1.0
16835,286,5,2786,572,642.24,146.54,0.9999
16836,288,5,2788,576,642.11,145.15,0.9999
16837,300,5,2800,600,641.92,151.16,0.9999
16838,278,5,2778,556,641.8,144.96,0.9999
16839,279,5,2779,558,641.45,144.05,0.9999
16840,265,5,2765,530,641.26,141.1,1.0
16841,280,5,2780,560,640.46,146.15,1.0
16842,299,5,2799,598,639.8,146.98,0.9998
16843,294,5,2794,588,639.69,148.63,0.9999
16844,267,5,2767,534,639.66,143.28,1.0
16845,289,5,2789,578,639.56,144.79,1.0
16846,243,5,2743,486,638.98,139.38,0.9999
16847,283,5,2783,566,635.73,147.23,1.0
16848,295,5,2795,590,634.95,153.42,0.9998
16849,298,5,2798,596,634.35,146.9,1.0
16850,293,5,2793,586,633.57,149.12,1.0
16851,285,5,2785,570,633.34,146.57,0.9998
16852,272,5,2772,544,630.51,144.18,0.9999
16853,284,5,2784,568,629.53,146.26,0.9998
16854,292,5,2792,584,628.18,150.29,1.0
16855,297,5,2797,594,615.58,153.28,0.9999
16856,290,5,2790,580,612.13,147.41,0.9999
