rank,x,h,start_apples,thorns,mean_remaining,std_remaining,win_rate
1,300,30,2732,464,1092.65,96.61,1.0
2,300,30,2741,482,1092.64,103.42,1.0
3,300,30,2741,482,1092.05,102.6,1.0
4,300,30,2783,566,1090.8,109.18,1.0
5,300,30,2706,412,1090.2,91.01,1.0
6,300,30,2712,424,1090.0,100.7,1.0
7,300,30,2741,482,1089.66,100.33,1.0
8,300,30,2783,566,1088.48,106.12,1.0
9,212,20,2712,424,1088.33,97.97,1.0
10,268,20,2768,536,1088.3,101.94,1.0
11,233,20,2733,466,1088.22,101.16,1.0
12,232,20,2732,464,1087.88,98.22,1.0
13,298,21,2798,596,1087.6,113.24,1.0
14,232,19,2732,464,1087.48,100.86,1.0
15,298,22,2798,596,1087.32,110.21,1.0
16,268,22,2768,536,1087.26,97.14,1.0
17,267,20,2767,534,1086.82,105.35,1.0
18,283,20,2783,566,1086.32,110.88,1.0
19,212,18,2712,424,1085.68,100.95,1.0
20,267,22,2767,534,1085.68,102.64,1.0
21,212,21,2712,424,1085.48,96.13,1.0
22,267,21,2767,534,1085.24,103.96,1.0
23,268,21,2768,536,1085.15,101.47,1.0
24,205,20,2705,410,1085.13,96.46,1.0
25,164,20,2664,328,1084.81,89.08,1.0
26,206,20,2706,412,1084.58,95.66,1.0
27,268,19,2768,536,1084.51,106.04,1.0
28,262,21,2762,524,1084.25,103.03,1.0
29,241,18,2741,482,1084.04,106.73,1.0
30,206,19,2706,412,1084.0,96.93,1.0
31,233,21,2733,466,1083.94,99.57,1.0
32,194,21,2694,388,1083.89,92.91,1.0
33,206,18,2706,412,1083.36,100.65,1.0
34,167,20,2667,334,1082.54,87.38,1.0
35,270,21,2770,540,1082.47,104.12,1.0
36,205,19,2705,410,1082.33,99.02,1.0
37,298,20,2798,596,1082.27,117.01,1.0
38,164,21,2664,328,1082.14,88.36,1.0
39,293,20,2793,586,1082.1,110.26,1.0
40,266,22,2766,532,1082.02,102.55,1.0
41,206,22,2706,412,1082.01,90.41,1.0
42,283,23,2783,566,1081.9,103.26,1.0
43,219,20,2719,438,1081.81,97.41,1.0
44,194,20,2694,388,1081.7,95.52,1.0
45,160,20,2660,320,1081.55,89.82,1.0
46,293,23,2793,586,1081.47,102.84,1.0
47,160,21,2660,320,1081.2,87.04,1.0
48,205,21,2705,410,1081.0,94.36,1.0
49,262,20,2762,524,1080.95,107.58,1.0
50,232,22,2732,464,1080.76,97.46,1.0
51,164,19,2664,328,1080.73,92.58,1.0
52,194,22,2694,388,1080.71,89.21,1.0
53,219,21,2719,438,1080.67,95.07,1.0
54,298,23,2798,596,1080.45,106.01,1.0
55,268,23,2768,536,1080.43,95.79,1.0
56,216,20,2716,432,1080.33,97.28,1.0
57,236,22,2736,472,1080.19,95.48,1.0
58,160,19,2660,320,1080.1,92.66,1.0
59,241,22,2741,482,1080.05,98.85,1.0
60,194,19,2694,388,1080.03,97.32,1.0
61,293,19,2793,586,1080.01,111.48,1.0
62,286,22,2786,572,1080.0,106.0,1.0
63,267,23,2767,534,1079.98,101.47,1.0
64,298,19,2798,596,1079.96,122.03,1.0
65,190,21,2690,380,1079.93,92.15,1.0
66,249,21,2749,498,1079.91,102.95,1.0
67,276,21,2776,552,1079.8,105.99,1.0
68,190,20,2690,380,1079.79,93.26,1.0
69,223,22,2723,446,1079.73,90.9,1.0
70,270,20,2770,540,1079.58,109.0,1.0
71,288,22,2788,576,1079.53,108.26,1.0
72,246,19,2746,492,1079.45,106.37,1.0
73,276,22,2776,552,1079.38,103.07,1.0
74,233,22,2733,466,1079.28,97.77,1.0
75,170,19,2670,340,1079.26,92.58,1.0
76,258,22,2758,516,1079.06,105.44,1.0
77,276,20,2776,552,1078.96,109.68,1.0
78,258,21,2758,516,1078.87,107.49,1.0
79,293,22,2793,586,1078.86,106.28,1.0
80,185,19,2685,370,1078.8,95.44,1.0
81,196,20,2696,392,1078.7,93.75,1.0
82,212,22,2712,424,1078.64,93.33,1.0
83,283,19,2783,566,1078.61,113.7,1.0
84,168,19,2668,336,1078.45,92.53,1.0
85,270,19,2770,540,1078.13,110.93,1.0
86,276,23,2776,552,1077.88,101.53,1.0
87,219,19,2719,438,1077.87,99.0,1.0
88,270,22,2770,540,1077.79,103.56,1.0
89,232,18,2732,464,1077.74,105.17,1.0
90,266,21,2766,532,1077.74,104.44,1.0
91,185,20,2685,370,1077.53,93.22,1.0
92,271,20,2771,542,1077.53,103.88,1.0
93,196,21,2696,392,1077.5,90.71,1.0
94,241,17,2741,482,1077.47,108.7,1.0
95,246,22,2746,492,1077.42,98.72,1.0
96,161,19,2661,322,1077.36,89.27,1.0
97,240,20,2740,480,1077.07,103.17,1.0
98,114,19,2614,228,1077.06,80.38,1.0
99,288,23,2788,576,1077.03,106.01,1.0
100,293,21,2793,586,1076.96,108.05,1.0
101,209,21,2709,418,1076.91,96.46,1.0
102,114,20,2614,228,1076.88,77.84,1.0
103,161,20,2661,322,1076.78,87.36,1.0
104,212,17,2712,424,1076.78,104.01,1.0
105,230,21,2730,460,1076.68,97.38,1.0
106,270,18,2770,540,1076.57,115.2,1.0
107,250,21,2750,500,1076.56,105.54,1.0
108,223,21,2723,446,1076.39,95.81,1.0
109,267,19,2767,534,1076.35,109.58,1.0
110,114,18,2614,228,1076.29,82.21,1.0
111,286,19,2786,572,1076.16,113.35,1.0
112,286,21,2786,572,1076.14,108.99,1.0
113,167,19,2667,334,1076.11,89.79,1.0
114,216,21,2716,432,1076.04,96.95,1.0
115,168,20,2668,336,1075.99,92.61,1.0
116,167,21,2667,334,1075.98,85.17,1.0
117,258,20,2758,516,1075.98,110.61,1.0
118,185,21,2685,370,1075.92,91.78,1.0
119,170,18,2670,340,1075.89,93.56,1.0
120,164,22,2664,328,1075.87,86.84,1.0
121,182,20,2682,364,1075.79,92.04,1.0
122,181,19,2681,362,1075.66,91.49,1.0
123,245,21,2745,490,1075.61,106.02,1.0
124,299,23,2799,598,1075.57,107.88,1.0
125,181,20,2681,362,1075.55,88.71,1.0
126,246,18,2746,492,1075.52,109.45,1.0
127,276,19,2776,552,1075.51,109.17,1.0
128,160,18,2660,320,1075.45,95.88,1.0
129,169,20,2669,338,1075.45,88.97,1.0
130,230,20,2730,460,1075.44,102.18,1.0
131,266,23,2766,532,1075.43,98.64,1.0
132,209,20,2709,418,1075.38,99.12,1.0
133,224,20,2724,448,1075.34,102.24,1.0
134,244,21,2744,488,1075.27,100.09,1.0
135,233,19,2733,466,1075.23,104.3,1.0
136,246,21,2746,492,1075.15,103.2,1.0
137,196,19,2696,392,1075.12,97.76,1.0
138,268,24,2768,536,1075.02,93.27,1.0
139,277,20,2777,554,1074.99,108.18,1.0
140,271,19,2771,542,1074.98,105.95,1.0
141,283,24,2783,566,1074.95,100.67,1.0
142,286,23,2786,572,1074.9,104.73,1.0
143,164,18,2664,328,1074.86,95.52,1.0
144,219,22,2719,438,1074.86,93.14,1.0
145,294,22,2794,588,1074.86,102.32,1.0
146,294,21,2794,588,1074.84,103.68,1.0
147,252,21,2752,504,1074.72,106.93,1.0
148,246,23,2746,492,1074.7,95.96,1.0
149,233,23,2733,466,1074.59,94.82,1.0
150,298,24,2798,596,1074.54,103.53,1.0
151,250,20,2750,500,1074.48,108.32,1.0
152,244,20,2744,488,1074.47,102.53,1.0
153,266,24,2766,532,1074.46,94.86,1.0
154,205,22,2705,410,1074.36,92.57,1.0
155,236,20,2736,472,1074.35,103.7,1.0
156,271,21,2771,542,1074.34,100.87,1.0
157,277,21,2777,554,1074.34,105.01,1.0
158,105,19,2605,210,1074.29,80.42,1.0
159,236,21,2736,472,1074.26,100.62,1.0
160,262,22,2762,524,1074.23,100.07,1.0
161,175,19,2675,350,1074.18,95.96,1.0
162,299,22,2799,598,1074.15,111.44,1.0
163,182,19,2682,364,1074.14,95.56,1.0
164,293,18,2793,586,1074.09,116.79,1.0
165,240,19,2740,480,1074.08,106.26,1.0
166,209,22,2709,418,1074.06,94.81,1.0
167,236,23,2736,472,1074.03,93.06,1.0
168,274,21,2774,548,1074.03,103.38,1.0
169,246,20,2746,492,1073.91,103.69,1.0
170,264,20,2764,528,1073.87,108.99,1.0
171,299,21,2799,598,1073.87,114.2,1.0
172,250,22,2750,500,1073.84,102.04,1.0
173,219,18,2719,438,1073.83,100.78,1.0
174,105,18,2605,210,1073.78,82.55,1.0
175,182,21,2682,364,1073.77,91.01,1.0
176,224,19,2724,448,1073.71,104.27,1.0
177,170,20,2670,340,1073.67,90.12,1.0
178,285,22,2785,570,1073.59,100.39,1.0
179,212,23,2712,424,1073.57,90.39,1.0
180,249,22,2749,498,1073.47,101.83,1.0
181,288,21,2788,576,1073.41,111.93,1.0
182,253,21,2753,506,1073.34,102.77,1.0
183,190,19,2690,380,1073.27,97.68,1.0
184,224,18,2724,448,1073.25,106.67,1.0
185,254,21,2754,508,1073.04,105.06,1.0
186,262,19,2762,524,1073.01,110.58,1.0
187,224,21,2724,448,1072.98,102.35,1.0
188,216,19,2716,432,1072.91,101.97,1.0
189,185,18,2685,370,1072.75,98.25,1.0
190,168,21,2668,336,1072.7,90.85,1.0
191,277,23,2777,554,1072.63,101.89,1.0
192,160,22,2660,320,1072.57,85.33,1.0
193,249,23,2749,498,1072.56,98.39,1.0
194,271,22,2771,542,1072.52,100.09,1.0
195,285,23,2785,570,1072.23,96.02,1.0
196,147,21,2647,294,1072.21,81.89,1.0
197,213,21,2713,426,1072.19,102.21,1.0
198,179,20,2679,358,1072.09,89.88,1.0
199,266,20,2766,532,1072.06,105.98,1.0
200,274,20,2774,548,1072.02,107.96,1.0
201,268,18,2768,536,1071.98,108.59,1.0
202,240,22,2740,480,1071.95,99.91,1.0
203,293,24,2793,586,1071.89,99.78,1.0
204,223,20,2723,446,1071.86,96.81,1.0
205,101,19,2601,202,1071.84,76.85,1.0
206,241,23,2741,482,1071.81,97.81,1.0
207,245,20,2745,490,1071.78,108.87,1.0
208,224,17,2724,448,1071.69,110.21,1.0
209,277,22,2777,554,1071.63,104.02,1.0
210,176,20,2676,352,1071.58,94.54,1.0
211,252,20,2752,504,1071.54,108.82,1.0
212,220,21,2720,440,1071.53,100.56,1.0
213,182,18,2682,364,1071.52,96.52,1.0
214,161,21,2661,322,1071.48,84.63,1.0
215,134,18,2634,268,1071.47,97.15,1.0
216,176,19,2676,352,1071.45,96.53,1.0
217,248,22,2748,496,1071.44,95.43,1.0
218,286,24,2786,572,1071.4,99.89,1.0
219,240,21,2740,480,1071.35,99.72,1.0
220,105,20,2605,210,1071.22,80.05,1.0
221,170,21,2670,340,1071.19,87.66,1.0
222,271,23,2771,542,1071.15,97.23,1.0
223,163,19,2663,326,1071.08,91.42,1.0
224,232,23,2732,464,1071.06,96.93,1.0
225,181,21,2681,362,1071.04,87.35,1.0
226,247,20,2747,494,1071.02,105.75,1.0
227,276,24,2776,552,1070.94,100.06,1.0
228,265,22,2765,530,1070.88,103.31,1.0
229,275,21,2775,550,1070.84,106.06,1.0
230,292,21,2792,584,1070.8,107.04,1.0
231,298,25,2798,596,1070.65,100.59,1.0
232,168,18,2668,336,1070.63,98.1,1.0
233,225,21,2725,450,1070.61,101.75,1.0
234,252,22,2752,504,1070.57,103.84,1.0
235,226,21,2726,452,1070.53,98.35,1.0
236,292,22,2792,584,1070.51,105.67,1.0
237,175,20,2675,350,1070.5,94.11,1.0
238,291,20,2791,582,1070.47,109.76,1.0
239,220,20,2720,440,1070.44,103.67,1.0
240,206,17,2706,412,1070.37,106.1,1.0
241,243,20,2743,486,1070.37,101.98,1.0
242,216,22,2716,432,1070.33,93.12,1.0
243,254,20,2754,508,1070.33,107.0,1.0
244,128,19,2628,256,1070.32,87.67,1.0
245,243,21,2743,486,1070.32,99.17,1.0
246,298,18,2798,596,1070.29,123.8,1.0
247,101,18,2601,202,1070.27,78.67,1.0
248,274,22,2774,548,1070.24,102.07,1.0
249,213,20,2713,426,1070.16,106.68,1.0
250,226,20,2726,452,1070.15,101.13,1.0
251,245,22,2745,490,1070.11,102.7,1.0
252,111,18,2611,222,1070.1,82.91,1.0
253,225,20,2725,450,1069.84,104.52,1.0
254,244,22,2744,488,1069.83,97.12,1.0
255,161,18,2661,322,1069.82,91.5,1.0
256,185,22,2685,370,1069.81,91.19,1.0
257,281,22,2781,562,1069.69,101.73,1.0
258,213,22,2713,426,1069.64,101.4,1.0
259,264,19,2764,528,1069.59,113.53,1.0
260,114,21,2614,228,1069.54,77.58,1.0
261,147,20,2647,294,1069.53,85.89,1.0
262,294,23,2794,588,1069.49,100.47,1.0
263,179,19,2679,358,1069.47,93.87,1.0
264,194,18,2694,388,1069.44,101.67,1.0
265,163,20,2663,326,1069.41,88.43,1.0
266,111,19,2611,222,1069.39,79.71,1.0
267,286,20,2786,572,1069.39,113.16,1.0
268,299,24,2799,598,1069.22,104.54,1.0
269,230,19,2730,460,1069.15,105.95,1.0
270,167,18,2667,334,1069.14,95.61,1.0
271,279,22,2779,558,1069.12,107.13,1.0
272,231,20,2731,462,1069.04,98.68,1.0
273,147,19,2647,294,1069.02,88.71,1.0
274,185,17,2685,370,1068.96,100.59,1.0
275,275,22,2775,550,1068.88,104.59,1.0
276,223,23,2723,446,1068.87,91.01,1.0
277,192,20,2692,384,1068.83,93.19,1.0
278,284,21,2784,568,1068.83,108.97,1.0
279,164,17,2664,328,1068.74,98.11,1.0
280,248,21,2748,496,1068.72,97.24,1.0
281,202,21,2702,404,1068.69,93.12,1.0
282,128,18,2628,256,1068.68,90.53,1.0
283,96,19,2596,192,1068.66,77.49,1.0
284,258,23,2758,516,1068.66,103.42,1.0
285,294,20,2794,588,1068.65,107.94,1.0
286,250,18,2750,500,1068.47,114.82,1.0
287,213,19,2713,426,1068.46,106.58,1.0
288,181,18,2681,362,1068.45,94.67,1.0
289,206,23,2706,412,1068.43,90.16,1.0
290,176,21,2676,352,1068.2,92.36,1.0
291,213,23,2713,426,1068.19,96.41,1.0
292,289,21,2789,578,1068.19,106.51,1.0
293,278,22,2778,556,1068.17,105.04,1.0
294,271,18,2771,542,1068.16,106.07,1.0
295,205,23,2705,410,1068.14,88.98,1.0
296,247,19,2747,494,1068.12,107.35,1.0
297,284,20,2784,568,1068.06,110.54,1.0
298,179,21,2679,358,1068.03,87.23,1.0
299,267,18,2767,534,1067.99,112.82,1.0
300,267,24,2767,534,1067.98,98.53,1.0
301,292,23,2792,584,1067.98,102.61,1.0
302,264,22,2764,528,1067.97,106.1,1.0
303,178,20,2678,356,1067.92,94.52,1.0
304,252,19,2752,504,1067.83,111.02,1.0
305,265,21,2765,530,1067.82,104.98,1.0
306,285,21,2785,570,1067.82,103.46,1.0
307,277,24,2777,554,1067.78,99.47,1.0
308,266,19,2766,532,1067.77,108.91,1.0
309,219,23,2719,438,1067.73,90.65,1.0
310,192,19,2692,384,1067.72,95.56,1.0
311,209,19,2709,418,1067.72,100.82,1.0
312,111,20,2611,222,1067.67,76.97,1.0
313,270,23,2770,540,1067.67,102.51,1.0
314,178,19,2678,356,1067.66,97.24,1.0
315,190,22,2690,380,1067.65,89.23,1.0
316,27,18,2527,54,1067.64,68.52,1.0
317,182,22,2682,364,1067.59,88.15,1.0
318,56,19,2556,112,1067.56,73.83,1.0
319,163,21,2663,326,1067.56,87.08,1.0
320,250,23,2750,500,1067.55,100.47,1.0
321,262,23,2762,524,1067.52,98.39,1.0
322,205,18,2705,410,1067.41,101.97,1.0
323,194,23,2694,388,1067.4,87.05,1.0
324,281,23,2781,562,1067.39,99.42,1.0
325,21,17,2521,42,1067.36,65.94,1.0
326,209,23,2709,418,1067.36,93.45,1.0
327,53,18,2553,106,1067.33,74.28,1.0
328,242,21,2742,484,1067.3,105.64,1.0
329,101,20,2601,202,1067.26,75.85,1.0
330,253,22,2753,506,1067.24,101.78,1.0
331,196,22,2696,392,1067.22,88.73,1.0
332,261,21,2761,522,1067.21,112.71,1.0
333,163,18,2663,326,1067.17,93.75,1.0
334,265,20,2765,530,1067.16,107.83,1.0
335,274,23,2774,548,1067.16,99.65,1.0
336,224,22,2724,448,1067.13,99.55,1.0
337,202,22,2702,404,1067.08,90.01,1.0
338,172,20,2672,344,1067.05,87.62,1.0
339,173,19,2673,346,1067.05,91.58,1.0
340,291,21,2791,582,1067.03,108.56,1.0
341,264,21,2764,528,1067.01,107.74,1.0
342,241,24,2741,482,1066.97,95.28,1.0
343,96,20,2596,192,1066.95,76.0,1.0
344,284,22,2784,568,1066.94,105.5,1.0
345,226,22,2726,452,1066.92,96.13,1.0
346,271,24,2771,542,1066.89,94.93,1.0
347,175,18,2675,350,1066.79,96.12,1.0
348,114,17,2614,228,1066.78,86.45,1.0
349,170,22,2670,340,1066.71,85.63,1.0
350,209,18,2709,418,1066.71,101.65,1.0
351,238,21,2738,476,1066.71,104.71,1.0
352,252,23,2752,504,1066.67,101.04,1.0
353,288,20,2788,576,1066.62,115.97,1.0
354,222,21,2722,444,1066.61,100.95,1.0
355,242,19,2742,484,1066.56,107.07,1.0
356,217,21,2717,434,1066.55,95.35,1.0
357,213,18,2713,426,1066.51,107.15,1.0
358,258,19,2758,516,1066.49,113.22,1.0
359,217,22,2717,434,1066.48,93.24,1.0
360,126,19,2626,252,1066.47,84.43,1.0
361,249,20,2749,498,1066.47,108.45,1.0
362,56,18,2556,112,1066.46,74.15,1.0
363,267,17,2767,534,1066.44,115.66,1.0
364,275,20,2775,550,1066.43,109.21,1.0
365,228,21,2728,456,1066.42,97.52,1.0
366,174,21,2674,348,1066.35,90.97,1.0
367,300,22,2800,600,1066.35,108.74,1.0
368,288,24,2788,576,1066.35,103.31,1.0
369,249,19,2749,498,1066.34,109.64,1.0
370,21,18,2521,42,1066.33,66.63,1.0
371,206,24,2706,412,1066.3,87.73,1.0
372,243,22,2743,486,1066.28,96.45,1.0
373,192,18,2692,384,1066.24,99.14,1.0
374,170,17,2670,340,1066.2,96.05,1.0
375,117,20,2617,234,1066.18,80.72,1.0
376,258,18,2758,516,1066.18,112.0,1.0
377,245,23,2745,490,1066.16,99.81,1.0
378,174,18,2674,348,1066.07,100.22,1.0
379,260,21,2760,520,1066.06,109.91,1.0
380,169,21,2669,338,1066.05,87.71,1.0
381,147,18,2647,294,1066.0,89.52,1.0
382,285,20,2785,570,1066.0,109.33,1.0
383,250,19,2750,500,1065.99,113.04,1.0
384,291,22,2791,582,1065.93,108.17,1.0
385,231,21,2731,462,1065.86,95.03,1.0
386,292,20,2792,584,1065.86,110.93,1.0
387,147,22,2647,294,1065.82,81.1,1.0
388,230,22,2730,460,1065.81,97.2,1.0
389,202,20,2702,404,1065.79,95.15,1.0
390,278,21,2778,556,1065.79,107.95,1.0
391,181,17,2681,362,1065.76,95.46,1.0
392,223,19,2723,446,1065.76,102.45,1.0
393,247,21,2747,494,1065.74,103.25,1.0
394,55,18,2555,110,1065.7,73.27,1.0
395,268,17,2768,536,1065.7,111.26,1.0
396,27,16,2527,54,1065.69,73.22,1.0
397,220,18,2720,440,1065.68,107.53,1.0
398,300,21,2800,600,1065.67,110.74,1.0
399,172,19,2672,344,1065.66,93.07,1.0
400,244,23,2744,488,1065.64,96.11,1.0
401,105,17,2605,210,1065.63,87.33,1.0
402,126,20,2626,252,1065.61,81.85,1.0
403,233,18,2733,466,1065.6,105.85,1.0
404,275,23,2775,550,1065.6,101.13,1.0
405,134,19,2634,268,1065.57,96.26,1.0
406,195,20,2695,390,1065.57,98.57,1.0
407,222,20,2722,444,1065.56,103.04,1.0
408,176,18,2676,352,1065.55,99.43,1.0
409,237,21,2737,474,1065.53,100.01,1.0
410,146,19,2646,292,1065.48,91.99,1.0
411,127,20,2627,254,1065.47,82.08,1.0
412,174,20,2674,348,1065.47,95.39,1.0
413,279,21,2779,558,1065.33,109.59,1.0
414,300,20,2800,600,1065.29,115.5,1.0
415,55,17,2555,110,1065.26,74.19,1.0
416,161,17,2661,322,1065.23,93.85,1.0
417,165,20,2665,330,1065.23,88.79,1.0
418,193,20,2693,386,1065.22,94.69,1.0
419,236,19,2736,472,1065.22,108.98,1.0
420,98,18,2598,196,1065.19,80.96,1.0
421,288,19,2788,576,1065.18,119.33,1.0
422,286,18,2786,572,1065.16,115.64,1.0
423,154,20,2654,308,1065.15,89.41,1.0
424,289,20,2789,578,1065.12,109.05,1.0
425,262,18,2762,524,1065.06,112.38,1.0
426,173,18,2673,346,1065.05,93.84,1.0
427,21,19,2521,42,1065.03,65.68,1.0
428,169,19,2669,338,1065.02,92.11,1.0
429,56,17,2556,112,1065.0,75.24,1.0
430,283,25,2783,566,1064.92,98.42,1.0
431,220,19,2720,440,1064.91,105.91,1.0
432,266,18,2766,532,1064.79,109.01,1.0
433,299,20,2799,598,1064.62,118.13,1.0
434,242,20,2742,484,1064.61,108.05,1.0
435,193,19,2693,386,1064.6,98.88,1.0
436,249,24,2749,498,1064.59,96.4,1.0
437,126,21,2626,252,1064.57,79.62,1.0
438,229,19,2729,458,1064.57,105.44,1.0
439,245,19,2745,490,1064.52,111.59,1.0
440,253,20,2753,506,1064.51,107.08,1.0
441,111,21,2611,222,1064.5,77.51,1.0
442,127,19,2627,254,1064.5,83.84,1.0
443,181,22,2681,362,1064.49,86.5,1.0
444,258,24,2758,516,1064.48,99.97,1.0
445,196,18,2696,392,1064.46,100.47,1.0
446,265,23,2765,530,1064.44,102.76,1.0
447,111,17,2611,222,1064.43,86.97,1.0
448,134,20,2634,268,1064.33,92.8,1.0
449,199,21,2699,398,1064.32,92.89,1.0
450,241,16,2741,482,1064.29,113.74,1.0
451,146,21,2646,292,1064.28,85.22,1.0
452,98,17,2598,196,1064.25,83.4,1.0
453,160,23,2660,320,1064.24,84.31,1.0
454,128,20,2628,256,1064.22,86.73,1.0
455,200,21,2700,400,1064.19,96.29,1.0
456,160,17,2660,320,1064.15,99.23,1.0
457,248,23,2748,496,1064.13,92.16,1.0
458,260,20,2760,520,1064.13,113.11,1.0
459,165,19,2665,330,1064.09,91.44,1.0
460,225,19,2725,450,1064.04,107.68,1.0
461,98,19,2598,196,1064.01,78.31,1.0
462,91,19,2591,182,1064.0,74.79,1.0
463,152,19,2652,304,1064.0,90.43,1.0
464,230,18,2730,460,1063.91,108.12,1.0
465,103,19,2603,206,1063.9,81.5,1.0
466,277,19,2777,554,1063.84,112.41,1.0
467,87,18,2587,174,1063.83,80.81,1.0
468,150,18,2650,300,1063.83,91.84,1.0
469,300,19,2800,600,1063.81,118.94,1.0
470,165,21,2665,330,1063.78,86.18,1.0
471,27,17,2527,54,1063.76,70.71,1.0
472,220,22,2720,440,1063.76,100.37,1.0
473,233,24,2733,466,1063.76,92.3,1.0
474,101,17,2601,202,1063.72,81.49,1.0
475,199,19,2699,398,1063.71,96.54,1.0
476,191,19,2691,382,1063.7,97.29,1.0
477,146,18,2646,292,1063.67,93.72,1.0
478,169,17,2669,338,1063.62,98.69,1.0
479,193,21,2693,386,1063.61,91.48,1.0
480,247,22,2747,494,1063.61,103.36,1.0
481,192,21,2692,384,1063.54,93.75,1.0
482,261,22,2761,522,1063.54,108.96,1.0
483,289,23,2789,578,1063.54,104.61,1.0
484,175,21,2675,350,1063.53,90.4,1.0
485,229,20,2729,458,1063.51,102.29,1.0
486,91,20,2591,182,1063.45,73.55,1.0
487,202,23,2702,404,1063.43,88.38,1.0
488,154,18,2654,308,1063.41,94.75,1.0
489,192,17,2692,384,1063.4,101.37,1.0
490,163,17,2663,326,1063.39,96.43,1.0
491,274,24,2774,548,1063.34,96.91,1.0
492,228,22,2728,456,1063.33,93.35,1.0
493,221,21,2721,442,1063.3,98.27,1.0
494,232,24,2732,464,1063.29,94.66,1.0
495,254,22,2754,508,1063.26,103.73,1.0
496,209,24,2709,418,1063.22,91.32,1.0
497,283,18,2783,566,1063.21,116.95,1.0
498,154,19,2654,308,1063.2,91.49,1.0
499,124,20,2624,248,1063.19,83.53,1.0
500,240,23,2740,480,1063.16,95.76,1.0
501,235,21,2735,470,1063.1,100.08,1.0
502,24,17,2524,48,1063.07,67.08,1.0
503,96,17,2596,192,1063.04,81.43,1.0
504,224,16,2724,448,1063.04,109.36,1.0
505,168,17,2668,336,1062.95,99.05,1.0
506,222,19,2722,444,1062.92,104.79,1.0
507,146,20,2646,292,1062.85,88.57,1.0
508,124,17,2624,248,1062.84,87.13,1.0
509,190,23,2690,380,1062.77,89.82,1.0
510,290,23,2790,580,1062.76,103.87,1.0
511,99,19,2599,198,1062.74,77.85,1.0
512,264,18,2764,528,1062.73,117.48,1.0
513,87,19,2587,174,1062.72,78.55,1.0
514,279,23,2779,558,1062.72,105.81,1.0
515,292,24,2792,584,1062.62,101.41,1.0
516,269,22,2769,538,1062.55,99.37,1.0
517,290,22,2790,580,1062.52,106.67,1.0
518,230,23,2730,460,1062.48,94.48,1.0
519,278,20,2778,556,1062.46,109.36,1.0
520,124,18,2624,248,1062.44,86.1,1.0
521,167,22,2667,334,1062.44,85.78,1.0
522,277,25,2777,554,1062.42,95.35,1.0
523,161,22,2661,322,1062.38,82.89,1.0
524,217,19,2717,434,1062.36,102.38,1.0
525,217,20,2717,434,1062.31,100.28,1.0
526,242,23,2742,484,1062.3,98.18,1.0
527,160,16,2660,320,1062.29,99.03,1.0
528,216,18,2716,432,1062.25,105.12,1.0
529,225,22,2725,450,1062.21,100.63,1.0
530,28,17,2528,56,1062.2,69.34,1.0
531,289,22,2789,578,1062.16,103.73,1.0
532,261,19,2761,522,1062.14,117.94,1.0
533,96,21,2596,192,1062.13,73.55,1.0
534,300,23,2800,600,1062.12,106.22,1.0
535,268,25,2768,536,1062.12,93.19,1.0
536,246,24,2746,492,1062.11,92.65,1.0
537,164,23,2664,328,1062.09,85.87,1.0
538,182,17,2682,364,1062.07,100.89,1.0
539,96,18,2596,192,1062.02,80.65,1.0
540,191,20,2691,382,1062.0,93.96,1.0
541,219,17,2719,438,1061.98,105.29,1.0
542,254,19,2754,508,1061.98,108.99,1.0
543,270,17,2770,540,1061.95,116.48,1.0
544,105,21,2605,210,1061.94,78.45,1.0
545,228,20,2728,456,1061.94,101.12,1.0
546,211,19,2711,422,1061.92,102.91,1.0
547,185,23,2685,370,1061.91,89.19,1.0
548,222,22,2722,444,1061.91,97.34,1.0
549,98,20,2598,196,1061.87,77.27,1.0
550,102,18,2602,204,1061.84,82.41,1.0
551,231,19,2731,462,1061.8,102.16,1.0
552,251,21,2751,502,1061.8,103.6,1.0
553,242,22,2742,484,1061.8,103.28,1.0
554,179,22,2679,358,1061.76,87.34,1.0
555,117,19,2617,234,1061.74,83.6,1.0
556,200,19,2700,400,1061.74,102.99,1.0
557,102,19,2602,204,1061.72,79.93,1.0
558,190,18,2690,380,1061.72,100.28,1.0
559,224,23,2724,448,1061.69,95.62,1.0
560,128,17,2628,256,1061.65,92.55,1.0
561,172,21,2672,344,1061.65,88.3,1.0
562,279,20,2779,558,1061.65,111.97,1.0
563,185,16,2685,370,1061.64,103.05,1.0
564,204,21,2704,408,1061.63,100.17,1.0
565,176,17,2676,352,1061.62,103.74,1.0
566,244,19,2744,488,1061.61,105.83,1.0
567,112,20,2612,224,1061.6,81.0,1.0
568,174,19,2674,348,1061.6,98.74,1.0
569,147,17,2647,294,1061.59,92.11,1.0
570,256,20,2756,512,1061.57,109.92,1.0
571,212,24,2712,424,1061.55,90.33,1.0
572,299,19,2799,598,1061.55,117.62,1.0
573,127,21,2627,254,1061.53,80.24,1.0
574,200,22,2700,400,1061.53,93.3,1.0
575,251,22,2751,502,1061.49,99.97,1.0
576,98,16,2598,196,1061.48,86.96,1.0
577,252,24,2752,504,1061.47,97.08,1.0
578,237,22,2737,474,1061.46,97.36,1.0
579,196,23,2696,392,1061.41,88.19,1.0
580,248,24,2748,496,1061.31,88.96,1.0
581,137,20,2637,274,1061.29,82.38,1.0
582,152,20,2652,304,1061.25,86.66,1.0
583,207,21,2707,414,1061.24,97.31,1.0
584,290,21,2790,580,1061.24,109.59,1.0
585,237,20,2737,474,1061.21,101.6,1.0
586,178,21,2678,356,1061.17,93.92,1.0
587,199,20,2699,398,1061.16,93.37,1.0
588,191,21,2691,382,1061.15,91.32,1.0
589,275,24,2775,550,1061.1,101.37,1.0
590,282,22,2782,564,1061.1,104.29,1.0
591,287,23,2787,574,1061.1,103.37,1.0
592,150,19,2650,300,1061.06,90.55,1.0
593,265,19,2765,530,1061.05,110.19,1.0
594,278,23,2778,556,1061.04,103.75,1.0
595,126,18,2626,252,1061.01,87.69,1.0
596,199,18,2699,398,1061.01,99.31,1.0
597,236,24,2736,472,1061.01,91.12,1.0
598,53,19,2553,106,1061.0,72.98,1.0
599,202,19,2702,404,1061.0,96.24,1.0
600,24,18,2524,48,1060.94,66.0,1.0
601,27,19,2527,54,1060.93,65.34,1.0
602,209,17,2709,418,1060.93,105.8,1.0
603,28,18,2528,56,1060.92,69.18,1.0
604,291,19,2791,582,1060.92,113.76,1.0
605,140,18,2640,280,1060.89,92.69,1.0
606,243,19,2743,486,1060.89,106.98,1.0
607,37,17,2537,74,1060.84,73.54,1.0
608,212,16,2712,424,1060.84,108.33,1.0
609,238,20,2738,476,1060.81,107.01,1.0
610,270,24,2770,540,1060.8,100.02,1.0
611,216,23,2716,432,1060.79,91.73,1.0
612,124,19,2624,248,1060.76,83.57,1.0
613,133,20,2633,266,1060.75,82.48,1.0
614,103,18,2603,206,1060.74,84.55,1.0
615,102,20,2602,204,1060.7,78.86,1.0
616,215,22,2715,430,1060.68,94.35,1.0
617,292,19,2792,584,1060.67,114.29,1.0
618,128,21,2628,256,1060.65,85.27,1.0
619,165,22,2665,330,1060.64,82.43,1.0
620,261,23,2761,522,1060.64,107.62,1.0
621,300,18,2800,600,1060.64,121.52,1.0
622,100,19,2600,200,1060.61,83.2,1.0
623,108,19,2608,216,1060.6,83.4,1.0
624,294,24,2794,588,1060.59,96.9,1.0
625,137,19,2637,274,1060.53,84.41,1.0
626,285,24,2785,570,1060.52,94.99,1.0
627,248,20,2748,496,1060.48,100.83,1.0
628,55,19,2555,110,1060.47,71.56,1.0
629,231,22,2731,462,1060.45,93.55,1.0
630,112,19,2612,224,1060.41,83.1,1.0
631,134,17,2634,268,1060.41,98.8,1.0
632,176,22,2676,352,1060.4,88.72,1.0
633,113,19,2613,226,1060.39,90.61,1.0
634,229,21,2729,458,1060.39,99.15,1.0
635,170,23,2670,340,1060.38,83.79,1.0
636,286,25,2786,572,1060.35,98.44,1.0
637,234,22,2734,468,1060.34,92.7,1.0
638,68,19,2568,136,1060.32,72.3,1.0
639,253,19,2753,506,1060.32,108.79,1.0
640,226,23,2726,452,1060.28,94.93,1.0
641,95,18,2595,190,1060.26,83.29,1.0
642,211,20,2711,422,1060.25,102.1,1.0
643,200,20,2700,400,1060.25,100.03,1.0
644,99,18,2599,198,1060.21,81.23,1.0
645,127,17,2627,254,1060.21,87.31,1.0
646,91,18,2591,182,1060.19,77.54,1.0
647,197,19,2697,394,1060.18,102.97,1.0
648,279,24,2779,558,1060.16,101.26,1.0
649,274,19,2774,548,1060.13,109.53,1.0
650,113,18,2613,226,1060.12,91.99,1.0
651,261,20,2761,522,1060.11,114.62,1.0
652,290,20,2790,580,1060.11,111.34,1.0
653,180,20,2680,360,1060.1,88.8,1.0
654,223,18,2723,446,1060.07,101.77,1.0
655,238,22,2738,476,1060.05,99.82,1.0
656,164,16,2664,328,1060.03,99.19,1.0
657,276,18,2776,552,1060.02,114.8,1.0
658,235,20,2735,470,1060.01,104.94,1.0
659,109,18,2609,218,1059.98,85.85,1.0
660,169,18,2669,338,1059.97,96.4,1.0
661,206,16,2706,412,1059.94,107.96,1.0
662,166,20,2666,332,1059.93,91.99,1.0
663,117,18,2617,234,1059.84,84.2,1.0
664,87,17,2587,174,1059.83,82.01,1.0
665,266,25,2766,532,1059.82,93.77,1.0
666,71,18,2571,142,1059.81,74.25,1.0
667,109,19,2609,218,1059.8,82.8,1.0
668,232,17,2732,464,1059.76,107.94,1.0
669,291,23,2791,582,1059.76,105.89,1.0
670,173,20,2673,346,1059.75,90.93,1.0
671,27,15,2527,54,1059.74,73.65,1.0
672,20,17,2520,40,1059.74,66.84,1.0
673,298,26,2798,596,1059.69,97.68,1.0
674,186,21,2686,372,1059.65,94.89,1.0
675,204,20,2704,408,1059.64,102.31,1.0
676,95,19,2595,190,1059.57,81.4,1.0
677,285,19,2785,570,1059.55,112.0,1.0
678,242,18,2742,484,1059.48,112.12,1.0
679,260,22,2760,520,1059.47,107.19,1.0
680,43,18,2543,86,1059.46,72.15,1.0
681,284,23,2784,568,1059.46,101.86,1.0
682,168,22,2668,336,1059.43,90.63,1.0
683,140,20,2640,280,1059.42,88.99,1.0
684,218,21,2718,436,1059.39,99.29,1.0
685,116,20,2616,232,1059.38,79.17,1.0
686,297,22,2797,594,1059.38,104.19,1.0
687,140,17,2640,280,1059.37,96.52,1.0
688,150,20,2650,300,1059.37,85.91,1.0
689,281,21,2781,562,1059.36,106.64,1.0
690,272,21,2772,544,1059.32,108.0,1.0
691,287,22,2787,574,1059.31,105.02,1.0
692,94,18,2594,188,1059.3,82.31,1.0
693,108,20,2608,216,1059.22,81.25,1.0
694,261,18,2761,522,1059.22,119.87,1.0
695,123,18,2623,246,1059.18,88.31,1.0
696,282,23,2782,564,1059.18,99.22,1.0
697,181,23,2681,362,1059.17,84.84,1.0
698,271,25,2771,542,1059.13,91.11,1.0
699,43,17,2543,86,1059.12,73.55,1.0
700,174,22,2674,348,1059.12,89.71,1.0
701,53,17,2553,106,1059.1,76.22,1.0
702,193,22,2693,386,1059.1,89.06,1.0
703,254,23,2754,508,1059.09,101.66,1.0
704,289,24,2789,578,1059.08,101.73,1.0
705,178,18,2678,356,1059.07,99.29,1.0
706,155,20,2655,310,1059.06,95.82,1.0
707,221,22,2721,442,1059.06,96.17,1.0
708,275,19,2775,550,1059.05,112.74,1.0
709,56,20,2556,112,1059.02,73.18,1.0
710,79,17,2579,158,1059.0,84.83,1.0
711,207,20,2707,414,1059.0,98.95,1.0
712,248,19,2748,496,1058.97,105.27,1.0
713,85,18,2585,170,1058.94,80.62,1.0
714,166,21,2666,332,1058.92,88.69,1.0
715,94,17,2594,188,1058.91,83.09,1.0
716,49,18,2549,98,1058.9,75.65,1.0
717,220,23,2720,440,1058.89,98.31,1.0
718,246,17,2746,492,1058.89,111.73,1.0
719,112,18,2612,224,1058.83,85.16,1.0
720,179,18,2679,358,1058.81,96.94,1.0
721,123,19,2623,246,1058.79,87.2,1.0
722,137,21,2637,274,1058.79,79.64,1.0
723,218,22,2718,436,1058.79,99.0,1.0
724,104,19,2604,208,1058.77,83.64,1.0
725,282,21,2782,564,1058.77,106.81,1.0
726,174,17,2674,348,1058.74,102.55,1.0
727,287,21,2787,574,1058.74,109.29,1.0
728,265,24,2765,530,1058.7,98.81,1.0
729,24,19,2524,48,1058.69,65.75,1.0
730,211,21,2711,422,1058.65,101.36,1.0
731,17,17,2517,34,1058.63,64.96,1.0
732,175,22,2675,350,1058.6,89.35,1.0
733,49,17,2549,98,1058.58,76.11,1.0
734,21,16,2521,42,1058.56,67.76,1.0
735,234,21,2734,468,1058.56,95.19,1.0
736,114,16,2614,228,1058.54,88.95,1.0
737,200,18,2700,400,1058.54,106.01,1.0
738,280,20,2780,560,1058.54,107.41,1.0
739,113,20,2613,226,1058.49,86.98,1.0
740,144,19,2644,288,1058.49,90.5,1.0
741,277,18,2777,554,1058.47,115.61,1.0
742,101,16,2601,202,1058.46,83.79,1.0
743,194,17,2694,388,1058.45,104.42,1.0
744,237,23,2737,474,1058.45,93.48,1.0
745,253,23,2753,506,1058.44,97.64,1.0
746,120,20,2620,240,1058.41,84.13,1.0
747,125,19,2625,250,1058.41,83.96,1.0
748,87,20,2587,174,1058.4,76.45,1.0
749,251,19,2751,502,1058.39,108.66,1.0
750,21,20,2521,42,1058.38,63.48,1.0
751,293,17,2793,586,1058.38,119.15,1.0
752,250,17,2750,500,1058.37,119.25,1.0
753,79,18,2579,158,1058.32,82.13,1.0
754,296,23,2796,592,1058.27,99.51,1.0
755,272,22,2772,544,1058.25,106.16,1.0
756,71,17,2571,142,1058.24,75.6,1.0
757,231,18,2731,462,1058.22,104.35,1.0
758,179,23,2679,358,1058.21,83.11,1.0
759,99,20,2599,198,1058.18,76.93,1.0
760,208,21,2708,416,1058.18,97.02,1.0
761,269,23,2769,538,1058.18,96.98,1.0
762,228,23,2728,456,1058.15,89.66,1.0
763,289,19,2789,578,1058.14,112.56,1.0
764,276,25,2776,552,1058.12,99.59,1.0
765,237,19,2737,474,1058.11,108.78,1.0
766,140,21,2640,280,1058.08,87.52,1.0
767,217,23,2717,434,1058.08,90.66,1.0
768,96,22,2596,192,1058.05,72.19,1.0
769,127,18,2627,254,1058.05,85.83,1.0
770,100,18,2600,200,1058.04,85.17,1.0
771,37,18,2537,74,1058.02,71.33,1.0
772,217,18,2717,434,1058.02,103.29,1.0
773,208,20,2708,416,1058.01,99.46,1.0
774,70,18,2570,140,1058.0,72.56,1.0
775,182,23,2682,364,1058.0,85.12,1.0
776,129,19,2629,258,1057.99,89.85,1.0
777,192,22,2692,384,1057.99,89.44,1.0
778,295,23,2795,590,1057.99,102.97,1.0
779,238,23,2738,476,1057.92,95.14,1.0
780,140,19,2640,280,1057.88,91.68,1.0
781,240,18,2740,480,1057.85,109.42,1.0
782,71,19,2571,142,1057.81,73.32,1.0
783,173,21,2673,346,1057.81,89.01,1.0
784,125,18,2625,250,1057.79,86.43,1.0
785,195,22,2695,390,1057.79,91.47,1.0
786,299,25,2799,598,1057.78,104.25,1.0
787,281,24,2781,562,1057.77,97.59,1.0
788,120,19,2620,240,1057.75,86.78,1.0
789,31,18,2531,62,1057.73,67.64,1.0
790,101,21,2601,202,1057.73,73.98,1.0
791,251,23,2751,502,1057.7,98.09,1.0
792,202,18,2702,404,1057.7,101.56,1.0
793,256,19,2756,512,1057.7,110.81,1.0
794,279,19,2779,558,1057.7,115.98,1.0
795,247,23,2747,494,1057.68,99.87,1.0
796,56,16,2556,112,1057.66,77.05,1.0
797,157,18,2657,314,1057.64,95.99,1.0
798,205,24,2705,410,1057.61,86.06,1.0
799,208,19,2708,416,1057.56,101.75,1.0
800,195,21,2695,390,1057.55,95.94,1.0
801,226,19,2726,452,1057.55,105.3,1.0
802,191,18,2691,382,1057.53,97.23,1.0
803,172,18,2672,344,1057.52,94.03,1.0
804,94,19,2594,188,1057.49,79.48,1.0
805,234,20,2734,468,1057.47,99.77,1.0
806,68,18,2568,136,1057.44,73.43,1.0
807,154,21,2654,308,1057.44,87.72,1.0
808,243,23,2743,486,1057.44,94.64,1.0
809,43,16,2543,86,1057.42,74.21,1.0
810,255,22,2755,510,1057.38,102.18,1.0
811,83,17,2583,166,1057.37,89.65,1.0
812,172,22,2672,344,1057.36,85.24,1.0
813,133,19,2633,266,1057.35,87.29,1.0
814,249,18,2749,498,1057.32,110.67,1.0
815,288,25,2788,576,1057.32,99.88,1.0
816,123,17,2623,246,1057.31,89.37,1.0
817,155,18,2655,310,1057.29,98.68,1.0
818,155,19,2655,310,1057.29,98.05,1.0
819,105,16,2605,210,1057.26,88.77,1.0
820,133,21,2633,266,1057.26,80.2,1.0
821,294,19,2794,588,1057.22,109.24,1.0
822,255,21,2755,510,1057.21,104.31,1.0
823,31,17,2531,62,1057.19,71.43,1.0
824,95,17,2595,190,1057.18,84.07,1.0
825,243,18,2743,486,1057.17,107.9,1.0
826,113,21,2613,226,1057.1,84.47,1.0
827,258,17,2758,516,1057.07,117.51,1.0
828,199,22,2699,398,1057.06,91.52,1.0
829,49,19,2549,98,1057.03,73.78,1.0
830,68,17,2568,136,1057.03,76.29,1.0
831,87,16,2587,174,1057.03,83.47,1.0
832,195,19,2695,390,1057.01,103.31,1.0
833,129,18,2629,258,1057.0,89.33,1.0
834,50,17,2550,100,1056.99,76.01,1.0
835,55,16,2555,110,1056.99,76.33,1.0
836,120,18,2620,240,1056.98,88.44,1.0
837,134,21,2634,268,1056.96,89.66,1.0
838,235,22,2735,470,1056.96,97.01,1.0
839,262,24,2762,524,1056.94,97.31,1.0
840,92,19,2592,184,1056.93,78.2,1.0
841,119,20,2619,238,1056.93,80.97,1.0
842,153,20,2653,306,1056.9,89.33,1.0
843,155,21,2655,310,1056.87,92.09,1.0
844,180,19,2680,360,1056.87,92.88,1.0
845,208,18,2708,416,1056.85,103.01,1.0
846,53,20,2553,106,1056.83,70.31,1.0
847,269,21,2769,538,1056.81,103.08,1.0
848,85,19,2585,170,1056.76,78.59,1.0
849,103,17,2603,206,1056.76,86.4,1.0
850,177,20,2677,354,1056.74,94.89,1.0
851,186,22,2686,372,1056.71,92.45,1.0
852,37,19,2537,74,1056.7,69.3,1.0
853,117,17,2617,234,1056.7,86.7,1.0
854,99,17,2599,198,1056.69,84.34,1.0
855,132,19,2632,264,1056.69,86.8,1.0
856,193,18,2693,386,1056.67,98.98,1.0
857,267,25,2767,534,1056.67,95.43,1.0
858,179,17,2679,358,1056.65,98.59,1.0
859,262,17,2762,524,1056.61,112.82,1.0
860,40,18,2540,80,1056.58,69.78,1.0
861,252,18,2752,504,1056.56,115.8,1.0
862,91,17,2591,182,1056.55,80.12,1.0
863,109,20,2609,218,1056.55,80.96,1.0
864,272,23,2772,544,1056.51,101.72,1.0
865,256,23,2756,512,1056.47,101.55,1.0
866,132,17,2632,264,1056.46,91.2,1.0
867,1,17,2501,2,1056.44,60.18,1.0
868,155,17,2655,310,1056.42,100.75,1.0
869,24,16,2524,48,1056.41,68.86,1.0
870,90,17,2590,180,1056.38,81.18,1.0
871,157,20,2657,314,1056.38,91.66,1.0
872,251,20,2751,502,1056.37,105.38,1.0
873,263,22,2763,526,1056.34,107.11,1.0
874,298,17,2798,596,1056.34,127.35,1.0
875,177,18,2677,354,1056.32,102.4,1.0
876,154,17,2654,308,1056.3,97.05,1.0
877,293,25,2793,586,1056.25,99.46,1.0
878,238,19,2738,476,1056.23,110.01,1.0
879,281,20,2781,562,1056.23,109.38,1.0
880,236,18,2736,472,1056.22,110.42,1.0
881,228,19,2728,456,1056.21,103.33,1.0
882,240,17,2740,480,1056.21,110.88,1.0
883,152,21,2652,304,1056.19,85.44,1.0
884,161,23,2661,322,1056.18,81.46,1.0
885,96,16,2596,192,1056.15,84.98,1.0
886,260,19,2760,520,1056.13,115.74,1.0
887,200,23,2700,400,1056.12,89.64,1.0
888,111,16,2611,222,1056.09,88.87,1.0
889,193,23,2693,386,1056.08,88.21,1.0
890,79,19,2579,158,1056.07,79.68,1.0
891,211,18,2711,422,1056.07,105.37,1.0
892,1,16,2501,2,1056.03,62.05,1.0
893,161,16,2661,322,1056.01,96.4,1.0
894,225,23,2725,450,1056.0,97.67,1.0
895,40,17,2540,80,1055.95,70.56,1.0
896,73,17,2573,146,1055.95,75.88,1.0
897,134,16,2634,268,1055.94,98.88,1.0
898,189,21,2689,378,1055.92,97.53,1.0
899,129,20,2629,258,1055.88,87.33,1.0
900,132,18,2632,264,1055.86,89.52,1.0
901,106,18,2606,212,1055.85,80.52,1.0
902,229,22,2729,458,1055.82,97.11,1.0
903,297,21,2797,594,1055.82,107.55,1.0
904,263,23,2763,526,1055.81,104.68,1.0
905,91,16,2591,182,1055.77,83.21,1.0
906,215,21,2715,430,1055.73,98.81,1.0
907,231,23,2731,462,1055.72,90.41,1.0
908,102,17,2602,204,1055.71,83.91,1.0
909,197,20,2697,394,1055.59,103.55,1.0
910,1,18,2501,2,1055.57,59.15,1.0
911,16,17,2516,32,1055.57,64.98,1.0
912,287,24,2787,574,1055.57,100.62,1.0
913,204,22,2704,408,1055.52,96.51,1.0
914,208,22,2708,416,1055.5,96.48,1.0
915,270,25,2770,540,1055.47,97.51,1.0
916,73,18,2573,146,1055.46,73.93,1.0
917,273,21,2773,546,1055.45,105.0,1.0
918,188,20,2688,376,1055.43,95.59,1.0
919,296,22,2796,592,1055.43,104.6,1.0
920,124,21,2624,248,1055.41,83.08,1.0
921,114,22,2614,228,1055.41,76.37,1.0
922,189,20,2689,378,1055.41,99.47,1.0
923,291,24,2791,582,1055.39,103.14,1.0
924,274,25,2774,548,1055.38,94.17,1.0
925,99,21,2599,198,1055.35,75.22,1.0
926,284,19,2784,568,1055.35,113.18,1.0
927,49,16,2549,98,1055.34,78.1,1.0
928,63,18,2563,126,1055.32,75.19,1.0
929,129,17,2629,258,1055.31,91.8,1.0
930,188,21,2688,376,1055.27,94.76,1.0
931,126,22,2626,252,1055.24,78.93,1.0
932,214,21,2714,428,1055.23,94.49,1.0
933,254,18,2754,508,1055.22,111.64,1.0
934,278,19,2778,556,1055.22,113.37,1.0
935,150,17,2650,300,1055.2,95.24,1.0
936,225,18,2725,450,1055.17,113.41,1.0
937,112,21,2612,224,1055.15,79.34,1.0
938,131,18,2631,262,1055.15,88.31,1.0
939,229,18,2729,458,1055.15,107.46,1.0
940,280,22,2780,560,1055.12,101.43,1.0
941,83,19,2583,166,1055.1,84.34,1.0
942,83,18,2583,166,1055.09,87.39,1.0
943,245,18,2745,490,1055.09,113.22,1.0
944,117,21,2617,234,1055.07,78.82,1.0
945,257,21,2757,514,1055.07,107.75,1.0
946,90,16,2590,180,1055.04,84.23,1.0
947,241,25,2741,482,1055.02,93.29,1.0
948,282,24,2782,564,1054.99,98.26,1.0
949,63,17,2563,126,1054.97,77.63,1.0
950,121,19,2621,242,1054.97,84.9,1.0
951,17,16,2517,34,1054.96,66.91,1.0
952,94,20,2594,188,1054.95,77.53,1.0
953,197,18,2697,394,1054.94,105.73,1.0
954,137,18,2637,274,1054.91,87.73,1.0
955,207,19,2707,414,1054.84,102.43,1.0
956,244,24,2744,488,1054.81,94.12,1.0
957,295,22,2795,590,1054.81,104.86,1.0
958,213,17,2713,426,1054.8,114.0,1.0
959,297,23,2797,594,1054.77,102.96,1.0
960,10,17,2510,20,1054.76,61.63,1.0
961,127,22,2627,254,1054.75,78.95,1.0
962,223,16,2723,446,1054.75,105.27,1.0
963,20,16,2520,40,1054.74,68.27,1.0
964,284,24,2784,568,1054.74,99.5,1.0
965,256,22,2756,512,1054.73,105.98,1.0
966,94,16,2594,188,1054.7,84.59,1.0
967,191,22,2691,382,1054.7,89.05,1.0
968,256,21,2756,512,1054.7,109.14,1.0
969,300,24,2800,600,1054.7,104.25,1.0
970,222,23,2722,444,1054.69,94.98,1.0
971,295,21,2795,590,1054.69,108.96,1.0
972,20,18,2520,40,1054.66,65.81,1.0
973,90,20,2590,180,1054.66,75.75,1.0
974,109,21,2609,218,1054.65,80.41,1.0
975,139,19,2639,278,1054.65,86.47,1.0
976,213,24,2713,426,1054.64,93.42,1.0
977,260,23,2760,520,1054.64,106.13,1.0
978,16,16,2516,32,1054.6,67.0,1.0
979,285,18,2785,570,1054.56,114.25,1.0
980,128,16,2628,256,1054.55,95.79,1.0
981,178,22,2678,356,1054.55,91.33,1.0
982,147,23,2647,294,1054.53,80.74,1.0
983,0,17,2500,0,1054.52,61.44,1.0
984,280,21,2780,560,1054.41,105.07,1.0
985,221,23,2721,442,1054.4,92.31,1.0
986,204,19,2704,408,1054.38,104.46,1.0
987,183,19,2683,366,1054.35,98.7,1.0
988,263,20,2763,526,1054.35,110.33,1.0
989,173,22,2673,346,1054.33,86.34,1.0
990,95,20,2595,190,1054.32,79.95,1.0
991,264,23,2764,528,1054.32,103.25,1.0
992,130,20,2630,260,1054.3,82.99,1.0
993,260,24,2760,520,1054.28,102.32,1.0
994,205,17,2705,410,1054.26,105.85,1.0
995,31,16,2531,62,1054.24,73.15,1.0
996,28,16,2528,56,1054.23,70.13,1.0
997,254,24,2754,508,1054.21,99.81,1.0
998,125,20,2625,250,1054.16,81.77,1.0
999,68,20,2568,136,1054.14,70.33,1.0
1000,153,19,2653,306,1054.14,91.21,1.0
1001,236,17,2736,472,1054.14,114.47,1.0
1002,70,19,2570,140,1054.13,73.95,1.0
1003,144,18,2644,288,1054.09,94.9,1.0
1004,136,20,2636,272,1054.09,88.37,1.0
1005,221,20,2721,442,1054.09,101.46,1.0
1006,240,24,2740,480,1054.09,92.99,1.0
1007,186,19,2686,372,1054.06,97.95,1.0
1008,190,24,2690,380,1054.05,87.41,1.0
1009,207,22,2707,414,1054.05,96.14,1.0
1010,288,18,2788,576,1054.05,121.29,1.0
1011,1,19,2501,2,1053.97,58.92,1.0
1012,173,17,2673,346,1053.97,97.28,1.0
1013,175,17,2675,350,1053.97,99.61,1.0
1014,54,18,2554,108,1053.95,73.37,1.0
1015,75,19,2575,150,1053.95,76.49,1.0
1016,296,20,2796,592,1053.95,111.74,1.0
1017,211,22,2711,422,1053.92,97.44,1.0
1018,230,24,2730,460,1053.9,92.03,1.0
1019,0,16,2500,0,1053.88,63.36,1.0
1020,116,19,2616,232,1053.88,80.47,1.0
1021,163,22,2663,326,1053.86,86.29,1.0
1022,266,17,2766,532,1053.86,112.63,1.0
1023,84,20,2584,168,1053.84,75.26,1.0
1024,110,19,2610,220,1053.82,84.0,1.0
1025,119,19,2619,238,1053.78,85.64,1.0
1026,274,18,2774,548,1053.78,113.7,1.0
1027,152,18,2652,304,1053.77,94.65,1.0
1028,40,19,2540,80,1053.75,68.53,1.0
1029,116,18,2616,232,1053.64,83.37,1.0
1030,35,18,2535,70,1053.62,67.92,1.0
1031,135,18,2635,270,1053.61,88.71,1.0
1032,108,17,2608,216,1053.6,85.78,1.0
1033,177,21,2677,354,1053.57,92.89,1.0
1034,276,17,2776,552,1053.57,115.74,1.0
1035,272,20,2772,544,1053.56,112.96,1.0
1036,104,18,2604,208,1053.52,85.67,1.0
1037,133,18,2633,266,1053.52,89.76,1.0
1038,187,19,2687,374,1053.52,92.07,1.0
1039,177,19,2677,354,1053.48,99.92,1.0
1040,91,21,2591,182,1053.43,74.98,1.0
1041,296,24,2796,592,1053.43,97.67,1.0
1042,136,18,2636,272,1053.4,91.56,1.0
1043,200,17,2700,400,1053.4,109.15,1.0
1044,169,22,2669,338,1053.38,87.58,1.0
1045,170,16,2670,340,1053.37,99.15,1.0
1046,197,21,2697,394,1053.35,99.56,1.0
1047,183,20,2683,366,1053.32,95.24,1.0
1048,268,16,2768,536,1053.31,119.81,1.0
1049,135,19,2635,270,1053.29,86.59,1.0
1050,223,24,2723,446,1053.25,89.67,1.0
1051,282,20,2782,564,1053.25,109.98,1.0
1052,35,17,2535,70,1053.2,70.1,1.0
1053,63,19,2563,126,1053.19,72.89,1.0
1054,167,17,2667,334,1053.19,99.56,1.0
1055,187,18,2687,374,1053.16,96.12,1.0
1056,176,23,2676,352,1053.15,86.88,1.0
1057,31,19,2531,62,1053.14,67.85,1.0
1058,194,24,2694,388,1053.14,85.67,1.0
1059,165,18,2665,330,1053.11,94.11,1.0
1060,163,16,2663,326,1053.1,100.33,1.0
1061,90,18,2590,180,1053.08,78.85,1.0
1062,255,20,2755,510,1053.06,106.65,1.0
1063,249,25,2749,498,1053.04,94.07,1.0
1064,218,20,2718,436,1053.02,101.69,1.0
1065,190,17,2690,380,1053.0,99.99,1.0
1066,97,16,2597,194,1052.98,89.96,1.0
1067,97,17,2597,194,1052.98,88.75,1.0
1068,117,16,2617,234,1052.97,89.17,1.0
1069,290,24,2790,580,1052.97,102.22,1.0
1070,130,19,2630,260,1052.95,84.72,1.0
1071,75,18,2575,150,1052.93,78.68,1.0
1072,136,19,2636,272,1052.93,90.23,1.0
1073,166,22,2666,332,1052.92,86.3,1.0
1074,123,20,2623,246,1052.91,85.77,1.0
1075,171,19,2671,342,1052.91,92.07,1.0
1076,13,17,2513,26,1052.9,65.4,1.0
1077,215,20,2715,430,1052.89,101.9,1.0
1078,265,18,2765,530,1052.89,114.56,1.0
1079,87,21,2587,174,1052.87,73.25,1.0
1080,283,17,2783,566,1052.85,119.77,1.0
1081,219,24,2719,438,1052.82,90.34,1.0
1082,261,24,2761,522,1052.82,102.05,1.0
1083,122,19,2622,244,1052.8,85.57,1.0
1084,121,18,2621,242,1052.79,90.27,1.0
1085,43,19,2543,86,1052.78,70.03,1.0
1086,20,19,2520,40,1052.77,65.29,1.0
1087,221,19,2721,442,1052.7,102.87,1.0
1088,295,24,2795,590,1052.69,101.6,1.0
1089,84,19,2584,168,1052.68,76.52,1.0
1090,106,19,2606,212,1052.68,79.88,1.0
1091,98,21,2598,196,1052.66,75.89,1.0
1092,26,18,2526,52,1052.64,67.91,1.0
1093,19,16,2519,38,1052.62,66.46,1.0
1094,209,25,2709,418,1052.62,90.1,1.0
1095,233,17,2733,466,1052.62,110.03,1.0
1096,13,19,2513,26,1052.57,63.35,1.0
1097,71,20,2571,142,1052.57,72.68,1.0
1098,109,17,2609,218,1052.57,87.08,1.0
1099,253,18,2753,506,1052.57,110.38,1.0
1100,263,19,2763,526,1052.57,111.81,1.0
1101,39,18,2539,78,1052.55,67.57,1.0
1102,256,18,2756,512,1052.55,114.36,1.0
1103,198,20,2698,396,1052.52,97.77,1.0
1104,84,18,2584,168,1052.51,78.77,1.0
1105,237,18,2737,474,1052.51,109.21,1.0
1106,102,21,2602,204,1052.5,76.99,1.0
1107,285,25,2785,570,1052.5,94.35,1.0
1108,92,18,2592,184,1052.49,79.76,1.0
1109,203,21,2703,406,1052.49,96.45,1.0
1110,113,17,2613,226,1052.47,96.17,1.0
1111,287,20,2787,574,1052.43,111.33,1.0
1112,223,17,2723,446,1052.41,104.55,1.0
1113,243,24,2743,486,1052.4,91.93,1.0
1114,220,24,2720,440,1052.38,94.11,1.0
1115,168,16,2668,336,1052.35,102.24,1.0
1116,1,15,2501,2,1052.34,64.01,1.0
1117,126,17,2626,252,1052.26,89.08,1.0
1118,184,20,2684,368,1052.24,94.65,1.0
1119,214,22,2714,428,1052.22,91.72,1.0
1120,294,25,2794,588,1052.22,93.33,1.0
1121,55,20,2555,110,1052.21,68.98,1.0
1122,69,17,2569,138,1052.2,79.61,1.0
1123,137,17,2637,274,1052.18,91.99,1.0
1124,29,18,2529,58,1052.17,69.16,1.0
1125,238,24,2738,476,1052.15,93.64,1.0
1126,166,19,2666,332,1052.13,95.14,1.0
1127,267,16,2767,534,1052.11,122.5,1.0
1128,250,24,2750,500,1052.09,100.39,1.0
1129,28,19,2528,56,1052.08,66.63,1.0
1130,71,16,2571,142,1052.08,77.4,1.0
1131,183,18,2683,366,1052.08,99.18,1.0
1132,186,23,2686,372,1052.08,89.36,1.0
1133,222,18,2722,444,1052.08,107.69,1.0
1134,227,20,2727,454,1052.07,102.01,1.0
1135,263,21,2763,526,1052.07,109.24,1.0
1136,144,17,2644,288,1052.05,95.65,1.0
1137,19,17,2519,38,1052.04,65.09,1.0
1138,292,25,2792,584,1052.04,99.73,1.0
1139,259,21,2759,518,1051.99,105.96,1.0
1140,178,17,2678,356,1051.98,102.05,1.0
1141,215,23,2715,430,1051.97,91.99,1.0
1142,199,23,2699,398,1051.95,87.24,1.0
1143,246,25,2746,492,1051.95,90.74,1.0
1144,33,18,2533,66,1051.94,67.81,1.0
1145,99,16,2599,198,1051.94,87.89,1.0
1146,9,18,2509,18,1051.9,68.23,1.0
1147,90,19,2590,180,1051.9,77.47,1.0
1148,187,22,2687,374,1051.89,88.73,1.0
1149,245,24,2745,490,1051.89,95.85,1.0
1150,209,16,2709,418,1051.86,109.33,1.0
1151,139,20,2639,278,1051.82,85.07,1.0
1152,284,18,2784,568,1051.82,116.47,1.0
1153,29,17,2529,58,1051.8,68.71,1.0
1154,157,19,2657,314,1051.79,95.39,1.0
1155,131,19,2631,262,1051.75,85.78,1.0
1156,9,17,2509,18,1051.73,69.29,1.0
1157,108,18,2608,216,1051.7,84.36,1.0
1158,269,20,2769,538,1051.69,105.54,1.0
1159,180,21,2680,360,1051.68,87.87,1.0
1160,104,17,2604,208,1051.67,88.15,1.0
1161,272,19,2772,544,1051.67,117.17,1.0
1162,111,22,2611,222,1051.65,78.29,1.0
1163,129,21,2629,258,1051.65,85.98,1.0
1164,214,20,2714,428,1051.63,98.43,1.0
1165,255,19,2755,510,1051.61,109.06,1.0
1166,26,16,2526,52,1051.59,71.38,1.0
1167,154,22,2654,308,1051.59,85.88,1.0
1168,269,24,2769,538,1051.59,94.83,1.0
1169,297,20,2797,594,1051.58,111.17,1.0
1170,70,17,2570,140,1051.57,75.45,1.0
1171,195,23,2695,390,1051.54,88.8,1.0
1172,204,18,2704,408,1051.5,106.2,1.0
1173,29,16,2529,58,1051.49,70.74,1.0
1174,135,17,2635,270,1051.47,89.75,1.0
1175,280,23,2780,560,1051.47,100.52,1.0
1176,153,21,2653,306,1051.45,86.7,1.0
1177,198,21,2698,396,1051.45,95.09,1.0
1178,39,17,2539,78,1051.44,71.15,1.0
1179,214,19,2714,428,1051.41,102.26,1.0
1180,258,25,2758,516,1051.4,96.5,1.0
1181,169,16,2669,338,1051.38,98.87,1.0
1182,13,18,2513,26,1051.37,64.09,1.0
1183,234,23,2734,468,1051.37,91.74,1.0
1184,139,21,2639,278,1051.36,82.87,1.0
1185,202,24,2702,404,1051.32,85.44,1.0
1186,229,23,2729,458,1051.3,95.8,1.0
1187,186,20,2686,372,1051.28,97.17,1.0
1188,155,22,2655,310,1051.26,88.44,1.0
1189,53,16,2553,106,1051.23,78.69,1.0
1190,44,18,2544,88,1051.23,69.64,1.0
1191,226,18,2726,452,1051.22,107.65,1.0
1192,220,17,2720,440,1051.18,109.92,1.0
1193,171,20,2671,342,1051.17,92.41,1.0
1194,296,21,2796,592,1051.15,106.05,1.0
1195,16,18,2516,32,1051.13,63.85,1.0
1196,221,18,2721,442,1051.13,105.63,1.0
1197,150,21,2650,300,1051.11,85.52,1.0
1198,103,20,2603,206,1051.09,81.28,1.0
1199,291,18,2791,582,1051.09,115.64,1.0
1200,167,23,2667,334,1051.06,83.88,1.0
1201,66,18,2566,132,1051.04,79.76,1.0
1202,259,22,2759,518,1051.03,104.99,1.0
1203,15,18,2515,30,1050.99,65.54,1.0
1204,70,20,2570,140,1050.99,72.7,1.0
1205,247,18,2747,494,1050.98,113.28,1.0
1206,112,17,2612,224,1050.97,86.72,1.0
1207,278,24,2778,556,1050.97,102.2,1.0
1208,4,17,2504,8,1050.96,64.04,1.0
1209,184,19,2684,368,1050.96,97.02,1.0
1210,13,16,2513,26,1050.95,65.25,1.0
1211,139,18,2639,278,1050.94,87.81,1.0
1212,133,17,2633,266,1050.94,92.17,1.0
1213,122,20,2622,244,1050.92,84.53,1.0
1214,100,20,2600,200,1050.92,79.43,1.0
1215,189,22,2689,378,1050.92,93.34,1.0
1216,85,17,2585,170,1050.89,81.69,1.0
1217,290,19,2790,580,1050.87,111.77,1.0
1218,29,19,2529,58,1050.86,68.92,1.0
1219,104,20,2604,208,1050.81,81.51,1.0
1220,41,18,2541,82,1050.8,72.41,1.0
1221,242,24,2742,484,1050.78,95.49,1.0
1222,215,19,2715,430,1050.77,103.45,1.0
1223,224,24,2724,448,1050.76,92.67,1.0
1224,172,23,2672,344,1050.74,84.06,1.0
1225,184,18,2684,368,1050.74,97.09,1.0
1226,12,17,2512,24,1050.7,66.25,1.0
1227,40,20,2540,80,1050.68,64.86,1.0
1228,180,18,2680,360,1050.65,95.49,1.0
1229,273,20,2773,546,1050.65,107.67,1.0
1230,165,23,2665,330,1050.64,82.57,1.0
1231,244,18,2744,488,1050.62,108.99,1.0
1232,36,17,2536,72,1050.61,67.19,1.0
1233,41,17,2541,82,1050.58,72.92,1.0
1234,144,21,2644,288,1050.54,86.44,1.0
1235,253,24,2753,506,1050.49,94.8,1.0
1236,286,17,2786,572,1050.48,118.48,1.0
1237,62,17,2562,124,1050.45,78.93,1.0
1238,135,20,2635,270,1050.43,83.95,1.0
1239,106,20,2606,212,1050.42,78.76,1.0
1240,156,19,2656,312,1050.42,96.3,1.0
1241,68,16,2568,136,1050.4,76.38,1.0
1242,134,22,2634,268,1050.4,87.1,1.0
1243,49,20,2549,98,1050.39,71.17,1.0
1244,156,20,2656,312,1050.33,95.14,1.0
1245,157,21,2657,314,1050.28,90.92,1.0
1246,187,20,2687,374,1050.28,92.54,1.0
1247,198,22,2698,396,1050.26,92.96,1.0
1248,75,17,2575,150,1050.24,79.11,1.0
1249,283,26,2783,566,1050.24,97.18,1.0
1250,130,18,2630,260,1050.23,88.01,1.0
1251,146,22,2646,292,1050.22,85.49,1.0
1252,211,17,2711,422,1050.22,106.96,1.0
1253,131,20,2631,262,1050.21,84.4,1.0
1254,39,19,2539,78,1050.2,67.09,1.0
1255,130,21,2630,260,1050.2,83.73,1.0
1256,275,18,2775,550,1050.2,116.92,1.0
1257,54,19,2554,108,1050.19,70.64,1.0
1258,181,16,2681,362,1050.19,99.51,1.0
1259,44,17,2544,88,1050.18,72.6,1.0
1260,80,19,2580,160,1050.18,77.81,1.0
1261,235,23,2735,470,1050.17,95.81,1.0
1262,52,18,2552,104,1050.14,71.56,1.0
1263,11,16,2511,22,1050.14,66.72,1.0
1264,275,25,2775,550,1050.11,99.8,1.0
1265,92,17,2592,184,1050.09,82.79,1.0
1266,50,18,2550,100,1050.04,75.17,1.0
1267,144,20,2644,288,1050.03,88.65,1.0
1268,216,24,2716,432,1050.02,90.18,1.0
1269,219,16,2719,438,1049.99,108.4,1.0
1270,125,21,2625,250,1049.98,81.4,1.0
1271,183,21,2683,366,1049.98,93.77,1.0
1272,297,24,2797,594,1049.95,100.92,1.0
1273,17,18,2517,34,1049.93,64.49,1.0
1274,15,17,2515,30,1049.92,64.92,1.0
1275,43,20,2543,86,1049.89,67.47,1.0
1276,271,17,2771,542,1049.87,109.32,1.0
1277,180,17,2680,360,1049.85,98.58,1.0
1278,203,19,2703,406,1049.84,102.08,1.0
1279,73,16,2573,146,1049.83,81.65,1.0
1280,160,15,2660,320,1049.83,99.36,1.0
1281,259,20,2759,518,1049.83,109.21,1.0
1282,79,16,2579,158,1049.81,88.78,1.0
1283,26,17,2526,52,1049.8,69.89,1.0
1284,66,19,2566,132,1049.8,76.34,1.0
1285,75,20,2575,150,1049.79,74.18,1.0
1286,34,18,2534,68,1049.77,66.18,1.0
1287,116,21,2616,232,1049.72,78.14,1.0
1288,40,16,2540,80,1049.71,71.94,1.0
1289,102,16,2602,204,1049.71,85.22,1.0
1290,226,24,2726,452,1049.7,94.33,1.0
1291,10,16,2510,20,1049.69,64.14,1.0
1292,184,21,2684,368,1049.69,92.1,1.0
1293,27,20,2527,54,1049.68,65.63,1.0
1294,19,18,2519,38,1049.64,64.05,1.0
1295,230,17,2730,460,1049.64,110.23,1.0
1296,108,21,2608,216,1049.63,77.48,1.0
1297,202,17,2702,404,1049.6,103.24,1.0
1298,216,17,2716,432,1049.59,106.86,1.0
1299,35,19,2535,70,1049.57,66.39,1.0
1300,43,15,2543,86,1049.57,77.14,1.0
1301,36,18,2536,72,1049.56,66.06,1.0
1302,280,19,2780,560,1049.52,111.32,1.0
1303,86,18,2586,172,1049.51,80.35,1.0
1304,186,18,2686,372,1049.51,102.23,1.0
1305,24,20,2524,48,1049.47,64.0,1.0
1306,101,22,2601,202,1049.47,73.42,1.0
1307,11,17,2511,22,1049.46,64.71,1.0
1308,97,18,2597,194,1049.45,86.17,1.0
1309,212,15,2712,424,1049.45,112.29,1.0
1310,207,23,2707,414,1049.44,94.58,1.0
1311,273,22,2773,546,1049.44,104.0,1.0
1312,297,19,2797,594,1049.44,112.31,1.0
1313,234,19,2734,468,1049.41,103.48,1.0
1314,171,21,2671,342,1049.4,90.12,1.0
1315,26,19,2526,52,1049.38,65.14,1.0
1316,183,22,2683,366,1049.36,93.36,1.0
1317,168,23,2668,336,1049.34,88.72,1.0
1318,279,25,2779,558,1049.34,98.53,1.0
1319,7,17,2507,14,1049.31,65.16,1.0
1320,119,21,2619,238,1049.29,79.37,1.0
1321,9,19,2509,18,1049.25,66.26,1.0
1322,123,16,2623,246,1049.25,91.41,1.0
1323,218,19,2718,436,1049.25,102.02,1.0
1324,203,20,2703,406,1049.24,97.02,1.0
1325,58,18,2558,116,1049.23,73.22,1.0
1326,120,17,2620,240,1049.18,88.56,1.0
1327,132,16,2632,264,1049.16,98.49,1.0
1328,37,16,2537,74,1049.15,75.54,1.0
1329,25,17,2525,50,1049.15,70.93,1.0
1330,129,16,2629,258,1049.15,93.24,1.0
1331,24,15,2524,48,1049.14,70.12,1.0
1332,145,19,2645,290,1049.13,90.41,1.0
1333,248,25,2748,496,1049.11,87.39,1.0
1334,132,20,2632,264,1049.09,86.19,1.0
1335,0,18,2500,0,1049.07,60.13,1.0
1336,58,19,2558,116,1049.07,70.6,1.0
1337,0,15,2500,0,1049.06,63.74,1.0
1338,92,20,2592,184,1049.03,78.3,1.0
1339,89,18,2589,178,1049.03,79.47,1.0
1340,136,17,2636,272,1049.02,94.91,1.0
1341,295,20,2795,590,1049.01,111.33,1.0
1342,19,19,2519,38,1049.0,64.44,1.0
1343,136,16,2636,272,1049.0,95.33,1.0
1344,59,16,2559,118,1048.97,77.21,1.0
1345,100,17,2600,200,1048.95,85.99,1.0
1346,77,18,2577,154,1048.94,76.84,1.0
1347,120,21,2620,240,1048.9,80.43,1.0
1348,259,23,2759,518,1048.87,102.54,1.0
1349,239,21,2739,478,1048.84,101.58,1.0
1350,128,22,2628,256,1048.83,81.94,1.0
1351,217,24,2717,434,1048.83,89.0,1.0
1352,56,21,2556,112,1048.77,69.78,1.0
1353,197,22,2697,394,1048.75,97.81,1.0
1354,50,19,2550,100,1048.74,71.0,1.0
1355,79,20,2579,158,1048.71,77.33,1.0
1356,38,18,2538,76,1048.69,69.14,1.0
1357,207,18,2707,414,1048.68,104.64,1.0
1358,289,25,2789,578,1048.67,95.23,1.0
1359,70,16,2570,140,1048.66,76.64,1.0
1360,149,20,2649,298,1048.66,88.04,1.0
1361,54,17,2554,108,1048.65,73.75,1.0
1362,257,22,2757,514,1048.65,107.02,1.0
1363,3,17,2503,6,1048.64,63.71,1.0
1364,153,22,2653,306,1048.64,85.95,1.0
1365,50,16,2550,100,1048.59,78.81,1.0
1366,78,17,2578,156,1048.59,84.62,1.0
1367,110,18,2610,220,1048.59,86.64,1.0
1368,174,23,2674,348,1048.58,86.69,1.0
1369,122,18,2622,244,1048.55,88.17,1.0
1370,287,25,2787,574,1048.55,98.52,1.0
1371,278,18,2778,556,1048.54,115.41,1.0
1372,18,17,2518,36,1048.53,61.75,1.0
1373,235,19,2735,470,1048.5,108.76,1.0
1374,62,18,2562,124,1048.48,77.54,1.0
1375,248,18,2748,496,1048.47,108.41,1.0
1376,10,18,2510,20,1048.46,61.14,1.0
1377,83,16,2583,166,1048.46,90.7,1.0
1378,148,18,2648,296,1048.46,95.17,1.0
1379,227,22,2727,454,1048.46,93.75,1.0
1380,217,17,2717,434,1048.44,105.64,1.0
1381,260,18,2760,520,1048.44,120.27,1.0
1382,106,17,2606,212,1048.42,83.26,1.0
1383,121,20,2621,242,1048.41,83.6,1.0
1384,181,24,2681,362,1048.41,83.41,1.0
1385,227,18,2727,454,1048.4,105.89,1.0
1386,99,15,2599,198,1048.39,89.27,1.0
1387,262,25,2762,524,1048.37,93.76,1.0
1388,288,26,2788,576,1048.35,97.62,1.0
1389,89,19,2589,178,1048.3,79.56,1.0
1390,263,24,2763,526,1048.3,101.64,1.0
1391,273,23,2773,546,1048.27,100.67,1.0
1392,83,20,2583,166,1048.26,82.64,1.0
1393,124,16,2624,248,1048.24,91.21,1.0
1394,75,16,2575,150,1048.23,81.0,1.0
1395,133,16,2633,266,1048.23,94.19,1.0
1396,247,24,2747,494,1048.22,96.48,1.0
1397,16,15,2516,32,1048.17,69.26,1.0
1398,218,18,2718,436,1048.17,103.92,1.0
1399,196,17,2696,392,1048.14,103.2,1.0
1400,33,19,2533,66,1048.1,66.58,1.0
1401,72,17,2572,144,1048.1,79.33,1.0
1402,252,25,2752,504,1048.09,95.47,1.0
1403,105,22,2605,210,1048.06,77.84,1.0
1404,140,22,2640,280,1048.04,84.86,1.0
1405,187,17,2687,374,1048.04,97.56,1.0
1406,85,20,2585,170,1048.02,76.31,1.0
1407,62,19,2562,124,1048.01,74.96,1.0
1408,121,17,2621,242,1048.01,92.43,1.0
1409,16,19,2516,32,1047.99,63.51,1.0
1410,66,20,2566,132,1047.98,75.36,1.0
1411,29,15,2529,58,1047.95,73.08,1.0
1412,7,18,2507,14,1047.95,63.2,1.0
1413,60,19,2560,120,1047.94,79.96,1.0
1414,95,16,2595,190,1047.89,87.95,1.0
1415,293,26,2793,586,1047.88,97.91,1.0
1416,211,23,2711,422,1047.87,94.61,1.0
1417,243,17,2743,486,1047.86,105.97,1.0
1418,281,25,2781,562,1047.84,95.79,1.0
1419,94,21,2594,188,1047.8,75.71,1.0
1420,17,15,2517,34,1047.78,68.38,1.0
1421,125,17,2625,250,1047.77,90.02,1.0
1422,173,23,2673,346,1047.77,83.83,1.0
1423,184,22,2684,368,1047.75,89.64,1.0
1424,177,22,2677,354,1047.75,92.16,1.0
1425,51,19,2551,102,1047.72,75.73,1.0
1426,208,23,2708,416,1047.71,94.65,1.0
1427,256,24,2756,512,1047.67,101.17,1.0
1428,193,17,2693,386,1047.6,101.52,1.0
1429,206,25,2706,412,1047.6,84.91,1.0
1430,152,22,2652,304,1047.59,81.03,1.0
1431,151,20,2651,302,1047.58,88.95,1.0
1432,279,18,2779,558,1047.56,118.5,1.0
1433,85,16,2585,170,1047.55,84.44,1.0
1434,227,21,2727,454,1047.54,99.09,1.0
1435,192,23,2692,384,1047.52,88.83,1.0
1436,160,24,2660,320,1047.49,81.4,1.0
1437,152,17,2652,304,1047.49,96.73,1.0
1438,5,18,2505,10,1047.45,60.31,1.0
1439,238,18,2738,476,1047.42,112.52,1.0
1440,277,26,2777,554,1047.42,94.61,1.0
1441,31,15,2531,62,1047.41,74.27,1.0
1442,179,16,2679,358,1047.41,101.17,1.0
1443,18,16,2518,36,1047.39,63.22,1.0
1444,268,26,2768,536,1047.38,91.74,1.0
1445,146,17,2646,292,1047.35,97.55,1.0
1446,192,16,2692,384,1047.35,104.53,1.0
1447,189,19,2689,378,1047.35,99.54,1.0
1448,251,24,2751,502,1047.35,95.19,1.0
1449,147,16,2647,294,1047.34,94.99,1.0
1450,213,16,2713,426,1047.34,115.32,1.0
1451,242,17,2742,484,1047.34,115.13,1.0
1452,179,24,2679,358,1047.33,82.44,1.0
1453,25,18,2525,50,1047.31,68.91,1.0
1454,185,24,2685,370,1047.31,88.69,1.0
1455,36,16,2536,72,1047.3,70.07,1.0
1456,63,20,2563,126,1047.28,69.84,1.0
1457,80,18,2580,160,1047.27,81.41,1.0
1458,149,19,2649,298,1047.27,89.87,1.0
1459,59,18,2559,118,1047.26,76.04,1.0
1460,188,22,2688,376,1047.25,92.2,1.0
1461,289,18,2789,578,1047.25,114.06,1.0
1462,165,17,2665,330,1047.21,94.8,1.0
1463,245,17,2745,490,1047.2,115.09,1.0
1464,86,19,2586,172,1047.19,80.5,1.0
1465,294,18,2794,588,1047.19,113.6,1.0
1466,257,23,2757,514,1047.18,101.68,1.0
1467,266,26,2766,532,1047.18,92.64,1.0
1468,154,16,2654,308,1047.17,97.94,1.0
1469,143,20,2643,286,1047.16,91.38,1.0
1470,182,16,2682,364,1047.15,104.77,1.0
1471,231,24,2731,462,1047.13,87.93,1.0
1472,257,20,2757,514,1047.12,110.88,1.0
1473,17,19,2517,34,1047.11,62.81,1.0
1474,69,18,2569,138,1047.1,78.5,1.0
1475,162,19,2662,324,1047.1,90.92,1.0
1476,66,17,2566,132,1047.08,81.29,1.0
1477,297,18,2797,594,1047.07,115.87,1.0
1478,126,16,2626,252,1047.06,92.43,1.0
1479,71,21,2571,142,1047.05,71.4,1.0
1480,106,16,2606,212,1047.05,84.19,1.0
1481,1,20,2501,2,1047.04,58.38,1.0
1482,33,17,2533,66,1047.02,71.55,1.0
1483,103,16,2603,206,1047.02,87.65,1.0
1484,73,19,2573,146,1047.01,75.23,1.0
1485,175,16,2675,350,1047.01,101.48,1.0
1486,264,17,2764,528,1047.01,121.13,1.0
1487,3,16,2503,6,1046.96,65.88,1.0
1488,196,24,2696,392,1046.96,86.35,1.0
1489,25,16,2525,50,1046.95,71.74,1.0
1490,58,17,2558,116,1046.94,76.2,1.0
1491,175,23,2675,350,1046.94,87.31,1.0
1492,156,21,2656,312,1046.89,92.13,1.0
1493,76,17,2576,152,1046.88,79.29,1.0
1494,19,15,2519,38,1046.87,67.7,1.0
1495,110,20,2610,220,1046.86,83.06,1.0
1496,244,25,2744,488,1046.83,91.42,1.0
1497,44,19,2544,88,1046.82,69.31,1.0
1498,65,18,2565,130,1046.81,74.36,1.0
1499,28,20,2528,56,1046.8,66.2,1.0
1500,35,16,2535,70,1046.79,70.98,1.0
1501,84,17,2584,168,1046.79,81.07,1.0
1502,187,21,2687,374,1046.79,92.75,1.0
1503,199,24,2699,398,1046.79,85.12,1.0
1504,295,19,2795,590,1046.79,114.45,1.0
1505,271,26,2771,542,1046.78,89.9,1.0
1506,260,25,2760,520,1046.77,99.89,1.0
1507,108,16,2608,216,1046.76,87.52,1.0
1508,127,16,2627,254,1046.74,91.77,1.0
1509,153,18,2653,306,1046.74,94.56,1.0
1510,243,25,2743,486,1046.71,87.33,1.0
1511,90,21,2590,180,1046.7,73.99,1.0
1512,46,18,2546,92,1046.69,70.47,1.0
1513,68,21,2568,136,1046.69,69.29,1.0
1514,4,16,2504,8,1046.68,65.84,1.0
1515,106,21,2606,212,1046.68,75.88,1.0
1516,148,19,2648,296,1046.68,93.08,1.0
1517,215,18,2715,430,1046.68,106.44,1.0
1518,281,19,2781,562,1046.68,113.06,1.0
1519,176,16,2676,352,1046.67,105.44,1.0
1520,63,16,2563,126,1046.66,80.75,1.0
1521,232,25,2732,464,1046.6,93.06,1.0
1522,97,19,2597,194,1046.59,85.03,1.0
1523,84,21,2584,168,1046.58,73.85,1.0
1524,227,23,2727,454,1046.58,92.32,1.0
1525,38,16,2538,76,1046.57,74.26,1.0
1526,34,17,2534,68,1046.57,67.17,1.0
1527,239,22,2739,478,1046.57,100.67,1.0
1528,188,19,2688,376,1046.55,98.59,1.0
1529,84,16,2584,168,1046.54,83.35,1.0
1530,222,17,2722,444,1046.52,109.13,1.0
1531,282,19,2782,564,1046.52,112.67,1.0
1532,212,25,2712,424,1046.5,88.19,1.0
1533,21,15,2521,42,1046.48,71.02,1.0
1534,145,20,2645,290,1046.47,89.64,1.0
1535,174,16,2674,348,1046.47,105.38,1.0
1536,72,18,2572,144,1046.46,78.41,1.0
1537,13,15,2513,26,1046.45,66.73,1.0
1538,5,19,2505,10,1046.45,59.63,1.0
1539,178,23,2678,356,1046.43,89.63,1.0
1540,199,17,2699,398,1046.42,102.09,1.0
1541,15,16,2515,30,1046.4,65.24,1.0
1542,150,22,2650,300,1046.4,82.89,1.0
1543,148,21,2648,296,1046.4,87.43,1.0
1544,56,15,2556,112,1046.39,79.54,1.0
1545,129,22,2629,258,1046.38,83.38,1.0
1546,227,19,2727,454,1046.38,103.85,1.0
1547,236,25,2736,472,1046.33,90.9,1.0
1548,189,18,2689,378,1046.31,101.55,1.0
1549,203,18,2703,406,1046.31,104.32,1.0
1550,284,25,2784,568,1046.31,99.32,1.0
1551,60,18,2560,120,1046.29,80.64,1.0
1552,44,16,2544,88,1046.29,74.7,1.0
1553,136,21,2636,272,1046.29,85.8,1.0
1554,280,24,2780,560,1046.29,97.77,1.0
1555,294,26,2794,588,1046.28,92.09,1.0
1556,226,17,2726,452,1046.27,111.42,1.0
1557,201,20,2701,402,1046.26,98.04,1.0
1558,116,17,2616,232,1046.25,88.64,1.0
1559,77,17,2577,154,1046.24,77.67,1.0
1560,157,17,2657,314,1046.24,98.03,1.0
1561,4,18,2504,8,1046.22,63.99,1.0
1562,189,23,2689,378,1046.22,90.31,1.0
1563,137,22,2637,274,1046.21,78.77,1.0
1564,225,17,2725,450,1046.21,115.7,1.0
1565,255,23,2755,510,1046.21,99.72,1.0
1566,69,19,2569,138,1046.19,77.72,1.0
1567,125,16,2625,250,1046.18,91.29,1.0
1568,235,18,2735,470,1046.17,112.58,1.0
1569,88,18,2588,176,1046.16,82.45,1.0
1570,224,15,2724,448,1046.14,113.74,1.0
1571,219,25,2719,438,1046.11,87.94,1.0
1572,81,18,2581,162,1046.05,80.09,1.0
1573,133,22,2633,266,1046.03,78.88,1.0
1574,218,23,2718,436,1046.03,96.26,1.0
1575,251,18,2751,502,1046.03,112.26,1.0
1576,272,24,2772,544,1046.03,98.14,1.0
1577,27,14,2527,54,1046.02,74.93,1.0
1578,119,17,2619,238,1046.01,91.16,1.0
1579,119,18,2619,238,1046.0,88.87,1.0
1580,37,20,2537,74,1045.99,67.79,1.0
1581,33,16,2533,66,1045.98,71.5,1.0
1582,158,19,2658,316,1045.91,93.5,1.0
1583,214,23,2714,428,1045.89,89.61,1.0
1584,130,22,2630,260,1045.85,80.99,1.0
1585,67,18,2567,134,1045.83,78.41,1.0
1586,59,17,2559,118,1045.82,77.3,1.0
1587,151,21,2651,302,1045.82,87.27,1.0
1588,65,19,2565,130,1045.79,72.45,1.0
1589,154,23,2654,308,1045.77,84.64,1.0
1590,55,15,2555,110,1045.76,78.29,1.0
1591,80,20,2580,160,1045.76,76.47,1.0
1592,193,24,2693,386,1045.75,88.13,1.0
1593,203,22,2703,406,1045.74,95.7,1.0
1594,25,19,2525,50,1045.73,67.18,1.0
1595,171,18,2671,342,1045.72,95.79,1.0
1596,228,24,2728,456,1045.69,88.69,1.0
1597,51,18,2551,102,1045.63,79.41,1.0
1598,180,22,2680,360,1045.62,85.23,1.0
1599,21,21,2521,42,1045.61,62.46,1.0
1600,109,16,2609,218,1045.6,89.39,1.0
1601,2,17,2502,4,1045.59,61.53,1.0
1602,36,19,2536,72,1045.58,66.52,1.0
1603,72,19,2572,144,1045.57,77.18,1.0
1604,144,22,2644,288,1045.57,83.92,1.0
1605,201,21,2701,402,1045.56,96.68,1.0
1606,53,15,2553,106,1045.54,81.51,1.0
1607,169,23,2669,338,1045.52,86.64,1.0
1608,188,18,2688,376,1045.52,101.04,1.0
1609,191,23,2691,382,1045.51,88.33,1.0
1610,114,15,2614,228,1045.48,91.58,1.0
1611,12,18,2512,24,1045.45,64.57,1.0
1612,259,19,2759,518,1045.45,109.71,1.0
1613,113,22,2613,226,1045.44,82.97,1.0
1614,61,17,2561,122,1045.43,79.37,1.0
1615,244,17,2744,488,1045.43,110.67,1.0
1616,296,19,2796,592,1045.42,112.56,1.0
1617,155,16,2655,310,1045.39,105.4,1.0
1618,300,25,2800,600,1045.39,101.29,1.0
1619,62,16,2562,124,1045.38,82.14,1.0
1620,120,16,2620,240,1045.36,90.96,1.0
1621,110,17,2610,220,1045.36,90.13,1.0
1622,183,17,2683,366,1045.35,101.79,1.0
1623,196,16,2696,392,1045.35,102.98,1.0
1624,3,18,2503,6,1045.34,62.95,1.0
1625,96,15,2596,192,1045.33,87.83,1.0
1626,144,16,2644,288,1045.32,98.53,1.0
1627,188,17,2688,376,1045.31,105.0,1.0
1628,39,16,2539,78,1045.29,72.46,1.0
1629,34,16,2534,68,1045.25,67.74,1.0
1630,124,22,2624,248,1045.25,81.2,1.0
1631,198,19,2698,396,1045.25,100.18,1.0
1632,229,17,2729,458,1045.25,110.39,1.0
1633,265,25,2765,530,1045.25,97.04,1.0
1634,15,19,2515,30,1045.24,63.38,1.0
1635,54,20,2554,108,1045.19,67.96,1.0
1636,186,17,2686,372,1045.19,103.53,1.0
1637,249,17,2749,498,1045.19,114.46,1.0
1638,172,17,2672,344,1045.15,94.89,1.0
1639,159,18,2659,318,1045.13,97.39,1.0
1640,238,17,2738,476,1045.13,113.5,1.0
1641,143,21,2643,286,1045.12,88.88,1.0
1642,5,17,2505,10,1045.09,62.02,1.0
1643,264,24,2764,528,1045.09,102.52,1.0
1644,67,17,2567,134,1045.08,81.75,1.0
1645,69,16,2569,138,1045.07,80.45,1.0
1646,117,22,2617,234,1045.02,77.84,1.0
1647,177,17,2677,354,1045.01,103.82,1.0
1648,201,19,2701,402,1045.01,99.84,1.0
1649,41,16,2541,82,1045.0,74.94,1.0
1650,139,17,2639,278,1044.99,90.08,1.0
1651,285,17,2785,570,1044.99,118.13,1.0
1652,296,25,2796,592,1044.99,95.04,1.0
1653,255,18,2755,510,1044.98,113.69,1.0
1654,273,24,2773,546,1044.98,96.77,1.0
1655,32,18,2532,64,1044.97,67.87,1.0
1656,276,26,2776,552,1044.94,96.34,1.0
1657,10,19,2510,20,1044.93,60.33,1.0
1658,163,15,2663,326,1044.93,100.55,1.0
1659,37,15,2537,74,1044.92,76.41,1.0
1660,95,21,2595,190,1044.92,78.17,1.0
1661,195,18,2695,390,1044.92,108.13,1.0
1662,35,20,2535,70,1044.9,65.18,1.0
1663,156,18,2656,312,1044.87,96.74,1.0
1664,197,23,2697,394,1044.87,94.83,1.0
1665,52,19,2552,104,1044.86,71.34,1.0
1666,31,20,2531,62,1044.85,67.32,1.0
1667,130,17,2630,260,1044.83,91.95,1.0
1668,52,17,2552,104,1044.82,74.07,1.0
1669,91,15,2591,182,1044.8,86.62,1.0
1670,140,16,2640,280,1044.79,100.64,1.0
1671,38,17,2538,76,1044.78,71.48,1.0
1672,138,20,2638,276,1044.77,86.78,1.0
1673,210,20,2710,420,1044.77,99.09,1.0
1674,113,16,2613,226,1044.73,97.51,1.0
1675,9,16,2509,18,1044.72,72.0,1.0
1676,10,15,2510,20,1044.72,64.66,1.0
1677,100,21,2600,200,1044.71,77.52,1.0
1678,55,21,2555,110,1044.7,66.69,1.0
1679,74,19,2574,148,1044.7,80.35,1.0
1680,233,25,2733,466,1044.67,92.15,1.0
1681,38,19,2538,76,1044.66,67.86,1.0
1682,81,19,2581,162,1044.61,76.83,1.0
1683,107,19,2607,214,1044.61,79.22,1.0
1684,11,18,2511,22,1044.6,64.15,1.0
1685,286,26,2786,572,1044.6,98.1,1.0
1686,204,23,2704,408,1044.58,95.44,1.0
1687,98,15,2598,196,1044.57,87.96,1.0
1688,138,19,2638,276,1044.56,89.49,1.0
1689,115,17,2615,230,1044.52,85.46,1.0
1690,60,20,2560,120,1044.51,77.27,1.0
1691,87,15,2587,174,1044.51,86.06,1.0
1692,78,19,2578,156,1044.49,79.31,1.0
1693,237,24,2737,474,1044.49,92.05,1.0
1694,239,20,2739,478,1044.49,105.49,1.0
1695,246,16,2746,492,1044.45,115.03,1.0
1696,278,25,2778,556,1044.45,101.0,1.0
1697,284,17,2784,568,1044.43,117.55,1.0
1698,46,17,2546,92,1044.42,70.84,1.0
1699,157,22,2657,314,1044.42,90.47,1.0
1700,234,18,2734,468,1044.41,105.89,1.0
1701,0,19,2500,0,1044.39,59.88,1.0
1702,2,18,2502,4,1044.38,61.23,1.0
1703,259,24,2759,518,1044.37,100.44,1.0
1704,77,19,2577,154,1044.34,74.82,1.0
1705,189,17,2689,378,1044.34,105.74,1.0
1706,235,24,2735,470,1044.34,94.51,1.0
1707,191,17,2691,382,1044.33,102.24,1.0
1708,41,19,2541,82,1044.31,72.1,1.0
1709,34,19,2534,68,1044.31,64.92,1.0
1710,12,16,2512,24,1044.3,67.65,1.0
1711,150,16,2650,300,1044.3,95.37,1.0
1712,128,15,2628,256,1044.27,98.02,1.0
1713,121,21,2621,242,1044.23,81.55,1.0
1714,89,20,2589,178,1044.2,76.17,1.0
1715,269,19,2769,538,1044.19,107.71,1.0
1716,105,15,2605,210,1044.18,90.11,1.0
1717,162,21,2662,324,1044.14,89.34,1.0
1718,151,19,2651,302,1044.11,90.16,1.0
1719,200,24,2700,400,1044.11,88.45,1.0
1720,76,18,2576,152,1044.09,78.25,1.0
1721,80,17,2580,160,1044.08,82.97,1.0
1722,164,15,2664,328,1044.08,102.91,1.0
1723,18,18,2518,36,1044.07,61.21,1.0
1724,293,16,2793,586,1044.07,121.1,1.0
1725,299,18,2799,598,1044.04,123.16,1.0
1726,86,20,2586,172,1044.03,78.63,1.0
1727,101,15,2601,202,1044.0,86.64,1.0
1728,138,18,2638,276,1043.99,90.26,1.0
1729,239,23,2739,478,1043.99,98.22,1.0
1730,112,22,2612,224,1043.98,78.38,1.0
1731,198,23,2698,396,1043.97,91.1,1.0
1732,261,25,2761,522,1043.97,101.01,1.0
1733,273,19,2773,546,1043.92,109.79,1.0
1734,256,17,2756,512,1043.91,115.46,1.0
1735,25,15,2525,50,1043.89,73.03,1.0
1736,32,17,2532,64,1043.84,70.74,1.0
1737,207,24,2707,414,1043.84,91.69,1.0
1738,151,18,2651,302,1043.82,92.01,1.0
1739,78,18,2578,156,1043.8,82.24,1.0
1740,18,15,2518,36,1043.77,66.79,1.0
1741,258,16,2758,516,1043.75,118.07,1.0
1742,290,25,2790,580,1043.73,99.07,1.0
1743,82,16,2582,164,1043.72,82.58,1.0
1744,46,19,2546,92,1043.71,68.57,1.0
1745,295,25,2795,590,1043.71,97.58,1.0
1746,122,21,2622,244,1043.69,82.34,1.0
1747,132,21,2632,264,1043.69,85.71,1.0
1748,75,21,2575,150,1043.65,73.33,1.0
1749,51,17,2551,102,1043.64,79.57,1.0
1750,241,15,2741,482,1043.64,114.14,1.0
1751,210,21,2710,420,1043.63,97.87,1.0
1752,184,17,2684,368,1043.6,97.98,1.0
1753,152,16,2652,304,1043.59,97.1,1.0
1754,143,19,2643,286,1043.58,92.79,1.0
1755,222,24,2722,444,1043.56,96.23,1.0
1756,104,21,2604,208,1043.55,80.46,1.0
1757,266,16,2766,532,1043.52,115.31,1.0
1758,6,17,2506,12,1043.49,63.23,1.0
1759,83,21,2583,166,1043.49,81.43,1.0
1760,132,22,2632,264,1043.49,83.81,1.0
1761,291,25,2791,582,1043.49,104.72,1.0
1762,58,20,2558,116,1043.48,69.5,1.0
1763,26,15,2526,52,1043.43,72.76,1.0
1764,131,21,2631,262,1043.42,83.15,1.0
1765,166,18,2666,332,1043.42,99.07,1.0
1766,158,18,2658,316,1043.41,96.7,1.0
1767,167,16,2667,334,1043.41,100.47,1.0
1768,148,20,2648,296,1043.39,90.84,1.0
1769,52,16,2552,104,1043.37,76.55,1.0
1770,135,16,2635,270,1043.37,92.83,1.0
1771,32,19,2532,64,1043.34,66.43,1.0
1772,3,15,2503,6,1043.34,67.28,1.0
1773,110,21,2610,220,1043.34,81.92,1.0
1774,98,22,2598,196,1043.34,75.19,1.0
1775,166,23,2666,332,1043.33,85.88,1.0
1776,138,21,2638,276,1043.32,84.8,1.0
1777,115,19,2615,230,1043.31,83.71,1.0
1778,58,16,2558,116,1043.25,76.23,1.0
1779,81,20,2581,162,1043.24,75.01,1.0
1780,228,18,2728,456,1043.24,109.14,1.0
1781,274,26,2774,548,1043.24,91.88,1.0
1782,30,17,2530,60,1043.22,70.18,1.0
1783,16,20,2516,32,1043.2,62.09,1.0
1784,290,18,2790,580,1043.19,117.05,1.0
1785,61,18,2561,122,1043.16,77.58,1.0
1786,6,18,2506,12,1043.16,62.33,1.0
1787,7,19,2507,14,1043.15,61.21,1.0
1788,29,20,2529,58,1043.13,68.25,1.0
1789,263,18,2763,526,1043.12,111.73,1.0
1790,62,20,2562,124,1043.1,74.3,1.0
1791,15,15,2515,30,1043.1,68.39,1.0
1792,170,24,2670,340,1043.06,81.86,1.0
1793,20,15,2520,40,1043.01,68.28,1.0
1794,149,18,2649,298,1043.01,92.86,1.0
1795,115,20,2615,230,1042.99,81.71,1.0
1796,257,19,2757,514,1042.99,112.49,1.0
1797,198,18,2698,396,1042.97,101.01,1.0
1798,19,20,2519,38,1042.96,62.69,1.0
1799,126,23,2626,252,1042.93,77.02,1.0
1800,143,18,2643,286,1042.93,94.56,1.0
1801,109,22,2609,218,1042.89,78.87,1.0
1802,79,21,2579,158,1042.84,76.22,1.0
1803,27,21,2527,54,1042.83,65.31,1.0
1804,272,18,2772,544,1042.82,119.8,1.0
1805,115,18,2615,230,1042.79,82.91,1.0
1806,182,24,2682,364,1042.79,84.26,1.0
1807,72,20,2572,144,1042.76,73.6,1.0
1808,161,15,2661,322,1042.75,99.59,1.0
1809,233,16,2733,466,1042.74,110.38,1.0
1810,234,24,2734,468,1042.72,89.61,1.0
1811,145,21,2645,290,1042.7,89.9,1.0
1812,135,21,2635,270,1042.7,81.4,1.0
1813,86,17,2586,172,1042.69,84.93,1.0
1814,261,17,2761,522,1042.63,123.38,1.0
1815,134,15,2634,268,1042.6,103.11,1.0
1816,120,22,2620,240,1042.57,79.23,1.0
1817,203,17,2703,406,1042.54,105.86,1.0
1818,60,17,2560,120,1042.52,83.66,1.0
1819,23,17,2523,46,1042.52,68.92,1.0
1820,42,18,2542,84,1042.51,73.37,1.0
1821,2,19,2502,4,1042.5,59.28,1.0
1822,162,20,2662,324,1042.44,90.03,1.0
1823,210,19,2710,420,1042.41,101.23,1.0
1824,229,24,2729,458,1042.4,95.56,1.0
1825,14,17,2514,28,1042.37,62.81,1.0
1826,123,21,2623,246,1042.35,84.57,1.0
1827,51,16,2551,102,1042.32,80.52,1.0
1828,87,22,2587,174,1042.32,73.02,1.0
1829,230,25,2730,460,1042.32,90.29,1.0
1830,93,19,2593,186,1042.31,78.62,1.0
1831,200,16,2700,400,1042.28,113.65,1.0
1832,33,15,2533,66,1042.27,73.64,1.0
1833,263,25,2763,526,1042.26,98.86,1.0
1834,153,23,2653,306,1042.25,82.38,1.0
1835,149,21,2649,298,1042.23,86.37,1.0
1836,163,23,2663,326,1042.17,83.34,1.0
1837,5,16,2505,10,1042.15,63.94,1.0
1838,171,22,2671,342,1042.15,86.01,1.0
1839,28,15,2528,56,1042.13,72.56,1.0
1840,131,17,2631,262,1042.09,92.58,1.0
1841,7,16,2507,14,1042.08,66.19,1.0
1842,30,18,2530,60,1042.06,67.95,1.0
1843,73,20,2573,146,1042.03,72.37,1.0
1844,226,25,2726,452,1042.02,93.13,1.0
1845,201,23,2701,402,1042.02,92.33,1.0
1846,74,18,2574,148,1042.01,82.34,1.0
1847,118,17,2618,236,1042.01,91.42,1.0
1848,133,15,2633,266,1042.01,96.75,1.0
1849,231,17,2731,462,1042.0,107.98,1.0
1850,54,16,2554,108,1041.99,74.43,1.0
1851,111,15,2611,222,1041.96,91.09,1.0
1852,122,16,2622,244,1041.92,91.95,1.0
1853,232,16,2732,464,1041.9,113.54,1.0
1854,280,18,2780,560,1041.9,114.82,1.0
1855,161,24,2661,322,1041.86,79.91,1.0
1856,1,14,2501,2,1041.85,65.96,1.0
1857,201,18,2701,402,1041.85,100.97,1.0
1858,298,27,2798,596,1041.85,96.65,1.0
1859,50,20,2550,100,1041.84,70.09,1.0
1860,252,17,2752,504,1041.83,117.57,1.0
1861,74,20,2574,148,1041.81,78.02,1.0
1862,33,20,2533,66,1041.79,65.53,1.0
1863,195,17,2695,390,1041.79,108.48,1.0
1864,292,18,2792,584,1041.79,118.24,1.0
1865,277,17,2777,554,1041.78,120.09,1.0
1866,203,23,2703,406,1041.77,92.91,1.0
1867,125,22,2625,250,1041.74,79.43,1.0
1868,45,18,2545,90,1041.71,68.2,1.0
1869,118,19,2618,236,1041.71,86.12,1.0
1870,225,24,2725,450,1041.71,96.51,1.0
1871,2,16,2502,4,1041.7,62.59,1.0
1872,51,20,2551,102,1041.7,72.15,1.0
1873,192,24,2692,384,1041.7,86.12,1.0
1874,276,16,2776,552,1041.7,119.02,1.0
1875,4,15,2504,8,1041.67,65.7,1.0
1876,131,22,2631,262,1041.66,81.06,1.0
1877,178,16,2678,356,1041.65,104.21,1.0
1878,254,25,2754,508,1041.65,95.99,1.0
1879,122,17,2622,244,1041.63,89.3,1.0
1880,166,17,2666,332,1041.61,99.9,1.0
1881,218,17,2718,436,1041.56,105.73,1.0
1882,30,16,2530,60,1041.54,71.83,1.0
1883,71,15,2571,142,1041.54,80.37,1.0
1884,76,19,2576,152,1041.52,76.85,1.0
1885,137,16,2637,274,1041.5,95.15,1.0
1886,159,21,2659,318,1041.49,95.63,1.0
1887,88,19,2588,176,1041.47,82.67,1.0
1888,17,14,2517,34,1041.46,71.4,1.0
1889,94,15,2594,188,1041.44,88.06,1.0
1890,177,23,2677,354,1041.44,89.48,1.0
1891,148,17,2648,296,1041.42,97.78,1.0
1892,81,17,2581,162,1041.41,82.64,1.0
1893,217,16,2717,434,1041.41,108.27,1.0
1894,20,20,2520,40,1041.4,64.08,1.0
1895,107,18,2607,214,1041.37,81.0,1.0
1896,93,18,2593,186,1041.35,81.52,1.0
1897,259,18,2759,518,1041.35,114.48,1.0
1898,92,16,2592,184,1041.32,83.36,1.0
1899,49,15,2549,98,1041.31,79.48,1.0
1900,88,20,2588,176,1041.29,80.87,1.0
1901,3,19,2503,6,1041.28,61.24,1.0
1902,34,15,2534,68,1041.27,70.37,1.0
1903,32,16,2532,64,1041.25,72.54,1.0
1904,118,18,2618,236,1041.24,88.24,1.0
1905,194,16,2694,388,1041.2,108.53,1.0
1906,92,21,2592,184,1041.19,76.3,1.0
1907,165,24,2665,330,1041.18,79.28,1.0
1908,141,19,2641,282,1041.15,86.36,1.0
1909,60,16,2560,120,1041.14,85.55,1.0
1910,45,17,2545,90,1041.14,71.17,1.0
1911,76,20,2576,152,1041.14,75.74,1.0
1912,172,16,2672,344,1041.13,99.59,1.0
1913,138,22,2638,276,1041.11,82.35,1.0
1914,88,17,2588,176,1041.1,85.26,1.0
1915,145,18,2645,290,1041.1,92.38,1.0
1916,279,17,2779,558,1041.09,119.52,1.0
1917,74,17,2574,148,1041.02,84.63,1.0
1918,270,16,2770,540,1041.0,119.26,1.0
1919,67,19,2567,134,1040.95,77.63,1.0
1920,32,15,2532,64,1040.94,74.01,1.0
1921,42,19,2542,84,1040.93,70.99,1.0
1922,227,24,2727,454,1040.92,89.46,1.0
1923,103,21,2603,206,1040.91,79.25,1.0
1924,59,19,2559,118,1040.88,73.86,1.0
1925,132,15,2632,264,1040.87,99.3,1.0
1926,88,21,2588,176,1040.86,79.68,1.0
1927,201,22,2701,402,1040.86,95.39,1.0
1928,204,17,2704,408,1040.84,106.17,1.0
1929,176,24,2676,352,1040.83,86.14,1.0
1930,97,20,2597,194,1040.82,83.15,1.0
1931,173,16,2673,346,1040.82,99.58,1.0
1932,143,22,2643,286,1040.8,86.27,1.0
1933,82,19,2582,164,1040.78,75.45,1.0
1934,70,21,2570,140,1040.76,69.51,1.0
1935,6,19,2506,12,1040.73,60.27,1.0
1936,240,25,2740,480,1040.71,90.75,1.0
1937,158,20,2658,316,1040.7,92.62,1.0
1938,197,17,2697,394,1040.67,109.52,1.0
1939,149,17,2649,298,1040.66,93.26,1.0
1940,159,22,2659,318,1040.64,92.26,1.0
1941,205,16,2705,410,1040.61,109.91,1.0
1942,136,22,2636,272,1040.59,85.64,1.0
1943,76,21,2576,152,1040.55,72.76,1.0
1944,72,16,2572,144,1040.53,80.24,1.0
1945,220,16,2720,440,1040.53,112.17,1.0
1946,242,25,2742,484,1040.53,93.23,1.0
1947,48,19,2548,96,1040.52,72.54,1.0
1948,0,14,2500,0,1040.52,66.38,1.0
1949,102,22,2602,204,1040.52,76.19,1.0
1950,83,15,2583,166,1040.48,91.13,1.0
1951,218,24,2718,436,1040.48,94.76,1.0
1952,13,20,2513,26,1040.47,62.7,1.0
1953,214,18,2714,428,1040.46,104.66,1.0
1954,12,19,2512,24,1040.45,63.9,1.0
1955,100,16,2600,200,1040.42,87.74,1.0
1956,167,24,2667,334,1040.42,81.01,1.0
1957,159,19,2659,318,1040.41,98.53,1.0
1958,254,17,2754,508,1040.4,116.49,1.0
1959,48,18,2548,96,1040.38,73.42,1.0
1960,82,18,2582,164,1040.37,80.76,1.0
1961,96,23,2596,192,1040.37,70.98,1.0
1962,121,16,2621,242,1040.33,96.74,1.0
1963,112,16,2612,224,1040.31,87.62,1.0
1964,116,16,2616,232,1040.31,88.68,1.0
1965,53,21,2553,106,1040.27,69.66,1.0
1966,247,17,2747,494,1040.26,115.4,1.0
1967,153,16,2653,306,1040.25,98.62,1.0
1968,48,17,2548,96,1040.23,75.34,1.0
1969,287,19,2787,574,1040.23,113.67,1.0
1970,106,22,2606,212,1040.22,73.98,1.0
1971,299,26,2799,598,1040.21,102.48,1.0
1972,117,15,2617,234,1040.17,89.27,1.0
1973,263,17,2763,526,1040.17,113.95,1.0
1974,210,22,2710,420,1040.16,94.84,1.0
1975,22,18,2522,44,1040.14,68.58,1.0
1976,159,17,2659,318,1040.12,99.98,1.0
1977,22,19,2522,44,1040.11,66.79,1.0
1978,41,15,2541,82,1040.1,76.86,1.0
1979,4,19,2504,8,1040.08,63.81,1.0
1980,78,16,2578,156,1040.08,85.6,1.0
1981,82,17,2582,164,1040.06,81.23,1.0
1982,162,18,2662,324,1040.05,93.24,1.0
1983,272,25,2772,544,1040.05,94.9,1.0
1984,12,15,2512,24,1040.04,69.63,1.0
1985,193,16,2693,386,1040.04,102.63,1.0
1986,205,25,2705,410,1040.01,85.1,1.0
1987,11,19,2511,22,1040.0,62.82,1.0
1988,8,16,2508,16,1039.97,65.88,1.0
1989,91,22,2591,182,1039.96,73.36,1.0
1990,65,20,2565,130,1039.95,71.72,1.0
1991,270,26,2770,540,1039.95,94.26,1.0
1992,22,17,2522,44,1039.89,68.5,1.0
1993,181,15,2681,362,1039.87,100.42,1.0
1994,273,25,2773,546,1039.87,93.72,1.0
1995,65,17,2565,130,1039.86,77.17,1.0
1996,215,24,2715,430,1039.86,89.77,1.0
1997,41,20,2541,82,1039.84,68.81,1.0
1998,18,19,2518,36,1039.81,61.41,1.0
1999,9,15,2509,18,1039.81,71.07,1.0
2000,75,15,2575,150,1039.81,82.23,1.0
2001,40,15,2540,80,1039.8,74.33,1.0
2002,208,17,2708,416,1039.8,105.96,1.0
2003,77,20,2577,154,1039.77,73.3,1.0
2004,118,20,2618,236,1039.77,85.29,1.0
2005,89,17,2589,178,1039.74,83.52,1.0
2006,153,17,2653,306,1039.72,95.14,1.0
2007,108,22,2608,216,1039.68,76.26,1.0
2008,251,17,2751,502,1039.68,116.96,1.0
2009,239,24,2739,478,1039.67,96.17,1.0
2010,148,22,2648,296,1039.66,86.05,1.0
2011,190,16,2690,380,1039.65,103.83,1.0
2012,297,25,2797,594,1039.65,95.7,1.0
2013,63,15,2563,126,1039.62,81.01,1.0
2014,102,15,2602,204,1039.58,87.77,1.0
2015,36,15,2536,72,1039.51,71.29,1.0
2016,282,18,2782,564,1039.5,114.57,1.0
2017,95,22,2595,190,1039.49,75.93,1.0
2018,221,24,2721,442,1039.49,92.2,1.0
2019,164,24,2664,328,1039.47,85.94,1.0
2020,61,19,2561,122,1039.38,75.22,1.0
2021,183,23,2683,366,1039.36,89.95,1.0
2022,201,17,2701,402,1039.33,102.24,1.0
2023,298,16,2798,596,1039.28,132.09,1.0
2024,44,20,2544,88,1039.27,68.59,1.0
2025,296,18,2796,592,1039.26,113.13,1.0
2026,142,21,2642,284,1039.25,89.61,1.0
2027,86,21,2586,172,1039.23,76.32,1.0
2028,231,25,2731,462,1039.23,87.19,1.0
2029,210,18,2710,420,1039.21,104.12,1.0
2030,80,21,2580,160,1039.16,75.01,1.0
2031,159,20,2659,318,1039.15,96.85,1.0
2032,69,20,2569,138,1039.13,76.97,1.0
2033,271,16,2771,542,1039.07,113.8,1.0
2034,46,16,2546,92,1039.02,72.53,1.0
2035,292,26,2792,584,1038.99,96.57,1.0
2036,139,22,2639,278,1038.98,82.09,1.0
2037,73,15,2573,146,1038.97,83.37,1.0
2038,85,21,2585,170,1038.96,76.21,1.0
2039,52,15,2552,104,1038.95,76.04,1.0
2040,119,22,2619,238,1038.92,78.08,1.0
2041,160,14,2660,320,1038.92,102.23,1.0
2042,43,21,2543,86,1038.88,66.05,1.0
2043,108,15,2608,216,1038.87,90.41,1.0
2044,104,16,2604,208,1038.85,89.79,1.0
2045,282,25,2782,564,1038.85,95.66,1.0
2046,39,20,2539,78,1038.83,66.59,1.0
2047,70,15,2570,140,1038.83,80.0,1.0
2048,45,19,2545,90,1038.81,67.15,1.0
2049,114,23,2614,228,1038.76,75.06,1.0
2050,300,17,2800,600,1038.76,126.45,1.0
2051,24,14,2524,48,1038.72,72.68,1.0
2052,144,23,2644,288,1038.71,80.95,1.0
2053,257,24,2757,514,1038.69,101.54,1.0
2054,18,14,2518,36,1038.68,69.67,1.0
2055,61,20,2561,122,1038.66,72.47,1.0
2056,12,20,2512,24,1038.66,63.02,1.0
2057,77,16,2577,154,1038.64,79.57,1.0
2058,253,17,2753,506,1038.64,113.46,1.0
2059,15,20,2515,30,1038.6,61.12,1.0
2060,281,18,2781,562,1038.59,115.8,1.0
2061,280,25,2780,560,1038.58,96.91,1.0
2062,216,16,2716,432,1038.55,111.1,1.0
2063,8,18,2508,16,1038.52,62.88,1.0
2064,238,25,2738,476,1038.51,91.7,1.0
2065,284,26,2784,568,1038.51,96.49,1.0
2066,180,16,2680,360,1038.47,101.62,1.0
2067,38,20,2538,76,1038.46,66.18,1.0
2068,119,16,2619,238,1038.46,93.58,1.0
2069,11,15,2511,22,1038.45,69.33,1.0
2070,256,25,2756,512,1038.42,96.24,1.0
2071,147,24,2647,294,1038.4,78.72,1.0
2072,216,25,2716,432,1038.4,88.52,1.0
2073,52,20,2552,104,1038.38,69.95,1.0
2074,134,23,2634,268,1038.36,84.48,1.0
2075,179,15,2679,358,1038.36,103.63,1.0
2076,228,17,2728,456,1038.32,106.97,1.0
2077,223,25,2723,446,1038.31,87.75,1.0
2078,279,26,2779,558,1038.31,95.84,1.0
2079,94,22,2594,188,1038.3,72.93,1.0
2080,99,22,2599,198,1038.3,75.08,1.0
2081,64,17,2564,128,1038.29,76.19,1.0
2082,89,21,2589,178,1038.27,74.2,1.0
2083,137,23,2637,274,1038.27,76.07,1.0
2084,14,16,2514,28,1038.25,65.34,1.0
2085,101,23,2601,202,1038.24,72.11,1.0
2086,146,16,2646,292,1038.24,97.65,1.0
2087,171,17,2671,342,1038.23,96.8,1.0
2088,97,21,2597,194,1038.22,81.56,1.0
2089,168,15,2668,336,1038.16,103.9,1.0
2090,39,15,2539,78,1038.14,72.73,1.0
2091,170,15,2670,340,1038.12,102.97,1.0
2092,208,24,2708,416,1038.08,93.93,1.0
2093,249,26,2749,498,1038.08,92.76,1.0
2094,17,20,2517,34,1038.06,62.06,1.0
2095,76,16,2576,152,1037.99,82.51,1.0
2096,274,17,2774,548,1037.99,119.54,1.0
2097,111,23,2611,222,1037.97,77.34,1.0
2098,152,23,2652,304,1037.97,80.81,1.0
2099,220,25,2720,440,1037.95,92.57,1.0
2100,25,20,2525,50,1037.9,67.09,1.0
2101,194,25,2694,388,1037.89,85.51,1.0
2102,95,15,2595,190,1037.88,89.96,1.0
2103,126,15,2626,252,1037.88,93.51,1.0
2104,29,14,2529,58,1037.86,74.57,1.0
2105,138,17,2638,276,1037.86,94.39,1.0
2106,151,17,2651,302,1037.86,95.03,1.0
2107,158,21,2658,316,1037.85,90.84,1.0
2108,40,21,2540,80,1037.8,65.87,1.0
2109,293,27,2793,586,1037.8,95.42,1.0
2110,57,18,2557,114,1037.78,75.15,1.0
2111,2,15,2502,4,1037.77,63.81,1.0
2112,129,15,2629,258,1037.77,94.83,1.0
2113,209,15,2709,418,1037.72,111.77,1.0
2114,35,15,2535,70,1037.71,74.65,1.0
2115,93,17,2593,186,1037.7,84.57,1.0
2116,245,25,2745,490,1037.61,92.61,1.0
2117,36,20,2536,72,1037.57,64.98,1.0
2118,247,25,2747,494,1037.57,95.0,1.0
2119,10,14,2510,20,1037.54,67.04,1.0
2120,184,23,2684,368,1037.51,85.97,1.0
2121,262,16,2762,524,1037.51,118.6,1.0
2122,236,16,2736,472,1037.49,114.46,1.0
2123,67,20,2567,134,1037.43,76.05,1.0
2124,107,20,2607,214,1037.42,78.68,1.0
2125,250,25,2750,500,1037.41,97.27,1.0
2126,30,19,2530,60,1037.39,66.58,1.0
2127,141,18,2641,282,1037.38,87.59,1.0
2128,24,21,2524,48,1037.37,65.21,1.0
2129,124,23,2624,248,1037.37,78.66,1.0
2130,267,26,2767,534,1037.36,94.18,1.0
2131,285,26,2785,570,1037.32,94.05,1.0
2132,268,15,2768,536,1037.3,121.62,1.0
2133,84,15,2584,168,1037.27,84.19,1.0
2134,253,25,2753,506,1037.26,92.42,1.0
2135,42,17,2542,84,1037.22,78.02,1.0
2136,5,20,2505,10,1037.22,57.87,1.0
2137,45,16,2545,90,1037.21,74.23,1.0
2138,50,15,2550,100,1037.19,79.61,1.0
2139,23,18,2523,46,1037.19,67.65,1.0
2140,127,23,2627,254,1037.18,77.89,1.0
2141,62,15,2562,124,1037.15,85.03,1.0
2142,187,23,2687,374,1037.14,87.9,1.0
2143,56,14,2556,112,1037.12,80.83,1.0
2144,86,16,2586,172,1037.12,85.41,1.0
2145,23,16,2523,46,1037.11,70.42,1.0
2146,26,20,2526,52,1037.09,64.51,1.0
2147,287,26,2787,574,1037.08,95.21,1.0
2148,269,25,2769,538,1037.02,95.26,1.0
2149,67,16,2567,134,1037.01,84.1,1.0
2150,290,26,2790,580,1037.01,95.65,1.0
2151,116,22,2616,232,1036.98,75.85,1.0
2152,156,22,2656,312,1036.98,91.29,1.0
2153,283,16,2783,566,1036.98,122.56,1.0
2154,251,25,2751,502,1036.95,92.77,1.0
2155,43,14,2543,86,1036.94,79.17,1.0
2156,71,22,2571,142,1036.94,69.19,1.0
2157,14,18,2514,28,1036.92,63.3,1.0
2158,63,21,2563,126,1036.89,69.72,1.0
2159,149,16,2649,298,1036.85,95.39,1.0
2160,47,18,2547,94,1036.82,77.01,1.0
2161,22,20,2522,44,1036.77,65.2,1.0
2162,9,20,2509,18,1036.75,65.28,1.0
2163,78,20,2578,156,1036.73,77.56,1.0
2164,20,14,2520,40,1036.72,70.92,1.0
2165,81,16,2581,162,1036.68,82.85,1.0
2166,13,14,2513,26,1036.63,68.91,1.0
2167,74,16,2574,148,1036.63,85.06,1.0
2168,49,21,2549,98,1036.6,70.97,1.0
2169,66,16,2566,132,1036.59,82.7,1.0
2170,139,16,2639,278,1036.59,92.23,1.0
2171,275,17,2775,550,1036.59,119.7,1.0
2172,154,15,2654,308,1036.55,101.87,1.0
2173,80,16,2580,160,1036.5,84.94,1.0
2174,68,15,2568,136,1036.49,79.49,1.0
2175,142,19,2642,284,1036.47,92.01,1.0
2176,289,26,2789,578,1036.47,96.36,1.0
2177,130,23,2630,260,1036.45,78.07,1.0
2178,189,24,2689,378,1036.45,87.52,1.0
2179,0,20,2500,0,1036.42,59.81,1.0
2180,22,16,2522,44,1036.41,71.71,1.0
2181,206,15,2706,412,1036.39,112.29,1.0
2182,259,25,2759,518,1036.38,98.51,1.0
2183,142,18,2642,284,1036.35,94.69,1.0
2184,235,17,2735,470,1036.31,112.87,1.0
2185,60,21,2560,120,1036.3,74.82,1.0
2186,202,16,2702,404,1036.27,104.5,1.0
2187,106,15,2606,212,1036.24,89.13,1.0
2188,142,20,2642,284,1036.2,92.25,1.0
2189,6,16,2506,12,1036.19,64.9,1.0
2190,107,17,2607,214,1036.18,84.31,1.0
2191,44,15,2544,88,1036.17,76.23,1.0
2192,90,22,2590,180,1036.16,72.91,1.0
2193,237,17,2737,474,1036.16,112.02,1.0
2194,8,17,2508,16,1036.15,64.85,1.0
2195,165,16,2665,330,1036.15,97.8,1.0
2196,213,25,2713,426,1036.15,89.43,1.0
2197,59,20,2559,118,1036.12,72.8,1.0
2198,31,21,2531,62,1036.11,65.85,1.0
2199,140,23,2640,280,1036.09,84.08,1.0
2200,118,16,2618,236,1036.07,92.09,1.0
2201,58,15,2558,116,1036.06,78.69,1.0
2202,61,21,2561,122,1036.05,69.51,1.0
2203,27,13,2527,54,1036.02,76.67,1.0
2204,269,18,2769,538,1036.01,111.96,1.0
2205,8,15,2508,16,1036.0,68.88,1.0
2206,123,22,2623,246,1035.99,83.33,1.0
2207,177,16,2677,354,1035.99,108.67,1.0
2208,187,16,2687,374,1035.95,97.99,1.0
2209,275,26,2775,550,1035.95,98.11,1.0
2210,16,21,2516,32,1035.92,61.56,1.0
2211,169,24,2669,338,1035.92,83.37,1.0
2212,65,16,2565,130,1035.91,78.79,1.0
2213,172,24,2672,344,1035.91,83.4,1.0
2214,224,25,2724,448,1035.91,91.83,1.0
2215,23,19,2523,46,1035.9,65.01,1.0
2216,248,26,2748,496,1035.88,85.25,1.0
2217,151,22,2651,302,1035.86,84.59,1.0
2218,227,17,2727,454,1035.86,106.85,1.0
2219,255,24,2755,510,1035.85,96.25,1.0
2220,64,18,2564,128,1035.84,74.25,1.0
2221,162,22,2662,324,1035.83,89.47,1.0
2222,190,25,2690,380,1035.82,86.68,1.0
2223,239,19,2739,478,1035.82,109.27,1.0
2224,15,14,2515,30,1035.81,69.75,1.0
2225,277,16,2777,554,1035.81,124.02,1.0
2226,82,20,2582,164,1035.79,74.77,1.0
2227,21,14,2521,42,1035.76,71.97,1.0
2228,133,23,2633,266,1035.72,77.68,1.0
2229,42,20,2542,84,1035.71,68.84,1.0
2230,124,15,2624,248,1035.69,94.32,1.0
2231,142,22,2642,284,1035.63,87.83,1.0
2232,255,17,2755,510,1035.63,113.46,1.0
2233,73,21,2573,146,1035.57,71.3,1.0
2234,278,17,2778,556,1035.57,118.05,1.0
2235,186,24,2686,372,1035.56,87.35,1.0
2236,211,24,2711,422,1035.56,93.86,1.0
2237,292,17,2792,584,1035.52,118.87,1.0
2238,109,15,2609,218,1035.49,90.8,1.0
2239,113,15,2613,226,1035.48,98.91,1.0
2240,244,16,2744,488,1035.47,114.21,1.0
2241,10,20,2510,20,1035.46,59.22,1.0
2242,215,17,2715,430,1035.43,108.19,1.0
2243,46,20,2546,92,1035.4,67.49,1.0
2244,180,23,2680,360,1035.39,83.91,1.0
2245,241,26,2741,482,1035.39,91.93,1.0
2246,3,14,2503,6,1035.37,69.02,1.0
2247,264,16,2764,528,1035.37,123.95,1.0
2248,115,21,2615,230,1035.32,78.45,1.0
2249,186,16,2686,372,1035.32,105.32,1.0
2250,61,16,2561,122,1035.3,81.24,1.0
2251,59,15,2559,118,1035.28,78.52,1.0
2252,169,15,2669,338,1035.25,104.27,1.0
2253,145,17,2645,290,1035.24,94.9,1.0
2254,200,25,2700,400,1035.23,86.43,1.0
2255,7,15,2507,14,1035.2,69.09,1.0
2256,37,21,2537,74,1035.19,66.35,1.0
2257,14,15,2514,28,1035.13,67.21,1.0
2258,55,14,2555,110,1035.11,80.63,1.0
2259,72,21,2572,144,1035.11,71.76,1.0
2260,131,16,2631,262,1035.11,92.89,1.0
2261,211,16,2711,422,1035.1,109.39,1.0
2262,155,23,2655,310,1035.04,87.25,1.0
2263,219,15,2719,438,1035.04,110.69,1.0
2264,107,21,2607,214,1035.0,75.44,1.0
2265,234,17,2734,468,1035.0,109.66,1.0
2266,223,15,2723,446,1034.98,107.64,1.0
2267,145,22,2645,290,1034.97,85.96,1.0
2268,19,14,2519,38,1034.96,70.5,1.0
2269,90,15,2590,180,1034.95,87.98,1.0
2270,78,21,2578,156,1034.88,74.29,1.0
2271,265,17,2765,530,1034.86,117.55,1.0
2272,16,14,2516,32,1034.82,70.6,1.0
2273,136,15,2636,272,1034.81,97.93,1.0
2274,135,22,2635,270,1034.8,79.68,1.0
2275,191,16,2691,382,1034.8,104.19,1.0
2276,181,25,2681,362,1034.79,82.46,1.0
2277,288,27,2788,576,1034.78,94.74,1.0
2278,157,23,2657,314,1034.71,85.89,1.0
2279,121,22,2621,242,1034.7,81.51,1.0
2280,204,24,2704,408,1034.7,92.43,1.0
2281,221,17,2721,442,1034.66,108.63,1.0
2282,203,16,2703,406,1034.66,108.15,1.0
2283,58,21,2558,116,1034.64,70.05,1.0
2284,273,18,2773,546,1034.63,114.18,1.0
2285,230,16,2730,460,1034.62,112.05,1.0
2286,110,16,2610,220,1034.59,91.6,1.0
2287,258,26,2758,516,1034.59,96.56,1.0
2288,77,21,2577,154,1034.58,73.21,1.0
2289,57,19,2557,114,1034.56,73.94,1.0
2290,200,15,2700,400,1034.54,113.98,1.0
2291,114,14,2614,228,1034.53,94.43,1.0
2292,47,19,2547,94,1034.52,73.17,1.0
2293,130,16,2630,260,1034.5,95.37,1.0
2294,87,14,2587,174,1034.48,87.32,1.0
2295,262,26,2762,524,1034.47,91.37,1.0
2296,191,24,2691,382,1034.42,85.31,1.0
2297,167,15,2667,334,1034.41,104.52,1.0
2298,168,24,2668,336,1034.39,89.05,1.0
2299,79,15,2579,158,1034.37,89.88,1.0
2300,105,23,2605,210,1034.33,76.0,1.0
2301,141,20,2641,282,1034.33,85.87,1.0
2302,62,21,2562,124,1034.32,73.28,1.0
2303,57,17,2557,114,1034.27,75.42,1.0
2304,175,24,2675,350,1034.26,84.8,1.0
2305,214,24,2714,428,1034.2,88.98,1.0
2306,14,19,2514,28,1034.18,60.67,1.0
2307,174,24,2674,348,1034.17,85.1,1.0
2308,250,16,2750,500,1034.17,121.72,1.0
2309,56,22,2556,112,1034.13,68.31,1.0
2310,66,21,2566,132,1034.12,73.34,1.0
2311,93,20,2593,186,1034.11,78.03,1.0
2312,74,21,2574,148,1034.07,76.63,1.0
2313,113,23,2613,226,1034.04,82.68,1.0
2314,197,24,2697,394,1034.04,92.16,1.0
2315,195,24,2695,390,1034.03,89.43,1.0
2316,182,15,2682,364,1034.02,107.41,1.0
2317,287,18,2787,574,1034.01,119.85,1.0
2318,3,20,2503,6,1033.99,60.68,1.0
2319,89,16,2589,178,1033.99,82.7,1.0
2320,139,23,2639,278,1033.98,80.38,1.0
2321,28,21,2528,56,1033.96,65.35,1.0
2322,68,22,2568,136,1033.94,69.13,1.0
2323,127,15,2627,254,1033.94,93.53,1.0
2324,7,20,2507,14,1033.92,60.95,1.0
2325,214,17,2714,428,1033.92,108.2,1.0
2326,69,15,2569,138,1033.9,81.83,1.0
2327,47,17,2547,94,1033.89,77.74,1.0
2328,281,26,2781,562,1033.89,93.02,1.0
2329,173,24,2673,346,1033.81,82.12,1.0
2330,150,23,2650,300,1033.81,80.81,1.0
2331,242,16,2742,484,1033.8,117.96,1.0
2332,100,22,2600,200,1033.79,75.48,1.0
2333,40,14,2540,80,1033.78,76.04,1.0
2334,120,15,2620,240,1033.75,92.92,1.0
2335,156,17,2656,312,1033.75,102.07,1.0
2336,5,15,2505,10,1033.74,65.69,1.0
2337,104,22,2604,208,1033.74,79.06,1.0
2338,1,21,2501,2,1033.73,58.71,1.0
2339,34,20,2534,68,1033.72,63.22,1.0
2340,132,23,2632,264,1033.72,82.68,1.0
2341,260,17,2760,520,1033.7,125.49,1.0
2342,31,14,2531,62,1033.69,75.44,1.0
2343,26,14,2526,52,1033.64,76.4,1.0
2344,88,16,2588,176,1033.64,86.7,1.0
2345,51,15,2551,102,1033.61,82.57,1.0
2346,147,15,2647,294,1033.61,97.66,1.0
2347,240,16,2740,480,1033.59,114.54,1.0
2348,6,15,2506,12,1033.56,66.16,1.0
2349,97,15,2597,194,1033.53,91.17,1.0
2350,128,23,2628,256,1033.47,82.31,1.0
2351,235,25,2735,470,1033.46,92.5,1.0
2352,209,26,2709,418,1033.45,88.44,1.0
2353,45,20,2545,90,1033.44,65.54,1.0
2354,103,15,2603,206,1033.4,90.69,1.0
2355,142,17,2642,284,1033.4,94.98,1.0
2356,141,17,2641,282,1033.38,90.09,1.0
2357,101,14,2601,202,1033.29,89.86,1.0
2358,294,17,2794,588,1033.27,116.15,1.0
2359,76,15,2576,152,1033.26,83.93,1.0
2360,38,15,2538,76,1033.25,76.33,1.0
2361,246,26,2746,492,1033.25,89.88,1.0
2362,60,15,2560,120,1033.22,84.91,1.0
2363,178,24,2678,356,1033.22,86.46,1.0
2364,299,17,2799,598,1033.21,123.72,1.0
2365,225,16,2725,450,1033.19,118.03,1.0
2366,207,17,2707,414,1033.18,106.7,1.0
2367,185,15,2685,370,1033.15,107.63,1.0
2368,140,15,2640,280,1033.13,104.42,1.0
2369,149,22,2649,298,1033.02,86.36,1.0
2370,54,21,2554,108,1033.01,66.99,1.0
2371,1,13,2501,2,1032.95,66.78,1.0
2372,236,26,2736,472,1032.94,90.71,1.0
2373,110,22,2610,220,1032.93,79.45,1.0
2374,48,16,2548,96,1032.91,75.6,1.0
2375,91,14,2591,182,1032.9,89.23,1.0
2376,296,26,2796,592,1032.9,92.48,1.0
2377,158,22,2658,316,1032.87,87.12,1.0
2378,183,16,2683,366,1032.87,104.32,1.0
2379,300,26,2800,600,1032.87,98.91,1.0
2380,146,23,2646,292,1032.81,85.76,1.0
2381,2,20,2502,4,1032.76,58.94,1.0
2382,257,25,2757,514,1032.73,97.77,1.0
2383,32,20,2532,64,1032.72,66.79,1.0
2384,48,20,2548,96,1032.72,69.9,1.0
2385,75,22,2575,150,1032.72,70.95,1.0
2386,217,25,2717,434,1032.71,87.53,1.0
2387,84,22,2584,168,1032.7,71.68,1.0
2388,45,15,2545,90,1032.66,76.01,1.0
2389,143,17,2643,286,1032.65,96.6,1.0
2390,141,21,2641,282,1032.63,83.68,1.0
2391,99,14,2599,198,1032.56,90.3,1.0
2392,222,16,2722,444,1032.52,110.57,1.0
2393,248,17,2748,496,1032.45,112.19,1.0
2394,272,17,2772,544,1032.42,122.21,1.0
2395,272,26,2772,544,1032.4,94.11,1.0
2396,163,24,2663,326,1032.39,81.9,1.0
2397,85,15,2585,170,1032.38,86.22,1.0
2398,162,17,2662,324,1032.36,96.28,1.0
2399,277,27,2777,554,1032.35,93.15,1.0
2400,9,14,2509,18,1032.32,73.51,1.0
2401,50,21,2550,100,1032.31,67.97,1.0
2402,64,19,2564,128,1032.29,74.87,1.0
2403,189,16,2689,378,1032.28,108.39,1.0
2404,245,16,2745,490,1032.25,116.86,1.0
2405,291,26,2791,582,1032.25,100.22,1.0
2406,201,24,2701,402,1032.21,90.24,1.0
2407,97,22,2597,194,1032.2,77.23,1.0
2408,297,17,2797,594,1032.18,117.26,1.0
2409,171,23,2671,342,1032.16,86.79,1.0
2410,178,15,2678,356,1032.13,106.51,1.0
2411,122,22,2622,244,1032.11,82.93,1.0
2412,4,20,2504,8,1032.1,61.88,1.0
2413,210,23,2710,420,1032.09,93.57,1.0
2414,18,20,2518,36,1032.06,61.68,1.0
2415,166,16,2666,332,1032.0,103.19,1.0
2416,78,15,2578,156,1031.99,86.54,1.0
2417,47,16,2547,94,1031.96,77.65,1.0
2418,25,14,2525,50,1031.95,75.39,1.0
2419,210,17,2710,420,1031.95,107.39,1.0
2420,19,21,2519,38,1031.92,61.66,1.0
2421,81,21,2581,162,1031.88,73.52,1.0
2422,199,25,2699,398,1031.88,83.46,1.0
2423,267,15,2767,534,1031.88,126.48,1.0
2424,12,14,2512,24,1031.83,70.65,1.0
2425,8,19,2508,16,1031.83,61.68,1.0
2426,196,25,2696,392,1031.82,85.79,1.0
2427,37,14,2537,74,1031.81,82.7,1.0
2428,164,14,2664,328,1031.81,106.13,1.0
2429,145,23,2645,290,1031.77,82.62,1.0
2430,115,16,2615,230,1031.76,88.61,1.0
2431,229,25,2729,458,1031.72,91.72,1.0
2432,36,14,2536,72,1031.71,74.39,1.0
2433,112,23,2612,224,1031.67,76.44,1.0
2434,265,26,2765,530,1031.64,94.46,1.0
2435,260,26,2760,520,1031.52,95.91,1.0
2436,268,27,2768,536,1031.51,88.91,1.0
2437,160,25,2660,320,1031.5,79.78,1.0
2438,46,15,2546,92,1031.49,75.5,1.0
2439,237,16,2737,474,1031.4,112.8,1.0
2440,252,16,2752,504,1031.4,121.36,1.0
2441,82,21,2582,164,1031.35,73.48,1.0
2442,148,16,2648,296,1031.34,102.16,1.0
2443,30,20,2530,60,1031.33,65.83,1.0
2444,239,18,2739,478,1031.33,109.96,1.0
2445,107,22,2607,214,1031.31,73.34,1.0
2446,116,15,2616,232,1031.31,92.62,1.0
2447,184,16,2684,368,1031.26,101.58,1.0
2448,42,16,2542,84,1031.24,79.69,1.0
2449,283,27,2783,566,1031.24,94.21,1.0
2450,144,15,2644,288,1031.19,99.77,1.0
2451,148,23,2648,296,1031.14,84.85,1.0
2452,229,16,2729,458,1031.11,113.01,1.0
2453,119,15,2619,238,1031.09,96.57,1.0
2454,52,21,2552,104,1031.05,67.72,1.0
2455,29,21,2529,58,1030.99,67.62,1.0
2456,266,15,2766,532,1030.98,121.07,1.0
2457,257,18,2757,514,1030.96,115.05,1.0
2458,39,14,2539,78,1030.94,76.42,1.0
2459,22,15,2522,44,1030.89,72.28,1.0
2460,23,20,2523,46,1030.88,63.88,1.0
2461,33,14,2533,66,1030.83,75.95,1.0
2462,5,14,2505,10,1030.8,66.0,1.0
2463,69,21,2569,138,1030.78,75.12,1.0
2464,202,25,2702,404,1030.77,85.16,1.0
2465,157,16,2657,314,1030.76,100.38,1.0
2466,274,16,2774,548,1030.76,120.89,1.0
2467,65,15,2565,130,1030.75,79.55,1.0
2468,175,15,2675,350,1030.72,102.25,1.0
2469,228,25,2728,456,1030.71,88.52,1.0
2470,92,15,2592,184,1030.7,86.15,1.0
2471,226,16,2726,452,1030.69,113.88,1.0
2472,281,17,2781,562,1030.66,117.53,1.0
2473,17,21,2517,34,1030.56,60.87,1.0
2474,121,23,2621,242,1030.56,79.9,1.0
2475,219,26,2719,438,1030.53,85.44,1.0
2476,261,16,2761,522,1030.51,125.05,1.0
2477,288,17,2788,576,1030.51,122.74,1.0
2478,94,14,2594,188,1030.49,88.55,1.0
2479,129,23,2629,258,1030.48,82.69,1.0
2480,158,17,2658,316,1030.43,98.38,1.0
2481,55,22,2555,110,1030.42,67.22,1.0
2482,279,16,2779,558,1030.39,121.38,1.0
2483,117,23,2617,234,1030.38,77.07,1.0
2484,128,14,2628,256,1030.38,99.44,1.0
2485,232,26,2732,464,1030.38,91.45,1.0
2486,87,23,2587,174,1030.36,72.52,1.0
2487,263,16,2763,526,1030.36,118.06,1.0
2488,192,25,2692,384,1030.33,84.41,1.0
2489,154,24,2654,308,1030.3,82.7,1.0
2490,280,17,2780,560,1030.27,116.93,1.0
2491,81,15,2581,162,1030.26,82.71,1.0
2492,100,15,2600,200,1030.26,90.37,1.0
2493,134,14,2634,268,1030.26,104.52,1.0
2494,278,26,2778,556,1030.26,95.92,1.0
2495,57,16,2557,114,1030.2,76.19,1.0
2496,107,16,2607,214,1030.19,87.86,1.0
2497,264,25,2764,528,1030.17,97.38,1.0
2498,67,21,2567,134,1030.14,74.78,1.0
2499,49,22,2549,98,1030.01,70.29,1.0
2500,64,16,2564,128,1030.01,77.37,1.0
2501,193,25,2693,386,1029.99,86.12,1.0
2502,30,15,2530,60,1029.98,74.84,1.0
2503,227,25,2727,454,1029.98,88.11,1.0
2504,194,15,2694,388,1029.96,109.2,1.0
2505,249,16,2749,498,1029.92,117.61,1.0
2506,22,21,2522,44,1029.91,63.7,1.0
2507,28,14,2528,56,1029.89,73.59,1.0
2508,212,26,2712,424,1029.89,85.53,1.0
2509,99,23,2599,198,1029.88,73.5,1.0
2510,125,15,2625,250,1029.88,94.25,1.0
2511,138,23,2638,276,1029.88,81.72,1.0
2512,295,26,2795,590,1029.87,97.96,1.0
2513,162,23,2662,324,1029.86,88.97,1.0
2514,76,22,2576,152,1029.83,72.3,1.0
2515,118,21,2618,236,1029.83,84.55,1.0
2516,185,25,2685,370,1029.83,86.89,1.0
2517,156,16,2656,312,1029.8,103.32,1.0
2518,142,23,2642,284,1029.76,83.96,1.0
2519,96,14,2596,192,1029.74,88.56,1.0
2520,33,21,2533,66,1029.71,65.57,1.0
2521,88,22,2588,176,1029.71,78.21,1.0
2522,51,21,2551,102,1029.69,70.02,1.0
2523,35,14,2535,70,1029.66,75.72,1.0
2524,226,26,2726,452,1029.66,88.15,1.0
2525,138,16,2638,276,1029.65,95.16,1.0
2526,98,14,2598,196,1029.63,90.51,1.0
2527,41,21,2541,82,1029.55,68.89,1.0
2528,80,22,2580,160,1029.55,73.54,1.0
2529,117,14,2617,234,1029.55,91.62,1.0
2530,82,15,2582,164,1029.54,84.11,1.0
2531,72,15,2572,144,1029.53,84.0,1.0
2532,93,16,2593,186,1029.53,87.01,1.0
2533,77,22,2577,154,1029.53,70.32,1.0
2534,7,14,2507,14,1029.45,68.88,1.0
2535,103,22,2603,206,1029.44,77.36,1.0
2536,77,15,2577,154,1029.43,82.5,1.0
2537,263,26,2763,526,1029.43,96.16,1.0
2538,247,16,2747,494,1029.42,118.25,1.0
2539,23,15,2523,46,1029.41,70.02,1.0
2540,151,16,2651,302,1029.39,97.99,1.0
2541,256,16,2756,512,1029.37,118.87,1.0
2542,14,20,2514,28,1029.32,61.53,1.0
2543,120,23,2620,240,1029.29,77.5,1.0
2544,35,21,2535,70,1029.28,64.63,1.0
2545,104,15,2604,208,1029.19,92.85,1.0
2546,271,27,2771,542,1029.18,89.36,1.0
2547,53,22,2553,106,1029.16,69.92,1.0
2548,13,21,2513,26,1029.16,61.65,1.0
2549,123,15,2623,246,1029.15,95.98,1.0
2550,108,23,2608,216,1029.12,74.95,1.0
2551,159,23,2659,318,1029.12,89.51,1.0
2552,21,22,2521,42,1029.1,61.68,1.0
2553,199,16,2699,398,1029.09,105.01,1.0
2554,161,14,2661,322,1029.08,103.76,1.0
2555,150,15,2650,300,1029.07,97.65,1.0
2556,136,23,2636,272,1029.07,84.11,1.0
2557,92,22,2592,184,1029.06,75.01,1.0
2558,86,15,2586,172,1029.04,87.91,1.0
2559,59,21,2559,118,1029.03,70.94,1.0
2560,182,25,2682,364,1029.02,82.48,1.0
2561,212,14,2712,424,1028.99,116.36,1.0
2562,50,14,2550,100,1028.92,81.13,1.0
2563,193,15,2693,386,1028.91,105.53,1.0
2564,63,14,2563,126,1028.88,83.97,1.0
2565,139,15,2639,278,1028.85,95.01,1.0
2566,153,15,2653,306,1028.83,101.4,1.0
2567,237,25,2737,474,1028.83,90.91,1.0
2568,177,24,2677,354,1028.82,88.82,1.0
2569,11,20,2511,22,1028.81,62.81,1.0
2570,83,22,2583,166,1028.81,79.31,1.0
2571,220,15,2720,440,1028.81,114.62,1.0
2572,203,24,2703,406,1028.8,90.63,1.0
2573,20,21,2520,40,1028.78,63.77,1.0
2574,86,22,2586,172,1028.72,75.92,1.0
2575,15,21,2515,30,1028.71,60.41,1.0
2576,57,20,2557,114,1028.71,73.03,1.0
2577,243,26,2743,486,1028.7,84.86,1.0
2578,47,20,2547,94,1028.68,71.23,1.0
2579,243,16,2743,486,1028.68,111.05,1.0
2580,273,17,2773,546,1028.6,117.68,1.0
2581,188,23,2688,376,1028.59,92.03,1.0
2582,198,24,2698,396,1028.59,89.55,1.0
2583,244,26,2744,488,1028.57,90.06,1.0
2584,145,16,2645,290,1028.54,96.89,1.0
2585,71,14,2571,142,1028.5,82.12,1.0
2586,291,17,2791,582,1028.5,118.51,1.0
2587,276,27,2776,552,1028.47,94.48,1.0
2588,42,21,2542,84,1028.45,67.3,1.0
2589,206,26,2706,412,1028.45,84.24,1.0
2590,224,26,2724,448,1028.39,90.04,1.0
2591,119,23,2619,238,1028.38,77.17,1.0
2592,70,22,2570,140,1028.37,68.39,1.0
2593,261,26,2761,522,1028.35,99.99,1.0
2594,54,15,2554,108,1028.34,76.37,1.0
2595,20,13,2520,40,1028.3,72.99,1.0
2596,95,14,2595,190,1028.25,91.29,1.0
2597,44,21,2544,88,1028.24,67.75,1.0
2598,186,25,2686,372,1028.24,85.84,1.0
2599,173,15,2673,346,1028.23,103.67,1.0
2600,143,23,2643,286,1028.21,85.22,1.0
2601,280,26,2780,560,1028.21,93.65,1.0
2602,32,14,2532,64,1028.2,76.73,1.0
2603,70,14,2570,140,1028.18,82.42,1.0
2604,46,21,2546,92,1028.16,67.7,1.0
2605,66,15,2566,132,1028.15,84.14,1.0
2606,207,25,2707,414,1028.13,89.15,1.0
2607,34,14,2534,68,1028.11,74.0,1.0
2608,112,15,2612,224,1028.09,91.33,1.0
2609,239,25,2739,478,1028.08,95.54,1.0
2610,131,23,2631,262,1028.06,80.59,1.0
2611,285,16,2785,570,1028.06,122.83,1.0
2612,240,26,2740,480,1028.05,87.62,1.0
2613,51,14,2551,102,1028.04,83.23,1.0
2614,218,25,2718,436,1027.89,93.04,1.0
2615,11,14,2511,22,1027.87,72.47,1.0
2616,297,26,2797,594,1027.84,93.83,1.0
2617,85,22,2585,170,1027.8,73.93,1.0
2618,158,23,2658,316,1027.78,85.95,1.0
2619,115,22,2615,230,1027.76,77.05,1.0
2620,256,26,2756,512,1027.74,93.64,1.0
2621,26,21,2526,52,1027.73,63.81,1.0
2622,0,13,2500,0,1027.7,68.24,1.0
2623,25,21,2525,50,1027.7,67.5,1.0
2624,79,22,2579,158,1027.7,74.84,1.0
2625,155,15,2655,310,1027.69,106.46,1.0
2626,213,15,2713,426,1027.69,117.31,1.0
2627,65,21,2565,130,1027.65,70.32,1.0
2628,141,22,2641,282,1027.65,81.38,1.0
2629,183,24,2683,366,1027.65,85.8,1.0
2630,111,14,2611,222,1027.6,91.82,1.0
2631,152,15,2652,304,1027.59,99.7,1.0
2632,179,25,2679,358,1027.53,81.93,1.0
2633,36,21,2536,72,1027.41,65.72,1.0
2634,204,16,2704,408,1027.41,112.41,1.0
2635,135,23,2635,270,1027.36,77.93,1.0
2636,233,15,2733,466,1027.35,115.58,1.0
2637,6,20,2506,12,1027.28,62.09,1.0
2638,93,15,2593,186,1027.28,88.1,1.0
2639,53,14,2553,106,1027.26,83.45,1.0
2640,109,23,2609,218,1027.24,77.47,1.0
2641,146,15,2646,292,1027.22,101.24,1.0
2642,208,25,2708,416,1027.22,92.44,1.0
2643,234,25,2734,468,1027.21,89.25,1.0
2644,73,22,2573,146,1027.15,71.41,1.0
2645,122,15,2622,244,1027.14,96.72,1.0
2646,172,15,2672,344,1027.1,101.89,1.0
2647,275,16,2775,550,1027.05,123.82,1.0
2648,153,24,2653,306,1027.04,81.64,1.0
2649,8,14,2508,16,1027.02,69.82,1.0
2650,254,26,2754,508,1027.02,95.04,1.0
2651,64,20,2564,128,1026.98,70.38,1.0
2652,125,23,2625,250,1026.97,79.09,1.0
2653,67,15,2567,134,1026.96,84.93,1.0
2654,189,25,2689,378,1026.88,82.82,1.0
2655,215,16,2715,430,1026.86,110.4,1.0
2656,106,23,2606,212,1026.85,73.25,1.0
2657,2,14,2502,4,1026.83,66.18,1.0
2658,156,23,2656,312,1026.8,88.83,1.0
2659,222,25,2722,444,1026.8,91.9,1.0
2660,218,16,2718,436,1026.78,107.97,1.0
2661,121,15,2621,242,1026.75,96.92,1.0
2662,43,22,2543,86,1026.74,63.82,1.0
2663,38,21,2538,76,1026.7,65.06,1.0
2664,142,16,2642,284,1026.68,96.13,1.0
2665,214,25,2714,428,1026.67,85.86,1.0
2666,175,25,2675,350,1026.65,82.93,1.0
2667,282,17,2782,564,1026.65,119.08,1.0
2668,130,15,2630,260,1026.64,95.56,1.0
2669,166,24,2666,332,1026.57,84.29,1.0
2670,176,15,2676,352,1026.56,108.04,1.0
2671,192,15,2692,384,1026.56,107.16,1.0
2672,45,21,2545,90,1026.51,64.09,1.0
2673,5,21,2505,10,1026.51,58.31,1.0
2674,269,17,2769,538,1026.47,113.63,1.0
2675,165,15,2665,330,1026.43,100.8,1.0
2676,4,14,2504,8,1026.4,68.39,1.0
2677,252,26,2752,504,1026.4,95.24,1.0
2678,137,15,2637,274,1026.34,95.84,1.0
2679,299,27,2799,598,1026.33,101.15,1.0
2680,126,24,2626,252,1026.32,75.98,1.0
2681,286,16,2786,572,1026.32,120.05,1.0
2682,151,23,2651,302,1026.31,83.04,1.0
2683,66,22,2566,132,1026.28,70.77,1.0
2684,98,23,2598,196,1026.24,73.42,1.0
2685,290,17,2790,580,1026.2,122.13,1.0
2686,171,16,2671,342,1026.17,101.64,1.0
2687,259,17,2759,518,1026.15,118.95,1.0
2688,47,15,2547,94,1026.14,78.96,1.0
2689,158,16,2658,316,1026.12,99.15,1.0
2690,294,27,2794,588,1026.1,93.66,1.0
2691,49,14,2549,98,1026.08,82.53,1.0
2692,205,15,2705,410,1026.07,111.04,1.0
2693,165,25,2665,330,1026.04,78.81,1.0
2694,296,17,2796,592,1026.04,118.85,1.0
2695,228,16,2728,456,1026.02,109.42,1.0
2696,123,23,2623,246,1026.0,81.79,1.0
2697,230,26,2730,460,1025.98,89.25,1.0
2698,270,27,2770,540,1025.97,91.42,1.0
2699,221,25,2721,442,1025.91,93.22,1.0
2700,231,16,2731,462,1025.9,112.35,1.0
2701,174,15,2674,348,1025.89,107.79,1.0
2702,253,26,2753,506,1025.89,91.01,1.0
2703,59,14,2559,118,1025.88,81.94,1.0
2704,298,15,2798,596,1025.82,133.09,1.0
2705,210,16,2710,420,1025.81,108.27,1.0
2706,116,23,2616,232,1025.76,72.96,1.0
2707,9,21,2509,18,1025.73,65.27,1.0
2708,91,23,2591,182,1025.67,71.6,1.0
2709,295,18,2795,590,1025.65,117.97,1.0
2710,201,16,2701,402,1025.56,105.38,1.0
2711,233,26,2733,466,1025.53,91.49,1.0
2712,258,15,2758,516,1025.47,122.04,1.0
2713,184,24,2684,368,1025.43,85.55,1.0
2714,188,16,2688,376,1025.43,110.76,1.0
2715,8,20,2508,16,1025.37,60.86,1.0
2716,74,15,2574,148,1025.35,88.51,1.0
2717,43,13,2543,86,1025.32,81.97,1.0
2718,80,15,2580,160,1025.26,84.67,1.0
2719,92,14,2592,184,1025.24,87.98,1.0
2720,215,25,2715,430,1025.2,87.73,1.0
2721,75,14,2575,150,1025.19,84.29,1.0
2722,102,23,2602,204,1025.17,74.7,1.0
2723,197,16,2697,394,1025.17,112.3,1.0
2724,39,21,2539,78,1025.14,66.1,1.0
2725,29,13,2529,58,1025.09,76.07,1.0
2726,224,14,2724,448,1025.09,116.61,1.0
2727,163,14,2663,326,1025.07,103.91,1.0
2728,90,23,2590,180,1025.04,72.54,1.0
2729,176,25,2676,352,1024.93,84.14,1.0
2730,246,15,2746,492,1024.92,117.64,1.0
2731,42,15,2542,84,1024.9,79.23,1.0
2732,252,15,2752,504,1024.89,122.22,1.0
2733,196,15,2696,392,1024.86,107.41,1.0
2734,27,22,2527,54,1024.83,64.31,1.0
2735,10,21,2510,20,1024.8,59.23,1.0
2736,12,21,2512,24,1024.8,62.71,1.0
2737,180,24,2680,360,1024.8,82.05,1.0
2738,40,22,2540,80,1024.78,65.38,1.0
2739,270,15,2770,540,1024.69,122.28,1.0
2740,0,21,2500,0,1024.68,59.35,1.0
2741,267,27,2767,534,1024.68,91.73,1.0
2742,19,13,2519,38,1024.66,71.9,1.0
2743,93,21,2593,186,1024.56,75.93,1.0
2744,208,16,2708,416,1024.55,108.01,1.0
2745,61,15,2561,122,1024.49,82.59,1.0
2746,95,23,2595,190,1024.49,73.75,1.0
2747,187,24,2687,374,1024.45,86.68,1.0
2748,105,14,2605,210,1024.42,92.77,1.0
2749,170,14,2670,340,1024.4,104.16,1.0
2750,255,16,2755,510,1024.35,115.59,1.0
2751,162,16,2662,324,1024.33,100.26,1.0
2752,232,15,2732,464,1024.31,114.7,1.0
2753,300,16,2800,600,1024.3,127.48,1.0
2754,55,13,2555,110,1024.28,82.61,1.0
2755,58,22,2558,116,1024.28,69.26,1.0
2756,83,14,2583,166,1024.28,94.15,1.0
2757,89,22,2589,178,1024.28,72.94,1.0
2758,31,22,2531,62,1024.16,65.48,1.0
2759,223,26,2723,446,1024.15,86.63,1.0
2760,90,14,2590,180,1024.12,90.5,1.0
2761,298,28,2798,596,1024.07,97.92,1.0
2762,278,16,2778,556,1024.05,122.33,1.0
2763,17,13,2517,34,1024.03,73.78,1.0
2764,78,14,2578,156,1024.02,87.72,1.0
2765,170,25,2670,340,1024.01,80.56,1.0
2766,149,15,2649,298,1024.01,98.54,1.0
2767,149,23,2649,298,1024.0,82.88,1.0
2768,254,16,2754,508,1024.0,121.38,1.0
2769,41,14,2541,82,1023.98,79.09,1.0
2770,198,17,2698,396,1023.96,106.48,1.0
2771,68,14,2568,136,1023.92,82.22,1.0
2772,30,21,2530,60,1023.9,64.09,1.0
2773,164,25,2664,328,1023.89,83.19,1.0
2774,168,14,2668,336,1023.88,108.14,1.0
2775,225,25,2725,450,1023.87,92.9,1.0
2776,247,26,2747,494,1023.86,93.21,1.0
2777,284,16,2784,568,1023.78,122.08,1.0
2778,18,13,2518,36,1023.75,71.21,1.0
2779,45,14,2545,90,1023.73,78.19,1.0
2780,289,27,2789,578,1023.69,93.22,1.0
2781,48,21,2548,96,1023.68,69.11,1.0
2782,97,14,2597,194,1023.62,94.36,1.0
2783,161,25,2661,322,1023.61,78.4,1.0
2784,84,14,2584,168,1023.58,85.17,1.0
2785,63,22,2563,126,1023.57,69.6,1.0
2786,269,26,2769,538,1023.5,91.63,1.0
2787,10,13,2510,20,1023.46,67.99,1.0
2788,52,14,2552,104,1023.45,79.38,1.0
2789,186,15,2686,372,1023.43,109.75,1.0
2790,238,16,2738,476,1023.43,114.78,1.0
2791,245,26,2745,490,1023.43,89.9,1.0
2792,195,16,2695,390,1023.41,111.76,1.0
2793,221,16,2721,442,1023.41,112.76,1.0
2794,159,16,2659,318,1023.4,101.98,1.0
2795,9,13,2509,18,1023.39,74.0,1.0
2796,127,24,2627,254,1023.35,77.74,1.0
2797,166,15,2666,332,1023.32,106.5,1.0
2798,293,15,2793,586,1023.25,125.19,1.0
2799,205,26,2705,410,1023.19,84.17,1.0
2800,60,22,2560,120,1023.15,73.88,1.0
2801,255,25,2755,510,1023.15,95.41,1.0
2802,64,15,2564,128,1023.13,80.92,1.0
2803,22,14,2522,44,1023.08,73.82,1.0
2804,188,24,2688,376,1023.07,89.61,1.0
2805,274,27,2774,548,1023.04,92.02,1.0
2806,118,22,2618,236,1023.02,82.22,1.0
2807,132,14,2632,264,1022.94,101.27,1.0
2808,210,24,2710,420,1022.94,91.83,1.0
2809,119,14,2619,238,1022.9,96.61,1.0
2810,14,14,2514,28,1022.86,68.3,1.0
2811,7,21,2507,14,1022.85,61.82,1.0
2812,292,16,2792,584,1022.83,121.81,1.0
2813,103,14,2603,206,1022.82,94.0,1.0
2814,279,27,2779,558,1022.82,94.62,1.0
2815,289,17,2789,578,1022.82,118.15,1.0
2816,107,23,2607,214,1022.8,72.72,1.0
2817,135,15,2635,270,1022.76,97.06,1.0
2818,71,23,2571,142,1022.69,69.86,1.0
2819,110,15,2610,220,1022.69,93.67,1.0
2820,108,14,2608,216,1022.68,91.26,1.0
2821,61,22,2561,122,1022.64,70.05,1.0
2822,48,15,2548,96,1022.61,77.19,1.0
2823,106,14,2606,212,1022.54,92.19,1.0
2824,81,22,2581,162,1022.52,71.57,1.0
2825,73,14,2573,146,1022.45,85.63,1.0
2826,271,15,2771,542,1022.45,117.74,1.0
2827,285,27,2785,570,1022.43,92.18,1.0
2828,180,15,2680,360,1022.42,103.82,1.0
2829,118,15,2618,236,1022.38,94.89,1.0
2830,126,14,2626,252,1022.38,95.91,1.0
2831,38,14,2538,76,1022.37,78.98,1.0
2832,191,25,2691,382,1022.34,82.91,1.0
2833,286,27,2786,572,1022.29,96.38,1.0
2834,137,24,2637,274,1022.23,76.19,1.0
2835,140,14,2640,280,1022.2,106.19,1.0
2836,183,15,2683,366,1022.2,107.47,1.0
2837,211,25,2711,422,1022.18,91.02,1.0
2838,94,23,2594,188,1022.14,73.52,1.0
2839,282,26,2782,564,1022.13,94.96,1.0
2840,62,22,2562,124,1022.1,74.24,1.0
2841,69,14,2569,138,1022.07,84.15,1.0
2842,101,24,2601,202,1022.0,71.31,1.0
2843,265,16,2765,530,1022.0,119.08,1.0
2844,249,27,2749,498,1021.96,90.72,1.0
2845,16,13,2516,32,1021.95,72.74,1.0
2846,88,15,2588,176,1021.91,88.53,1.0
2847,2,21,2502,4,1021.86,58.84,1.0
2848,207,16,2707,414,1021.85,110.78,1.0
2849,234,16,2734,468,1021.82,110.88,1.0
2850,245,15,2745,490,1021.82,119.57,1.0
2851,276,15,2776,552,1021.77,120.59,1.0
2852,238,26,2738,476,1021.76,89.08,1.0
2853,62,14,2562,124,1021.74,86.67,1.0
2854,266,27,2766,532,1021.73,91.87,1.0
2855,275,27,2775,550,1021.73,96.67,1.0
2856,122,23,2622,244,1021.72,80.72,1.0
2857,15,13,2515,30,1021.7,72.33,1.0
2858,259,26,2759,518,1021.68,94.0,1.0
2859,46,14,2546,92,1021.58,77.91,1.0
2860,154,14,2654,308,1021.57,103.94,1.0
2861,216,15,2716,432,1021.5,112.66,1.0
2862,258,27,2758,516,1021.49,93.66,1.0
2863,202,15,2702,404,1021.48,109.45,1.0
2864,89,15,2589,178,1021.41,85.98,1.0
2865,216,26,2716,432,1021.36,86.02,1.0
2866,69,22,2569,138,1021.35,73.59,1.0
2867,37,22,2537,74,1021.33,65.45,1.0
2868,58,14,2558,116,1021.32,80.92,1.0
2869,79,14,2579,158,1021.31,91.84,1.0
2870,284,27,2784,568,1021.31,93.27,1.0
2871,44,14,2544,88,1021.28,77.23,1.0
2872,211,15,2711,422,1021.28,112.74,1.0
2873,241,14,2741,482,1021.24,117.36,1.0
2874,152,24,2652,304,1021.23,80.25,1.0
2875,3,13,2503,6,1021.21,71.86,1.0
2876,72,22,2572,144,1021.21,70.39,1.0
2877,287,27,2787,574,1021.19,95.31,1.0
2878,194,26,2694,388,1021.16,82.12,1.0
2879,134,24,2634,268,1021.12,84.97,1.0
2880,273,26,2773,546,1021.12,92.97,1.0
2881,23,14,2523,46,1021.11,70.37,1.0
2882,214,16,2714,428,1021.08,110.43,1.0
2883,242,26,2742,484,1021.07,93.54,1.0
2884,231,26,2731,462,1021.04,85.99,1.0
2885,189,15,2689,378,1021.02,109.91,1.0
2886,34,21,2534,68,1020.99,62.47,1.0
2887,124,14,2624,248,1020.98,97.52,1.0
2888,250,26,2750,500,1020.94,97.08,1.0
2889,156,15,2656,312,1020.92,104.0,1.0
2890,230,15,2730,460,1020.92,113.64,1.0
2891,181,14,2681,362,1020.9,103.4,1.0
2892,114,24,2614,228,1020.85,73.33,1.0
2893,223,14,2723,446,1020.82,111.04,1.0
2894,104,23,2604,208,1020.71,77.25,1.0
2895,241,27,2741,482,1020.68,91.36,1.0
2896,109,14,2609,218,1020.67,93.73,1.0
2897,3,21,2503,6,1020.65,61.58,1.0
2898,251,16,2751,502,1020.62,116.67,1.0
2899,129,14,2629,258,1020.61,97.53,1.0
2900,178,25,2678,356,1020.56,85.84,1.0
2901,179,14,2679,358,1020.54,106.7,1.0
2902,133,24,2633,266,1020.51,78.26,1.0
2903,260,16,2760,520,1020.5,125.27,1.0
2904,144,24,2644,288,1020.49,80.77,1.0
2905,148,15,2648,296,1020.45,103.25,1.0
2906,204,25,2704,408,1020.43,91.92,1.0
2907,13,13,2513,26,1020.36,72.12,1.0
2908,121,14,2621,242,1020.33,99.06,1.0
2909,76,14,2576,152,1020.32,86.08,1.0
2910,264,15,2764,528,1020.32,128.0,1.0
2911,113,14,2613,226,1020.27,98.79,1.0
2912,237,26,2737,474,1020.26,89.21,1.0
2913,248,16,2748,496,1020.24,113.6,1.0
2914,6,14,2506,12,1020.22,69.16,1.0
2915,143,16,2643,286,1020.17,100.37,1.0
2916,27,12,2527,54,1020.14,78.75,1.0
2917,32,21,2532,64,1020.11,66.08,1.0
2918,23,21,2523,46,1020.1,64.12,1.0
2919,18,21,2518,36,1020.09,59.96,1.0
2920,262,15,2762,524,1020.09,121.54,1.0
2921,4,21,2504,8,1020.01,62.08,1.0
2922,220,26,2720,440,1020.01,89.29,1.0
2923,251,26,2751,502,1019.97,93.11,1.0
2924,100,23,2600,200,1019.96,75.07,1.0
2925,191,15,2691,382,1019.96,107.03,1.0
2926,168,25,2668,336,1019.93,84.66,1.0
2927,163,25,2663,326,1019.92,78.8,1.0
2928,57,15,2557,114,1019.84,78.37,1.0
2929,292,27,2792,584,1019.83,97.17,1.0
2930,59,22,2559,118,1019.74,70.47,1.0
2931,141,23,2641,282,1019.71,80.12,1.0
2932,12,13,2512,24,1019.7,72.34,1.0
2933,140,24,2640,280,1019.69,84.01,1.0
2934,133,14,2633,266,1019.69,99.69,1.0
2935,257,26,2757,514,1019.66,94.6,1.0
2936,24,22,2524,48,1019.63,65.67,1.0
2937,146,24,2646,292,1019.6,82.77,1.0
2938,250,15,2750,500,1019.59,120.21,1.0
2939,65,14,2565,130,1019.58,83.5,1.0
2940,21,13,2521,42,1019.54,74.37,1.0
2941,132,24,2632,264,1019.45,83.12,1.0
2942,171,24,2671,342,1019.36,85.67,1.0
2943,47,21,2547,94,1019.3,70.88,1.0
2944,157,15,2657,314,1019.25,102.29,1.0
2945,25,13,2525,50,1019.24,77.44,1.0
2946,129,24,2629,258,1019.22,80.01,1.0
2947,102,14,2602,204,1019.17,91.58,1.0
2948,28,22,2528,56,1019.16,65.78,1.0
2949,290,27,2790,580,1019.15,92.61,1.0
2950,37,13,2537,74,1019.14,83.02,1.0
2951,294,16,2794,588,1019.14,117.74,1.0
2952,120,14,2620,240,1019.08,95.74,1.0
2953,194,14,2694,388,1019.03,111.29,1.0
2954,155,24,2655,310,1019.01,83.91,1.0
2955,78,22,2578,156,1018.99,73.56,1.0
2956,76,23,2576,152,1018.99,69.69,1.0
2957,299,16,2799,598,1018.99,125.22,1.0
2958,97,23,2597,194,1018.96,76.93,1.0
2959,33,13,2533,66,1018.95,76.26,1.0
2960,110,23,2610,220,1018.94,78.71,1.0
2961,96,24,2596,192,1018.94,70.98,1.0
2962,41,22,2541,82,1018.88,68.05,1.0
2963,104,14,2604,208,1018.86,94.0,1.0
2964,147,25,2647,294,1018.84,78.24,1.0
2965,24,13,2524,48,1018.83,73.65,1.0
2966,64,21,2564,128,1018.83,70.08,1.0
2967,217,15,2717,434,1018.83,112.24,1.0
2968,239,17,2739,478,1018.8,113.87,1.0
2969,195,25,2695,390,1018.79,87.05,1.0
2970,157,24,2657,314,1018.78,83.22,1.0
2971,185,14,2685,370,1018.62,111.43,1.0
2972,190,15,2690,380,1018.61,107.5,1.0
2973,36,13,2536,72,1018.6,77.22,1.0
2974,122,14,2622,244,1018.57,98.22,1.0
2975,197,25,2697,394,1018.57,90.4,1.0
2976,172,25,2672,344,1018.5,81.89,1.0
2977,264,26,2764,528,1018.46,94.54,1.0
2978,11,21,2511,22,1018.45,61.1,1.0
2979,206,14,2706,412,1018.45,112.21,1.0
2980,136,14,2636,272,1018.43,100.2,1.0
2981,229,26,2729,458,1018.41,90.04,1.0
2982,54,22,2554,108,1018.37,66.17,1.0
2983,296,27,2796,592,1018.36,90.58,1.0
2984,72,14,2572,144,1018.26,84.91,1.0
2985,30,14,2530,60,1018.25,75.98,1.0
2986,291,27,2791,582,1018.24,95.5,1.0
2987,257,17,2757,514,1018.16,116.76,1.0
2988,181,26,2681,362,1018.12,80.0,1.0
2989,113,24,2613,226,1018.09,79.09,1.0
2990,167,25,2667,334,1018.09,82.68,1.0
2991,111,24,2611,222,1018.0,76.46,1.0
2992,71,13,2571,142,1017.99,86.28,1.0
2993,235,26,2735,470,1017.99,89.93,1.0
2994,56,23,2556,112,1017.97,68.08,1.0
2995,169,25,2669,338,1017.95,82.06,1.0
2996,103,23,2603,206,1017.87,77.01,1.0
2997,229,15,2729,458,1017.85,113.86,1.0
2998,115,15,2615,230,1017.81,91.4,1.0
2999,173,25,2673,346,1017.77,81.42,1.0
3000,156,24,2656,312,1017.76,85.15,1.0
3001,182,14,2682,364,1017.74,109.61,1.0
3002,74,22,2574,148,1017.71,74.78,1.0
3003,57,21,2557,114,1017.7,71.77,1.0
3004,26,13,2526,52,1017.69,77.96,1.0
3005,77,14,2577,154,1017.68,83.76,1.0
3006,226,15,2726,452,1017.61,117.03,1.0
3007,66,14,2566,132,1017.58,86.6,1.0
3008,60,14,2560,120,1017.54,86.35,1.0
3009,82,22,2582,164,1017.53,73.01,1.0
3010,125,24,2625,250,1017.5,78.89,1.0
3011,236,15,2736,472,1017.48,118.77,1.0
3012,47,14,2547,94,1017.47,79.81,1.0
3013,121,24,2621,242,1017.45,76.56,1.0
3014,213,26,2713,426,1017.41,88.11,1.0
3015,141,16,2641,282,1017.33,94.93,1.0
3016,242,15,2742,484,1017.28,121.27,1.0
3017,237,15,2737,474,1017.27,114.18,1.0
3018,17,22,2517,34,1017.26,60.67,1.0
3019,116,14,2616,232,1017.25,96.2,1.0
3020,288,16,2788,576,1017.23,124.73,1.0
3021,118,23,2618,236,1017.21,77.96,1.0
3022,67,22,2567,134,1017.19,75.17,1.0
3023,246,27,2746,492,1017.19,88.04,1.0
3024,20,22,2520,40,1017.16,62.32,1.0
3025,196,26,2696,392,1017.16,83.38,1.0
3026,16,22,2516,32,1017.1,62.56,1.0
3027,40,13,2540,80,1017.04,77.29,1.0
3028,31,13,2531,62,1016.99,76.32,1.0
3029,2,13,2502,4,1016.99,67.32,1.0
3030,1,12,2501,2,1016.92,69.34,1.0
3031,86,23,2586,172,1016.9,74.17,1.0
3032,142,24,2642,284,1016.89,81.54,1.0
3033,281,16,2781,562,1016.88,117.77,1.0
3034,283,15,2783,566,1016.88,125.32,1.0
3035,177,15,2677,354,1016.85,109.37,1.0
3036,32,13,2532,64,1016.83,77.43,1.0
3037,150,24,2650,300,1016.81,79.24,1.0
3038,7,13,2507,14,1016.78,70.35,1.0
3039,144,14,2644,288,1016.76,101.06,1.0
3040,124,24,2624,248,1016.71,77.76,1.0
3041,93,14,2593,186,1016.7,89.98,1.0
3042,193,14,2693,386,1016.69,107.12,1.0
3043,190,26,2690,380,1016.67,85.03,1.0
3044,139,24,2639,278,1016.66,79.66,1.0
3045,128,24,2628,256,1016.55,80.83,1.0
3046,65,22,2565,130,1016.51,68.8,1.0
3047,67,14,2567,134,1016.5,86.21,1.0
3048,19,22,2519,38,1016.47,62.55,1.0
3049,1,22,2501,2,1016.4,59.36,1.0
3050,34,13,2534,68,1016.38,74.52,1.0
3051,84,23,2584,168,1016.36,70.74,1.0
3052,217,26,2717,434,1016.31,86.14,1.0
3053,222,15,2722,444,1016.26,111.63,1.0
3054,91,13,2591,182,1016.23,89.04,1.0
3055,92,23,2592,184,1016.22,73.32,1.0
3056,197,15,2697,394,1016.22,115.57,1.0
3057,253,16,2753,506,1016.21,118.09,1.0
3058,115,23,2615,230,1016.19,74.06,1.0
3059,248,27,2748,496,1016.17,85.3,1.0
3060,249,15,2749,498,1016.15,121.46,1.0
3061,131,15,2631,262,1016.12,94.98,1.0
3062,231,15,2731,462,1016.06,115.27,1.0
3063,201,25,2701,402,1015.96,88.45,1.0
3064,56,13,2556,112,1015.94,85.32,1.0
3065,275,15,2775,550,1015.93,125.57,1.0
3066,184,15,2684,368,1015.91,103.74,1.0
3067,262,27,2762,524,1015.91,89.99,1.0
3068,281,27,2781,562,1015.91,92.03,1.0
3069,235,16,2735,470,1015.88,117.36,1.0
3070,114,13,2614,228,1015.87,98.28,1.0
3071,44,22,2544,88,1015.86,67.1,1.0
3072,200,14,2700,400,1015.86,116.49,1.0
3073,29,22,2529,58,1015.85,67.13,1.0
3074,295,27,2795,590,1015.85,93.96,1.0
3075,25,22,2525,50,1015.79,64.75,1.0
3076,80,23,2580,160,1015.79,71.88,1.0
3077,148,24,2648,296,1015.77,82.43,1.0
3078,254,15,2754,508,1015.72,123.26,1.0
3079,300,27,2800,600,1015.7,97.57,1.0
3080,187,15,2687,374,1015.69,102.89,1.0
3081,199,15,2699,398,1015.68,107.82,1.0
3082,225,15,2725,450,1015.65,118.46,1.0
3083,127,14,2627,254,1015.64,98.48,1.0
3084,107,15,2607,214,1015.57,89.72,1.0
3085,278,27,2778,556,1015.5,94.79,1.0
3086,272,27,2772,544,1015.49,92.5,1.0
3087,81,14,2581,162,1015.47,87.54,1.0
3088,75,23,2575,150,1015.47,71.68,1.0
3089,160,13,2660,320,1015.47,105.93,1.0
3090,227,16,2727,454,1015.47,111.68,1.0
3091,244,15,2744,488,1015.4,119.35,1.0
3092,86,14,2586,172,1015.35,90.88,1.0
3093,46,22,2546,92,1015.29,67.57,1.0
3094,178,14,2678,356,1015.28,106.87,1.0
3095,296,16,2796,592,1015.28,121.89,1.0
3096,5,13,2505,10,1015.25,68.21,1.0
3097,273,16,2773,546,1015.25,120.61,1.0
3098,198,16,2698,396,1015.21,106.85,1.0
3099,287,17,2787,574,1015.21,122.47,1.0
3100,35,22,2535,70,1015.2,63.33,1.0
3101,112,24,2612,224,1015.2,76.7,1.0
3102,22,22,2522,44,1015.19,62.25,1.0
3103,36,22,2536,72,1015.17,65.91,1.0
3104,204,15,2704,408,1015.16,113.76,1.0
3105,130,24,2630,260,1015.14,77.82,1.0
3106,155,14,2655,310,1015.05,109.37,1.0
3107,123,14,2623,246,1014.98,99.87,1.0
3108,285,15,2785,570,1014.94,124.79,1.0
3109,28,13,2528,56,1014.88,74.37,1.0
3110,174,25,2674,348,1014.82,86.13,1.0
3111,52,22,2552,104,1014.81,67.47,1.0
3112,85,14,2585,170,1014.8,89.0,1.0
3113,122,24,2622,244,1014.8,77.91,1.0
3114,14,21,2514,28,1014.75,60.6,1.0
3115,167,14,2667,334,1014.73,106.89,1.0
3116,94,13,2594,188,1014.67,91.07,1.0
3117,82,14,2582,164,1014.66,86.11,1.0
3118,150,14,2650,300,1014.66,100.47,1.0
3119,162,24,2662,324,1014.62,86.03,1.0
3120,68,23,2568,136,1014.54,69.17,1.0
3121,49,23,2549,98,1014.48,70.19,1.0
3122,111,13,2611,222,1014.47,93.06,1.0
3123,151,15,2651,302,1014.45,99.0,1.0
3124,295,17,2795,590,1014.39,121.28,1.0
3125,297,27,2797,594,1014.39,91.67,1.0
3126,137,14,2637,274,1014.37,97.79,1.0
3127,136,24,2636,272,1014.31,81.91,1.0
3128,207,26,2707,414,1014.18,87.28,1.0
3129,172,14,2672,344,1014.17,105.4,1.0
3130,99,13,2599,198,1014.16,90.55,1.0
3131,55,23,2555,110,1014.0,67.47,1.0
3132,261,15,2761,522,1013.96,129.41,1.0
3133,158,24,2658,316,1013.91,83.61,1.0
3134,51,13,2551,102,1013.88,84.3,1.0
3135,50,22,2550,100,1013.85,67.76,1.0
3136,51,22,2551,102,1013.85,69.34,1.0
3137,210,25,2710,420,1013.81,90.85,1.0
3138,219,14,2719,438,1013.79,111.81,1.0
3139,50,13,2550,100,1013.77,82.36,1.0
3140,26,22,2526,52,1013.77,63.77,1.0
3141,8,21,2508,16,1013.75,61.44,1.0
3142,145,24,2645,290,1013.74,81.55,1.0
3143,139,14,2639,278,1013.71,99.34,1.0
3144,209,14,2709,418,1013.7,115.44,1.0
3145,73,23,2573,146,1013.69,70.36,1.0
3146,203,25,2703,406,1013.69,88.27,1.0
3147,48,22,2548,96,1013.68,67.33,1.0
3148,244,27,2744,488,1013.66,86.88,1.0
3149,61,14,2561,122,1013.65,84.18,1.0
3150,269,16,2769,538,1013.62,118.24,1.0
3151,33,22,2533,66,1013.6,66.38,1.0
3152,293,28,2793,586,1013.6,91.61,1.0
3153,218,26,2718,436,1013.58,91.1,1.0
3154,8,13,2508,16,1013.56,70.27,1.0
3155,105,24,2605,210,1013.52,76.89,1.0
3156,238,15,2738,476,1013.51,116.05,1.0
3157,228,26,2728,456,1013.48,85.78,1.0
3158,120,24,2620,240,1013.47,76.86,1.0
3159,280,27,2780,560,1013.36,93.46,1.0
3160,135,24,2635,270,1013.35,77.22,1.0
3161,169,14,2669,338,1013.34,105.85,1.0
3162,48,14,2548,96,1013.33,78.29,1.0
3163,22,13,2522,44,1013.33,75.7,1.0
3164,138,24,2638,276,1013.32,80.47,1.0
3165,87,13,2587,174,1013.24,90.63,1.0
3166,272,16,2772,544,1013.24,125.05,1.0
3167,254,27,2754,508,1013.23,92.91,1.0
3168,70,23,2570,140,1013.22,68.97,1.0
3169,277,15,2777,554,1013.22,125.48,1.0
3170,70,13,2570,140,1013.21,85.45,1.0
3171,138,15,2638,276,1013.18,98.44,1.0
3172,57,22,2557,114,1013.15,69.38,1.0
3173,49,13,2549,98,1013.13,83.24,1.0
3174,54,14,2554,108,1013.07,80.47,1.0
3175,142,15,2642,284,1013.07,99.53,1.0
3176,160,26,2660,320,1013.06,78.84,1.0
3177,158,15,2658,316,1013.04,101.13,1.0
3178,18,22,2518,36,1013.03,59.49,1.0
3179,227,26,2727,454,1012.97,86.4,1.0
3180,239,26,2739,478,1012.97,93.25,1.0
3181,200,26,2700,400,1012.93,86.06,1.0
3182,291,16,2791,582,1012.93,119.93,1.0
3183,96,13,2596,192,1012.89,93.18,1.0
3184,189,26,2689,378,1012.78,81.85,1.0
3185,59,13,2559,118,1012.77,83.92,1.0
3186,39,13,2539,78,1012.76,78.92,1.0
3187,15,22,2515,30,1012.74,60.56,1.0
3188,221,15,2721,442,1012.72,114.87,1.0
3189,93,22,2593,186,1012.71,75.73,1.0
3190,270,14,2770,540,1012.57,122.12,1.0
3191,83,23,2583,166,1012.54,79.88,1.0
3192,154,25,2654,308,1012.53,82.27,1.0
3193,202,26,2702,404,1012.5,83.04,1.0
3194,225,26,2725,450,1012.49,89.57,1.0
3195,45,22,2545,90,1012.46,63.93,1.0
3196,159,24,2659,318,1012.46,88.75,1.0
3197,171,15,2671,342,1012.44,103.75,1.0
3198,263,15,2763,526,1012.44,121.73,1.0
3199,232,27,2732,464,1012.43,87.57,1.0
3200,6,21,2506,12,1012.39,61.4,1.0
3201,274,15,2774,548,1012.34,124.01,1.0
3202,13,22,2513,26,1012.27,61.33,1.0
3203,53,23,2553,106,1012.21,69.26,1.0
3204,95,13,2595,190,1012.15,92.38,1.0
3205,131,24,2631,262,1012.13,78.83,1.0
3206,256,27,2756,512,1012.1,89.25,1.0
3207,280,16,2780,560,1012.08,120.48,1.0
3208,119,24,2619,238,1012.05,77.74,1.0
3209,222,26,2722,444,1012.05,89.36,1.0
3210,38,22,2538,76,1012.02,64.47,1.0
3211,87,24,2587,174,1012.0,70.75,1.0
3212,153,14,2653,306,1012.0,103.86,1.0
3213,89,23,2589,178,1011.96,72.96,1.0
3214,259,16,2759,518,1011.96,121.33,1.0
3215,88,23,2588,176,1011.93,76.74,1.0
3216,117,24,2617,234,1011.9,76.7,1.0
3217,255,26,2755,510,1011.9,93.1,1.0
3218,288,28,2788,576,1011.9,93.53,1.0
3219,188,15,2688,376,1011.89,113.53,1.0
3220,134,13,2634,268,1011.87,106.61,1.0
3221,147,14,2647,294,1011.84,101.21,1.0
3222,240,15,2740,480,1011.82,118.29,1.0
3223,243,27,2743,486,1011.81,84.61,1.0
3224,177,25,2677,354,1011.8,85.17,1.0
3225,98,13,2598,196,1011.76,92.88,1.0
3226,218,15,2718,436,1011.74,111.02,1.0
3227,236,27,2736,472,1011.67,89.36,1.0
3228,125,14,2625,250,1011.6,97.41,1.0
3229,77,23,2577,154,1011.59,69.5,1.0
3230,20,12,2520,40,1011.55,75.62,1.0
3231,152,14,2652,304,1011.52,103.57,1.0
3232,79,13,2579,158,1011.42,93.59,1.0
3233,145,15,2645,290,1011.39,99.79,1.0
3234,42,14,2542,84,1011.38,80.54,1.0
3235,89,14,2589,178,1011.38,87.9,1.0
3236,5,22,2505,10,1011.35,58.35,1.0
3237,282,16,2782,564,1011.34,123.18,1.0
3238,283,28,2783,566,1011.33,91.24,1.0
3239,21,23,2521,42,1011.26,61.9,1.0
3240,4,13,2504,8,1011.16,69.71,1.0
3241,263,27,2763,526,1011.13,91.75,1.0
3242,198,25,2698,396,1011.11,88.64,1.0
3243,183,25,2683,366,1011.1,86.37,1.0
3244,265,27,2765,530,1011.09,92.39,1.0
3245,184,25,2684,368,1011.08,84.62,1.0
3246,34,22,2534,68,1011.04,61.92,1.0
3247,212,13,2712,424,1011.04,115.67,1.0
3248,101,13,2601,202,1011.02,91.44,1.0
3249,143,15,2643,286,1010.9,101.99,1.0
3250,95,24,2595,190,1010.89,73.86,1.0
3251,260,27,2760,520,1010.89,95.51,1.0
3252,203,15,2703,406,1010.88,110.82,1.0
3253,11,13,2511,22,1010.86,72.11,1.0
3254,88,14,2588,176,1010.84,91.32,1.0
3255,149,24,2649,298,1010.77,83.02,1.0
3256,80,14,2580,160,1010.74,86.86,1.0
3257,182,26,2682,364,1010.74,81.44,1.0
3258,199,26,2699,398,1010.72,83.18,1.0
3259,23,13,2523,46,1010.6,72.4,1.0
3260,0,12,2500,0,1010.56,69.29,1.0
3261,73,13,2573,146,1010.48,86.87,1.0
3262,141,15,2641,282,1010.48,96.33,1.0
3263,247,15,2747,494,1010.46,122.08,1.0
3264,224,27,2724,448,1010.45,85.63,1.0
3265,12,22,2512,24,1010.43,62.26,1.0
3266,32,22,2532,64,1010.42,65.2,1.0
3267,79,23,2579,158,1010.39,75.31,1.0
3268,53,13,2553,106,1010.37,84.95,1.0
3269,276,28,2776,552,1010.29,93.63,1.0
3270,92,13,2592,184,1010.25,89.79,1.0
3271,277,28,2777,554,1010.22,91.41,1.0
3272,215,15,2715,430,1010.19,112.82,1.0
3273,233,14,2733,466,1010.12,117.03,1.0
3274,108,24,2608,216,1010.1,74.57,1.0
3275,41,13,2541,82,1010.08,80.76,1.0
3276,220,14,2720,440,1010.05,116.98,1.0
3277,192,26,2692,384,1010.04,84.02,1.0
3278,248,15,2748,496,1010.04,116.23,1.0
3279,221,26,2721,442,1010.01,90.62,1.0
3280,261,27,2761,522,1010.01,98.49,1.0
3281,297,16,2797,594,1010.0,122.89,1.0
3282,240,27,2740,480,1009.95,85.91,1.0
3283,39,22,2539,78,1009.94,65.82,1.0
3284,201,15,2701,402,1009.91,107.89,1.0
3285,209,27,2709,418,1009.89,85.65,1.0
3286,146,14,2646,292,1009.87,105.46,1.0
3287,109,24,2609,218,1009.86,76.83,1.0
3288,85,23,2585,170,1009.83,74.21,1.0
3289,162,15,2662,324,1009.81,104.4,1.0
3290,210,15,2710,420,1009.78,109.41,1.0
3291,259,27,2759,518,1009.75,91.38,1.0
3292,74,14,2574,148,1009.7,89.15,1.0
3293,52,13,2552,104,1009.59,81.45,1.0
3294,195,15,2695,390,1009.58,112.38,1.0
3295,239,16,2739,478,1009.54,116.38,1.0
3296,82,23,2582,164,1009.53,71.59,1.0
3297,42,22,2542,84,1009.5,67.03,1.0
3298,151,24,2651,302,1009.47,83.28,1.0
3299,183,14,2683,366,1009.36,108.17,1.0
3300,188,25,2688,376,1009.34,88.25,1.0
3301,234,26,2734,468,1009.33,85.64,1.0
3302,149,14,2649,298,1009.3,101.06,1.0
3303,228,15,2728,456,1009.29,112.01,1.0
3304,268,28,2768,536,1009.27,89.57,1.0
3305,78,23,2578,156,1009.22,71.63,1.0
3306,30,22,2530,60,1009.19,63.31,1.0
3307,14,13,2514,28,1009.15,72.06,1.0
3308,98,24,2598,196,1009.13,72.09,1.0
3309,271,28,2771,542,1009.13,87.11,1.0
3310,292,15,2792,584,1009.1,124.14,1.0
3311,106,24,2606,212,1009.09,71.8,1.0
3312,112,14,2612,224,1008.99,96.07,1.0
3313,219,27,2719,438,1008.95,83.62,1.0
3314,175,14,2675,350,1008.94,105.92,1.0
3315,161,13,2661,322,1008.9,105.26,1.0
3316,215,26,2715,430,1008.84,87.46,1.0
3317,279,15,2779,558,1008.8,124.93,1.0
3318,4,22,2504,8,1008.79,61.79,1.0
3319,185,26,2685,370,1008.78,84.07,1.0
3320,243,15,2743,486,1008.78,114.89,1.0
3321,100,14,2600,200,1008.77,92.14,1.0
3322,126,25,2626,252,1008.77,77.34,1.0
3323,152,25,2652,304,1008.72,78.31,1.0
3324,113,13,2613,226,1008.71,100.5,1.0
3325,130,14,2630,260,1008.71,98.28,1.0
3326,268,14,2768,536,1008.69,124.05,1.0
3327,81,23,2581,162,1008.59,72.4,1.0
3328,116,24,2616,232,1008.59,73.71,1.0
3329,35,13,2535,70,1008.56,77.94,1.0
3330,44,13,2544,88,1008.52,79.67,1.0
3331,282,27,2782,564,1008.51,93.33,1.0
3332,6,13,2506,12,1008.46,73.02,1.0
3333,143,24,2643,286,1008.45,84.81,1.0
3334,193,26,2693,386,1008.42,84.56,1.0
3335,290,16,2790,580,1008.41,127.96,1.0
3336,64,14,2564,128,1008.39,82.32,1.0
3337,247,27,2747,494,1008.31,91.24,1.0
3338,58,23,2558,116,1008.29,67.75,1.0
3339,9,22,2509,18,1008.23,63.24,1.0
3340,69,13,2569,138,1008.19,87.68,1.0
3341,300,15,2800,600,1008.17,128.08,1.0
3342,84,13,2584,168,1008.12,88.93,1.0
3343,230,27,2730,460,1008.11,86.01,1.0
3344,206,27,2706,412,1008.1,83.13,1.0
3345,245,27,2745,490,1008.06,88.09,1.0
3346,187,25,2687,374,1008.0,87.02,1.0
3347,10,22,2510,20,1007.94,59.91,1.0
3348,64,22,2564,128,1007.89,69.88,1.0
3349,286,15,2786,572,1007.87,123.77,1.0
3350,186,26,2686,372,1007.85,85.88,1.0
3351,63,23,2563,126,1007.83,69.69,1.0
3352,214,26,2714,428,1007.81,84.46,1.0
3353,256,15,2756,512,1007.79,122.06,1.0
3354,212,27,2712,424,1007.78,84.67,1.0
3355,281,15,2781,562,1007.78,123.23,1.0
3356,213,14,2713,426,1007.76,120.75,1.0
3357,255,15,2755,510,1007.71,118.34,1.0
3358,62,23,2562,124,1007.67,73.42,1.0
3359,270,28,2770,540,1007.59,90.14,1.0
3360,7,22,2507,14,1007.52,60.31,1.0
3361,43,12,2543,86,1007.51,83.56,1.0
3362,159,15,2659,318,1007.47,103.15,1.0
3363,288,15,2788,576,1007.44,126.65,1.0
3364,62,13,2562,124,1007.41,86.63,1.0
3365,63,13,2563,126,1007.4,85.95,1.0
3366,287,16,2787,574,1007.39,125.55,1.0
3367,257,16,2757,514,1007.37,120.48,1.0
3368,105,13,2605,210,1007.34,93.21,1.0
3369,211,14,2711,422,1007.32,115.02,1.0
3370,238,27,2738,476,1007.31,86.0,1.0
3371,99,24,2599,198,1007.27,73.66,1.0
3372,250,27,2750,500,1007.23,93.67,1.0
3373,233,27,2733,466,1007.17,88.9,1.0
3374,91,24,2591,182,1007.12,70.7,1.0
3375,294,28,2794,588,1007.11,90.83,1.0
3376,267,14,2767,534,1007.07,131.1,1.0
3377,76,13,2576,152,1007.05,87.52,1.0
3378,208,15,2708,416,1007.02,111.02,1.0
3379,279,28,2779,558,1007.02,92.45,1.0
3380,29,12,2529,58,1006.98,77.67,1.0
3381,57,14,2557,114,1006.98,81.16,1.0
3382,115,14,2615,230,1006.98,92.4,1.0
3383,75,13,2575,150,1006.94,87.02,1.0
3384,267,28,2767,534,1006.93,88.87,1.0
3385,226,27,2726,452,1006.87,87.85,1.0
3386,132,25,2632,264,1006.83,81.5,1.0
3387,180,25,2680,360,1006.73,79.78,1.0
3388,289,16,2789,578,1006.73,122.74,1.0
3389,102,24,2602,204,1006.72,74.71,1.0
3390,252,14,2752,504,1006.67,126.02,1.0
3391,265,15,2765,530,1006.66,122.13,1.0
3392,71,24,2571,142,1006.63,67.84,1.0
3393,177,14,2677,354,1006.62,111.19,1.0
3394,38,13,2538,76,1006.61,81.32,1.0
3395,251,15,2751,502,1006.49,120.53,1.0
3396,9,12,2509,18,1006.43,75.37,1.0
3397,205,14,2705,410,1006.41,112.64,1.0
3398,29,23,2529,58,1006.4,65.72,1.0
3399,0,22,2500,0,1006.34,59.79,1.0
3400,284,15,2784,568,1006.3,122.95,1.0
3401,66,23,2566,132,1006.27,70.71,1.0
3402,124,13,2624,248,1006.25,98.54,1.0
3403,132,13,2632,264,1006.24,105.38,1.0
3404,242,27,2742,484,1006.24,91.79,1.0
3405,74,23,2574,148,1006.2,73.2,1.0
3406,123,24,2623,246,1006.2,81.0,1.0
3407,298,14,2798,596,1006.18,135.08,1.0
3408,27,23,2527,54,1006.11,65.0,1.0
3409,61,23,2561,122,1006.11,68.25,1.0
3410,47,22,2547,94,1006.1,70.12,1.0
3411,45,13,2545,90,1006.05,80.56,1.0
3412,252,27,2752,504,1006.03,93.82,1.0
3413,157,25,2657,314,1005.99,80.91,1.0
3414,23,22,2523,46,1005.98,63.58,1.0
3415,106,13,2606,212,1005.94,94.75,1.0
3416,166,25,2666,332,1005.94,83.64,1.0
3417,19,12,2519,38,1005.91,74.25,1.0
3418,107,24,2607,214,1005.91,72.3,1.0
3419,276,14,2776,552,1005.9,122.11,1.0
3420,260,15,2760,520,1005.88,128.78,1.0
3421,30,13,2530,60,1005.86,77.71,1.0
3422,40,23,2540,80,1005.81,66.28,1.0
3423,207,15,2707,414,1005.8,112.24,1.0
3424,72,23,2572,144,1005.79,70.22,1.0
3425,176,14,2676,352,1005.79,109.55,1.0
3426,13,12,2513,26,1005.76,72.83,1.0
3427,118,24,2618,236,1005.69,76.82,1.0
3428,165,14,2665,330,1005.63,104.23,1.0
3429,230,14,2730,460,1005.63,115.83,1.0
3430,3,12,2503,6,1005.56,73.05,1.0
3431,81,13,2581,162,1005.56,89.99,1.0
3432,165,26,2665,330,1005.55,78.28,1.0
3433,174,14,2674,348,1005.52,109.49,1.0
3434,173,14,2673,346,1005.51,108.37,1.0
3435,153,25,2653,306,1005.51,80.15,1.0
3436,77,13,2577,154,1005.47,85.89,1.0
3437,101,25,2601,202,1005.46,71.55,1.0
3438,166,14,2666,332,1005.45,110.07,1.0
3439,55,12,2555,110,1005.41,82.69,1.0
3440,46,13,2546,92,1005.41,79.52,1.0
3441,24,12,2524,48,1005.4,76.24,1.0
3442,170,13,2670,340,1005.4,107.66,1.0
3443,108,13,2608,216,1005.34,93.53,1.0
3444,211,26,2711,422,1005.33,89.37,1.0
3445,2,22,2502,4,1005.32,58.08,1.0
3446,54,23,2554,108,1005.25,65.73,1.0
3447,141,24,2641,282,1005.15,78.17,1.0
3448,191,26,2691,382,1005.11,81.23,1.0
3449,67,23,2567,134,1005.07,73.1,1.0
3450,232,14,2732,464,1005.07,119.24,1.0
3451,17,12,2517,34,1005.05,75.31,1.0
3452,289,28,2789,578,1005.02,92.69,1.0
3453,100,24,2600,200,1005.0,72.93,1.0
3454,164,13,2664,328,1004.99,108.41,1.0
3455,128,13,2628,256,1004.94,101.58,1.0
3456,3,22,2503,6,1004.9,61.46,1.0
3457,214,15,2714,428,1004.88,114.82,1.0
3458,170,26,2670,340,1004.81,80.09,1.0
3459,171,25,2671,342,1004.79,85.05,1.0
3460,137,25,2637,274,1004.75,76.09,1.0
3461,269,27,2769,538,1004.71,89.06,1.0
3462,186,14,2686,372,1004.67,112.31,1.0
3463,287,28,2787,574,1004.65,93.53,1.0
3464,156,14,2656,312,1004.58,108.34,1.0
3465,58,13,2558,116,1004.54,82.39,1.0
3466,196,14,2696,392,1004.49,111.6,1.0
3467,246,14,2746,492,1004.47,120.21,1.0
3468,68,13,2568,136,1004.45,87.19,1.0
3469,26,12,2526,52,1004.44,79.02,1.0
3470,176,26,2676,352,1004.42,83.55,1.0
3471,135,14,2635,270,1004.41,99.32,1.0
3472,41,23,2541,82,1004.4,66.32,1.0
3473,43,23,2543,86,1004.4,66.19,1.0
3474,148,14,2648,296,1004.4,105.49,1.0
3475,31,23,2531,62,1004.38,64.6,1.0
3476,299,15,2799,598,1004.38,128.31,1.0
3477,24,23,2524,48,1004.36,64.1,1.0
3478,97,13,2597,194,1004.27,96.66,1.0
3479,161,26,2661,322,1004.27,77.53,1.0
3480,90,24,2590,180,1004.25,71.48,1.0
3481,109,13,2609,218,1004.24,97.3,1.0
3482,290,28,2790,580,1004.23,91.54,1.0
3483,65,13,2565,130,1004.21,85.79,1.0
3484,104,24,2604,208,1004.21,76.31,1.0
3485,223,27,2723,446,1004.19,87.04,1.0
3486,229,27,2729,458,1004.15,88.02,1.0
3487,266,14,2766,532,1004.13,121.59,1.0
3488,59,23,2559,118,1004.08,68.84,1.0
3489,164,26,2664,328,1004.06,81.36,1.0
3490,155,25,2655,310,1003.97,82.62,1.0
3491,237,27,2737,474,1003.97,86.54,1.0
3492,83,13,2583,166,1003.88,93.78,1.0
3493,127,25,2627,254,1003.88,76.99,1.0
3494,117,13,2617,234,1003.86,96.72,1.0
3495,251,27,2751,502,1003.83,90.96,1.0
3496,208,26,2708,416,1003.82,89.58,1.0
3497,90,13,2590,180,1003.8,92.6,1.0
3498,275,28,2775,550,1003.78,92.62,1.0
3499,144,25,2644,288,1003.76,77.98,1.0
3500,16,12,2516,32,1003.75,75.38,1.0
3501,278,15,2778,556,1003.68,125.92,1.0
3502,274,28,2774,548,1003.66,90.01,1.0
3503,253,27,2753,506,1003.62,90.44,1.0
3504,244,14,2744,488,1003.61,121.93,1.0
3505,47,13,2547,94,1003.57,81.3,1.0
3506,86,24,2586,172,1003.56,72.94,1.0
3507,191,14,2691,382,1003.54,110.67,1.0
3508,291,28,2791,582,1003.53,93.82,1.0
3509,11,22,2511,22,1003.51,61.04,1.0
3510,69,23,2569,138,1003.49,72.75,1.0
3511,202,14,2702,404,1003.32,110.06,1.0
3512,93,23,2593,186,1003.29,76.51,1.0
3513,120,13,2620,240,1003.2,99.12,1.0
3514,46,23,2546,92,1003.18,67.2,1.0
3515,60,13,2560,120,1003.04,87.85,1.0
3516,157,14,2657,314,1003.03,103.48,1.0
3517,146,25,2646,292,1002.99,82.33,1.0
3518,94,24,2594,188,1002.93,74.15,1.0
3519,21,12,2521,42,1002.92,75.56,1.0
3520,110,14,2610,220,1002.84,95.81,1.0
3521,118,14,2618,236,1002.83,97.62,1.0
3522,133,25,2633,266,1002.83,77.47,1.0
3523,50,23,2550,100,1002.79,67.56,1.0
3524,190,14,2690,380,1002.79,110.89,1.0
3525,140,25,2640,280,1002.76,82.29,1.0
3526,156,25,2656,312,1002.74,86.61,1.0
3527,12,12,2512,24,1002.68,72.71,1.0
3528,103,24,2603,206,1002.67,75.36,1.0
3529,67,13,2567,134,1002.65,86.73,1.0
3530,235,15,2735,470,1002.63,122.11,1.0
3531,131,14,2631,262,1002.55,97.78,1.0
3532,205,27,2705,410,1002.32,84.17,1.0
3533,197,26,2697,394,1002.27,89.95,1.0
3534,129,25,2629,258,1002.22,78.57,1.0
3535,273,27,2773,546,1002.13,91.26,1.0
3536,18,12,2518,36,1002.06,72.98,1.0
3537,102,13,2602,204,1002.06,93.27,1.0
3538,175,26,2675,350,1002.03,81.95,1.0
3539,32,12,2532,64,1001.86,80.91,1.0
3540,142,25,2642,284,1001.84,79.28,1.0
3541,97,24,2597,194,1001.82,75.52,1.0
3542,52,23,2552,104,1001.79,67.44,1.0
3543,235,27,2735,470,1001.78,88.37,1.0
3544,10,12,2510,20,1001.72,70.92,1.0
3545,51,12,2551,102,1001.7,85.19,1.0
3546,266,28,2766,532,1001.66,90.97,1.0
3547,141,14,2641,282,1001.65,99.28,1.0
3548,224,13,2724,448,1001.6,118.27,1.0
3549,107,14,2607,214,1001.58,91.4,1.0
3550,299,28,2799,598,1001.55,99.26,1.0
3551,66,13,2566,132,1001.53,87.94,1.0
3552,285,28,2785,570,1001.53,90.84,1.0
3553,103,13,2603,206,1001.49,96.56,1.0
3554,37,12,2537,74,1001.48,82.5,1.0
3555,15,12,2515,30,1001.34,73.78,1.0
3556,2,12,2502,4,1001.31,69.02,1.0
3557,42,13,2542,84,1001.31,82.22,1.0
3558,134,25,2634,268,1001.29,82.36,1.0
3559,167,26,2667,334,1001.28,80.72,1.0
3560,192,14,2692,384,1001.28,112.22,1.0
3561,65,23,2565,130,1001.24,69.12,1.0
3562,37,23,2537,74,1001.21,66.02,1.0
3563,76,24,2576,152,1001.18,67.49,1.0
3564,207,27,2707,414,1001.15,86.0,1.0
3565,158,25,2658,316,1001.14,81.77,1.0
3566,114,25,2614,228,1001.0,72.61,1.0
3567,284,28,2784,568,1000.99,90.76,1.0
3568,298,29,2798,596,1000.96,94.13,1.0
3569,292,28,2792,584,1000.95,94.92,1.0
3570,33,12,2533,66,1000.91,78.25,1.0
3571,133,13,2633,266,1000.78,101.78,1.0
3572,264,27,2764,528,1000.64,94.24,1.0
3573,85,13,2585,170,1000.59,92.42,1.0
3574,249,28,2749,498,1000.54,87.6,1.0
3575,220,27,2720,440,1000.45,88.5,1.0
3576,115,24,2615,230,1000.44,73.06,1.0
3577,33,23,2533,66,1000.33,65.06,1.0
3578,125,25,2625,250,1000.32,76.35,1.0
3579,27,11,2527,54,1000.17,80.38,1.0
3580,48,23,2548,96,1000.16,67.18,1.0
3581,173,26,2673,346,1000.15,79.7,1.0
3582,226,14,2726,452,1000.14,120.89,1.0
3583,14,22,2514,28,1000.08,60.05,1.0
3584,234,15,2734,468,1000.07,113.47,1.0
3585,201,26,2701,402,1000.07,87.61,1.0
3586,195,26,2695,390,1000.01,86.92,1.0
3587,229,14,2729,458,1000.0,116.97,1.0
3588,104,13,2604,208,999.98,96.24,1.0
3589,110,24,2610,220,999.96,78.95,1.0
3590,204,26,2704,408,999.93,90.75,1.0
3591,218,14,2718,436,999.92,111.71,1.0
3592,129,13,2629,258,999.9,100.78,1.0
3593,293,14,2793,586,999.89,129.11,1.0
3594,172,26,2672,344,999.87,80.23,1.0
3595,264,14,2764,528,999.82,128.73,1.0
3596,184,14,2684,368,999.79,108.38,1.0
3597,1,11,2501,2,999.73,70.59,1.0
3598,71,12,2571,142,999.7,86.84,1.0
3599,25,12,2525,50,999.58,78.57,1.0
3600,180,14,2680,360,999.57,105.62,1.0
3601,112,25,2612,224,999.51,75.98,1.0
3602,154,13,2654,308,999.44,105.55,1.0
3603,8,22,2508,16,999.43,61.0,1.0
3604,179,26,2679,358,999.43,80.77,1.0
3605,60,23,2560,120,999.31,73.07,1.0
3606,209,13,2709,418,999.3,116.62,1.0
3607,5,12,2505,10,999.28,69.56,1.0
3608,250,14,2750,500,999.28,124.06,1.0
3609,294,15,2794,588,999.28,121.66,1.0
3610,179,13,2679,358,999.24,109.91,1.0
3611,203,26,2703,406,999.24,84.3,1.0
3612,138,25,2638,276,999.2,77.48,1.0
3613,272,15,2772,544,999.18,128.81,1.0
3614,257,27,2757,514,999.12,93.08,1.0
3615,28,23,2528,56,999.1,65.39,1.0
3616,144,13,2644,288,999.1,102.58,1.0
3617,169,13,2669,338,999.1,108.35,1.0
3618,44,23,2544,88,999.08,66.6,1.0
3619,61,13,2561,122,999.01,87.72,1.0
3620,198,15,2698,396,999.01,108.32,1.0
3621,36,12,2536,72,999.0,77.46,1.0
3622,178,26,2678,356,998.99,84.49,1.0
3623,168,26,2668,336,998.98,82.8,1.0
3624,286,28,2786,572,998.92,95.49,1.0
3625,213,27,2713,426,998.9,86.22,1.0
3626,295,16,2795,590,998.87,121.81,1.0
3627,93,13,2593,186,998.79,91.61,1.0
3628,296,28,2796,592,998.7,88.79,1.0
3629,119,13,2619,238,998.69,98.75,1.0
3630,86,13,2586,172,998.68,92.41,1.0
3631,150,25,2650,300,998.68,79.51,1.0
3632,163,26,2663,326,998.67,78.85,1.0
3633,78,13,2578,156,998.62,91.04,1.0
3634,258,28,2758,516,998.6,92.36,1.0
3635,122,13,2622,244,998.56,101.64,1.0
3636,140,13,2640,280,998.55,108.5,1.0
3637,48,13,2548,96,998.53,79.45,1.0
3638,121,13,2621,242,998.46,101.21,1.0
3639,231,27,2731,462,998.41,85.84,1.0
3640,130,25,2630,260,998.38,77.41,1.0
3641,297,28,2797,594,998.38,90.08,1.0
3642,237,14,2737,474,998.33,117.25,1.0
3643,20,23,2520,40,998.32,62.48,1.0
3644,255,27,2755,510,998.32,92.2,1.0
3645,239,27,2739,478,998.28,90.78,1.0
3646,17,23,2517,34,998.26,62.26,1.0
3647,92,24,2592,184,998.08,70.97,1.0
3648,25,23,2525,50,998.06,64.9,1.0
3649,223,13,2723,446,998.05,113.07,1.0
3650,26,23,2526,52,998.04,64.02,1.0
3651,189,14,2689,378,997.96,113.2,1.0
3652,31,12,2531,62,997.93,76.51,1.0
3653,197,14,2697,394,997.92,116.65,1.0
3654,96,25,2596,192,997.88,70.34,1.0
3655,128,25,2628,256,997.86,79.01,1.0
3656,1,23,2501,2,997.84,59.07,1.0
3657,35,23,2535,70,997.83,63.64,1.0
3658,275,14,2775,550,997.79,127.8,1.0
3659,194,13,2694,388,997.76,113.33,1.0
3660,75,24,2575,150,997.75,70.29,1.0
3661,45,23,2545,90,997.72,64.82,1.0
3662,138,14,2638,276,997.72,103.32,1.0
3663,196,27,2696,392,997.7,81.21,1.0
3664,34,12,2534,68,997.68,77.9,1.0
3665,56,24,2556,112,997.67,68.19,1.0
3666,204,14,2704,408,997.61,116.78,1.0
3667,295,28,2795,590,997.53,93.26,1.0
3668,74,13,2574,148,997.47,91.21,1.0
3669,145,25,2645,290,997.45,81.31,1.0
3670,8,12,2508,16,997.44,72.11,1.0
3671,187,14,2687,374,997.38,106.46,1.0
3672,254,14,2754,508,997.33,123.21,1.0
3673,19,23,2519,38,997.31,61.38,1.0
3674,217,14,2717,434,997.3,115.53,1.0
3675,131,25,2631,262,997.29,76.13,1.0
3676,168,13,2668,336,997.26,111.26,1.0
3677,83,24,2583,166,997.25,77.54,1.0
3678,227,15,2727,454,997.25,112.69,1.0
3679,36,23,2536,72,997.17,66.02,1.0
3680,246,28,2746,492,997.12,87.42,1.0
3681,72,13,2572,144,997.11,86.15,1.0
3682,148,25,2648,296,997.09,80.02,1.0
3683,55,24,2555,110,997.08,67.11,1.0
3684,57,23,2557,114,997.08,69.12,1.0
3685,111,25,2611,222,997.04,76.38,1.0
3686,277,14,2777,554,997.03,125.18,1.0
3687,6,22,2506,12,996.98,60.8,1.0
3688,16,23,2516,32,996.9,61.63,1.0
3689,7,12,2507,14,996.87,71.95,1.0
3690,4,12,2504,8,996.85,71.28,1.0
3691,11,12,2511,22,996.82,73.85,1.0
3692,56,12,2556,112,996.79,88.48,1.0
3693,68,24,2568,136,996.75,68.08,1.0
3694,174,26,2674,348,996.71,86.3,1.0
3695,44,12,2544,88,996.68,82.03,1.0
3696,113,25,2613,226,996.64,77.41,1.0
3697,253,15,2753,506,996.56,120.04,1.0
3698,261,28,2761,522,996.56,95.95,1.0
3699,202,27,2702,404,996.55,81.19,1.0
3700,162,25,2662,324,996.5,86.4,1.0
3701,185,13,2685,370,996.49,111.8,1.0
3702,143,14,2643,286,996.47,104.43,1.0
3703,151,25,2651,302,996.33,80.66,1.0
3704,296,15,2796,592,996.24,123.28,1.0
3705,100,13,2600,200,996.21,94.76,1.0
3706,216,27,2716,432,996.21,84.27,1.0
3707,182,13,2682,364,996.16,111.72,1.0
3708,40,12,2540,80,996.14,79.93,1.0
3709,115,13,2615,230,996.14,95.3,1.0
3710,22,12,2522,44,996.13,77.84,1.0
3711,194,27,2694,388,996.13,81.42,1.0
3712,258,14,2758,516,996.12,127.06,1.0
3713,203,14,2703,406,996.11,111.97,1.0
3714,84,24,2584,168,996.09,70.78,1.0
3715,155,13,2655,310,996.04,111.41,1.0
3716,127,13,2627,254,996.03,103.61,1.0
3717,41,12,2541,82,996.0,83.49,1.0
3718,273,15,2773,546,996.0,123.75,1.0
3719,285,14,2785,570,995.94,127.06,1.0
3720,181,13,2681,362,995.9,106.16,1.0
3721,123,13,2623,246,995.87,102.8,1.0
3722,28,12,2528,56,995.84,77.96,1.0
3723,216,14,2716,432,995.84,115.43,1.0
3724,198,26,2698,396,995.83,85.93,1.0
3725,94,12,2594,188,995.81,95.02,1.0
3726,149,25,2649,298,995.81,80.56,1.0
3727,50,12,2550,100,995.65,85.03,1.0
3728,152,13,2652,304,995.59,104.18,1.0
3729,136,13,2636,272,995.55,102.24,1.0
3730,269,15,2769,538,995.55,119.17,1.0
3731,159,25,2659,318,995.51,85.94,1.0
3732,122,25,2622,244,995.48,77.33,1.0
3733,80,24,2580,160,995.42,70.57,1.0
3734,78,24,2578,156,995.41,70.39,1.0
3735,96,12,2596,192,995.4,95.13,1.0
3736,262,28,2762,524,995.3,87.98,1.0
3737,236,14,2736,472,995.2,122.71,1.0
3738,278,28,2778,556,995.16,93.67,1.0
3739,245,14,2745,490,995.14,124.04,1.0
3740,120,25,2620,240,995.13,74.91,1.0
3741,124,25,2624,248,995.13,77.58,1.0
3742,88,24,2588,176,995.11,74.64,1.0
3743,125,13,2625,250,995.08,99.93,1.0
3744,57,13,2557,114,995.03,84.77,1.0
3745,73,24,2573,146,995.03,70.67,1.0
3746,163,13,2663,326,995.02,107.64,1.0
3747,300,28,2800,600,994.98,95.53,1.0
3748,271,14,2771,542,994.94,122.81,1.0
3749,30,12,2530,60,994.93,80.52,1.0
3750,99,12,2599,198,994.89,93.98,1.0
3751,188,26,2688,376,994.8,88.3,1.0
3752,228,14,2728,456,994.78,113.3,1.0
3753,32,23,2532,64,994.75,65.69,1.0
3754,112,13,2612,224,994.75,97.52,1.0
3755,147,26,2647,294,994.68,78.21,1.0
3756,18,23,2518,36,994.62,59.51,1.0
3757,82,13,2582,164,994.62,90.28,1.0
3758,241,13,2741,482,994.61,122.53,1.0
3759,49,12,2549,98,994.6,87.4,1.0
3760,126,13,2626,252,994.58,100.02,1.0
3761,64,13,2564,128,994.54,85.1,1.0
3762,38,23,2538,76,994.53,63.7,1.0
3763,136,25,2636,272,994.53,81.38,1.0
3764,54,13,2554,108,994.52,81.97,1.0
3765,175,13,2675,350,994.52,109.68,1.0
3766,89,24,2589,178,994.48,72.04,1.0
3767,108,25,2608,216,994.47,74.82,1.0
3768,169,26,2669,338,994.45,81.89,1.0
3769,181,27,2681,362,994.43,78.84,1.0
3770,13,23,2513,26,994.42,61.04,1.0
3771,34,23,2534,68,994.35,61.87,1.0
3772,39,23,2539,78,994.29,66.79,1.0
3773,200,27,2700,400,994.22,84.62,1.0
3774,70,24,2570,140,994.16,69.07,1.0
3775,135,25,2635,270,994.14,75.13,1.0
3776,248,14,2748,496,994.03,116.51,1.0
3777,225,14,2725,450,993.97,120.19,1.0
3778,85,24,2585,170,993.96,73.12,1.0
3779,206,13,2706,412,993.95,116.96,1.0
3780,38,12,2538,76,993.92,82.37,1.0
3781,280,15,2780,560,993.87,124.28,1.0
3782,0,11,2500,0,993.78,71.08,1.0
3783,281,28,2781,562,993.77,89.4,1.0
3784,158,14,2658,316,993.74,104.99,1.0
3785,188,14,2688,376,993.72,115.25,1.0
3786,42,23,2542,84,993.71,67.31,1.0
3787,89,13,2589,178,993.69,88.83,1.0
3788,154,26,2654,308,993.69,81.75,1.0
3789,225,27,2725,450,993.69,88.5,1.0
3790,51,23,2551,102,993.68,70.54,1.0
3791,88,13,2588,176,993.67,91.08,1.0
3792,254,28,2754,508,993.54,90.58,1.0
3793,222,27,2722,444,993.51,88.14,1.0
3794,167,13,2667,334,993.48,109.67,1.0
3795,200,13,2700,400,993.42,120.66,1.0
3796,249,14,2749,498,993.42,122.61,1.0
3797,227,27,2727,454,993.38,87.55,1.0
3798,263,28,2763,526,993.38,90.67,1.0
3799,242,14,2742,484,993.35,124.71,1.0
3800,151,14,2651,302,993.28,102.49,1.0
3801,177,26,2677,354,993.27,83.08,1.0
3802,23,12,2523,46,993.15,74.69,1.0
3803,30,23,2530,60,993.12,62.66,1.0
3804,183,26,2683,366,993.06,83.79,1.0
3805,231,14,2731,462,992.96,116.08,1.0
3806,272,28,2772,544,992.87,90.27,1.0
3807,39,12,2539,78,992.83,81.92,1.0
3808,145,14,2645,290,992.79,103.33,1.0
3809,210,26,2710,420,992.79,88.91,1.0
3810,220,13,2720,440,992.79,120.25,1.0
3811,52,12,2552,104,992.77,84.22,1.0
3812,35,12,2535,70,992.74,79.61,1.0
3813,64,23,2564,128,992.64,68.57,1.0
3814,142,14,2642,284,992.59,102.05,1.0
3815,139,25,2639,278,992.55,79.13,1.0
3816,241,28,2741,482,992.53,89.89,1.0
3817,79,24,2579,158,992.52,74.05,1.0
3818,77,24,2577,154,992.45,68.79,1.0
3819,22,23,2522,44,992.42,63.58,1.0
3820,228,27,2728,456,992.41,85.61,1.0
3821,123,25,2623,246,992.4,78.94,1.0
3822,178,13,2678,356,992.36,112.36,1.0
3823,137,13,2637,274,992.29,100.97,1.0
3824,162,14,2662,324,992.28,107.82,1.0
3825,215,14,2715,430,992.24,115.85,1.0
3826,111,12,2611,222,992.18,94.99,1.0
3827,82,24,2582,164,992.16,71.61,1.0
3828,193,13,2693,386,992.11,110.88,1.0
3829,280,28,2780,560,992.1,92.52,1.0
3830,222,14,2722,444,992.08,115.85,1.0
3831,121,25,2621,242,992.05,77.25,1.0
3832,53,12,2553,106,992.04,85.35,1.0
3833,15,23,2515,30,991.95,60.25,1.0
3834,81,24,2581,162,991.95,71.67,1.0
3835,214,14,2714,428,991.92,116.05,1.0
3836,70,12,2570,140,991.88,86.89,1.0
3837,259,15,2759,518,991.87,123.05,1.0
3838,116,25,2616,232,991.81,72.13,1.0
3839,91,12,2591,182,991.76,93.14,1.0
3840,130,13,2630,260,991.76,100.18,1.0
3841,87,25,2587,174,991.63,71.14,1.0
3842,147,13,2647,294,991.59,104.44,1.0
3843,217,27,2717,434,991.57,86.49,1.0
3844,218,27,2718,436,991.56,89.41,1.0
3845,117,25,2617,234,991.53,75.49,1.0
3846,171,14,2671,342,991.49,105.08,1.0
3847,156,13,2656,312,991.44,108.44,1.0
3848,159,14,2659,318,991.42,105.67,1.0
3849,109,25,2609,218,991.33,73.85,1.0
3850,195,14,2695,390,991.31,119.56,1.0
3851,284,14,2784,568,991.29,124.1,1.0
3852,256,28,2756,512,991.26,88.24,1.0
3853,4,23,2504,8,991.24,60.77,1.0
3854,14,12,2514,28,991.22,75.06,1.0
3855,172,13,2672,344,991.17,107.61,1.0
3856,215,27,2715,430,991.11,84.96,1.0
3857,165,13,2665,330,991.1,103.51,1.0
3858,239,15,2739,478,991.09,120.57,1.0
3859,190,27,2690,380,991.01,83.61,1.0
3860,184,26,2684,368,990.99,82.69,1.0
3861,248,28,2748,496,990.98,84.45,1.0
3862,279,14,2779,558,990.97,127.93,1.0
3863,62,24,2562,124,990.96,72.53,1.0
3864,5,23,2505,10,990.92,58.5,1.0
3865,23,23,2523,46,990.88,64.32,1.0
3866,49,24,2549,98,990.87,70.54,1.0
3867,87,12,2587,174,990.85,93.41,1.0
3868,219,13,2719,438,990.84,116.24,1.0
3869,59,12,2559,118,990.79,85.39,1.0
3870,297,15,2797,594,990.72,126.51,1.0
3871,257,15,2757,514,990.63,121.5,1.0
3872,98,25,2598,196,990.6,71.65,1.0
3873,270,13,2770,540,990.55,125.49,1.0
3874,288,14,2788,576,990.55,129.31,1.0
3875,274,14,2774,548,990.49,127.72,1.0
3876,240,14,2740,480,990.44,121.83,1.0
3877,20,11,2520,40,990.43,76.69,1.0
3878,9,23,2509,18,990.39,63.35,1.0
3879,80,13,2580,160,990.37,89.85,1.0
3880,232,28,2732,464,990.35,87.49,1.0
3881,67,24,2567,134,990.31,72.33,1.0
3882,110,13,2610,220,990.31,98.99,1.0
3883,171,26,2671,342,990.19,82.9,1.0
3884,288,29,2788,576,990.15,90.59,1.0
3885,293,29,2793,586,990.13,91.2,1.0
3886,187,26,2687,374,989.99,85.97,1.0
3887,116,13,2616,232,989.96,99.88,1.0
3888,66,24,2566,132,989.93,71.25,1.0
3889,244,28,2744,488,989.93,85.82,1.0
3890,74,24,2574,148,989.9,71.55,1.0
3891,199,14,2699,398,989.9,112.77,1.0
3892,262,14,2762,524,989.9,125.57,1.0
3893,139,13,2639,278,989.89,102.51,1.0
3894,260,28,2760,520,989.87,92.15,1.0
3895,21,24,2521,42,989.84,62.37,1.0
3896,282,15,2782,564,989.76,124.03,1.0
3897,291,15,2791,582,989.63,123.53,1.0
3898,53,24,2553,106,989.62,68.43,1.0
3899,72,24,2572,144,989.52,70.09,1.0
3900,233,13,2733,466,989.52,119.31,1.0
3901,287,15,2787,574,989.52,128.99,1.0
3902,105,25,2605,210,989.43,75.4,1.0
3903,192,27,2692,384,989.42,83.43,1.0
3904,105,12,2605,210,989.37,95.25,1.0
3905,6,12,2506,12,989.25,73.5,1.0
3906,143,25,2643,286,989.25,82.99,1.0
3907,261,14,2761,522,989.17,133.46,1.0
3908,58,12,2558,116,989.15,84.98,1.0
3909,107,13,2607,214,989.11,95.16,1.0
3910,68,12,2568,136,989.09,86.8,1.0
3911,47,23,2547,94,989.07,69.96,1.0
3912,196,13,2696,392,988.98,114.34,1.0
3913,166,13,2666,332,988.97,110.94,1.0
3914,269,28,2769,538,988.95,87.44,1.0
3915,10,23,2510,20,988.87,58.82,1.0
3916,265,28,2765,530,988.87,90.52,1.0
3917,95,25,2595,190,988.84,73.96,1.0
3918,234,27,2734,468,988.83,85.87,1.0
3919,146,13,2646,292,988.74,108.81,1.0
3920,283,29,2783,566,988.74,88.72,1.0
3921,12,23,2512,24,988.73,62.45,1.0
3922,283,14,2783,566,988.71,130.28,1.0
3923,29,11,2529,58,988.62,79.74,1.0
3924,238,14,2738,476,988.51,121.16,1.0
3925,52,24,2552,104,988.42,67.19,1.0
3926,114,12,2614,228,988.38,100.17,1.0
3927,124,12,2624,248,988.26,99.43,1.0
3928,210,14,2710,420,988.25,112.24,1.0
3929,9,11,2509,18,988.21,75.78,1.0
3930,221,27,2721,442,988.16,88.86,1.0
3931,141,25,2641,282,988.09,77.37,1.0
3932,106,25,2606,212,988.05,72.19,1.0
3933,75,12,2575,150,987.99,88.24,1.0
3934,65,12,2565,130,987.96,87.52,1.0
3935,98,12,2598,196,987.96,95.12,1.0
3936,160,27,2660,320,987.93,78.98,1.0
3937,118,25,2618,236,987.83,75.99,1.0
3938,245,28,2745,490,987.76,87.13,1.0
3939,119,25,2619,238,987.75,77.66,1.0
3940,213,13,2713,426,987.73,122.04,1.0
3941,221,14,2721,442,987.7,121.22,1.0
3942,19,11,2519,38,987.69,75.55,1.0
3943,160,12,2660,320,987.63,110.36,1.0
3944,205,13,2705,410,987.49,113.27,1.0
3945,207,14,2707,414,987.47,117.43,1.0
3946,79,12,2579,158,987.46,96.44,1.0
3947,208,14,2708,416,987.44,114.8,1.0
3948,152,26,2652,304,987.4,76.71,1.0
3949,193,27,2693,386,987.34,83.42,1.0
3950,243,14,2743,486,987.32,120.1,1.0
3951,250,28,2750,500,987.28,92.02,1.0
3952,251,14,2751,502,987.17,123.18,1.0
3953,63,12,2563,126,987.16,86.66,1.0
3954,97,12,2597,194,987.15,97.22,1.0
3955,69,12,2569,138,987.14,89.72,1.0
3956,101,12,2601,202,987.14,95.98,1.0
3957,229,28,2729,458,987.11,86.51,1.0
3958,197,27,2697,394,987.08,87.02,1.0
3959,134,12,2634,268,987.04,109.01,1.0
3960,233,28,2733,466,987.02,87.47,1.0
3961,201,14,2701,402,986.94,111.65,1.0
3962,166,26,2666,332,986.86,81.83,1.0
3963,153,13,2653,306,986.8,105.63,1.0
3964,77,12,2577,154,986.77,88.18,1.0
3965,58,24,2558,116,986.7,67.56,1.0
3966,66,12,2566,132,986.68,89.45,1.0
3967,0,23,2500,0,986.67,59.83,1.0
3968,153,26,2653,306,986.66,80.61,1.0
3969,149,13,2649,298,986.64,104.84,1.0
3970,46,12,2546,92,986.52,81.66,1.0
3971,63,24,2563,126,986.51,70.25,1.0
3972,282,28,2782,564,986.48,92.14,1.0
3973,107,25,2607,214,986.42,72.49,1.0
3974,182,27,2682,364,986.4,80.75,1.0
3975,185,27,2685,370,986.29,83.22,1.0
3976,93,24,2593,186,986.28,76.91,1.0
3977,209,28,2709,418,986.27,85.22,1.0
3978,14,23,2514,28,986.26,61.52,1.0
3979,238,28,2738,476,986.26,85.39,1.0
3980,84,12,2584,168,986.24,92.11,1.0
3981,291,29,2791,582,986.21,90.69,1.0
3982,148,13,2648,296,986.19,107.88,1.0
3983,235,14,2735,470,986.13,124.24,1.0
3984,117,12,2617,234,986.05,97.79,1.0
3985,102,25,2602,204,985.94,73.7,1.0
3986,43,24,2543,86,985.88,65.56,1.0
3987,224,28,2724,448,985.85,85.35,1.0
3988,141,13,2641,282,985.77,102.47,1.0
3989,236,28,2736,472,985.74,89.25,1.0
3990,247,14,2747,494,985.73,124.36,1.0
3991,69,24,2569,138,985.69,70.89,1.0
3992,292,14,2792,584,985.69,127.45,1.0
3993,7,23,2507,14,985.67,60.43,1.0
3994,158,26,2658,316,985.62,80.14,1.0
3995,17,11,2517,34,985.61,75.98,1.0
3996,247,28,2747,494,985.6,91.22,1.0
3997,42,12,2542,84,985.59,83.72,1.0
3998,13,11,2513,26,985.59,72.87,1.0
3999,76,12,2576,152,985.56,88.25,1.0
4000,45,12,2545,90,985.55,82.54,1.0
4001,243,28,2743,486,985.52,84.87,1.0
4002,83,12,2583,166,985.48,96.56,1.0
4003,295,15,2795,590,985.46,125.65,1.0
4004,276,29,2776,552,985.44,91.6,1.0
4005,16,11,2516,32,985.42,78.21,1.0
4006,99,25,2599,198,985.4,71.72,1.0
4007,256,14,2756,512,985.36,127.97,1.0
4008,3,11,2503,6,985.32,74.11,1.0
4009,127,26,2627,254,985.31,76.52,1.0
4010,189,27,2689,378,985.31,81.64,1.0
4011,2,23,2502,4,985.27,59.89,1.0
4012,40,24,2540,80,985.17,66.93,1.0
4013,73,12,2573,146,985.16,88.32,1.0
4014,118,13,2618,236,985.16,100.08,1.0
4015,176,13,2676,352,985.11,113.62,1.0
4016,211,27,2711,422,985.04,86.78,1.0
4017,252,28,2752,504,985.04,92.1,1.0
4018,59,24,2559,118,985.01,68.85,1.0
4019,104,12,2604,208,984.96,99.58,1.0
4020,21,11,2521,42,984.93,77.68,1.0
4021,3,23,2503,6,984.92,61.2,1.0
4022,214,27,2714,428,984.83,83.82,1.0
4023,81,12,2581,162,984.69,92.06,1.0
4024,61,24,2561,122,984.68,68.55,1.0
4025,120,12,2620,240,984.67,99.23,1.0
4026,232,13,2732,464,984.67,121.44,1.0
4027,62,12,2562,124,984.66,88.49,1.0
4028,199,27,2699,398,984.64,82.45,1.0
4029,175,27,2675,350,984.52,79.73,1.0
4030,102,12,2602,204,984.45,94.1,1.0
4031,271,29,2771,542,984.45,85.74,1.0
4032,263,14,2763,526,984.41,124.16,1.0
4033,268,29,2768,536,984.37,86.42,1.0
4034,95,12,2595,190,984.22,96.7,1.0
4035,100,25,2600,200,984.22,71.82,1.0
4036,266,13,2766,532,984.19,124.74,1.0
4037,281,14,2781,562,984.17,125.73,1.0
4038,230,28,2730,460,984.13,84.9,1.0
4039,208,27,2708,416,984.08,87.3,1.0
4040,157,26,2657,314,984.06,80.51,1.0
4041,298,13,2798,596,984.06,135.98,1.0
4042,268,13,2768,536,983.98,127.13,1.0
4043,191,27,2691,382,983.94,79.87,1.0
4044,135,13,2635,270,983.84,100.59,1.0
4045,92,12,2592,184,983.83,92.57,1.0
4046,11,23,2511,22,983.79,61.65,1.0
4047,290,15,2790,580,983.77,127.45,1.0
4048,131,13,2631,262,983.76,99.41,1.0
4049,294,29,2794,588,983.75,90.62,1.0
4050,50,24,2550,100,983.73,69.11,1.0
4051,186,27,2686,372,983.71,84.33,1.0
4052,277,29,2777,554,983.71,88.73,1.0
4053,240,28,2740,480,983.67,85.24,1.0
4054,15,11,2515,30,983.65,74.85,1.0
4055,71,25,2571,142,983.55,67.67,1.0
4056,191,13,2691,382,983.53,112.97,1.0
4057,94,25,2594,188,983.52,73.51,1.0
4058,27,24,2527,54,983.51,64.86,1.0
4059,279,29,2779,558,983.49,90.98,1.0
4060,198,14,2698,396,983.41,110.86,1.0
4061,255,14,2755,510,983.38,123.16,1.0
4062,289,15,2789,578,983.36,126.4,1.0
4063,183,13,2683,366,983.34,110.49,1.0
4064,294,14,2794,588,983.21,127.0,1.0
4065,113,12,2613,226,983.2,104.17,1.0
4066,286,29,2786,572,983.09,90.94,1.0
4067,165,27,2665,330,983.08,76.1,1.0
4068,46,24,2546,92,983.05,67.01,1.0
4069,97,25,2597,194,982.99,75.05,1.0
4070,192,13,2692,384,982.97,114.07,1.0
4071,54,24,2554,108,982.92,66.07,1.0
4072,264,28,2764,528,982.91,93.37,1.0
4073,173,13,2673,346,982.86,109.38,1.0
4074,289,29,2789,578,982.84,90.92,1.0
4075,140,26,2640,280,982.8,78.75,1.0
4076,65,24,2565,130,982.75,68.59,1.0
4077,90,12,2590,180,982.7,93.95,1.0
4078,267,13,2767,534,982.62,132.77,1.0
4079,72,12,2572,144,982.59,87.49,1.0
4080,64,12,2564,128,982.58,86.83,1.0
4081,204,27,2704,408,982.51,87.96,1.0
4082,104,25,2604,208,982.41,75.05,1.0
4083,174,13,2674,348,982.35,111.35,1.0
4084,156,26,2656,312,982.34,85.26,1.0
4085,275,29,2775,550,982.34,91.66,1.0
4086,270,29,2770,540,982.31,89.11,1.0
4087,10,11,2510,20,982.29,72.55,1.0
4088,170,27,2670,340,982.25,80.26,1.0
4089,31,24,2531,62,982.24,64.68,1.0
4090,121,12,2621,242,982.22,100.44,1.0
4091,144,26,2644,288,982.14,78.47,1.0
4092,37,11,2537,74,982.11,83.53,1.0
4093,150,13,2650,300,982.08,102.36,1.0
4094,226,28,2726,452,982.07,86.19,1.0
4095,259,28,2759,518,982.06,90.29,1.0
4096,129,12,2629,258,982.04,103.62,1.0
4097,55,11,2555,110,982.01,85.16,1.0
4098,61,12,2561,122,982.0,89.96,1.0
4099,267,29,2767,534,981.99,87.71,1.0
4100,4,11,2504,8,981.97,72.5,1.0
4101,161,27,2661,322,981.97,78.52,1.0
4102,43,11,2543,86,981.93,83.51,1.0
4103,296,29,2796,592,981.92,87.32,1.0
4104,299,14,2799,598,981.84,131.23,1.0
4105,71,11,2571,142,981.83,88.64,1.0
4106,24,11,2524,48,981.8,79.36,1.0
4107,60,12,2560,120,981.79,89.98,1.0
4108,126,26,2626,252,981.76,76.41,1.0
4109,292,29,2792,584,981.73,92.01,1.0
4110,179,27,2679,358,981.64,80.11,1.0
4111,132,26,2632,264,981.57,79.23,1.0
4112,285,29,2785,570,981.52,87.9,1.0
4113,190,13,2690,380,981.46,114.88,1.0
4114,212,28,2712,424,981.43,83.23,1.0
4115,76,25,2576,152,981.41,67.59,1.0
4116,251,28,2751,502,981.37,89.38,1.0
4117,201,27,2701,402,981.37,86.16,1.0
4118,159,26,2659,318,981.29,82.61,1.0
4119,32,11,2532,64,981.25,80.11,1.0
4120,91,25,2591,182,981.25,70.86,1.0
4121,67,12,2567,134,981.25,88.54,1.0
4122,48,24,2548,96,981.24,67.49,1.0
4123,129,26,2629,258,981.23,77.51,1.0
4124,180,26,2680,360,981.21,78.93,1.0
4125,155,26,2655,310,981.18,81.78,1.0
4126,265,14,2765,530,981.18,125.44,1.0
4127,106,12,2606,212,981.17,96.61,1.0
4128,90,25,2590,180,981.13,70.17,1.0
4129,24,24,2524,48,981.12,63.01,1.0
4130,103,25,2603,206,981.12,74.73,1.0
4131,18,11,2518,36,981.04,73.18,1.0
4132,109,12,2609,218,981.04,99.25,1.0
4133,7,11,2507,14,980.99,74.48,1.0
4134,300,14,2800,600,980.98,134.07,1.0
4135,54,12,2554,108,980.83,84.42,1.0
4136,274,29,2774,548,980.81,87.64,1.0
4137,133,26,2633,266,980.75,76.95,1.0
4138,176,27,2676,352,980.66,81.26,1.0
4139,257,28,2757,514,980.66,91.51,1.0
4140,8,23,2508,16,980.62,59.73,1.0
4141,273,28,2773,546,980.54,89.82,1.0
4142,218,13,2718,436,980.51,118.19,1.0
4143,57,24,2557,114,980.5,66.81,1.0
4144,85,12,2585,170,980.5,94.34,1.0
4145,2,11,2502,4,980.49,70.21,1.0
4146,195,27,2695,390,980.48,86.05,1.0
4147,242,28,2742,484,980.48,90.45,1.0
4148,286,14,2786,572,980.47,129.1,1.0
4149,86,12,2586,172,980.41,94.9,1.0
4150,48,12,2548,96,980.25,81.66,1.0
4151,44,24,2544,88,980.24,66.52,1.0
4152,33,11,2533,66,980.18,81.06,1.0
4153,258,29,2758,516,980.06,90.84,1.0
4154,197,13,2697,394,980.04,120.13,1.0
4155,266,29,2766,532,980.04,88.58,1.0
4156,271,13,2771,542,980.03,126.78,1.0
4157,189,13,2689,378,979.93,115.13,1.0
4158,170,12,2670,340,979.86,108.7,1.0
4159,33,24,2533,66,979.85,65.54,1.0
4160,260,14,2760,520,979.84,133.38,1.0
4161,137,26,2637,274,979.82,75.61,1.0
4162,125,26,2625,250,979.8,76.35,1.0
4163,237,28,2737,474,979.8,84.19,1.0
4164,186,13,2686,372,979.73,115.96,1.0
4165,219,28,2719,438,979.72,83.96,1.0
4166,134,26,2634,268,979.66,80.56,1.0
4167,41,24,2541,82,979.61,66.09,1.0
4168,128,12,2628,256,979.61,103.14,1.0
4169,115,25,2615,230,979.59,72.45,1.0
4170,253,28,2753,506,979.55,89.8,1.0
4171,6,23,2506,12,979.54,62.0,1.0
4172,135,26,2635,270,979.54,74.08,1.0
4173,37,24,2537,74,979.53,65.47,1.0
4174,211,13,2711,422,979.45,116.21,1.0
4175,253,14,2753,506,979.44,123.23,1.0
4176,230,13,2730,460,979.43,118.82,1.0
4177,157,13,2657,314,979.39,106.55,1.0
4178,110,25,2610,220,979.38,77.63,1.0
4179,184,13,2684,368,979.38,110.96,1.0
4180,167,27,2667,334,979.36,79.14,1.0
4181,272,14,2772,544,979.36,129.37,1.0
4182,74,12,2574,148,979.34,92.68,1.0
4183,86,25,2586,172,979.3,72.79,1.0
4184,78,12,2578,156,979.23,91.43,1.0
4185,101,26,2601,202,979.2,71.78,1.0
4186,133,12,2633,266,979.2,104.36,1.0
4187,108,12,2608,216,979.16,97.57,1.0
4188,144,12,2644,288,979.11,105.59,1.0
4189,278,29,2778,556,979.1,90.12,1.0
4190,290,29,2790,580,979.07,89.39,1.0
4191,184,27,2684,368,979.05,79.96,1.0
4192,235,28,2735,470,978.97,87.41,1.0
4193,202,13,2702,404,978.95,114.38,1.0
4194,164,27,2664,328,978.94,79.74,1.0
4195,140,12,2640,280,978.91,108.86,1.0
4196,25,11,2525,50,978.86,81.56,1.0
4197,178,27,2678,356,978.84,83.88,1.0
4198,142,26,2642,284,978.79,78.44,1.0
4199,287,29,2787,574,978.79,91.99,1.0
4200,47,12,2547,94,978.71,82.43,1.0
4201,29,24,2529,58,978.64,65.36,1.0
4202,112,12,2612,224,978.58,100.21,1.0
4203,287,14,2787,574,978.48,130.08,1.0
4204,12,11,2512,24,978.39,74.93,1.0
4205,173,27,2673,346,978.39,76.98,1.0
4206,299,29,2799,598,978.38,97.88,1.0
4207,194,12,2694,388,978.34,114.47,1.0
4208,276,13,2776,552,978.31,126.61,1.0
4209,138,26,2638,276,978.05,77.77,1.0
4210,161,12,2661,322,978.04,108.4,1.0
4211,206,28,2706,412,978.03,82.79,1.0
4212,245,13,2745,490,977.98,122.95,1.0
4213,36,11,2536,72,977.97,81.17,1.0
4214,212,12,2712,424,977.91,117.11,1.0
4215,132,12,2632,264,977.89,105.37,1.0
4216,264,13,2764,528,977.88,130.49,1.0
4217,28,24,2528,56,977.76,64.86,1.0
4218,16,24,2516,32,977.73,61.24,1.0
4219,146,26,2646,292,977.73,81.6,1.0
4220,278,14,2778,556,977.72,128.22,1.0
4221,126,12,2626,252,977.61,102.93,1.0
4222,177,13,2677,354,977.61,113.82,1.0
4223,269,14,2769,538,977.61,122.59,1.0
4224,56,11,2556,112,977.59,88.84,1.0
4225,131,26,2631,262,977.5,75.37,1.0
4226,223,28,2723,446,977.44,84.31,1.0
4227,26,24,2526,52,977.27,64.5,1.0
4228,114,26,2614,228,977.21,72.84,1.0
4229,227,14,2727,454,977.21,115.58,1.0
4230,83,25,2583,166,977.2,75.38,1.0
4231,30,24,2530,60,977.19,63.36,1.0
4232,38,24,2538,76,977.19,63.39,1.0
4233,92,25,2592,184,977.19,72.87,1.0
4234,220,28,2720,440,977.19,86.52,1.0
4235,246,13,2746,492,977.13,125.78,1.0
4236,122,26,2622,244,977.12,74.64,1.0
4237,187,13,2687,374,977.09,108.14,1.0
4238,198,27,2698,396,977.08,84.24,1.0
4239,103,12,2603,206,977.04,98.3,1.0
4240,154,12,2654,308,976.99,108.75,1.0
4241,113,26,2613,226,976.98,77.27,1.0
4242,36,24,2536,72,976.97,65.73,1.0
4243,44,11,2544,88,976.94,83.33,1.0
4244,26,11,2526,52,976.92,80.72,1.0
4245,213,28,2713,426,976.92,84.94,1.0
4246,293,13,2793,586,976.83,131.73,1.0
4247,5,11,2505,10,976.77,71.35,1.0
4248,162,26,2662,324,976.7,85.04,1.0
4249,112,26,2612,224,976.61,74.75,1.0
4250,172,27,2672,344,976.5,81.44,1.0
4251,296,14,2796,592,976.5,127.29,1.0
4252,297,29,2797,594,976.46,88.98,1.0
4253,255,28,2755,510,976.45,90.21,1.0
4254,295,29,2795,590,976.42,90.67,1.0
4255,152,12,2652,304,976.36,106.57,1.0
4256,27,10,2527,54,976.34,81.97,1.0
4257,151,13,2651,302,976.28,103.48,1.0
4258,162,13,2662,324,976.28,109.64,1.0
4259,14,11,2514,28,976.27,75.69,1.0
4260,151,26,2651,302,976.27,79.99,1.0
4261,180,13,2680,360,976.26,107.62,1.0
4262,60,24,2560,120,976.13,72.38,1.0
4263,30,11,2530,60,976.01,82.07,1.0
4264,100,12,2600,200,975.92,96.38,1.0
4265,234,14,2734,468,975.9,115.91,1.0
4266,158,13,2658,316,975.89,109.86,1.0
4267,145,13,2645,290,975.82,106.96,1.0
4268,229,13,2729,458,975.79,120.49,1.0
4269,145,26,2645,290,975.73,82.0,1.0
4270,34,11,2534,68,975.7,79.35,1.0
4271,239,28,2739,478,975.7,88.75,1.0
4272,51,24,2551,102,975.69,70.65,1.0
4273,70,25,2570,140,975.69,68.6,1.0
4274,231,28,2731,462,975.66,85.83,1.0
4275,164,12,2664,328,975.63,113.35,1.0
4276,17,24,2517,34,975.62,61.61,1.0
4277,84,25,2584,168,975.6,70.08,1.0
4278,11,11,2511,22,975.58,75.04,1.0
4279,128,26,2628,256,975.52,79.25,1.0
4280,154,27,2654,308,975.39,80.62,1.0
4281,122,12,2622,244,975.3,102.31,1.0
4282,167,12,2667,334,975.12,110.99,1.0
4283,136,12,2636,272,975.12,107.17,1.0
4284,226,13,2726,452,975.07,121.41,1.0
4285,57,12,2557,114,975.06,85.36,1.0
4286,209,12,2709,418,975.05,120.36,1.0
4287,168,27,2668,336,975.03,82.01,1.0
4288,19,24,2519,38,974.94,62.38,1.0
4289,249,29,2749,498,974.93,87.63,1.0
4290,148,26,2648,296,974.92,80.11,1.0
4291,56,25,2556,112,974.89,69.43,1.0
4292,196,12,2696,392,974.79,116.82,1.0
4293,150,26,2650,300,974.76,79.12,1.0
4294,123,12,2623,246,974.75,104.83,1.0
4295,40,11,2540,80,974.72,79.89,1.0
4296,216,13,2716,432,974.72,117.26,1.0
4297,205,28,2705,410,974.7,81.64,1.0
4298,210,27,2710,420,974.69,87.0,1.0
4299,258,13,2758,516,974.65,128.28,1.0
4300,185,12,2685,370,974.62,114.98,1.0
4301,284,29,2784,568,974.62,90.41,1.0
4302,34,24,2534,68,974.54,61.61,1.0
4303,28,11,2528,56,974.53,78.82,1.0
4304,68,25,2568,136,974.5,70.54,1.0
4305,99,11,2599,198,974.44,95.63,1.0
4306,20,24,2520,40,974.36,63.05,1.0
4307,130,26,2630,260,974.28,76.85,1.0
4308,79,25,2579,158,974.24,72.75,1.0
4309,31,11,2531,62,974.23,79.02,1.0
4310,273,14,2773,546,974.23,126.64,1.0
4311,300,29,2800,600,974.22,95.06,1.0
4312,163,27,2663,326,974.17,77.84,1.0
4313,127,12,2627,254,974.07,104.52,1.0
4314,204,13,2704,408,973.94,117.75,1.0
4315,55,25,2555,110,973.92,66.57,1.0
4316,50,11,2550,100,973.86,87.44,1.0
4317,78,25,2578,156,973.83,71.85,1.0
4318,93,12,2593,186,973.75,95.98,1.0
4319,96,26,2596,192,973.73,71.88,1.0
4320,13,24,2513,26,973.71,61.67,1.0
4321,18,24,2518,36,973.58,59.79,1.0
4322,281,29,2781,562,973.57,88.14,1.0
4323,8,11,2508,16,973.52,74.59,1.0
4324,169,12,2669,338,973.52,110.38,1.0
4325,125,12,2625,250,973.48,101.48,1.0
4326,262,29,2762,524,973.48,86.37,1.0
4327,51,11,2551,102,973.45,87.2,1.0
4328,252,13,2752,504,973.38,126.42,1.0
4329,119,12,2619,238,973.37,103.17,1.0
4330,261,13,2761,522,973.3,135.8,1.0
4331,203,27,2703,406,973.27,86.04,1.0
4332,171,13,2671,342,973.26,109.8,1.0
4333,25,24,2525,50,973.25,65.56,1.0
4334,130,12,2630,260,973.21,101.75,1.0
4335,88,12,2588,176,973.1,93.87,1.0
4336,82,25,2582,164,973.08,71.91,1.0
4337,22,11,2522,44,973.05,79.98,1.0
4338,6,11,2506,12,973.02,74.01,1.0
4339,138,13,2638,276,973.02,104.58,1.0
4340,45,24,2545,90,972.98,65.03,1.0
4341,111,26,2611,222,972.97,74.66,1.0
4342,75,25,2575,150,972.92,69.94,1.0
4343,237,13,2737,474,972.89,120.39,1.0
4344,1,24,2501,2,972.86,58.85,1.0
4345,85,25,2585,170,972.84,73.02,1.0
4346,203,13,2703,406,972.83,114.51,1.0
4347,240,13,2740,480,972.8,123.95,1.0
4348,168,12,2668,336,972.75,111.58,1.0
4349,218,28,2718,436,972.7,85.34,1.0
4350,200,28,2700,400,972.69,84.6,1.0
4351,73,25,2573,146,972.67,71.18,1.0
4352,35,24,2535,70,972.65,63.86,1.0
4353,159,13,2659,318,972.61,108.64,1.0
4354,22,24,2522,44,972.59,64.88,1.0
4355,298,40,2798,596,972.46,95.07,1.0
4356,249,13,2749,498,972.43,125.0,1.0
4357,23,11,2523,46,972.39,76.76,1.0
4358,12,24,2512,24,972.38,62.3,1.0
4359,89,25,2589,178,972.38,71.06,1.0
4360,149,26,2649,298,972.33,82.3,1.0
4361,155,12,2655,310,972.31,111.74,1.0
4362,1,10,2501,2,972.22,71.6,1.0
4363,231,13,2731,462,972.21,120.29,1.0
4364,202,28,2702,404,972.21,80.65,1.0
4365,272,29,2772,544,972.17,89.42,1.0
4366,137,12,2637,274,972.16,103.63,1.0
4367,196,28,2696,392,972.08,79.71,1.0
4368,89,12,2589,178,972.04,93.24,1.0
4369,298,37,2798,596,972.03,93.66,1.0
4370,207,28,2707,414,971.96,84.02,1.0
4371,225,28,2725,450,971.95,87.95,1.0
4372,254,29,2754,508,971.93,87.09,1.0
4373,298,38,2798,596,971.91,94.08,1.0
4374,298,31,2798,596,971.86,93.65,1.0
4375,181,12,2681,362,971.8,108.85,1.0
4376,177,27,2677,354,971.79,80.35,1.0
4377,110,12,2610,220,971.78,100.62,1.0
4378,121,26,2621,242,971.71,76.15,1.0
4379,265,29,2765,530,971.69,90.45,1.0
4380,298,35,2798,596,971.69,93.45,1.0
4381,136,26,2636,272,971.63,79.35,1.0
4382,244,13,2744,488,971.63,125.33,1.0
4383,82,12,2582,164,971.58,92.96,1.0
4384,298,42,2798,596,971.5,93.54,1.0
4385,298,43,2798,596,971.5,93.89,1.0
4386,81,25,2581,162,971.48,72.57,1.0
4387,143,26,2643,286,971.45,81.4,1.0
4388,298,41,2798,596,971.39,93.68,1.0
4389,298,34,2798,596,971.36,94.91,1.0
4390,139,26,2639,278,971.34,78.73,1.0
4391,163,12,2663,326,971.34,109.29,1.0
4392,269,29,2769,538,971.31,85.03,1.0
4393,298,33,2798,596,971.26,94.46,1.0
4394,298,36,2798,596,971.26,93.59,1.0
4395,298,44,2798,596,971.2,94.85,1.0
4396,298,30,2798,596,971.18,94.0,1.0
4397,47,24,2547,94,971.14,68.09,1.0
4398,64,24,2564,128,971.12,69.13,1.0
4399,124,26,2624,248,971.12,76.48,1.0
4400,246,29,2746,492,971.12,86.69,1.0
4401,80,12,2580,160,971.1,91.78,1.0
4402,38,11,2538,76,971.07,83.7,1.0
4403,143,13,2643,286,971.0,106.43,1.0
4404,49,11,2549,98,970.98,88.63,1.0
4405,62,25,2562,124,970.98,72.1,1.0
4406,70,11,2570,140,970.96,88.81,1.0
4407,59,11,2559,118,970.91,87.03,1.0
4408,108,26,2608,216,970.89,74.2,1.0
4409,174,27,2674,348,970.85,84.28,1.0
4410,298,32,2798,596,970.78,94.01,1.0
4411,236,13,2736,472,970.74,123.62,1.0
4412,101,11,2601,202,970.73,96.47,1.0
4413,280,14,2780,560,970.62,127.28,1.0
4414,215,13,2715,430,970.57,119.23,1.0
4415,42,24,2542,84,970.51,67.13,1.0
4416,35,11,2535,70,970.5,81.76,1.0
4417,139,12,2639,278,970.47,103.67,1.0
4418,298,39,2798,596,970.47,94.01,1.0
4419,175,12,2675,350,970.46,112.16,1.0
4420,279,13,2779,558,970.43,131.14,1.0
4421,228,13,2728,456,970.42,117.52,1.0
4422,250,13,2750,500,970.38,124.72,1.0
4423,183,27,2683,366,970.14,82.83,1.0
4424,0,10,2500,0,970.13,71.56,1.0
4425,224,12,2724,448,970.03,120.4,1.0
4426,291,14,2791,582,969.97,126.45,1.0
4427,15,24,2515,30,969.95,61.25,1.0
4428,225,13,2725,450,969.82,124.01,1.0
4429,282,14,2782,564,969.75,125.91,1.0
4430,119,26,2619,238,969.7,76.12,1.0
4431,74,25,2574,148,969.69,70.92,1.0
4432,120,26,2620,240,969.61,75.27,1.0
4433,187,27,2687,374,969.61,83.29,1.0
4434,169,27,2669,338,969.57,81.55,1.0
4435,72,25,2572,144,969.52,69.47,1.0
4436,77,25,2577,154,969.52,69.36,1.0
4437,39,11,2539,78,969.44,84.23,1.0
4438,39,24,2539,78,969.43,66.08,1.0
4439,88,25,2588,176,969.42,74.3,1.0
4440,297,14,2797,594,969.41,125.75,1.0
4441,188,13,2688,376,969.39,118.35,1.0
4442,53,11,2553,106,969.37,87.57,1.0
4443,107,12,2607,214,969.31,98.46,1.0
4444,261,29,2761,522,969.26,93.83,1.0
4445,288,13,2788,576,969.16,131.95,1.0
4446,194,28,2694,388,969.11,81.1,1.0
4447,280,29,2780,560,969.06,91.01,1.0
4448,257,14,2757,514,969.04,123.14,1.0
4449,228,28,2728,456,968.98,82.79,1.0
4450,208,13,2708,416,968.95,119.58,1.0
4451,275,13,2775,550,968.93,131.46,1.0
4452,116,26,2616,232,968.91,72.12,1.0
4453,32,24,2532,64,968.88,65.91,1.0
4454,262,13,2762,524,968.88,128.29,1.0
4455,94,11,2594,188,968.84,96.2,1.0
4456,248,29,2748,496,968.78,82.64,1.0
4457,66,25,2566,132,968.72,71.46,1.0
4458,165,12,2665,330,968.7,107.94,1.0
4459,80,25,2580,160,968.64,72.21,1.0
4460,118,26,2618,236,968.64,74.02,1.0
4461,182,12,2682,364,968.63,115.82,1.0
4462,142,13,2642,284,968.62,103.49,1.0
4463,227,28,2727,454,968.59,86.39,1.0
4464,242,13,2742,484,968.53,127.68,1.0
4465,282,29,2782,564,968.52,89.67,1.0
4466,116,12,2616,232,968.51,101.87,1.0
4467,222,28,2722,444,968.5,87.24,1.0
4468,115,12,2615,230,968.45,99.32,1.0
4469,147,12,2647,294,968.45,106.31,1.0
4470,58,11,2558,116,968.38,86.25,1.0
4471,239,14,2739,478,968.38,121.75,1.0
4472,45,11,2545,90,968.31,83.07,1.0
4473,152,27,2652,304,968.3,76.66,1.0
4474,210,13,2710,420,968.26,114.16,1.0
4475,49,25,2549,98,968.18,68.79,1.0
4476,171,27,2671,342,968.17,81.74,1.0
4477,195,13,2695,390,968.08,121.26,1.0
4478,260,29,2760,520,968.08,91.36,1.0
4479,248,13,2748,496,967.93,120.42,1.0
4480,98,26,2598,196,967.92,69.87,1.0
4481,75,11,2575,150,967.89,90.65,1.0
4482,93,25,2593,186,967.84,76.87,1.0
4483,41,11,2541,82,967.8,84.35,1.0
4484,5,24,2505,10,967.78,60.08,1.0
4485,141,26,2641,282,967.74,76.95,1.0
4486,207,13,2707,414,967.71,119.26,1.0
4487,220,12,2720,440,967.69,122.1,1.0
4488,52,11,2552,104,967.56,86.61,1.0
4489,256,13,2756,512,967.54,127.93,1.0
4490,123,26,2623,246,967.49,78.67,1.0
4491,234,28,2734,468,967.39,83.91,1.0
4492,221,28,2721,442,967.39,89.01,1.0
4493,69,25,2569,138,967.35,69.58,1.0
4494,201,13,2701,402,967.27,114.31,1.0
4495,254,13,2754,508,967.24,126.47,1.0
4496,256,29,2756,512,967.24,87.17,1.0
4497,285,13,2785,570,967.16,130.22,1.0
4498,216,28,2716,432,967.14,83.9,1.0
4499,156,12,2656,312,967.11,111.19,1.0
4500,223,12,2723,446,967.1,118.0,1.0
4501,91,11,2591,182,967.08,94.28,1.0
4502,192,28,2692,384,967.07,80.33,1.0
4503,153,27,2653,306,967.05,77.96,1.0
4504,52,25,2552,104,967.0,68.41,1.0
4505,238,13,2738,476,967.0,123.74,1.0
4506,46,11,2546,92,966.92,83.35,1.0
4507,215,28,2715,430,966.88,84.95,1.0
4508,66,11,2566,132,966.82,90.79,1.0
4509,147,27,2647,294,966.82,76.05,1.0
4510,217,13,2717,434,966.65,117.45,1.0
4511,172,12,2672,344,966.59,111.66,1.0
4512,265,13,2765,530,966.59,127.34,1.0
4513,198,13,2698,396,966.56,113.43,1.0
4514,10,24,2510,20,966.54,58.78,1.0
4515,95,11,2595,190,966.41,97.3,1.0
4516,117,26,2617,234,966.39,75.24,1.0
4517,214,28,2714,428,966.39,84.23,1.0
4518,109,26,2609,218,966.36,74.17,1.0
4519,23,24,2523,46,966.29,62.37,1.0
4520,293,38,2793,586,966.24,89.85,1.0
4521,181,28,2681,362,966.17,78.37,1.0
4522,179,12,2679,358,966.17,113.66,1.0
4523,293,32,2793,586,966.15,90.07,1.0
4524,293,31,2793,586,966.14,89.32,1.0
4525,293,39,2793,586,966.04,89.72,1.0
4526,105,26,2605,210,965.98,74.72,1.0
4527,293,30,2793,586,965.95,89.19,1.0
4528,243,13,2743,486,965.94,121.79,1.0
4529,293,42,2793,586,965.91,89.91,1.0
4530,217,28,2717,434,965.85,85.19,1.0
4531,63,11,2563,126,965.84,89.38,1.0
4532,263,29,2763,526,965.83,90.55,1.0
4533,252,29,2752,504,965.8,88.85,1.0
4534,183,12,2683,366,965.72,112.19,1.0
4535,293,43,2793,586,965.69,89.9,1.0
4536,87,26,2587,174,965.68,70.34,1.0
4537,293,44,2793,586,965.6,88.83,1.0
4538,293,36,2793,586,965.57,89.48,1.0
4539,293,37,2793,586,965.5,89.47,1.0
4540,111,11,2611,222,965.46,97.56,1.0
4541,11,24,2511,22,965.45,59.18,1.0
4542,293,34,2793,586,965.43,90.13,1.0
4543,293,41,2793,586,965.42,89.51,1.0
4544,84,11,2584,168,965.41,94.05,1.0
4545,107,26,2607,214,965.4,71.26,1.0
4546,68,11,2568,136,965.37,89.75,1.0
4547,146,12,2646,292,965.36,110.87,1.0
4548,283,32,2783,566,965.33,87.6,1.0
4549,19,10,2519,38,965.3,76.64,1.0
4550,16,10,2516,32,965.29,78.19,1.0
4551,43,25,2543,86,965.29,66.51,1.0
4552,4,24,2504,8,965.29,60.67,1.0
4553,58,25,2558,116,965.28,67.25,1.0
4554,293,33,2793,586,965.28,89.22,1.0
4555,206,12,2706,412,965.25,117.98,1.0
4556,135,12,2635,270,965.24,102.76,1.0
4557,59,25,2559,118,965.22,68.3,1.0
4558,214,13,2714,428,965.17,118.62,1.0
4559,293,35,2793,586,965.17,89.16,1.0
4560,153,12,2653,306,965.08,108.08,1.0
4561,96,11,2596,192,965.06,98.47,1.0
4562,292,13,2792,584,965.04,132.94,1.0
4563,247,13,2747,494,964.91,127.1,1.0
4564,104,11,2604,208,964.85,100.64,1.0
4565,60,11,2560,120,964.77,92.72,1.0
4566,283,39,2783,566,964.73,86.46,1.0
4567,283,43,2783,566,964.69,87.17,1.0
4568,3,10,2503,6,964.58,75.34,1.0
4569,62,11,2562,124,964.54,89.79,1.0
4570,42,11,2542,84,964.49,85.06,1.0
4571,293,40,2793,586,964.46,89.36,1.0
4572,73,11,2573,146,964.45,90.53,1.0
4573,188,27,2688,376,964.42,86.7,1.0
4574,283,33,2783,566,964.38,88.04,1.0
4575,9,24,2509,18,964.33,64.03,1.0
4576,283,34,2783,566,964.28,87.45,1.0
4577,283,37,2783,566,964.25,87.72,1.0
4578,81,11,2581,162,964.24,94.26,1.0
4579,283,40,2783,566,964.24,87.21,1.0
4580,289,14,2789,578,964.15,127.51,1.0
4581,87,11,2587,174,964.06,94.95,1.0
4582,148,12,2648,296,964.05,109.15,1.0
4583,283,44,2783,566,964.05,87.07,1.0
4584,283,42,2783,566,964.01,87.22,1.0
4585,283,38,2783,566,964.0,87.24,1.0
4586,7,24,2507,14,963.89,61.21,1.0
4587,222,13,2722,444,963.87,118.42,1.0
4588,241,12,2741,482,963.86,123.7,1.0
4589,144,27,2644,288,963.77,76.32,1.0
4590,283,35,2783,566,963.76,88.16,1.0
4591,283,41,2783,566,963.75,87.02,1.0
4592,197,28,2697,394,963.74,84.46,1.0
4593,200,12,2700,400,963.7,122.2,1.0
4594,283,30,2783,566,963.68,87.3,1.0
4595,65,11,2565,130,963.66,88.39,1.0
4596,283,36,2783,566,963.63,87.09,1.0
4597,100,26,2600,200,963.61,72.27,1.0
4598,131,12,2631,262,963.59,100.58,1.0
4599,182,28,2682,364,963.51,78.77,1.0
4600,284,13,2784,568,963.48,127.54,1.0
4601,97,26,2597,194,963.44,74.02,1.0
4602,288,37,2788,576,963.42,90.15,1.0
4603,283,31,2783,566,963.37,87.27,1.0
4604,270,12,2770,540,963.25,126.01,1.0
4605,241,29,2741,482,963.22,88.56,1.0
4606,53,25,2553,106,963.21,69.67,1.0
4607,180,27,2680,360,963.2,79.13,1.0
4608,118,12,2618,236,963.18,102.78,1.0
4609,79,11,2579,158,963.16,96.7,1.0
4610,255,13,2755,510,962.99,124.59,1.0
4611,9,10,2509,18,962.97,76.98,1.0
4612,294,31,2794,588,962.95,88.72,1.0
4613,294,35,2794,588,962.9,88.68,1.0
4614,245,29,2745,490,962.89,87.34,1.0
4615,0,24,2500,0,962.88,60.18,1.0
4616,18,10,2518,36,962.88,75.05,1.0
4617,20,10,2520,40,962.79,77.66,1.0
4618,294,34,2794,588,962.79,89.11,1.0
4619,132,27,2632,264,962.77,78.5,1.0
4620,288,40,2788,576,962.74,89.01,1.0
4621,160,28,2660,320,962.72,77.44,1.0
4622,288,32,2788,576,962.59,89.23,1.0
4623,294,39,2794,588,962.58,89.32,1.0
4624,15,10,2515,30,962.49,76.66,1.0
4625,298,45,2798,596,962.48,95.04,1.0
4626,244,29,2744,488,962.47,85.04,1.0
4627,155,27,2655,310,962.45,79.96,1.0
4628,283,13,2783,566,962.4,131.62,1.0
4629,288,44,2788,576,962.39,89.67,1.0
4630,277,13,2777,554,962.33,128.66,1.0
4631,77,11,2577,154,962.31,90.65,1.0
4632,69,11,2569,138,962.31,92.52,1.0
4633,178,12,2678,356,962.31,114.58,1.0
4634,288,38,2788,576,962.29,89.79,1.0
4635,149,12,2649,298,962.27,106.46,1.0
4636,140,27,2640,280,962.26,77.09,1.0
4637,48,11,2548,96,962.22,81.98,1.0
4638,213,12,2713,426,962.16,123.63,1.0
4639,29,10,2529,58,962.15,81.88,1.0
4640,117,11,2617,234,962.14,99.77,1.0
4641,294,37,2794,588,962.14,88.21,1.0
4642,76,11,2576,152,962.08,89.73,1.0
4643,141,12,2641,282,962.06,104.1,1.0
4644,86,11,2586,172,962.05,97.43,1.0
4645,99,26,2599,198,962.05,70.94,1.0
4646,294,41,2794,588,962.04,87.39,1.0
4647,290,14,2790,580,962.02,132.81,1.0
4648,288,34,2788,576,962.0,89.91,1.0
4649,292,39,2792,584,961.97,88.47,1.0
4650,288,41,2788,576,961.91,90.43,1.0
4651,3,24,2503,6,961.9,62.7,1.0
4652,221,13,2721,442,961.88,121.58,1.0
4653,294,44,2794,588,961.87,88.91,1.0
4654,294,43,2794,588,961.79,89.02,1.0
4655,157,27,2657,314,961.78,81.31,1.0
4656,294,38,2794,588,961.78,89.56,1.0
4657,294,36,2794,588,961.75,88.65,1.0
4658,189,28,2689,378,961.73,79.48,1.0
4659,292,44,2792,584,961.73,88.53,1.0
4660,288,39,2788,576,961.72,89.33,1.0
4661,294,32,2794,588,961.72,89.07,1.0
4662,166,27,2666,332,961.67,81.17,1.0
4663,72,11,2572,144,961.64,90.48,1.0
4664,190,28,2690,380,961.64,83.02,1.0
4665,294,30,2794,588,961.63,88.86,1.0
4666,288,33,2788,576,961.62,89.35,1.0
4667,288,35,2788,576,961.62,89.47,1.0
4668,259,14,2759,518,961.59,125.49,1.0
4669,288,42,2788,576,961.58,89.7,1.0
4670,294,42,2794,588,961.57,88.41,1.0
4671,63,25,2563,126,961.56,70.87,1.0
4672,92,11,2592,184,961.52,94.79,1.0
4673,106,26,2606,212,961.51,73.57,1.0
4674,288,31,2788,576,961.49,90.17,1.0
4675,288,30,2788,576,961.48,89.47,1.0
4676,97,11,2597,194,961.46,97.98,1.0
4677,294,40,2794,588,961.42,88.84,1.0
4678,288,43,2788,576,961.38,89.53,1.0
4679,292,43,2792,584,961.37,89.19,1.0
4680,250,29,2750,500,961.36,90.51,1.0
4681,279,31,2779,558,961.36,87.98,1.0
4682,174,12,2674,348,961.34,114.55,1.0
4683,83,11,2583,166,961.33,100.0,1.0
4684,7,10,2507,14,961.29,75.61,1.0
4685,67,25,2567,134,961.28,71.91,1.0
4686,232,29,2732,464,961.27,85.9,1.0
4687,235,13,2735,470,961.25,128.15,1.0
4688,251,13,2751,502,961.23,125.94,1.0
4689,102,26,2602,204,961.19,73.44,1.0
4690,8,24,2508,16,961.16,62.22,1.0
4691,292,30,2792,584,961.1,88.59,1.0
4692,292,37,2792,584,961.07,88.52,1.0
4693,263,13,2763,526,960.98,125.78,1.0
4694,10,10,2510,20,960.97,74.48,1.0
4695,251,29,2751,502,960.97,88.08,1.0
4696,292,33,2792,584,960.97,89.7,1.0
4697,294,33,2794,588,960.95,88.71,1.0
4698,166,12,2666,332,960.94,113.43,1.0
4699,191,12,2691,382,960.94,115.28,1.0
4700,292,40,2792,584,960.92,88.91,1.0
4701,292,36,2792,584,960.87,89.06,1.0
4702,292,42,2792,584,960.86,88.99,1.0
4703,279,36,2779,558,960.84,88.14,1.0
4704,279,43,2779,558,960.83,88.17,1.0
4705,54,25,2554,108,960.82,66.37,1.0
4706,273,29,2773,546,960.77,88.32,1.0
4707,292,32,2792,584,960.74,88.8,1.0
4708,199,13,2699,398,960.73,114.19,1.0
4709,279,34,2779,558,960.72,88.47,1.0
4710,292,31,2792,584,960.67,88.85,1.0
4711,186,28,2686,372,960.66,81.76,1.0
4712,287,13,2787,574,960.63,136.24,1.0
4713,114,11,2614,228,960.62,101.53,1.0
4714,279,41,2779,558,960.61,88.29,1.0
4715,219,12,2719,438,960.6,117.0,1.0
4716,279,32,2779,558,960.6,87.76,1.0
4717,292,41,2792,584,960.59,88.37,1.0
4718,95,26,2595,190,960.58,74.01,1.0
4719,292,34,2792,584,960.5,88.66,1.0
4720,298,12,2798,596,960.5,138.67,1.0
4721,292,35,2792,584,960.49,89.01,1.0
4722,61,11,2561,122,960.47,91.92,1.0
4723,78,11,2578,156,960.47,93.32,1.0
4724,247,29,2747,494,960.47,88.11,1.0
4725,292,38,2792,584,960.47,88.66,1.0
4726,272,13,2772,544,960.42,132.61,1.0
4727,185,28,2685,370,960.4,82.66,1.0
4728,103,26,2603,206,960.38,73.74,1.0
4729,288,36,2788,576,960.38,89.48,1.0
4730,279,38,2779,558,960.34,87.65,1.0
4731,279,39,2779,558,960.33,88.67,1.0
4732,54,11,2554,108,960.31,86.84,1.0
4733,279,44,2779,558,960.25,88.42,1.0
4734,208,28,2708,416,960.2,85.86,1.0
4735,279,35,2779,558,960.17,88.39,1.0
4736,270,35,2770,540,960.11,87.35,1.0
4737,279,37,2779,558,960.11,89.16,1.0
4738,173,12,2673,346,960.09,109.37,1.0
4739,65,25,2565,130,960.07,69.23,1.0
4740,279,40,2779,558,960.06,88.27,1.0
4741,102,11,2602,204,960.05,97.69,1.0
4742,2,24,2502,4,960.04,60.87,1.0
4743,6,24,2506,12,960.04,61.0,1.0
4744,204,28,2704,408,959.88,86.98,1.0
4745,67,11,2567,134,959.87,90.63,1.0
4746,233,12,2733,466,959.87,121.06,1.0
4747,191,28,2691,382,959.86,80.31,1.0
4748,271,33,2771,542,959.85,84.99,1.0
4749,104,26,2604,208,959.82,74.57,1.0
4750,110,26,2610,220,959.79,76.46,1.0
4751,264,29,2764,528,959.76,93.32,1.0
4752,115,26,2615,230,959.74,71.61,1.0
4753,279,30,2779,558,959.69,89.32,1.0
4754,13,10,2513,26,959.68,76.17,1.0
4755,43,10,2543,86,959.64,85.18,1.0
4756,240,29,2740,480,959.63,83.94,1.0
4757,279,33,2779,558,959.6,88.04,1.0
4758,233,29,2733,466,959.44,87.12,1.0
4759,270,36,2770,540,959.4,87.42,1.0
4760,270,30,2770,540,959.34,88.12,1.0
4761,271,40,2771,542,959.25,84.69,1.0
4762,299,36,2799,598,959.22,94.87,1.0
4763,299,30,2799,598,959.13,95.78,1.0
4764,98,11,2598,196,959.1,97.64,1.0
4765,299,31,2799,598,959.05,95.91,1.0
4766,270,34,2770,540,959.03,88.17,1.0
4767,5,10,2505,10,959.0,73.49,1.0
4768,253,29,2753,506,958.97,86.82,1.0
4769,270,44,2770,540,958.96,88.47,1.0
4770,279,42,2779,558,958.96,88.4,1.0
4771,61,25,2561,122,958.95,68.48,1.0
4772,209,29,2709,418,958.95,84.55,1.0
4773,270,39,2770,540,958.94,88.26,1.0
4774,271,43,2771,542,958.85,83.87,1.0
4775,271,34,2771,542,958.78,84.19,1.0
4776,270,41,2770,540,958.77,88.13,1.0
4777,270,43,2770,540,958.76,87.67,1.0
4778,236,29,2736,472,958.75,87.01,1.0
4779,50,25,2550,100,958.73,69.71,1.0
4780,176,12,2676,352,958.7,114.96,1.0
4781,243,29,2743,486,958.68,84.85,1.0
4782,129,27,2629,258,958.67,75.04,1.0
4783,295,14,2795,590,958.65,129.78,1.0
4784,17,10,2517,34,958.62,78.21,1.0
4785,85,11,2585,170,958.61,96.54,1.0
4786,156,27,2656,312,958.61,82.77,1.0
4787,270,40,2770,540,958.58,88.32,1.0
4788,64,11,2564,128,958.57,89.01,1.0
4789,146,27,2646,292,958.56,79.69,1.0
4790,193,28,2693,386,958.52,82.74,1.0
4791,271,32,2771,542,958.51,84.26,1.0
4792,90,11,2590,180,958.48,94.43,1.0
4793,44,25,2544,88,958.47,66.69,1.0
4794,270,33,2770,540,958.44,87.75,1.0
4795,105,11,2605,210,958.36,97.27,1.0
4796,274,13,2774,548,958.35,130.19,1.0
4797,90,26,2590,180,958.34,70.84,1.0
4798,291,40,2791,582,958.34,88.83,1.0
4799,270,37,2770,540,958.33,88.21,1.0
4800,14,24,2514,28,958.32,61.8,1.0
4801,270,31,2770,540,958.31,87.65,1.0
4802,286,43,2786,572,958.31,88.98,1.0
4803,21,25,2521,42,958.29,62.25,1.0
4804,76,26,2576,152,958.29,67.92,1.0
4805,184,12,2684,368,958.29,113.07,1.0
4806,271,38,2771,542,958.29,84.76,1.0
4807,271,39,2771,542,958.28,84.76,1.0
4808,179,28,2679,358,958.27,79.76,1.0
4809,2,10,2502,4,958.23,72.14,1.0
4810,94,26,2594,188,958.18,73.17,1.0
4811,299,39,2799,598,958.17,96.33,1.0
4812,271,37,2771,542,958.14,84.33,1.0
4813,270,42,2770,540,958.13,87.64,1.0
4814,270,38,2770,540,958.11,88.42,1.0
4815,299,38,2799,598,958.09,95.58,1.0
4816,274,32,2774,548,958.08,86.43,1.0
4817,299,37,2799,598,958.08,96.77,1.0
4818,299,40,2799,598,958.05,95.86,1.0
4819,271,44,2771,542,958.04,85.02,1.0
4820,299,33,2799,598,958.03,96.25,1.0
4821,199,28,2699,398,958.02,81.74,1.0
4822,190,12,2690,380,958.01,117.39,1.0
4823,271,36,2771,542,958.01,83.65,1.0
4824,299,32,2799,598,958.0,96.26,1.0
4825,229,29,2729,458,957.99,84.52,1.0
4826,46,25,2546,92,957.98,67.98,1.0
4827,293,45,2793,586,957.96,89.69,1.0
4828,41,25,2541,82,957.93,66.23,1.0
4829,271,35,2771,542,957.93,84.18,1.0
4830,138,27,2638,276,957.92,76.21,1.0
4831,299,34,2799,598,957.91,96.31,1.0
4832,299,41,2799,598,957.91,95.99,1.0
4833,276,33,2776,552,957.9,90.45,1.0
4834,55,10,2555,110,957.83,87.77,1.0
4835,21,10,2521,42,957.81,78.12,1.0
4836,71,26,2571,142,957.8,67.98,1.0
4837,286,31,2786,572,957.79,89.76,1.0
4838,286,34,2786,572,957.79,88.53,1.0
4839,276,37,2776,552,957.76,90.42,1.0
4840,291,30,2791,582,957.72,89.52,1.0
4841,57,25,2557,114,957.71,67.09,1.0
4842,286,30,2786,572,957.71,89.05,1.0
4843,276,31,2776,552,957.7,89.8,1.0
4844,286,42,2786,572,957.68,89.08,1.0
4845,299,35,2799,598,957.68,95.68,1.0
4846,271,30,2771,542,957.65,84.76,1.0
4847,299,44,2799,598,957.63,96.98,1.0
4848,271,41,2771,542,957.62,84.02,1.0
4849,274,33,2774,548,957.61,87.47,1.0
4850,276,42,2776,552,957.61,90.23,1.0
4851,291,44,2791,582,957.6,89.33,1.0
4852,286,38,2786,572,957.56,89.01,1.0
4853,238,29,2738,476,957.55,83.46,1.0
4854,299,43,2799,598,957.55,95.5,1.0
4855,271,31,2771,542,957.5,84.7,1.0
4856,291,34,2791,582,957.49,89.82,1.0
4857,274,31,2774,548,957.47,87.02,1.0
4858,270,32,2770,540,957.47,88.6,1.0
4859,157,12,2657,314,957.45,108.01,1.0
4860,276,44,2776,552,957.45,90.16,1.0
4861,286,39,2786,572,957.45,89.51,1.0
4862,175,28,2675,350,957.44,78.58,1.0
4863,160,11,2660,320,957.39,112.05,1.0
4864,276,34,2776,552,957.37,90.16,1.0
4865,71,10,2571,142,957.36,91.74,1.0
4866,286,44,2786,572,957.35,89.18,1.0
4867,291,31,2791,582,957.35,89.57,1.0
4868,299,42,2799,598,957.35,96.03,1.0
4869,291,38,2791,582,957.34,89.85,1.0
4870,278,41,2778,556,957.31,89.25,1.0
4871,286,37,2786,572,957.31,88.96,1.0
4872,274,43,2774,548,957.25,87.23,1.0
4873,271,42,2771,542,957.23,84.31,1.0
4874,278,35,2778,556,957.22,89.01,1.0
4875,127,27,2627,254,957.2,75.91,1.0
4876,286,32,2786,572,957.2,89.17,1.0
4877,291,43,2791,582,957.2,89.04,1.0
4878,91,26,2591,182,957.16,70.9,1.0
4879,108,11,2608,216,957.16,99.32,1.0
4880,201,28,2701,402,957.14,84.42,1.0
4881,274,37,2774,548,957.12,86.15,1.0
4882,276,40,2776,552,957.08,90.33,1.0
4883,274,35,2774,548,957.07,86.53,1.0
4884,48,25,2548,96,957.06,67.88,1.0
4885,230,29,2730,460,957.06,83.54,1.0
4886,274,36,2774,548,957.05,87.64,1.0
4887,276,30,2776,552,956.98,90.8,1.0
4888,278,30,2778,556,956.98,89.21,1.0
4889,205,12,2705,410,956.96,115.46,1.0
4890,286,36,2786,572,956.93,89.74,1.0
4891,291,36,2791,582,956.92,89.12,1.0
4892,291,32,2791,582,956.89,90.17,1.0
4893,291,35,2791,582,956.88,89.52,1.0
4894,268,31,2768,536,956.86,85.54,1.0
4895,126,11,2626,252,956.85,104.71,1.0
4896,286,35,2786,572,956.83,89.3,1.0
4897,291,42,2791,582,956.82,89.85,1.0
4898,86,26,2586,172,956.81,71.48,1.0
4899,276,43,2776,552,956.81,90.67,1.0
4900,286,40,2786,572,956.81,89.49,1.0
4901,47,11,2547,94,956.79,85.01,1.0
4902,291,33,2791,582,956.79,88.92,1.0
4903,84,26,2584,168,956.76,70.32,1.0
4904,158,27,2658,316,956.74,81.57,1.0
4905,276,32,2776,552,956.7,91.09,1.0
4906,274,42,2774,548,956.69,87.58,1.0
4907,274,34,2774,548,956.68,87.41,1.0
4908,260,13,2760,520,956.66,133.93,1.0
4909,286,41,2786,572,956.63,89.08,1.0
4910,276,35,2776,552,956.61,89.36,1.0
4911,286,33,2786,572,956.61,89.79,1.0
4912,274,41,2774,548,956.59,86.9,1.0
4913,234,13,2734,468,956.55,119.22,1.0
4914,291,39,2791,582,956.53,89.61,1.0
4915,276,36,2776,552,956.45,91.16,1.0
4916,291,37,2791,582,956.4,89.21,1.0
4917,274,30,2774,548,956.39,87.27,1.0
4918,278,37,2778,556,956.39,89.29,1.0
4919,268,44,2768,536,956.37,86.17,1.0
4920,165,28,2665,330,956.35,76.29,1.0
4921,276,12,2776,552,956.35,129.81,1.0
4922,257,29,2757,514,956.32,89.04,1.0
4923,274,44,2774,548,956.29,87.63,1.0
4924,268,30,2768,536,956.29,85.76,1.0
4925,276,41,2776,552,956.27,90.7,1.0
4926,178,28,2678,356,956.23,82.38,1.0
4927,274,40,2774,548,956.23,87.36,1.0
4928,276,38,2776,552,956.22,91.42,1.0
4929,198,28,2698,396,956.19,82.59,1.0
4930,278,39,2778,556,956.18,89.97,1.0
4931,120,11,2620,240,956.14,103.78,1.0
4932,274,39,2774,548,956.14,86.49,1.0
4933,129,11,2629,258,956.13,106.23,1.0
4934,278,34,2778,556,956.11,89.69,1.0
4935,135,27,2635,270,956.08,75.36,1.0
4936,33,10,2533,66,956.06,83.12,1.0
4937,291,41,2791,582,956.06,89.45,1.0
4938,296,13,2796,592,956.05,131.14,1.0
4939,268,34,2768,536,956.02,85.91,1.0
4940,211,12,2711,422,956.0,120.29,1.0
4941,224,29,2724,448,955.98,85.35,1.0
4942,276,39,2776,552,955.92,90.69,1.0
4943,278,43,2778,556,955.88,90.13,1.0
4944,289,42,2789,578,955.85,90.03,1.0
4945,24,10,2524,48,955.83,80.28,1.0
4946,278,33,2778,556,955.83,89.74,1.0
4947,259,29,2759,518,955.81,88.92,1.0
4948,121,11,2621,242,955.77,102.67,1.0
4949,268,33,2768,536,955.7,85.4,1.0
4950,268,41,2768,536,955.7,86.07,1.0
4951,268,40,2768,536,955.69,85.32,1.0
4952,37,25,2537,74,955.67,66.4,1.0
4953,278,32,2778,556,955.67,89.14,1.0
4954,142,27,2642,284,955.66,77.74,1.0
4955,29,25,2529,58,955.64,65.91,1.0
4956,113,11,2613,226,955.64,104.42,1.0
4957,278,38,2778,556,955.61,88.8,1.0
4958,268,36,2768,536,955.57,86.0,1.0
4959,278,40,2778,556,955.55,89.44,1.0
4960,33,25,2533,66,955.54,65.46,1.0
4961,278,44,2778,556,955.52,89.82,1.0
4962,289,44,2789,578,955.49,89.22,1.0
4963,278,36,2778,556,955.47,89.26,1.0
4964,193,12,2693,386,955.45,116.15,1.0
4965,268,39,2768,536,955.45,85.69,1.0
4966,245,12,2745,490,955.42,127.07,1.0
4967,278,42,2778,556,955.33,90.07,1.0
4968,40,25,2540,80,955.28,66.98,1.0
4969,274,38,2774,548,955.27,87.11,1.0
4970,268,38,2768,536,955.21,85.57,1.0
4971,278,31,2778,556,955.21,89.69,1.0
4972,268,35,2768,536,955.19,85.68,1.0
4973,195,28,2695,390,955.18,84.79,1.0
4974,287,32,2787,574,955.13,90.79,1.0
4975,287,38,2787,574,955.13,91.23,1.0
4976,269,13,2769,538,955.11,124.77,1.0
4977,122,11,2622,244,955.09,104.16,1.0
4978,287,44,2787,574,955.04,90.9,1.0
4979,124,11,2624,248,955.03,100.46,1.0
4980,268,32,2768,536,955.03,85.7,1.0
4981,268,43,2768,536,955.03,85.8,1.0
4982,219,29,2719,438,955.02,82.02,1.0
4983,133,11,2633,266,955.0,106.66,1.0
4984,283,45,2783,566,955.0,89.08,1.0
4985,287,33,2787,574,955.0,90.69,1.0
4986,289,33,2789,578,955.0,89.55,1.0
4987,151,12,2651,302,954.98,106.49,1.0
4988,268,42,2768,536,954.98,85.56,1.0
4989,289,39,2789,578,954.93,89.43,1.0
4990,289,37,2789,578,954.9,89.76,1.0
4991,159,27,2659,318,954.88,81.91,1.0
4992,266,35,2766,532,954.82,87.76,1.0
4993,189,12,2689,378,954.81,118.0,1.0
4994,287,31,2787,574,954.77,91.21,1.0
4995,289,38,2789,578,954.77,89.51,1.0
4996,202,12,2702,404,954.73,117.58,1.0
4997,287,37,2787,574,954.73,91.23,1.0
4998,297,37,2797,594,954.68,87.35,1.0
4999,88,11,2588,176,954.67,95.36,1.0
5000,242,29,2742,484,954.65,87.2,1.0
5001,266,30,2766,532,954.63,87.39,1.0
5002,134,27,2634,268,954.62,80.78,1.0
5003,45,25,2545,90,954.61,64.24,1.0
5004,125,27,2625,250,954.6,75.37,1.0
5005,27,25,2527,54,954.57,65.31,1.0
5006,287,39,2787,574,954.57,90.08,1.0
5007,278,13,2778,556,954.54,133.06,1.0
5008,288,45,2788,576,954.52,90.2,1.0
5009,289,34,2789,578,954.52,89.04,1.0
5010,266,40,2766,532,954.51,87.46,1.0
5011,287,35,2787,574,954.51,90.99,1.0
5012,297,31,2797,594,954.51,87.24,1.0
5013,226,29,2726,452,954.47,85.03,1.0
5014,12,10,2512,24,954.44,75.73,1.0
5015,289,30,2789,578,954.42,89.95,1.0
5016,289,32,2789,578,954.42,88.66,1.0
5017,109,11,2609,218,954.41,100.99,1.0
5018,297,30,2797,594,954.4,87.03,1.0
5019,180,12,2680,360,954.36,109.24,1.0
5020,36,25,2536,72,954.33,66.43,1.0
5021,289,40,2789,578,954.33,90.01,1.0
5022,266,32,2766,532,954.31,86.75,1.0
5023,11,10,2511,22,954.3,74.4,1.0
5024,60,25,2560,120,954.29,73.4,1.0
5025,31,25,2531,62,954.27,65.41,1.0
5026,150,12,2650,300,954.27,105.8,1.0
5027,289,41,2789,578,954.26,89.82,1.0
5028,297,40,2797,594,954.26,88.17,1.0
5029,297,32,2797,594,954.25,88.28,1.0
5030,142,12,2642,284,954.22,106.36,1.0
5031,268,37,2768,536,954.21,86.08,1.0
5032,266,38,2766,532,954.2,87.3,1.0
5033,287,34,2787,574,954.2,90.8,1.0
5034,297,34,2797,594,954.17,88.4,1.0
5035,297,39,2797,594,954.16,88.0,1.0
5036,287,30,2787,574,954.15,91.14,1.0
5037,133,27,2633,266,954.14,76.82,1.0
5038,266,36,2766,532,954.13,87.21,1.0
5039,289,36,2789,578,954.13,89.66,1.0
5040,275,37,2775,550,954.12,91.18,1.0
5041,266,44,2766,532,954.11,88.13,1.0
5042,287,43,2787,574,954.07,90.5,1.0
5043,266,41,2766,532,954.06,87.41,1.0
5044,143,12,2643,286,954.05,109.08,1.0
5045,93,11,2593,186,954.04,97.53,1.0
5046,106,11,2606,212,954.02,98.59,1.0
5047,253,13,2753,506,954.0,125.21,1.0
5048,268,12,2768,536,954.0,128.92,1.0
5049,51,25,2551,102,953.98,70.09,1.0
5050,266,37,2766,532,953.97,87.21,1.0
5051,126,27,2626,252,953.96,74.64,1.0
5052,4,10,2504,8,953.95,74.15,1.0
5053,287,42,2787,574,953.94,90.44,1.0
5054,285,41,2785,570,953.84,88.88,1.0
5055,297,38,2797,594,953.81,86.38,1.0
5056,275,40,2775,550,953.8,91.53,1.0
5057,289,43,2789,578,953.79,89.64,1.0
5058,300,13,2800,600,953.78,133.76,1.0
5059,211,28,2711,422,953.75,86.4,1.0
5060,266,12,2766,532,953.71,129.21,1.0
5061,297,42,2797,594,953.69,87.97,1.0
5062,227,13,2727,454,953.68,116.15,1.0
5063,266,34,2766,532,953.66,86.83,1.0
5064,287,40,2787,574,953.65,91.32,1.0
5065,161,11,2661,322,953.64,108.97,1.0
5066,266,42,2766,532,953.6,86.83,1.0
5067,297,33,2797,594,953.59,88.28,1.0
5068,297,43,2797,594,953.59,87.78,1.0
5069,177,12,2677,354,953.53,114.48,1.0
5070,287,36,2787,574,953.53,90.52,1.0
5071,297,35,2797,594,953.52,87.61,1.0
5072,297,41,2797,594,953.49,86.92,1.0
5073,30,25,2530,60,953.47,63.11,1.0
5074,275,34,2775,550,953.47,91.48,1.0
5075,128,27,2628,256,953.41,78.67,1.0
5076,279,45,2779,558,953.41,88.79,1.0
5077,289,31,2789,578,953.4,89.54,1.0
5078,266,31,2766,532,953.39,87.67,1.0
5079,173,28,2673,346,953.37,77.49,1.0
5080,285,40,2785,570,953.36,88.85,1.0
5081,275,31,2775,550,953.32,91.26,1.0
5082,285,32,2785,570,953.32,88.7,1.0
5083,266,39,2766,532,953.29,87.47,1.0
5084,266,43,2766,532,953.29,87.04,1.0
5085,144,11,2644,288,953.27,108.13,1.0
5086,287,41,2787,574,953.27,91.08,1.0
5087,275,35,2775,550,953.26,91.07,1.0
5088,275,39,2775,550,953.23,91.75,1.0
5089,158,12,2658,316,953.2,111.4,1.0
5090,297,36,2797,594,953.2,87.42,1.0
5091,285,36,2785,570,953.19,88.95,1.0
5092,289,35,2789,578,953.18,89.93,1.0
5093,148,27,2648,296,953.15,78.7,1.0
5094,285,38,2785,570,953.15,89.38,1.0
5095,132,11,2632,264,953.14,107.15,1.0
5096,145,27,2645,290,953.13,80.5,1.0
5097,32,10,2532,64,953.11,82.22,1.0
5098,285,30,2785,570,953.09,89.04,1.0
5099,8,10,2508,16,953.08,75.77,1.0
5100,266,33,2766,532,953.06,87.34,1.0
5101,275,30,2775,550,953.04,90.85,1.0
5102,297,44,2797,594,953.04,88.05,1.0
5103,235,29,2735,470,953.03,86.37,1.0
5104,285,31,2785,570,952.99,88.76,1.0
5105,271,12,2771,542,952.95,129.13,1.0
5106,275,44,2775,550,952.94,90.63,1.0
5107,285,39,2785,570,952.93,88.18,1.0
5108,275,33,2775,550,952.9,91.17,1.0
5109,267,12,2767,534,952.9,133.41,1.0
5110,212,29,2712,424,952.88,82.91,1.0
5111,275,43,2775,550,952.85,90.79,1.0
5112,92,26,2592,184,952.84,72.59,1.0
5113,31,10,2531,62,952.76,81.92,1.0
5114,275,32,2775,550,952.75,92.11,1.0
5115,64,25,2564,128,952.73,69.12,1.0
5116,128,11,2628,256,952.73,105.55,1.0
5117,134,11,2634,268,952.72,110.88,1.0
5118,281,13,2781,562,952.72,127.42,1.0
5119,285,42,2785,570,952.69,89.02,1.0
5120,25,25,2525,50,952.68,65.79,1.0
5121,232,12,2732,464,952.64,125.71,1.0
5122,267,37,2767,534,952.63,87.88,1.0
5123,184,28,2684,368,952.62,80.89,1.0
5124,24,25,2524,48,952.59,62.72,1.0
5125,161,28,2661,322,952.57,77.28,1.0
5126,164,28,2664,328,952.56,80.11,1.0
5127,285,33,2785,570,952.52,89.34,1.0
5128,176,28,2676,352,952.44,80.59,1.0
5129,170,11,2670,340,952.38,112.55,1.0
5130,277,35,2777,554,952.33,88.49,1.0
5131,275,38,2775,550,952.31,91.22,1.0
5132,285,44,2785,570,952.29,88.05,1.0
5133,220,29,2720,440,952.28,85.49,1.0
5134,30,10,2530,60,952.27,81.75,1.0
5135,103,11,2603,206,952.27,101.06,1.0
5136,285,35,2785,570,952.27,88.6,1.0
5137,249,12,2749,498,952.26,127.18,1.0
5138,285,43,2785,570,952.23,88.2,1.0
5139,28,25,2528,56,952.14,66.54,1.0
5140,74,11,2574,148,952.14,95.03,1.0
5141,83,26,2583,166,952.14,75.51,1.0
5142,290,43,2790,580,952.14,88.13,1.0
5143,26,25,2526,52,952.13,64.4,1.0
5144,285,37,2785,570,952.13,89.17,1.0
5145,255,29,2755,510,952.12,91.0,1.0
5146,275,41,2775,550,952.1,91.26,1.0
5147,267,42,2767,534,952.1,86.6,1.0
5148,36,10,2536,72,952.02,83.07,1.0
5149,119,11,2619,238,951.98,104.77,1.0
5150,186,12,2686,372,951.98,121.11,1.0
5151,267,32,2767,534,951.97,86.62,1.0
5152,285,34,2785,570,951.95,88.68,1.0
5153,292,45,2792,584,951.94,89.9,1.0
5154,100,11,2600,200,951.91,100.63,1.0
5155,277,33,2777,554,951.9,89.11,1.0
5156,137,27,2637,274,951.89,76.08,1.0
5157,267,44,2767,534,951.89,86.94,1.0
5158,210,28,2710,420,951.88,85.4,1.0
5159,267,36,2767,534,951.85,86.48,1.0
5160,277,39,2777,554,951.85,88.53,1.0
5161,14,10,2514,28,951.84,77.72,1.0
5162,137,11,2637,274,951.84,106.57,1.0
5163,267,38,2767,534,951.81,86.88,1.0
5164,18,25,2518,36,951.8,60.92,1.0
5165,296,42,2796,592,951.79,85.98,1.0
5166,267,35,2767,534,951.78,86.98,1.0
5167,290,33,2790,580,951.78,87.94,1.0
5168,284,36,2784,568,951.77,87.23,1.0
5169,275,36,2775,550,951.75,91.59,1.0
5170,290,34,2790,580,951.73,87.31,1.0
5171,150,27,2650,300,951.68,77.61,1.0
5172,275,42,2775,550,951.67,90.83,1.0
5173,277,40,2777,554,951.67,89.22,1.0
5174,267,43,2767,534,951.66,87.31,1.0
5175,277,37,2777,554,951.65,88.66,1.0
5176,140,11,2640,280,951.64,110.96,1.0
5177,216,12,2716,432,951.6,119.2,1.0
5178,136,11,2636,272,951.59,110.23,1.0
5179,267,40,2767,534,951.57,86.68,1.0
5180,267,41,2767,534,951.53,86.34,1.0
5181,218,12,2718,436,951.52,118.73,1.0
5182,284,40,2784,568,951.52,87.79,1.0
5183,265,44,2765,530,951.48,87.7,1.0
5184,298,46,2798,596,951.47,95.35,1.0
5185,296,38,2796,592,951.46,86.11,1.0
5186,284,31,2784,568,951.45,87.59,1.0
5187,89,11,2589,178,951.43,95.96,1.0
5188,277,32,2777,554,951.43,88.8,1.0
5189,284,32,2784,568,951.42,87.88,1.0
5190,277,30,2777,554,951.41,88.85,1.0
5191,277,41,2777,554,951.39,88.34,1.0
5192,284,30,2784,568,951.39,86.77,1.0
5193,168,28,2668,336,951.35,78.61,1.0
5194,170,28,2670,340,951.35,78.35,1.0
5195,39,25,2539,78,951.31,65.85,1.0
5196,290,41,2790,580,951.3,88.91,1.0
5197,267,34,2767,534,951.29,87.62,1.0
5198,162,12,2662,324,951.26,112.27,1.0
5199,267,30,2767,534,951.26,86.9,1.0
5200,112,11,2612,224,951.25,101.26,1.0
5201,267,33,2767,534,951.25,86.72,1.0
5202,277,42,2777,554,951.23,89.04,1.0
5203,296,39,2796,592,951.23,86.81,1.0
5204,296,41,2796,592,951.21,86.91,1.0
5205,296,44,2796,592,951.21,87.23,1.0
5206,284,38,2784,568,951.17,88.22,1.0
5207,290,37,2790,580,951.15,88.81,1.0
5208,296,32,2796,592,951.12,85.93,1.0
5209,284,39,2784,568,951.11,87.22,1.0
5210,277,31,2777,554,951.1,89.08,1.0
5211,159,12,2659,318,951.09,109.77,1.0
5212,290,44,2790,580,951.08,89.02,1.0
5213,294,45,2794,588,951.08,90.85,1.0
5214,284,44,2784,568,951.07,87.51,1.0
5215,68,26,2568,136,951.06,70.07,1.0
5216,296,36,2796,592,950.96,87.29,1.0
5217,152,11,2652,304,950.95,108.24,1.0
5218,290,42,2790,580,950.94,89.28,1.0
5219,290,35,2790,580,950.93,88.3,1.0
5220,296,31,2796,592,950.9,86.6,1.0
5221,296,40,2796,592,950.9,85.71,1.0
5222,277,38,2777,554,950.86,88.89,1.0
5223,296,35,2796,592,950.83,86.28,1.0
5224,290,40,2790,580,950.79,88.82,1.0
5225,296,30,2796,592,950.77,86.98,1.0
5226,277,36,2777,554,950.74,89.44,1.0
5227,284,35,2784,568,950.73,88.37,1.0
5228,258,30,2758,516,950.72,89.89,1.0
5229,290,30,2790,580,950.7,88.51,1.0
5230,239,29,2739,478,950.69,86.41,1.0
5231,290,38,2790,580,950.69,87.87,1.0
5232,70,26,2570,140,950.66,70.87,1.0
5233,284,41,2784,568,950.66,87.55,1.0
5234,258,31,2758,516,950.62,89.84,1.0
5235,267,39,2767,534,950.62,86.69,1.0
5236,277,43,2777,554,950.61,88.5,1.0
5237,284,37,2784,568,950.6,87.94,1.0
5238,296,37,2796,592,950.6,87.3,1.0
5239,286,13,2786,572,950.57,130.97,1.0
5240,290,39,2790,580,950.56,88.61,1.0
5241,75,26,2575,150,950.54,69.52,1.0
5242,37,10,2537,74,950.53,84.99,1.0
5243,277,44,2777,554,950.53,88.82,1.0
5244,284,43,2784,568,950.52,87.89,1.0
5245,16,25,2516,32,950.51,63.66,1.0
5246,145,12,2645,290,950.47,107.38,1.0
5247,125,11,2625,250,950.46,103.96,1.0
5248,203,28,2703,406,950.46,85.83,1.0
5249,258,35,2758,516,950.46,89.52,1.0
5250,284,33,2784,568,950.45,87.21,1.0
5251,296,34,2796,592,950.42,86.53,1.0
5252,223,29,2723,446,950.41,83.01,1.0
5253,267,31,2767,534,950.41,86.66,1.0
5254,258,39,2758,516,950.39,89.59,1.0
5255,258,41,2758,516,950.38,89.5,1.0
5256,258,32,2758,516,950.37,88.64,1.0
5257,258,42,2758,516,950.37,90.03,1.0
5258,122,27,2622,244,950.36,74.54,1.0
5259,270,45,2770,540,950.36,89.44,1.0
5260,258,40,2758,516,950.33,89.79,1.0
5261,1,25,2501,2,950.32,60.54,1.0
5262,271,45,2771,542,950.31,86.44,1.0
5263,290,31,2790,580,950.31,88.72,1.0
5264,28,10,2528,56,950.29,81.52,1.0
5265,130,27,2630,260,950.28,77.74,1.0
5266,164,11,2664,328,950.25,114.24,1.0
5267,265,39,2765,530,950.21,88.09,1.0
5268,277,34,2777,554,950.16,89.99,1.0
5269,258,38,2758,516,950.14,89.3,1.0
5270,265,30,2765,530,950.12,87.45,1.0
5271,131,27,2631,262,950.11,75.12,1.0
5272,295,38,2795,590,950.1,89.72,1.0
5273,284,42,2784,568,950.09,87.39,1.0
5274,34,10,2534,68,950.04,80.35,1.0
5275,284,34,2784,568,950.03,87.9,1.0
5276,258,44,2758,516,950.0,90.24,1.0
5277,185,11,2685,370,949.98,117.16,1.0
5278,265,33,2765,530,949.98,87.63,1.0
5279,265,37,2765,530,949.98,88.74,1.0
5280,290,36,2790,580,949.97,88.33,1.0
5281,299,13,2799,598,949.97,133.23,1.0
5282,258,34,2758,516,949.96,89.37,1.0
5283,38,25,2538,76,949.93,64.58,1.0
5284,295,32,2795,590,949.92,89.42,1.0
5285,265,40,2765,530,949.9,87.91,1.0
5286,22,10,2522,44,949.87,80.14,1.0
5287,20,25,2520,40,949.84,64.54,1.0
5288,295,44,2795,590,949.84,89.5,1.0
5289,265,38,2765,530,949.83,87.56,1.0
5290,290,32,2790,580,949.83,88.18,1.0
5291,296,33,2796,592,949.78,86.66,1.0
5292,265,31,2765,530,949.73,88.12,1.0
5293,265,42,2765,530,949.71,88.56,1.0
5294,237,29,2737,474,949.7,84.9,1.0
5295,296,43,2796,592,949.7,86.88,1.0
5296,172,28,2672,344,949.67,80.35,1.0
5297,300,30,2800,600,949.64,94.03,1.0
5298,22,25,2522,44,949.63,64.73,1.0
5299,265,34,2765,530,949.62,88.37,1.0
5300,265,36,2765,530,949.61,87.55,1.0
5301,57,11,2557,114,949.59,87.31,1.0
5302,154,11,2654,308,949.56,108.55,1.0
5303,35,25,2535,70,949.54,64.2,1.0
5304,177,28,2677,354,949.48,79.81,1.0
5305,265,32,2765,530,949.44,87.98,1.0
5306,231,29,2731,462,949.43,83.76,1.0
5307,192,12,2692,384,949.37,117.51,1.0
5308,230,12,2730,460,949.36,122.89,1.0
5309,300,44,2800,600,949.35,93.63,1.0
5310,300,38,2800,600,949.33,93.92,1.0
5311,300,34,2800,600,949.32,92.77,1.0
5312,281,36,2781,562,949.29,87.02,1.0
5313,295,33,2795,590,949.29,90.12,1.0
5314,295,37,2795,590,949.28,89.2,1.0
5315,295,39,2795,590,949.27,89.97,1.0
5316,295,31,2795,590,949.24,89.43,1.0
5317,295,36,2795,590,949.23,89.73,1.0
5318,246,12,2746,492,949.18,127.13,1.0
5319,294,13,2794,588,949.17,129.13,1.0
5320,295,35,2795,590,949.15,90.43,1.0
5321,300,31,2800,600,949.12,93.9,1.0
5322,265,41,2765,530,949.11,88.49,1.0
5323,258,43,2758,516,949.07,90.1,1.0
5324,258,36,2758,516,949.05,90.16,1.0
5325,25,10,2525,50,949.04,82.71,1.0
5326,258,33,2758,516,949.04,89.41,1.0
5327,56,10,2556,112,949.03,89.92,1.0
5328,276,45,2776,552,949.01,91.6,1.0
5329,300,43,2800,600,948.98,94.03,1.0
5330,265,43,2765,530,948.95,87.53,1.0
5331,258,37,2758,516,948.91,89.52,1.0
5332,295,43,2795,590,948.88,89.68,1.0
5333,281,33,2781,562,948.85,87.51,1.0
5334,299,45,2799,598,948.85,97.3,1.0
5335,26,10,2526,52,948.83,82.63,1.0
5336,295,40,2795,590,948.82,89.48,1.0
5337,23,10,2523,46,948.81,76.09,1.0
5338,32,25,2532,64,948.8,65.84,1.0
5339,291,45,2791,582,948.8,90.44,1.0
5340,265,35,2765,530,948.79,87.79,1.0
5341,252,12,2752,504,948.77,127.67,1.0
5342,89,26,2589,178,948.76,72.5,1.0
5343,281,30,2781,562,948.75,87.33,1.0
5344,295,30,2795,590,948.74,89.49,1.0
5345,143,27,2643,286,948.66,80.92,1.0
5346,300,39,2800,600,948.66,93.42,1.0
5347,300,42,2800,600,948.61,94.15,1.0
5348,281,32,2781,562,948.59,87.03,1.0
5349,226,12,2726,452,948.58,124.14,1.0
5350,295,41,2795,590,948.58,89.11,1.0
5351,206,29,2706,412,948.55,81.3,1.0
5352,167,28,2667,334,948.53,79.31,1.0
5353,300,35,2800,600,948.45,92.85,1.0
5354,295,34,2795,590,948.45,89.61,1.0
5355,269,44,2769,538,948.44,84.42,1.0
5356,300,40,2800,600,948.43,93.31,1.0
5357,281,39,2781,562,948.42,88.11,1.0
5358,50,10,2550,100,948.41,89.73,1.0
5359,34,25,2534,68,948.41,63.33,1.0
5360,278,45,2778,556,948.41,89.31,1.0
5361,13,25,2513,26,948.36,62.5,1.0
5362,281,34,2781,562,948.36,87.64,1.0
5363,283,46,2783,566,948.35,89.95,1.0
5364,300,33,2800,600,948.31,93.55,1.0
5365,269,31,2769,538,948.3,85.03,1.0
5366,281,43,2781,562,948.29,86.74,1.0
5367,282,32,2782,564,948.29,87.55,1.0
5368,149,27,2649,298,948.27,81.03,1.0
5369,281,35,2781,562,948.27,87.45,1.0
5370,281,44,2781,562,948.26,86.95,1.0
5371,269,43,2769,538,948.22,84.28,1.0
5372,268,45,2768,536,948.2,86.53,1.0
5373,293,46,2793,586,948.18,91.0,1.0
5374,44,10,2544,88,948.17,84.53,1.0
5375,82,11,2582,164,948.17,92.98,1.0
5376,300,37,2800,600,948.16,93.53,1.0
5377,130,11,2630,260,948.12,104.62,1.0
5378,113,27,2613,226,948.09,77.5,1.0
5379,1,9,2501,2,948.07,74.16,1.0
5380,287,45,2787,574,948.03,91.67,1.0
5381,295,42,2795,590,948.03,89.71,1.0
5382,300,32,2800,600,948.02,93.69,1.0
5383,171,12,2671,342,948.01,111.97,1.0
5384,171,28,2671,342,947.97,80.46,1.0
5385,281,41,2781,562,947.97,87.41,1.0
5386,281,40,2781,562,947.95,86.89,1.0
5387,209,11,2709,418,947.87,120.35,1.0
5388,281,38,2781,562,947.87,87.89,1.0
5389,136,27,2636,272,947.84,80.48,1.0
5390,257,13,2757,514,947.84,127.63,1.0
5391,281,42,2781,562,947.79,86.77,1.0
5392,282,43,2782,564,947.79,86.34,1.0
5393,19,25,2519,38,947.78,62.82,1.0
5394,269,42,2769,538,947.78,85.16,1.0
5395,282,38,2782,564,947.78,87.6,1.0
5396,162,27,2662,324,947.75,85.97,1.0
5397,194,11,2694,388,947.65,115.63,1.0
5398,274,45,2774,548,947.64,88.8,1.0
5399,59,10,2559,118,947.63,88.36,1.0
5400,282,44,2782,564,947.63,86.73,1.0
5401,139,27,2639,278,947.6,78.85,1.0
5402,300,41,2800,600,947.59,93.56,1.0
5403,281,37,2781,562,947.59,87.49,1.0
5404,239,13,2739,478,947.57,124.73,1.0
5405,300,36,2800,600,947.56,94.35,1.0
5406,269,38,2769,538,947.53,85.33,1.0
5407,17,25,2517,34,947.45,63.31,1.0
5408,81,26,2581,162,947.44,71.06,1.0
5409,120,27,2620,240,947.41,74.23,1.0
5410,269,36,2769,538,947.4,84.35,1.0
5411,269,39,2769,538,947.37,84.99,1.0
5412,262,12,2762,524,947.36,129.78,1.0
5413,108,27,2608,216,947.35,71.48,1.0
5414,272,34,2772,544,947.33,89.39,1.0
5415,282,41,2782,564,947.33,88.05,1.0
5416,78,26,2578,156,947.32,70.7,1.0
5417,124,27,2624,248,947.32,75.55,1.0
5418,138,12,2638,276,947.27,106.49,1.0
5419,213,29,2713,426,947.27,84.12,1.0
5420,269,40,2769,538,947.27,84.9,1.0
5421,282,36,2782,564,947.25,88.62,1.0
5422,297,45,2797,594,947.23,88.08,1.0
5423,82,26,2582,164,947.22,71.26,1.0
5424,237,12,2737,474,947.19,122.8,1.0
5425,272,42,2772,544,947.19,89.84,1.0
5426,282,33,2782,564,947.19,88.06,1.0
5427,115,11,2615,230,947.17,100.7,1.0
5428,269,30,2769,538,947.17,84.16,1.0
5429,280,13,2780,560,947.17,130.01,1.0
5430,12,25,2512,24,947.14,63.63,1.0
5431,107,11,2607,214,947.08,99.53,1.0
5432,269,35,2769,538,947.01,84.37,1.0
5433,275,45,2775,550,947.0,91.18,1.0
5434,261,38,2761,522,946.99,92.3,1.0
5435,282,30,2782,564,946.98,86.76,1.0
5436,272,37,2772,544,946.95,89.55,1.0
5437,269,41,2769,538,946.94,84.95,1.0
5438,42,25,2542,84,946.93,67.39,1.0
5439,248,12,2748,496,946.91,124.35,1.0
5440,163,11,2663,326,946.9,112.36,1.0
5441,6,10,2506,12,946.89,74.19,1.0
5442,269,37,2769,538,946.89,85.03,1.0
5443,282,42,2782,564,946.84,87.92,1.0
5444,282,39,2782,564,946.81,87.77,1.0
5445,261,30,2761,522,946.78,92.85,1.0
5446,282,40,2782,564,946.77,88.01,1.0
5447,212,11,2712,424,946.76,121.38,1.0
5448,272,43,2772,544,946.75,89.29,1.0
5449,281,31,2781,562,946.72,87.88,1.0
5450,123,11,2623,246,946.71,107.76,1.0
5451,261,35,2761,522,946.7,92.67,1.0
5452,282,31,2782,564,946.69,87.84,1.0
5453,282,34,2782,564,946.61,87.02,1.0
5454,269,32,2769,538,946.6,85.02,1.0
5455,269,34,2769,538,946.58,84.77,1.0
5456,80,11,2580,160,946.54,93.04,1.0
5457,127,11,2627,254,946.53,104.71,1.0
5458,225,29,2725,450,946.5,86.89,1.0
5459,114,27,2614,228,946.49,72.59,1.0
5460,261,42,2761,522,946.49,92.92,1.0
5461,272,38,2772,544,946.47,89.68,1.0
5462,272,33,2772,544,946.46,89.51,1.0
5463,282,37,2782,564,946.46,87.56,1.0
5464,151,27,2651,302,946.44,80.82,1.0
5465,73,26,2573,146,946.43,70.83,1.0
5466,155,11,2655,310,946.43,113.86,1.0
5467,215,12,2715,430,946.43,121.91,1.0
5468,273,13,2773,546,946.43,131.48,1.0
5469,272,40,2772,544,946.37,89.21,1.0
5470,282,35,2782,564,946.35,87.44,1.0
5471,261,39,2761,522,946.32,93.22,1.0
5472,39,10,2539,78,946.29,85.83,1.0
5473,240,12,2740,480,946.29,127.11,1.0
5474,272,41,2772,544,946.28,89.9,1.0
5475,53,10,2553,106,946.16,87.75,1.0
5476,269,33,2769,538,946.16,84.38,1.0
5477,272,30,2772,544,946.13,89.61,1.0
5478,40,10,2540,80,946.06,82.29,1.0
5479,169,11,2669,338,945.98,112.22,1.0
5480,187,28,2687,374,945.98,81.8,1.0
5481,272,44,2772,544,945.97,89.07,1.0
5482,55,26,2555,110,945.93,66.6,1.0
5483,261,41,2761,522,945.93,93.28,1.0
5484,272,35,2772,544,945.93,89.71,1.0
5485,200,29,2700,400,945.91,82.85,1.0
5486,197,12,2697,394,945.9,120.94,1.0
5487,51,10,2551,102,945.87,89.97,1.0
5488,272,32,2772,544,945.87,89.44,1.0
5489,262,43,2762,524,945.85,85.81,1.0
5490,289,45,2789,578,945.85,91.22,1.0
5491,261,37,2761,522,945.84,92.58,1.0
5492,38,10,2538,76,945.83,85.15,1.0
5493,210,12,2710,420,945.83,116.61,1.0
5494,286,45,2786,572,945.82,91.25,1.0
5495,49,10,2549,98,945.81,89.56,1.0
5496,154,28,2654,308,945.81,79.85,1.0
5497,254,12,2754,508,945.8,128.43,1.0
5498,261,36,2761,522,945.79,93.24,1.0
5499,261,44,2761,522,945.72,92.18,1.0
5500,272,36,2772,544,945.72,89.06,1.0
5501,262,41,2762,524,945.71,85.7,1.0
5502,228,12,2728,456,945.69,120.74,1.0
5503,99,10,2599,198,945.67,97.8,1.0
5504,167,11,2667,334,945.67,114.54,1.0
5505,187,12,2687,374,945.65,109.45,1.0
5506,262,42,2762,524,945.65,85.26,1.0
5507,249,33,2749,498,945.62,86.75,1.0
5508,262,34,2762,524,945.62,85.78,1.0
5509,249,44,2749,498,945.55,86.31,1.0
5510,163,28,2663,326,945.54,76.74,1.0
5511,262,33,2762,524,945.45,86.13,1.0
5512,85,26,2585,170,945.43,72.97,1.0
5513,72,26,2572,144,945.42,68.58,1.0
5514,101,27,2601,202,945.41,72.77,1.0
5515,262,35,2762,524,945.4,85.55,1.0
5516,156,11,2656,312,945.38,110.98,1.0
5517,262,32,2762,524,945.34,85.83,1.0
5518,261,43,2761,522,945.31,92.43,1.0
5519,262,30,2762,524,945.3,85.91,1.0
5520,249,37,2749,498,945.28,86.3,1.0
5521,272,31,2772,544,945.28,90.03,1.0
5522,280,36,2780,560,945.28,89.64,1.0
5523,96,27,2596,192,945.27,71.89,1.0
5524,249,43,2749,498,945.27,86.09,1.0
5525,242,12,2742,484,945.27,129.27,1.0
5526,218,29,2718,436,945.26,85.58,1.0
5527,272,39,2772,544,945.25,89.54,1.0
5528,262,39,2762,524,945.21,85.46,1.0
5529,291,13,2791,582,945.17,128.51,1.0
5530,261,33,2761,522,945.11,92.29,1.0
5531,229,12,2729,458,945.1,121.21,1.0
5532,234,29,2734,468,945.07,81.32,1.0
5533,262,44,2762,524,945.07,85.35,1.0
5534,261,31,2761,522,945.06,93.47,1.0
5535,261,40,2761,522,945.05,92.97,1.0
5536,66,26,2566,132,945.04,70.81,1.0
5537,249,36,2749,498,945.03,86.88,1.0
5538,79,26,2579,158,945.02,73.74,1.0
5539,52,10,2552,104,944.99,88.99,1.0
5540,246,44,2746,492,944.99,84.0,1.0
5541,261,34,2761,522,944.99,93.48,1.0
5542,280,44,2780,560,944.99,90.11,1.0
5543,262,37,2762,524,944.95,85.32,1.0
5544,262,31,2762,524,944.94,85.07,1.0
5545,70,10,2570,140,944.93,91.3,1.0
5546,262,38,2762,524,944.92,84.83,1.0
5547,280,31,2780,560,944.91,90.24,1.0
5548,153,11,2653,306,944.87,109.63,1.0
5549,254,31,2754,508,944.87,86.82,1.0
5550,141,27,2641,282,944.77,76.04,1.0
5551,254,42,2754,508,944.77,86.34,1.0
5552,280,40,2780,560,944.74,90.89,1.0
5553,246,37,2746,492,944.71,85.32,1.0
5554,231,12,2731,462,944.7,124.77,1.0
5555,244,12,2744,488,944.68,126.53,1.0
5556,249,34,2749,498,944.66,86.59,1.0
5557,246,30,2746,492,944.63,85.03,1.0
5558,207,29,2707,414,944.61,82.44,1.0
5559,261,32,2761,522,944.59,92.21,1.0
5560,249,30,2749,498,944.57,86.36,1.0
5561,280,41,2780,560,944.57,90.81,1.0
5562,228,29,2728,456,944.54,83.61,1.0
5563,280,38,2780,560,944.54,90.41,1.0
5564,199,12,2699,398,944.53,115.13,1.0
5565,214,12,2714,428,944.53,120.4,1.0
5566,262,40,2762,524,944.53,85.16,1.0
5567,280,33,2780,560,944.53,89.8,1.0
5568,249,39,2749,498,944.51,86.27,1.0
5569,249,38,2749,498,944.5,87.75,1.0
5570,47,25,2547,94,944.49,67.63,1.0
5571,254,44,2754,508,944.47,85.72,1.0
5572,246,40,2746,492,944.45,85.12,1.0
5573,293,12,2793,586,944.44,133.31,1.0
5574,35,10,2535,70,944.4,82.8,1.0
5575,262,36,2762,524,944.4,85.58,1.0
5576,285,45,2785,570,944.39,88.48,1.0
5577,249,35,2749,498,944.38,86.72,1.0
5578,88,26,2588,176,944.33,74.09,1.0
5579,246,31,2746,492,944.32,83.78,1.0
5580,249,32,2749,498,944.31,86.23,1.0
5581,23,25,2523,46,944.3,61.32,1.0
5582,56,26,2556,112,944.29,70.66,1.0
5583,254,35,2754,508,944.29,86.05,1.0
5584,280,35,2780,560,944.29,89.79,1.0
5585,246,36,2746,492,944.27,84.73,1.0
5586,254,37,2754,508,944.26,86.93,1.0
5587,248,35,2748,496,944.21,82.0,1.0
5588,248,31,2748,496,944.19,81.05,1.0
5589,248,38,2748,496,944.18,81.81,1.0
5590,288,12,2788,576,944.15,134.8,1.0
5591,249,31,2749,498,944.13,86.78,1.0
5592,77,26,2577,154,944.12,70.02,1.0
5593,204,12,2704,408,944.1,119.72,1.0
5594,254,33,2754,508,944.1,86.43,1.0
5595,205,29,2705,410,944.06,80.95,1.0
5596,246,35,2746,492,944.06,85.3,1.0
5597,183,28,2683,366,944.04,81.72,1.0
5598,280,43,2780,560,944.04,89.68,1.0
5599,280,34,2780,560,944.02,90.2,1.0
5600,246,32,2746,492,943.96,85.43,1.0
5601,236,12,2736,472,943.91,127.15,1.0
5602,249,40,2749,498,943.9,86.58,1.0
5603,264,12,2764,528,943.9,136.76,1.0
5604,248,40,2748,496,943.87,82.32,1.0
5605,222,29,2722,444,943.86,86.2,1.0
5606,79,10,2579,158,943.85,96.78,1.0
5607,254,40,2754,508,943.85,86.34,1.0
5608,254,43,2754,508,943.85,86.39,1.0
5609,249,41,2749,498,943.83,87.04,1.0
5610,165,11,2665,330,943.8,110.16,1.0
5611,246,42,2746,492,943.8,85.11,1.0
5612,254,36,2754,508,943.78,86.56,1.0
5613,246,34,2746,492,943.77,83.88,1.0
5614,246,39,2746,492,943.77,84.04,1.0
5615,288,46,2788,576,943.76,91.94,1.0
5616,254,30,2754,508,943.74,85.84,1.0
5617,254,32,2754,508,943.74,86.5,1.0
5618,248,32,2748,496,943.74,81.18,1.0
5619,116,27,2616,232,943.72,72.15,1.0
5620,280,30,2780,560,943.67,90.46,1.0
5621,280,42,2780,560,943.63,90.88,1.0
5622,249,42,2749,498,943.61,86.85,1.0
5623,119,27,2619,238,943.6,75.29,1.0
5624,208,12,2708,416,943.59,121.45,1.0
5625,246,43,2746,492,943.58,84.52,1.0
5626,74,26,2574,148,943.55,70.33,1.0
5627,111,27,2611,222,943.55,73.91,1.0
5628,225,12,2725,450,943.54,123.89,1.0
5629,248,41,2748,496,943.52,82.0,1.0
5630,27,9,2527,54,943.51,83.0,1.0
5631,15,25,2515,30,943.51,63.21,1.0
5632,203,12,2703,406,943.51,119.12,1.0
5633,246,41,2746,492,943.47,84.11,1.0
5634,148,11,2648,296,943.46,111.05,1.0
5635,280,39,2780,560,943.45,90.63,1.0
5636,248,37,2748,496,943.42,81.87,1.0
5637,246,33,2746,492,943.39,85.01,1.0
5638,292,46,2792,584,943.38,90.26,1.0
5639,248,43,2748,496,943.35,81.9,1.0
5640,280,32,2780,560,943.29,89.78,1.0
5641,254,34,2754,508,943.26,86.54,1.0
5642,248,36,2748,496,943.22,82.12,1.0
5643,248,33,2748,496,943.19,81.98,1.0
5644,248,44,2748,496,943.19,81.44,1.0
5645,248,39,2748,496,943.16,82.13,1.0
5646,248,42,2748,496,943.14,82.06,1.0
5647,271,46,2771,542,943.14,86.55,1.0
5648,112,27,2612,224,943.13,74.83,1.0
5649,254,38,2754,508,943.12,86.78,1.0
5650,250,12,2750,500,943.1,128.07,1.0
5651,248,34,2748,496,943.08,81.65,1.0
5652,117,27,2617,234,943.06,73.41,1.0
5653,45,10,2545,90,943.03,85.03,1.0
5654,107,27,2607,214,942.97,70.93,1.0
5655,280,37,2780,560,942.95,90.24,1.0
5656,248,30,2748,496,942.94,81.74,1.0
5657,279,46,2779,558,942.89,90.22,1.0
5658,178,11,2678,356,942.86,115.33,1.0
5659,246,38,2746,492,942.84,84.75,1.0
5660,254,41,2754,508,942.83,86.7,1.0
5661,296,45,2796,592,942.75,87.5,1.0
5662,254,39,2754,508,942.71,87.08,1.0
5663,207,12,2707,414,942.68,122.19,1.0
5664,295,45,2795,590,942.68,89.4,1.0
5665,289,13,2789,578,942.67,131.19,1.0
5666,110,11,2610,220,942.59,100.45,1.0
5667,5,25,2505,10,942.36,61.96,1.0
5668,284,45,2784,568,942.32,88.78,1.0
5669,221,29,2721,442,942.31,86.75,1.0
5670,116,11,2616,232,942.21,103.12,1.0
5671,181,11,2681,362,942.17,111.55,1.0
5672,276,46,2776,552,942.16,92.52,1.0
5673,252,30,2752,504,942.14,88.08,1.0
5674,121,27,2621,242,942.07,77.32,1.0
5675,63,10,2563,126,942.0,91.3,1.0
5676,290,45,2790,580,941.98,88.64,1.0
5677,62,10,2562,124,941.97,92.38,1.0
5678,298,47,2798,596,941.97,96.31,1.0
5679,66,10,2566,132,941.93,92.26,1.0
5680,258,12,2758,516,941.92,132.66,1.0
5681,196,11,2696,392,941.91,119.05,1.0
5682,169,28,2669,338,941.56,81.01,1.0
5683,202,29,2702,404,941.56,79.91,1.0
5684,201,12,2701,402,941.52,115.58,1.0
5685,49,26,2549,98,941.5,68.8,1.0
5686,95,10,2595,190,941.48,99.07,1.0
5687,261,12,2761,522,941.4,134.71,1.0
5688,294,46,2794,588,941.33,90.79,1.0
5689,256,33,2756,512,941.32,85.26,1.0
5690,267,45,2767,534,941.32,87.23,1.0
5691,41,10,2541,82,941.28,86.2,1.0
5692,269,45,2769,538,941.25,84.74,1.0
5693,94,10,2594,188,941.21,98.43,1.0
5694,256,35,2756,512,941.21,84.85,1.0
5695,278,46,2778,556,941.21,90.4,1.0
5696,282,13,2782,564,941.2,129.61,1.0
5697,252,37,2752,504,941.18,87.2,1.0
5698,10,25,2510,20,941.16,60.59,1.0
5699,256,38,2756,512,941.09,84.83,1.0
5700,118,27,2618,236,941.08,74.24,1.0
5701,266,45,2766,532,941.05,88.91,1.0
5702,252,31,2752,504,941.02,87.46,1.0
5703,256,43,2756,512,940.99,85.98,1.0
5704,11,25,2511,22,940.98,61.4,1.0
5705,139,11,2639,278,940.98,106.12,1.0
5706,0,9,2500,0,940.97,72.8,1.0
5707,256,34,2756,512,940.93,85.82,1.0
5708,182,11,2682,364,940.9,116.58,1.0
5709,93,26,2593,186,940.89,76.81,1.0
5710,252,32,2752,504,940.89,87.49,1.0
5711,256,39,2756,512,940.88,84.96,1.0
5712,69,26,2569,138,940.87,69.96,1.0
5713,188,12,2688,376,940.86,121.39,1.0
5714,256,37,2756,512,940.86,85.08,1.0
5715,252,41,2752,504,940.85,87.57,1.0
5716,256,42,2756,512,940.84,85.28,1.0
5717,91,10,2591,182,940.79,95.91,1.0
5718,256,44,2756,512,940.77,84.95,1.0
5719,252,42,2752,504,940.75,87.77,1.0
5720,195,12,2695,390,940.74,125.0,1.0
5721,247,12,2747,494,940.73,128.38,1.0
5722,42,10,2542,84,940.66,84.68,1.0
5723,194,29,2694,388,940.66,79.76,1.0
5724,252,33,2752,504,940.64,88.03,1.0
5725,258,45,2758,516,940.64,91.57,1.0
5726,252,35,2752,504,940.58,87.77,1.0
5727,252,38,2752,504,940.56,88.0,1.0
5728,118,11,2618,236,940.55,103.76,1.0
5729,256,30,2756,512,940.55,85.84,1.0
5730,291,46,2791,582,940.54,91.2,1.0
5731,252,36,2752,504,940.52,86.91,1.0
5732,256,31,2756,512,940.48,86.42,1.0
5733,102,10,2602,204,940.45,99.0,1.0
5734,227,29,2727,454,940.43,84.24,1.0
5735,256,40,2756,512,940.34,85.78,1.0
5736,153,28,2653,306,940.29,78.18,1.0
5737,277,45,2777,554,940.29,90.99,1.0
5738,123,27,2623,246,940.28,78.45,1.0
5739,84,10,2584,168,940.26,96.12,1.0
5740,215,29,2715,430,940.26,83.39,1.0
5741,213,11,2713,426,940.25,125.9,1.0
5742,175,11,2675,350,940.24,115.09,1.0
5743,300,45,2800,600,940.21,94.59,1.0
5744,252,44,2752,504,940.19,87.61,1.0
5745,270,46,2770,540,940.19,90.02,1.0
5746,52,26,2552,104,940.18,68.0,1.0
5747,4,25,2504,8,940.17,61.13,1.0
5748,297,13,2797,594,940.12,131.18,1.0
5749,217,29,2717,434,940.09,84.45,1.0
5750,252,39,2752,504,940.09,87.1,1.0
5751,252,40,2752,504,940.09,87.67,1.0
5752,274,46,2774,548,940.08,88.7,1.0
5753,216,29,2716,432,940.07,84.47,1.0
5754,48,10,2548,96,940.06,84.02,1.0
5755,252,34,2752,504,940.06,87.13,1.0
5756,256,32,2756,512,940.03,84.93,1.0
5757,98,27,2598,196,940.0,70.34,1.0
5758,279,12,2779,558,939.98,135.29,1.0
5759,252,43,2752,504,939.94,87.6,1.0
5760,275,46,2775,550,939.93,91.75,1.0
5761,297,46,2797,594,939.9,89.41,1.0
5762,299,46,2799,598,939.88,97.94,1.0
5763,9,25,2509,18,939.86,64.78,1.0
5764,256,36,2756,512,939.8,85.07,1.0
5765,260,40,2760,520,939.79,89.49,1.0
5766,75,10,2575,150,939.78,91.03,1.0
5767,152,28,2652,304,939.74,77.78,1.0
5768,260,42,2760,520,939.72,89.23,1.0
5769,80,26,2580,160,939.71,73.79,1.0
5770,259,13,2759,518,939.69,127.97,1.0
5771,196,29,2696,392,939.67,80.61,1.0
5772,262,45,2762,524,939.65,86.07,1.0
5773,101,10,2601,202,939.64,98.55,1.0
5774,166,28,2666,332,939.61,78.82,1.0
5775,58,26,2558,116,939.59,66.87,1.0
5776,188,28,2688,376,939.59,86.8,1.0
5777,256,41,2756,512,939.59,85.2,1.0
5778,168,11,2668,336,939.5,115.5,1.0
5779,65,10,2565,130,939.43,89.91,1.0
5780,260,38,2760,520,939.42,89.26,1.0
5781,214,29,2714,428,939.4,83.31,1.0
5782,224,11,2724,448,939.39,123.28,1.0
5783,58,10,2558,116,939.38,87.84,1.0
5784,183,11,2683,366,939.37,115.06,1.0
5785,174,28,2674,348,939.36,83.53,1.0
5786,46,10,2546,92,939.35,85.1,1.0
5787,260,33,2760,520,939.29,89.81,1.0
5788,206,11,2706,412,939.25,121.5,1.0
5789,180,28,2680,360,939.16,78.35,1.0
5790,62,26,2562,124,939.1,72.57,1.0
5791,260,30,2760,520,939.06,89.61,1.0
5792,87,27,2587,174,939.05,70.7,1.0
5793,217,12,2717,434,939.03,119.4,1.0
5794,59,26,2559,118,938.99,69.37,1.0
5795,97,27,2597,194,938.99,74.05,1.0
5796,147,28,2647,294,938.91,76.09,1.0
5797,293,47,2793,586,938.91,92.71,1.0
5798,282,45,2782,564,938.9,88.73,1.0
5799,260,44,2760,520,938.88,89.01,1.0
5800,260,31,2760,520,938.8,90.04,1.0
5801,16,9,2516,32,938.77,79.71,1.0
5802,100,27,2600,200,938.71,72.18,1.0
5803,260,34,2760,520,938.71,89.53,1.0
5804,96,10,2596,192,938.68,98.95,1.0
5805,265,45,2765,530,938.67,89.0,1.0
5806,285,12,2785,570,938.62,132.67,1.0
5807,275,12,2775,550,938.56,133.13,1.0
5808,260,39,2760,520,938.54,89.39,1.0
5809,92,10,2592,184,938.51,98.28,1.0
5810,283,47,2783,566,938.51,90.08,1.0
5811,63,26,2563,126,938.48,71.09,1.0
5812,69,10,2569,138,938.46,93.78,1.0
5813,260,43,2760,520,938.43,89.79,1.0
5814,99,27,2599,198,938.42,71.77,1.0
5815,281,45,2781,562,938.42,88.13,1.0
5816,260,41,2760,520,938.41,89.46,1.0
5817,260,36,2760,520,938.4,89.99,1.0
5818,260,32,2760,520,938.36,89.3,1.0
5819,222,12,2722,444,938.33,122.41,1.0
5820,268,46,2768,536,938.28,88.22,1.0
5821,54,10,2554,108,938.26,87.44,1.0
5822,249,45,2749,498,938.26,87.07,1.0
5823,81,10,2581,162,938.25,93.76,1.0
5824,260,37,2760,520,938.22,89.24,1.0
5825,15,9,2515,30,938.13,76.87,1.0
5826,172,11,2672,344,938.09,113.75,1.0
5827,263,44,2763,526,938.07,88.69,1.0
5828,90,10,2590,180,937.93,96.02,1.0
5829,273,42,2773,546,937.91,86.05,1.0
5830,109,27,2609,218,937.89,73.89,1.0
5831,238,12,2738,476,937.89,126.79,1.0
5832,54,26,2554,108,937.83,66.87,1.0
5833,272,45,2772,544,937.75,90.5,1.0
5834,273,34,2773,546,937.63,86.52,1.0
5835,260,35,2760,520,937.6,89.96,1.0
5836,76,10,2576,152,937.57,90.9,1.0
5837,141,11,2641,282,937.52,105.79,1.0
5838,192,29,2692,384,937.52,79.41,1.0
5839,286,46,2786,572,937.42,91.23,1.0
5840,273,40,2773,546,937.38,85.86,1.0
5841,21,9,2521,42,937.23,80.25,1.0
5842,263,38,2763,526,937.23,88.61,1.0
5843,104,10,2604,208,937.22,102.42,1.0
5844,288,47,2788,576,937.19,92.95,1.0
5845,263,37,2763,526,937.16,89.2,1.0
5846,287,46,2787,574,937.14,91.72,1.0
5847,273,43,2773,546,937.13,86.43,1.0
5848,235,12,2735,470,937.1,130.1,1.0
5849,221,12,2721,442,937.06,123.77,1.0
5850,263,41,2763,526,937.02,89.34,1.0
5851,273,44,2773,546,937.0,86.43,1.0
5852,243,12,2743,486,936.98,123.29,1.0
5853,273,37,2773,546,936.98,86.75,1.0
5854,295,13,2795,590,936.98,131.54,1.0
5855,273,33,2773,546,936.97,86.16,1.0
5856,72,10,2572,144,936.95,92.99,1.0
5857,8,25,2508,16,936.93,63.04,1.0
5858,13,9,2513,26,936.9,77.55,1.0
5859,273,41,2773,546,936.89,86.34,1.0
5860,263,35,2763,526,936.84,89.44,1.0
5861,264,33,2764,528,936.84,89.71,1.0
5862,263,43,2763,526,936.74,89.18,1.0
5863,273,38,2773,546,936.74,86.55,1.0
5864,273,39,2773,546,936.74,87.02,1.0
5865,273,35,2773,546,936.7,86.08,1.0
5866,9,9,2509,18,936.68,78.07,1.0
5867,263,34,2763,526,936.64,89.11,1.0
5868,263,39,2763,526,936.6,88.33,1.0
5869,273,32,2773,546,936.59,87.03,1.0
5870,263,33,2763,526,936.57,88.74,1.0
5871,263,36,2763,526,936.57,89.64,1.0
5872,289,46,2789,578,936.5,91.82,1.0
5873,144,28,2644,288,936.48,76.74,1.0
5874,83,10,2583,166,936.44,98.4,1.0
5875,273,30,2773,546,936.42,86.46,1.0
5876,3,9,2503,6,936.41,76.06,1.0
5877,279,47,2779,558,936.39,91.07,1.0
5878,264,32,2764,528,936.38,90.86,1.0
5879,264,36,2764,528,936.35,90.67,1.0
5880,204,29,2704,408,936.34,85.03,1.0
5881,53,26,2553,106,936.32,70.94,1.0
5882,264,34,2764,528,936.31,90.53,1.0
5883,264,40,2764,528,936.3,89.86,1.0
5884,0,25,2500,0,936.29,60.62,1.0
5885,244,35,2744,488,936.27,84.42,1.0
5886,273,31,2773,546,936.27,87.08,1.0
5887,3,25,2503,6,936.25,63.48,1.0
5888,14,25,2514,28,936.24,62.48,1.0
5889,248,45,2748,496,936.24,82.98,1.0
5890,246,45,2746,492,936.22,85.82,1.0
5891,244,38,2744,488,936.21,84.41,1.0
5892,244,40,2744,488,936.21,83.83,1.0
5893,264,37,2764,528,936.21,90.09,1.0
5894,254,45,2754,508,936.2,86.47,1.0
5895,263,30,2763,526,936.16,89.37,1.0
5896,263,40,2763,526,936.11,88.74,1.0
5897,263,42,2763,526,936.07,89.32,1.0
5898,285,46,2785,570,936.05,90.6,1.0
5899,264,42,2764,528,936.04,90.75,1.0
5900,78,10,2578,156,936.03,96.12,1.0
5901,106,27,2606,212,936.03,72.46,1.0
5902,264,44,2764,528,936.0,91.05,1.0
5903,261,45,2761,522,935.99,94.24,1.0
5904,241,43,2741,482,935.96,87.64,1.0
5905,68,10,2568,136,935.93,92.94,1.0
5906,105,27,2605,210,935.92,75.14,1.0
5907,264,41,2764,528,935.91,91.12,1.0
5908,277,12,2777,554,935.91,131.24,1.0
5909,263,31,2763,526,935.9,90.03,1.0
5910,241,11,2741,482,935.87,126.84,1.0
5911,244,42,2744,488,935.84,83.6,1.0
5912,244,39,2744,488,935.83,84.78,1.0
5913,155,28,2655,310,935.8,78.7,1.0
5914,263,32,2763,526,935.73,89.67,1.0
5915,111,10,2611,222,935.72,100.44,1.0
5916,135,11,2635,270,935.72,104.0,1.0
5917,264,38,2764,528,935.72,90.31,1.0
5918,264,31,2764,528,935.71,90.95,1.0
5919,179,11,2679,358,935.7,117.14,1.0
5920,65,26,2565,130,935.63,69.41,1.0
5921,244,36,2744,488,935.63,84.32,1.0
5922,244,31,2744,488,935.61,84.67,1.0
5923,244,41,2744,488,935.6,84.34,1.0
5924,250,34,2750,500,935.57,89.03,1.0
5925,102,27,2602,204,935.56,74.03,1.0
5926,244,33,2744,488,935.54,84.0,1.0
5927,98,10,2598,196,935.52,99.3,1.0
5928,241,32,2741,482,935.52,87.34,1.0
5929,182,29,2682,364,935.49,79.04,1.0
5930,244,37,2744,488,935.48,84.25,1.0
5931,241,30,2741,482,935.45,86.87,1.0
5932,280,45,2780,560,935.43,91.65,1.0
5933,273,36,2773,546,935.42,86.76,1.0
5934,7,25,2507,14,935.35,62.37,1.0
5935,244,34,2744,488,935.35,84.62,1.0
5936,264,39,2764,528,935.33,90.28,1.0
5937,147,11,2647,294,935.32,109.13,1.0
5938,264,30,2764,528,935.3,91.32,1.0
5939,244,43,2744,488,935.21,83.75,1.0
5940,85,10,2585,170,935.2,97.37,1.0
5941,131,11,2631,262,935.19,102.36,1.0
5942,264,35,2764,528,935.19,90.51,1.0
5943,264,43,2764,528,935.17,90.99,1.0
5944,241,42,2741,482,935.16,87.77,1.0
5945,256,12,2756,512,935.16,132.09,1.0
5946,241,37,2741,482,935.15,87.78,1.0
5947,284,12,2784,568,935.14,129.98,1.0
5948,244,44,2744,488,935.11,83.99,1.0
5949,10,9,2510,20,935.09,75.39,1.0
5950,276,47,2776,552,935.09,93.01,1.0
5951,60,10,2560,120,935.05,93.48,1.0
5952,19,9,2519,38,935.0,78.21,1.0
5953,263,12,2763,526,934.99,128.75,1.0
5954,43,26,2543,86,934.94,68.13,1.0
5955,244,32,2744,488,934.91,84.55,1.0
5956,250,35,2750,500,934.88,88.97,1.0
5957,269,46,2769,538,934.88,85.44,1.0
5958,115,27,2615,230,934.86,72.02,1.0
5959,86,10,2586,172,934.84,98.51,1.0
5960,241,34,2741,482,934.77,87.78,1.0
5961,95,27,2595,190,934.68,74.3,1.0
5962,250,30,2750,500,934.68,89.63,1.0
5963,250,42,2750,500,934.68,89.3,1.0
5964,250,44,2750,500,934.64,89.05,1.0
5965,61,26,2561,122,934.63,68.96,1.0
5966,87,10,2587,174,934.63,98.67,1.0
5967,250,31,2750,500,934.62,89.55,1.0
5968,50,26,2550,100,934.59,68.82,1.0
5969,241,33,2741,482,934.57,86.89,1.0
5970,173,11,2673,346,934.49,110.55,1.0
5971,271,47,2771,542,934.48,88.41,1.0
5972,292,47,2792,584,934.44,90.93,1.0
5973,241,39,2741,482,934.43,87.69,1.0
5974,241,44,2741,482,934.41,86.64,1.0
5975,245,33,2745,490,934.4,86.25,1.0
5976,241,41,2741,482,934.4,87.27,1.0
5977,250,36,2750,500,934.37,89.48,1.0
5978,241,35,2741,482,934.28,88.74,1.0
5979,244,30,2744,488,934.27,84.2,1.0
5980,241,40,2741,482,934.27,86.99,1.0
5981,189,29,2689,378,934.25,79.27,1.0
5982,241,31,2741,482,934.24,87.19,1.0
5983,245,43,2745,490,934.2,85.97,1.0
5984,250,33,2750,500,934.19,89.76,1.0
5985,245,39,2745,490,934.14,85.84,1.0
5986,241,36,2741,482,934.12,87.82,1.0
5987,245,30,2745,490,934.09,86.05,1.0
5988,250,39,2750,500,934.08,88.63,1.0
5989,236,44,2736,472,934.03,85.51,1.0
5990,250,32,2750,500,934.02,89.17,1.0
5991,186,29,2686,372,934.0,80.28,1.0
5992,245,42,2745,490,933.99,86.23,1.0
5993,20,9,2520,40,933.98,79.22,1.0
5994,250,41,2750,500,933.98,88.97,1.0
5995,73,10,2573,146,933.89,91.74,1.0
5996,252,45,2752,504,933.88,87.97,1.0
5997,241,38,2741,482,933.88,87.59,1.0
5998,253,12,2753,506,933.86,127.1,1.0
5999,250,43,2750,500,933.85,89.53,1.0
6000,245,34,2745,490,933.82,86.75,1.0
6001,290,46,2790,580,933.79,89.57,1.0
6002,250,37,2750,500,933.77,88.35,1.0
6003,245,37,2745,490,933.74,85.41,1.0
6004,250,38,2750,500,933.71,89.21,1.0
6005,255,12,2755,510,933.71,127.57,1.0
6006,7,9,2507,14,933.65,76.74,1.0
6007,245,35,2745,490,933.65,86.28,1.0
6008,198,12,2698,396,933.61,116.48,1.0
6009,143,11,2643,286,933.59,111.7,1.0
6010,43,9,2543,86,933.58,86.26,1.0
6011,110,27,2610,220,933.5,76.26,1.0
6012,245,40,2745,490,933.47,86.29,1.0
6013,236,32,2736,472,933.42,84.7,1.0
6014,103,27,2603,206,933.38,72.7,1.0
6015,47,10,2547,94,933.36,86.7,1.0
6016,250,40,2750,500,933.31,88.53,1.0
6017,236,34,2736,472,933.3,84.78,1.0
6018,150,11,2650,300,933.28,107.8,1.0
6019,245,44,2745,490,933.26,86.0,1.0
6020,29,9,2529,58,933.25,83.75,1.0
6021,245,31,2745,490,933.25,85.54,1.0
6022,245,32,2745,490,933.23,86.13,1.0
6023,251,40,2751,502,933.2,87.53,1.0
6024,197,29,2697,394,933.16,83.79,1.0
6025,245,36,2745,490,933.13,85.76,1.0
6026,236,33,2736,472,933.12,84.75,1.0
6027,270,11,2770,540,933.12,131.1,1.0
6028,284,46,2784,568,933.12,89.94,1.0
6029,157,28,2657,314,933.09,82.55,1.0
6030,245,38,2745,490,933.08,85.98,1.0
6031,191,29,2691,382,933.06,79.97,1.0
6032,251,42,2751,502,933.0,88.14,1.0
6033,236,31,2736,472,932.98,85.31,1.0
6034,260,45,2760,520,932.98,89.58,1.0
6035,266,46,2766,532,932.97,90.04,1.0
6036,236,42,2736,472,932.94,85.4,1.0
6037,251,35,2751,502,932.93,89.14,1.0
6038,106,10,2606,212,932.91,100.52,1.0
6039,258,46,2758,516,932.91,92.15,1.0
6040,265,46,2765,530,932.88,89.07,1.0
6041,5,9,2505,10,932.87,74.35,1.0
6042,251,34,2751,502,932.85,89.19,1.0
6043,295,46,2795,590,932.85,91.27,1.0
6044,146,28,2646,292,932.82,79.06,1.0
6045,236,41,2736,472,932.72,84.97,1.0
6046,260,12,2760,520,932.71,135.77,1.0
6047,117,10,2617,234,932.68,101.37,1.0
6048,61,10,2561,122,932.63,91.9,1.0
6049,247,36,2747,494,932.63,88.34,1.0
6050,247,39,2747,494,932.63,87.91,1.0
6051,232,41,2732,464,932.62,84.36,1.0
6052,232,33,2732,464,932.61,83.68,1.0
6053,159,28,2659,318,932.59,80.41,1.0
6054,232,32,2732,464,932.59,84.55,1.0
6055,236,36,2736,472,932.58,85.18,1.0
6056,2,25,2502,4,932.57,62.78,1.0
6057,267,46,2767,534,932.56,89.83,1.0
6058,232,44,2732,464,932.54,83.42,1.0
6059,18,9,2518,36,932.51,75.88,1.0
6060,251,37,2751,502,932.49,87.76,1.0
6061,251,44,2751,502,932.48,88.34,1.0
6062,157,11,2657,314,932.47,111.55,1.0
6063,245,41,2745,490,932.47,85.85,1.0
6064,90,27,2590,180,932.45,69.85,1.0
6065,236,38,2736,472,932.44,85.35,1.0
6066,247,35,2747,494,932.44,88.26,1.0
6067,251,32,2751,502,932.42,88.39,1.0
6068,251,31,2751,502,932.39,87.69,1.0
6069,232,38,2732,464,932.32,83.84,1.0
6070,256,45,2756,512,932.32,87.46,1.0
6071,232,42,2732,464,932.29,83.6,1.0
6072,247,32,2747,494,932.28,88.07,1.0
6073,193,29,2693,386,932.26,81.62,1.0
6074,294,47,2794,588,932.26,92.62,1.0
6075,176,11,2676,352,932.25,116.28,1.0
6076,247,30,2747,494,932.25,87.23,1.0
6077,247,43,2747,494,932.24,88.37,1.0
6078,156,28,2656,312,932.22,82.23,1.0
6079,191,11,2691,382,932.2,116.86,1.0
6080,281,46,2781,562,932.19,88.64,1.0
6081,67,26,2567,134,932.18,72.0,1.0
6082,247,41,2747,494,932.18,88.0,1.0
6083,236,40,2736,472,932.16,84.9,1.0
6084,247,38,2747,494,932.14,88.1,1.0
6085,208,29,2708,416,932.13,82.96,1.0
6086,200,11,2700,400,932.12,125.51,1.0
6087,236,37,2736,472,932.12,85.11,1.0
6088,251,12,2751,502,932.11,128.31,1.0
6089,247,31,2747,494,932.11,88.41,1.0
6090,259,38,2759,518,932.11,86.49,1.0
6091,236,30,2736,472,932.1,84.6,1.0
6092,251,41,2751,502,932.09,87.63,1.0
6093,259,35,2759,518,932.09,88.18,1.0
6094,236,43,2736,472,932.07,84.52,1.0
6095,181,29,2681,362,932.05,78.04,1.0
6096,251,43,2751,502,932.04,88.15,1.0
6097,140,28,2640,280,932.02,77.77,1.0
6098,251,38,2751,502,932.02,88.37,1.0
6099,132,28,2632,264,932.01,78.44,1.0
6100,259,34,2759,518,931.99,87.41,1.0
6101,236,35,2736,472,931.96,84.49,1.0
6102,272,12,2772,544,931.96,134.17,1.0
6103,114,10,2614,228,931.95,103.0,1.0
6104,259,39,2759,518,931.95,88.15,1.0
6105,232,34,2732,464,931.94,84.63,1.0
6106,300,46,2800,600,931.93,94.24,1.0
6107,251,36,2751,502,931.92,88.41,1.0
6108,149,11,2649,298,931.91,108.76,1.0
6109,177,11,2677,354,931.88,117.72,1.0
6110,259,37,2759,518,931.88,86.95,1.0
6111,298,48,2798,596,931.88,96.9,1.0
6112,247,33,2747,494,931.86,87.87,1.0
6113,104,27,2604,208,931.85,76.26,1.0
6114,247,44,2747,494,931.84,87.95,1.0
6115,67,10,2567,134,931.83,92.11,1.0
6116,236,39,2736,472,931.79,84.96,1.0
6117,251,39,2751,502,931.79,88.48,1.0
6118,199,29,2699,398,931.76,80.98,1.0
6119,251,30,2751,502,931.76,88.34,1.0
6120,259,30,2759,518,931.76,87.08,1.0
6121,129,10,2629,258,931.75,104.78,1.0
6122,220,11,2720,440,931.75,124.15,1.0
6123,259,40,2759,518,931.75,86.94,1.0
6124,277,46,2777,554,931.75,92.13,1.0
6125,232,35,2732,464,931.7,84.25,1.0
6126,275,47,2775,550,931.69,92.51,1.0
6127,77,10,2577,154,931.68,93.82,1.0
6128,247,34,2747,494,931.68,88.39,1.0
6129,243,31,2743,486,931.65,84.95,1.0
6130,259,41,2759,518,931.64,87.69,1.0
6131,97,10,2597,194,931.57,100.35,1.0
6132,232,30,2732,464,931.56,84.33,1.0
6133,232,43,2732,464,931.55,84.83,1.0
6134,296,46,2796,592,931.44,88.02,1.0
6135,64,10,2564,128,931.42,89.71,1.0
6136,198,29,2698,396,931.41,81.64,1.0
6137,247,37,2747,494,931.4,87.55,1.0
6138,108,10,2608,216,931.38,102.02,1.0
6139,251,33,2751,502,931.38,88.8,1.0
6140,259,36,2759,518,931.38,87.99,1.0
6141,232,40,2732,464,931.36,83.69,1.0
6142,243,35,2743,486,931.36,84.66,1.0
6143,233,42,2733,466,931.34,86.08,1.0
6144,113,10,2613,226,931.31,104.0,1.0
6145,292,12,2792,584,931.26,137.47,1.0
6146,233,39,2733,466,931.22,86.57,1.0
6147,233,44,2733,466,931.21,85.85,1.0
6148,243,38,2743,486,931.21,84.13,1.0
6149,205,11,2705,410,931.14,119.32,1.0
6150,278,47,2778,556,931.14,90.96,1.0
6151,190,29,2690,380,931.13,82.75,1.0
6152,265,12,2765,530,931.11,131.3,1.0
6153,105,10,2605,210,931.08,99.73,1.0
6154,232,31,2732,464,931.08,83.46,1.0
6155,259,43,2759,518,931.08,86.92,1.0
6156,232,37,2732,464,931.06,84.31,1.0
6157,243,40,2743,486,931.04,84.03,1.0
6158,282,46,2782,564,930.98,89.55,1.0
6159,232,39,2732,464,930.86,83.76,1.0
6160,243,37,2743,486,930.85,85.15,1.0
6161,46,26,2546,92,930.8,67.74,1.0
6162,262,46,2762,524,930.8,87.08,1.0
6163,124,10,2624,248,930.77,104.17,1.0
6164,185,29,2685,370,930.77,82.02,1.0
6165,243,30,2743,486,930.77,85.21,1.0
6166,247,40,2747,494,930.75,88.69,1.0
6167,263,45,2763,526,930.72,89.33,1.0
6168,243,36,2743,486,930.71,84.86,1.0
6169,189,11,2689,378,930.66,119.72,1.0
6170,243,44,2743,486,930.61,85.18,1.0
6171,259,44,2759,518,930.6,87.32,1.0
6172,232,36,2732,464,930.58,83.71,1.0
6173,243,39,2743,486,930.57,84.54,1.0
6174,233,38,2733,466,930.56,86.4,1.0
6175,223,11,2723,446,930.55,120.71,1.0
6176,158,28,2658,316,930.54,80.07,1.0
6177,233,37,2733,466,930.54,86.42,1.0
6178,247,42,2747,494,930.52,88.64,1.0
6179,44,26,2544,88,930.51,67.18,1.0
6180,179,29,2679,358,930.51,79.95,1.0
6181,233,36,2733,466,930.47,85.9,1.0
6182,240,42,2740,480,930.43,83.75,1.0
6183,233,43,2733,466,930.42,86.88,1.0
6184,253,36,2753,506,930.42,86.13,1.0
6185,6,25,2506,12,930.41,61.83,1.0
6186,259,32,2759,518,930.41,87.89,1.0
6187,259,42,2759,518,930.41,87.84,1.0
6188,299,47,2799,598,930.41,99.45,1.0
6189,91,27,2591,182,930.39,72.34,1.0
6190,219,11,2719,438,930.38,120.0,1.0
6191,290,13,2790,580,930.38,135.44,1.0
6192,121,10,2621,242,930.36,103.17,1.0
6193,160,29,2660,320,930.36,77.0,1.0
6194,253,34,2753,506,930.36,85.96,1.0
6195,243,34,2743,486,930.35,84.0,1.0
6196,138,28,2638,276,930.33,76.26,1.0
6197,193,11,2693,386,930.33,118.73,1.0
6198,243,43,2743,486,930.33,84.41,1.0
6199,253,44,2753,506,930.29,86.23,1.0
6200,240,31,2740,480,930.28,83.8,1.0
6201,159,11,2659,318,930.27,111.96,1.0
6202,259,33,2759,518,930.26,87.24,1.0
6203,243,33,2743,486,930.23,84.47,1.0
6204,21,26,2521,42,930.2,63.94,1.0
6205,233,31,2733,466,930.18,86.53,1.0
6206,12,9,2512,24,930.14,78.5,1.0
6207,138,11,2638,276,930.14,108.32,1.0
6208,249,46,2749,498,930.13,87.96,1.0
6209,240,37,2740,480,930.11,83.6,1.0
6210,240,39,2740,480,930.11,83.06,1.0
6211,145,11,2645,290,930.09,109.07,1.0
6212,243,41,2743,486,930.09,84.47,1.0
6213,243,32,2743,486,930.07,84.53,1.0
6214,146,11,2646,292,930.04,110.24,1.0
6215,201,29,2701,402,930.03,83.72,1.0
6216,184,11,2684,368,930.0,118.28,1.0
6217,233,41,2733,466,930.0,87.15,1.0
6218,253,38,2753,506,930.0,85.73,1.0
6219,240,44,2740,480,929.95,83.38,1.0
6220,243,42,2743,486,929.92,84.61,1.0
6221,233,32,2733,466,929.91,86.34,1.0
6222,253,30,2753,506,929.89,85.89,1.0
6223,233,33,2733,466,929.87,86.73,1.0
6224,291,47,2791,582,929.83,91.62,1.0
6225,240,30,2740,480,929.82,84.08,1.0
6226,253,35,2753,506,929.8,85.03,1.0
6227,41,26,2541,82,929.79,67.63,1.0
6228,259,31,2759,518,929.79,88.4,1.0
6229,253,43,2753,506,929.77,85.7,1.0
6230,274,47,2774,548,929.77,89.76,1.0
6231,240,36,2740,480,929.73,83.31,1.0
6232,272,46,2772,544,929.72,90.97,1.0
6233,253,31,2753,506,929.7,85.36,1.0
6234,246,46,2746,492,929.69,85.99,1.0
6235,24,9,2524,48,929.65,81.87,1.0
6236,126,10,2626,252,929.6,106.47,1.0
6237,240,32,2740,480,929.59,84.29,1.0
6238,174,11,2674,348,929.55,116.54,1.0
6239,253,39,2753,506,929.54,85.79,1.0
6240,283,12,2783,566,929.54,133.33,1.0
6241,33,9,2533,66,929.53,84.32,1.0
6242,233,34,2733,466,929.51,87.04,1.0
6243,286,12,2786,572,929.51,133.19,1.0
6244,240,35,2740,480,929.5,84.09,1.0
6245,233,30,2733,466,929.49,86.79,1.0
6246,240,41,2740,480,929.4,83.7,1.0
6247,253,33,2753,506,929.39,85.88,1.0
6248,240,33,2740,480,929.31,84.49,1.0
6249,64,26,2564,128,929.3,68.91,1.0
6250,287,12,2787,574,929.29,137.6,1.0
6251,2,9,2502,4,929.24,72.42,1.0
6252,273,45,2773,546,929.23,87.65,1.0
6253,240,34,2740,480,929.22,83.95,1.0
6254,57,26,2557,114,929.21,68.47,1.0
6255,240,38,2740,480,929.21,83.8,1.0
6256,233,40,2733,466,929.19,86.99,1.0
6257,17,9,2517,34,929.18,79.48,1.0
6258,253,32,2753,506,929.16,85.81,1.0
6259,37,26,2537,74,929.14,67.45,1.0
6260,233,35,2733,466,929.14,86.29,1.0
6261,45,26,2545,90,929.1,64.94,1.0
6262,296,12,2796,592,929.1,134.37,1.0
6263,166,11,2666,332,929.06,113.9,1.0
6264,142,28,2642,284,929.05,76.98,1.0
6265,40,26,2540,80,929.03,66.99,1.0
6266,253,42,2753,506,929.03,85.66,1.0
6267,242,31,2742,484,929.03,85.86,1.0
6268,297,47,2797,594,929.01,90.02,1.0
6269,158,11,2658,316,928.99,112.87,1.0
6270,253,40,2753,506,928.99,86.04,1.0
6271,255,33,2755,510,928.99,87.85,1.0
6272,253,41,2753,506,928.98,85.66,1.0
6273,293,48,2793,586,928.98,93.43,1.0
6274,160,10,2660,320,928.96,114.33,1.0
6275,240,40,2740,480,928.9,84.23,1.0
6276,253,37,2753,506,928.88,85.98,1.0
6277,270,47,2770,540,928.85,90.79,1.0
6278,242,43,2742,484,928.8,86.24,1.0
6279,240,43,2740,480,928.74,83.93,1.0
6280,178,29,2678,356,928.71,80.41,1.0
6281,255,41,2755,510,928.7,88.41,1.0
6282,224,30,2724,448,928.67,84.0,1.0
6283,242,34,2742,484,928.65,86.67,1.0
6284,241,45,2741,482,928.64,87.93,1.0
6285,244,45,2744,488,928.63,84.68,1.0
6286,242,41,2742,484,928.62,86.59,1.0
6287,224,39,2724,448,928.59,84.44,1.0
6288,173,29,2673,346,928.58,77.84,1.0
6289,224,37,2724,448,928.58,84.44,1.0
6290,224,43,2724,448,928.56,84.93,1.0
6291,242,36,2742,484,928.56,86.69,1.0
6292,135,28,2635,270,928.52,74.9,1.0
6293,224,44,2724,448,928.47,84.63,1.0
6294,151,11,2651,302,928.46,109.04,1.0
6295,76,27,2576,152,928.4,70.24,1.0
6296,60,26,2560,120,928.35,73.52,1.0
6297,239,40,2739,478,928.34,84.79,1.0
6298,255,40,2755,510,928.34,88.21,1.0
6299,224,34,2724,448,928.3,85.36,1.0
6300,242,42,2742,484,928.29,86.53,1.0
6301,268,47,2768,536,928.29,89.82,1.0
6302,224,35,2724,448,928.27,84.94,1.0
6303,94,27,2594,188,928.26,74.27,1.0
6304,224,32,2724,448,928.18,84.65,1.0
6305,224,42,2724,448,928.18,84.9,1.0
6306,71,9,2571,142,928.17,93.48,1.0
6307,224,31,2724,448,928.17,84.67,1.0
6308,224,41,2724,448,928.15,85.1,1.0
6309,255,30,2755,510,928.13,88.36,1.0
6310,219,37,2719,438,928.09,82.12,1.0
6311,242,33,2742,484,928.08,87.03,1.0
6312,255,34,2755,510,928.07,87.73,1.0
6313,219,44,2719,438,928.05,82.3,1.0
6314,224,36,2724,448,928.04,83.88,1.0
6315,242,44,2742,484,928.01,85.95,1.0
6316,224,38,2724,448,928.0,84.16,1.0
6317,242,37,2742,484,928.0,86.63,1.0
6318,269,12,2769,538,928.0,129.03,1.0
6319,195,29,2695,390,927.99,84.52,1.0
6320,219,31,2719,438,927.97,81.65,1.0
6321,261,46,2761,522,927.96,95.54,1.0
6322,239,34,2739,478,927.93,84.25,1.0
6323,255,38,2755,510,927.93,88.59,1.0
6324,245,45,2745,490,927.92,85.93,1.0
6325,255,37,2755,510,927.9,87.92,1.0
6326,224,40,2724,448,927.89,84.62,1.0
6327,287,47,2787,574,927.89,92.13,1.0
6328,242,39,2742,484,927.85,86.99,1.0
6329,242,38,2742,484,927.8,86.64,1.0
6330,239,39,2739,478,927.79,84.31,1.0
6331,211,11,2711,422,927.77,120.63,1.0
6332,219,34,2719,438,927.76,82.33,1.0
6333,255,32,2755,510,927.76,88.89,1.0
6334,242,35,2742,484,927.73,86.35,1.0
6335,255,39,2755,510,927.73,87.99,1.0
6336,11,9,2511,22,927.7,76.0,1.0
6337,162,28,2662,324,927.69,83.59,1.0
6338,255,36,2755,510,927.66,87.92,1.0
6339,51,26,2551,102,927.64,71.58,1.0
6340,219,30,2719,438,927.64,81.97,1.0
6341,257,32,2757,514,927.64,85.94,1.0
6342,239,42,2739,478,927.59,85.08,1.0
6343,30,26,2530,60,927.57,64.76,1.0
6344,257,42,2757,514,927.57,85.75,1.0
6345,224,33,2724,448,927.55,85.04,1.0
6346,264,45,2764,528,927.54,91.64,1.0
6347,250,45,2750,500,927.53,90.29,1.0
6348,257,31,2757,514,927.52,86.83,1.0
6349,219,36,2719,438,927.51,82.09,1.0
6350,279,48,2779,558,927.51,92.0,1.0
6351,255,35,2755,510,927.49,88.04,1.0
6352,134,28,2634,268,927.48,79.63,1.0
6353,242,32,2742,484,927.48,86.42,1.0
6354,257,41,2757,514,927.48,86.49,1.0
6355,219,40,2719,438,927.46,82.02,1.0
6356,239,37,2739,478,927.46,85.66,1.0
6357,202,11,2702,404,927.44,118.07,1.0
6358,265,47,2765,530,927.44,90.03,1.0
6359,137,28,2637,274,927.43,75.89,1.0
6360,239,36,2739,478,927.39,84.89,1.0
6361,242,30,2742,484,927.39,86.67,1.0
6362,286,47,2786,572,927.33,91.69,1.0
6363,30,9,2530,60,927.31,83.54,1.0
6364,257,43,2757,514,927.3,86.77,1.0
6365,143,28,2643,286,927.29,80.87,1.0
6366,239,41,2739,478,927.25,85.34,1.0
6367,88,10,2588,176,927.24,97.71,1.0
6368,148,28,2648,296,927.23,78.7,1.0
6369,234,12,2734,468,927.23,123.99,1.0
6370,142,11,2642,284,927.22,108.9,1.0
6371,219,43,2719,438,927.22,82.66,1.0
6372,239,38,2739,478,927.19,84.98,1.0
6373,219,32,2719,438,927.17,81.87,1.0
6374,129,28,2629,258,927.16,76.2,1.0
6375,232,11,2732,464,927.14,125.53,1.0
6376,219,33,2719,438,927.12,82.19,1.0
6377,248,46,2748,496,927.11,84.35,1.0
6378,242,40,2742,484,927.1,86.87,1.0
6379,226,36,2726,452,927.09,83.46,1.0
6380,239,31,2739,478,927.09,84.29,1.0
6381,257,38,2757,514,927.08,86.61,1.0
6382,239,35,2739,478,927.07,84.39,1.0
6383,257,39,2757,514,927.07,86.26,1.0
6384,86,27,2586,172,927.06,71.59,1.0
6385,239,44,2739,478,927.05,85.31,1.0
6386,55,9,2555,110,927.04,89.53,1.0
6387,239,30,2739,478,927.02,84.96,1.0
6388,257,36,2757,514,926.94,86.81,1.0
6389,112,10,2612,224,926.93,103.07,1.0
6390,219,35,2719,438,926.89,81.84,1.0
6391,239,33,2739,478,926.8,85.21,1.0
6392,229,37,2729,458,926.79,84.44,1.0
6393,26,26,2526,52,926.78,64.8,1.0
6394,281,47,2781,562,926.77,89.52,1.0
6395,255,31,2755,510,926.72,87.99,1.0
6396,219,41,2719,438,926.71,81.75,1.0
6397,238,42,2738,476,926.7,82.87,1.0
6398,226,35,2726,452,926.68,83.85,1.0
6399,226,42,2726,452,926.66,83.78,1.0
6400,254,46,2754,508,926.66,87.48,1.0
6401,132,10,2632,264,926.65,109.04,1.0
6402,229,33,2729,458,926.65,83.69,1.0
6403,186,11,2686,372,926.61,121.78,1.0
6404,226,31,2726,452,926.61,83.98,1.0
6405,255,43,2755,510,926.61,88.63,1.0
6406,29,26,2529,58,926.57,66.54,1.0
6407,219,38,2719,438,926.57,81.89,1.0
6408,229,36,2729,458,926.57,83.01,1.0
6409,255,42,2755,510,926.56,88.64,1.0
6410,266,11,2766,532,926.56,133.52,1.0
6411,71,27,2571,142,926.53,68.31,1.0
6412,226,41,2726,452,926.53,83.38,1.0
6413,229,31,2729,458,926.5,83.75,1.0
6414,83,27,2583,166,926.49,74.3,1.0
6415,283,48,2783,566,926.46,92.31,1.0
6416,150,28,2650,300,926.45,77.62,1.0
6417,229,30,2729,458,926.44,84.29,1.0
6418,269,47,2769,538,926.44,87.02,1.0
6419,255,44,2755,510,926.43,88.5,1.0
6420,36,26,2536,72,926.4,67.73,1.0
6421,219,39,2719,438,926.4,82.77,1.0
6422,229,40,2729,458,926.4,83.64,1.0
6423,8,9,2508,16,926.39,77.33,1.0
6424,226,44,2726,452,926.36,83.63,1.0
6425,236,45,2736,472,926.34,85.94,1.0
6426,229,32,2729,458,926.34,84.39,1.0
6427,257,30,2757,514,926.34,86.62,1.0
6428,257,33,2757,514,926.34,87.5,1.0
6429,229,42,2729,458,926.33,84.01,1.0
6430,31,26,2531,62,926.3,67.67,1.0
6431,257,37,2757,514,926.3,87.3,1.0
6432,100,10,2600,200,926.2,102.5,1.0
6433,226,34,2726,452,926.2,83.64,1.0
6434,257,35,2757,514,926.2,86.24,1.0
6435,257,40,2757,514,926.18,86.96,1.0
6436,257,44,2757,514,926.17,86.26,1.0
6437,278,12,2778,556,926.16,135.56,1.0
6438,226,39,2726,452,926.13,83.79,1.0
6439,239,32,2739,478,926.13,85.1,1.0
6440,229,34,2729,458,926.09,83.41,1.0
6441,238,37,2738,476,926.09,83.1,1.0
6442,288,48,2788,576,926.07,94.07,1.0
6443,103,10,2603,206,926.05,100.31,1.0
6444,226,40,2726,452,926.04,84.11,1.0
6445,211,29,2711,422,925.97,85.06,1.0
6446,238,30,2738,476,925.96,82.07,1.0
6447,238,35,2738,476,925.94,83.79,1.0
6448,226,43,2726,452,925.9,83.84,1.0
6449,229,35,2729,458,925.83,83.52,1.0
6450,229,38,2729,458,925.8,84.03,1.0
6451,125,28,2625,250,925.78,74.02,1.0
6452,238,39,2738,476,925.77,82.82,1.0
6453,239,43,2739,478,925.77,85.16,1.0
6454,230,33,2730,460,925.76,82.36,1.0
6455,226,32,2726,452,925.75,84.3,1.0
6456,230,44,2730,460,925.74,82.48,1.0
6457,226,33,2726,452,925.73,84.12,1.0
6458,226,30,2726,452,925.7,84.22,1.0
6459,210,29,2710,420,925.66,84.46,1.0
6460,230,11,2730,460,925.65,124.34,1.0
6461,257,34,2757,514,925.65,86.7,1.0
6462,31,9,2531,62,925.63,82.51,1.0
6463,229,43,2729,458,925.59,83.58,1.0
6464,232,45,2732,464,925.56,84.64,1.0
6465,219,42,2719,438,925.53,82.91,1.0
6466,230,38,2730,460,925.52,82.85,1.0
6467,229,44,2729,458,925.51,83.9,1.0
6468,230,39,2730,460,925.51,82.8,1.0
6469,226,37,2726,452,925.49,83.58,1.0
6470,252,46,2752,504,925.49,88.72,1.0
6471,280,46,2780,560,925.49,91.64,1.0
6472,4,9,2504,8,925.48,74.85,1.0
6473,149,28,2649,298,925.48,79.34,1.0
6474,230,31,2730,460,925.46,82.93,1.0
6475,238,41,2738,476,925.45,83.07,1.0
6476,289,47,2789,578,925.45,93.57,1.0
6477,238,33,2738,476,925.42,84.38,1.0
6478,266,47,2766,532,925.42,90.08,1.0
6479,93,10,2593,186,925.41,98.31,1.0
6480,74,10,2574,148,925.4,97.57,1.0
6481,238,43,2738,476,925.38,84.49,1.0
6482,230,43,2730,460,925.37,83.13,1.0
6483,290,47,2790,580,925.36,91.69,1.0
6484,235,31,2735,470,925.32,85.23,1.0
6485,235,40,2735,470,925.32,85.89,1.0
6486,238,40,2738,476,925.32,82.9,1.0
6487,119,10,2619,238,925.3,106.82,1.0
6488,230,40,2730,460,925.29,81.7,1.0
6489,238,38,2738,476,925.28,83.22,1.0
6490,276,48,2776,552,925.26,93.59,1.0
6491,238,32,2738,476,925.25,83.46,1.0
6492,233,11,2733,466,925.21,124.59,1.0
6493,249,11,2749,498,925.2,128.49,1.0
6494,109,10,2609,218,925.18,102.59,1.0
6495,235,32,2735,470,925.18,84.87,1.0
6496,229,39,2729,458,925.18,83.7,1.0
6497,238,36,2738,476,925.17,82.53,1.0
6498,235,37,2735,470,925.16,85.19,1.0
6499,226,38,2726,452,925.16,85.01,1.0
6500,209,44,2709,418,925.15,84.49,1.0
6501,230,30,2730,460,925.15,82.45,1.0
6502,33,26,2533,66,925.14,66.56,1.0
6503,128,10,2628,256,925.08,107.64,1.0
6504,235,41,2735,470,925.04,85.19,1.0
6505,230,32,2730,460,925.01,81.97,1.0
6506,126,28,2626,252,925.0,74.9,1.0
6507,235,35,2735,470,925.0,85.54,1.0
6508,243,45,2743,486,924.98,84.6,1.0
6509,235,33,2735,470,924.93,85.24,1.0
6510,230,34,2730,460,924.92,81.98,1.0
6511,230,42,2730,460,924.92,82.48,1.0
6512,209,41,2709,418,924.91,85.29,1.0
6513,230,41,2730,460,924.89,82.66,1.0
6514,48,26,2548,96,924.87,68.11,1.0
6515,235,44,2735,470,924.87,85.23,1.0
6516,230,37,2730,460,924.87,83.64,1.0
6517,298,49,2798,596,924.87,98.02,1.0
6518,209,34,2709,418,924.86,84.79,1.0
6519,175,29,2675,350,924.84,78.63,1.0
6520,209,40,2709,418,924.83,84.44,1.0
6521,259,45,2759,518,924.82,88.04,1.0
6522,235,38,2735,470,924.8,85.46,1.0
6523,238,34,2738,476,924.8,83.04,1.0
6524,229,41,2729,458,924.79,84.13,1.0
6525,209,35,2709,418,924.77,84.7,1.0
6526,267,47,2767,534,924.77,89.39,1.0
6527,227,12,2727,454,924.76,118.25,1.0
6528,92,27,2592,184,924.75,74.21,1.0
6529,165,29,2665,330,924.74,76.33,1.0
6530,268,11,2768,536,924.71,129.9,1.0
6531,230,35,2730,460,924.68,82.42,1.0
6532,209,42,2709,418,924.64,84.19,1.0
6533,26,9,2526,52,924.62,83.55,1.0
6534,209,38,2709,418,924.59,84.99,1.0
6535,125,10,2625,250,924.57,103.43,1.0
6536,257,12,2757,514,924.55,131.59,1.0
6537,209,32,2709,418,924.54,85.16,1.0
6538,140,10,2640,280,924.52,111.57,1.0
6539,152,10,2652,304,924.51,111.37,1.0
6540,209,36,2709,418,924.47,84.45,1.0
6541,271,48,2771,542,924.47,88.86,1.0
6542,281,12,2781,562,924.47,129.88,1.0
6543,251,45,2751,502,924.46,89.85,1.0
6544,180,11,2680,360,924.42,111.97,1.0
6545,238,31,2738,476,924.42,83.3,1.0
6546,28,9,2528,56,924.4,82.92,1.0
6547,209,39,2709,418,924.38,84.5,1.0
6548,235,34,2735,470,924.37,85.87,1.0
6549,107,10,2607,214,924.31,102.14,1.0
6550,34,26,2534,68,924.3,64.83,1.0
6551,133,28,2633,266,924.3,76.2,1.0
6552,209,31,2709,418,924.3,84.69,1.0
6553,25,9,2525,50,924.29,82.78,1.0
6554,24,26,2524,48,924.27,64.13,1.0
6555,209,33,2709,418,924.27,85.12,1.0
6556,212,31,2712,424,924.25,81.96,1.0
6557,275,48,2775,550,924.24,93.42,1.0
6558,38,26,2538,76,924.22,65.46,1.0
6559,235,43,2735,470,924.21,85.17,1.0
6560,230,36,2730,460,924.19,82.46,1.0
6561,235,30,2735,470,924.16,86.07,1.0
6562,260,46,2760,520,924.12,90.62,1.0
6563,209,37,2709,418,924.09,85.14,1.0
6564,298,11,2798,596,924.08,142.9,1.0
6565,218,11,2718,436,924.04,122.76,1.0
6566,300,47,2800,600,924.04,94.5,1.0
6567,82,10,2582,164,924.02,95.51,1.0
6568,127,28,2627,254,924.01,76.15,1.0
6569,28,26,2528,56,924.0,65.38,1.0
6570,81,27,2581,162,923.93,69.65,1.0
6571,238,44,2738,476,923.9,83.44,1.0
6572,285,47,2785,570,923.88,91.27,1.0
6573,212,35,2712,424,923.87,82.36,1.0
6574,68,27,2568,136,923.81,69.72,1.0
6575,278,48,2778,556,923.8,91.31,1.0
6576,295,47,2795,590,923.77,92.43,1.0
6577,249,47,2749,498,923.74,88.93,1.0
6578,27,26,2527,54,923.73,66.72,1.0
6579,139,28,2639,278,923.65,78.52,1.0
6580,190,11,2690,380,923.65,122.07,1.0
6581,277,47,2777,554,923.64,92.49,1.0
6582,84,27,2584,168,923.57,69.81,1.0
6583,209,30,2709,418,923.54,84.93,1.0
6584,294,12,2794,588,923.49,129.88,1.0
6585,209,43,2709,418,923.48,84.66,1.0
6586,235,36,2735,470,923.48,86.0,1.0
6587,235,39,2735,470,923.43,85.1,1.0
6588,184,29,2684,368,923.38,80.85,1.0
6589,280,12,2780,560,923.38,131.96,1.0
6590,212,32,2712,424,923.36,82.65,1.0
6591,203,29,2703,406,923.35,85.89,1.0
6592,22,9,2522,44,923.29,81.28,1.0
6593,247,45,2747,494,923.29,88.47,1.0
6594,223,33,2723,446,923.27,82.32,1.0
6595,237,32,2737,474,923.26,83.3,1.0
6596,212,40,2712,424,923.23,82.01,1.0
6597,223,32,2723,446,923.2,83.38,1.0
6598,212,33,2712,424,923.18,81.69,1.0
6599,223,41,2723,446,923.13,82.31,1.0
6600,235,42,2735,470,923.12,84.5,1.0
6601,70,27,2570,140,923.1,70.92,1.0
6602,223,42,2723,446,923.09,82.93,1.0
6603,223,31,2723,446,923.07,83.32,1.0
6604,237,42,2737,474,923.06,84.76,1.0
6605,212,36,2712,424,923.05,81.99,1.0
6606,241,46,2741,482,923.02,88.75,1.0
6607,233,45,2733,466,923.0,87.34,1.0
6608,237,30,2737,474,922.99,83.52,1.0
6609,240,45,2740,480,922.98,84.97,1.0
6610,294,48,2794,588,922.98,93.35,1.0
6611,130,10,2630,260,922.91,105.83,1.0
6612,212,39,2712,424,922.86,81.95,1.0
6613,223,40,2723,446,922.79,82.85,1.0
6614,212,44,2712,424,922.78,82.24,1.0
6615,120,10,2620,240,922.75,107.57,1.0
6616,145,28,2645,290,922.75,80.62,1.0
6617,274,12,2774,548,922.73,133.01,1.0
6618,223,38,2723,446,922.72,83.57,1.0
6619,223,30,2723,446,922.68,82.89,1.0
6620,137,10,2637,274,922.67,107.93,1.0
6621,212,43,2712,424,922.63,81.74,1.0
6622,223,44,2723,446,922.63,83.61,1.0
6623,212,38,2712,424,922.6,82.55,1.0
6624,212,42,2712,424,922.58,82.47,1.0
6625,237,40,2737,474,922.56,84.32,1.0
6626,14,9,2514,28,922.55,79.01,1.0
6627,237,31,2737,474,922.55,83.17,1.0
6628,80,10,2580,160,922.51,96.02,1.0
6629,270,48,2770,540,922.5,92.67,1.0
6630,237,36,2737,474,922.49,83.24,1.0
6631,223,37,2723,446,922.47,82.89,1.0
6632,212,37,2712,424,922.4,81.78,1.0
6633,212,34,2712,424,922.39,83.0,1.0
6634,37,9,2537,74,922.32,86.38,1.0
6635,228,41,2728,456,922.31,81.67,1.0
6636,212,41,2712,424,922.3,81.93,1.0
6637,223,39,2723,446,922.3,82.34,1.0
6638,262,47,2762,524,922.3,87.66,1.0
6639,263,46,2763,526,922.3,89.95,1.0
6640,161,10,2661,322,922.29,112.56,1.0
6641,177,29,2677,354,922.29,79.38,1.0
6642,237,35,2737,474,922.29,83.7,1.0
6643,256,46,2756,512,922.27,87.86,1.0
6644,223,43,2723,446,922.23,82.91,1.0
6645,245,11,2745,490,922.22,130.38,1.0
6646,228,37,2728,456,922.2,81.99,1.0
6647,212,30,2712,424,922.19,82.21,1.0
6648,223,34,2723,446,922.13,83.51,1.0
6649,223,35,2723,446,922.13,82.99,1.0
6650,228,36,2728,456,922.09,82.44,1.0
6651,228,40,2728,456,922.02,82.03,1.0
6652,299,12,2799,598,922.02,136.95,1.0
6653,237,43,2737,474,922.0,84.07,1.0
6654,20,26,2520,40,921.99,66.2,1.0
6655,237,44,2737,474,921.99,84.3,1.0
6656,228,42,2728,456,921.95,82.55,1.0
6657,234,33,2734,468,921.93,80.41,1.0
6658,228,33,2728,456,921.93,82.46,1.0
6659,237,39,2737,474,921.93,83.55,1.0
6660,258,47,2758,516,921.93,93.37,1.0
6661,35,26,2535,70,921.92,65.3,1.0
6662,133,10,2633,266,921.88,107.29,1.0
6663,237,34,2737,474,921.87,82.85,1.0
6664,228,32,2728,456,921.86,82.07,1.0
6665,228,43,2728,456,921.81,82.16,1.0
6666,171,11,2671,342,921.8,113.74,1.0
6667,215,11,2715,430,921.77,123.59,1.0
6668,134,10,2634,268,921.74,113.8,1.0
6669,75,27,2575,150,921.73,69.21,1.0
6670,237,38,2737,474,921.72,83.42,1.0
6671,284,47,2784,568,921.72,90.18,1.0
6672,228,34,2728,456,921.69,82.14,1.0
6673,223,36,2723,446,921.68,83.18,1.0
6674,228,39,2728,456,921.65,82.1,1.0
6675,237,33,2737,474,921.63,83.99,1.0
6676,122,10,2622,244,921.61,106.49,1.0
6677,231,39,2731,462,921.58,83.82,1.0
6678,237,41,2737,474,921.54,84.42,1.0
6679,56,9,2556,112,921.51,90.79,1.0
6680,228,31,2728,456,921.48,82.91,1.0
6681,89,10,2589,178,921.46,95.28,1.0
6682,234,30,2734,468,921.46,79.76,1.0
6683,244,46,2744,488,921.46,86.94,1.0
6684,168,29,2668,336,921.43,78.56,1.0
6685,228,44,2728,456,921.43,82.13,1.0
6686,287,48,2787,574,921.43,92.91,1.0
6687,23,9,2523,46,921.42,78.41,1.0
6688,18,26,2518,36,921.41,62.36,1.0
6689,57,10,2557,114,921.4,89.66,1.0
6690,34,9,2534,68,921.32,81.62,1.0
6691,228,30,2728,456,921.29,82.22,1.0
6692,88,27,2588,176,921.24,73.14,1.0
6693,224,45,2724,448,921.24,85.52,1.0
6694,231,35,2731,462,921.23,84.3,1.0
6695,255,45,2755,510,921.2,88.69,1.0
6696,78,27,2578,156,921.16,71.78,1.0
6697,220,39,2720,440,921.14,83.76,1.0
6698,110,10,2610,220,921.11,103.42,1.0
6699,292,48,2792,584,921.1,93.1,1.0
6700,296,47,2796,592,921.03,89.19,1.0
6701,13,26,2513,26,921.02,62.57,1.0
6702,244,11,2744,488,921.02,129.81,1.0
6703,128,28,2628,256,921.01,79.0,1.0
6704,267,11,2767,534,921.01,134.09,1.0
6705,162,11,2662,324,921.0,116.54,1.0
6706,234,40,2734,468,920.97,79.89,1.0
6707,282,47,2782,564,920.97,90.91,1.0
6708,234,35,2734,468,920.96,80.27,1.0
6709,234,42,2734,468,920.96,80.0,1.0
6710,220,36,2720,440,920.88,83.91,1.0
6711,231,44,2731,462,920.84,84.67,1.0
6712,234,39,2734,468,920.83,80.1,1.0
6713,234,38,2734,468,920.82,79.81,1.0
6714,220,43,2720,440,920.81,83.35,1.0
6715,39,26,2539,78,920.79,67.6,1.0
6716,195,11,2695,390,920.79,125.99,1.0
6717,234,31,2734,468,920.78,79.94,1.0
6718,239,45,2739,478,920.78,85.74,1.0
6719,136,28,2636,272,920.76,79.05,1.0
6720,216,11,2716,432,920.76,120.58,1.0
6721,234,41,2734,468,920.72,80.08,1.0
6722,228,35,2728,456,920.72,81.79,1.0
6723,237,37,2737,474,920.71,83.57,1.0
6724,231,38,2731,462,920.69,84.44,1.0
6725,234,43,2734,468,920.66,79.79,1.0
6726,220,37,2720,440,920.65,83.93,1.0
6727,228,38,2728,456,920.65,82.24,1.0
6728,219,45,2719,438,920.64,83.24,1.0
6729,234,37,2734,468,920.62,80.27,1.0
6730,234,44,2734,468,920.62,80.67,1.0
6731,246,47,2746,492,920.62,87.49,1.0
6732,264,46,2764,528,920.61,92.17,1.0
6733,231,37,2731,462,920.58,84.24,1.0
6734,170,29,2670,340,920.57,78.1,1.0
6735,226,45,2726,452,920.56,84.54,1.0
6736,242,45,2742,484,920.56,87.43,1.0
6737,124,28,2624,248,920.51,75.86,1.0
6738,231,40,2731,462,920.5,84.37,1.0
6739,231,41,2731,462,920.49,84.52,1.0
6740,25,26,2525,50,920.45,66.95,1.0
6741,55,27,2555,110,920.44,67.64,1.0
6742,257,45,2757,514,920.43,87.15,1.0
6743,234,34,2734,468,920.38,79.23,1.0
6744,220,42,2720,440,920.38,84.25,1.0
6745,234,36,2734,468,920.37,79.56,1.0
6746,220,35,2720,440,920.37,84.31,1.0
6747,6,9,2506,12,920.36,74.12,1.0
6748,220,41,2720,440,920.29,83.35,1.0
6749,231,30,2731,462,920.29,84.31,1.0
6750,293,49,2793,586,920.25,94.57,1.0
6751,220,40,2720,440,920.23,84.69,1.0
6752,220,44,2720,440,920.17,83.01,1.0
6753,273,46,2773,546,920.17,89.38,1.0
6754,231,32,2731,462,920.11,84.42,1.0
6755,250,11,2750,500,920.11,131.26,1.0
6756,220,34,2720,440,920.1,83.5,1.0
6757,231,31,2731,462,920.1,84.89,1.0
6758,274,48,2774,548,920.08,90.21,1.0
6759,261,47,2761,522,920.06,95.9,1.0
6760,220,33,2720,440,920.01,83.89,1.0
6761,49,9,2549,98,919.99,90.58,1.0
6762,209,45,2709,418,919.96,85.18,1.0
6763,234,32,2734,468,919.95,80.29,1.0
6764,231,43,2731,462,919.94,84.75,1.0
6765,246,11,2746,492,919.91,129.65,1.0
6766,231,33,2731,462,919.89,84.17,1.0
6767,231,34,2731,462,919.88,84.08,1.0
6768,299,48,2799,598,919.88,100.06,1.0
6769,53,9,2553,106,919.87,89.8,1.0
6770,268,48,2768,536,919.87,90.64,1.0
6771,176,29,2676,352,919.85,81.05,1.0
6772,131,28,2631,262,919.84,75.23,1.0
6773,238,45,2738,476,919.83,84.03,1.0
6774,231,42,2731,462,919.82,83.99,1.0
6775,231,36,2731,462,919.81,84.97,1.0
6776,108,28,2608,216,919.8,72.79,1.0
6777,89,27,2589,178,919.78,73.42,1.0
6778,253,45,2753,506,919.75,87.16,1.0
6779,239,12,2739,478,919.71,126.12,1.0
6780,220,31,2720,440,919.56,84.13,1.0
6781,252,47,2752,504,919.56,90.69,1.0
6782,32,26,2532,64,919.53,66.24,1.0
6783,42,26,2542,84,919.49,67.38,1.0
6784,16,26,2516,32,919.47,64.53,1.0
6785,289,48,2789,578,919.43,94.24,1.0
6786,169,10,2669,338,919.4,115.77,1.0
6787,22,26,2522,44,919.38,65.0,1.0
6788,293,11,2793,586,919.3,135.63,1.0
6789,35,9,2535,70,919.25,83.41,1.0
6790,220,38,2720,440,919.25,84.02,1.0
6791,229,45,2729,458,919.2,84.44,1.0
6792,44,9,2544,88,919.19,86.36,1.0
6793,254,47,2754,508,919.03,88.85,1.0
6794,36,9,2536,72,919.02,84.98,1.0
6795,82,27,2582,164,919.0,71.3,1.0
6796,127,10,2627,254,918.97,106.93,1.0
6797,70,9,2570,140,918.93,91.7,1.0
6798,52,9,2552,104,918.89,88.85,1.0
6799,1,26,2501,2,918.86,62.75,1.0
6800,276,11,2776,552,918.86,133.28,1.0
6801,167,29,2667,334,918.85,79.26,1.0
6802,116,10,2616,232,918.82,104.03,1.0
6803,136,10,2636,272,918.79,113.56,1.0
6804,286,48,2786,572,918.79,93.02,1.0
6805,220,30,2720,440,918.78,84.71,1.0
6806,220,32,2720,440,918.78,84.09,1.0
6807,206,31,2706,412,918.73,82.29,1.0
6808,114,28,2614,228,918.7,73.13,1.0
6809,197,11,2697,394,918.68,122.79,1.0
6810,32,9,2532,64,918.6,82.24,1.0
6811,45,9,2545,90,918.6,85.26,1.0
6812,38,9,2538,76,918.52,85.55,1.0
6813,123,10,2623,246,918.51,109.89,1.0
6814,291,48,2791,582,918.51,93.1,1.0
6815,273,12,2773,546,918.49,132.42,1.0
6816,164,29,2664,328,918.46,80.14,1.0
6817,254,11,2754,508,918.4,130.81,1.0
6818,272,47,2772,544,918.36,92.79,1.0
6819,50,9,2550,100,918.35,90.19,1.0
6820,206,32,2706,412,918.31,82.56,1.0
6821,72,27,2572,144,918.3,68.19,1.0
6822,144,10,2644,288,918.3,109.18,1.0
6823,289,12,2789,578,918.27,134.01,1.0
6824,258,11,2758,516,918.23,133.88,1.0
6825,206,38,2706,412,918.21,81.08,1.0
6826,199,11,2699,398,918.12,118.59,1.0
6827,85,27,2585,170,918.07,71.56,1.0
6828,120,28,2620,240,918.07,74.3,1.0
6829,122,28,2622,244,918.05,75.7,1.0
6830,271,11,2771,542,918.04,132.92,1.0
6831,47,26,2547,94,918.02,67.95,1.0
6832,130,28,2630,260,917.99,76.45,1.0
6833,232,46,2732,464,917.94,85.69,1.0
6834,236,46,2736,472,917.88,86.49,1.0
6835,206,43,2706,412,917.86,81.93,1.0
6836,79,27,2579,158,917.84,74.58,1.0
6837,245,46,2745,490,917.83,87.93,1.0
6838,242,11,2742,484,917.8,133.82,1.0
6839,269,48,2769,538,917.79,87.74,1.0
6840,237,11,2737,474,917.72,126.07,1.0
6841,12,26,2512,24,917.71,65.12,1.0
6842,23,26,2523,46,917.7,63.67,1.0
6843,155,10,2655,310,917.7,114.75,1.0
6844,259,46,2759,518,917.69,89.54,1.0
6845,206,39,2706,412,917.68,82.44,1.0
6846,141,28,2641,282,917.66,76.48,1.0
6847,206,33,2706,412,917.66,82.87,1.0
6848,275,49,2775,550,917.64,95.63,1.0
6849,167,10,2667,334,917.62,113.11,1.0
6850,206,37,2706,412,917.61,82.2,1.0
6851,225,42,2725,450,917.61,86.48,1.0
6852,265,48,2765,530,917.6,90.41,1.0
6853,214,11,2714,428,917.56,123.65,1.0
6854,282,12,2782,564,917.51,133.97,1.0
6855,291,12,2791,582,917.49,133.24,1.0
6856,115,10,2615,230,917.46,101.62,1.0
6857,230,45,2730,460,917.46,84.17,1.0
6858,164,10,2664,328,917.44,117.42,1.0
6859,19,26,2519,38,917.43,63.9,1.0
6860,206,34,2706,412,917.39,83.29,1.0
6861,225,40,2725,450,917.39,86.51,1.0
6862,283,49,2783,566,917.39,93.38,1.0
6863,205,43,2705,410,917.38,78.75,1.0
6864,206,36,2706,412,917.38,82.13,1.0
6865,161,29,2661,322,917.37,76.75,1.0
6866,210,11,2710,420,917.33,120.27,1.0
6867,206,42,2706,412,917.33,82.38,1.0
6868,121,28,2621,242,917.3,76.59,1.0
6869,222,35,2722,444,917.27,85.16,1.0
6870,39,9,2539,78,917.26,87.35,1.0
6871,206,30,2706,412,917.26,81.77,1.0
6872,252,11,2752,504,917.25,130.88,1.0
6873,111,28,2611,222,917.24,73.14,1.0
6874,205,36,2705,410,917.18,79.26,1.0
6875,206,35,2706,412,917.18,82.6,1.0
6876,225,30,2725,450,917.14,87.16,1.0
6877,17,26,2517,34,917.12,65.31,1.0
6878,154,10,2654,308,917.09,110.64,1.0
6879,59,9,2559,118,917.05,90.59,1.0
6880,225,31,2725,450,917.04,86.16,1.0
6881,225,44,2725,450,916.97,86.48,1.0
6882,205,34,2705,410,916.96,79.47,1.0
6883,206,41,2706,412,916.95,82.79,1.0
6884,74,27,2574,148,916.94,71.64,1.0
6885,206,40,2706,412,916.91,82.42,1.0
6886,297,48,2797,594,916.87,93.15,1.0
6887,271,49,2771,542,916.86,90.74,1.0
6888,222,31,2722,444,916.85,85.5,1.0
6889,222,42,2722,444,916.85,85.17,1.0
6890,203,11,2703,406,916.84,122.2,1.0
6891,205,33,2705,410,916.8,79.61,1.0
6892,205,39,2705,410,916.76,79.27,1.0
6893,218,35,2718,436,916.69,84.99,1.0
6894,225,43,2725,450,916.69,86.76,1.0
6895,217,42,2717,434,916.68,84.06,1.0
6896,243,46,2743,486,916.65,86.38,1.0
6897,200,32,2700,400,916.63,83.03,1.0
6898,222,32,2722,444,916.61,85.46,1.0
6899,163,29,2663,326,916.51,77.18,1.0
6900,288,49,2788,576,916.49,95.96,1.0
6901,267,48,2767,534,916.48,91.83,1.0
6902,281,48,2781,562,916.46,90.62,1.0
6903,205,35,2705,410,916.45,79.14,1.0
6904,225,35,2725,450,916.41,85.92,1.0
6905,222,30,2722,444,916.4,85.76,1.0
6906,205,31,2705,410,916.39,79.39,1.0
6907,218,39,2718,436,916.39,84.95,1.0
6908,225,41,2725,450,916.38,86.5,1.0
6909,248,47,2748,496,916.38,85.25,1.0
6910,200,31,2700,400,916.34,82.67,1.0
6911,207,11,2707,414,916.32,125.28,1.0
6912,240,11,2740,480,916.32,128.78,1.0
6913,205,32,2705,410,916.31,78.86,1.0
6914,222,41,2722,444,916.31,85.76,1.0
6915,212,10,2712,424,916.3,123.34,1.0
6916,266,48,2766,532,916.3,91.01,1.0
6917,187,11,2687,374,916.28,114.3,1.0
6918,205,38,2705,410,916.28,78.29,1.0
6919,225,33,2725,450,916.27,86.81,1.0
6920,235,45,2735,470,916.23,86.24,1.0
6921,187,29,2687,374,916.22,82.15,1.0
6922,280,47,2780,560,916.22,93.81,1.0
6923,222,34,2722,444,916.21,86.0,1.0
6924,205,42,2705,410,916.19,79.51,1.0
6925,250,46,2750,500,916.19,91.12,1.0
6926,40,9,2540,80,916.18,83.18,1.0
6927,93,27,2593,186,916.17,76.25,1.0
6928,205,40,2705,410,916.13,79.21,1.0
6929,263,47,2763,526,916.12,91.53,1.0
6930,205,37,2705,410,916.08,79.73,1.0
6931,206,44,2706,412,916.08,81.7,1.0
6932,218,30,2718,436,916.07,85.72,1.0
6933,200,37,2700,400,916.07,83.15,1.0
6934,225,37,2725,450,916.06,85.31,1.0
6935,212,45,2712,424,916.04,84.08,1.0
6936,222,43,2722,444,916.04,85.7,1.0
6937,217,41,2717,434,916.03,84.27,1.0
6938,222,37,2722,444,916.0,85.88,1.0
6939,222,40,2722,444,916.0,85.81,1.0
6940,295,48,2795,590,915.98,93.11,1.0
6941,181,10,2681,362,915.92,113.02,1.0
6942,225,39,2725,450,915.9,86.81,1.0
6943,185,10,2685,370,915.89,120.02,1.0
6944,225,32,2725,450,915.89,85.94,1.0
6945,172,29,2672,344,915.87,80.28,1.0
6946,1,8,2501,2,915.85,74.25,1.0
6947,205,44,2705,410,915.85,78.05,1.0
6948,200,39,2700,400,915.84,83.15,1.0
6949,213,32,2713,426,915.84,83.64,1.0
6950,222,36,2722,444,915.82,85.0,1.0
6951,217,32,2717,434,915.81,84.0,1.0
6952,194,10,2694,388,915.78,120.21,1.0
6953,218,31,2718,436,915.78,85.34,1.0
6954,188,11,2688,376,915.71,121.23,1.0
6955,231,11,2731,462,915.71,126.66,1.0
6956,200,36,2700,400,915.69,82.9,1.0
6957,226,11,2726,452,915.69,125.12,1.0
6958,217,43,2717,434,915.68,84.56,1.0
6959,240,46,2740,480,915.68,85.18,1.0
6960,178,10,2678,356,915.66,117.57,1.0
6961,200,38,2700,400,915.66,83.43,1.0
6962,200,33,2700,400,915.63,82.48,1.0
6963,66,27,2566,132,915.62,71.01,1.0
6964,205,41,2705,410,915.62,79.53,1.0
6965,225,36,2725,450,915.62,85.81,1.0
6966,217,31,2717,434,915.59,83.69,1.0
6967,217,37,2717,434,915.59,83.95,1.0
6968,217,39,2717,434,915.59,84.12,1.0
6969,200,30,2700,400,915.59,83.12,1.0
6970,200,44,2700,400,915.59,83.35,1.0
6971,222,38,2722,444,915.58,86.01,1.0
6972,260,47,2760,520,915.57,91.12,1.0
6973,297,12,2797,594,915.57,133.88,1.0
6974,218,33,2718,436,915.56,85.83,1.0
6975,218,32,2718,436,915.51,86.56,1.0
6976,217,34,2717,434,915.5,84.62,1.0
6977,200,41,2700,400,915.48,82.76,1.0
6978,151,28,2651,302,915.47,80.35,1.0
6979,205,30,2705,410,915.43,79.73,1.0
6980,222,44,2722,444,915.43,85.67,1.0
6981,200,43,2700,400,915.39,83.34,1.0
6982,217,44,2717,434,915.38,84.23,1.0
6983,218,41,2718,436,915.38,86.22,1.0
6984,279,49,2779,558,915.37,93.71,1.0
6985,218,42,2718,436,915.36,85.93,1.0
6986,217,38,2717,434,915.34,84.4,1.0
6987,217,40,2717,434,915.3,83.99,1.0
6988,200,34,2700,400,915.3,83.08,1.0
6989,218,37,2718,436,915.29,85.79,1.0
6990,222,39,2722,444,915.26,85.27,1.0
6991,258,48,2758,516,915.26,93.67,1.0
6992,222,33,2722,444,915.24,85.45,1.0
6993,225,34,2725,450,915.23,85.63,1.0
6994,171,29,2671,342,915.16,80.12,1.0
6995,228,45,2728,456,915.16,83.48,1.0
6996,213,38,2713,426,915.14,83.73,1.0
6997,225,38,2725,450,915.13,86.1,1.0
6998,180,29,2680,360,915.09,76.88,1.0
6999,223,45,2723,446,915.07,83.26,1.0
7000,217,30,2717,434,915.05,84.07,1.0
7001,218,44,2718,436,914.95,85.91,1.0
7002,219,46,2719,438,914.95,83.05,1.0
7003,217,33,2717,434,914.94,83.98,1.0
7004,200,35,2700,400,914.93,83.81,1.0
7005,200,40,2700,400,914.92,82.69,1.0
7006,224,46,2724,448,914.91,86.61,1.0
7007,174,29,2674,348,914.9,83.16,1.0
7008,276,49,2776,552,914.89,94.96,1.0
7009,165,10,2665,330,914.83,112.84,1.0
7010,73,27,2573,146,914.82,71.24,1.0
7011,218,38,2718,436,914.78,85.64,1.0
7012,217,35,2717,434,914.73,84.35,1.0
7013,113,28,2613,226,914.7,77.36,1.0
7014,154,29,2654,308,914.7,78.25,1.0
7015,290,48,2790,580,914.69,92.63,1.0
7016,213,43,2713,426,914.68,83.04,1.0
7017,256,47,2756,512,914.67,89.01,1.0
7018,298,50,2798,596,914.66,99.25,1.0
7019,200,42,2700,400,914.6,83.15,1.0
7020,194,38,2694,388,914.59,79.34,1.0
7021,217,36,2717,434,914.58,84.21,1.0
7022,218,36,2718,436,914.58,86.0,1.0
7023,243,11,2743,486,914.57,127.78,1.0
7024,251,46,2751,502,914.51,89.72,1.0
7025,169,29,2669,338,914.49,80.31,1.0
7026,77,27,2577,154,914.47,69.9,1.0
7027,237,45,2737,474,914.47,84.1,1.0
7028,192,11,2692,384,914.46,120.6,1.0
7029,218,40,2718,436,914.45,86.04,1.0
7030,277,48,2777,554,914.45,93.11,1.0
7031,213,30,2713,426,914.44,83.12,1.0
7032,194,31,2694,388,914.42,78.85,1.0
7033,194,32,2694,388,914.41,78.43,1.0
7034,244,47,2744,488,914.41,87.26,1.0
7035,213,33,2713,426,914.4,83.26,1.0
7036,194,42,2694,388,914.39,79.63,1.0
7037,194,34,2694,388,914.37,79.23,1.0
7038,213,31,2713,426,914.37,83.86,1.0
7039,194,41,2694,388,914.35,78.86,1.0
7040,209,10,2709,418,914.34,125.2,1.0
7041,148,10,2648,296,914.3,111.96,1.0
7042,213,41,2713,426,914.27,83.59,1.0
7043,183,29,2683,366,914.23,82.03,1.0
7044,218,43,2718,436,914.22,86.12,1.0
7045,194,35,2694,388,914.2,78.91,1.0
7046,213,34,2713,426,914.2,82.82,1.0
7047,95,9,2595,190,914.17,100.9,1.0
7048,81,9,2581,162,914.17,97.1,1.0
7049,218,34,2718,436,914.16,86.21,1.0
7050,194,39,2694,388,914.15,78.78,1.0
7051,213,44,2713,426,914.15,83.43,1.0
7052,213,40,2713,426,914.14,84.11,1.0
7053,99,9,2599,198,914.13,101.08,1.0
7054,213,39,2713,426,914.04,84.12,1.0
7055,194,37,2694,388,914.01,79.07,1.0
7056,194,43,2694,388,914.0,78.65,1.0
7057,233,46,2733,466,913.94,89.0,1.0
7058,63,9,2563,126,913.93,91.81,1.0
7059,213,42,2713,426,913.92,83.42,1.0
7060,194,44,2694,388,913.9,79.0,1.0
7061,247,46,2747,494,913.87,90.4,1.0
7062,15,26,2515,30,913.84,64.3,1.0
7063,273,47,2773,546,913.81,89.88,1.0
7064,101,28,2601,202,913.79,73.64,1.0
7065,213,36,2713,426,913.79,83.42,1.0
7066,207,30,2707,414,913.77,82.87,1.0
7067,213,37,2713,426,913.72,83.35,1.0
7068,194,36,2694,388,913.71,79.53,1.0
7069,207,31,2707,414,913.67,82.86,1.0
7070,119,28,2619,238,913.65,75.42,1.0
7071,220,45,2720,440,913.65,84.94,1.0
7072,79,9,2579,158,913.63,101.45,1.0
7073,242,46,2742,484,913.62,87.96,1.0
7074,207,41,2707,414,913.61,82.75,1.0
7075,213,35,2713,426,913.6,83.43,1.0
7076,300,48,2800,600,913.6,96.93,1.0
7077,117,28,2617,234,913.58,75.48,1.0
7078,215,41,2715,430,913.57,83.27,1.0
7079,139,10,2639,278,913.52,107.37,1.0
7080,207,43,2707,414,913.51,82.14,1.0
7081,257,46,2757,514,913.51,87.96,1.0
7082,296,48,2796,592,913.46,89.91,1.0
7083,226,46,2726,452,913.39,85.56,1.0
7084,234,45,2734,468,913.34,81.64,1.0
7085,285,48,2785,570,913.3,93.66,1.0
7086,194,30,2694,388,913.28,78.89,1.0
7087,48,9,2548,96,913.25,85.64,1.0
7088,156,10,2656,312,913.22,115.5,1.0
7089,194,40,2694,388,913.21,79.14,1.0
7090,194,33,2694,388,913.2,79.05,1.0
7091,215,31,2715,430,913.12,83.22,1.0
7092,163,10,2663,326,913.1,113.49,1.0
7093,253,46,2753,506,913.07,87.41,1.0
7094,275,11,2775,550,913.07,133.28,1.0
7095,215,43,2715,430,913.05,83.09,1.0
7096,182,10,2682,364,913.0,118.39,1.0
7097,270,49,2770,540,913.0,93.62,1.0
7098,207,39,2707,414,912.98,83.21,1.0
7099,41,9,2541,82,912.95,86.41,1.0
7100,216,43,2716,432,912.94,82.52,1.0
7101,201,11,2701,402,912.92,119.87,1.0
7102,209,46,2709,418,912.91,85.68,1.0
7103,215,33,2715,430,912.88,83.21,1.0
7104,259,12,2759,518,912.88,130.91,1.0
7105,282,48,2782,564,912.88,92.46,1.0
7106,249,48,2749,498,912.87,90.7,1.0
7107,207,42,2707,414,912.86,82.55,1.0
7108,241,47,2741,482,912.86,89.59,1.0
7109,60,9,2560,120,912.84,96.25,1.0
7110,300,12,2800,600,912.82,140.04,1.0
7111,215,44,2715,430,912.79,83.49,1.0
7112,207,37,2707,414,912.77,82.85,1.0
7113,238,46,2738,476,912.72,84.31,1.0
7114,56,27,2556,112,912.69,70.94,1.0
7115,207,38,2707,414,912.66,82.46,1.0
7116,255,46,2755,510,912.66,89.72,1.0
7117,215,40,2715,430,912.65,83.15,1.0
7118,207,32,2707,414,912.64,82.73,1.0
7119,207,44,2707,414,912.61,83.16,1.0
7120,215,39,2715,430,912.55,82.85,1.0
7121,216,42,2716,432,912.52,82.92,1.0
7122,215,37,2715,430,912.52,83.62,1.0
7123,215,36,2715,430,912.5,82.95,1.0
7124,254,48,2754,508,912.45,89.06,1.0
7125,207,35,2707,414,912.38,83.35,1.0
7126,229,46,2729,458,912.37,85.8,1.0
7127,239,46,2739,478,912.35,86.48,1.0
7128,66,9,2566,132,912.29,92.24,1.0
7129,262,11,2762,524,912.26,131.86,1.0
7130,215,34,2715,430,912.25,83.01,1.0
7131,215,35,2715,430,912.24,83.28,1.0
7132,221,42,2721,442,912.15,85.06,1.0
7133,228,11,2728,456,912.11,125.23,1.0
7134,215,30,2715,430,912.09,83.63,1.0
7135,262,48,2762,524,912.09,88.36,1.0
7136,221,35,2721,442,912.08,85.95,1.0
7137,215,42,2715,430,912.08,83.66,1.0
7138,216,40,2716,432,912.07,81.92,1.0
7139,206,45,2706,412,912.05,83.74,1.0
7140,216,38,2716,432,912.04,83.13,1.0
7141,221,43,2721,442,911.99,85.44,1.0
7142,274,49,2774,548,911.99,91.8,1.0
7143,153,10,2653,306,911.98,109.79,1.0
7144,216,34,2716,432,911.89,82.78,1.0
7145,292,49,2792,584,911.89,94.21,1.0
7146,166,29,2666,332,911.88,78.22,1.0
7147,216,32,2716,432,911.86,83.12,1.0
7148,10,26,2510,20,911.82,63.14,1.0
7149,221,44,2721,442,911.81,86.07,1.0
7150,278,49,2778,556,911.79,93.67,1.0
7151,11,26,2511,22,911.75,62.19,1.0
7152,152,29,2652,304,911.73,76.66,1.0
7153,246,48,2746,492,911.73,88.25,1.0
7154,264,47,2764,528,911.73,93.46,1.0
7155,221,39,2721,442,911.72,85.77,1.0
7156,9,26,2509,18,911.71,65.69,1.0
7157,215,38,2715,430,911.67,82.88,1.0
7158,207,33,2707,414,911.65,82.27,1.0
7159,261,48,2761,522,911.65,96.89,1.0
7160,207,40,2707,414,911.61,82.91,1.0
7161,221,33,2721,442,911.57,85.21,1.0
7162,213,10,2713,426,911.57,128.34,1.0
7163,116,28,2616,232,911.56,74.06,1.0
7164,216,37,2716,432,911.51,83.2,1.0
7165,207,36,2707,414,911.5,83.02,1.0
7166,216,36,2716,432,911.49,82.37,1.0
7167,221,31,2721,442,911.49,84.59,1.0
7168,52,27,2552,104,911.47,67.98,1.0
7169,216,35,2716,432,911.44,82.9,1.0
7170,252,48,2752,504,911.43,91.37,1.0
7171,217,11,2717,434,911.41,123.68,1.0
7172,123,28,2623,246,911.38,78.68,1.0
7173,221,37,2721,442,911.35,85.41,1.0
7174,221,41,2721,442,911.33,85.83,1.0
7175,245,47,2745,490,911.31,87.9,1.0
7176,215,32,2715,430,911.3,82.96,1.0
7177,216,30,2716,432,911.27,82.79,1.0
7178,216,39,2716,432,911.27,83.06,1.0
7179,229,11,2729,458,911.27,122.3,1.0
7180,49,27,2549,98,911.26,68.92,1.0
7181,272,48,2772,544,911.26,94.51,1.0
7182,236,11,2736,472,911.23,129.96,1.0
7183,221,38,2721,442,911.22,86.75,1.0
7184,294,49,2794,588,911.22,93.9,1.0
7185,227,34,2727,454,911.2,82.98,1.0
7186,112,28,2612,224,911.17,74.08,1.0
7187,227,40,2727,454,911.17,83.59,1.0
7188,207,34,2707,414,911.16,83.07,1.0
7189,216,41,2716,432,911.15,82.48,1.0
7190,227,30,2727,454,911.15,82.98,1.0
7191,102,9,2602,204,911.13,100.47,1.0
7192,216,44,2716,432,911.13,83.1,1.0
7193,221,30,2721,442,911.1,85.49,1.0
7194,236,47,2736,472,911.09,87.71,1.0
7195,221,36,2721,442,911.09,85.65,1.0
7196,221,34,2721,442,911.08,85.59,1.0
7197,96,28,2596,192,911.07,73.68,1.0
7198,216,33,2716,432,911.02,83.14,1.0
7199,231,45,2731,462,911.0,85.68,1.0
7200,291,49,2791,582,910.99,93.64,1.0
7201,230,46,2730,460,910.96,84.38,1.0
7202,227,42,2727,454,910.93,83.05,1.0
7203,293,50,2793,586,910.93,95.81,1.0
7204,221,32,2721,442,910.89,84.59,1.0
7205,259,47,2759,518,910.88,89.42,1.0
7206,5,26,2505,10,910.87,63.47,1.0
7207,153,29,2653,306,910.84,78.13,1.0
7208,80,27,2580,160,910.8,73.75,1.0
7209,98,28,2598,196,910.79,70.82,1.0
7210,247,11,2747,494,910.77,131.85,1.0
7211,94,9,2594,188,910.68,99.44,1.0
7212,281,49,2781,562,910.61,91.83,1.0
7213,248,11,2748,496,910.6,127.83,1.0
7214,288,11,2788,576,910.59,137.19,1.0
7215,232,47,2732,464,910.54,88.04,1.0
7216,227,37,2727,454,910.54,83.63,1.0
7217,227,39,2727,454,910.54,83.63,1.0
7218,235,46,2735,470,910.45,85.9,1.0
7219,225,11,2725,450,910.45,128.17,1.0
7220,216,31,2716,432,910.42,83.35,1.0
7221,42,9,2542,84,910.37,87.88,1.0
7222,227,32,2727,454,910.33,83.15,1.0
7223,227,33,2727,454,910.33,83.36,1.0
7224,264,11,2764,528,910.28,139.65,1.0
7225,287,49,2787,574,910.27,94.29,1.0
7226,170,10,2670,340,910.26,115.11,1.0
7227,227,41,2727,454,910.25,83.52,1.0
7228,227,43,2727,454,910.25,83.58,1.0
7229,227,35,2727,454,910.21,83.33,1.0
7230,227,31,2727,454,910.12,83.36,1.0
7231,69,27,2569,138,910.1,71.08,1.0
7232,27,8,2527,54,910.09,84.22,1.0
7233,58,27,2558,116,910.07,68.04,1.0
7234,221,40,2721,442,910.03,86.12,1.0
7235,268,49,2768,536,910.01,91.11,1.0
7236,227,44,2727,454,909.99,83.49,1.0
7237,223,46,2723,446,909.98,84.16,1.0
7238,265,49,2765,530,909.98,92.16,1.0
7239,250,47,2750,500,909.97,91.34,1.0
7240,284,48,2784,568,909.97,92.39,1.0
7241,218,45,2718,436,909.94,85.36,1.0
7242,147,10,2647,294,909.9,109.55,1.0
7243,118,28,2618,236,909.89,75.65,1.0
7244,196,41,2696,392,909.89,80.3,1.0
7245,227,38,2727,454,909.88,83.15,1.0
7246,213,45,2713,426,909.81,83.29,1.0
7247,96,9,2596,192,909.79,101.56,1.0
7248,205,45,2705,410,909.79,79.96,1.0
7249,196,39,2696,392,909.76,80.99,1.0
7250,212,46,2712,424,909.65,84.22,1.0
7251,118,10,2618,236,909.57,106.6,1.0
7252,63,27,2563,126,909.51,72.73,1.0
7253,228,46,2728,456,909.48,83.54,1.0
7254,58,9,2558,116,909.44,89.64,1.0
7255,227,36,2727,454,909.44,83.07,1.0
7256,54,27,2554,108,909.43,67.33,1.0
7257,59,27,2559,118,909.43,70.67,1.0
7258,51,9,2551,102,909.37,90.92,1.0
7259,196,44,2696,392,909.33,80.43,1.0
7260,196,33,2696,392,909.32,79.72,1.0
7261,0,26,2500,0,909.31,61.58,1.0
7262,196,34,2696,392,909.22,80.56,1.0
7263,197,43,2697,394,909.21,82.27,1.0
7264,299,49,2799,598,909.2,101.49,1.0
7265,76,9,2576,152,909.09,92.49,1.0
7266,222,45,2722,444,909.08,85.88,1.0
7267,147,29,2647,294,909.02,76.43,1.0
7268,196,35,2696,392,908.99,81.04,1.0
7269,196,40,2696,392,908.96,80.2,1.0
7270,46,9,2546,92,908.95,85.15,1.0
7271,97,28,2597,194,908.89,73.7,1.0
7272,197,32,2697,394,908.89,82.22,1.0
7273,196,38,2696,392,908.88,80.1,1.0
7274,197,31,2697,394,908.87,83.13,1.0
7275,4,26,2504,8,908.86,61.95,1.0
7276,196,10,2696,392,908.86,123.31,1.0
7277,290,12,2790,580,908.76,139.92,1.0
7278,243,47,2743,486,908.67,88.12,1.0
7279,21,8,2521,42,908.63,81.74,1.0
7280,197,37,2697,394,908.62,82.64,1.0
7281,197,34,2697,394,908.6,82.6,1.0
7282,200,45,2700,400,908.58,84.27,1.0
7283,208,11,2708,416,908.58,124.03,1.0
7284,289,49,2789,578,908.53,94.67,1.0
7285,65,27,2565,130,908.5,70.29,1.0
7286,244,48,2744,488,908.5,87.3,1.0
7287,197,36,2697,394,908.46,82.68,1.0
7288,90,9,2590,180,908.45,99.53,1.0
7289,196,31,2696,392,908.41,81.12,1.0
7290,197,41,2697,394,908.37,81.99,1.0
7291,99,28,2599,198,908.34,71.04,1.0
7292,92,9,2592,184,908.33,100.31,1.0
7293,109,28,2609,218,908.33,73.25,1.0
7294,197,38,2697,394,908.33,82.18,1.0
7295,197,42,2697,394,908.28,83.08,1.0
7296,222,11,2722,444,908.28,125.0,1.0
7297,196,32,2696,392,908.25,80.21,1.0
7298,248,48,2748,496,908.25,86.97,1.0
7299,196,42,2696,392,908.23,80.5,1.0
7300,196,37,2696,392,908.22,81.09,1.0
7301,197,35,2697,394,908.22,82.34,1.0
7302,247,47,2747,494,908.21,91.92,1.0
7303,144,29,2644,288,908.14,77.52,1.0
7304,196,43,2696,392,908.12,80.6,1.0
7305,204,11,2704,408,908.09,122.25,1.0
7306,217,45,2717,434,908.08,85.4,1.0
7307,196,36,2696,392,908.03,80.2,1.0
7308,197,40,2697,394,907.99,82.38,1.0
7309,196,30,2696,392,907.97,80.89,1.0
7310,107,28,2607,214,907.89,71.09,1.0
7311,197,33,2697,394,907.89,82.37,1.0
7312,219,47,2719,438,907.87,84.97,1.0
7313,225,45,2725,450,907.83,86.62,1.0
7314,256,11,2756,512,907.83,132.62,1.0
7315,197,44,2697,394,907.67,82.0,1.0
7316,68,9,2568,136,907.66,93.67,1.0
7317,91,9,2591,182,907.64,99.09,1.0
7318,84,9,2584,168,907.63,95.93,1.0
7319,197,30,2697,394,907.63,82.19,1.0
7320,209,47,2709,418,907.62,87.63,1.0
7321,269,49,2769,538,907.58,89.22,1.0
7322,9,8,2509,18,907.54,78.64,1.0
7323,65,9,2565,130,907.52,92.19,1.0
7324,102,28,2602,204,907.52,73.38,1.0
7325,197,39,2697,394,907.51,82.8,1.0
7326,221,11,2721,442,907.51,127.54,1.0
7327,251,47,2751,502,907.46,90.68,1.0
7328,276,50,2776,552,907.46,96.1,1.0
7329,50,27,2550,100,907.45,68.84,1.0
7330,263,48,2763,526,907.43,91.82,1.0
7331,105,28,2605,210,907.36,75.26,1.0
7332,69,9,2569,138,907.34,95.94,1.0
7333,283,50,2783,566,907.32,94.75,1.0
7334,237,46,2737,474,907.31,86.18,1.0
7335,286,49,2786,572,907.31,94.98,1.0
7336,86,9,2586,172,907.3,97.52,1.0
7337,135,10,2635,270,907.2,107.49,1.0
7338,8,26,2508,16,907.19,64.52,1.0
7339,204,33,2704,408,907.19,85.08,1.0
7340,183,10,2683,366,907.09,117.62,1.0
7341,233,47,2733,466,907.06,88.46,1.0
7342,266,49,2766,532,907.06,91.94,1.0
7343,277,11,2777,554,907.04,133.88,1.0
7344,62,9,2562,124,907.01,93.76,1.0
7345,168,10,2668,336,906.98,116.62,1.0
7346,224,47,2724,448,906.96,87.22,1.0
7347,204,30,2704,408,906.94,85.12,1.0
7348,204,42,2704,408,906.94,85.04,1.0
7349,256,48,2756,512,906.92,89.98,1.0
7350,191,10,2691,382,906.91,119.76,1.0
7351,61,9,2561,122,906.9,93.47,1.0
7352,3,8,2503,6,906.88,77.37,1.0
7353,173,10,2673,346,906.83,113.44,1.0
7354,188,29,2688,376,906.8,85.26,1.0
7355,275,50,2775,550,906.76,96.85,1.0
7356,280,48,2780,560,906.71,94.21,1.0
7357,141,10,2641,282,906.69,107.76,1.0
7358,0,8,2500,0,906.68,73.56,1.0
7359,204,41,2704,408,906.68,84.63,1.0
7360,277,49,2777,554,906.61,94.79,1.0
7361,207,45,2707,414,906.58,82.83,1.0
7362,214,35,2714,428,906.53,81.54,1.0
7363,288,50,2788,576,906.49,96.62,1.0
7364,204,34,2704,408,906.47,84.8,1.0
7365,198,11,2698,396,906.46,119.24,1.0
7366,204,37,2704,408,906.45,84.49,1.0
7367,214,41,2714,428,906.45,81.9,1.0
7368,204,39,2704,408,906.44,84.68,1.0
7369,15,8,2515,30,906.39,79.35,1.0
7370,214,30,2714,428,906.39,81.94,1.0
7371,206,10,2706,412,906.35,124.86,1.0
7372,226,47,2726,452,906.34,86.87,1.0
7373,214,44,2714,428,906.33,81.31,1.0
7374,75,9,2575,150,906.32,93.19,1.0
7375,214,39,2714,428,906.29,81.89,1.0
7376,240,47,2740,480,906.29,86.92,1.0
7377,54,9,2554,108,906.24,89.54,1.0
7378,62,27,2562,124,906.23,72.04,1.0
7379,157,10,2657,314,906.23,113.36,1.0
7380,214,32,2714,428,906.19,81.71,1.0
7381,194,45,2694,388,906.08,79.87,1.0
7382,149,10,2649,298,906.08,110.2,1.0
7383,214,31,2714,428,906.08,81.9,1.0
7384,202,36,2702,404,906.05,81.16,1.0
7385,106,28,2606,212,906.04,73.59,1.0
7386,204,36,2704,408,906.03,84.48,1.0
7387,214,43,2714,428,906.01,80.96,1.0
7388,204,32,2704,408,905.97,84.84,1.0
7389,204,31,2704,408,905.96,85.1,1.0
7390,295,49,2795,590,905.93,94.45,1.0
7391,257,47,2757,514,905.91,89.19,1.0
7392,220,46,2720,440,905.9,85.96,1.0
7393,214,34,2714,428,905.9,82.02,1.0
7394,77,9,2577,154,905.89,94.96,1.0
7395,215,45,2715,430,905.88,84.38,1.0
7396,242,47,2742,484,905.88,89.98,1.0
7397,234,46,2734,468,905.84,82.12,1.0
7398,251,11,2751,502,905.78,133.02,1.0
7399,284,11,2784,568,905.75,133.91,1.0
7400,297,49,2797,594,905.73,94.65,1.0
7401,204,43,2704,408,905.7,84.64,1.0
7402,235,11,2735,470,905.7,130.26,1.0
7403,155,29,2655,310,905.68,78.05,1.0
7404,241,48,2741,482,905.67,90.53,1.0
7405,296,49,2796,592,905.6,90.05,1.0
7406,110,28,2610,220,905.55,76.5,1.0
7407,253,47,2753,506,905.55,88.1,1.0
7408,238,11,2738,476,905.46,128.76,1.0
7409,192,32,2692,384,905.45,80.54,1.0
7410,258,49,2758,516,905.45,94.95,1.0
7411,175,10,2675,350,905.44,117.38,1.0
7412,204,44,2704,408,905.43,84.74,1.0
7413,295,12,2795,590,905.43,133.28,1.0
7414,191,34,2691,382,905.41,80.69,1.0
7415,202,40,2702,404,905.41,80.41,1.0
7416,214,36,2714,428,905.38,82.1,1.0
7417,202,41,2702,404,905.38,80.99,1.0
7418,19,8,2519,38,905.37,79.34,1.0
7419,214,38,2714,428,905.37,81.24,1.0
7420,202,37,2702,404,905.37,81.38,1.0
7421,206,46,2706,412,905.36,83.84,1.0
7422,191,37,2691,382,905.27,80.35,1.0
7423,204,38,2704,408,905.26,85.16,1.0
7424,214,37,2714,428,905.26,82.08,1.0
7425,131,10,2631,262,905.25,104.72,1.0
7426,191,40,2691,382,905.25,79.97,1.0
7427,214,33,2714,428,905.25,81.82,1.0
7428,67,27,2567,134,905.23,71.9,1.0
7429,204,40,2704,408,905.19,85.27,1.0
7430,191,38,2691,382,905.12,80.65,1.0
7431,199,32,2699,398,905.12,81.11,1.0
7432,214,40,2714,428,905.12,81.54,1.0
7433,189,10,2689,378,905.07,123.88,1.0
7434,285,49,2785,570,905.04,92.87,1.0
7435,192,39,2692,384,905.03,79.77,1.0
7436,191,42,2691,382,905.02,80.4,1.0
7437,192,44,2692,384,905.0,79.17,1.0
7438,282,49,2782,564,905.0,93.39,1.0
7439,53,27,2553,106,904.98,72.01,1.0
7440,202,31,2702,404,904.98,80.8,1.0
7441,202,38,2702,404,904.96,80.77,1.0
7442,214,42,2714,428,904.94,82.46,1.0
7443,192,42,2692,384,904.93,78.92,1.0
7444,202,44,2702,404,904.89,81.46,1.0
7445,73,9,2573,146,904.88,94.63,1.0
7446,191,41,2691,382,904.87,80.0,1.0
7447,202,33,2702,404,904.86,81.89,1.0
7448,202,39,2702,404,904.84,80.87,1.0
7449,103,28,2603,206,904.82,73.43,1.0
7450,191,43,2691,382,904.8,80.44,1.0
7451,191,31,2691,382,904.79,80.39,1.0
7452,191,39,2691,382,904.78,79.46,1.0
7453,191,36,2691,382,904.77,80.39,1.0
7454,267,49,2767,534,904.77,93.21,1.0
7455,192,36,2692,384,904.73,79.0,1.0
7456,204,35,2704,408,904.71,84.77,1.0
7457,192,40,2692,384,904.69,79.76,1.0
7458,260,48,2760,520,904.69,92.25,1.0
7459,274,50,2774,548,904.67,92.3,1.0
7460,193,10,2693,386,904.66,119.89,1.0
7461,199,41,2699,398,904.6,80.68,1.0
7462,192,30,2692,384,904.59,79.97,1.0
7463,191,33,2691,382,904.58,80.09,1.0
7464,231,46,2731,462,904.58,86.34,1.0
7465,245,48,2745,490,904.55,90.31,1.0
7466,202,35,2702,404,904.52,80.77,1.0
7467,202,32,2702,404,904.51,81.3,1.0
7468,87,9,2587,174,904.5,99.04,1.0
7469,192,43,2692,384,904.49,79.6,1.0
7470,264,48,2764,528,904.44,93.94,1.0
7471,14,26,2514,28,904.43,63.92,1.0
7472,143,10,2643,286,904.43,113.59,1.0
7473,192,37,2692,384,904.43,80.05,1.0
7474,193,36,2693,386,904.4,81.23,1.0
7475,294,50,2794,588,904.4,94.58,1.0
7476,72,9,2572,144,904.39,95.95,1.0
7477,181,38,2681,362,904.39,77.89,1.0
7478,101,9,2601,202,904.35,99.62,1.0
7479,238,47,2738,476,904.34,86.81,1.0
7480,3,26,2503,6,904.32,64.2,1.0
7481,192,38,2692,384,904.32,79.3,1.0
7482,179,10,2679,358,904.3,116.63,1.0
7483,268,50,2768,536,904.3,91.72,1.0
7484,221,45,2721,442,904.29,87.56,1.0
7485,199,36,2699,398,904.27,80.71,1.0
7486,191,35,2691,382,904.26,80.09,1.0
7487,229,47,2729,458,904.25,86.83,1.0
7488,159,29,2659,318,904.24,79.53,1.0
7489,191,44,2691,382,904.19,81.16,1.0
7490,192,33,2692,384,904.16,79.51,1.0
7491,263,11,2763,526,904.16,131.79,1.0
7492,181,31,2681,362,904.14,78.06,1.0
7493,78,9,2578,156,904.13,96.59,1.0
7494,199,38,2699,398,904.1,80.72,1.0
7495,202,30,2702,404,904.1,80.44,1.0
7496,270,50,2770,540,904.08,95.66,1.0
7497,87,28,2587,174,904.07,71.02,1.0
7498,192,41,2692,384,904.07,79.52,1.0
7499,199,39,2699,398,904.06,81.5,1.0
7500,261,11,2761,522,904.06,140.14,1.0
7501,199,40,2699,398,904.03,80.34,1.0
7502,95,28,2595,190,904.02,73.87,1.0
7503,43,27,2543,86,904.01,68.41,1.0
7504,199,35,2699,398,904.01,80.78,1.0
7505,249,49,2749,498,903.98,91.88,1.0
7506,191,32,2691,382,903.97,80.25,1.0
7507,200,46,2700,400,903.91,84.64,1.0
7508,236,48,2736,472,903.91,88.15,1.0
7509,202,42,2702,404,903.91,80.6,1.0
7510,181,37,2681,362,903.9,77.85,1.0
7511,193,39,2693,386,903.9,80.87,1.0
7512,191,30,2691,382,903.9,80.53,1.0
7513,199,30,2699,398,903.89,80.14,1.0
7514,193,32,2693,386,903.87,80.06,1.0
7515,181,44,2681,362,903.86,76.79,1.0
7516,199,44,2699,398,903.83,81.23,1.0
7517,255,47,2755,510,903.78,91.11,1.0
7518,261,49,2761,522,903.78,98.41,1.0
7519,193,40,2693,386,903.76,80.57,1.0
7520,262,49,2762,524,903.76,89.39,1.0
7521,104,28,2604,208,903.75,73.75,1.0
7522,98,9,2598,196,903.74,100.11,1.0
7523,298,51,2798,596,903.72,101.19,1.0
7524,199,31,2699,398,903.69,80.11,1.0
7525,272,11,2772,544,903.69,138.41,1.0
7526,192,31,2692,384,903.67,79.09,1.0
7527,192,34,2692,384,903.67,79.18,1.0
7528,202,34,2702,404,903.67,81.12,1.0
7529,199,37,2699,398,903.65,81.44,1.0
7530,181,42,2681,362,903.6,77.84,1.0
7531,199,42,2699,398,903.59,80.51,1.0
7532,16,8,2516,32,903.58,79.74,1.0
7533,199,43,2699,398,903.56,81.59,1.0
7534,199,33,2699,398,903.55,80.89,1.0
7535,290,49,2790,580,903.54,93.69,1.0
7536,192,35,2692,384,903.53,80.41,1.0
7537,45,27,2545,90,903.51,66.27,1.0
7538,199,34,2699,398,903.51,80.88,1.0
7539,104,9,2604,208,903.48,106.16,1.0
7540,193,44,2693,386,903.48,81.05,1.0
7541,271,50,2771,542,903.45,92.47,1.0
7542,7,8,2507,14,903.4,76.79,1.0
7543,6,26,2506,12,903.39,62.48,1.0
7544,181,30,2681,362,903.37,78.14,1.0
7545,181,41,2681,362,903.36,77.69,1.0
7546,253,11,2753,506,903.35,129.03,1.0
7547,273,48,2773,546,903.35,91.7,1.0
7548,193,38,2693,386,903.33,81.33,1.0
7549,200,10,2700,400,903.33,126.66,1.0
7550,216,45,2716,432,903.28,83.99,1.0
7551,243,48,2743,486,903.27,87.77,1.0
7552,140,29,2640,280,903.26,77.07,1.0
7553,259,48,2759,518,903.25,91.15,1.0
7554,252,49,2752,504,903.24,92.21,1.0
7555,46,27,2546,92,903.23,67.77,1.0
7556,202,43,2702,404,903.22,80.92,1.0
7557,115,28,2615,230,903.18,72.71,1.0
7558,181,43,2681,362,903.18,77.5,1.0
7559,193,33,2693,386,903.18,80.71,1.0
7560,193,42,2693,386,903.16,80.1,1.0
7561,254,49,2754,508,903.14,90.88,1.0
7562,239,47,2739,478,903.1,88.32,1.0
7563,20,8,2520,40,903.04,80.36,1.0
7564,193,41,2693,386,903.04,80.55,1.0
7565,106,9,2606,212,903.03,101.67,1.0
7566,279,50,2779,558,903.0,95.66,1.0
7567,196,45,2696,392,902.96,81.58,1.0
7568,5,8,2505,10,902.95,74.66,1.0
7569,272,49,2772,544,902.93,93.45,1.0
7570,100,28,2600,200,902.92,73.39,1.0
7571,193,30,2693,386,902.92,81.01,1.0
7572,193,43,2693,386,902.92,80.08,1.0
7573,230,47,2730,460,902.9,85.78,1.0
7574,47,9,2547,94,902.86,88.96,1.0
7575,232,48,2732,464,902.84,88.22,1.0
7576,193,31,2693,386,902.83,80.92,1.0
7577,193,35,2693,386,902.83,80.75,1.0
7578,181,34,2681,362,902.77,78.56,1.0
7579,246,49,2746,492,902.75,89.1,1.0
7580,193,37,2693,386,902.73,80.65,1.0
7581,181,40,2681,362,902.67,78.49,1.0
7582,235,47,2735,470,902.66,87.31,1.0
7583,61,27,2561,122,902.63,70.63,1.0
7584,181,39,2681,362,902.61,77.31,1.0
7585,225,46,2725,450,902.59,87.32,1.0
7586,181,32,2681,362,902.56,78.2,1.0
7587,158,10,2658,316,902.52,115.02,1.0
7588,181,33,2681,362,902.52,77.25,1.0
7589,300,49,2800,600,902.52,97.7,1.0
7590,265,11,2765,530,902.46,135.76,1.0
7591,181,36,2681,362,902.43,77.64,1.0
7592,292,50,2792,584,902.42,95.0,1.0
7593,181,35,2681,362,902.41,77.5,1.0
7594,279,11,2779,558,902.41,136.42,1.0
7595,177,10,2677,354,902.38,118.98,1.0
7596,88,9,2588,176,902.35,98.96,1.0
7597,212,47,2712,424,902.34,85.16,1.0
7598,193,34,2693,386,902.33,80.78,1.0
7599,284,49,2784,568,902.28,93.64,1.0
7600,13,8,2513,26,902.27,79.58,1.0
7601,7,26,2507,14,902.19,63.73,1.0
7602,111,9,2611,222,902.18,101.47,1.0
7603,224,10,2724,448,902.11,125.74,1.0
7604,129,9,2629,258,902.09,108.05,1.0
7605,146,10,2646,292,902.03,113.26,1.0
7606,17,8,2517,34,901.97,79.14,1.0
7607,2,26,2502,4,901.94,63.21,1.0
7608,227,45,2727,454,901.92,84.55,1.0
7609,85,9,2585,170,901.79,97.63,1.0
7610,223,47,2723,446,901.78,84.67,1.0
7611,287,50,2787,574,901.75,95.61,1.0
7612,138,10,2638,276,901.66,111.56,1.0
7613,18,8,2518,36,901.62,78.27,1.0
7614,44,27,2544,88,901.61,67.54,1.0
7615,278,50,2778,556,901.6,95.14,1.0
7616,97,9,2597,194,901.59,101.08,1.0
7617,197,45,2697,394,901.57,83.58,1.0
7618,10,8,2510,20,901.56,76.48,1.0
7619,94,28,2594,188,901.55,73.76,1.0
7620,233,48,2733,466,901.45,90.15,1.0
7621,33,8,2533,66,901.38,87.19,1.0
7622,218,46,2718,436,901.37,86.4,1.0
7623,146,29,2646,292,901.31,78.1,1.0
7624,211,39,2711,422,901.31,83.2,1.0
7625,211,30,2711,422,901.29,83.35,1.0
7626,178,41,2678,356,901.24,79.56,1.0
7627,160,9,2660,320,901.21,115.78,1.0
7628,214,45,2714,428,901.19,82.48,1.0
7629,222,46,2722,444,901.15,86.4,1.0
7630,213,46,2713,426,901.15,84.76,1.0
7631,211,43,2711,422,901.13,83.95,1.0
7632,250,48,2750,500,901.11,91.61,1.0
7633,205,46,2705,410,901.05,81.26,1.0
7634,90,28,2590,180,901.04,70.78,1.0
7635,178,31,2678,356,901.04,79.56,1.0
7636,57,27,2557,114,901.02,68.59,1.0
7637,211,36,2711,422,900.99,84.38,1.0
7638,211,42,2711,422,900.97,83.8,1.0
7639,209,48,2709,418,900.96,87.94,1.0
7640,228,47,2728,456,900.96,85.78,1.0
7641,291,50,2791,582,900.94,95.28,1.0
7642,248,49,2748,496,900.86,88.36,1.0
7643,237,47,2737,474,900.83,86.44,1.0
7644,64,9,2564,128,900.82,90.69,1.0
7645,260,11,2760,520,900.81,136.69,1.0
7646,29,8,2529,58,900.8,84.86,1.0
7647,186,37,2686,372,900.77,80.85,1.0
7648,166,10,2666,332,900.76,114.23,1.0
7649,217,46,2717,434,900.7,85.21,1.0
7650,186,40,2686,372,900.69,81.12,1.0
7651,278,11,2778,556,900.69,137.06,1.0
7652,244,49,2744,488,900.64,89.43,1.0
7653,240,48,2740,480,900.56,88.24,1.0
7654,178,33,2678,356,900.52,79.22,1.0
7655,156,29,2656,312,900.48,81.82,1.0
7656,286,11,2786,572,900.45,134.61,1.0
7657,211,33,2711,422,900.43,84.59,1.0
7658,255,11,2755,510,900.43,128.94,1.0
7659,83,9,2583,166,900.42,100.32,1.0
7660,293,51,2793,586,900.42,98.74,1.0
7661,247,48,2747,494,900.41,92.38,1.0
7662,157,29,2657,314,900.36,81.41,1.0
7663,186,32,2686,372,900.36,79.87,1.0
7664,211,37,2711,422,900.33,84.16,1.0
7665,186,34,2686,372,900.32,79.87,1.0
7666,204,45,2704,408,900.32,85.3,1.0
7667,150,10,2650,300,900.3,111.33,1.0
7668,211,35,2711,422,900.26,83.52,1.0
7669,274,11,2774,548,900.23,134.99,1.0
7670,194,46,2694,388,900.21,81.37,1.0
7671,211,34,2711,422,900.21,83.65,1.0
7672,67,9,2567,134,900.2,93.22,1.0
7673,186,35,2686,372,900.13,79.72,1.0
7674,162,29,2662,324,900.11,81.86,1.0
7675,186,36,2686,372,900.1,80.63,1.0
7676,178,34,2678,356,900.1,79.28,1.0
7677,211,38,2711,422,900.1,83.34,1.0
7678,211,44,2711,422,900.1,83.86,1.0
7679,281,50,2781,562,900.09,92.61,1.0
7680,176,10,2676,352,900.02,119.05,1.0
7681,186,31,2686,372,899.98,80.5,1.0
7682,178,30,2678,356,899.98,78.89,1.0
7683,117,9,2617,234,899.97,104.32,1.0
7684,186,38,2686,372,899.95,80.16,1.0
7685,178,38,2678,356,899.95,79.22,1.0
7686,234,47,2734,468,899.84,82.9,1.0
7687,211,40,2711,422,899.83,83.6,1.0
7688,12,8,2512,24,899.82,79.73,1.0
7689,185,32,2685,370,899.82,81.27,1.0
7690,60,27,2560,120,899.81,73.14,1.0
7691,159,10,2659,318,899.8,114.07,1.0
7692,158,29,2658,316,899.8,79.57,1.0
7693,182,32,2682,364,899.74,78.78,1.0
7694,211,41,2711,422,899.73,84.09,1.0
7695,186,44,2686,372,899.72,80.88,1.0
7696,289,50,2789,578,899.72,95.94,1.0
7697,220,10,2720,440,899.7,126.93,1.0
7698,30,8,2530,60,899.69,85.72,1.0
7699,108,9,2608,216,899.67,102.49,1.0
7700,182,35,2682,364,899.67,79.17,1.0
7701,178,36,2678,356,899.65,79.06,1.0
7702,185,40,2685,370,899.64,82.21,1.0
7703,185,38,2685,370,899.62,82.36,1.0
7704,178,42,2678,356,899.62,79.73,1.0
7705,64,27,2564,128,899.61,69.87,1.0
7706,43,8,2543,86,899.6,86.28,1.0
7707,178,37,2678,356,899.58,78.49,1.0
7708,182,36,2682,364,899.55,79.29,1.0
7709,263,49,2763,526,899.55,92.94,1.0
7710,91,28,2591,182,899.54,72.51,1.0
7711,182,44,2682,364,899.54,78.98,1.0
7712,185,39,2685,370,899.48,81.24,1.0
7713,178,39,2678,356,899.48,79.32,1.0
7714,265,50,2765,530,899.48,94.05,1.0
7715,192,45,2692,384,899.47,79.81,1.0
7716,182,31,2682,364,899.46,79.16,1.0
7717,186,33,2686,372,899.44,80.67,1.0
7718,178,35,2678,356,899.44,78.9,1.0
7719,178,43,2678,356,899.42,78.53,1.0
7720,219,48,2719,438,899.42,85.37,1.0
7721,185,31,2685,370,899.4,82.83,1.0
7722,182,30,2682,364,899.4,79.02,1.0
7723,211,31,2711,422,899.39,83.65,1.0
7724,185,36,2685,370,899.34,82.43,1.0
7725,182,40,2682,364,899.34,79.48,1.0
7726,186,43,2686,372,899.33,80.5,1.0
7727,198,30,2698,396,899.33,81.75,1.0
7728,178,44,2678,356,899.31,78.93,1.0
7729,207,46,2707,414,899.31,84.35,1.0
7730,208,41,2708,416,899.31,83.29,1.0
7731,211,32,2711,422,899.3,83.68,1.0
7732,185,44,2685,370,899.26,81.96,1.0
7733,224,48,2724,448,899.2,87.9,1.0
7734,286,50,2786,572,899.18,95.67,1.0
7735,37,27,2537,74,899.16,69.18,1.0
7736,198,44,2698,396,899.16,82.32,1.0
7737,202,45,2702,404,899.14,80.78,1.0
7738,186,41,2686,372,899.13,80.95,1.0
7739,198,38,2698,396,899.13,81.58,1.0
7740,208,44,2708,416,899.11,83.57,1.0
7741,185,37,2685,370,899.1,82.29,1.0
7742,198,33,2698,396,899.1,81.66,1.0
7743,198,39,2698,396,899.1,81.98,1.0
7744,186,39,2686,372,899.09,80.37,1.0
7745,185,35,2685,370,899.04,81.16,1.0
7746,198,31,2698,396,899.04,81.62,1.0
7747,186,30,2686,372,899.02,80.32,1.0
7748,198,35,2698,396,899.01,82.07,1.0
7749,186,42,2686,372,898.99,80.24,1.0
7750,198,42,2698,396,898.99,82.08,1.0
7751,208,43,2708,416,898.99,83.59,1.0
7752,208,36,2708,416,898.97,82.59,1.0
7753,199,45,2699,398,898.95,81.35,1.0
7754,266,50,2766,532,898.91,93.05,1.0
7755,182,43,2682,364,898.89,79.58,1.0
7756,178,40,2678,356,898.89,79.54,1.0
7757,185,33,2685,370,898.87,82.49,1.0
7758,198,41,2698,396,898.87,82.44,1.0
7759,2,8,2502,4,898.85,72.9,1.0
7760,185,30,2685,370,898.84,81.99,1.0
7761,280,49,2780,560,898.83,95.44,1.0
7762,198,32,2698,396,898.82,82.45,1.0
7763,277,50,2777,554,898.82,96.26,1.0
7764,208,30,2708,416,898.81,82.81,1.0
7765,208,42,2708,416,898.8,82.93,1.0
7766,185,43,2685,370,898.78,82.35,1.0
7767,182,37,2682,364,898.77,79.38,1.0
7768,208,40,2708,416,898.76,83.22,1.0
7769,182,38,2682,364,898.71,79.35,1.0
7770,292,11,2792,584,898.71,139.96,1.0
7771,185,34,2685,370,898.7,82.13,1.0
7772,182,42,2682,364,898.7,79.97,1.0
7773,178,32,2678,356,898.7,78.55,1.0
7774,221,46,2721,442,898.7,88.52,1.0
7775,299,50,2799,598,898.68,102.04,1.0
7776,191,45,2691,382,898.67,81.04,1.0
7777,208,37,2708,416,898.65,83.5,1.0
7778,195,30,2695,390,898.62,81.6,1.0
7779,202,10,2702,404,898.59,119.99,1.0
7780,186,10,2686,372,898.54,120.32,1.0
7781,251,48,2751,502,898.49,91.96,1.0
7782,124,9,2624,248,898.46,106.45,1.0
7783,109,9,2609,218,898.44,103.21,1.0
7784,182,34,2682,364,898.44,79.38,1.0
7785,208,32,2708,416,898.41,83.33,1.0
7786,190,40,2690,380,898.4,81.35,1.0
7787,119,9,2619,238,898.36,107.71,1.0
7788,135,29,2635,270,898.36,74.92,1.0
7789,89,9,2589,178,898.33,97.7,1.0
7790,198,34,2698,396,898.32,81.68,1.0
7791,253,48,2753,506,898.32,90.7,1.0
7792,185,41,2685,370,898.29,82.6,1.0
7793,182,39,2682,364,898.28,78.9,1.0
7794,198,37,2698,396,898.28,82.66,1.0
7795,190,41,2690,380,898.27,81.27,1.0
7796,206,47,2706,412,898.27,84.31,1.0
7797,190,34,2690,380,898.26,82.38,1.0
7798,208,35,2708,416,898.25,82.96,1.0
7799,198,43,2698,396,898.22,82.43,1.0
7800,242,48,2742,484,898.22,89.81,1.0
7801,71,8,2571,142,898.18,94.38,1.0
7802,201,40,2701,402,898.16,82.8,1.0
7803,275,51,2775,550,898.16,97.65,1.0
7804,182,41,2682,364,898.15,79.31,1.0
7805,182,33,2682,364,898.14,79.17,1.0
7806,201,32,2701,402,898.1,81.9,1.0
7807,185,42,2685,370,898.08,81.67,1.0
7808,132,29,2632,264,898.06,79.09,1.0
7809,195,41,2695,390,898.02,82.7,1.0
7810,179,38,2679,358,898.0,79.06,1.0
7811,179,34,2679,358,897.96,80.54,1.0
7812,232,10,2732,464,897.95,127.93,1.0
7813,288,51,2788,576,897.93,97.6,1.0
7814,112,9,2612,224,897.91,106.29,1.0
7815,198,36,2698,396,897.91,81.83,1.0
7816,195,43,2695,390,897.87,82.25,1.0
7817,184,10,2684,368,897.86,118.72,1.0
7818,201,38,2701,402,897.86,82.24,1.0
7819,179,37,2679,358,897.84,79.97,1.0
7820,226,48,2726,452,897.82,87.14,1.0
7821,190,42,2690,380,897.81,81.47,1.0
7822,190,33,2690,380,897.8,81.97,1.0
7823,179,43,2679,358,897.79,79.83,1.0
7824,173,39,2673,346,897.76,77.51,1.0
7825,190,30,2690,380,897.73,81.76,1.0
7826,270,10,2770,540,897.71,133.43,1.0
7827,173,40,2673,346,897.7,78.69,1.0
7828,296,11,2796,592,897.68,139.06,1.0
7829,172,10,2672,344,897.67,117.76,1.0
7830,208,39,2708,416,897.66,83.24,1.0
7831,195,31,2695,390,897.65,82.42,1.0
7832,179,31,2679,358,897.63,79.43,1.0
7833,190,35,2690,380,897.62,81.41,1.0
7834,208,34,2708,416,897.61,83.36,1.0
7835,4,8,2504,8,897.6,75.63,1.0
7836,189,39,2689,378,897.59,80.76,1.0
7837,179,41,2679,358,897.57,79.51,1.0
7838,198,40,2698,396,897.56,81.89,1.0
7839,195,36,2695,390,897.55,83.14,1.0
7840,179,36,2679,358,897.54,80.67,1.0
7841,215,46,2715,430,897.54,85.24,1.0
7842,190,38,2690,380,897.51,81.96,1.0
7843,190,44,2690,380,897.51,82.32,1.0
7844,195,33,2695,390,897.51,82.93,1.0
7845,201,34,2701,402,897.5,82.61,1.0
7846,138,29,2638,276,897.49,77.21,1.0
7847,195,38,2695,390,897.46,82.1,1.0
7848,179,30,2679,358,897.43,79.82,1.0
7849,208,38,2708,416,897.43,82.88,1.0
7850,200,47,2700,400,897.42,84.72,1.0
7851,189,42,2689,378,897.39,79.67,1.0
7852,179,35,2679,358,897.37,79.81,1.0
7853,190,31,2690,380,897.36,81.89,1.0
7854,269,50,2769,538,897.36,89.71,1.0
7855,179,32,2679,358,897.35,79.4,1.0
7856,245,49,2745,490,897.35,89.69,1.0
7857,195,35,2695,390,897.34,82.45,1.0
7858,195,39,2695,390,897.34,82.72,1.0
7859,189,37,2689,378,897.33,79.79,1.0
7860,201,31,2701,402,897.32,82.12,1.0
7861,189,36,2689,378,897.3,80.59,1.0
7862,195,40,2695,390,897.3,83.28,1.0
7863,233,10,2733,466,897.3,125.95,1.0
7864,208,31,2708,416,897.29,83.67,1.0
7865,189,44,2689,378,897.28,79.84,1.0
7866,190,37,2690,380,897.27,82.32,1.0
7867,208,33,2708,416,897.27,83.11,1.0
7868,189,34,2689,378,897.25,81.44,1.0
7869,190,39,2690,380,897.21,82.18,1.0
7870,220,47,2720,440,897.21,86.95,1.0
7871,195,37,2695,390,897.2,83.23,1.0
7872,51,27,2551,102,897.19,71.23,1.0
7873,201,37,2701,402,897.17,83.54,1.0
7874,216,46,2716,432,897.16,84.14,1.0
7875,189,40,2689,378,897.13,80.21,1.0
7876,285,11,2785,570,897.13,137.76,1.0
7877,173,43,2673,346,897.09,77.8,1.0
7878,179,44,2679,358,897.06,79.66,1.0
7879,190,36,2690,380,897.06,81.63,1.0
7880,223,10,2723,446,897.06,123.31,1.0
7881,189,41,2689,378,897.04,80.55,1.0
7882,190,43,2690,380,897.04,82.24,1.0
7883,201,43,2701,402,897.04,82.46,1.0
7884,173,42,2673,346,897.03,78.05,1.0
7885,189,43,2689,378,896.99,81.24,1.0
7886,31,8,2531,62,896.95,84.19,1.0
7887,231,47,2731,462,896.94,87.76,1.0
7888,173,37,2673,346,896.93,78.31,1.0
7889,189,38,2689,378,896.93,80.46,1.0
7890,189,31,2689,378,896.92,80.8,1.0
7891,201,33,2701,402,896.91,81.82,1.0
7892,201,39,2701,402,896.9,83.04,1.0
7893,179,33,2679,358,896.89,79.69,1.0
7894,179,39,2679,358,896.89,80.01,1.0
7895,201,41,2701,402,896.87,82.74,1.0
7896,145,10,2645,290,896.86,111.18,1.0
7897,181,45,2681,362,896.85,78.96,1.0
7898,142,29,2642,284,896.84,77.52,1.0
7899,195,32,2695,390,896.84,83.02,1.0
7900,173,31,2673,346,896.8,78.07,1.0
7901,179,40,2679,358,896.8,79.73,1.0
7902,190,32,2690,380,896.79,82.27,1.0
7903,189,35,2689,378,896.78,79.71,1.0
7904,145,29,2645,290,896.73,80.4,1.0
7905,195,34,2695,390,896.72,82.71,1.0
7906,201,30,2701,402,896.71,82.35,1.0
7907,173,33,2673,346,896.7,77.81,1.0
7908,173,38,2673,346,896.69,78.47,1.0
7909,193,45,2693,386,896.69,82.45,1.0
7910,173,36,2673,346,896.68,78.71,1.0
7911,195,44,2695,390,896.68,83.18,1.0
7912,283,51,2783,566,896.68,96.41,1.0
7913,230,48,2730,460,896.67,85.94,1.0
7914,201,42,2701,402,896.66,82.65,1.0
7915,103,9,2603,206,896.65,103.25,1.0
7916,195,42,2695,390,896.65,82.92,1.0
7917,229,48,2729,458,896.64,87.47,1.0
7918,201,36,2701,402,896.64,82.68,1.0
7919,241,49,2741,482,896.64,92.73,1.0
7920,179,42,2679,358,896.62,79.79,1.0
7921,149,29,2649,298,896.61,79.13,1.0
7922,105,9,2605,210,896.6,99.96,1.0
7923,173,32,2673,346,896.59,78.55,1.0
7924,201,35,2701,402,896.59,82.29,1.0
7925,282,50,2782,564,896.58,94.22,1.0
7926,267,50,2767,534,896.57,93.9,1.0
7927,151,10,2651,302,896.56,110.65,1.0
7928,196,46,2696,392,896.55,82.04,1.0
7929,173,44,2673,346,896.5,78.27,1.0
7930,173,35,2673,346,896.49,78.51,1.0
7931,24,8,2524,48,896.48,81.7,1.0
7932,189,30,2689,378,896.47,80.38,1.0
7933,189,33,2689,378,896.46,80.38,1.0
7934,201,44,2701,402,896.44,82.01,1.0
7935,173,34,2673,346,896.43,78.04,1.0
7936,173,41,2673,346,896.38,78.47,1.0
7937,210,38,2710,420,896.37,83.54,1.0
7938,41,27,2541,82,896.33,69.25,1.0
7939,121,9,2621,242,896.32,105.46,1.0
7940,210,41,2710,420,896.31,83.67,1.0
7941,260,49,2760,520,896.29,93.32,1.0
7942,287,11,2787,574,896.26,138.08,1.0
7943,173,30,2673,346,896.25,78.26,1.0
7944,211,10,2711,422,896.23,123.6,1.0
7945,234,11,2734,468,896.22,127.3,1.0
7946,256,49,2756,512,896.22,91.22,1.0
7947,257,48,2757,514,896.2,90.06,1.0
7948,239,48,2739,478,896.18,88.36,1.0
7949,21,27,2521,42,896.15,64.95,1.0
7950,126,29,2626,252,896.11,75.49,1.0
7951,249,50,2749,498,896.07,94.25,1.0
7952,48,27,2548,96,896.04,69.67,1.0
7953,126,9,2626,252,896.04,108.1,1.0
7954,30,27,2530,60,896.01,66.67,1.0
7955,210,37,2710,420,896.0,84.07,1.0
7956,225,47,2725,450,895.98,87.95,1.0
7957,205,10,2705,410,895.97,121.49,1.0
7958,283,11,2783,566,895.96,136.2,1.0
7959,219,10,2719,438,895.95,122.4,1.0
7960,210,35,2710,420,895.91,85.11,1.0
7961,227,11,2727,454,895.9,120.81,1.0
7962,189,32,2689,378,895.89,79.94,1.0
7963,142,10,2642,284,895.86,112.22,1.0
7964,269,11,2769,538,895.82,131.12,1.0
7965,210,42,2710,420,895.8,83.8,1.0
7966,197,46,2697,394,895.72,84.26,1.0
7967,210,32,2710,420,895.68,84.75,1.0
7968,11,8,2511,22,895.65,77.06,1.0
7969,252,50,2752,504,895.64,92.47,1.0
7970,210,40,2710,420,895.6,84.17,1.0
7971,213,47,2713,426,895.56,85.05,1.0
7972,26,8,2526,52,895.55,82.79,1.0
7973,33,27,2533,66,895.52,67.83,1.0
7974,210,34,2710,420,895.52,83.86,1.0
7975,171,10,2671,342,895.49,114.53,1.0
7976,210,36,2710,420,895.45,83.81,1.0
7977,132,9,2632,264,895.44,110.4,1.0
7978,238,48,2738,476,895.4,86.47,1.0
7979,210,44,2710,420,895.34,83.54,1.0
7980,210,31,2710,420,895.33,84.67,1.0
7981,84,28,2584,168,895.29,71.13,1.0
7982,184,32,2684,368,895.26,80.72,1.0
7983,241,10,2741,482,895.26,129.04,1.0
7984,40,27,2540,80,895.2,69.36,1.0
7985,8,8,2508,16,895.18,77.81,1.0
7986,184,36,2684,368,895.11,80.39,1.0
7987,210,43,2710,420,895.1,84.26,1.0
7988,227,46,2727,454,895.08,86.82,1.0
7989,29,27,2529,58,895.05,67.52,1.0
7990,218,47,2718,436,895.04,87.81,1.0
7991,268,51,2768,536,895.0,94.06,1.0
7992,194,47,2694,388,894.93,81.43,1.0
7993,272,50,2772,544,894.89,94.95,1.0
7994,184,38,2684,368,894.82,79.7,1.0
7995,100,9,2600,200,894.81,103.92,1.0
7996,184,34,2684,368,894.8,80.18,1.0
7997,184,43,2684,368,894.79,80.27,1.0
7998,299,11,2799,598,894.78,141.06,1.0
7999,25,8,2525,50,894.76,86.04,1.0
8000,292,51,2792,584,894.76,95.53,1.0
8001,76,28,2576,152,894.75,71.01,1.0
8002,203,34,2703,406,894.75,84.93,1.0
8003,212,48,2712,424,894.73,86.71,1.0
8004,243,49,2743,486,894.61,89.43,1.0
8005,184,39,2684,368,894.6,80.72,1.0
8006,210,33,2710,420,894.6,84.51,1.0
8007,255,48,2755,510,894.6,93.13,1.0
8008,279,51,2779,558,894.59,97.2,1.0
8009,184,37,2684,368,894.57,80.36,1.0
8010,300,50,2800,600,894.56,99.05,1.0
8011,276,51,2776,552,894.56,98.2,1.0
8012,210,30,2710,420,894.55,84.49,1.0
8013,184,41,2684,368,894.53,80.37,1.0
8014,261,50,2761,522,894.51,99.68,1.0
8015,210,39,2710,420,894.45,83.64,1.0
8016,74,9,2574,148,894.44,98.46,1.0
8017,257,11,2757,514,894.41,135.01,1.0
8018,203,38,2703,406,894.38,85.0,1.0
8019,178,45,2678,356,894.37,80.93,1.0
8020,184,40,2684,368,894.35,80.81,1.0
8021,184,44,2684,368,894.33,79.94,1.0
8022,129,29,2629,258,894.31,76.57,1.0
8023,134,29,2634,268,894.31,79.09,1.0
8024,184,31,2684,368,894.28,80.0,1.0
8025,148,29,2648,296,894.27,78.78,1.0
8026,246,50,2746,492,894.26,90.8,1.0
8027,258,50,2758,516,894.26,97.25,1.0
8028,143,29,2643,286,894.25,79.71,1.0
8029,296,50,2796,592,894.24,91.09,1.0
8030,285,50,2785,570,894.22,94.76,1.0
8031,214,46,2714,428,894.21,83.06,1.0
8032,125,29,2625,250,894.19,75.11,1.0
8033,184,42,2684,368,894.19,79.69,1.0
8034,184,30,2684,368,894.18,80.3,1.0
8035,160,37,2660,320,894.16,76.6,1.0
8036,259,49,2759,518,894.16,91.62,1.0
8037,184,33,2684,368,894.08,80.68,1.0
8038,232,49,2732,464,894.0,89.02,1.0
8039,23,8,2523,46,893.92,80.13,1.0
8040,38,27,2538,76,893.91,67.38,1.0
8041,273,49,2773,546,893.86,93.42,1.0
8042,184,35,2684,368,893.84,80.21,1.0
8043,250,49,2750,500,893.79,92.96,1.0
8044,295,50,2795,590,893.76,94.98,1.0
8045,203,44,2703,406,893.68,84.66,1.0
8046,92,28,2592,184,893.66,72.69,1.0
8047,86,28,2586,172,893.65,72.36,1.0
8048,205,47,2705,410,893.65,82.05,1.0
8049,203,40,2703,406,893.62,84.24,1.0
8050,236,49,2736,472,893.59,89.98,1.0
8051,81,28,2581,162,893.58,70.37,1.0
8052,223,48,2723,446,893.56,86.24,1.0
8053,203,41,2703,406,893.56,85.21,1.0
8054,297,50,2797,594,893.47,95.52,1.0
8055,160,31,2660,320,893.43,76.62,1.0
8056,298,52,2798,596,893.43,101.76,1.0
8057,125,9,2625,250,893.4,105.23,1.0
8058,203,32,2703,406,893.4,84.85,1.0
8059,203,42,2703,406,893.35,85.06,1.0
8060,203,30,2703,406,893.33,84.36,1.0
8061,203,43,2703,406,893.31,85.09,1.0
8062,254,50,2754,508,893.3,92.38,1.0
8063,290,50,2790,580,893.3,94.76,1.0
8064,24,27,2524,48,893.29,65.79,1.0
8065,294,51,2794,588,893.25,96.42,1.0
8066,211,45,2711,422,893.24,84.4,1.0
8067,244,50,2744,488,893.19,89.67,1.0
8068,150,29,2650,300,893.16,76.75,1.0
8069,182,45,2682,364,893.15,80.38,1.0
8070,262,50,2762,524,893.14,91.71,1.0
8071,250,10,2750,500,893.09,133.06,1.0
8072,203,37,2703,406,893.09,85.42,1.0
8073,160,42,2660,320,893.06,76.24,1.0
8074,203,31,2703,406,892.99,84.48,1.0
8075,31,27,2531,62,892.97,67.93,1.0
8076,228,48,2728,456,892.96,85.96,1.0
8077,203,35,2703,406,892.94,85.31,1.0
8078,160,33,2660,320,892.92,77.32,1.0
8079,174,10,2674,348,892.91,119.0,1.0
8080,203,36,2703,406,892.91,84.66,1.0
8081,274,51,2774,548,892.91,94.83,1.0
8082,71,28,2571,142,892.9,69.81,1.0
8083,160,30,2660,320,892.89,76.34,1.0
8084,133,9,2633,266,892.89,110.11,1.0
8085,55,8,2555,110,892.85,91.16,1.0
8086,122,9,2622,244,892.84,108.51,1.0
8087,160,43,2660,320,892.84,76.82,1.0
8088,160,36,2660,320,892.83,78.0,1.0
8089,203,33,2703,406,892.83,85.52,1.0
8090,203,39,2703,406,892.83,85.02,1.0
8091,32,8,2532,64,892.78,83.9,1.0
8092,113,9,2613,226,892.76,107.41,1.0
8093,160,32,2660,320,892.73,77.37,1.0
8094,160,34,2660,320,892.72,75.98,1.0
8095,235,48,2735,470,892.72,89.43,1.0
8096,160,38,2660,320,892.71,76.62,1.0
8097,207,47,2707,414,892.68,85.21,1.0
8098,107,9,2607,214,892.66,104.91,1.0
8099,222,47,2722,444,892.65,88.82,1.0
8100,209,49,2709,418,892.63,88.6,1.0
8101,160,40,2660,320,892.56,76.65,1.0
8102,162,10,2662,324,892.55,119.41,1.0
8103,160,39,2660,320,892.52,76.74,1.0
8104,291,51,2791,582,892.52,96.54,1.0
8105,82,9,2582,164,892.51,96.71,1.0
8106,160,35,2660,320,892.51,77.0,1.0
8107,192,46,2692,384,892.5,80.93,1.0
8108,217,47,2717,434,892.5,86.82,1.0
8109,160,41,2660,320,892.45,77.12,1.0
8110,133,29,2633,266,892.43,77.67,1.0
8111,187,10,2687,374,892.43,116.63,1.0
8112,160,44,2660,320,892.42,76.44,1.0
8113,189,45,2689,378,892.41,80.91,1.0
8114,137,29,2637,274,892.38,75.57,1.0
8115,264,49,2764,528,892.32,95.08,1.0
8116,191,46,2691,382,892.27,82.23,1.0
8117,208,45,2708,416,892.21,83.85,1.0
8118,34,27,2534,68,892.19,65.85,1.0
8119,289,51,2789,578,892.12,96.73,1.0
8120,139,29,2639,278,892.11,78.03,1.0
8121,266,10,2766,532,892.08,133.5,1.0
8122,179,45,2679,358,892.04,81.53,1.0
8123,202,46,2702,404,892.0,83.12,1.0
8124,26,27,2526,52,891.96,66.59,1.0
8125,36,27,2536,72,891.92,69.28,1.0
8126,218,10,2718,436,891.86,123.8,1.0
8127,114,9,2614,228,891.85,106.32,1.0
8128,120,9,2620,240,891.83,107.58,1.0
8129,80,9,2580,160,891.73,97.77,1.0
8130,206,48,2706,412,891.69,85.94,1.0
8131,34,8,2534,68,891.65,82.66,1.0
8132,281,11,2781,562,891.65,133.4,1.0
8133,190,10,2690,380,891.63,123.54,1.0
8134,280,11,2780,560,891.63,133.94,1.0
8135,89,28,2589,178,891.61,72.42,1.0
8136,198,45,2698,396,891.55,83.54,1.0
8137,248,50,2748,496,891.54,89.58,1.0
8138,287,51,2787,574,891.53,97.6,1.0
8139,201,45,2701,402,891.5,82.9,1.0
8140,22,8,2522,44,891.43,81.46,1.0
8141,37,8,2537,74,891.42,87.64,1.0
8142,263,50,2763,526,891.42,94.56,1.0
8143,284,50,2784,568,891.39,95.4,1.0
8144,204,46,2704,408,891.32,85.94,1.0
8145,14,8,2514,28,891.31,80.08,1.0
8146,265,51,2765,530,891.3,94.92,1.0
8147,57,9,2557,114,891.27,91.71,1.0
8148,193,46,2693,386,891.22,82.73,1.0
8149,270,51,2770,540,891.22,96.7,1.0
8150,230,10,2730,460,891.2,127.12,1.0
8151,278,51,2778,556,891.05,96.42,1.0
8152,237,48,2737,474,891.04,87.55,1.0
8153,247,49,2747,494,891.03,93.91,1.0
8154,199,46,2699,398,891.0,82.16,1.0
8155,224,49,2724,448,890.98,89.16,1.0
8156,141,29,2641,282,890.95,76.3,1.0
8157,35,27,2535,70,890.91,65.83,1.0
8158,186,45,2686,372,890.88,82.51,1.0
8159,233,49,2733,466,890.85,90.64,1.0
8160,289,11,2789,578,890.84,134.3,1.0
8161,88,28,2588,176,890.76,74.83,1.0
8162,83,28,2583,166,890.72,75.32,1.0
8163,185,45,2685,370,890.72,83.15,1.0
8164,210,45,2710,420,890.72,84.5,1.0
8165,281,51,2781,562,890.71,93.71,1.0
8166,165,31,2665,330,890.7,77.6,1.0
8167,269,51,2769,538,890.7,89.99,1.0
8168,35,8,2535,70,890.64,83.48,1.0
8169,128,29,2628,256,890.56,81.13,1.0
8170,239,11,2739,478,890.55,129.89,1.0
8171,39,27,2539,78,890.5,68.66,1.0
8172,184,45,2684,368,890.47,80.65,1.0
8173,45,8,2545,90,890.46,87.36,1.0
8174,190,45,2690,380,890.41,82.75,1.0
8175,128,9,2628,256,890.37,109.61,1.0
8176,152,9,2652,304,890.35,113.93,1.0
8177,220,48,2720,440,890.33,89.65,1.0
8178,253,49,2753,506,890.32,90.86,1.0
8179,277,51,2777,554,890.32,95.88,1.0
8180,215,47,2715,430,890.26,86.6,1.0
8181,271,51,2771,542,890.24,94.04,1.0
8182,175,44,2675,350,890.23,77.94,1.0
8183,123,9,2623,246,890.15,111.09,1.0
8184,280,50,2780,560,890.14,95.57,1.0
8185,242,49,2742,484,890.09,90.34,1.0
8186,137,9,2637,274,890.07,111.11,1.0
8187,197,47,2697,394,890.07,85.04,1.0
8188,42,27,2542,84,890.0,68.39,1.0
8189,267,10,2767,534,890.0,136.8,1.0
8190,241,50,2741,482,889.97,93.32,1.0
8191,136,29,2636,272,889.9,78.56,1.0
8192,187,44,2687,374,889.89,81.34,1.0
8193,131,29,2631,262,889.88,75.13,1.0
8194,165,30,2665,330,889.88,77.25,1.0
8195,85,28,2585,170,889.86,72.88,1.0
8196,140,9,2640,280,889.83,114.11,1.0
8197,110,9,2610,220,889.8,104.81,1.0
8198,38,8,2538,76,889.77,85.98,1.0
8199,173,45,2673,346,889.77,78.91,1.0
8200,258,10,2758,516,889.77,136.19,1.0
8201,165,32,2665,330,889.76,76.82,1.0
8202,165,38,2665,330,889.72,77.17,1.0
8203,165,42,2665,330,889.71,77.24,1.0
8204,196,47,2696,392,889.7,81.95,1.0
8205,219,49,2719,438,889.7,87.09,1.0
8206,225,48,2725,450,889.63,89.04,1.0
8207,187,42,2687,374,889.62,80.94,1.0
8208,28,8,2528,56,889.6,84.37,1.0
8209,130,9,2630,260,889.57,106.85,1.0
8210,251,49,2751,502,889.56,93.57,1.0
8211,165,37,2665,330,889.55,76.92,1.0
8212,195,45,2695,390,889.54,84.15,1.0
8213,161,9,2661,322,889.48,115.82,1.0
8214,165,43,2665,330,889.48,77.05,1.0
8215,299,51,2799,598,889.46,103.29,1.0
8216,134,9,2634,268,889.44,114.62,1.0
8217,187,35,2687,374,889.44,81.77,1.0
8218,165,33,2665,330,889.42,77.21,1.0
8219,165,34,2665,330,889.42,77.06,1.0
8220,181,46,2681,362,889.42,79.16,1.0
8221,234,48,2734,468,889.39,84.42,1.0
8222,175,34,2675,350,889.35,77.35,1.0
8223,28,27,2528,56,889.34,68.06,1.0
8224,298,10,2798,596,889.32,145.67,1.0
8225,127,29,2627,254,889.3,76.52,1.0
8226,240,49,2740,480,889.3,89.26,1.0
8227,165,39,2665,330,889.28,76.87,1.0
8228,175,32,2675,350,889.28,78.55,1.0
8229,194,48,2694,388,889.24,82.62,1.0
8230,187,31,2687,374,889.23,80.81,1.0
8231,176,34,2676,352,889.21,80.7,1.0
8232,20,27,2520,40,889.2,66.16,1.0
8233,6,8,2506,12,889.16,75.2,1.0
8234,176,38,2676,352,889.16,81.08,1.0
8235,175,41,2675,350,889.15,78.23,1.0
8236,187,34,2687,374,889.15,82.11,1.0
8237,256,50,2756,512,889.14,91.69,1.0
8238,187,39,2687,374,889.11,81.46,1.0
8239,187,33,2687,374,889.05,80.39,1.0
8240,177,34,2677,354,889.04,80.03,1.0
8241,187,37,2687,374,889.03,80.75,1.0
8242,187,36,2687,374,888.98,80.87,1.0
8243,212,49,2712,424,888.94,87.07,1.0
8244,56,8,2556,112,888.92,92.27,1.0
8245,175,33,2675,350,888.9,77.96,1.0
8246,273,11,2773,546,888.9,132.87,1.0
8247,165,40,2665,330,888.89,77.72,1.0
8248,187,30,2687,374,888.88,80.1,1.0
8249,178,46,2678,356,888.87,80.76,1.0
8250,275,52,2775,550,888.87,98.85,1.0
8251,175,37,2675,350,888.83,77.49,1.0
8252,187,38,2687,374,888.83,80.68,1.0
8253,75,28,2575,150,888.8,70.91,1.0
8254,177,37,2677,354,888.78,79.94,1.0
8255,177,31,2677,354,888.77,79.51,1.0
8256,168,31,2668,336,888.76,77.81,1.0
8257,187,32,2687,374,888.76,81.44,1.0
8258,55,28,2555,110,888.74,68.61,1.0
8259,187,41,2687,374,888.72,81.11,1.0
8260,231,48,2731,462,888.71,88.86,1.0
8261,165,35,2665,330,888.66,77.03,1.0
8262,175,35,2675,350,888.66,77.79,1.0
8263,266,51,2766,532,888.63,93.91,1.0
8264,245,10,2745,490,888.61,131.61,1.0
8265,165,44,2665,330,888.6,76.7,1.0
8266,175,39,2675,350,888.58,77.84,1.0
8267,177,33,2677,354,888.58,79.76,1.0
8268,227,47,2727,454,888.56,87.64,1.0
8269,187,40,2687,374,888.54,81.04,1.0
8270,176,43,2676,352,888.53,80.79,1.0
8271,165,41,2665,330,888.48,77.24,1.0
8272,175,42,2675,350,888.47,78.12,1.0
8273,187,43,2687,374,888.47,79.94,1.0
8274,221,47,2721,442,888.45,88.75,1.0
8275,160,45,2660,320,888.44,78.04,1.0
8276,168,33,2668,336,888.44,77.62,1.0
8277,176,33,2676,352,888.44,80.55,1.0
8278,68,28,2568,136,888.41,71.55,1.0
8279,175,38,2675,350,888.4,77.55,1.0
8280,116,9,2616,232,888.35,106.41,1.0
8281,168,41,2668,336,888.35,77.5,1.0
8282,175,31,2675,350,888.33,77.33,1.0
8283,177,43,2677,354,888.33,80.33,1.0
8284,165,36,2665,330,888.32,77.74,1.0
8285,175,40,2675,350,888.32,78.08,1.0
8286,203,45,2703,406,888.32,86.09,1.0
8287,175,36,2675,350,888.31,78.38,1.0
8288,177,40,2677,354,888.29,79.79,1.0
8289,127,9,2627,254,888.28,109.52,1.0
8290,216,10,2716,432,888.27,122.29,1.0
8291,213,48,2713,426,888.24,86.59,1.0
8292,176,39,2676,352,888.23,80.32,1.0
8293,175,43,2675,350,888.22,77.24,1.0
8294,79,28,2579,158,888.21,74.45,1.0
8295,177,32,2677,354,888.21,79.27,1.0
8296,230,49,2730,460,888.21,87.28,1.0
8297,168,37,2668,336,888.2,77.1,1.0
8298,226,49,2726,452,888.2,88.86,1.0
8299,168,39,2668,336,888.19,77.71,1.0
8300,177,44,2677,354,888.15,79.69,1.0
8301,27,27,2527,54,888.14,67.77,1.0
8302,175,30,2675,350,888.12,78.1,1.0
8303,78,28,2578,156,888.11,71.36,1.0
8304,168,32,2668,336,888.1,77.63,1.0
8305,216,47,2716,432,888.1,86.3,1.0
8306,44,8,2544,88,888.09,87.87,1.0
8307,176,30,2676,352,888.08,80.24,1.0
8308,293,52,2793,586,888.08,100.63,1.0
8309,177,36,2677,354,888.05,79.76,1.0
8310,73,28,2573,146,888.04,72.3,1.0
8311,201,10,2701,402,888.03,122.0,1.0
8312,168,44,2668,336,888.01,77.84,1.0
8313,168,34,2668,336,888.0,77.7,1.0
8314,168,35,2668,336,887.91,77.97,1.0
8315,176,36,2676,352,887.88,81.05,1.0
8316,176,40,2676,352,887.87,79.76,1.0
8317,177,39,2677,354,887.84,79.99,1.0
8318,168,38,2668,336,887.81,78.35,1.0
8319,168,30,2668,336,887.74,77.87,1.0
8320,177,41,2677,354,887.72,78.92,1.0
8321,52,8,2552,104,887.68,90.73,1.0
8322,168,40,2668,336,887.67,77.64,1.0
8323,177,30,2677,354,887.67,79.55,1.0
8324,167,9,2667,334,887.66,118.26,1.0
8325,177,42,2677,354,887.65,79.33,1.0
8326,168,43,2668,336,887.61,77.26,1.0
8327,176,42,2676,352,887.61,80.88,1.0
8328,200,48,2700,400,887.59,87.0,1.0
8329,176,37,2676,352,887.58,80.62,1.0
8330,168,36,2668,336,887.57,77.58,1.0
8331,205,48,2705,410,887.53,83.25,1.0
8332,199,10,2699,398,887.47,120.1,1.0
8333,144,9,2644,288,887.46,110.65,1.0
8334,238,49,2738,476,887.46,88.2,1.0
8335,260,50,2760,520,887.46,94.17,1.0
8336,180,10,2680,360,887.45,114.62,1.0
8337,250,50,2750,500,887.43,94.13,1.0
8338,279,52,2779,558,887.43,97.99,1.0
8339,47,27,2547,94,887.42,67.71,1.0
8340,245,50,2745,490,887.41,91.74,1.0
8341,169,43,2669,338,887.39,79.62,1.0
8342,183,38,2683,366,887.39,81.07,1.0
8343,214,47,2714,428,887.35,84.52,1.0
8344,239,49,2739,478,887.34,90.09,1.0
8345,124,29,2624,248,887.28,75.87,1.0
8346,176,31,2676,352,887.25,80.43,1.0
8347,215,10,2715,430,887.19,125.45,1.0
8348,19,27,2519,38,887.16,64.66,1.0
8349,18,27,2518,36,887.15,62.96,1.0
8350,25,27,2525,50,887.15,68.71,1.0
8351,176,35,2676,352,887.14,80.96,1.0
8352,286,51,2786,572,887.14,97.25,1.0
8353,249,10,2749,498,887.11,130.92,1.0
8354,93,9,2593,186,887.09,100.21,1.0
8355,249,51,2749,498,887.08,94.07,1.0
8356,177,38,2677,354,887.03,79.81,1.0
8357,222,10,2722,444,887.03,126.7,1.0
8358,232,50,2732,464,887.03,89.43,1.0
8359,115,9,2615,230,887.01,104.23,1.0
8360,195,10,2695,390,887.0,126.94,1.0
8361,176,32,2676,352,886.95,81.36,1.0
8362,257,49,2757,514,886.92,91.37,1.0
8363,16,27,2516,32,886.91,66.1,1.0
8364,222,48,2722,444,886.91,89.75,1.0
8365,176,41,2676,352,886.9,80.39,1.0
8366,207,48,2707,414,886.88,86.59,1.0
8367,177,35,2677,354,886.79,79.87,1.0
8368,176,44,2676,352,886.76,80.3,1.0
8369,282,11,2782,564,886.74,134.1,1.0
8370,183,31,2683,366,886.71,81.52,1.0
8371,169,32,2669,338,886.7,79.57,1.0
8372,183,36,2683,366,886.7,81.88,1.0
8373,82,28,2582,164,886.69,70.5,1.0
8374,168,42,2668,336,886.69,77.82,1.0
8375,169,34,2669,338,886.67,78.89,1.0
8376,169,42,2669,338,886.63,79.9,1.0
8377,183,30,2683,366,886.61,81.83,1.0
8378,294,11,2794,588,886.56,135.7,1.0
8379,288,52,2788,576,886.55,99.15,1.0
8380,183,44,2683,366,886.5,81.51,1.0
8381,169,31,2669,338,886.47,79.58,1.0
8382,191,47,2691,382,886.44,82.82,1.0
8383,217,48,2717,434,886.4,87.82,1.0
8384,169,33,2669,338,886.39,79.9,1.0
8385,209,50,2709,418,886.37,90.56,1.0
8386,169,35,2669,338,886.33,78.98,1.0
8387,229,49,2729,458,886.31,88.17,1.0
8388,246,10,2746,492,886.31,131.28,1.0
8389,70,28,2570,140,886.29,71.04,1.0
8390,169,37,2669,338,886.28,80.75,1.0
8391,244,10,2744,488,886.27,131.41,1.0
8392,70,8,2570,140,886.24,94.08,1.0
8393,218,48,2718,436,886.23,89.26,1.0
8394,154,32,2654,308,886.22,79.42,1.0
8395,183,32,2683,366,886.18,81.24,1.0
8396,192,10,2692,384,886.16,122.22,1.0
8397,169,44,2669,338,886.15,79.17,1.0
8398,183,39,2683,366,886.14,82.18,1.0
8399,192,47,2692,384,886.14,81.86,1.0
8400,211,46,2711,422,886.13,85.34,1.0
8401,169,36,2669,338,886.07,79.63,1.0
8402,183,42,2683,366,886.06,80.45,1.0
8403,291,11,2791,582,886.06,136.16,1.0
8404,120,29,2620,240,886.05,75.44,1.0
8405,282,51,2782,564,886.05,96.37,1.0
8406,246,51,2746,492,886.04,92.35,1.0
8407,49,8,2549,98,886.0,93.67,1.0
8408,36,8,2536,72,885.95,86.21,1.0
8409,167,32,2667,334,885.93,78.91,1.0
8410,169,39,2669,338,885.93,79.68,1.0
8411,169,40,2669,338,885.93,79.45,1.0
8412,169,41,2669,338,885.92,79.46,1.0
8413,139,9,2639,278,885.89,108.86,1.0
8414,179,46,2679,358,885.87,81.23,1.0
8415,151,29,2651,302,885.83,80.25,1.0
8416,154,30,2654,308,885.82,78.09,1.0
8417,154,35,2654,308,885.81,78.32,1.0
8418,183,33,2683,366,885.79,81.46,1.0
8419,40,8,2540,80,885.74,83.35,1.0
8420,169,38,2669,338,885.74,79.38,1.0
8421,154,34,2654,308,885.71,78.54,1.0
8422,154,41,2654,308,885.69,78.61,1.0
8423,77,28,2577,154,885.67,69.87,1.0
8424,183,41,2683,366,885.65,82.19,1.0
8425,235,49,2735,470,885.62,90.12,1.0
8426,23,27,2523,46,885.6,64.95,1.0
8427,283,52,2783,566,885.6,98.36,1.0
8428,276,10,2776,552,885.58,136.88,1.0
8429,252,10,2752,504,885.57,131.59,1.0
8430,108,29,2608,216,885.53,73.66,1.0
8431,198,46,2698,396,885.53,83.86,1.0
8432,183,35,2683,366,885.51,81.35,1.0
8433,255,49,2755,510,885.51,94.11,1.0
8434,154,31,2654,308,885.5,78.6,1.0
8435,154,38,2654,308,885.5,79.64,1.0
8436,259,50,2759,518,885.5,93.73,1.0
8437,154,42,2654,308,885.48,79.0,1.0
8438,273,50,2773,546,885.46,95.19,1.0
8439,204,47,2704,408,885.45,87.73,1.0
8440,183,37,2683,366,885.44,81.26,1.0
8441,154,39,2654,308,885.41,78.8,1.0
8442,243,50,2743,486,885.4,89.54,1.0
8443,154,40,2654,308,885.39,78.15,1.0
8444,167,30,2667,334,885.39,77.87,1.0
8445,154,9,2654,308,885.37,114.43,1.0
8446,167,38,2667,334,885.35,78.79,1.0
8447,228,49,2728,456,885.35,87.03,1.0
8448,264,50,2764,528,885.31,96.66,1.0
8449,296,51,2796,592,885.31,94.22,1.0
8450,183,40,2683,366,885.26,81.19,1.0
8451,183,34,2683,366,885.25,81.66,1.0
8452,154,33,2654,308,885.24,78.64,1.0
8453,154,43,2654,308,885.23,78.83,1.0
8454,111,29,2611,222,885.19,73.25,1.0
8455,114,29,2614,228,885.16,73.31,1.0
8456,190,46,2690,380,885.14,83.23,1.0
8457,154,36,2654,308,885.13,79.2,1.0
8458,167,40,2667,334,885.13,78.49,1.0
8459,185,46,2685,370,885.11,84.25,1.0
8460,167,35,2667,334,885.08,78.26,1.0
8461,183,43,2683,366,885.04,82.3,1.0
8462,167,41,2667,334,885.03,79.07,1.0
8463,167,36,2667,334,884.97,78.64,1.0
8464,93,28,2593,186,884.96,75.69,1.0
8465,229,10,2729,458,884.96,124.12,1.0
8466,22,27,2522,44,884.95,66.28,1.0
8467,167,42,2667,334,884.93,79.9,1.0
8468,167,34,2667,334,884.92,78.89,1.0
8469,164,39,2664,328,884.91,79.14,1.0
8470,154,44,2654,308,884.89,78.83,1.0
8471,267,51,2767,534,884.89,95.15,1.0
8472,32,27,2532,64,884.87,67.94,1.0
8473,167,37,2667,334,884.85,79.02,1.0
8474,167,43,2667,334,884.85,78.91,1.0
8475,180,33,2680,360,884.85,76.38,1.0
8476,186,46,2686,372,884.85,83.13,1.0
8477,74,28,2574,148,884.82,71.07,1.0
8478,272,51,2772,544,884.81,96.83,1.0
8479,268,52,2768,536,884.8,95.37,1.0
8480,223,49,2723,446,884.78,87.05,1.0
8481,164,38,2664,328,884.77,79.87,1.0
8482,182,46,2682,364,884.7,81.95,1.0
8483,39,8,2539,78,884.67,88.22,1.0
8484,154,37,2654,308,884.67,78.67,1.0
8485,208,46,2708,416,884.66,84.08,1.0
8486,66,28,2566,132,884.62,71.13,1.0
8487,210,46,2710,420,884.62,85.24,1.0
8488,164,32,2664,328,884.56,78.81,1.0
8489,164,33,2664,328,884.51,79.98,1.0
8490,164,42,2664,328,884.51,79.73,1.0
8491,164,9,2664,328,884.48,120.06,1.0
8492,164,34,2664,328,884.44,79.95,1.0
8493,180,30,2680,360,884.42,77.31,1.0
8494,164,36,2664,328,884.4,79.46,1.0
8495,180,31,2680,360,884.39,77.61,1.0
8496,202,47,2702,404,884.39,83.75,1.0
8497,130,29,2630,260,884.38,76.72,1.0
8498,167,33,2667,334,884.36,79.23,1.0
8499,300,11,2800,600,884.34,143.03,1.0
8500,197,10,2697,394,884.31,124.83,1.0
8501,148,9,2648,296,884.29,113.47,1.0
8502,178,9,2678,356,884.28,119.66,1.0
8503,164,31,2664,328,884.26,80.1,1.0
8504,136,9,2636,272,884.24,115.13,1.0
8505,155,9,2655,310,884.23,116.54,1.0
8506,15,27,2515,30,884.21,64.68,1.0
8507,180,34,2680,360,884.21,76.49,1.0
8508,169,9,2669,338,884.2,117.89,1.0
8509,201,46,2701,402,884.2,83.76,1.0
8510,180,43,2680,360,884.19,76.87,1.0
8511,12,27,2512,24,884.17,66.6,1.0
8512,278,52,2778,556,884.17,96.9,1.0
8513,163,42,2663,326,884.16,78.15,1.0
8514,17,27,2517,34,884.14,66.23,1.0
8515,164,37,2664,328,884.13,80.16,1.0
8516,287,52,2787,574,884.07,97.36,1.0
8517,164,35,2664,328,884.04,79.59,1.0
8518,164,44,2664,328,884.03,79.88,1.0
8519,240,10,2740,480,884.03,130.65,1.0
8520,168,45,2668,336,884.02,78.77,1.0
8521,167,39,2667,334,884.01,78.72,1.0
8522,163,32,2663,326,883.98,78.3,1.0
8523,50,8,2550,100,883.95,89.96,1.0
8524,169,30,2669,338,883.94,79.92,1.0
8525,180,35,2680,360,883.94,76.9,1.0
8526,258,51,2758,516,883.93,97.41,1.0
8527,180,37,2680,360,883.89,76.68,1.0
8528,276,52,2776,552,883.88,99.85,1.0
8529,262,51,2762,524,883.87,92.21,1.0
8530,167,31,2667,334,883.84,78.56,1.0
8531,180,36,2680,360,883.84,76.97,1.0
8532,164,30,2664,328,883.84,80.39,1.0
8533,165,45,2665,330,883.83,79.66,1.0
8534,163,35,2663,326,883.83,77.53,1.0
8535,163,39,2663,326,883.81,78.27,1.0
8536,285,51,2785,570,883.81,95.76,1.0
8537,13,27,2513,26,883.8,65.92,1.0
8538,219,50,2719,438,883.76,88.18,1.0
8539,167,44,2667,334,883.73,79.12,1.0
8540,297,51,2797,594,883.7,96.25,1.0
8541,180,32,2680,360,883.69,77.16,1.0
8542,261,51,2761,522,883.69,100.54,1.0
8543,188,10,2688,376,883.66,124.0,1.0
8544,175,45,2675,350,883.64,78.57,1.0
8545,297,11,2797,594,883.63,135.84,1.0
8546,164,41,2664,328,883.62,80.24,1.0
8547,248,51,2748,496,883.62,91.18,1.0
8548,180,44,2680,360,883.57,77.39,1.0
8549,163,44,2663,326,883.57,78.36,1.0
8550,180,42,2680,360,883.53,77.71,1.0
8551,294,52,2794,588,883.52,97.77,1.0
8552,163,43,2663,326,883.5,77.97,1.0
8553,163,33,2663,326,883.48,77.6,1.0
8554,180,39,2680,360,883.44,76.65,1.0
8555,164,40,2664,328,883.44,79.82,1.0
8556,59,8,2559,118,883.41,90.2,1.0
8557,122,29,2622,244,883.41,75.92,1.0
8558,163,38,2663,326,883.41,78.02,1.0
8559,236,10,2736,472,883.39,131.76,1.0
8560,170,34,2670,340,883.37,78.66,1.0
8561,170,33,2670,340,883.36,78.78,1.0
8562,220,49,2720,440,883.36,89.3,1.0
8563,180,38,2680,360,883.35,76.83,1.0
8564,193,47,2693,386,883.34,83.43,1.0
8565,163,37,2663,326,883.33,77.59,1.0
8566,300,51,2800,600,883.3,100.64,1.0
8567,163,36,2663,326,883.26,77.92,1.0
8568,247,50,2747,494,883.25,94.52,1.0
8569,163,34,2663,326,883.19,78.16,1.0
8570,163,31,2663,326,883.18,77.64,1.0
8571,184,46,2684,368,883.16,81.5,1.0
8572,164,43,2664,328,883.15,80.18,1.0
8573,161,40,2661,322,883.12,77.21,1.0
8574,225,10,2725,450,883.12,129.07,1.0
8575,295,51,2795,590,883.11,97.06,1.0
8576,163,41,2663,326,883.1,78.01,1.0
8577,284,51,2784,568,883.09,96.08,1.0
8578,180,41,2680,360,883.08,77.21,1.0
8579,1,27,2501,2,883.07,65.39,1.0
8580,236,50,2736,472,883.06,91.22,1.0
8581,189,46,2689,378,883.03,82.06,1.0
8582,161,43,2661,322,883.0,77.18,1.0
8583,254,51,2754,508,882.98,93.08,1.0
8584,195,46,2695,390,882.96,84.12,1.0
8585,290,51,2790,580,882.96,96.6,1.0
8586,81,8,2581,162,882.95,97.81,1.0
8587,170,32,2670,340,882.92,78.69,1.0
8588,203,10,2703,406,882.88,123.54,1.0
8589,161,36,2661,322,882.82,77.39,1.0
8590,163,40,2663,326,882.82,78.9,1.0
8591,163,30,2663,326,882.81,77.71,1.0
8592,206,49,2706,412,882.81,86.99,1.0
8593,180,40,2680,360,882.75,77.18,1.0
8594,53,8,2553,106,882.72,90.56,1.0
8595,271,52,2771,542,882.68,95.97,1.0
8596,170,43,2670,340,882.67,78.19,1.0
8597,298,53,2798,596,882.6,104.06,1.0
8598,161,42,2661,322,882.55,77.87,1.0
8599,170,37,2670,340,882.55,78.51,1.0
8600,251,50,2751,502,882.51,95.55,1.0
8601,268,10,2768,536,882.49,133.68,1.0
8602,161,35,2661,322,882.48,77.9,1.0
8603,216,48,2716,432,882.47,87.56,1.0
8604,187,45,2687,374,882.42,83.11,1.0
8605,263,51,2763,526,882.42,96.4,1.0
8606,161,34,2661,322,882.4,77.55,1.0
8607,181,47,2681,362,882.4,81.02,1.0
8608,170,35,2670,340,882.35,78.36,1.0
8609,172,39,2672,344,882.34,82.32,1.0
8610,289,52,2789,578,882.34,97.46,1.0
8611,72,28,2572,144,882.32,70.53,1.0
8612,170,36,2670,340,882.31,78.59,1.0
8613,170,44,2670,340,882.31,77.98,1.0
8614,212,9,2712,424,882.29,126.08,1.0
8615,170,40,2670,340,882.28,78.51,1.0
8616,242,50,2742,484,882.26,91.59,1.0
8617,161,44,2661,322,882.25,77.25,1.0
8618,66,8,2566,132,882.24,94.58,1.0
8619,172,32,2672,344,882.22,81.57,1.0
8620,173,46,2673,346,882.22,79.97,1.0
8621,101,29,2601,202,882.19,74.63,1.0
8622,161,38,2661,322,882.19,77.55,1.0
8623,227,48,2727,454,882.18,86.77,1.0
8624,170,41,2670,340,882.15,78.94,1.0
8625,213,49,2713,426,882.15,86.79,1.0
8626,161,37,2661,322,882.11,77.16,1.0
8627,161,39,2661,322,882.1,77.66,1.0
8628,169,45,2669,338,882.1,80.0,1.0
8629,237,49,2737,474,882.09,88.92,1.0
8630,248,10,2748,496,882.08,129.75,1.0
8631,292,52,2792,584,882.08,97.19,1.0
8632,230,50,2730,460,882.05,89.05,1.0
8633,117,29,2617,234,882.04,74.9,1.0
8634,244,51,2744,488,882.04,91.43,1.0
8635,199,47,2699,398,882.0,84.87,1.0
8636,179,47,2679,358,881.94,82.12,1.0
8637,177,45,2677,354,881.93,80.52,1.0
8638,1,7,2501,2,881.92,75.25,1.0
8639,161,30,2661,322,881.92,77.42,1.0
8640,63,8,2563,126,881.9,92.91,1.0
8641,170,31,2670,340,881.9,79.25,1.0
8642,252,51,2752,504,881.88,93.98,1.0
8643,172,42,2672,344,881.87,81.81,1.0
8644,170,42,2670,340,881.87,78.75,1.0
8645,291,52,2791,582,881.87,98.22,1.0
8646,194,49,2694,388,881.84,83.55,1.0
8647,161,41,2661,322,881.83,76.97,1.0
8648,163,9,2663,326,881.83,114.81,1.0
8649,170,38,2670,340,881.82,78.53,1.0
8650,170,30,2670,340,881.81,77.71,1.0
8651,217,10,2717,434,881.8,124.63,1.0
8652,161,31,2661,322,881.77,77.29,1.0
8653,161,33,2661,322,881.76,77.81,1.0
8654,172,36,2672,344,881.75,81.29,1.0
8655,154,45,2654,308,881.74,79.21,1.0
8656,194,9,2694,388,881.73,121.57,1.0
8657,10,27,2510,20,881.71,64.2,1.0
8658,178,47,2678,356,881.7,82.43,1.0
8659,172,30,2672,344,881.69,82.28,1.0
8660,170,39,2670,340,881.69,78.23,1.0
8661,270,52,2770,540,881.66,99.22,1.0
8662,172,37,2672,344,881.61,82.4,1.0
8663,172,31,2672,344,881.6,81.78,1.0
8664,172,40,2672,344,881.6,81.56,1.0
8665,197,48,2697,394,881.59,85.83,1.0
8666,188,38,2688,376,881.57,83.02,1.0
8667,63,28,2563,126,881.56,72.59,1.0
8668,172,41,2672,344,881.54,82.18,1.0
8669,172,44,2672,344,881.54,81.23,1.0
8670,192,48,2692,384,881.53,82.78,1.0
8671,119,29,2619,238,881.52,75.45,1.0
8672,172,43,2672,344,881.47,81.6,1.0
8673,172,35,2672,344,881.45,80.98,1.0
8674,188,34,2688,376,881.32,82.58,1.0
8675,243,10,2743,486,881.31,130.35,1.0
8676,172,38,2672,344,881.21,82.16,1.0
8677,188,35,2688,376,881.19,83.99,1.0
8678,215,48,2715,430,881.19,88.27,1.0
8679,161,32,2661,322,881.18,78.26,1.0
8680,172,33,2672,344,881.17,81.91,1.0
8681,231,10,2731,462,881.12,129.87,1.0
8682,41,8,2541,82,881.1,87.46,1.0
8683,234,49,2734,468,881.09,86.67,1.0
8684,221,48,2721,442,881.07,90.54,1.0
8685,188,37,2688,376,881.06,84.59,1.0
8686,218,49,2718,436,881.06,90.37,1.0
8687,172,34,2672,344,881.04,82.43,1.0
8688,188,44,2688,376,881.02,83.12,1.0
8689,196,48,2696,392,880.98,84.01,1.0
8690,188,30,2688,376,880.97,83.73,1.0
8691,56,28,2556,112,880.95,71.93,1.0
8692,188,39,2688,376,880.94,83.81,1.0
8693,233,50,2733,466,880.94,91.61,1.0
8694,207,10,2707,414,880.91,127.14,1.0
8695,121,29,2621,242,880.86,76.38,1.0
8696,160,46,2660,320,880.86,78.52,1.0
8697,183,45,2683,366,880.81,82.33,1.0
8698,188,43,2688,376,880.81,83.4,1.0
8699,188,41,2688,376,880.8,83.71,1.0
8700,226,10,2726,452,880.79,129.69,1.0
8701,188,36,2688,376,880.71,82.54,1.0
8702,174,30,2674,348,880.7,82.68,1.0
8703,224,50,2724,448,880.7,90.7,1.0
8704,153,39,2653,306,880.66,78.61,1.0
8705,231,49,2731,462,880.66,89.46,1.0
8706,153,44,2653,306,880.65,78.62,1.0
8707,176,45,2676,352,880.59,81.2,1.0
8708,46,8,2546,92,880.57,86.68,1.0
8709,153,9,2653,306,880.55,112.28,1.0
8710,299,52,2799,598,880.55,105.05,1.0
8711,174,44,2674,348,880.5,82.81,1.0
8712,254,10,2754,508,880.43,134.48,1.0
8713,253,50,2753,506,880.41,91.43,1.0
8714,167,45,2667,334,880.4,79.46,1.0
8715,174,38,2674,348,880.39,82.94,1.0
8716,51,8,2551,102,880.37,90.86,1.0
8717,241,51,2741,482,880.36,93.63,1.0
8718,186,47,2686,372,880.34,83.16,1.0
8719,188,32,2688,376,880.34,84.36,1.0
8720,214,10,2714,428,880.28,125.39,1.0
8721,174,40,2674,348,880.21,82.91,1.0
8722,240,50,2740,480,880.21,91.12,1.0
8723,188,40,2688,376,880.18,84.07,1.0
8724,275,10,2775,550,880.18,138.63,1.0
8725,42,8,2542,84,880.16,88.95,1.0
8726,185,47,2685,370,880.16,83.92,1.0
8727,188,33,2688,376,880.16,83.19,1.0
8728,212,50,2712,424,880.15,88.06,1.0
8729,58,8,2558,116,880.12,89.07,1.0
8730,174,35,2674,348,880.08,83.3,1.0
8731,211,47,2711,422,880.06,85.93,1.0
8732,256,51,2756,512,880.04,92.02,1.0
8733,116,29,2616,232,880.0,74.93,1.0
8734,174,37,2674,348,879.99,82.34,1.0
8735,174,39,2674,348,879.99,82.86,1.0
8736,188,31,2688,376,879.97,83.16,1.0
8737,280,51,2780,560,879.95,98.74,1.0
8738,153,30,2653,306,879.9,78.48,1.0
8739,60,8,2560,120,879.86,94.63,1.0
8740,247,10,2747,494,879.83,135.49,1.0
8741,266,52,2766,532,879.8,94.95,1.0
8742,153,36,2653,306,879.78,79.1,1.0
8743,188,42,2688,376,879.77,84.51,1.0
8744,153,35,2653,306,879.76,78.95,1.0
8745,174,33,2674,348,879.75,82.72,1.0
8746,153,31,2653,306,879.74,78.84,1.0
8747,245,51,2745,490,879.69,93.08,1.0
8748,118,29,2618,236,879.66,75.83,1.0
8749,237,10,2737,474,879.65,130.21,1.0
8750,156,9,2656,312,879.56,116.89,1.0
8751,174,43,2674,348,879.52,82.66,1.0
8752,200,49,2700,400,879.46,87.01,1.0
8753,182,47,2682,364,879.45,82.91,1.0
8754,286,52,2786,572,879.45,98.12,1.0
8755,269,52,2769,538,879.43,92.06,1.0
8756,191,48,2691,382,879.42,83.62,1.0
8757,229,50,2729,458,879.42,90.32,1.0
8758,201,47,2701,402,879.42,84.73,1.0
8759,153,42,2653,306,879.4,78.63,1.0
8760,52,28,2552,104,879.38,70.66,1.0
8761,153,37,2653,306,879.37,78.88,1.0
8762,225,49,2725,450,879.37,91.43,1.0
8763,153,33,2653,306,879.36,79.05,1.0
8764,174,34,2674,348,879.35,82.25,1.0
8765,174,42,2674,348,879.34,83.18,1.0
8766,239,50,2739,478,879.34,90.1,1.0
8767,238,50,2738,476,879.31,88.84,1.0
8768,68,8,2568,136,879.29,95.58,1.0
8769,259,11,2759,518,879.29,134.76,1.0
8770,153,32,2653,306,879.27,78.88,1.0
8771,274,52,2774,548,879.26,96.74,1.0
8772,198,47,2698,396,879.25,85.48,1.0
8773,203,46,2703,406,879.25,86.03,1.0
8774,112,29,2612,224,879.24,74.88,1.0
8775,153,43,2653,306,879.23,79.17,1.0
8776,11,27,2511,22,879.22,63.68,1.0
8777,180,45,2680,360,879.18,77.73,1.0
8778,174,32,2674,348,879.11,82.71,1.0
8779,153,38,2653,306,878.98,78.75,1.0
8780,99,8,2599,198,878.95,101.3,1.0
8781,153,40,2653,306,878.93,78.65,1.0
8782,170,9,2670,340,878.92,116.87,1.0
8783,174,31,2674,348,878.81,82.33,1.0
8784,174,41,2674,348,878.78,82.98,1.0
8785,153,34,2653,306,878.75,78.02,1.0
8786,210,10,2710,420,878.72,124.97,1.0
8787,205,49,2705,410,878.7,84.55,1.0
8788,193,48,2693,386,878.67,84.49,1.0
8789,204,48,2704,408,878.6,88.14,1.0
8790,164,45,2664,328,878.55,80.91,1.0
8791,214,48,2714,428,878.54,85.91,1.0
8792,113,29,2613,226,878.53,78.1,1.0
8793,5,27,2505,10,878.44,64.7,1.0
8794,281,52,2781,562,878.42,95.55,1.0
8795,257,50,2757,514,878.4,92.62,1.0
8796,262,10,2762,524,878.4,134.41,1.0
8797,165,46,2665,330,878.39,78.81,1.0
8798,174,36,2674,348,878.33,82.63,1.0
8799,177,46,2677,354,878.31,81.07,1.0
8800,65,28,2565,130,878.27,69.93,1.0
8801,171,41,2671,342,878.27,80.76,1.0
8802,202,48,2702,404,878.26,85.2,1.0
8803,62,8,2562,124,878.23,95.54,1.0
8804,48,8,2548,96,878.19,87.65,1.0
8805,250,51,2750,500,878.17,94.28,1.0
8806,168,46,2668,336,878.14,79.66,1.0
8807,131,9,2631,262,878.12,107.2,1.0
8808,181,9,2681,362,878.11,117.17,1.0
8809,293,10,2793,586,878.09,138.33,1.0
8810,271,10,2771,542,878.06,135.04,1.0
8811,171,43,2671,342,878.04,80.79,1.0
8812,171,42,2671,342,878.03,80.65,1.0
8813,161,45,2661,322,878.03,78.39,1.0
8814,222,49,2722,444,878.02,90.08,1.0
8815,171,33,2671,342,877.98,81.63,1.0
8816,264,51,2764,528,877.97,97.88,1.0
8817,242,10,2742,484,877.93,135.41,1.0
8818,277,52,2777,554,877.93,97.94,1.0
8819,96,8,2596,192,877.91,100.49,1.0
8820,171,38,2671,342,877.91,80.91,1.0
8821,153,41,2653,306,877.9,78.97,1.0
8822,163,45,2663,326,877.9,78.69,1.0
8823,171,32,2671,342,877.89,81.32,1.0
8824,226,50,2726,452,877.89,90.54,1.0
8825,209,51,2709,418,877.88,91.11,1.0
8826,171,31,2671,342,877.87,80.21,1.0
8827,171,35,2671,342,877.87,81.31,1.0
8828,171,30,2671,342,877.86,81.4,1.0
8829,171,44,2671,342,877.86,81.2,1.0
8830,210,47,2710,420,877.83,85.59,1.0
8831,95,8,2595,190,877.76,102.87,1.0
8832,223,50,2723,446,877.72,87.94,1.0
8833,215,49,2715,430,877.72,88.66,1.0
8834,59,28,2559,118,877.64,70.73,1.0
8835,171,39,2671,342,877.63,81.12,1.0
8836,152,41,2652,304,877.63,79.53,1.0
8837,275,53,2775,550,877.62,100.0,1.0
8838,165,9,2665,330,877.59,114.55,1.0
8839,171,40,2671,342,877.55,80.83,1.0
8840,123,29,2623,246,877.52,79.3,1.0
8841,152,42,2652,304,877.52,79.34,1.0
8842,232,51,2732,464,877.51,90.69,1.0
8843,69,28,2569,138,877.47,71.61,1.0
8844,171,36,2671,342,877.45,80.83,1.0
8845,171,34,2671,342,877.42,81.39,1.0
8846,54,8,2554,108,877.41,90.24,1.0
8847,260,51,2760,520,877.38,95.59,1.0
8848,249,52,2749,498,877.36,96.12,1.0
8849,80,28,2580,160,877.35,73.05,1.0
8850,152,43,2652,304,877.27,79.82,1.0
8851,197,49,2697,394,877.27,87.15,1.0
8852,0,7,2500,0,877.23,74.74,1.0
8853,262,52,2762,524,877.23,93.88,1.0
8854,190,47,2690,380,877.21,85.12,1.0
8855,152,32,2652,304,877.16,79.63,1.0
8856,184,47,2684,368,877.16,82.25,1.0
8857,166,31,2666,332,877.13,78.95,1.0
8858,171,37,2671,342,877.08,80.75,1.0
8859,228,50,2728,456,877.07,87.37,1.0
8860,267,52,2767,534,877.06,96.88,1.0
8861,96,29,2596,192,877.05,74.08,1.0
8862,9,27,2509,18,876.99,67.88,1.0
8863,49,28,2549,98,876.98,69.93,1.0
8864,166,30,2666,332,876.94,78.92,1.0
8865,259,51,2759,518,876.94,95.19,1.0
8866,209,9,2709,418,876.93,127.94,1.0
8867,217,49,2717,434,876.81,88.84,1.0
8868,99,29,2599,198,876.77,72.39,1.0
8869,152,40,2652,304,876.76,79.37,1.0
8870,160,47,2660,320,876.74,78.23,1.0
8871,170,45,2670,340,876.68,78.92,1.0
8872,207,49,2707,414,876.65,88.29,1.0
8873,144,33,2644,288,876.54,77.71,1.0
8874,152,44,2652,304,876.48,79.47,1.0
8875,293,53,2793,586,876.47,101.3,1.0
8876,166,38,2666,332,876.46,79.12,1.0
8877,144,41,2644,288,876.43,77.33,1.0
8878,166,34,2666,332,876.43,79.42,1.0
8879,166,35,2666,332,876.43,79.05,1.0
8880,246,52,2746,492,876.42,92.17,1.0
8881,187,46,2687,374,876.4,83.07,1.0
8882,264,10,2764,528,876.37,143.1,1.0
8883,144,35,2644,288,876.36,77.23,1.0
8884,255,50,2755,510,876.36,93.91,1.0
8885,166,43,2666,332,876.35,78.38,1.0
8886,235,50,2735,470,876.3,91.45,1.0
8887,152,38,2652,304,876.29,79.34,1.0
8888,183,46,2683,366,876.27,83.21,1.0
8889,166,40,2666,332,876.26,78.98,1.0
8890,166,39,2666,332,876.25,79.02,1.0
8891,144,44,2644,288,876.24,76.99,1.0
8892,166,44,2666,332,876.23,79.02,1.0
8893,243,51,2743,486,876.22,91.09,1.0
8894,152,30,2652,304,876.21,78.73,1.0
8895,166,42,2666,332,876.21,79.5,1.0
8896,154,46,2654,308,876.2,79.88,1.0
8897,247,51,2747,494,876.16,96.43,1.0
8898,152,31,2652,304,876.15,79.66,1.0
8899,152,35,2652,304,876.13,79.48,1.0
8900,166,37,2666,332,876.09,79.09,1.0
8901,144,43,2644,288,876.06,77.46,1.0
8902,152,37,2652,304,875.98,78.55,1.0
8903,135,9,2635,270,875.98,110.87,1.0
8904,196,49,2696,392,875.94,84.04,1.0
8905,144,31,2644,288,875.93,77.88,1.0
8906,288,53,2788,576,875.9,101.41,1.0
8907,152,36,2652,304,875.89,78.97,1.0
8908,169,46,2669,338,875.89,81.44,1.0
8909,166,33,2666,332,875.88,78.55,1.0
8910,152,39,2652,304,875.87,79.96,1.0
8911,166,41,2666,332,875.85,79.35,1.0
8912,166,32,2666,332,875.83,79.23,1.0
8913,182,9,2682,364,875.83,122.79,1.0
8914,144,36,2644,288,875.82,78.06,1.0
8915,272,52,2772,544,875.81,98.44,1.0
8916,172,45,2672,344,875.79,82.07,1.0
8917,179,48,2679,358,875.78,83.62,1.0
8918,195,47,2695,390,875.78,85.65,1.0
8919,166,36,2666,332,875.73,79.13,1.0
8920,152,34,2652,304,875.72,79.36,1.0
8921,144,39,2644,288,875.71,77.45,1.0
8922,98,29,2598,196,875.68,72.45,1.0
8923,144,40,2644,288,875.66,78.03,1.0
8924,189,47,2689,378,875.66,83.34,1.0
8925,62,28,2562,124,875.65,72.87,1.0
8926,144,34,2644,288,875.65,77.62,1.0
8927,213,50,2713,426,875.64,88.24,1.0
8928,91,8,2591,182,875.63,102.01,1.0
8929,144,37,2644,288,875.61,77.23,1.0
8930,144,32,2644,288,875.59,77.31,1.0
8931,152,33,2652,304,875.57,79.39,1.0
8932,244,52,2744,488,875.53,93.07,1.0
8933,144,38,2644,288,875.44,77.47,1.0
8934,236,51,2736,472,875.35,92.39,1.0
8935,9,7,2509,18,875.3,78.12,1.0
8936,76,8,2576,152,875.26,94.31,1.0
8937,144,42,2644,288,875.23,77.67,1.0
8938,282,52,2782,564,875.2,98.36,1.0
8939,0,27,2500,0,875.18,64.33,1.0
8940,8,27,2508,16,875.18,64.98,1.0
8941,155,30,2655,310,875.11,78.0,1.0
8942,144,30,2644,288,875.1,76.82,1.0
8943,200,50,2700,400,875.1,88.25,1.0
8944,199,48,2699,398,875.08,85.13,1.0
8945,224,51,2724,448,875.03,91.23,1.0
8946,175,46,2675,350,874.99,80.93,1.0
8947,155,35,2655,310,874.97,77.88,1.0
8948,258,52,2758,516,874.95,99.12,1.0
8949,178,48,2678,356,874.93,83.36,1.0
8950,61,8,2561,122,874.84,93.5,1.0
8951,176,46,2676,352,874.79,81.89,1.0
8952,220,50,2720,440,874.79,90.3,1.0
8953,79,8,2579,158,874.76,101.52,1.0
8954,216,49,2716,432,874.72,87.93,1.0
8955,147,9,2647,294,874.7,114.08,1.0
8956,173,47,2673,346,874.69,80.31,1.0
8957,208,47,2708,416,874.67,86.83,1.0
8958,265,52,2765,530,874.67,96.58,1.0
8959,147,41,2647,294,874.64,76.72,1.0
8960,181,48,2681,362,874.63,82.37,1.0
8961,147,42,2647,294,874.57,76.05,1.0
8962,155,33,2655,310,874.56,78.49,1.0
8963,268,53,2768,536,874.56,95.95,1.0
8964,285,52,2785,570,874.55,97.23,1.0
8965,58,28,2558,116,874.54,69.62,1.0
8966,153,45,2653,306,874.53,79.41,1.0
8967,109,29,2609,218,874.52,73.7,1.0
8968,147,36,2647,294,874.5,76.17,1.0
8969,155,44,2655,310,874.48,78.18,1.0
8970,147,34,2647,294,874.47,77.0,1.0
8971,147,39,2647,294,874.46,76.56,1.0
8972,147,35,2647,294,874.38,76.78,1.0
8973,284,52,2784,568,874.38,97.19,1.0
8974,273,51,2773,546,874.29,95.96,1.0
8975,98,8,2598,196,874.27,101.84,1.0
8976,180,46,2680,360,874.27,79.34,1.0
8977,147,32,2647,294,874.27,75.9,1.0
8978,107,29,2607,214,874.22,71.95,1.0
8979,276,53,2776,552,874.19,100.85,1.0
8980,155,31,2655,310,874.18,78.22,1.0
8981,147,30,2647,294,874.11,75.96,1.0
8982,192,49,2692,384,874.07,83.74,1.0
8983,147,38,2647,294,874.04,76.3,1.0
8984,155,37,2655,310,874.03,78.11,1.0
8985,155,39,2655,310,874.03,78.5,1.0
8986,155,42,2655,310,873.96,78.0,1.0
8987,164,46,2664,328,873.96,81.23,1.0
8988,155,40,2655,310,873.95,78.83,1.0
8989,118,9,2618,236,873.93,107.57,1.0
8990,242,51,2742,484,873.92,93.69,1.0
8991,174,45,2674,348,873.91,83.83,1.0
8992,147,33,2647,294,873.91,76.75,1.0
8993,261,52,2761,522,873.89,101.16,1.0
8994,102,8,2602,204,873.82,103.16,1.0
8995,21,7,2521,42,873.79,81.61,1.0
8996,155,38,2655,310,873.75,78.84,1.0
8997,65,8,2565,130,873.71,92.51,1.0
8998,75,8,2575,150,873.65,95.26,1.0
8999,104,29,2604,208,873.65,74.9,1.0
9000,155,34,2655,310,873.65,78.51,1.0
9001,147,43,2647,294,873.65,76.23,1.0
9002,155,41,2655,310,873.63,78.65,1.0
9003,155,32,2655,310,873.59,78.54,1.0
9004,167,46,2667,334,873.58,80.12,1.0
9005,212,51,2712,424,873.57,89.59,1.0
9006,4,27,2504,8,873.5,64.25,1.0
9007,147,37,2647,294,873.48,76.04,1.0
9008,147,44,2647,294,873.48,76.78,1.0
9009,283,53,2783,566,873.32,99.11,1.0
9010,279,53,2779,558,873.29,99.18,1.0
9011,147,31,2647,294,873.28,76.95,1.0
9012,101,8,2601,202,873.25,100.37,1.0
9013,219,51,2719,438,873.24,89.06,1.0
9014,84,8,2584,168,873.23,97.95,1.0
9015,110,29,2610,220,873.23,76.43,1.0
9016,221,49,2721,442,873.2,91.33,1.0
9017,297,52,2797,594,873.17,97.91,1.0
9018,155,36,2655,310,873.1,78.91,1.0
9019,177,47,2677,354,873.1,81.9,1.0
9020,237,50,2737,474,873.1,90.67,1.0
9021,147,40,2647,294,873.09,76.21,1.0
9022,171,45,2671,342,873.08,81.46,1.0
9023,292,53,2792,584,873.07,98.8,1.0
9024,294,53,2794,588,873.03,98.23,1.0
9025,230,51,2730,460,873.02,89.04,1.0
9026,228,10,2728,456,872.98,129.14,1.0
9027,188,45,2688,376,872.95,85.08,1.0
9028,161,46,2661,322,872.92,79.68,1.0
9029,203,47,2703,406,872.91,87.49,1.0
9030,53,28,2553,106,872.9,71.78,1.0
9031,3,7,2503,6,872.88,77.58,1.0
9032,194,50,2694,388,872.83,84.83,1.0
9033,277,10,2777,554,872.81,136.23,1.0
9034,94,8,2594,188,872.73,102.25,1.0
9035,168,9,2668,336,872.73,117.27,1.0
9036,185,9,2685,370,872.73,120.91,1.0
9037,218,50,2718,436,872.73,91.42,1.0
9038,235,10,2735,470,872.73,133.12,1.0
9039,149,9,2649,298,872.72,111.62,1.0
9040,54,28,2554,108,872.61,68.35,1.0
9041,155,43,2655,310,872.59,78.61,1.0
9042,165,47,2665,330,872.58,80.04,1.0
9043,115,29,2615,230,872.56,73.26,1.0
9044,154,47,2654,308,872.56,79.72,1.0
9045,270,53,2770,540,872.53,99.74,1.0
9046,263,10,2763,526,872.52,132.06,1.0
9047,238,10,2738,476,872.49,129.94,1.0
9048,227,49,2727,454,872.47,90.01,1.0
9049,172,46,2672,344,872.33,82.43,1.0
9050,143,9,2643,286,872.33,113.69,1.0
9051,201,48,2701,402,872.32,85.45,1.0
9052,159,38,2659,318,872.3,79.34,1.0
9053,206,50,2706,412,872.3,88.49,1.0
9054,295,11,2795,590,872.3,135.64,1.0
9055,234,50,2734,468,872.29,87.11,1.0
9056,27,7,2527,54,872.28,84.95,1.0
9057,182,48,2682,364,872.28,83.81,1.0
9058,290,11,2790,580,872.27,140.95,1.0
9059,254,52,2754,508,872.24,94.94,1.0
9060,290,52,2790,580,872.24,97.21,1.0
9061,296,52,2796,592,872.24,94.28,1.0
9062,238,51,2738,476,872.19,89.29,1.0
9063,233,51,2733,466,872.17,93.98,1.0
9064,198,48,2698,396,872.14,85.42,1.0
9065,185,48,2685,370,872.13,86.15,1.0
9066,78,8,2578,156,872.12,97.63,1.0
9067,138,9,2638,276,872.12,112.25,1.0
9068,213,9,2713,426,872.12,128.76,1.0
9069,225,50,2725,450,872.12,92.61,1.0
9070,287,53,2787,574,872.07,99.28,1.0
9071,5,7,2505,10,871.91,74.68,1.0
9072,278,10,2778,556,871.91,140.64,1.0
9073,278,53,2778,556,871.9,99.67,1.0
9074,159,41,2659,318,871.86,79.36,1.0
9075,251,51,2751,502,871.86,97.06,1.0
9076,69,8,2569,138,871.85,96.11,1.0
9077,186,48,2686,372,871.85,84.11,1.0
9078,159,32,2659,318,871.84,79.87,1.0
9079,229,51,2729,458,871.84,91.17,1.0
9080,184,9,2684,368,871.83,118.71,1.0
9081,43,28,2543,86,871.81,69.42,1.0
9082,155,45,2655,310,871.77,78.6,1.0
9083,15,7,2515,30,871.74,79.19,1.0
9084,211,48,2711,422,871.68,87.36,1.0
9085,159,33,2659,318,871.67,79.6,1.0
9086,163,46,2663,326,871.67,79.01,1.0
9087,204,49,2704,408,871.67,89.81,1.0
9088,159,40,2659,318,871.65,79.91,1.0
9089,179,9,2679,358,871.64,119.81,1.0
9090,102,29,2602,204,871.63,73.59,1.0
9091,159,35,2659,318,871.62,79.54,1.0
9092,50,28,2550,100,871.58,70.14,1.0
9093,87,29,2587,174,871.57,71.76,1.0
9094,159,37,2659,318,871.54,78.8,1.0
9095,175,9,2675,350,871.54,118.33,1.0
9096,190,48,2690,380,871.54,84.62,1.0
9097,231,50,2731,462,871.54,90.33,1.0
9098,269,53,2769,538,871.51,93.05,1.0
9099,19,7,2519,38,871.5,79.22,1.0
9100,170,46,2670,340,871.5,79.98,1.0
9101,248,52,2748,496,871.45,92.05,1.0
9102,159,36,2659,318,871.41,79.51,1.0
9103,191,9,2691,382,871.4,122.15,1.0
9104,159,42,2659,318,871.37,79.92,1.0
9105,159,43,2659,318,871.37,79.7,1.0
9106,168,47,2668,336,871.34,79.62,1.0
9107,196,9,2696,392,871.29,124.36,1.0
9108,202,49,2702,404,871.29,85.83,1.0
9109,245,52,2745,490,871.29,93.68,1.0
9110,159,31,2659,318,871.28,80.06,1.0
9111,159,44,2659,318,871.2,80.15,1.0
9112,208,10,2708,416,871.2,127.18,1.0
9113,252,52,2752,504,871.18,96.03,1.0
9114,298,54,2798,596,871.14,105.81,1.0
9115,2,27,2502,4,871.13,65.02,1.0
9116,64,28,2564,128,871.1,70.03,1.0
9117,14,27,2514,28,871.09,64.41,1.0
9118,184,48,2684,368,871.09,83.66,1.0
9119,195,48,2695,390,871.05,86.38,1.0
9120,105,29,2605,210,871.03,75.59,1.0
9121,97,29,2597,194,870.98,73.91,1.0
9122,183,47,2683,366,870.94,83.54,1.0
9123,90,8,2590,180,870.89,100.55,1.0
9124,159,30,2659,318,870.89,79.97,1.0
9125,61,28,2561,122,870.87,70.9,1.0
9126,300,52,2800,600,870.85,102.06,1.0
9127,159,34,2659,318,870.81,78.88,1.0
9128,141,9,2641,282,870.81,107.92,1.0
9129,241,52,2741,482,870.78,94.34,1.0
9130,206,9,2706,412,870.74,124.65,1.0
9131,228,51,2728,456,870.68,88.2,1.0
9132,191,49,2691,382,870.65,85.69,1.0
9133,159,39,2659,318,870.59,80.29,1.0
9134,67,28,2567,134,870.54,72.46,1.0
9135,193,9,2693,386,870.52,121.53,1.0
9136,204,10,2704,408,870.48,125.23,1.0
9137,106,29,2606,212,870.45,74.08,1.0
9138,221,10,2721,442,870.34,128.55,1.0
9139,214,49,2714,428,870.33,86.79,1.0
9140,145,9,2645,290,870.32,113.04,1.0
9141,157,9,2657,314,870.3,113.78,1.0
9142,169,47,2669,338,870.3,81.94,1.0
9143,12,7,2512,24,870.27,79.93,1.0
9144,256,10,2756,512,870.23,136.28,1.0
9145,257,51,2757,514,870.22,94.49,1.0
9146,253,51,2753,506,870.18,93.41,1.0
9147,72,8,2572,144,870.13,97.54,1.0
9148,160,48,2660,320,870.11,80.09,1.0
9149,263,52,2763,526,870.11,98.14,1.0
9150,295,52,2795,590,870.1,98.72,1.0
9151,222,50,2722,444,870.07,90.8,1.0
9152,256,52,2756,512,870.07,94.02,1.0
9153,4,7,2504,8,870.05,75.92,1.0
9154,284,10,2784,568,870.05,136.53,1.0
9155,106,8,2606,212,870.03,102.44,1.0
9156,144,45,2644,288,870.01,78.15,1.0
9157,47,8,2547,94,870.0,90.0,1.0
9158,147,45,2647,294,869.97,76.98,1.0
9159,289,53,2789,578,869.96,99.41,1.0
9160,140,38,2640,280,869.94,78.15,1.0
9161,265,53,2765,530,869.91,99.63,1.0
9162,193,49,2693,386,869.89,86.49,1.0
9163,152,45,2652,304,869.86,80.51,1.0
9164,183,9,2683,366,869.86,119.56,1.0
9165,239,51,2739,478,869.86,91.66,1.0
9166,226,51,2726,452,869.85,92.23,1.0
9167,3,27,2503,6,869.83,65.28,1.0
9168,271,53,2771,542,869.83,97.9,1.0
9169,197,50,2697,394,869.82,87.37,1.0
9170,64,8,2564,128,869.81,91.69,1.0
9171,166,45,2666,332,869.81,80.13,1.0
9172,73,8,2573,146,869.8,96.39,1.0
9173,202,9,2702,404,869.77,124.22,1.0
9174,140,30,2640,280,869.76,77.39,1.0
9175,140,42,2640,280,869.76,78.42,1.0
9176,156,44,2656,312,869.75,81.0,1.0
9177,18,7,2518,36,869.74,78.3,1.0
9178,140,37,2640,280,869.72,78.11,1.0
9179,13,7,2513,26,869.61,78.53,1.0
9180,100,29,2600,200,869.61,73.44,1.0
9181,240,51,2740,480,869.61,93.22,1.0
9182,207,50,2707,414,869.57,89.11,1.0
9183,274,53,2774,548,869.53,97.58,1.0
9184,259,52,2759,518,869.51,96.02,1.0
9185,153,46,2653,306,869.48,80.06,1.0
9186,249,53,2749,498,869.45,97.72,1.0
9187,176,47,2676,352,869.42,83.61,1.0
9188,140,33,2640,280,869.4,77.85,1.0
9189,167,47,2667,334,869.39,80.16,1.0
9190,173,9,2673,346,869.35,116.67,1.0
9191,16,7,2516,32,869.34,80.17,1.0
9192,140,31,2640,280,869.34,78.37,1.0
9193,140,34,2640,280,869.34,77.7,1.0
9194,140,41,2640,280,869.33,78.19,1.0
9195,198,10,2698,396,869.31,124.31,1.0
9196,209,52,2709,418,869.31,92.07,1.0
9197,175,47,2675,350,869.29,80.41,1.0
9198,178,49,2678,356,869.29,84.52,1.0
9199,253,10,2753,506,869.28,131.79,1.0
9200,210,48,2710,420,869.25,86.68,1.0
9201,251,10,2751,502,869.2,135.59,1.0
9202,250,52,2750,500,869.19,96.13,1.0
9203,266,53,2766,532,869.18,95.86,1.0
9204,140,39,2640,280,869.16,78.36,1.0
9205,103,29,2603,206,869.14,75.08,1.0
9206,205,50,2705,410,869.12,86.24,1.0
9207,92,8,2592,184,869.08,100.16,1.0
9208,188,46,2688,376,869.08,85.48,1.0
9209,173,48,2673,346,869.06,81.18,1.0
9210,140,40,2640,280,869.06,78.15,1.0
9211,140,43,2640,280,869.04,78.12,1.0
9212,272,10,2772,544,869.03,141.14,1.0
9213,140,35,2640,280,869.01,77.34,1.0
9214,156,31,2656,312,869.01,80.35,1.0
9215,95,29,2595,190,868.96,73.82,1.0
9216,140,44,2640,280,868.93,79.17,1.0
9217,196,50,2696,392,868.91,85.85,1.0
9218,181,49,2681,362,868.9,83.12,1.0
9219,44,28,2544,88,868.88,67.93,1.0
9220,140,32,2640,280,868.88,77.78,1.0
9221,88,8,2588,176,868.84,101.8,1.0
9222,156,33,2656,312,868.83,81.84,1.0
9223,156,40,2656,312,868.8,81.58,1.0
9224,156,43,2656,312,868.79,80.99,1.0
9225,165,48,2665,330,868.79,80.6,1.0
9226,156,42,2656,312,868.77,81.14,1.0
9227,156,38,2656,312,868.76,80.87,1.0
9228,260,10,2760,520,868.76,137.65,1.0
9229,156,30,2656,312,868.75,81.4,1.0
9230,208,48,2708,416,868.73,87.25,1.0
9231,156,34,2656,312,868.66,81.55,1.0
9232,7,27,2507,14,868.65,65.51,1.0
9233,217,50,2717,434,868.64,89.23,1.0
9234,187,47,2687,374,868.63,83.28,1.0
9235,171,46,2671,342,868.61,82.46,1.0
9236,156,32,2656,312,868.6,81.26,1.0
9237,150,9,2650,300,868.6,111.39,1.0
9238,156,36,2656,312,868.58,81.03,1.0
9239,142,38,2642,284,868.58,77.56,1.0
9240,189,48,2689,378,868.56,83.99,1.0
9241,162,37,2662,324,868.52,82.18,1.0
9242,174,46,2674,348,868.51,85.04,1.0
9243,291,53,2791,582,868.51,100.51,1.0
9244,156,35,2656,312,868.5,81.4,1.0
9245,232,52,2732,464,868.42,92.46,1.0
9246,216,50,2716,432,868.26,88.86,1.0
9247,86,8,2586,172,868.25,99.99,1.0
9248,140,36,2640,280,868.25,77.31,1.0
9249,162,38,2662,324,868.24,82.48,1.0
9250,189,9,2689,378,868.23,123.33,1.0
9251,160,8,2660,320,868.22,117.24,1.0
9252,156,41,2656,312,868.22,80.65,1.0
9253,164,47,2664,328,868.16,81.46,1.0
9254,281,53,2781,562,868.14,97.92,1.0
9255,156,39,2656,312,868.13,81.38,1.0
9256,162,34,2662,324,868.09,81.51,1.0
9257,142,43,2642,284,868.08,77.88,1.0
9258,142,9,2642,284,868.07,113.05,1.0
9259,162,36,2662,324,868.07,81.19,1.0
9260,2,7,2502,4,868.06,74.44,1.0
9261,142,41,2642,284,868.06,77.75,1.0
9262,142,33,2642,284,868.05,77.5,1.0
9263,288,10,2788,576,868.05,141.6,1.0
9264,97,8,2597,194,868.03,102.45,1.0
9265,223,51,2723,446,867.94,89.74,1.0
9266,157,39,2657,314,867.92,82.05,1.0
9267,162,42,2662,324,867.92,82.33,1.0
9268,156,37,2656,312,867.89,80.91,1.0
9269,157,32,2657,314,867.89,81.4,1.0
9270,142,36,2642,284,867.89,77.04,1.0
9271,148,35,2648,296,867.89,78.72,1.0
9272,142,32,2642,284,867.87,77.82,1.0
9273,158,9,2658,316,867.82,114.55,1.0
9274,142,42,2642,284,867.82,77.36,1.0
9275,148,42,2648,296,867.82,77.39,1.0
9276,185,49,2685,370,867.8,86.91,1.0
9277,215,50,2715,430,867.8,88.6,1.0
9278,280,52,2780,560,867.8,99.34,1.0
9279,246,53,2746,492,867.78,93.32,1.0
9280,162,41,2662,324,867.74,82.0,1.0
9281,227,10,2727,454,867.74,123.64,1.0
9282,162,35,2662,324,867.73,81.5,1.0
9283,162,39,2662,324,867.73,82.64,1.0
9284,148,39,2648,296,867.73,77.34,1.0
9285,142,44,2642,284,867.71,77.96,1.0
9286,162,40,2662,324,867.71,82.5,1.0
9287,255,10,2755,510,867.69,130.83,1.0
9288,269,10,2769,538,867.69,132.5,1.0
9289,279,10,2779,558,867.69,138.41,1.0
9290,179,49,2679,358,867.65,84.68,1.0
9291,154,48,2654,308,867.64,80.77,1.0
9292,142,39,2642,284,867.59,77.77,1.0
9293,162,33,2662,324,867.55,81.91,1.0
9294,108,8,2608,216,867.54,104.16,1.0
9295,157,30,2657,314,867.54,82.0,1.0
9296,157,35,2657,314,867.53,81.86,1.0
9297,267,53,2767,534,867.51,98.98,1.0
9298,158,41,2658,316,867.49,78.37,1.0
9299,142,34,2642,284,867.47,77.78,1.0
9300,148,37,2648,296,867.45,78.0,1.0
9301,162,43,2662,324,867.4,82.4,1.0
9302,157,38,2657,314,867.39,81.68,1.0
9303,142,40,2642,284,867.39,78.06,1.0
9304,162,44,2662,324,867.38,82.15,1.0
9305,148,44,2648,296,867.35,78.53,1.0
9306,286,53,2786,572,867.34,100.21,1.0
9307,157,33,2657,314,867.32,81.85,1.0
9308,157,43,2657,314,867.32,81.63,1.0
9309,87,8,2587,174,867.29,99.54,1.0
9310,157,44,2657,314,867.29,81.43,1.0
9311,45,28,2545,90,867.27,68.15,1.0
9312,158,36,2658,316,867.27,77.58,1.0
9313,162,32,2662,324,867.27,82.79,1.0
9314,162,31,2662,324,867.25,82.55,1.0
9315,142,37,2642,284,867.22,78.08,1.0
9316,155,46,2655,310,867.21,79.75,1.0
9317,157,34,2657,314,867.19,81.83,1.0
9318,158,31,2658,316,867.17,78.59,1.0
9319,277,53,2777,554,867.17,100.0,1.0
9320,161,47,2661,322,867.16,79.94,1.0
9321,142,35,2642,284,867.15,77.79,1.0
9322,159,9,2659,318,867.14,116.27,1.0
9323,29,7,2529,58,867.13,84.12,1.0
9324,67,8,2567,134,867.11,95.6,1.0
9325,94,29,2594,188,867.1,73.97,1.0
9326,162,30,2662,324,867.09,82.33,1.0
9327,157,41,2657,314,867.06,82.59,1.0
9328,158,42,2658,316,867.04,78.81,1.0
9329,10,7,2510,20,867.02,76.79,1.0
9330,213,51,2713,426,867.02,89.68,1.0
9331,157,40,2657,314,867.01,82.61,1.0
9332,51,28,2551,102,867.0,70.78,1.0
9333,264,52,2764,528,866.99,99.26,1.0
9334,157,36,2657,314,866.98,81.92,1.0
9335,148,33,2648,296,866.97,78.75,1.0
9336,126,8,2626,252,866.93,108.1,1.0
9337,158,33,2658,316,866.89,78.11,1.0
9338,142,30,2642,284,866.84,77.89,1.0
9339,182,49,2682,364,866.83,84.61,1.0
9340,235,51,2735,470,866.83,92.66,1.0
9341,163,47,2663,326,866.82,80.69,1.0
9342,168,48,2668,336,866.81,79.8,1.0
9343,177,48,2677,354,866.81,82.12,1.0
9344,158,35,2658,316,866.8,78.52,1.0
9345,148,30,2648,296,866.79,78.28,1.0
9346,148,40,2648,296,866.79,78.46,1.0
9347,157,37,2657,314,866.77,81.56,1.0
9348,148,31,2648,296,866.77,78.27,1.0
9349,144,46,2644,288,866.76,78.7,1.0
9350,157,31,2657,314,866.74,81.57,1.0
9351,157,42,2657,314,866.74,81.49,1.0
9352,159,45,2659,318,866.73,79.73,1.0
9353,158,30,2658,316,866.73,78.68,1.0
9354,170,47,2670,340,866.72,81.22,1.0
9355,192,50,2692,384,866.72,85.19,1.0
9356,6,27,2506,12,866.67,64.76,1.0
9357,146,30,2646,292,866.67,78.19,1.0
9358,172,47,2672,344,866.65,83.9,1.0
9359,180,47,2680,360,866.6,79.66,1.0
9360,260,52,2760,520,866.6,97.94,1.0
9361,146,36,2646,292,866.57,78.19,1.0
9362,199,49,2699,398,866.57,86.29,1.0
9363,158,32,2658,316,866.56,78.7,1.0
9364,148,41,2648,296,866.53,78.14,1.0
9365,158,40,2658,316,866.52,78.44,1.0
9366,142,31,2642,284,866.52,77.52,1.0
9367,77,8,2577,154,866.51,97.69,1.0
9368,148,43,2648,296,866.5,78.71,1.0
9369,243,52,2743,486,866.47,93.12,1.0
9370,146,32,2646,292,866.45,78.38,1.0
9371,85,8,2585,170,866.43,98.46,1.0
9372,201,49,2701,402,866.42,85.85,1.0
9373,158,38,2658,316,866.4,78.57,1.0
9374,194,51,2694,388,866.4,85.89,1.0
9375,148,34,2648,296,866.38,78.62,1.0
9376,151,9,2651,302,866.34,113.1,1.0
9377,148,32,2648,296,866.29,78.44,1.0
9378,219,52,2719,438,866.29,90.72,1.0
9379,158,44,2658,316,866.27,79.01,1.0
9380,198,49,2698,396,866.26,86.04,1.0
9381,158,39,2658,316,866.23,78.42,1.0
9382,158,37,2658,316,866.22,78.37,1.0
9383,7,7,2507,14,866.19,76.9,1.0
9384,132,42,2632,264,866.19,77.78,1.0
9385,158,34,2658,316,866.17,78.67,1.0
9386,74,8,2574,148,866.15,98.59,1.0
9387,104,8,2604,208,866.14,107.48,1.0
9388,158,43,2658,316,866.11,78.91,1.0
9389,247,52,2747,494,866.04,97.49,1.0
9390,255,51,2755,510,866.04,96.08,1.0
9391,220,9,2720,440,866.0,128.5,1.0
9392,83,8,2583,166,865.98,99.85,1.0
9393,146,9,2646,292,865.98,116.16,1.0
9394,148,36,2648,296,865.97,78.05,1.0
9395,146,33,2646,292,865.95,77.44,1.0
9396,176,9,2676,352,865.94,119.53,1.0
9397,146,38,2646,292,865.92,76.99,1.0
9398,146,40,2646,292,865.89,77.2,1.0
9399,132,38,2632,264,865.81,77.66,1.0
9400,146,44,2646,292,865.79,77.88,1.0
9401,132,30,2632,264,865.78,78.43,1.0
9402,33,7,2533,66,865.77,87.05,1.0
9403,146,41,2646,292,865.77,77.53,1.0
9404,148,38,2648,296,865.71,78.81,1.0
9405,140,45,2640,280,865.67,78.92,1.0
9406,146,35,2646,292,865.64,78.3,1.0
9407,218,51,2718,436,865.63,92.07,1.0
9408,146,37,2646,292,865.61,77.21,1.0
9409,166,9,2666,332,865.61,116.58,1.0
9410,220,51,2720,440,865.57,91.13,1.0
9411,132,43,2632,264,865.56,77.44,1.0
9412,261,10,2761,522,865.55,140.12,1.0
9413,111,8,2611,222,865.5,104.34,1.0
9414,200,51,2700,400,865.45,89.65,1.0
9415,203,48,2703,406,865.44,88.62,1.0
9416,173,49,2673,346,865.41,81.12,1.0
9417,146,31,2646,292,865.41,77.53,1.0
9418,285,53,2785,570,865.41,98.37,1.0
9419,212,52,2712,424,865.34,90.78,1.0
9420,146,42,2646,292,865.31,77.63,1.0
9421,41,28,2541,82,865.29,69.63,1.0
9422,299,53,2799,598,865.23,106.92,1.0
9423,60,28,2560,120,865.22,73.76,1.0
9424,147,46,2647,294,865.2,78.18,1.0
9425,230,52,2730,460,865.19,91.51,1.0
9426,132,34,2632,264,865.16,77.64,1.0
9427,132,40,2632,264,865.16,78.29,1.0
9428,146,34,2646,292,865.1,77.74,1.0
9429,20,7,2520,40,865.08,81.05,1.0
9430,169,48,2669,338,865.05,83.54,1.0
9431,89,8,2589,178,865.02,98.27,1.0
9432,132,36,2632,264,865.02,77.6,1.0
9433,132,32,2632,264,865.01,78.12,1.0
9434,270,54,2770,540,864.99,101.44,1.0
9435,265,10,2765,530,864.95,138.48,1.0
9436,149,38,2649,298,864.94,78.86,1.0
9437,236,52,2736,472,864.93,94.73,1.0
9438,275,54,2775,550,864.92,101.83,1.0
9439,146,39,2646,292,864.84,77.76,1.0
9440,57,8,2557,114,864.78,91.85,1.0
9441,132,41,2632,264,864.77,77.46,1.0
9442,135,41,2635,270,864.73,76.43,1.0
9443,200,9,2700,400,864.73,129.07,1.0
9444,166,46,2666,332,864.71,81.19,1.0
9445,262,53,2762,524,864.7,94.65,1.0
9446,30,7,2530,60,864.68,85.44,1.0
9447,132,44,2632,264,864.65,78.23,1.0
9448,90,29,2590,180,864.63,72.88,1.0
9449,293,54,2793,586,864.63,102.56,1.0
9450,176,48,2676,352,864.61,83.5,1.0
9451,132,37,2632,264,864.58,77.69,1.0
9452,292,10,2792,584,864.58,142.19,1.0
9453,282,53,2782,564,864.56,100.63,1.0
9454,206,51,2706,412,864.54,90.4,1.0
9455,184,49,2684,368,864.53,84.37,1.0
9456,152,46,2652,304,864.49,80.98,1.0
9457,258,53,2758,516,864.42,100.57,1.0
9458,135,33,2635,270,864.39,76.5,1.0
9459,195,49,2695,390,864.38,86.44,1.0
9460,204,50,2704,408,864.38,90.08,1.0
9461,274,10,2774,548,864.38,138.33,1.0
9462,135,43,2635,270,864.36,75.17,1.0
9463,288,54,2788,576,864.36,102.5,1.0
9464,132,33,2632,264,864.29,77.51,1.0
9465,48,28,2548,96,864.27,69.56,1.0
9466,227,50,2727,454,864.2,90.78,1.0
9467,174,47,2674,348,864.19,86.11,1.0
9468,135,34,2635,270,864.19,76.37,1.0
9469,146,43,2646,292,864.18,77.32,1.0
9470,261,53,2761,522,864.17,103.37,1.0
9471,242,52,2742,484,864.13,95.45,1.0
9472,244,53,2744,488,864.1,94.06,1.0
9473,135,40,2635,270,864.08,76.16,1.0
9474,46,28,2546,92,864.07,70.06,1.0
9475,186,49,2686,372,864.06,85.91,1.0
9476,175,48,2675,350,864.04,82.24,1.0
9477,135,31,2635,270,864.04,75.84,1.0
9478,132,35,2632,264,864.02,78.08,1.0
9479,133,33,2633,266,864.01,76.34,1.0
9480,135,35,2635,270,864.01,75.88,1.0
9481,160,49,2660,320,863.96,80.66,1.0
9482,132,31,2632,264,863.96,77.76,1.0
9483,273,52,2773,546,863.94,96.47,1.0
9484,135,37,2635,270,863.92,75.83,1.0
9485,135,36,2635,270,863.9,75.68,1.0
9486,153,47,2653,306,863.79,81.34,1.0
9487,135,39,2635,270,863.77,76.32,1.0
9488,135,38,2635,270,863.68,75.25,1.0
9489,181,50,2681,362,863.68,82.88,1.0
9490,149,31,2649,298,863.65,78.24,1.0
9491,135,42,2635,270,863.62,75.93,1.0
9492,164,48,2664,328,863.61,82.85,1.0
9493,149,44,2649,298,863.56,78.3,1.0
9494,177,9,2677,354,863.49,121.76,1.0
9495,37,28,2537,74,863.48,69.96,1.0
9496,142,45,2642,284,863.48,78.35,1.0
9497,156,45,2656,312,863.43,82.2,1.0
9498,232,9,2732,464,863.4,131.0,1.0
9499,149,30,2649,298,863.39,78.11,1.0
9500,132,39,2632,264,863.38,77.56,1.0
9501,241,53,2741,482,863.38,95.77,1.0
9502,133,37,2633,266,863.36,76.29,1.0
9503,91,29,2591,182,863.34,72.84,1.0
9504,149,43,2649,298,863.31,78.64,1.0
9505,234,51,2734,468,863.3,89.46,1.0
9506,229,52,2729,458,863.3,92.39,1.0
9507,135,30,2635,270,863.28,75.96,1.0
9508,172,9,2672,344,863.25,118.39,1.0
9509,162,45,2662,324,863.23,82.65,1.0
9510,17,7,2517,34,863.21,80.28,1.0
9511,57,28,2557,114,863.21,70.4,1.0
9512,149,40,2649,298,863.19,77.77,1.0
9513,296,53,2796,592,863.19,95.63,1.0
9514,135,32,2635,270,863.18,75.65,1.0
9515,272,53,2772,544,863.18,99.18,1.0
9516,135,44,2635,270,863.17,75.92,1.0
9517,133,32,2633,266,863.16,77.18,1.0
9518,190,49,2690,380,863.15,86.5,1.0
9519,149,42,2649,298,863.13,79.0,1.0
9520,245,53,2745,490,863.12,95.98,1.0
9521,237,51,2737,474,863.11,92.78,1.0
9522,133,36,2633,266,863.1,76.84,1.0
9523,196,51,2696,392,863.07,87.01,1.0
9524,133,44,2633,266,863.05,76.59,1.0
9525,296,10,2796,592,863.05,140.13,1.0
9526,178,50,2678,356,863.03,85.43,1.0
9527,149,33,2649,298,863.01,78.32,1.0
9528,238,52,2738,476,862.99,91.58,1.0
9529,129,42,2629,258,862.97,78.11,1.0
9530,133,35,2633,266,862.94,77.65,1.0
9531,133,30,2633,266,862.9,76.32,1.0
9532,189,49,2689,378,862.9,85.58,1.0
9533,221,50,2721,442,862.86,92.75,1.0
9534,149,34,2649,298,862.84,79.09,1.0
9535,224,52,2724,448,862.84,93.24,1.0
9536,124,8,2624,248,862.82,106.64,1.0
9537,129,30,2629,258,862.79,77.4,1.0
9538,251,52,2751,502,862.79,96.77,1.0
9539,284,53,2784,568,862.78,98.37,1.0
9540,133,42,2633,266,862.76,76.69,1.0
9541,171,47,2671,342,862.73,82.31,1.0
9542,149,35,2649,298,862.7,77.86,1.0
9543,149,32,2649,298,862.67,78.26,1.0
9544,129,44,2629,258,862.64,76.8,1.0
9545,193,50,2693,386,862.61,86.47,1.0
9546,290,53,2790,580,862.61,99.5,1.0
9547,112,8,2612,224,862.6,106.82,1.0
9548,149,37,2649,298,862.6,78.28,1.0
9549,82,8,2582,164,862.56,96.41,1.0
9550,149,39,2649,298,862.56,77.99,1.0
9551,133,40,2633,266,862.54,76.96,1.0
9552,148,45,2648,296,862.54,79.29,1.0
9553,254,53,2754,508,862.54,96.45,1.0
9554,233,52,2733,466,862.5,95.8,1.0
9555,33,28,2533,66,862.49,69.23,1.0
9556,145,31,2645,290,862.49,79.7,1.0
9557,149,41,2649,298,862.47,79.25,1.0
9558,8,7,2508,16,862.46,78.16,1.0
9559,145,32,2645,290,862.46,78.9,1.0
9560,145,34,2645,290,862.44,79.28,1.0
9561,145,33,2645,290,862.43,79.91,1.0
9562,223,52,2723,446,862.41,91.89,1.0
9563,133,38,2633,266,862.38,77.51,1.0
9564,276,54,2776,552,862.36,102.82,1.0
9565,252,53,2752,504,862.33,97.17,1.0
9566,133,31,2633,266,862.32,77.18,1.0
9567,129,31,2629,258,862.31,78.23,1.0
9568,133,43,2633,266,862.3,76.57,1.0
9569,214,50,2714,428,862.26,87.36,1.0
9570,149,36,2649,298,862.22,78.55,1.0
9571,129,35,2629,258,862.19,77.08,1.0
9572,219,9,2719,438,862.17,125.06,1.0
9573,225,51,2725,450,862.07,93.35,1.0
9574,129,40,2629,258,862.06,77.59,1.0
9575,201,50,2701,402,862.06,86.72,1.0
9576,129,39,2629,258,862.05,77.91,1.0
9577,133,39,2633,266,862.05,76.78,1.0
9578,188,47,2688,376,862.03,85.6,1.0
9579,279,54,2779,558,861.96,101.38,1.0
9580,257,52,2757,514,861.92,96.56,1.0
9581,167,48,2667,334,861.91,81.98,1.0
9582,211,49,2711,422,861.91,88.2,1.0
9583,40,28,2540,80,861.9,69.06,1.0
9584,161,48,2661,322,861.89,80.86,1.0
9585,183,48,2683,366,861.89,85.1,1.0
9586,155,47,2655,310,861.88,80.98,1.0
9587,145,37,2645,290,861.87,79.21,1.0
9588,224,9,2724,448,861.85,128.82,1.0
9589,222,51,2722,444,861.84,92.63,1.0
9590,137,31,2637,274,861.77,77.02,1.0
9591,133,41,2633,266,861.73,77.88,1.0
9592,129,43,2629,258,861.72,77.77,1.0
9593,137,40,2637,274,861.7,76.14,1.0
9594,186,9,2686,372,861.7,123.14,1.0
9595,129,38,2629,258,861.68,77.52,1.0
9596,129,37,2629,258,861.63,77.61,1.0
9597,129,36,2629,258,861.61,77.51,1.0
9598,103,8,2603,206,861.6,104.77,1.0
9599,145,42,2645,290,861.6,79.16,1.0
9600,223,9,2723,446,861.59,125.65,1.0
9601,145,35,2645,290,861.58,79.36,1.0
9602,179,50,2679,358,861.57,86.14,1.0
9603,145,36,2645,290,861.56,78.95,1.0
9604,145,38,2645,290,861.55,80.07,1.0
9605,145,39,2645,290,861.55,79.19,1.0
9606,241,9,2741,482,861.54,131.31,1.0
9607,158,45,2658,316,861.53,79.18,1.0
9608,154,49,2654,308,861.52,82.25,1.0
9609,133,34,2633,266,861.52,77.23,1.0
9610,145,40,2645,290,861.48,79.44,1.0
9611,145,43,2645,290,861.48,79.34,1.0
9612,162,9,2662,324,861.48,121.59,1.0
9613,137,43,2637,274,861.47,76.5,1.0
9614,208,49,2708,416,861.47,88.65,1.0
9615,228,52,2728,456,861.47,90.35,1.0
9616,191,50,2691,382,861.43,86.62,1.0
9617,217,51,2717,434,861.43,89.94,1.0
9618,129,41,2629,258,861.42,77.61,1.0
9619,202,50,2702,404,861.37,86.82,1.0
9620,26,7,2526,52,861.36,84.39,1.0
9621,129,32,2629,258,861.35,77.62,1.0
9622,145,30,2645,290,861.35,79.57,1.0
9623,268,54,2768,536,861.35,98.12,1.0
9624,137,32,2637,274,861.31,76.48,1.0
9625,292,54,2792,584,861.31,99.67,1.0
9626,31,7,2531,62,861.29,86.2,1.0
9627,129,33,2629,258,861.27,77.79,1.0
9628,205,51,2705,410,861.2,87.01,1.0
9629,280,10,2780,560,861.17,135.94,1.0
9630,297,53,2797,594,861.16,100.17,1.0
9631,168,49,2668,336,861.15,81.94,1.0
9632,129,34,2629,258,861.11,77.52,1.0
9633,146,45,2646,292,861.1,78.84,1.0
9634,24,7,2524,48,861.05,81.58,1.0
9635,144,47,2644,288,861.05,78.93,1.0
9636,171,9,2671,342,861.03,117.58,1.0
9637,145,44,2645,290,861.02,79.02,1.0
9638,137,35,2637,274,861.0,76.15,1.0
9639,163,48,2663,326,861.0,80.7,1.0
9640,231,51,2731,462,860.98,91.35,1.0
9641,253,52,2753,506,860.92,95.78,1.0
9642,165,49,2665,330,860.89,82.77,1.0
9643,209,53,2709,418,860.88,92.55,1.0
9644,266,54,2766,532,860.87,97.28,1.0
9645,137,36,2637,274,860.84,76.89,1.0
9646,137,38,2637,274,860.84,77.12,1.0
9647,145,41,2645,290,860.82,79.39,1.0
9648,137,44,2637,274,860.8,76.98,1.0
9649,89,29,2589,178,860.77,74.43,1.0
9650,34,28,2534,68,860.73,67.32,1.0
9651,21,28,2521,42,860.73,66.92,1.0
9652,157,45,2657,314,860.71,83.48,1.0
9653,187,9,2687,374,860.69,117.75,1.0
9654,294,54,2794,588,860.66,100.84,1.0
9655,137,30,2637,274,860.64,77.04,1.0
9656,137,34,2637,274,860.64,77.68,1.0
9657,187,48,2687,374,860.63,86.06,1.0
9658,166,47,2666,332,860.61,81.89,1.0
9659,286,10,2786,572,860.6,138.13,1.0
9660,269,54,2769,538,860.58,95.33,1.0
9661,11,7,2511,22,860.55,77.31,1.0
9662,92,29,2592,184,860.55,72.57,1.0
9663,177,49,2677,354,860.53,84.03,1.0
9664,152,47,2652,304,860.52,81.89,1.0
9665,137,33,2637,274,860.51,76.63,1.0
9666,226,52,2726,452,860.46,92.87,1.0
9667,137,39,2637,274,860.35,76.76,1.0
9668,137,37,2637,274,860.29,77.04,1.0
9669,213,52,2713,426,860.29,90.7,1.0
9670,198,50,2698,396,860.24,87.51,1.0
9671,129,8,2629,258,860.15,109.64,1.0
9672,256,53,2756,512,860.12,95.15,1.0
9673,287,10,2787,574,860.12,140.9,1.0
9674,35,28,2535,70,860.09,67.52,1.0
9675,137,42,2637,274,860.08,76.37,1.0
9676,210,49,2710,420,860.08,87.62,1.0
9677,185,50,2685,370,860.06,88.08,1.0
9678,159,46,2659,318,860.01,81.37,1.0
9679,84,29,2584,168,859.92,72.08,1.0
9680,232,53,2732,464,859.78,93.95,1.0
9681,207,51,2707,414,859.77,90.09,1.0
9682,175,49,2675,350,859.76,81.91,1.0
9683,249,54,2749,498,859.7,99.14,1.0
9684,137,41,2637,274,859.69,76.99,1.0
9685,239,52,2739,478,859.69,94.22,1.0
9686,25,7,2525,50,859.68,84.98,1.0
9687,119,8,2619,238,859.68,110.41,1.0
9688,132,45,2632,264,859.66,79.21,1.0
9689,43,7,2543,86,859.63,87.96,1.0
9690,32,7,2532,64,859.58,85.55,1.0
9691,147,47,2647,294,859.57,78.76,1.0
9692,170,48,2670,340,859.55,81.45,1.0
9693,280,53,2780,560,859.55,101.38,1.0
9694,86,29,2586,172,859.5,74.87,1.0
9695,38,28,2538,76,859.49,68.19,1.0
9696,278,54,2778,556,859.43,102.44,1.0
9697,250,53,2750,500,859.41,98.32,1.0
9698,156,46,2656,312,859.38,83.05,1.0
9699,283,10,2783,566,859.38,138.8,1.0
9700,37,7,2537,74,859.35,89.03,1.0
9701,257,10,2757,514,859.32,138.16,1.0
9702,263,53,2763,526,859.25,99.01,1.0
9703,180,48,2680,360,859.22,81.2,1.0
9704,182,50,2682,364,859.22,85.64,1.0
9705,199,50,2699,398,859.14,87.7,1.0
9706,105,8,2605,210,859.07,102.8,1.0
9707,140,46,2640,280,859.04,79.52,1.0
9708,31,28,2531,62,859.03,69.67,1.0
9709,138,40,2638,276,859.03,79.01,1.0
9710,211,9,2711,422,858.98,128.16,1.0
9711,197,51,2697,394,858.97,90.58,1.0
9712,249,9,2749,498,858.95,133.08,1.0
9713,215,51,2715,430,858.92,90.65,1.0
9714,100,8,2600,200,858.89,106.22,1.0
9715,274,54,2774,548,858.88,99.31,1.0
9716,128,44,2628,256,858.77,78.51,1.0
9717,298,55,2798,596,858.75,107.43,1.0
9718,218,52,2718,436,858.74,93.27,1.0
9719,128,37,2628,256,858.73,78.83,1.0
9720,291,10,2791,582,858.71,138.64,1.0
9721,24,28,2524,48,858.7,68.23,1.0
9722,235,52,2735,470,858.69,95.5,1.0
9723,138,36,2638,276,858.67,77.54,1.0
9724,271,54,2771,542,858.67,99.31,1.0
9725,135,45,2635,270,858.63,76.56,1.0
9726,128,30,2628,256,858.6,78.9,1.0
9727,216,51,2716,432,858.59,90.77,1.0
9728,248,53,2748,496,858.58,94.36,1.0
9729,265,54,2765,530,858.5,99.5,1.0
9730,192,51,2692,384,858.48,86.72,1.0
9731,195,50,2695,390,858.48,88.61,1.0
9732,283,54,2783,566,858.45,101.93,1.0
9733,259,53,2759,518,858.43,97.56,1.0
9734,128,33,2628,256,858.41,79.23,1.0
9735,139,30,2639,278,858.41,78.2,1.0
9736,153,48,2653,306,858.39,81.55,1.0
9737,146,46,2646,292,858.38,79.44,1.0
9738,289,54,2789,578,858.38,99.39,1.0
9739,234,10,2734,468,858.34,128.94,1.0
9740,128,36,2628,256,858.33,78.97,1.0
9741,255,52,2755,510,858.32,96.9,1.0
9742,138,35,2638,276,858.28,78.4,1.0
9743,164,49,2664,328,858.28,83.94,1.0
9744,285,10,2785,570,858.28,136.9,1.0
9745,128,42,2628,256,858.27,79.3,1.0
9746,138,32,2638,276,858.22,78.34,1.0
9747,149,45,2649,298,858.19,79.33,1.0
9748,29,28,2529,58,858.17,69.11,1.0
9749,138,31,2638,276,858.17,78.2,1.0
9750,125,34,2625,250,858.15,75.93,1.0
9751,138,39,2638,276,858.15,78.5,1.0
9752,22,7,2522,44,858.14,82.38,1.0
9753,195,9,2695,390,858.14,128.44,1.0
9754,81,29,2581,162,858.13,71.93,1.0
9755,117,8,2617,234,858.13,106.24,1.0
9756,128,34,2628,256,858.13,79.34,1.0
9757,121,8,2621,242,858.1,107.6,1.0
9758,139,35,2639,278,858.09,77.42,1.0
9759,128,39,2628,256,858.07,79.14,1.0
9760,125,38,2625,250,858.05,75.39,1.0
9761,128,35,2628,256,858.05,78.94,1.0
9762,138,43,2638,276,858.04,78.93,1.0
9763,30,28,2530,60,858.01,68.96,1.0
9764,128,38,2628,256,857.98,78.72,1.0
9765,128,43,2628,256,857.98,79.27,1.0
9766,128,41,2628,256,857.97,78.78,1.0
9767,190,50,2690,380,857.94,87.13,1.0
9768,128,31,2628,256,857.88,78.6,1.0
9769,139,43,2639,278,857.88,77.29,1.0
9770,128,32,2628,256,857.87,79.19,1.0
9771,138,34,2638,276,857.86,78.68,1.0
9772,138,38,2638,276,857.85,78.35,1.0
9773,138,30,2638,276,857.84,77.8,1.0
9774,139,34,2639,278,857.81,77.49,1.0
9775,176,49,2676,352,857.81,85.44,1.0
9776,125,33,2625,250,857.8,75.1,1.0
9777,138,42,2638,276,857.8,78.97,1.0
9778,139,40,2639,278,857.77,77.04,1.0
9779,80,8,2580,160,857.76,101.38,1.0
9780,139,44,2639,278,857.74,77.3,1.0
9781,125,43,2625,250,857.73,75.33,1.0
9782,129,45,2629,258,857.68,78.01,1.0
9783,88,29,2588,176,857.62,75.77,1.0
9784,138,37,2638,276,857.59,78.42,1.0
9785,126,43,2626,252,857.58,75.84,1.0
9786,138,33,2638,276,857.58,77.84,1.0
9787,192,9,2692,384,857.54,123.39,1.0
9788,169,49,2669,338,857.53,84.15,1.0
9789,125,44,2625,250,857.52,75.59,1.0
9790,125,40,2625,250,857.51,75.36,1.0
9791,144,48,2644,288,857.51,80.83,1.0
9792,150,31,2650,300,857.48,78.93,1.0
9793,172,48,2672,344,857.47,85.5,1.0
9794,39,28,2539,78,857.45,69.25,1.0
9795,125,8,2625,250,857.45,109.0,1.0
9796,125,35,2625,250,857.45,75.43,1.0
9797,120,8,2620,240,857.44,108.23,1.0
9798,141,31,2641,282,857.43,76.79,1.0
9799,200,52,2700,400,857.43,91.69,1.0
9800,243,53,2743,486,857.42,94.33,1.0
9801,287,54,2787,574,857.4,101.69,1.0
9802,128,40,2628,256,857.39,78.35,1.0
9803,126,34,2626,252,857.38,77.0,1.0
9804,125,36,2625,250,857.36,75.0,1.0
9805,299,10,2799,598,857.35,142.42,1.0
9806,125,30,2625,250,857.33,74.98,1.0
9807,139,39,2639,278,857.32,77.58,1.0
9808,264,53,2764,528,857.32,100.23,1.0
9809,138,41,2638,276,857.31,78.24,1.0
9810,174,48,2674,348,857.31,86.82,1.0
9811,139,36,2639,278,857.3,78.04,1.0
9812,300,53,2800,600,857.3,102.63,1.0
9813,141,43,2641,282,857.29,77.06,1.0
9814,139,32,2639,278,857.28,77.59,1.0
9815,126,41,2626,252,857.24,76.45,1.0
9816,141,42,2641,282,857.24,76.91,1.0
9817,139,38,2639,278,857.23,77.57,1.0
9818,150,34,2650,300,857.21,78.18,1.0
9819,125,42,2625,250,857.2,75.51,1.0
9820,186,50,2686,372,857.2,87.66,1.0
9821,295,53,2795,590,857.19,100.15,1.0
9822,132,8,2632,264,857.18,111.58,1.0
9823,150,43,2650,300,857.16,78.24,1.0
9824,23,7,2523,46,857.15,81.5,1.0
9825,133,45,2633,266,857.12,77.61,1.0
9826,141,37,2641,282,857.12,76.72,1.0
9827,150,39,2650,300,857.1,78.35,1.0
9828,291,54,2791,582,857.1,103.13,1.0
9829,139,37,2639,278,857.09,77.54,1.0
9830,138,44,2638,276,857.07,78.2,1.0
9831,139,41,2639,278,857.07,77.55,1.0
9832,141,44,2641,282,857.06,76.86,1.0
9833,141,30,2641,282,857.05,76.29,1.0
9834,126,44,2626,252,857.04,76.46,1.0
9835,139,33,2639,278,857.03,78.12,1.0
9836,139,42,2639,278,857.03,77.33,1.0
9837,206,52,2706,412,857.03,90.76,1.0
9838,34,7,2534,68,857.01,84.14,1.0
9839,125,39,2625,250,857.0,75.3,1.0
9840,126,38,2626,252,857.0,76.26,1.0
9841,289,10,2789,578,857.0,138.77,1.0
9842,126,30,2626,252,856.99,76.85,1.0
9843,139,31,2639,278,856.99,77.72,1.0
9844,150,44,2650,300,856.98,78.13,1.0
9845,258,9,2758,516,856.95,136.06,1.0
9846,42,28,2542,84,856.94,68.6,1.0
9847,126,42,2626,252,856.94,76.6,1.0
9848,141,38,2641,282,856.92,76.26,1.0
9849,162,46,2662,324,856.92,83.68,1.0
9850,150,37,2650,300,856.9,78.88,1.0
9851,141,35,2641,282,856.9,76.7,1.0
9852,71,29,2571,142,856.89,71.34,1.0
9853,110,8,2610,220,856.87,107.16,1.0
9854,126,33,2626,252,856.87,76.67,1.0
9855,125,41,2625,250,856.85,74.34,1.0
9856,155,48,2655,310,856.84,82.36,1.0
9857,126,39,2626,252,856.81,76.29,1.0
9858,277,54,2777,554,856.81,101.03,1.0
9859,260,53,2760,520,856.79,100.0,1.0
9860,125,31,2625,250,856.77,75.83,1.0
9861,173,50,2673,346,856.77,83.18,1.0
9862,126,32,2626,252,856.76,76.34,1.0
9863,141,36,2641,282,856.76,75.81,1.0
9864,145,45,2645,290,856.73,79.87,1.0
9865,180,9,2680,360,856.71,115.96,1.0
9866,14,7,2514,28,856.7,81.46,1.0
9867,171,48,2671,342,856.7,84.28,1.0
9868,114,8,2614,228,856.69,106.79,1.0
9869,189,50,2689,378,856.67,86.08,1.0
9870,127,8,2627,254,856.66,110.68,1.0
9871,160,50,2660,320,856.65,82.24,1.0
9872,150,32,2650,300,856.64,77.99,1.0
9873,126,36,2626,252,856.62,76.68,1.0
9874,141,33,2641,282,856.62,76.42,1.0
9875,126,40,2626,252,856.58,77.04,1.0
9876,134,44,2634,268,856.58,79.64,1.0
9877,150,41,2650,300,856.57,78.45,1.0
9878,154,50,2654,308,856.56,84.04,1.0
9879,141,39,2641,282,856.49,76.35,1.0
9880,240,52,2740,480,856.45,94.44,1.0
9881,150,33,2650,300,856.43,78.33,1.0
9882,150,40,2650,300,856.43,77.71,1.0
9883,127,43,2627,254,856.41,77.59,1.0
9884,141,41,2641,282,856.41,77.27,1.0
9885,85,29,2585,170,856.39,73.76,1.0
9886,205,9,2705,410,856.39,124.26,1.0
9887,134,37,2634,268,856.35,80.26,1.0
9888,142,46,2642,284,856.35,79.47,1.0
9889,184,50,2684,368,856.35,85.75,1.0
9890,125,32,2625,250,856.33,75.14,1.0
9891,143,39,2643,286,856.33,79.09,1.0
9892,230,53,2730,460,856.33,92.3,1.0
9893,150,42,2650,300,856.31,78.14,1.0
9894,183,49,2683,366,856.28,85.97,1.0
9895,150,38,2650,300,856.27,78.13,1.0
9896,134,38,2634,268,856.25,79.76,1.0
9897,221,51,2721,442,856.24,93.3,1.0
9898,150,30,2650,300,856.2,78.37,1.0
9899,150,35,2650,300,856.2,79.09,1.0
9900,141,34,2641,282,856.2,76.61,1.0
9901,281,54,2781,562,856.18,98.99,1.0
9902,126,35,2626,252,856.17,76.75,1.0
9903,134,40,2634,268,856.17,80.32,1.0
9904,126,31,2626,252,856.16,76.87,1.0
9905,134,33,2634,268,856.14,80.18,1.0
9906,203,49,2703,406,856.14,89.34,1.0
9907,219,53,2719,438,856.11,91.3,1.0
9908,134,36,2634,268,856.08,80.0,1.0
9909,141,40,2641,282,856.06,76.54,1.0
9910,127,40,2627,254,856.03,77.61,1.0
9911,141,32,2641,282,856.03,76.07,1.0
9912,134,42,2634,268,855.99,79.73,1.0
9913,286,54,2786,572,855.99,100.32,1.0
9914,125,37,2625,250,855.98,75.2,1.0
9915,150,36,2650,300,855.97,78.66,1.0
9916,204,51,2704,408,855.97,91.25,1.0
9917,76,29,2576,152,855.94,71.84,1.0
9918,36,28,2536,72,855.92,70.26,1.0
9919,35,7,2535,70,855.92,83.53,1.0
9920,134,39,2634,268,855.92,79.79,1.0
9921,134,32,2634,268,855.91,80.2,1.0
9922,143,41,2643,286,855.9,79.82,1.0
9923,143,31,2643,286,855.85,78.83,1.0
9924,220,52,2720,440,855.85,93.21,1.0
9925,107,8,2607,214,855.83,104.47,1.0
9926,131,44,2631,262,855.77,74.98,1.0
9927,56,7,2556,112,855.72,90.67,1.0
9928,247,53,2747,494,855.72,97.77,1.0
9929,151,43,2651,302,855.7,80.07,1.0
9930,148,46,2648,296,855.66,80.6,1.0
9931,270,9,2770,540,855.65,135.47,1.0
9932,127,38,2627,254,855.64,76.91,1.0
9933,236,53,2736,472,855.64,95.76,1.0
9934,126,37,2626,252,855.63,76.73,1.0
9935,134,30,2634,268,855.62,80.41,1.0
9936,143,36,2643,286,855.62,79.29,1.0
9937,246,54,2746,492,855.6,96.49,1.0
9938,143,38,2643,286,855.59,79.59,1.0
9939,218,9,2718,436,855.59,128.0,1.0
9940,161,49,2661,322,855.57,81.26,1.0
9941,212,53,2712,424,855.56,91.72,1.0
9942,239,10,2739,478,855.56,130.71,1.0
9943,299,54,2799,598,855.55,108.31,1.0
9944,234,52,2734,468,855.54,89.68,1.0
9945,159,47,2659,318,855.48,81.64,1.0
9946,151,44,2651,302,855.48,80.04,1.0
9947,143,30,2643,286,855.48,78.79,1.0
9948,143,42,2643,286,855.47,79.0,1.0
9949,163,49,2663,326,855.47,82.97,1.0
9950,71,7,2571,142,855.44,96.11,1.0
9951,151,31,2651,302,855.41,80.05,1.0
9952,143,33,2643,286,855.41,78.35,1.0
9953,26,28,2526,52,855.4,68.64,1.0
9954,237,52,2737,474,855.39,93.16,1.0
9955,134,41,2634,268,855.38,80.34,1.0
9956,127,41,2627,254,855.33,77.25,1.0
9957,136,32,2636,272,855.32,79.58,1.0
9958,137,45,2637,274,855.32,78.4,1.0
9959,127,31,2627,254,855.31,77.19,1.0
9960,134,31,2634,268,855.31,80.36,1.0
9961,127,34,2627,254,855.29,76.83,1.0
9962,167,49,2667,334,855.29,82.84,1.0
9963,149,46,2649,298,855.29,78.94,1.0
9964,151,38,2651,302,855.28,79.58,1.0
9965,224,53,2724,448,855.28,95.28,1.0
9966,261,54,2761,522,855.28,102.61,1.0
9967,131,41,2631,262,855.27,75.0,1.0
9968,127,35,2627,254,855.27,77.5,1.0
9969,179,51,2679,358,855.26,86.77,1.0
9970,134,43,2634,268,855.24,79.94,1.0
9971,143,34,2643,286,855.24,79.24,1.0
9972,267,54,2767,534,855.23,99.63,1.0
9973,131,32,2631,262,855.22,75.62,1.0
9974,133,8,2633,266,855.22,110.65,1.0
9975,143,35,2643,286,855.22,79.45,1.0
9976,168,50,2668,336,855.2,83.05,1.0
9977,143,44,2643,286,855.19,79.18,1.0
9978,151,39,2651,302,855.17,79.45,1.0
9979,143,43,2643,286,855.17,78.68,1.0
9980,285,54,2785,570,855.16,99.65,1.0
9981,151,41,2651,302,855.15,79.85,1.0
9982,241,54,2741,482,855.14,97.12,1.0
9983,113,8,2613,226,855.11,109.08,1.0
9984,151,36,2651,302,855.1,79.43,1.0
9985,131,36,2631,262,855.04,75.1,1.0
9986,151,40,2651,302,855.04,79.76,1.0
9987,191,51,2691,382,855.04,87.71,1.0
9988,151,42,2651,302,855.03,79.72,1.0
9989,131,34,2631,262,855.02,74.76,1.0
9990,127,30,2627,254,855.01,77.38,1.0
9991,140,47,2640,280,855.01,80.32,1.0
9992,151,32,2651,302,855.01,80.26,1.0
9993,152,48,2652,304,855.01,82.89,1.0
9994,127,44,2627,254,854.99,76.94,1.0
9995,127,32,2627,254,854.98,77.46,1.0
9996,127,42,2627,254,854.98,76.99,1.0
9997,127,39,2627,254,854.97,76.82,1.0
9998,127,36,2627,254,854.96,78.02,1.0
9999,143,32,2643,286,854.95,79.32,1.0
10000,143,40,2643,286,854.92,79.12,1.0
10001,152,8,2652,304,854.91,115.73,1.0
10002,244,54,2744,488,854.91,96.54,1.0
10003,131,33,2631,262,854.89,74.95,1.0
10004,158,46,2658,316,854.87,80.39,1.0
10005,127,33,2627,254,854.85,77.29,1.0
10006,151,37,2651,302,854.83,80.55,1.0
10007,174,9,2674,348,854.83,121.05,1.0
10008,177,50,2677,354,854.83,85.35,1.0
10009,266,9,2766,532,854.83,136.19,1.0
10010,131,31,2631,262,854.82,74.6,1.0
10011,201,51,2701,402,854.82,87.47,1.0
10012,134,34,2634,268,854.8,80.91,1.0
10013,151,35,2651,302,854.76,79.55,1.0
10014,233,9,2733,466,854.76,129.18,1.0
10015,49,7,2549,98,854.7,93.24,1.0
10016,196,52,2696,392,854.7,88.27,1.0
10017,127,37,2627,254,854.67,76.83,1.0
10018,136,42,2636,272,854.67,79.13,1.0
10019,132,46,2632,264,854.66,79.76,1.0
10020,166,48,2666,332,854.65,81.76,1.0
10021,27,28,2527,54,854.61,68.34,1.0
10022,151,33,2651,302,854.59,79.31,1.0
10023,134,35,2634,268,854.58,79.75,1.0
10024,131,35,2631,262,854.55,75.04,1.0
10025,175,50,2675,350,854.5,84.02,1.0
10026,151,34,2651,302,854.49,80.49,1.0
10027,136,37,2636,272,854.48,79.23,1.0
10028,136,44,2636,272,854.47,79.09,1.0
10029,273,10,2773,546,854.44,136.3,1.0
10030,275,55,2775,550,854.42,103.36,1.0
10031,109,8,2609,218,854.41,105.34,1.0
10032,136,39,2636,272,854.39,78.9,1.0
10033,242,53,2742,484,854.37,95.94,1.0
10034,157,46,2657,314,854.36,83.24,1.0
10035,238,53,2738,476,854.36,92.39,1.0
10036,194,52,2694,388,854.34,87.03,1.0
10037,131,30,2631,262,854.25,75.05,1.0
10038,131,42,2631,262,854.24,75.7,1.0
10039,136,30,2636,272,854.23,79.15,1.0
10040,151,30,2651,302,854.2,79.76,1.0
10041,170,49,2670,340,854.2,82.92,1.0
10042,133,46,2633,266,854.11,79.06,1.0
10043,217,52,2717,434,854.11,92.31,1.0
10044,213,53,2713,426,854.11,90.82,1.0
10045,47,28,2547,94,854.1,69.11,1.0
10046,136,41,2636,272,854.1,80.0,1.0
10047,227,51,2727,454,854.09,91.29,1.0
10048,202,51,2702,404,854.09,87.46,1.0
10049,185,51,2685,370,854.07,89.56,1.0
10050,131,39,2631,262,854.02,75.04,1.0
10051,131,38,2631,262,854.01,75.16,1.0
10052,190,9,2690,380,854.01,123.64,1.0
10053,28,28,2528,56,854.0,69.3,1.0
10054,165,50,2665,330,853.94,83.09,1.0
10055,131,37,2631,262,853.89,75.37,1.0
10056,6,7,2506,12,853.88,76.77,1.0
10057,143,37,2643,286,853.88,79.17,1.0
10058,28,7,2528,56,853.85,83.91,1.0
10059,136,40,2636,272,853.85,79.17,1.0
10060,136,34,2636,272,853.82,78.97,1.0
10061,136,31,2636,272,853.8,79.17,1.0
10062,141,45,2641,282,853.79,76.71,1.0
10063,136,38,2636,272,853.75,79.44,1.0
10064,131,40,2631,262,853.74,75.2,1.0
10065,211,50,2711,422,853.74,90.5,1.0
10066,267,9,2767,534,853.73,139.3,1.0
10067,230,9,2730,460,853.72,128.88,1.0
10068,131,43,2631,262,853.71,74.85,1.0
10069,136,43,2636,272,853.68,79.21,1.0
10070,52,7,2552,104,853.67,90.55,1.0
10071,210,50,2710,420,853.66,89.25,1.0
10072,181,51,2681,362,853.65,85.32,1.0
10073,78,29,2578,156,853.61,73.11,1.0
10074,193,51,2693,386,853.61,87.62,1.0
10075,156,47,2656,312,853.6,83.25,1.0
10076,226,9,2726,452,853.54,130.03,1.0
10077,150,45,2650,300,853.5,78.6,1.0
10078,136,35,2636,272,853.49,79.21,1.0
10079,136,33,2636,272,853.46,79.48,1.0
10080,125,45,2625,250,853.44,76.29,1.0
10081,22,28,2522,44,853.42,68.46,1.0
10082,246,9,2746,492,853.41,134.38,1.0
10083,128,45,2628,256,853.39,79.76,1.0
10084,134,8,2634,268,853.38,114.77,1.0
10085,40,7,2540,80,853.37,84.31,1.0
10086,45,7,2545,90,853.31,87.05,1.0
10087,136,36,2636,272,853.31,78.39,1.0
10088,262,54,2762,524,853.31,96.53,1.0
10089,120,32,2620,240,853.29,75.8,1.0
10090,222,52,2722,444,853.28,93.99,1.0
10091,293,55,2793,586,853.24,105.13,1.0
10092,55,7,2555,110,853.16,92.21,1.0
10093,208,50,2708,416,853.13,88.92,1.0
10094,197,9,2697,394,853.12,128.27,1.0
10095,153,49,2653,306,853.08,83.06,1.0
10096,258,54,2758,516,853.08,102.22,1.0
10097,225,52,2725,450,853.07,94.95,1.0
10098,68,29,2568,136,853.06,72.59,1.0
10099,135,46,2635,270,853.06,77.11,1.0
10100,83,29,2583,166,853.05,75.94,1.0
10101,205,52,2705,410,853.0,88.75,1.0
10102,214,51,2714,428,852.98,88.66,1.0
10103,178,51,2678,356,852.96,86.24,1.0
10104,296,54,2796,592,852.95,97.34,1.0
10105,139,45,2639,278,852.94,78.53,1.0
10106,209,54,2709,418,852.92,93.27,1.0
10107,147,48,2647,294,852.91,80.52,1.0
10108,126,45,2626,252,852.9,76.87,1.0
10109,216,9,2716,432,852.87,126.26,1.0
10110,122,8,2622,244,852.85,109.49,1.0
10111,120,44,2620,240,852.74,76.17,1.0
10112,270,55,2770,540,852.69,101.97,1.0
10113,222,9,2722,444,852.67,128.53,1.0
10114,188,48,2688,376,852.65,87.59,1.0
10115,138,45,2638,276,852.54,79.27,1.0
10116,294,10,2794,588,852.52,138.24,1.0
10117,70,29,2570,140,852.51,72.01,1.0
10118,245,54,2745,490,852.5,97.12,1.0
10119,120,36,2620,240,852.48,75.7,1.0
10120,39,7,2539,78,852.44,88.52,1.0
10121,75,29,2575,150,852.44,70.15,1.0
10122,128,8,2628,256,852.42,110.42,1.0
10123,231,52,2731,462,852.39,93.82,1.0
10124,129,46,2629,258,852.38,78.83,1.0
10125,144,8,2644,288,852.38,112.8,1.0
10126,19,28,2519,38,852.31,66.75,1.0
10127,120,39,2620,240,852.31,76.13,1.0
10128,207,52,2707,414,852.3,92.12,1.0
10129,140,8,2640,280,852.28,114.3,1.0
10130,120,31,2620,240,852.27,75.85,1.0
10131,197,52,2697,394,852.27,91.36,1.0
10132,251,53,2751,502,852.25,98.39,1.0
10133,256,54,2756,512,852.25,97.17,1.0
10134,127,45,2627,254,852.23,77.75,1.0
10135,198,51,2698,396,852.22,88.85,1.0
10136,176,50,2676,352,852.19,85.48,1.0
10137,120,40,2620,240,852.18,75.72,1.0
10138,124,40,2624,248,852.18,76.89,1.0
10139,124,37,2624,248,852.11,77.25,1.0
10140,142,47,2642,284,852.09,79.23,1.0
10141,288,55,2788,576,852.08,103.68,1.0
10142,124,38,2624,248,852.07,77.51,1.0
10143,161,8,2661,322,852.03,115.05,1.0
10144,182,51,2682,364,852.02,87.74,1.0
10145,187,49,2687,374,852.02,86.04,1.0
10146,130,8,2630,260,852.0,108.1,1.0
10147,192,52,2692,384,852.0,87.69,1.0
10148,148,47,2648,296,851.93,80.66,1.0
10149,120,30,2620,240,851.91,76.37,1.0
10150,120,34,2620,240,851.9,75.53,1.0
10151,120,37,2620,240,851.88,75.51,1.0
10152,276,55,2776,552,851.86,103.24,1.0
10153,146,47,2646,292,851.85,79.29,1.0
10154,155,49,2655,310,851.84,82.3,1.0
10155,239,53,2739,478,851.81,94.48,1.0
10156,120,38,2620,240,851.8,77.11,1.0
10157,120,41,2620,240,851.78,76.08,1.0
10158,120,43,2620,240,851.77,75.75,1.0
10159,124,42,2624,248,851.77,77.19,1.0
10160,195,51,2695,390,851.77,88.51,1.0
10161,18,28,2518,36,851.76,65.7,1.0
10162,124,30,2624,248,851.68,77.24,1.0
10163,215,9,2715,430,851.67,127.78,1.0
10164,233,53,2733,466,851.64,96.91,1.0
10165,116,8,2616,232,851.61,107.95,1.0
10166,120,42,2620,240,851.58,75.31,1.0
10167,120,33,2620,240,851.56,76.12,1.0
10168,20,28,2520,40,851.55,69.17,1.0
10169,235,53,2735,470,851.54,96.37,1.0
10170,279,55,2779,558,851.5,102.81,1.0
10171,123,8,2623,246,851.49,111.12,1.0
10172,115,8,2615,230,851.49,105.98,1.0
10173,124,33,2624,248,851.48,76.87,1.0
10174,134,45,2634,268,851.48,80.43,1.0
10175,167,8,2667,334,851.41,118.88,1.0
10176,124,32,2624,248,851.4,77.21,1.0
10177,162,47,2662,324,851.38,84.76,1.0
10178,124,36,2624,248,851.37,77.51,1.0
10179,164,50,2664,328,851.37,84.75,1.0
10180,228,53,2728,456,851.36,91.59,1.0
10181,124,39,2624,248,851.35,77.17,1.0
10182,253,53,2753,506,851.35,96.0,1.0
10183,124,44,2624,248,851.33,77.07,1.0
10184,124,41,2624,248,851.32,77.15,1.0
10185,174,49,2674,348,851.32,86.9,1.0
10186,120,35,2620,240,851.3,76.59,1.0
10187,79,29,2579,158,851.28,74.97,1.0
10188,124,34,2624,248,851.28,77.15,1.0
10189,282,54,2782,564,851.19,102.9,1.0
10190,32,28,2532,64,851.18,68.78,1.0
10191,300,10,2800,600,851.18,143.18,1.0
10192,59,7,2559,118,851.12,92.09,1.0
10193,180,49,2680,360,851.12,81.81,1.0
10194,73,29,2573,146,851.11,72.79,1.0
10195,223,53,2723,446,851.09,91.94,1.0
10196,273,53,2773,546,851.09,98.65,1.0
10197,272,54,2772,544,851.01,101.38,1.0
10198,284,54,2784,568,851.0,100.32,1.0
10199,294,55,2794,588,850.99,102.39,1.0
10200,274,55,2774,548,850.98,101.9,1.0
10201,281,10,2781,562,850.98,135.07,1.0
10202,252,54,2752,504,850.86,98.6,1.0
10203,124,35,2624,248,850.84,77.95,1.0
10204,229,53,2729,458,850.84,92.7,1.0
10205,124,43,2624,248,850.79,77.0,1.0
10206,25,28,2525,50,850.77,69.67,1.0
10207,124,31,2624,248,850.73,76.99,1.0
10208,161,50,2661,322,850.73,82.75,1.0
10209,93,8,2593,186,850.72,101.34,1.0
10210,188,9,2688,376,850.67,123.52,1.0
10211,159,48,2659,318,850.66,82.74,1.0
10212,131,45,2631,262,850.54,75.71,1.0
10213,93,29,2593,186,850.51,75.01,1.0
10214,173,51,2673,346,850.5,83.27,1.0
10215,268,55,2768,536,850.49,100.43,1.0
10216,254,54,2754,508,850.47,97.77,1.0
10217,16,28,2516,32,850.44,68.73,1.0
10218,248,9,2748,496,850.44,131.38,1.0
10219,38,7,2538,76,850.39,87.48,1.0
10220,137,46,2637,274,850.37,78.47,1.0
10221,55,29,2555,110,850.32,70.29,1.0
10222,144,49,2644,288,850.29,81.85,1.0
10223,250,9,2750,500,850.24,134.25,1.0
10224,290,54,2790,580,850.22,100.36,1.0
10225,292,55,2792,584,850.22,101.3,1.0
10226,248,54,2748,496,850.19,94.08,1.0
10227,257,53,2757,514,850.19,97.36,1.0
10228,160,51,2660,320,850.17,83.5,1.0
10229,184,51,2684,368,850.15,86.06,1.0
10230,154,51,2654,308,850.11,84.31,1.0
10231,82,29,2582,164,850.1,71.79,1.0
10232,199,51,2699,398,850.1,88.98,1.0
10233,145,46,2645,290,850.09,80.84,1.0
10234,167,50,2667,334,850.09,83.12,1.0
10235,226,53,2726,452,850.08,93.66,1.0
10236,136,45,2636,272,850.07,79.42,1.0
10237,139,46,2639,278,850.03,79.38,1.0
10238,249,55,2749,498,849.95,100.95,1.0
10239,199,9,2699,398,849.92,122.37,1.0
10240,131,8,2631,262,849.91,107.46,1.0
10241,221,52,2721,442,849.91,93.99,1.0
10242,53,7,2553,106,849.9,91.39,1.0
10243,172,49,2672,344,849.85,86.0,1.0
10244,114,38,2614,228,849.82,73.97,1.0
10245,186,51,2686,372,849.72,88.85,1.0
10246,297,54,2797,594,849.72,101.25,1.0
10247,137,8,2637,274,849.67,111.73,1.0
10248,218,53,2718,436,849.64,94.56,1.0
10249,157,47,2657,314,849.58,84.74,1.0
10250,215,52,2715,430,849.46,92.7,1.0
10251,130,39,2630,260,849.45,77.2,1.0
10252,133,47,2633,266,849.42,79.46,1.0
10253,114,44,2614,228,849.41,73.96,1.0
10254,151,45,2651,302,849.41,80.08,1.0
10255,17,28,2517,34,849.37,67.8,1.0
10256,280,54,2780,560,849.33,101.57,1.0
10257,74,29,2574,148,849.23,73.72,1.0
10258,158,47,2658,316,849.22,81.15,1.0
10259,50,7,2550,100,849.16,90.69,1.0
10260,168,51,2668,336,849.16,84.47,1.0
10261,130,40,2630,260,849.07,75.92,1.0
10262,194,8,2694,388,849.04,121.94,1.0
10263,216,52,2716,432,849.04,91.27,1.0
10264,244,9,2744,488,849.02,132.99,1.0
10265,36,7,2536,72,849.01,86.59,1.0
10266,200,53,2700,400,848.99,93.05,1.0
10267,269,55,2769,538,848.99,96.0,1.0
10268,114,34,2614,228,848.96,73.34,1.0
10269,169,50,2669,338,848.93,86.69,1.0
10270,189,51,2689,378,848.92,88.12,1.0
10271,190,51,2690,380,848.92,88.06,1.0
10272,77,29,2577,154,848.91,71.66,1.0
10273,132,47,2632,264,848.91,80.11,1.0
10274,194,53,2694,388,848.91,89.41,1.0
10275,114,42,2614,228,848.89,73.67,1.0
10276,282,10,2782,564,848.83,136.09,1.0
10277,129,47,2629,258,848.8,78.97,1.0
10278,135,47,2635,270,848.8,77.7,1.0
10279,114,33,2614,228,848.79,74.0,1.0
10280,150,46,2650,300,848.79,79.56,1.0
10281,114,35,2614,228,848.76,74.04,1.0
10282,114,43,2614,228,848.76,73.16,1.0
10283,130,44,2630,260,848.73,77.58,1.0
10284,143,45,2643,286,848.72,80.63,1.0
10285,130,38,2630,260,848.7,77.68,1.0
10286,44,7,2544,88,848.69,86.94,1.0
10287,130,41,2630,260,848.68,76.86,1.0
10288,203,50,2703,406,848.65,89.7,1.0
10289,130,33,2630,260,848.64,76.52,1.0
10290,114,36,2614,228,848.63,74.3,1.0
10291,140,48,2640,280,848.63,80.58,1.0
10292,114,37,2614,228,848.6,73.58,1.0
10293,130,35,2630,260,848.55,76.67,1.0
10294,130,42,2630,260,848.55,77.2,1.0
10295,201,9,2701,402,848.49,125.55,1.0
10296,120,45,2620,240,848.48,76.81,1.0
10297,266,55,2766,532,848.47,98.84,1.0
10298,125,46,2625,250,848.46,76.53,1.0
10299,114,32,2614,228,848.45,73.84,1.0
10300,111,31,2611,222,848.36,73.65,1.0
10301,130,36,2630,260,848.35,76.52,1.0
10302,147,49,2647,294,848.34,81.24,1.0
10303,225,9,2725,450,848.34,134.72,1.0
10304,171,49,2671,342,848.33,84.77,1.0
10305,72,29,2572,144,848.32,71.55,1.0
10306,183,50,2683,366,848.32,87.06,1.0
10307,70,7,2570,140,848.3,92.89,1.0
10308,51,7,2551,102,848.23,90.96,1.0
10309,126,46,2626,252,848.21,77.86,1.0
10310,111,44,2611,222,848.18,74.34,1.0
10311,1,28,2501,2,848.16,67.01,1.0
10312,114,40,2614,228,848.15,74.11,1.0
10313,111,30,2611,222,848.08,74.24,1.0
10314,153,50,2653,306,848.08,84.22,1.0
10315,46,7,2546,92,848.03,86.76,1.0
10316,114,41,2614,228,848.01,73.8,1.0
10317,240,53,2740,480,848.01,96.05,1.0
10318,130,30,2630,260,848.0,77.57,1.0
10319,130,37,2630,260,847.99,77.25,1.0
10320,240,9,2740,480,847.99,132.74,1.0
10321,111,37,2611,222,847.96,74.55,1.0
10322,259,10,2759,518,847.96,135.98,1.0
10323,166,49,2666,332,847.92,82.85,1.0
10324,250,54,2750,500,847.9,99.43,1.0
10325,254,9,2754,508,847.89,138.85,1.0
10326,245,9,2745,490,847.84,134.67,1.0
10327,66,29,2566,132,847.83,72.89,1.0
10328,177,51,2677,354,847.82,85.52,1.0
10329,263,54,2763,526,847.8,101.52,1.0
10330,154,8,2654,308,847.79,115.8,1.0
10331,207,9,2707,414,847.74,129.85,1.0
10332,141,46,2641,282,847.73,77.59,1.0
10333,287,55,2787,574,847.71,104.05,1.0
10334,152,49,2652,304,847.7,83.56,1.0
10335,128,46,2628,256,847.69,81.74,1.0
10336,114,39,2614,228,847.68,74.24,1.0
10337,114,31,2614,228,847.67,74.11,1.0
10338,211,51,2711,422,847.67,90.32,1.0
10339,48,7,2548,96,847.64,87.59,1.0
10340,111,40,2611,222,847.64,74.43,1.0
10341,130,34,2630,260,847.63,76.88,1.0
10342,111,33,2611,222,847.62,73.84,1.0
10343,130,43,2630,260,847.58,77.55,1.0
10344,130,31,2630,260,847.57,77.07,1.0
10345,127,46,2627,254,847.57,78.43,1.0
10346,139,8,2639,278,847.57,111.81,1.0
10347,271,55,2771,542,847.54,100.4,1.0
10348,149,47,2649,298,847.53,80.18,1.0
10349,224,54,2724,448,847.53,96.46,1.0
10350,205,53,2705,410,847.5,88.86,1.0
10351,193,52,2693,386,847.48,89.34,1.0
10352,123,41,2623,246,847.47,79.05,1.0
10353,111,36,2611,222,847.44,73.76,1.0
10354,111,43,2611,222,847.44,74.78,1.0
10355,123,30,2623,246,847.42,78.94,1.0
10356,267,55,2767,534,847.42,101.4,1.0
10357,204,52,2704,408,847.41,92.33,1.0
10358,111,32,2611,222,847.39,74.52,1.0
10359,138,46,2638,276,847.37,80.54,1.0
10360,124,45,2624,248,847.36,78.09,1.0
10361,175,51,2675,350,847.35,84.64,1.0
10362,130,32,2630,260,847.31,77.23,1.0
10363,12,28,2512,24,847.29,68.19,1.0
10364,123,44,2623,246,847.29,79.18,1.0
10365,201,52,2701,402,847.29,88.33,1.0
10366,111,41,2611,222,847.27,74.1,1.0
10367,178,52,2678,356,847.25,87.17,1.0
10368,111,38,2611,222,847.23,75.06,1.0
10369,123,32,2623,246,847.22,78.71,1.0
10370,114,30,2614,228,847.21,73.46,1.0
10371,123,39,2623,246,847.2,78.72,1.0
10372,243,54,2743,486,847.19,95.76,1.0
10373,188,49,2688,376,847.18,87.64,1.0
10374,241,55,2741,482,847.16,99.21,1.0
10375,123,34,2623,246,847.13,79.14,1.0
10376,111,34,2611,222,847.12,74.46,1.0
10377,203,9,2703,406,847.11,128.17,1.0
10378,283,55,2783,566,847.1,103.87,1.0
10379,41,7,2541,82,847.09,87.67,1.0
10380,212,54,2712,424,847.09,92.52,1.0
10381,111,42,2611,222,847.08,74.04,1.0
10382,255,53,2755,510,847.04,97.31,1.0
10383,123,35,2623,246,847.02,79.21,1.0
10384,191,52,2691,382,846.99,89.32,1.0
10385,170,50,2670,340,846.98,84.31,1.0
10386,155,8,2655,310,846.97,117.33,1.0
10387,111,39,2611,222,846.96,74.66,1.0
10388,123,38,2623,246,846.93,78.69,1.0
10389,206,53,2706,412,846.89,92.17,1.0
10390,123,31,2623,246,846.88,78.7,1.0
10391,181,52,2681,362,846.73,87.11,1.0
10392,220,53,2720,440,846.71,94.93,1.0
10393,297,10,2797,594,846.66,137.24,1.0
10394,123,33,2623,246,846.61,79.28,1.0
10395,123,37,2623,246,846.61,78.3,1.0
10396,298,56,2798,596,846.61,108.69,1.0
10397,123,42,2623,246,846.6,78.7,1.0
10398,227,52,2727,454,846.6,92.86,1.0
10399,123,40,2623,246,846.57,78.33,1.0
10400,108,35,2608,216,846.54,74.68,1.0
10401,23,28,2523,46,846.53,66.93,1.0
10402,123,43,2623,246,846.53,78.89,1.0
10403,230,54,2730,460,846.5,94.04,1.0
10404,237,53,2737,474,846.5,94.84,1.0
10405,15,28,2515,30,846.48,67.83,1.0
10406,174,50,2674,348,846.45,87.19,1.0
10407,111,35,2611,222,846.37,74.73,1.0
10408,156,8,2656,312,846.36,118.86,1.0
10409,265,55,2765,530,846.3,101.93,1.0
10410,123,36,2623,246,846.29,78.46,1.0
10411,148,48,2648,296,846.27,81.29,1.0
10412,237,9,2737,474,846.27,129.08,1.0
10413,131,46,2631,262,846.24,76.94,1.0
10414,136,8,2636,272,846.24,114.6,1.0
10415,108,34,2608,216,846.2,74.88,1.0
10416,108,36,2608,216,846.18,75.08,1.0
10417,232,54,2732,464,846.18,95.53,1.0
10418,116,33,2616,232,846.14,75.64,1.0
10419,108,32,2608,216,846.13,75.13,1.0
10420,180,50,2680,360,846.12,82.99,1.0
10421,185,52,2685,370,846.1,90.38,1.0
10422,260,54,2760,520,846.03,101.57,1.0
10423,229,9,2729,458,846.01,127.74,1.0
10424,289,55,2789,578,846.01,103.05,1.0
10425,116,40,2616,232,846.0,75.51,1.0
10426,108,42,2608,216,845.99,74.85,1.0
10427,142,48,2642,284,845.98,80.45,1.0
10428,264,54,2764,528,845.98,100.79,1.0
10429,134,46,2634,268,845.96,81.13,1.0
10430,234,53,2734,468,845.93,91.5,1.0
10431,116,41,2616,232,845.88,76.11,1.0
10432,116,34,2616,232,845.87,75.63,1.0
10433,108,41,2608,216,845.82,75.21,1.0
10434,161,51,2661,322,845.81,83.0,1.0
10435,217,53,2717,434,845.81,92.69,1.0
10436,290,10,2790,580,845.81,141.08,1.0
10437,108,33,2608,216,845.8,74.54,1.0
10438,219,54,2719,438,845.8,93.05,1.0
10439,114,45,2614,228,845.78,74.13,1.0
10440,116,38,2616,232,845.78,75.2,1.0
10441,108,44,2608,216,845.75,74.73,1.0
10442,214,52,2714,428,845.74,89.62,1.0
10443,108,30,2608,216,845.72,73.93,1.0
10444,146,48,2646,292,845.72,80.87,1.0
10445,236,54,2736,472,845.69,98.05,1.0
10446,222,53,2722,444,845.67,95.38,1.0
10447,236,9,2736,472,845.64,133.61,1.0
10448,155,50,2655,310,845.62,82.74,1.0
10449,116,35,2616,232,845.61,76.35,1.0
10450,108,40,2608,216,845.59,74.59,1.0
10451,108,31,2608,216,845.58,74.89,1.0
10452,116,39,2616,232,845.58,75.68,1.0
10453,116,32,2616,232,845.55,75.39,1.0
10454,169,8,2669,338,845.53,119.3,1.0
10455,179,52,2679,358,845.51,87.9,1.0
10456,116,36,2616,232,845.49,75.09,1.0
10457,122,34,2622,244,845.48,77.17,1.0
10458,122,38,2622,244,845.46,78.02,1.0
10459,101,35,2601,202,845.44,75.06,1.0
10460,242,54,2742,484,845.44,97.66,1.0
10461,117,30,2617,234,845.43,74.54,1.0
10462,63,29,2563,126,845.42,73.27,1.0
10463,246,55,2746,492,845.41,97.04,1.0
10464,165,51,2665,330,845.38,83.74,1.0
10465,217,9,2717,434,845.34,127.27,1.0
10466,108,38,2608,216,845.32,73.86,1.0
10467,108,37,2608,216,845.3,74.32,1.0
10468,112,37,2612,224,845.29,74.73,1.0
10469,108,43,2608,216,845.28,74.12,1.0
10470,214,9,2714,428,845.25,126.36,1.0
10471,116,31,2616,232,845.23,75.81,1.0
10472,117,36,2617,234,845.22,75.03,1.0
10473,122,43,2622,244,845.19,77.06,1.0
10474,278,55,2778,556,845.19,102.32,1.0
10475,117,38,2617,234,845.17,75.1,1.0
10476,176,51,2676,352,845.17,88.16,1.0
10477,164,8,2664,328,845.15,121.75,1.0
10478,196,53,2696,392,845.13,89.42,1.0
10479,122,42,2622,244,845.12,77.16,1.0
10480,122,39,2622,244,845.09,77.82,1.0
10481,153,8,2653,306,845.08,113.25,1.0
10482,122,41,2622,244,845.06,77.51,1.0
10483,122,32,2622,244,845.05,78.46,1.0
10484,247,54,2747,494,845.03,99.31,1.0
10485,202,52,2702,404,845.02,89.02,1.0
10486,145,47,2645,290,845.01,82.26,1.0
10487,281,55,2781,562,845.01,100.36,1.0
10488,122,35,2622,244,844.99,77.49,1.0
10489,101,37,2601,202,844.97,75.33,1.0
10490,101,39,2601,202,844.97,75.82,1.0
10491,101,38,2601,202,844.96,75.49,1.0
10492,54,7,2554,108,844.95,91.27,1.0
10493,197,53,2697,394,844.94,92.09,1.0
10494,112,36,2612,224,844.91,74.6,1.0
10495,116,44,2616,232,844.91,75.18,1.0
10496,300,54,2800,600,844.91,106.27,1.0
10497,122,30,2622,244,844.89,76.99,1.0
10498,122,31,2622,244,844.86,76.66,1.0
10499,208,51,2708,416,844.85,90.03,1.0
10500,295,54,2795,590,844.85,101.93,1.0
10501,163,50,2663,326,844.84,83.23,1.0
10502,182,52,2682,364,844.83,88.72,1.0
10503,178,8,2678,356,844.82,120.86,1.0
10504,259,54,2759,518,844.82,99.83,1.0
10505,120,46,2620,240,844.8,77.24,1.0
10506,112,39,2612,224,844.8,74.98,1.0
10507,101,36,2601,202,844.78,75.55,1.0
10508,121,37,2621,242,844.77,77.15,1.0
10509,118,32,2618,236,844.77,76.81,1.0
10510,167,51,2667,334,844.77,84.09,1.0
10511,117,37,2617,234,844.74,75.5,1.0
10512,160,52,2660,320,844.73,84.03,1.0
10513,122,36,2622,244,844.7,76.97,1.0
10514,101,40,2601,202,844.7,75.31,1.0
10515,116,37,2616,232,844.69,75.04,1.0
10516,108,39,2608,216,844.68,75.16,1.0
10517,118,44,2618,236,844.67,77.12,1.0
10518,117,40,2617,234,844.66,74.95,1.0
10519,117,41,2617,234,844.66,75.38,1.0
10520,162,48,2662,324,844.66,84.34,1.0
10521,101,32,2601,202,844.64,75.95,1.0
10522,112,41,2612,224,844.64,75.12,1.0
10523,117,32,2617,234,844.64,75.64,1.0
10524,172,50,2672,344,844.64,87.89,1.0
10525,58,7,2558,116,844.61,90.47,1.0
10526,121,30,2621,242,844.59,76.77,1.0
10527,117,44,2617,234,844.58,75.46,1.0
10528,10,28,2510,20,844.57,66.37,1.0
10529,117,31,2617,234,844.56,75.11,1.0
10530,116,42,2616,232,844.54,75.14,1.0
10531,122,44,2622,244,844.53,77.77,1.0
10532,122,40,2622,244,844.51,77.52,1.0
10533,130,45,2630,260,844.49,76.96,1.0
10534,137,47,2637,274,844.49,79.58,1.0
10535,116,43,2616,232,844.46,75.82,1.0
10536,101,44,2601,202,844.45,75.59,1.0
10537,133,48,2633,266,844.42,80.32,1.0
10538,157,48,2657,314,844.42,85.56,1.0
10539,277,55,2777,554,844.42,102.62,1.0
10540,187,50,2687,374,844.38,87.41,1.0
10541,243,9,2743,486,844.38,131.62,1.0
10542,118,36,2618,236,844.37,77.76,1.0
10543,126,47,2626,252,844.37,78.76,1.0
10544,122,33,2622,244,844.35,77.06,1.0
10545,117,34,2617,234,844.31,74.73,1.0
10546,118,43,2618,236,844.29,76.96,1.0
10547,159,49,2659,318,844.28,83.87,1.0
10548,63,7,2563,126,844.27,94.14,1.0
10549,119,35,2619,238,844.27,75.15,1.0
10550,136,46,2636,272,844.27,80.79,1.0
10551,225,53,2725,450,844.27,96.69,1.0
10552,119,40,2619,238,844.26,75.45,1.0
10553,101,31,2601,202,844.23,75.35,1.0
10554,116,30,2616,232,844.23,75.56,1.0
10555,119,39,2619,238,844.21,75.9,1.0
10556,117,33,2617,234,844.2,74.97,1.0
10557,121,36,2621,242,844.17,76.79,1.0
10558,112,38,2612,224,844.17,75.03,1.0
10559,144,50,2644,288,844.17,82.02,1.0
10560,121,34,2621,242,844.16,77.14,1.0
10561,121,40,2621,242,844.16,76.24,1.0
10562,113,35,2613,226,844.15,79.64,1.0
10563,66,7,2566,132,844.14,95.9,1.0
10564,119,36,2619,238,844.14,75.36,1.0
10565,121,41,2621,242,844.13,76.98,1.0
10566,101,43,2601,202,844.13,75.87,1.0
10567,119,41,2619,238,844.1,75.66,1.0
10568,122,37,2622,244,844.09,77.2,1.0
10569,112,32,2612,224,844.09,75.17,1.0
10570,118,37,2618,236,844.08,76.62,1.0
10571,112,40,2612,224,844.05,74.92,1.0
10572,209,55,2709,418,844.05,94.6,1.0
10573,117,35,2617,234,844.04,75.45,1.0
10574,117,43,2617,234,844.04,74.68,1.0
10575,148,8,2648,296,844.03,116.08,1.0
10576,118,34,2618,236,844.0,77.02,1.0
10577,121,39,2621,242,843.99,77.05,1.0
10578,112,30,2612,224,843.96,75.08,1.0
10579,119,43,2619,238,843.96,75.78,1.0
10580,149,48,2649,298,843.96,80.07,1.0
10581,121,44,2621,242,843.95,76.93,1.0
10582,101,30,2601,202,843.95,75.86,1.0
10583,101,42,2601,202,843.94,75.7,1.0
10584,118,33,2618,236,843.94,77.06,1.0
10585,121,31,2621,242,843.92,76.5,1.0
10586,119,44,2619,238,843.92,75.46,1.0
10587,125,47,2625,250,843.91,77.51,1.0
10588,119,33,2619,238,843.89,75.38,1.0
10589,119,37,2619,238,843.88,75.3,1.0
10590,101,33,2601,202,843.87,75.97,1.0
10591,119,31,2619,238,843.87,75.52,1.0
10592,119,34,2619,238,843.86,75.27,1.0
10593,112,35,2612,224,843.85,74.23,1.0
10594,113,41,2613,226,843.81,79.23,1.0
10595,60,7,2560,120,843.8,96.73,1.0
10596,117,42,2617,234,843.8,75.23,1.0
10597,138,47,2638,276,843.8,80.34,1.0
10598,204,9,2704,408,843.8,126.24,1.0
10599,113,33,2613,226,843.79,79.03,1.0
10600,119,30,2619,238,843.78,75.86,1.0
10601,121,32,2621,242,843.74,76.88,1.0
10602,121,38,2621,242,843.74,76.99,1.0
10603,119,42,2619,238,843.74,75.21,1.0
10604,143,46,2643,286,843.69,79.53,1.0
10605,112,42,2612,224,843.68,74.26,1.0
10606,56,29,2556,112,843.66,73.14,1.0
10607,112,34,2612,224,843.66,74.69,1.0
10608,262,55,2762,524,843.66,97.42,1.0
10609,121,33,2621,242,843.64,76.53,1.0
10610,101,41,2601,202,843.61,75.58,1.0
10611,113,44,2613,226,843.61,79.51,1.0
10612,112,44,2612,224,843.59,74.93,1.0
10613,112,33,2612,224,843.57,74.72,1.0
10614,113,34,2613,226,843.57,79.76,1.0
10615,121,35,2621,242,843.56,76.69,1.0
10616,117,39,2617,234,843.56,74.95,1.0
10617,128,47,2628,256,843.54,81.85,1.0
10618,112,31,2612,224,843.53,74.82,1.0
10619,151,46,2651,302,843.52,80.59,1.0
10620,195,52,2695,390,843.52,91.22,1.0
10621,244,55,2744,488,843.52,98.18,1.0
10622,231,9,2731,462,843.49,132.95,1.0
10623,112,43,2612,224,843.48,74.38,1.0
10624,118,38,2618,236,843.48,77.07,1.0
10625,118,41,2618,236,843.48,76.84,1.0
10626,231,53,2731,462,843.48,94.49,1.0
10627,245,55,2745,490,843.47,98.87,1.0
10628,113,39,2613,226,843.46,78.73,1.0
10629,81,7,2581,162,843.43,97.5,1.0
10630,113,30,2613,226,843.39,79.09,1.0
10631,113,42,2613,226,843.33,79.44,1.0
10632,238,54,2738,476,843.33,93.7,1.0
10633,299,55,2799,598,843.33,108.7,1.0
10634,113,40,2613,226,843.32,79.82,1.0
10635,118,39,2618,236,843.32,76.95,1.0
10636,118,35,2618,236,843.31,76.72,1.0
10637,113,37,2613,226,843.3,80.22,1.0
10638,252,9,2752,504,843.29,136.09,1.0
10639,119,38,2619,238,843.27,76.03,1.0
10640,298,9,2798,596,843.27,149.06,1.0
10641,11,28,2511,22,843.22,66.53,1.0
10642,296,55,2796,592,843.19,99.56,1.0
10643,119,32,2619,238,843.18,75.09,1.0
10644,101,34,2601,202,843.13,76.22,1.0
10645,258,55,2758,516,843.13,103.2,1.0
10646,192,53,2692,384,843.09,88.86,1.0
10647,123,45,2623,246,843.08,79.89,1.0
10648,118,30,2618,236,843.08,77.09,1.0
10649,135,8,2635,270,843.06,111.33,1.0
10650,124,46,2624,248,843.04,78.86,1.0
10651,118,31,2618,236,843.04,77.41,1.0
10652,198,52,2698,396,843.04,91.39,1.0
10653,141,47,2641,282,843.03,78.33,1.0
10654,169,51,2669,338,843.03,87.07,1.0
10655,207,53,2707,414,843.03,93.83,1.0
10656,113,31,2613,226,843.02,79.81,1.0
10657,118,42,2618,236,843.02,76.8,1.0
10658,118,40,2618,236,843.01,77.0,1.0
10659,261,55,2761,522,843.01,105.37,1.0
10660,286,55,2786,572,843.0,101.02,1.0
10661,13,28,2513,26,842.98,67.97,1.0
10662,251,54,2751,502,842.98,98.88,1.0
10663,75,7,2575,150,842.92,96.77,1.0
10664,49,29,2549,98,842.9,71.83,1.0
10665,42,7,2542,84,842.86,89.03,1.0
10666,139,47,2639,278,842.85,79.86,1.0
10667,183,51,2683,366,842.85,88.15,1.0
10668,68,7,2568,136,842.84,94.93,1.0
10669,121,43,2621,242,842.84,76.48,1.0
10670,147,50,2647,294,842.83,81.38,1.0
10671,238,9,2738,476,842.82,131.06,1.0
10672,121,42,2621,242,842.76,76.24,1.0
10673,233,54,2733,466,842.76,98.88,1.0
10674,129,48,2629,258,842.75,79.44,1.0
10675,154,52,2654,308,842.75,84.82,1.0
10676,156,48,2656,312,842.73,84.78,1.0
10677,113,38,2613,226,842.69,80.01,1.0
10678,158,48,2658,316,842.69,81.4,1.0
10679,65,7,2565,130,842.64,94.16,1.0
10680,113,32,2613,226,842.62,79.4,1.0
10681,164,51,2664,328,842.62,85.37,1.0
10682,210,51,2710,420,842.62,90.09,1.0
10683,135,48,2635,270,842.61,79.14,1.0
10684,171,50,2671,342,842.59,86.51,1.0
10685,1,6,2501,2,842.56,74.91,1.0
10686,276,9,2776,552,842.56,138.22,1.0
10687,184,52,2684,368,842.55,88.13,1.0
10688,256,55,2756,512,842.54,98.11,1.0
10689,140,49,2640,280,842.3,82.31,1.0
10690,111,45,2611,222,842.27,74.13,1.0
10691,108,45,2608,216,842.25,75.4,1.0
10692,113,43,2613,226,842.15,79.1,1.0
10693,113,36,2613,226,842.12,79.6,1.0
10694,59,29,2559,118,842.0,71.59,1.0
10695,221,9,2721,442,841.94,131.01,1.0
10696,213,54,2713,426,841.91,93.12,1.0
10697,148,49,2648,296,841.85,81.63,1.0
10698,177,52,2677,354,841.84,87.02,1.0
10699,223,54,2723,446,841.84,93.91,1.0
10700,173,52,2673,346,841.83,85.06,1.0
10701,199,52,2699,398,841.8,91.0,1.0
10702,291,55,2791,582,841.77,104.24,1.0
10703,152,50,2652,304,841.76,83.87,1.0
10704,112,45,2612,224,841.75,75.05,1.0
10705,120,47,2620,240,841.74,78.52,1.0
10706,132,48,2632,264,841.71,81.28,1.0
10707,194,54,2694,388,841.69,90.5,1.0
10708,142,49,2642,284,841.67,80.67,1.0
10709,228,54,2728,456,841.67,93.61,1.0
10710,186,52,2686,372,841.65,88.94,1.0
10711,285,55,2785,570,841.63,102.16,1.0
10712,122,45,2622,244,841.62,77.66,1.0
10713,150,47,2650,300,841.59,80.15,1.0
10714,130,46,2630,260,841.54,77.69,1.0
10715,288,56,2788,576,841.54,104.87,1.0
10716,163,8,2663,326,841.51,116.99,1.0
10717,284,55,2784,568,841.51,101.81,1.0
10718,275,56,2775,550,841.5,104.24,1.0
10719,203,51,2703,406,841.47,91.16,1.0
10720,134,47,2634,268,841.43,82.21,1.0
10721,114,46,2614,228,841.4,75.2,1.0
10722,270,56,2770,540,841.4,103.98,1.0
10723,109,36,2609,218,841.36,74.58,1.0
10724,99,30,2599,198,841.32,73.71,1.0
10725,137,48,2637,274,841.31,79.55,1.0
10726,116,45,2616,232,841.3,76.33,1.0
10727,9,28,2509,18,841.26,68.65,1.0
10728,109,42,2609,218,841.24,74.06,1.0
10729,109,39,2609,218,841.17,74.46,1.0
10730,125,48,2625,250,841.17,77.45,1.0
10731,101,45,2601,202,841.16,76.33,1.0
10732,212,8,2712,424,841.15,130.24,1.0
10733,295,10,2795,590,841.14,138.12,1.0
10734,80,29,2580,160,841.08,74.15,1.0
10735,226,54,2726,452,841.08,96.58,1.0
10736,109,33,2609,218,841.07,73.94,1.0
10737,161,52,2661,322,841.02,84.89,1.0
10738,109,44,2609,218,841.0,73.57,1.0
10739,208,9,2708,416,841.0,126.86,1.0
10740,109,38,2609,218,840.87,74.43,1.0
10741,239,54,2739,478,840.82,95.95,1.0
10742,293,56,2793,586,840.82,106.34,1.0
10743,52,29,2552,104,840.8,72.23,1.0
10744,109,43,2609,218,840.77,74.11,1.0
10745,229,54,2729,458,840.77,95.42,1.0
10746,69,29,2569,138,840.76,71.98,1.0
10747,109,34,2609,218,840.76,74.09,1.0
10748,189,52,2689,378,840.76,89.68,1.0
10749,65,29,2565,130,840.75,72.18,1.0
10750,109,35,2609,218,840.75,73.97,1.0
10751,221,53,2721,442,840.68,95.57,1.0
10752,178,53,2678,356,840.6,88.41,1.0
10753,99,31,2599,198,840.58,73.32,1.0
10754,146,49,2646,292,840.58,81.4,1.0
10755,271,9,2771,542,840.57,137.18,1.0
10756,104,30,2604,208,840.56,76.38,1.0
10757,99,35,2599,198,840.56,73.03,1.0
10758,118,8,2618,236,840.56,108.23,1.0
10759,99,38,2599,198,840.55,73.16,1.0
10760,170,51,2670,340,840.54,85.3,1.0
10761,109,41,2609,218,840.52,73.72,1.0
10762,145,48,2645,290,840.52,82.35,1.0
10763,101,7,2601,202,840.49,101.93,1.0
10764,99,33,2599,198,840.48,73.3,1.0
10765,155,51,2655,310,840.43,83.83,1.0
10766,168,52,2668,336,840.42,85.42,1.0
10767,99,36,2599,198,840.4,73.56,1.0
10768,131,47,2631,262,840.4,76.95,1.0
10769,166,50,2666,332,840.38,83.36,1.0
10770,109,40,2609,218,840.37,74.56,1.0
10771,249,56,2749,498,840.37,102.29,1.0
10772,275,9,2775,550,840.37,139.54,1.0
10773,109,30,2609,218,840.34,74.22,1.0
10774,235,9,2735,470,840.34,135.07,1.0
10775,253,54,2753,506,840.34,97.59,1.0
10776,273,54,2773,546,840.34,99.98,1.0
10777,175,52,2675,350,840.32,86.26,1.0
10778,99,39,2599,198,840.28,73.57,1.0
10779,99,32,2599,198,840.27,73.05,1.0
10780,129,49,2629,258,840.26,80.41,1.0
10781,104,33,2604,208,840.25,76.04,1.0
10782,104,31,2604,208,840.24,76.34,1.0
10783,104,36,2604,208,840.24,76.8,1.0
10784,119,45,2619,238,840.24,76.54,1.0
10785,127,47,2627,254,840.19,80.17,1.0
10786,153,51,2653,306,840.19,84.08,1.0
10787,109,37,2609,218,840.14,73.93,1.0
10788,113,45,2613,226,840.13,80.2,1.0
10789,191,53,2691,382,840.13,89.94,1.0
10790,262,9,2762,524,840.13,136.82,1.0
10791,165,8,2665,330,840.09,117.15,1.0
10792,99,44,2599,198,840.07,73.38,1.0
10793,104,35,2604,208,840.06,76.41,1.0
10794,104,38,2604,208,840.04,75.99,1.0
10795,151,47,2651,302,839.97,81.42,1.0
10796,200,54,2700,400,839.96,94.6,1.0
10797,269,56,2769,538,839.96,99.72,1.0
10798,109,32,2609,218,839.91,74.54,1.0
10799,5,28,2505,10,839.9,66.83,1.0
10800,126,48,2626,252,839.9,79.69,1.0
10801,145,8,2645,290,839.9,114.85,1.0
10802,133,49,2633,266,839.9,80.62,1.0
10803,96,31,2596,192,839.84,74.87,1.0
10804,264,9,2764,528,839.84,144.29,1.0
10805,138,48,2638,276,839.8,80.91,1.0
10806,136,47,2636,272,839.78,80.79,1.0
10807,139,48,2639,278,839.76,80.52,1.0
10808,109,31,2609,218,839.74,73.87,1.0
10809,115,43,2615,230,839.74,74.19,1.0
10810,118,45,2618,236,839.73,76.96,1.0
10811,224,55,2724,448,839.72,96.98,1.0
10812,104,44,2604,208,839.71,76.93,1.0
10813,209,8,2709,418,839.71,128.63,1.0
10814,235,54,2735,470,839.71,98.62,1.0
10815,104,43,2604,208,839.7,76.16,1.0
10816,99,41,2599,198,839.7,73.72,1.0
10817,117,45,2617,234,839.68,75.68,1.0
10818,157,8,2657,314,839.67,117.1,1.0
10819,104,37,2604,208,839.66,77.43,1.0
10820,99,43,2599,198,839.66,73.37,1.0
10821,162,49,2662,324,839.65,85.51,1.0
10822,104,41,2604,208,839.64,76.72,1.0
10823,99,37,2599,198,839.63,73.31,1.0
10824,115,35,2615,230,839.62,74.09,1.0
10825,247,9,2747,494,839.62,136.83,1.0
10826,96,39,2596,192,839.61,75.18,1.0
10827,99,7,2599,198,839.61,102.79,1.0
10828,96,44,2596,192,839.6,75.01,1.0
10829,104,39,2604,208,839.59,77.22,1.0
10830,290,55,2790,580,839.58,102.4,1.0
10831,272,55,2772,544,839.55,103.41,1.0
10832,138,8,2638,276,839.54,113.1,1.0
10833,147,8,2647,294,839.53,114.9,1.0
10834,96,37,2596,192,839.52,74.25,1.0
10835,121,45,2621,242,839.49,77.05,1.0
10836,268,9,2768,536,839.48,135.91,1.0
10837,115,41,2615,230,839.47,74.44,1.0
10838,240,54,2740,480,839.45,96.82,1.0
10839,115,40,2615,230,839.43,74.81,1.0
10840,62,29,2562,124,839.42,72.42,1.0
10841,62,7,2562,124,839.4,95.61,1.0
10842,115,44,2615,230,839.4,74.33,1.0
10843,115,32,2615,230,839.38,74.1,1.0
10844,216,53,2716,432,839.37,92.8,1.0
10845,115,38,2615,230,839.32,74.55,1.0
10846,108,46,2608,216,839.31,75.53,1.0
10847,8,28,2508,16,839.27,67.07,1.0
10848,104,32,2604,208,839.27,76.22,1.0
10849,115,39,2615,230,839.27,73.58,1.0
10850,115,37,2615,230,839.26,74.42,1.0
10851,115,33,2615,230,839.25,74.41,1.0
10852,252,55,2752,504,839.22,100.79,1.0
10853,99,40,2599,198,839.19,73.55,1.0
10854,99,42,2599,198,839.19,73.55,1.0
10855,104,42,2604,208,839.18,76.29,1.0
10856,96,30,2596,192,839.18,74.99,1.0
10857,187,51,2687,374,839.18,88.87,1.0
10858,96,32,2596,192,839.17,74.93,1.0
10859,170,8,2670,340,839.16,120.06,1.0
10860,193,53,2693,386,839.15,90.26,1.0
10861,106,38,2606,212,839.13,75.36,1.0
10862,180,51,2680,360,839.13,84.61,1.0
10863,204,53,2704,408,839.12,94.27,1.0
10864,99,34,2599,198,839.11,73.26,1.0
10865,142,50,2642,284,839.1,82.08,1.0
10866,96,34,2596,192,839.09,74.62,1.0
10867,106,40,2606,212,839.07,75.67,1.0
10868,96,36,2596,192,839.03,74.32,1.0
10869,111,46,2611,222,839.03,75.11,1.0
10870,79,7,2579,158,839.0,102.32,1.0
10871,96,35,2596,192,838.99,74.13,1.0
10872,106,43,2606,212,838.99,75.37,1.0
10873,115,36,2615,230,838.99,73.88,1.0
10874,190,52,2690,380,838.99,90.58,1.0
10875,210,9,2710,420,838.98,128.03,1.0
10876,104,40,2604,208,838.96,76.72,1.0
10877,115,34,2615,230,838.96,73.56,1.0
10878,276,56,2776,552,838.94,104.97,1.0
10879,90,7,2590,180,838.88,101.64,1.0
10880,96,38,2596,192,838.88,74.19,1.0
10881,202,53,2702,404,838.88,90.4,1.0
10882,0,28,2500,0,838.87,66.55,1.0
10883,96,33,2596,192,838.84,74.61,1.0
10884,106,42,2606,212,838.84,76.17,1.0
10885,144,51,2644,288,838.83,82.78,1.0
10886,215,53,2715,430,838.8,94.9,1.0
10887,58,29,2558,116,838.78,70.48,1.0
10888,104,34,2604,208,838.75,76.31,1.0
10889,115,31,2615,230,838.75,73.24,1.0
10890,4,28,2504,8,838.74,65.98,1.0
10891,96,42,2596,192,838.71,75.01,1.0
10892,135,49,2635,270,838.7,80.64,1.0
10893,279,56,2779,558,838.68,104.23,1.0
10894,106,34,2606,212,838.66,75.69,1.0
10895,205,54,2705,410,838.66,91.03,1.0
10896,98,39,2598,196,838.63,73.36,1.0
10897,98,33,2598,196,838.62,73.64,1.0
10898,76,7,2576,152,838.6,95.45,1.0
10899,248,55,2748,496,838.57,95.94,1.0
10900,143,47,2643,286,838.52,81.67,1.0
10901,181,53,2681,362,838.5,87.98,1.0
10902,95,7,2595,190,838.47,103.09,1.0
10903,96,43,2596,192,838.46,74.75,1.0
10904,106,35,2606,212,838.46,75.5,1.0
10905,106,30,2606,212,838.43,75.67,1.0
10906,106,31,2606,212,838.39,76.11,1.0
10907,96,7,2596,192,838.38,103.06,1.0
10908,297,55,2797,594,838.38,103.91,1.0
10909,165,52,2665,330,838.35,85.25,1.0
10910,96,41,2596,192,838.33,75.12,1.0
10911,195,53,2695,390,838.33,91.14,1.0
10912,96,40,2596,192,838.29,74.54,1.0
10913,115,30,2615,230,838.29,73.42,1.0
10914,106,39,2606,212,838.27,75.18,1.0
10915,115,42,2615,230,838.27,73.35,1.0
10916,212,55,2712,424,838.25,94.17,1.0
10917,266,56,2766,532,838.19,100.06,1.0
10918,106,44,2606,212,838.13,75.0,1.0
10919,227,9,2727,454,838.13,125.34,1.0
10920,201,53,2701,402,838.13,89.64,1.0
10921,0,6,2500,0,838.11,74.43,1.0
10922,280,55,2780,560,838.11,103.72,1.0
10923,61,7,2561,122,838.08,94.16,1.0
10924,84,7,2584,168,838.07,100.34,1.0
10925,225,54,2725,450,838.07,97.88,1.0
10926,106,41,2606,212,838.06,74.97,1.0
10927,232,55,2732,464,838.03,97.29,1.0
10928,106,37,2606,212,838.02,75.2,1.0
10929,242,9,2742,484,838.01,137.19,1.0
10930,114,47,2614,228,838.0,75.33,1.0
10931,227,53,2727,454,837.98,93.45,1.0
10932,110,39,2610,220,837.97,76.15,1.0
10933,106,32,2606,212,837.96,75.51,1.0
10934,254,55,2754,508,837.94,99.97,1.0
10935,98,44,2598,196,837.93,73.24,1.0
10936,106,33,2606,212,837.9,75.52,1.0
10937,112,46,2612,224,837.87,76.07,1.0
10938,168,8,2668,336,837.86,121.32,1.0
10939,124,47,2624,248,837.81,79.32,1.0
10940,251,9,2751,502,837.81,134.77,1.0
10941,106,36,2606,212,837.8,75.54,1.0
10942,292,56,2792,584,837.79,102.86,1.0
10943,149,8,2649,298,837.73,113.46,1.0
10944,110,42,2610,220,837.72,76.67,1.0
10945,98,43,2598,196,837.71,73.44,1.0
10946,98,37,2598,196,837.69,72.87,1.0
10947,143,8,2643,286,837.69,115.45,1.0
10948,237,54,2737,474,837.63,96.88,1.0
10949,110,31,2610,220,837.6,76.78,1.0
10950,156,49,2656,312,837.6,85.71,1.0
10951,255,54,2755,510,837.59,99.57,1.0
10952,98,30,2598,196,837.58,73.6,1.0
10953,211,52,2711,422,837.56,92.49,1.0
10954,102,33,2602,204,837.55,75.07,1.0
10955,141,48,2641,282,837.55,79.46,1.0
10956,98,40,2598,196,837.54,73.79,1.0
10957,184,8,2684,368,837.54,121.18,1.0
10958,163,51,2663,326,837.54,84.38,1.0
10959,208,52,2708,416,837.54,92.46,1.0
10960,188,50,2688,376,837.53,90.06,1.0
10961,206,54,2706,412,837.53,93.68,1.0
10962,182,53,2682,364,837.46,89.91,1.0
10963,158,49,2658,316,837.44,81.94,1.0
10964,174,51,2674,348,837.43,88.54,1.0
10965,130,47,2630,260,837.38,78.58,1.0
10966,294,56,2794,588,837.31,104.62,1.0
10967,98,38,2598,196,837.29,73.51,1.0
10968,98,36,2598,196,837.28,73.33,1.0
10969,220,54,2720,440,837.24,97.09,1.0
10970,110,35,2610,220,837.23,76.38,1.0
10971,61,29,2561,122,837.21,72.65,1.0
10972,250,55,2750,500,837.21,101.45,1.0
10973,15,6,2515,30,837.18,79.53,1.0
10974,142,8,2642,284,837.18,114.04,1.0
10975,98,31,2598,196,837.14,74.02,1.0
10976,110,33,2610,220,837.13,77.33,1.0
10977,118,46,2618,236,837.12,77.12,1.0
10978,110,43,2610,220,837.09,76.56,1.0
10979,116,46,2616,232,837.08,76.55,1.0
10980,53,29,2553,106,837.07,71.99,1.0
10981,213,8,2713,426,837.06,129.86,1.0
10982,102,40,2602,204,837.04,75.11,1.0
10983,218,54,2718,436,837.03,95.55,1.0
10984,172,51,2672,344,837.02,87.72,1.0
10985,98,35,2598,196,837.01,73.08,1.0
10986,102,44,2602,204,837.0,75.12,1.0
10987,140,50,2640,280,836.99,82.76,1.0
10988,110,41,2610,220,836.96,77.34,1.0
10989,110,40,2610,220,836.89,76.69,1.0
10990,132,49,2632,264,836.86,82.47,1.0
10991,43,29,2543,86,836.83,70.75,1.0
10992,98,34,2598,196,836.83,73.59,1.0
10993,198,9,2698,396,836.83,126.22,1.0
10994,98,32,2598,196,836.82,74.0,1.0
10995,193,8,2693,386,836.82,123.45,1.0
10996,261,9,2761,522,836.81,140.89,1.0
10997,110,30,2610,220,836.8,76.58,1.0
10998,110,32,2610,220,836.79,77.59,1.0
10999,101,46,2601,202,836.79,77.07,1.0
11000,110,36,2610,220,836.73,76.65,1.0
11001,102,32,2602,204,836.72,75.19,1.0
11002,123,46,2623,246,836.72,80.23,1.0
11003,128,48,2628,256,836.72,82.84,1.0
11004,185,53,2685,370,836.72,91.25,1.0
11005,159,8,2659,318,836.71,119.38,1.0
11006,136,48,2636,272,836.7,81.76,1.0
11007,110,44,2610,220,836.69,76.22,1.0
11008,160,53,2660,320,836.69,85.35,1.0
11009,102,37,2602,204,836.68,75.08,1.0
11010,243,55,2743,486,836.68,96.26,1.0
11011,159,50,2659,318,836.66,84.61,1.0
11012,102,35,2602,204,836.65,75.58,1.0
11013,99,45,2599,198,836.65,73.59,1.0
11014,230,55,2730,460,836.65,96.2,1.0
11015,149,49,2649,298,836.63,81.98,1.0
11016,167,52,2667,334,836.6,86.51,1.0
11017,102,31,2602,204,836.57,75.38,1.0
11018,102,38,2602,204,836.57,75.82,1.0
11019,9,6,2509,18,836.56,78.74,1.0
11020,102,36,2602,204,836.56,75.43,1.0
11021,104,45,2604,208,836.56,76.4,1.0
11022,98,42,2598,196,836.55,73.65,1.0
11023,176,52,2676,352,836.53,88.11,1.0
11024,110,34,2610,220,836.51,77.16,1.0
11025,67,29,2567,134,836.44,73.05,1.0
11026,3,6,2503,6,836.42,76.87,1.0
11027,98,7,2598,196,836.41,102.65,1.0
11028,54,29,2554,108,836.4,71.16,1.0
11029,98,41,2598,196,836.4,72.78,1.0
11030,157,49,2657,314,836.39,86.79,1.0
11031,197,54,2697,394,836.37,93.65,1.0
11032,102,41,2602,204,836.34,75.72,1.0
11033,102,42,2602,204,836.33,75.28,1.0
11034,150,8,2650,300,836.32,114.36,1.0
11035,263,55,2763,526,836.31,102.63,1.0
11036,94,7,2594,188,836.29,101.69,1.0
11037,102,43,2602,204,836.26,76.26,1.0
11038,179,8,2679,358,836.26,121.8,1.0
11039,134,48,2634,268,836.25,82.42,1.0
11040,176,8,2676,352,836.25,120.34,1.0
11041,268,56,2768,536,836.24,102.45,1.0
11042,234,54,2734,468,836.23,92.65,1.0
11043,110,38,2610,220,836.2,77.51,1.0
11044,78,7,2578,156,836.18,97.36,1.0
11045,137,49,2637,274,836.17,80.16,1.0
11046,271,56,2771,542,836.17,102.91,1.0
11047,110,37,2610,220,836.16,77.19,1.0
11048,207,54,2707,414,836.1,96.04,1.0
11049,242,55,2742,484,836.1,99.12,1.0
11050,257,54,2757,514,836.09,98.91,1.0
11051,102,30,2602,204,836.08,75.64,1.0
11052,267,56,2767,534,836.08,104.1,1.0
11053,241,56,2741,482,836.07,100.67,1.0
11054,96,45,2596,192,836.06,75.46,1.0
11055,50,29,2550,100,836.04,72.13,1.0
11056,166,51,2666,332,836.03,85.53,1.0
11057,256,9,2756,512,836.0,138.54,1.0
11058,115,45,2615,230,835.96,74.56,1.0
11059,109,45,2609,218,835.92,75.74,1.0
11060,150,48,2650,300,835.92,81.59,1.0
11061,219,55,2719,438,835.89,95.33,1.0
11062,69,7,2569,138,835.88,96.73,1.0
11063,182,8,2682,364,835.83,122.92,1.0
11064,102,39,2602,204,835.78,75.34,1.0
11065,265,56,2765,530,835.78,103.24,1.0
11066,102,34,2602,204,835.77,75.61,1.0
11067,121,46,2621,242,835.73,77.79,1.0
11068,7,28,2507,14,835.69,66.96,1.0
11069,119,46,2619,238,835.68,77.25,1.0
11070,173,53,2673,346,835.68,86.77,1.0
11071,293,9,2793,586,835.67,139.6,1.0
11072,222,54,2722,444,835.62,96.19,1.0
11073,274,56,2774,548,835.61,103.17,1.0
11074,120,48,2620,240,835.6,78.25,1.0
11075,228,9,2728,456,835.58,131.34,1.0
11076,147,51,2647,294,835.56,83.74,1.0
11077,145,49,2645,290,835.53,83.07,1.0
11078,260,55,2760,520,835.52,102.84,1.0
11079,287,56,2787,574,835.52,103.81,1.0
11080,138,49,2638,276,835.42,81.11,1.0
11081,108,47,2608,216,835.4,75.51,1.0
11082,105,34,2605,210,835.37,75.83,1.0
11083,14,28,2514,28,835.34,67.38,1.0
11084,164,52,2664,328,835.34,87.32,1.0
11085,102,7,2602,204,835.28,104.41,1.0
11086,210,52,2710,420,835.25,90.54,1.0
11087,122,46,2622,244,835.24,78.42,1.0
11088,179,53,2679,358,835.21,89.87,1.0
11089,295,55,2795,590,835.2,104.13,1.0
11090,27,6,2527,54,835.18,84.17,1.0
11091,217,54,2717,434,835.17,94.78,1.0
11092,3,28,2503,6,835.16,66.74,1.0
11093,127,48,2627,254,835.16,80.17,1.0
11094,2,28,2502,4,835.13,66.1,1.0
11095,111,47,2611,222,835.12,75.81,1.0
11096,126,49,2626,252,835.12,80.74,1.0
11097,133,50,2633,266,835.07,81.62,1.0
11098,125,49,2625,250,835.05,78.85,1.0
11099,154,53,2654,308,835.05,87.18,1.0
11100,263,9,2763,526,834.98,134.63,1.0
11101,5,6,2505,10,834.93,74.38,1.0
11102,185,8,2685,370,834.85,123.03,1.0
11103,131,48,2631,262,834.83,78.24,1.0
11104,105,41,2605,210,834.82,75.46,1.0
11105,72,7,2572,144,834.8,98.56,1.0
11106,105,42,2605,210,834.79,75.9,1.0
11107,105,39,2605,210,834.78,75.09,1.0
11108,214,53,2714,428,834.77,91.23,1.0
11109,105,33,2605,210,834.74,75.99,1.0
11110,247,55,2747,494,834.72,101.63,1.0
11111,107,30,2607,214,834.7,73.29,1.0
11112,153,52,2653,306,834.7,84.42,1.0
11113,117,46,2617,234,834.69,76.22,1.0
11114,213,55,2713,426,834.68,94.8,1.0
11115,105,38,2605,210,834.67,75.61,1.0
11116,105,40,2605,210,834.65,74.9,1.0
11117,171,51,2671,342,834.65,87.73,1.0
11118,198,53,2698,396,834.65,91.4,1.0
11119,105,35,2605,210,834.63,75.56,1.0
11120,107,41,2607,214,834.62,73.5,1.0
11121,183,52,2683,366,834.6,89.15,1.0
11122,209,56,2709,418,834.6,98.25,1.0
11123,203,52,2703,406,834.57,92.68,1.0
11124,169,52,2669,338,834.52,87.71,1.0
11125,107,36,2607,214,834.48,73.58,1.0
11126,113,46,2613,226,834.39,80.76,1.0
11127,184,53,2684,368,834.38,88.61,1.0
11128,73,7,2573,146,834.37,96.0,1.0
11129,107,34,2607,214,834.37,73.83,1.0
11130,129,50,2629,258,834.37,81.31,1.0
11131,168,53,2668,336,834.33,86.65,1.0
11132,143,48,2643,286,834.32,82.85,1.0
11133,170,52,2670,340,834.29,85.76,1.0
11134,114,48,2614,228,834.26,75.58,1.0
11135,107,37,2607,214,834.22,74.07,1.0
11136,94,37,2594,188,834.2,74.76,1.0
11137,107,40,2607,214,834.19,73.49,1.0
11138,105,37,2605,210,834.18,75.5,1.0
11139,107,42,2607,214,834.18,73.96,1.0
11140,282,55,2782,564,834.17,105.04,1.0
11141,97,44,2597,194,834.16,75.55,1.0
11142,107,43,2607,214,834.16,75.1,1.0
11143,107,39,2607,214,834.15,74.39,1.0
11144,264,55,2764,528,834.14,103.31,1.0
11145,64,7,2564,128,834.12,94.08,1.0
11146,112,47,2612,224,834.11,77.12,1.0
11147,161,53,2661,322,834.11,86.16,1.0
11148,94,43,2594,188,834.08,74.44,1.0
11149,105,32,2605,210,834.05,75.76,1.0
11150,97,32,2597,194,833.97,75.85,1.0
11151,107,31,2607,214,833.96,73.67,1.0
11152,196,54,2696,392,833.95,91.03,1.0
11153,148,50,2648,296,833.94,82.61,1.0
11154,97,35,2597,194,833.91,75.5,1.0
11155,189,53,2689,378,833.91,90.37,1.0
11156,94,30,2594,188,833.89,74.64,1.0
11157,91,7,2591,182,833.88,103.31,1.0
11158,105,43,2605,210,833.82,75.65,1.0
11159,105,44,2605,210,833.81,75.74,1.0
11160,300,55,2800,600,833.81,107.12,1.0
11161,107,38,2607,214,833.79,74.01,1.0
11162,283,56,2783,566,833.79,105.8,1.0
11163,94,34,2594,188,833.75,74.2,1.0
11164,199,53,2699,398,833.73,91.44,1.0
11165,106,45,2606,212,833.72,75.47,1.0
11166,146,8,2646,292,833.72,116.15,1.0
11167,94,44,2594,188,833.7,74.6,1.0
11168,151,48,2651,302,833.66,82.18,1.0
11169,105,36,2605,210,833.64,75.79,1.0
11170,107,44,2607,214,833.63,73.75,1.0
11171,105,31,2605,210,833.61,76.32,1.0
11172,97,38,2597,194,833.6,75.73,1.0
11173,255,9,2755,510,833.58,132.18,1.0
11174,162,50,2662,324,833.56,86.76,1.0
11175,206,8,2706,412,833.56,125.16,1.0
11176,102,45,2602,204,833.53,76.55,1.0
11177,97,31,2597,194,833.53,76.28,1.0
11178,223,55,2723,446,833.51,94.72,1.0
11179,190,53,2690,380,833.49,90.41,1.0
11180,100,33,2600,200,833.48,74.25,1.0
11181,124,48,2624,248,833.48,80.91,1.0
11182,152,51,2652,304,833.46,86.24,1.0
11183,107,35,2607,214,833.44,74.08,1.0
11184,97,36,2597,194,833.42,75.65,1.0
11185,281,56,2781,562,833.42,102.29,1.0
11186,94,42,2594,188,833.39,74.57,1.0
11187,94,33,2594,188,833.37,74.55,1.0
11188,94,38,2594,188,833.37,74.91,1.0
11189,107,32,2607,214,833.35,74.08,1.0
11190,175,8,2675,350,833.35,119.45,1.0
11191,177,53,2677,354,833.35,87.98,1.0
11192,94,32,2594,188,833.34,74.3,1.0
11193,140,51,2640,280,833.32,83.08,1.0
11194,187,52,2687,374,833.32,90.31,1.0
11195,105,30,2605,210,833.31,75.71,1.0
11196,94,39,2594,188,833.3,75.06,1.0
11197,96,46,2596,192,833.3,75.52,1.0
11198,110,45,2610,220,833.25,76.9,1.0
11199,100,42,2600,200,833.23,74.8,1.0
11200,231,54,2731,462,833.21,95.48,1.0
11201,228,55,2728,456,833.21,94.91,1.0
11202,94,35,2594,188,833.16,74.73,1.0
11203,94,40,2594,188,833.16,73.87,1.0
11204,97,39,2597,194,833.16,76.17,1.0
11205,128,49,2628,256,833.14,84.25,1.0
11206,107,33,2607,214,833.08,74.19,1.0
11207,141,8,2641,282,833.05,110.98,1.0
11208,109,46,2609,218,833.04,74.98,1.0
11209,97,37,2597,194,833.03,75.61,1.0
11210,134,49,2634,268,833.01,83.1,1.0
11211,158,8,2658,316,833.0,116.63,1.0
11212,236,55,2736,472,833.0,99.83,1.0
11213,94,41,2594,188,832.99,74.41,1.0
11214,251,55,2751,502,832.99,101.02,1.0
11215,97,41,2597,194,832.97,76.17,1.0
11216,229,55,2729,458,832.96,96.52,1.0
11217,286,56,2786,572,832.94,104.16,1.0
11218,139,49,2639,278,832.91,81.89,1.0
11219,97,43,2597,194,832.86,75.64,1.0
11220,19,6,2519,38,832.83,78.98,1.0
11221,13,6,2513,26,832.83,78.76,1.0
11222,258,56,2758,516,832.82,104.24,1.0
11223,155,52,2655,310,832.8,85.7,1.0
11224,101,47,2601,202,832.79,77.36,1.0
11225,100,43,2600,200,832.75,74.88,1.0
11226,94,36,2594,188,832.72,74.71,1.0
11227,16,6,2516,32,832.66,80.4,1.0
11228,99,46,2599,198,832.66,74.84,1.0
11229,146,50,2646,292,832.62,83.15,1.0
11230,97,40,2597,194,832.61,75.52,1.0
11231,100,44,2600,200,832.61,74.53,1.0
11232,244,56,2744,488,832.59,98.86,1.0
11233,97,34,2597,194,832.56,75.88,1.0
11234,94,31,2594,188,832.55,74.59,1.0
11235,97,42,2597,194,832.54,75.88,1.0
11236,98,45,2598,196,832.51,74.25,1.0
11237,192,54,2692,384,832.51,90.25,1.0
11238,97,33,2597,194,832.5,75.41,1.0
11239,113,47,2613,226,832.5,80.74,1.0
11240,132,50,2632,264,832.48,83.47,1.0
11241,121,47,2621,242,832.45,77.95,1.0
11242,100,34,2600,200,832.45,74.64,1.0
11243,116,47,2616,232,832.42,77.17,1.0
11244,253,9,2753,506,832.42,134.67,1.0
11245,97,30,2597,194,832.41,75.38,1.0
11246,277,56,2777,554,832.39,103.84,1.0
11247,108,48,2608,216,832.35,77.26,1.0
11248,284,9,2784,568,832.33,138.57,1.0
11249,100,39,2600,200,832.32,74.79,1.0
11250,100,30,2600,200,832.31,75.39,1.0
11251,136,49,2636,272,832.28,81.67,1.0
11252,130,48,2630,260,832.27,78.93,1.0
11253,175,53,2675,350,832.23,88.02,1.0
11254,277,9,2777,554,832.22,138.48,1.0
11255,181,54,2681,362,832.18,89.46,1.0
11256,135,50,2635,270,832.12,80.98,1.0
11257,178,54,2678,356,832.09,89.58,1.0
11258,125,50,2625,250,832.03,80.08,1.0
11259,100,32,2600,200,832.02,74.75,1.0
11260,259,55,2759,518,831.89,101.72,1.0
11261,100,35,2600,200,831.87,75.68,1.0
11262,118,47,2618,236,831.84,78.79,1.0
11263,87,33,2587,174,831.83,72.2,1.0
11264,183,8,2683,366,831.81,120.53,1.0
11265,141,49,2641,282,831.8,79.99,1.0
11266,149,50,2649,298,831.79,82.5,1.0
11267,270,57,2770,540,831.79,106.18,1.0
11268,100,38,2600,200,831.77,75.11,1.0
11269,64,29,2564,128,831.69,71.34,1.0
11270,173,8,2673,346,831.69,117.09,1.0
11271,51,29,2551,102,831.67,71.53,1.0
11272,233,55,2733,466,831.64,100.47,1.0
11273,211,53,2711,422,831.63,93.43,1.0
11274,275,57,2775,550,831.62,106.19,1.0
11275,150,49,2650,300,831.6,82.33,1.0
11276,100,36,2600,200,831.59,74.35,1.0
11277,87,7,2587,174,831.58,99.76,1.0
11278,166,8,2666,332,831.57,118.66,1.0
11279,246,56,2746,492,831.56,100.35,1.0
11280,87,31,2587,174,831.51,72.48,1.0
11281,87,34,2587,174,831.51,72.74,1.0
11282,100,41,2600,200,831.49,74.89,1.0
11283,186,53,2686,372,831.49,90.49,1.0
11284,44,29,2544,88,831.46,68.94,1.0
11285,87,30,2587,174,831.46,72.38,1.0
11286,289,56,2789,578,831.44,104.02,1.0
11287,87,36,2587,174,831.43,72.44,1.0
11288,278,56,2778,556,831.41,105.56,1.0
11289,120,49,2620,240,831.4,79.39,1.0
11290,45,29,2545,90,831.39,69.36,1.0
11291,156,50,2656,312,831.39,87.17,1.0
11292,181,8,2681,362,831.37,121.52,1.0
11293,87,35,2587,174,831.35,72.92,1.0
11294,272,9,2772,544,831.35,141.78,1.0
11295,193,54,2693,386,831.34,91.58,1.0
11296,86,7,2586,172,831.33,100.78,1.0
11297,115,46,2615,230,831.33,75.93,1.0
11298,142,51,2642,284,831.32,83.63,1.0
11299,204,54,2704,408,831.32,94.94,1.0
11300,288,57,2788,576,831.31,107.16,1.0
11301,158,50,2658,316,831.3,82.9,1.0
11302,177,8,2677,354,831.29,122.88,1.0
11303,100,31,2600,200,831.28,75.45,1.0
11304,47,7,2547,94,831.27,90.46,1.0
11305,4,6,2504,8,831.24,75.93,1.0
11306,83,7,2583,166,831.24,101.66,1.0
11307,87,37,2587,174,831.19,72.81,1.0
11308,291,56,2791,582,831.19,106.08,1.0
11309,97,45,2597,194,831.18,75.88,1.0
11310,205,55,2705,410,831.18,93.49,1.0
11311,100,37,2600,200,831.17,73.84,1.0
11312,262,56,2762,524,831.16,99.02,1.0
11313,87,43,2587,174,831.15,72.15,1.0
11314,200,55,2700,400,831.14,96.47,1.0
11315,87,41,2587,174,831.12,72.7,1.0
11316,195,54,2695,390,831.09,92.48,1.0
11317,180,52,2680,360,831.04,85.69,1.0
11318,123,47,2623,246,831.0,81.68,1.0
11319,87,38,2587,174,830.96,72.46,1.0
11320,188,51,2688,376,830.94,91.11,1.0
11321,102,46,2602,204,830.92,76.49,1.0
11322,21,6,2521,42,830.9,81.53,1.0
11323,87,40,2587,174,830.9,73.21,1.0
11324,157,50,2657,314,830.89,87.54,1.0
11325,162,8,2662,324,830.88,122.04,1.0
11326,112,48,2612,224,830.86,77.1,1.0
11327,202,54,2702,404,830.83,91.77,1.0
11328,144,52,2644,288,830.81,84.54,1.0
11329,105,45,2605,210,830.76,77.2,1.0
11330,245,56,2745,490,830.76,101.14,1.0
11331,100,40,2600,200,830.73,75.09,1.0
11332,104,46,2604,208,830.7,77.38,1.0
11333,114,49,2614,228,830.7,76.12,1.0
11334,119,47,2619,238,830.68,78.17,1.0
11335,159,51,2659,318,830.64,85.95,1.0
11336,174,52,2674,348,830.63,90.51,1.0
11337,106,46,2606,212,830.59,76.4,1.0
11338,117,47,2617,234,830.57,76.79,1.0
11339,216,54,2716,432,830.56,93.66,1.0
11340,87,44,2587,174,830.54,72.22,1.0
11341,87,32,2587,174,830.5,73.62,1.0
11342,87,42,2587,174,830.44,72.64,1.0
11343,90,34,2590,180,830.39,74.32,1.0
11344,160,54,2660,320,830.37,87.53,1.0
11345,179,54,2679,358,830.36,90.05,1.0
11346,60,29,2560,120,830.34,73.11,1.0
11347,90,39,2590,180,830.32,74.08,1.0
11348,265,9,2765,530,830.31,139.97,1.0
11349,131,49,2631,262,830.29,79.48,1.0
11350,298,57,2798,596,830.26,111.5,1.0
11351,133,51,2633,266,830.2,83.24,1.0
11352,215,54,2715,430,830.15,95.53,1.0
11353,90,30,2590,180,830.13,73.9,1.0
11354,164,53,2664,328,830.13,88.17,1.0
11355,2,6,2502,4,830.11,74.87,1.0
11356,147,52,2647,294,830.11,84.89,1.0
11357,87,39,2587,174,830.1,73.84,1.0
11358,145,50,2645,290,830.08,83.71,1.0
11359,95,32,2595,190,830.07,76.77,1.0
11360,111,48,2611,222,830.07,76.95,1.0
11361,95,36,2595,190,830.04,76.32,1.0
11362,90,36,2590,180,830.02,73.91,1.0
11363,94,45,2594,188,830.0,74.69,1.0
11364,191,8,2691,382,829.97,124.04,1.0
11365,191,54,2691,382,829.97,92.4,1.0
11366,194,55,2694,388,829.94,92.33,1.0
11367,238,55,2738,476,829.86,97.26,1.0
11368,127,49,2627,254,829.82,81.2,1.0
11369,95,31,2595,190,829.81,76.15,1.0
11370,99,47,2599,198,829.8,74.98,1.0
11371,208,53,2708,416,829.8,93.61,1.0
11372,137,50,2637,274,829.78,80.92,1.0
11373,296,56,2796,592,829.75,101.26,1.0
11374,95,43,2595,190,829.74,76.42,1.0
11375,95,39,2595,190,829.68,76.12,1.0
11376,95,38,2595,190,829.64,76.78,1.0
11377,90,38,2590,180,829.64,74.71,1.0
11378,90,33,2590,180,829.63,74.31,1.0
11379,253,55,2753,506,829.63,99.46,1.0
11380,95,41,2595,190,829.62,75.69,1.0
11381,167,53,2667,334,829.62,86.84,1.0
11382,284,56,2784,568,829.61,104.0,1.0
11383,261,56,2761,522,829.6,106.8,1.0
11384,201,54,2701,402,829.59,92.2,1.0
11385,235,55,2735,470,829.58,100.24,1.0
11386,166,52,2666,332,829.47,85.57,1.0
11387,90,32,2590,180,829.46,74.0,1.0
11388,92,7,2592,184,829.46,100.73,1.0
11389,57,7,2557,114,829.43,93.67,1.0
11390,227,54,2727,454,829.43,95.05,1.0
11391,7,6,2507,14,829.42,75.9,1.0
11392,95,33,2595,190,829.42,76.18,1.0
11393,95,42,2595,190,829.4,75.54,1.0
11394,90,35,2590,180,829.39,74.02,1.0
11395,103,40,2603,206,829.39,75.93,1.0
11396,101,48,2601,202,829.38,78.34,1.0
11397,221,54,2721,442,829.38,97.8,1.0
11398,90,44,2590,180,829.37,74.08,1.0
11399,90,40,2590,180,829.3,74.11,1.0
11400,12,6,2512,24,829.27,80.4,1.0
11401,95,44,2595,190,829.27,76.05,1.0
11402,143,49,2643,286,829.27,83.01,1.0
11403,95,35,2595,190,829.25,76.24,1.0
11404,182,54,2682,364,829.25,91.53,1.0
11405,212,56,2712,424,829.25,96.61,1.0
11406,218,55,2718,436,829.25,96.6,1.0
11407,90,31,2590,180,829.17,74.03,1.0
11408,107,45,2607,214,829.17,74.62,1.0
11409,163,52,2663,326,829.16,86.29,1.0
11410,95,40,2595,190,829.15,75.99,1.0
11411,122,47,2622,244,829.15,79.45,1.0
11412,170,53,2670,340,829.15,86.67,1.0
11413,176,53,2676,352,829.15,89.48,1.0
11414,95,34,2595,190,829.13,76.49,1.0
11415,57,29,2557,114,829.11,71.49,1.0
11416,239,55,2739,478,829.1,98.25,1.0
11417,90,41,2590,180,829.07,74.07,1.0
11418,95,37,2595,190,829.05,76.82,1.0
11419,165,53,2665,330,829.03,86.78,1.0
11420,171,52,2671,342,828.97,87.26,1.0
11421,285,56,2785,570,828.92,104.34,1.0
11422,196,8,2696,392,828.88,123.67,1.0
11423,224,56,2724,448,828.85,99.12,1.0
11424,232,56,2732,464,828.85,98.67,1.0
11425,103,44,2603,206,828.82,76.46,1.0
11426,98,46,2598,196,828.78,75.31,1.0
11427,103,30,2603,206,828.74,76.04,1.0
11428,100,45,2600,200,828.74,74.89,1.0
11429,109,47,2609,218,828.66,75.97,1.0
11430,90,37,2590,180,828.62,74.21,1.0
11431,87,45,2587,174,828.62,72.73,1.0
11432,18,6,2518,36,828.61,79.51,1.0
11433,95,30,2595,190,828.61,76.27,1.0
11434,126,50,2626,252,828.58,81.52,1.0
11435,185,54,2685,370,828.58,93.12,1.0
11436,299,56,2799,598,828.56,111.05,1.0
11437,90,42,2590,180,828.45,74.55,1.0
11438,138,50,2638,276,828.42,82.68,1.0
11439,168,54,2668,336,828.4,87.69,1.0
11440,103,33,2603,206,828.39,76.96,1.0
11441,173,54,2673,346,828.37,87.97,1.0
11442,126,7,2626,252,828.34,109.6,1.0
11443,240,55,2740,480,828.34,99.16,1.0
11444,103,43,2603,206,828.27,75.74,1.0
11445,263,56,2763,526,828.27,104.2,1.0
11446,103,37,2603,206,828.25,76.16,1.0
11447,118,48,2618,236,828.24,78.8,1.0
11448,103,34,2603,206,828.18,76.44,1.0
11449,90,43,2590,180,828.15,74.13,1.0
11450,255,55,2755,510,828.15,100.6,1.0
11451,293,57,2793,586,828.14,109.21,1.0
11452,103,41,2603,206,828.11,76.81,1.0
11453,128,50,2628,256,828.11,84.99,1.0
11454,249,57,2749,498,828.09,104.16,1.0
11455,89,7,2589,178,828.06,99.72,1.0
11456,220,55,2720,440,827.97,99.04,1.0
11457,172,52,2672,344,827.96,89.56,1.0
11458,135,51,2635,270,827.94,80.62,1.0
11459,108,49,2608,216,827.93,78.35,1.0
11460,116,48,2616,232,827.9,78.26,1.0
11461,290,56,2790,580,827.89,105.35,1.0
11462,29,6,2529,58,827.87,85.13,1.0
11463,140,52,2640,280,827.86,84.2,1.0
11464,254,56,2754,508,827.82,103.17,1.0
11465,206,55,2706,412,827.8,94.66,1.0
11466,108,7,2608,216,827.79,105.47,1.0
11467,103,36,2603,206,827.78,76.68,1.0
11468,103,39,2603,206,827.77,76.62,1.0
11469,96,47,2596,192,827.73,76.04,1.0
11470,125,51,2625,250,827.7,80.45,1.0
11471,154,54,2654,308,827.69,88.04,1.0
11472,129,51,2629,258,827.66,81.64,1.0
11473,102,47,2602,204,827.61,76.6,1.0
11474,269,57,2769,538,827.6,100.61,1.0
11475,103,42,2603,206,827.58,76.55,1.0
11476,103,35,2603,206,827.56,76.26,1.0
11477,97,7,2597,194,827.56,105.13,1.0
11478,67,7,2567,134,827.53,95.62,1.0
11479,172,8,2672,344,827.53,121.26,1.0
11480,199,54,2699,398,827.51,91.86,1.0
11481,278,9,2778,556,827.5,142.38,1.0
11482,77,7,2577,154,827.49,98.65,1.0
11483,104,7,2604,208,827.49,106.8,1.0
11484,110,46,2610,220,827.49,77.86,1.0
11485,210,53,2710,420,827.47,92.18,1.0
11486,115,47,2615,230,827.45,75.88,1.0
11487,136,50,2636,272,827.44,83.35,1.0
11488,256,56,2756,512,827.42,101.11,1.0
11489,219,56,2719,438,827.4,96.4,1.0
11490,121,48,2621,242,827.37,78.88,1.0
11491,103,38,2603,206,827.35,75.87,1.0
11492,248,56,2748,496,827.32,99.08,1.0
11493,113,48,2613,226,827.3,82.33,1.0
11494,103,32,2603,206,827.24,76.39,1.0
11495,148,51,2648,296,827.23,84.4,1.0
11496,226,55,2726,452,827.2,97.99,1.0
11497,10,6,2510,20,827.15,76.43,1.0
11498,225,55,2725,450,827.15,98.67,1.0
11499,272,56,2772,544,827.13,105.28,1.0
11500,132,51,2632,264,827.12,84.41,1.0
11501,117,48,2617,234,827.11,77.74,1.0
11502,103,31,2603,206,826.96,76.37,1.0
11503,30,6,2530,60,826.95,85.86,1.0
11504,99,48,2599,198,826.95,75.93,1.0
11505,202,8,2702,404,826.9,125.37,1.0
11506,6,28,2506,12,826.89,67.46,1.0
11507,207,55,2707,414,826.89,96.54,1.0
11508,280,9,2780,560,826.87,140.05,1.0
11509,88,7,2588,176,826.85,103.83,1.0
11510,265,57,2765,530,826.84,105.29,1.0
11511,257,55,2757,514,826.83,101.15,1.0
11512,187,8,2687,374,826.82,119.34,1.0
11513,297,56,2797,594,826.79,104.43,1.0
11514,184,54,2684,368,826.78,90.25,1.0
11515,146,51,2646,292,826.76,83.75,1.0
11516,17,6,2517,34,826.73,79.43,1.0
11517,130,49,2630,260,826.7,79.47,1.0
11518,94,46,2594,188,826.69,75.72,1.0
11519,103,7,2603,206,826.69,105.6,1.0
11520,266,57,2766,532,826.65,102.51,1.0
11521,268,57,2768,536,826.64,103.81,1.0
11522,234,55,2734,468,826.63,94.36,1.0
11523,243,56,2743,486,826.58,97.85,1.0
11524,48,29,2548,96,826.55,70.73,1.0
11525,85,7,2585,170,826.53,98.72,1.0
11526,112,7,2612,224,826.52,107.1,1.0
11527,134,50,2634,268,826.51,85.43,1.0
11528,95,45,2595,190,826.5,76.61,1.0
11529,189,8,2689,378,826.49,125.39,1.0
11530,239,9,2739,478,826.44,131.76,1.0
11531,105,46,2605,210,826.43,77.12,1.0
11532,156,51,2656,312,826.43,87.7,1.0
11533,200,8,2700,400,826.4,130.09,1.0
11534,237,55,2737,474,826.33,98.69,1.0
11535,123,48,2623,246,826.3,81.72,1.0
11536,271,57,2771,542,826.3,103.79,1.0
11537,124,49,2624,248,826.27,81.25,1.0
11538,151,49,2651,302,826.26,82.96,1.0
11539,169,53,2669,338,826.25,89.59,1.0
11540,162,51,2662,324,826.25,88.28,1.0
11541,279,57,2779,558,826.23,107.11,1.0
11542,114,50,2614,228,826.21,77.52,1.0
11543,209,57,2709,418,826.2,98.75,1.0
11544,197,55,2697,394,826.19,95.11,1.0
11545,96,48,2596,192,826.15,76.5,1.0
11546,158,51,2658,316,826.12,83.51,1.0
11547,97,46,2597,194,826.05,76.71,1.0
11548,153,53,2653,306,826.04,85.77,1.0
11549,90,45,2590,180,826.01,74.31,1.0
11550,230,56,2730,460,825.98,97.63,1.0
11551,260,56,2760,520,825.94,104.93,1.0
11552,37,29,2537,74,825.91,71.52,1.0
11553,260,9,2760,520,825.91,142.27,1.0
11554,89,38,2589,178,825.85,74.93,1.0
11555,217,55,2717,434,825.85,95.46,1.0
11556,111,49,2611,222,825.82,78.2,1.0
11557,214,54,2714,428,825.81,91.71,1.0
11558,104,47,2604,208,825.79,77.79,1.0
11559,120,50,2620,240,825.74,80.73,1.0
11560,33,6,2533,66,825.73,88.31,1.0
11561,124,7,2624,248,825.73,107.05,1.0
11562,250,56,2750,500,825.72,103.53,1.0
11563,82,7,2582,164,825.71,97.67,1.0
11564,252,56,2752,504,825.69,102.47,1.0
11565,119,48,2619,238,825.67,78.92,1.0
11566,92,34,2592,184,825.66,74.03,1.0
11567,107,46,2607,214,825.64,75.88,1.0
11568,273,55,2773,546,825.57,103.19,1.0
11569,11,6,2511,22,825.55,77.06,1.0
11570,161,54,2661,322,825.54,87.07,1.0
11571,24,6,2524,48,825.47,82.74,1.0
11572,276,57,2776,552,825.46,106.99,1.0
11573,189,54,2689,378,825.45,91.95,1.0
11574,151,8,2651,302,825.44,114.8,1.0
11575,150,50,2650,300,825.43,83.22,1.0
11576,89,40,2589,178,825.42,75.52,1.0
11577,139,50,2639,278,825.36,82.12,1.0
11578,89,39,2589,178,825.31,75.47,1.0
11579,283,9,2783,566,825.3,140.7,1.0
11580,89,35,2589,178,825.28,74.89,1.0
11581,155,53,2655,310,825.27,87.02,1.0
11582,89,31,2589,178,825.23,75.33,1.0
11583,192,8,2692,384,825.18,127.07,1.0
11584,100,46,2600,200,825.12,76.15,1.0
11585,152,52,2652,304,825.11,87.45,1.0
11586,141,50,2641,282,825.1,81.45,1.0
11587,203,53,2703,406,825.09,93.8,1.0
11588,106,47,2606,212,825.08,77.49,1.0
11589,20,6,2520,40,825.03,81.66,1.0
11590,287,57,2787,574,825.01,106.38,1.0
11591,89,37,2589,178,825.0,75.29,1.0
11592,159,52,2659,318,824.99,86.16,1.0
11593,92,39,2592,184,824.98,73.81,1.0
11594,89,30,2589,178,824.96,75.21,1.0
11595,190,54,2690,380,824.92,91.94,1.0
11596,89,44,2589,178,824.88,74.8,1.0
11597,112,49,2612,224,824.88,77.85,1.0
11598,109,48,2609,218,824.87,77.21,1.0
11599,294,57,2794,588,824.84,106.31,1.0
11600,269,9,2769,538,824.83,137.34,1.0
11601,122,48,2622,244,824.82,79.95,1.0
11602,274,9,2774,548,824.81,140.46,1.0
11603,241,57,2741,482,824.8,101.56,1.0
11604,92,37,2592,184,824.77,74.39,1.0
11605,92,31,2592,184,824.76,73.64,1.0
11606,196,55,2696,392,824.76,92.89,1.0
11607,137,51,2637,274,824.75,82.19,1.0
11608,89,33,2589,178,824.74,74.82,1.0
11609,149,51,2649,298,824.72,83.96,1.0
11610,40,29,2540,80,824.69,71.1,1.0
11611,89,43,2589,178,824.66,74.67,1.0
11612,92,30,2592,184,824.65,74.33,1.0
11613,106,7,2606,212,824.63,104.43,1.0
11614,142,52,2642,284,824.63,84.86,1.0
11615,92,38,2592,184,824.6,73.8,1.0
11616,74,7,2574,148,824.58,100.24,1.0
11617,95,46,2595,190,824.57,77.02,1.0
11618,87,46,2587,174,824.56,74.01,1.0
11619,89,34,2589,178,824.56,75.15,1.0
11620,192,55,2692,384,824.54,91.55,1.0
11621,92,42,2592,184,824.51,73.85,1.0
11622,101,49,2601,202,824.51,78.43,1.0
11623,213,56,2713,426,824.5,97.01,1.0
11624,89,42,2589,178,824.43,74.51,1.0
11625,183,53,2683,366,824.43,89.56,1.0
11626,92,32,2592,184,824.42,74.42,1.0
11627,220,8,2720,440,824.42,132.96,1.0
11628,280,56,2780,560,824.41,104.48,1.0
11629,89,32,2589,178,824.37,74.36,1.0
11630,92,36,2592,184,824.35,74.87,1.0
11631,242,56,2742,484,824.35,101.51,1.0
11632,131,50,2631,262,824.34,79.53,1.0
11633,92,41,2592,184,824.32,73.97,1.0
11634,91,39,2591,182,824.31,75.55,1.0
11635,174,8,2674,348,824.3,121.86,1.0
11636,103,45,2603,206,824.27,77.18,1.0
11637,138,51,2638,276,824.27,83.4,1.0
11638,92,44,2592,184,824.23,74.33,1.0
11639,89,41,2589,178,824.22,75.36,1.0
11640,92,35,2592,184,824.19,74.62,1.0
11641,198,54,2698,396,824.19,92.67,1.0
11642,98,47,2598,196,824.17,75.52,1.0
11643,92,33,2592,184,824.15,74.51,1.0
11644,292,57,2792,584,824.14,104.77,1.0
11645,91,36,2591,182,824.13,75.5,1.0
11646,133,52,2633,266,824.08,83.78,1.0
11647,267,57,2767,534,824.05,105.06,1.0
11648,91,37,2591,182,824.0,75.73,1.0
11649,92,43,2592,184,823.99,74.47,1.0
11650,105,7,2605,210,823.99,104.69,1.0
11651,222,55,2722,444,823.99,97.64,1.0
11652,279,9,2779,558,823.97,140.34,1.0
11653,91,43,2591,182,823.96,75.64,1.0
11654,110,47,2610,220,823.95,78.77,1.0
11655,91,42,2591,182,823.91,75.36,1.0
11656,175,54,2675,350,823.89,88.71,1.0
11657,91,32,2591,182,823.88,74.52,1.0
11658,91,31,2591,182,823.86,74.64,1.0
11659,116,49,2616,232,823.83,79.58,1.0
11660,287,9,2787,574,823.83,142.75,1.0
11661,91,33,2591,182,823.76,75.1,1.0
11662,91,34,2591,182,823.76,75.37,1.0
11663,197,8,2697,394,823.73,129.79,1.0
11664,111,7,2611,222,823.67,103.9,1.0
11665,186,8,2686,372,823.67,125.17,1.0
11666,8,6,2508,16,823.65,76.23,1.0
11667,89,36,2589,178,823.64,74.94,1.0
11668,91,41,2591,182,823.63,76.16,1.0
11669,164,54,2664,328,823.63,89.61,1.0
11670,177,54,2677,354,823.63,89.39,1.0
11671,92,40,2592,184,823.62,74.33,1.0
11672,124,50,2624,248,823.57,82.07,1.0
11673,187,53,2687,374,823.57,90.87,1.0
11674,163,53,2663,326,823.55,87.18,1.0
11675,84,30,2584,168,823.5,72.72,1.0
11676,94,47,2594,188,823.46,75.97,1.0
11677,46,29,2546,92,823.44,71.25,1.0
11678,91,40,2591,182,823.44,75.21,1.0
11679,97,47,2597,194,823.44,76.41,1.0
11680,91,38,2591,182,823.43,75.48,1.0
11681,43,6,2543,86,823.41,88.6,1.0
11682,234,9,2734,468,823.41,130.21,1.0
11683,300,56,2800,600,823.41,109.46,1.0
11684,292,9,2792,584,823.33,143.01,1.0
11685,84,42,2584,168,823.32,74.56,1.0
11686,264,56,2764,528,823.32,103.8,1.0
11687,91,44,2591,182,823.29,74.68,1.0
11688,100,7,2600,200,823.28,105.01,1.0
11689,145,51,2645,290,823.28,85.09,1.0
11690,106,48,2606,212,823.23,77.93,1.0
11691,105,47,2605,210,823.21,77.3,1.0
11692,102,48,2602,204,823.19,78.2,1.0
11693,228,56,2728,456,823.14,96.35,1.0
11694,26,6,2526,52,823.12,84.2,1.0
11695,99,49,2599,198,823.04,76.67,1.0
11696,288,9,2788,576,823.03,143.21,1.0
11697,29,29,2529,58,823.02,71.53,1.0
11698,114,7,2614,228,823.02,108.96,1.0
11699,91,30,2591,182,823.0,75.37,1.0
11700,230,8,2730,460,822.96,130.4,1.0
11701,224,8,2724,448,822.93,130.26,1.0
11702,286,9,2786,572,822.92,137.18,1.0
11703,178,55,2678,356,822.9,90.55,1.0
11704,194,56,2694,388,822.89,93.53,1.0
11705,91,35,2591,182,822.87,75.08,1.0
11706,129,52,2629,258,822.85,83.12,1.0
11707,126,51,2626,252,822.84,82.6,1.0
11708,84,40,2584,168,822.79,74.16,1.0
11709,127,50,2627,254,822.79,82.29,1.0
11710,202,55,2702,404,822.79,93.11,1.0
11711,84,43,2584,168,822.78,73.98,1.0
11712,188,52,2688,376,822.78,91.95,1.0
11713,160,7,2660,320,822.77,118.73,1.0
11714,121,49,2621,242,822.75,80.16,1.0
11715,200,56,2700,400,822.75,96.72,1.0
11716,282,56,2782,564,822.75,107.37,1.0
11717,84,33,2584,168,822.74,74.07,1.0
11718,31,29,2531,62,822.69,71.25,1.0
11719,84,34,2584,168,822.69,73.52,1.0
11720,144,53,2644,288,822.66,86.44,1.0
11721,143,50,2643,286,822.65,84.18,1.0
11722,201,55,2701,402,822.65,91.91,1.0
11723,84,31,2584,168,822.64,73.2,1.0
11724,84,35,2584,168,822.64,73.88,1.0
11725,84,38,2584,168,822.6,73.56,1.0
11726,90,46,2590,180,822.59,74.89,1.0
11727,285,9,2785,570,822.58,142.74,1.0
11728,84,44,2584,168,822.56,73.5,1.0
11729,193,55,2693,386,822.55,93.39,1.0
11730,295,56,2795,590,822.52,105.69,1.0
11731,170,54,2670,340,822.51,88.72,1.0
11732,101,50,2601,202,822.45,79.34,1.0
11733,115,48,2615,230,822.43,76.88,1.0
11734,148,52,2648,296,822.41,84.57,1.0
11735,113,49,2613,226,822.37,82.99,1.0
11736,113,7,2613,226,822.36,109.31,1.0
11737,182,55,2682,364,822.36,92.41,1.0
11738,84,39,2584,168,822.33,73.28,1.0
11739,165,54,2665,330,822.33,88.05,1.0
11740,251,56,2751,502,822.32,102.5,1.0
11741,84,32,2584,168,822.31,74.09,1.0
11742,160,55,2660,320,822.31,88.03,1.0
11743,167,54,2667,334,822.29,88.73,1.0
11744,180,53,2680,360,822.27,88.02,1.0
11745,211,54,2711,422,822.26,94.71,1.0
11746,218,8,2718,436,822.26,129.52,1.0
11747,157,51,2657,314,822.24,87.77,1.0
11748,223,56,2723,446,822.22,96.79,1.0
11749,84,37,2584,168,822.19,73.17,1.0
11750,118,49,2618,236,822.16,79.87,1.0
11751,129,7,2629,258,822.13,111.53,1.0
11752,30,29,2530,60,822.1,70.71,1.0
11753,291,9,2791,582,822.08,141.78,1.0
11754,289,57,2789,578,822.05,105.85,1.0
11755,35,29,2535,70,822.03,70.03,1.0
11756,236,56,2736,472,821.95,101.01,1.0
11757,158,52,2658,316,821.92,85.6,1.0
11758,130,50,2630,260,821.91,81.0,1.0
11759,84,36,2584,168,821.87,73.58,1.0
11760,84,41,2584,168,821.83,73.13,1.0
11761,174,53,2674,348,821.82,91.19,1.0
11762,221,55,2721,442,821.8,99.33,1.0
11763,38,29,2538,76,821.78,70.59,1.0
11764,109,49,2609,218,821.78,77.5,1.0
11765,34,29,2534,68,821.74,69.82,1.0
11766,104,48,2604,208,821.73,78.09,1.0
11767,179,55,2679,358,821.72,91.59,1.0
11768,191,55,2691,382,821.72,93.17,1.0
11769,122,49,2622,244,821.71,80.36,1.0
11770,247,56,2747,494,821.66,103.12,1.0
11771,33,29,2533,66,821.63,71.37,1.0
11772,171,8,2671,342,821.61,117.49,1.0
11773,141,51,2641,282,821.6,82.36,1.0
11774,286,57,2786,572,821.59,105.28,1.0
11775,181,55,2681,362,821.56,90.66,1.0
11776,156,52,2656,312,821.55,88.18,1.0
11777,41,29,2541,82,821.53,71.66,1.0
11778,100,47,2600,200,821.53,77.0,1.0
11779,108,50,2608,216,821.52,78.58,1.0
11780,89,45,2589,178,821.51,74.84,1.0
11781,258,57,2758,516,821.48,104.91,1.0
11782,128,51,2628,256,821.46,85.32,1.0
11783,132,52,2632,264,821.45,85.14,1.0
11784,204,55,2704,408,821.45,96.24,1.0
11785,176,54,2676,352,821.43,90.64,1.0
11786,186,54,2686,372,821.39,93.19,1.0
11787,147,53,2647,294,821.38,85.22,1.0
11788,112,50,2612,224,821.29,77.99,1.0
11789,195,55,2695,390,821.26,94.53,1.0
11790,172,53,2672,344,821.22,91.01,1.0
11791,114,51,2614,228,821.18,77.59,1.0
11792,166,53,2666,332,821.15,87.44,1.0
11793,134,51,2634,268,821.14,86.8,1.0
11794,283,57,2783,566,821.14,107.31,1.0
11795,125,52,2625,250,821.11,81.1,1.0
11796,87,47,2587,174,821.06,74.38,1.0
11797,103,46,2603,206,821.06,77.57,1.0
11798,117,49,2617,234,821.06,78.22,1.0
11799,31,6,2531,62,821.0,85.92,1.0
11800,215,55,2715,430,820.95,97.4,1.0
11801,171,53,2671,342,820.93,89.64,1.0
11802,208,54,2708,416,820.93,94.38,1.0
11803,98,48,2598,196,820.92,75.88,1.0
11804,154,55,2654,308,820.9,88.85,1.0
11805,119,49,2619,238,820.85,79.42,1.0
11806,231,55,2731,462,820.84,97.39,1.0
11807,136,51,2636,272,820.83,84.74,1.0
11808,81,41,2581,162,820.82,73.25,1.0
11809,111,50,2611,222,820.76,78.85,1.0
11810,22,6,2522,44,820.75,82.75,1.0
11811,277,57,2777,554,820.68,104.53,1.0
11812,140,53,2640,280,820.67,86.51,1.0
11813,81,31,2581,162,820.62,73.12,1.0
11814,81,32,2581,162,820.62,72.55,1.0
11815,116,50,2616,232,820.47,79.99,1.0
11816,125,7,2625,250,820.42,108.88,1.0
11817,84,45,2584,168,820.4,74.33,1.0
11818,229,56,2729,458,820.39,98.21,1.0
11819,81,37,2581,162,820.37,73.83,1.0
11820,223,8,2723,446,820.37,127.71,1.0
11821,184,55,2684,368,820.36,91.35,1.0
11822,86,40,2586,172,820.35,75.13,1.0
11823,232,8,2732,464,820.35,132.73,1.0
11824,86,44,2586,172,820.34,76.16,1.0
11825,110,48,2610,220,820.31,79.04,1.0
11826,34,6,2534,68,820.27,84.38,1.0
11827,253,56,2753,506,820.26,100.69,1.0
11828,81,33,2581,162,820.25,73.66,1.0
11829,92,45,2592,184,820.23,73.59,1.0
11830,185,55,2685,370,820.22,94.19,1.0
11831,86,33,2586,172,820.19,75.7,1.0
11832,226,8,2726,452,820.17,131.66,1.0
11833,95,47,2595,190,820.16,77.3,1.0
11834,124,51,2624,248,820.16,81.56,1.0
11835,206,56,2706,412,820.15,96.01,1.0
11836,216,55,2716,432,820.15,95.9,1.0
11837,274,57,2774,548,820.15,104.79,1.0
11838,155,54,2655,310,820.11,87.3,1.0
11839,244,57,2744,488,820.11,101.91,1.0
11840,81,44,2581,162,820.09,72.69,1.0
11841,135,52,2635,270,820.07,82.59,1.0
11842,146,52,2646,292,820.05,84.06,1.0
11843,81,34,2581,162,820.03,73.46,1.0
11844,96,49,2596,192,820.03,77.17,1.0
11845,91,45,2591,182,819.99,75.65,1.0
11846,81,38,2581,162,819.97,73.88,1.0
11847,219,8,2719,438,819.96,125.57,1.0
11848,278,57,2778,556,819.96,106.26,1.0
11849,21,29,2521,42,819.95,69.37,1.0
11850,109,7,2609,218,819.94,105.05,1.0
11851,81,42,2581,162,819.91,72.86,1.0
11852,169,54,2669,338,819.91,90.63,1.0
11853,245,57,2745,490,819.9,102.1,1.0
11854,81,30,2581,162,819.89,73.53,1.0
11855,168,55,2668,336,819.88,90.08,1.0
11856,86,42,2586,172,819.84,76.16,1.0
11857,226,56,2726,452,819.84,98.77,1.0
11858,199,55,2699,398,819.83,93.32,1.0
11859,39,29,2539,78,819.81,71.21,1.0
11860,107,47,2607,214,819.78,76.76,1.0
11861,233,56,2733,466,819.77,102.75,1.0
11862,86,35,2586,172,819.75,76.35,1.0
11863,86,37,2586,172,819.75,76.57,1.0
11864,139,51,2639,278,819.72,83.67,1.0
11865,152,53,2652,304,819.72,88.81,1.0
11866,238,56,2738,476,819.72,98.11,1.0
11867,258,8,2758,516,819.72,137.18,1.0
11868,86,36,2586,172,819.69,76.75,1.0
11869,81,43,2581,162,819.67,73.85,1.0
11870,211,8,2711,422,819.67,130.07,1.0
11871,81,35,2581,162,819.65,73.01,1.0
11872,88,31,2588,176,819.65,76.79,1.0
11873,81,36,2581,162,819.63,72.85,1.0
11874,86,32,2586,172,819.57,76.18,1.0
11875,86,39,2586,172,819.57,75.63,1.0
11876,117,7,2617,234,819.54,107.18,1.0
11877,218,56,2718,436,819.53,98.62,1.0
11878,105,48,2605,210,819.51,78.07,1.0
11879,259,56,2759,518,819.5,103.93,1.0
11880,299,57,2799,598,819.5,112.74,1.0
11881,81,39,2581,162,819.49,72.89,1.0
11882,108,51,2608,216,819.49,79.43,1.0
11883,123,49,2623,246,819.49,82.5,1.0
11884,120,51,2620,240,819.46,81.33,1.0
11885,150,51,2650,300,819.41,84.31,1.0
11886,159,53,2659,318,819.38,86.66,1.0
11887,88,43,2588,176,819.37,76.22,1.0
11888,275,58,2775,550,819.37,108.9,1.0
11889,81,40,2581,162,819.34,72.94,1.0
11890,239,56,2739,478,819.29,99.73,1.0
11891,86,31,2586,172,819.27,75.56,1.0
11892,88,41,2588,176,819.27,76.51,1.0
11893,293,58,2793,586,819.27,110.96,1.0
11894,86,30,2586,172,819.25,75.72,1.0
11895,86,34,2586,172,819.22,76.19,1.0
11896,97,48,2597,194,819.22,77.14,1.0
11897,86,38,2586,172,819.2,76.77,1.0
11898,273,9,2773,546,819.17,138.22,1.0
11899,151,50,2651,302,819.15,83.72,1.0
11900,261,57,2761,522,819.15,107.62,1.0
11901,246,57,2746,492,819.14,101.45,1.0
11902,227,55,2727,454,819.09,96.16,1.0
11903,25,6,2525,50,819.08,85.38,1.0
11904,6,6,2506,12,819.04,75.53,1.0
11905,212,57,2712,424,819.02,96.95,1.0
11906,86,41,2586,172,818.98,75.91,1.0
11907,86,43,2586,172,818.98,75.9,1.0
11908,94,48,2594,188,818.97,76.78,1.0
11909,232,57,2732,464,818.95,101.19,1.0
11910,262,57,2762,524,818.91,100.95,1.0
11911,88,42,2588,176,818.88,76.66,1.0
11912,90,47,2590,180,818.81,75.41,1.0
11913,27,29,2527,54,818.79,70.62,1.0
11914,205,56,2705,410,818.79,94.59,1.0
11915,162,52,2662,324,818.77,89.38,1.0
11916,127,7,2627,254,818.74,111.26,1.0
11917,243,57,2743,486,818.73,98.89,1.0
11918,88,32,2588,176,818.71,76.59,1.0
11919,71,37,2571,142,818.71,71.8,1.0
11920,196,56,2696,392,818.71,94.29,1.0
11921,110,7,2610,220,818.67,109.18,1.0
11922,101,51,2601,202,818.67,79.11,1.0
11923,145,52,2645,290,818.67,85.88,1.0
11924,88,40,2588,176,818.66,76.76,1.0
11925,37,6,2537,74,818.64,87.66,1.0
11926,199,8,2699,398,818.61,125.6,1.0
11927,87,48,2587,174,818.58,75.36,1.0
11928,254,57,2754,508,818.58,103.78,1.0
11929,220,56,2720,440,818.57,100.33,1.0
11930,42,29,2542,84,818.56,70.87,1.0
11931,161,55,2661,322,818.56,88.65,1.0
11932,137,52,2637,274,818.56,82.82,1.0
11933,235,56,2735,470,818.55,102.59,1.0
11934,131,51,2631,262,818.54,81.01,1.0
11935,138,52,2638,276,818.54,84.62,1.0
11936,240,56,2740,480,818.54,99.21,1.0
11937,222,8,2722,444,818.5,131.13,1.0
11938,32,6,2532,64,818.49,84.53,1.0
11939,190,8,2690,380,818.49,125.37,1.0
11940,115,49,2615,230,818.48,77.4,1.0
11941,126,52,2626,252,818.48,84.0,1.0
11942,71,32,2571,142,818.44,72.65,1.0
11943,88,44,2588,176,818.42,76.57,1.0
11944,88,34,2588,176,818.41,76.34,1.0
11945,205,8,2705,410,818.41,125.79,1.0
11946,300,9,2800,600,818.38,145.9,1.0
11947,88,30,2588,176,818.37,76.25,1.0
11948,71,35,2571,142,818.33,72.05,1.0
11949,142,53,2642,284,818.33,85.03,1.0
11950,71,36,2571,142,818.32,71.83,1.0
11951,71,42,2571,142,818.32,71.95,1.0
11952,127,51,2627,254,818.31,83.87,1.0
11953,28,6,2528,56,818.29,84.02,1.0
11954,71,31,2571,142,818.29,72.1,1.0
11955,102,49,2602,204,818.25,78.74,1.0
11956,88,39,2588,176,818.24,76.81,1.0
11957,192,56,2692,384,818.24,93.66,1.0
11958,88,35,2588,176,818.22,76.9,1.0
11959,24,29,2524,48,818.2,69.82,1.0
11960,88,36,2588,176,818.2,76.22,1.0
11961,285,57,2785,570,818.19,105.86,1.0
11962,109,50,2609,218,818.17,78.04,1.0
11963,173,55,2673,346,818.17,89.77,1.0
11964,180,8,2680,360,818.14,118.49,1.0
11965,270,58,2770,540,818.12,106.56,1.0
11966,225,56,2725,450,818.11,99.9,1.0
11967,133,7,2633,266,818.1,114.21,1.0
11968,167,55,2667,334,818.06,89.91,1.0
11969,23,6,2523,46,818.05,81.73,1.0
11970,71,33,2571,142,818.05,71.8,1.0
11971,291,57,2791,582,818.05,108.73,1.0
11972,88,38,2588,176,818.04,76.67,1.0
11973,197,56,2697,394,818.03,96.04,1.0
11974,248,57,2748,496,818.01,99.16,1.0
11975,183,54,2683,366,817.96,91.45,1.0
11976,288,58,2788,576,817.94,108.61,1.0
11977,80,7,2580,160,817.91,100.56,1.0
11978,76,36,2576,152,817.91,74.11,1.0
11979,71,30,2571,142,817.89,72.02,1.0
11980,76,31,2576,152,817.83,73.07,1.0
11981,88,33,2588,176,817.82,77.61,1.0
11982,89,46,2589,178,817.82,76.22,1.0
11983,118,50,2618,236,817.82,80.53,1.0
11984,119,7,2619,238,817.78,109.76,1.0
11985,256,57,2756,512,817.76,103.02,1.0
11986,281,57,2781,562,817.73,104.76,1.0
11987,76,30,2576,152,817.72,73.6,1.0
11988,95,48,2595,190,817.71,78.08,1.0
11989,195,8,2695,390,817.67,125.85,1.0
11990,207,56,2707,414,817.66,98.35,1.0
11991,106,49,2606,212,817.65,77.72,1.0
11992,129,53,2629,258,817.58,84.35,1.0
11993,26,29,2526,52,817.57,71.21,1.0
11994,210,54,2710,420,817.57,93.93,1.0
11995,270,8,2770,540,817.55,138.86,1.0
11996,76,32,2576,152,817.54,72.85,1.0
11997,76,41,2576,152,817.5,72.53,1.0
11998,224,57,2724,448,817.46,99.67,1.0
11999,76,43,2576,152,817.45,72.98,1.0
12000,71,41,2571,142,817.45,72.39,1.0
12001,107,48,2607,214,817.45,77.06,1.0
12002,153,54,2653,306,817.41,87.37,1.0
12003,188,53,2688,376,817.41,93.61,1.0
12004,14,6,2514,28,817.39,81.22,1.0
12005,100,48,2600,200,817.39,76.86,1.0
12006,71,34,2571,142,817.38,72.36,1.0
12007,219,57,2719,438,817.38,98.46,1.0
12008,177,55,2677,354,817.37,91.37,1.0
12009,71,6,2571,142,817.35,95.95,1.0
12010,88,37,2588,176,817.31,76.4,1.0
12011,85,42,2585,170,817.3,75.19,1.0
12012,76,38,2576,152,817.28,73.08,1.0
12013,198,55,2698,396,817.27,93.33,1.0
12014,187,54,2687,374,817.26,92.16,1.0
12015,98,49,2598,196,817.24,76.39,1.0
12016,230,57,2730,460,817.24,98.7,1.0
12017,86,45,2586,172,817.23,76.32,1.0
12018,144,7,2644,288,817.23,113.86,1.0
12019,133,53,2633,266,817.21,84.63,1.0
12020,76,34,2576,152,817.2,72.56,1.0
12021,76,37,2576,152,817.17,73.31,1.0
12022,71,43,2571,142,817.16,72.44,1.0
12023,71,40,2571,142,817.14,71.91,1.0
12024,112,51,2612,224,817.14,79.27,1.0
12025,71,44,2571,142,817.12,72.42,1.0
12026,85,44,2585,170,817.09,76.0,1.0
12027,71,39,2571,142,817.07,72.19,1.0
12028,110,49,2610,220,817.05,80.03,1.0
12029,71,38,2571,142,817.02,71.31,1.0
12030,19,29,2519,38,816.93,68.66,1.0
12031,92,46,2592,184,816.92,75.04,1.0
12032,75,40,2575,150,816.92,72.37,1.0
12033,85,37,2585,170,816.9,74.77,1.0
12034,76,44,2576,152,816.9,72.17,1.0
12035,85,41,2585,170,816.84,76.33,1.0
12036,116,7,2616,232,816.84,108.63,1.0
12037,203,54,2703,406,816.79,96.33,1.0
12038,36,29,2536,72,816.76,71.99,1.0
12039,163,54,2663,326,816.76,87.64,1.0
12040,250,57,2750,500,816.73,105.37,1.0
12041,84,46,2584,168,816.72,74.77,1.0
12042,85,35,2585,170,816.7,75.8,1.0
12043,263,57,2763,526,816.68,105.79,1.0
12044,85,30,2585,170,816.67,76.28,1.0
12045,75,31,2575,150,816.67,73.3,1.0
12046,76,39,2576,152,816.67,72.82,1.0
12047,148,53,2648,296,816.67,86.17,1.0
12048,255,56,2755,510,816.66,102.1,1.0
12049,273,56,2773,546,816.64,103.9,1.0
12050,85,32,2585,170,816.6,75.01,1.0
12051,103,47,2603,206,816.57,77.76,1.0
12052,104,49,2604,208,816.56,79.44,1.0
12053,272,57,2772,544,816.56,105.89,1.0
12054,119,50,2619,238,816.55,79.32,1.0
12055,157,52,2657,314,816.55,88.68,1.0
12056,128,52,2628,256,816.54,86.59,1.0
12057,107,7,2607,214,816.52,105.39,1.0
12058,113,50,2613,226,816.51,83.88,1.0
12059,76,33,2576,152,816.5,72.97,1.0
12060,180,54,2680,360,816.49,88.43,1.0
12061,75,35,2575,150,816.45,72.89,1.0
12062,91,46,2591,182,816.42,75.8,1.0
12063,76,40,2576,152,816.42,72.99,1.0
12064,164,55,2664,328,816.42,91.36,1.0
12065,32,29,2532,64,816.41,70.86,1.0
12066,114,52,2614,228,816.41,78.31,1.0
12067,76,35,2576,152,816.38,72.37,1.0
12068,85,40,2585,170,816.37,76.4,1.0
12069,298,58,2798,596,816.37,113.24,1.0
12070,85,33,2585,170,816.35,75.21,1.0
12071,117,50,2617,234,816.35,79.86,1.0
12072,85,34,2585,170,816.33,75.58,1.0
12073,111,51,2611,222,816.33,79.91,1.0
12074,149,52,2649,298,816.31,84.48,1.0
12075,40,6,2540,80,816.3,84.97,1.0
12076,214,55,2714,428,816.29,94.84,1.0
12077,75,38,2575,150,816.28,72.66,1.0
12078,122,50,2622,244,816.27,81.33,1.0
12079,132,53,2632,264,816.27,86.94,1.0
12080,189,55,2689,378,816.26,94.53,1.0
12081,75,39,2575,150,816.25,73.09,1.0
12082,75,37,2575,150,816.24,73.85,1.0
12083,47,29,2547,94,816.22,71.36,1.0
12084,76,42,2576,152,816.19,73.94,1.0
12085,123,50,2623,246,816.16,83.25,1.0
12086,144,54,2644,288,816.16,86.94,1.0
12087,249,58,2749,498,816.16,106.42,1.0
12088,75,33,2575,150,816.1,72.19,1.0
12089,170,55,2670,340,816.1,89.35,1.0
12090,252,57,2752,504,816.1,103.85,1.0
12091,257,9,2757,514,816.1,138.41,1.0
12092,130,51,2630,260,816.07,81.71,1.0
12093,71,45,2571,142,816.03,71.79,1.0
12094,85,43,2585,170,816.01,75.74,1.0
12095,75,30,2575,150,815.98,72.76,1.0
12096,85,39,2585,170,815.96,75.97,1.0
12097,75,34,2575,150,815.93,72.43,1.0
12098,81,45,2581,162,815.92,73.94,1.0
12099,175,55,2675,350,815.87,89.77,1.0
12100,269,58,2769,538,815.83,102.75,1.0
12101,284,57,2784,568,815.82,105.81,1.0
12102,215,8,2715,430,815.79,128.31,1.0
12103,85,31,2585,170,815.78,76.06,1.0
12104,99,50,2599,198,815.78,77.93,1.0
12105,294,9,2794,588,815.78,138.82,1.0
12106,234,56,2734,468,815.77,96.09,1.0
12107,96,50,2596,192,815.69,78.02,1.0
12108,75,36,2575,150,815.68,72.08,1.0
12109,85,36,2585,170,815.67,76.07,1.0
12110,140,7,2640,280,815.64,114.4,1.0
12111,39,6,2539,78,815.63,87.97,1.0
12112,75,42,2575,150,815.63,72.96,1.0
12113,75,43,2575,150,815.63,73.07,1.0
12114,136,52,2636,272,815.63,85.56,1.0
12115,90,48,2590,180,815.58,76.01,1.0
12116,75,32,2575,150,815.52,72.69,1.0
12117,125,53,2625,250,815.5,82.77,1.0
12118,120,7,2620,240,815.47,109.76,1.0
12119,35,6,2535,70,815.46,84.51,1.0
12120,85,38,2585,170,815.46,75.68,1.0
12121,268,58,2768,536,815.46,106.2,1.0
12122,75,41,2575,150,815.44,72.24,1.0
12123,78,34,2578,156,815.4,73.92,1.0
12124,122,7,2622,244,815.39,108.19,1.0
12125,22,29,2522,44,815.26,70.73,1.0
12126,134,52,2634,268,815.25,86.57,1.0
12127,193,56,2693,386,815.24,93.98,1.0
12128,78,30,2578,156,815.23,73.82,1.0
12129,78,39,2578,156,815.23,74.38,1.0
12130,105,49,2605,210,815.23,78.72,1.0
12131,75,44,2575,150,815.2,72.57,1.0
12132,299,9,2799,598,815.17,145.9,1.0
12133,140,54,2640,280,815.16,87.61,1.0
12134,78,36,2578,156,815.14,73.94,1.0
12135,108,52,2608,216,815.14,79.94,1.0
12136,91,47,2591,182,815.1,76.85,1.0
12137,265,58,2765,530,815.09,106.92,1.0
12138,296,9,2796,592,815.07,142.13,1.0
12139,78,35,2578,156,815.06,74.01,1.0
12140,68,33,2568,136,815.06,73.98,1.0
12141,161,7,2661,322,815.06,117.4,1.0
12142,139,52,2639,278,815.06,85.02,1.0
12143,78,44,2578,156,815.05,74.07,1.0
12144,121,50,2621,242,815.01,81.23,1.0
12145,241,8,2741,482,815.01,136.95,1.0
12146,297,9,2797,594,814.99,138.6,1.0
12147,68,40,2568,136,814.93,73.58,1.0
12148,78,32,2578,156,814.91,74.08,1.0
12149,209,58,2709,418,814.91,99.94,1.0
12150,94,49,2594,188,814.85,77.75,1.0
12151,78,40,2578,156,814.84,74.14,1.0
12152,156,53,2656,312,814.84,89.55,1.0
12153,89,47,2589,178,814.83,76.87,1.0
12154,68,35,2568,136,814.8,73.92,1.0
12155,266,58,2766,532,814.78,104.18,1.0
12156,257,56,2757,514,814.72,102.07,1.0
12157,131,52,2631,262,814.71,81.66,1.0
12158,176,55,2676,352,814.71,93.58,1.0
12159,160,56,2660,320,814.69,89.76,1.0
12160,78,33,2578,156,814.68,73.68,1.0
12161,150,52,2650,300,814.64,84.88,1.0
12162,68,30,2568,136,814.61,74.07,1.0
12163,49,6,2549,98,814.58,92.2,1.0
12164,78,43,2578,156,814.58,74.17,1.0
12165,116,51,2616,232,814.54,80.37,1.0
12166,52,6,2552,104,814.53,91.59,1.0
12167,78,31,2578,156,814.5,74.56,1.0
12168,78,38,2578,156,814.47,73.98,1.0
12169,135,53,2635,270,814.47,82.69,1.0
12170,97,49,2597,194,814.42,77.85,1.0
12171,271,58,2771,542,814.42,105.75,1.0
12172,84,47,2584,168,814.41,76.3,1.0
12173,158,53,2658,316,814.4,86.98,1.0
12174,78,42,2578,156,814.37,73.43,1.0
12175,68,37,2568,136,814.35,73.96,1.0
12176,102,50,2602,204,814.35,79.93,1.0
12177,87,49,2587,174,814.33,76.36,1.0
12178,166,54,2666,332,814.31,88.0,1.0
12179,68,34,2568,136,814.27,73.65,1.0
12180,213,57,2713,426,814.27,98.32,1.0
12181,78,37,2578,156,814.26,74.53,1.0
12182,172,54,2672,344,814.26,91.32,1.0
12183,99,51,2599,198,814.21,78.38,1.0
12184,222,56,2722,444,814.21,99.09,1.0
12185,68,32,2568,136,814.1,74.52,1.0
12186,68,38,2568,136,814.1,74.49,1.0
12187,88,45,2588,176,814.05,77.13,1.0
12188,241,58,2741,482,814.04,104.61,1.0
12189,76,45,2576,152,814.02,73.32,1.0
12190,297,57,2797,594,814.01,107.07,1.0
12191,68,42,2568,136,813.99,74.03,1.0
12192,68,43,2568,136,813.98,73.29,1.0
12193,151,51,2651,302,813.98,84.84,1.0
12194,81,46,2581,162,813.96,73.54,1.0
12195,147,54,2647,294,813.95,86.19,1.0
12196,190,55,2690,380,813.94,94.6,1.0
12197,182,56,2682,364,813.92,93.73,1.0
12198,237,56,2737,474,813.92,101.05,1.0
12199,146,53,2646,292,813.86,85.36,1.0
12200,124,52,2624,248,813.79,82.41,1.0
12201,68,39,2568,136,813.75,73.81,1.0
12202,78,41,2578,156,813.74,74.23,1.0
12203,132,7,2632,264,813.7,113.28,1.0
12204,128,7,2628,256,813.67,112.75,1.0
12205,45,6,2545,90,813.65,87.07,1.0
12206,279,58,2779,558,813.62,107.83,1.0
12207,107,49,2607,214,813.61,78.88,1.0
12208,143,51,2643,286,813.61,85.9,1.0
12209,242,57,2742,484,813.61,102.02,1.0
12210,134,7,2634,268,813.57,116.66,1.0
12211,141,52,2641,282,813.57,83.96,1.0
12212,178,56,2678,356,813.57,93.17,1.0
12213,109,51,2609,218,813.56,79.99,1.0
12214,290,9,2790,580,813.53,144.97,1.0
12215,296,57,2796,592,813.53,103.28,1.0
12216,110,50,2610,220,813.51,80.8,1.0
12217,98,50,2598,196,813.5,78.47,1.0
12218,68,44,2568,136,813.46,73.69,1.0
12219,68,31,2568,136,813.39,74.38,1.0
12220,25,29,2525,50,813.38,71.36,1.0
12221,200,57,2700,400,813.35,97.97,1.0
12222,249,8,2749,498,813.33,136.32,1.0
12223,68,36,2568,136,813.32,73.83,1.0
12224,68,41,2568,136,813.3,73.95,1.0
12225,78,45,2578,156,813.29,74.52,1.0
12226,75,45,2575,150,813.29,72.54,1.0
12227,181,56,2681,362,813.26,91.42,1.0
12228,204,56,2704,408,813.25,96.7,1.0
12229,165,55,2665,330,813.24,89.55,1.0
12230,228,57,2728,456,813.24,97.92,1.0
12231,103,48,2603,206,813.23,79.06,1.0
12232,202,56,2702,404,813.18,95.12,1.0
12233,194,57,2694,388,813.17,95.15,1.0
12234,115,7,2615,230,813.15,106.56,1.0
12235,96,51,2596,192,813.08,78.14,1.0
12236,56,6,2556,112,813.06,91.08,1.0
12237,118,51,2618,236,813.05,82.79,1.0
12238,85,45,2585,170,813.03,76.09,1.0
12239,126,53,2626,252,813.03,84.8,1.0
12240,154,56,2654,308,813.02,90.21,1.0
12241,137,7,2637,274,813.02,113.23,1.0
12242,236,57,2736,472,813.01,102.69,1.0
12243,86,46,2586,172,813.0,76.9,1.0
12244,120,52,2620,240,813.0,81.87,1.0
12245,131,7,2631,262,812.96,109.9,1.0
12246,244,8,2744,488,812.9,134.92,1.0
12247,83,38,2583,166,812.85,76.67,1.0
12248,101,52,2601,202,812.83,80.03,1.0
12249,111,52,2611,222,812.82,79.56,1.0
12250,171,54,2671,342,812.82,90.91,1.0
12251,73,33,2573,146,812.77,73.98,1.0
12252,93,39,2593,186,812.74,76.33,1.0
12253,223,57,2723,446,812.71,98.55,1.0
12254,38,6,2538,76,812.69,87.86,1.0
12255,121,7,2621,242,812.69,110.69,1.0
12256,36,6,2536,72,812.66,86.79,1.0
12257,73,40,2573,146,812.66,74.83,1.0
12258,83,36,2583,166,812.66,77.06,1.0
12259,169,55,2669,338,812.66,92.12,1.0
12260,123,7,2623,246,812.57,111.39,1.0
12261,83,32,2583,166,812.54,77.04,1.0
12262,173,56,2673,346,812.54,90.44,1.0
12263,174,54,2674,348,812.54,92.46,1.0
12264,71,46,2571,142,812.52,72.8,1.0
12265,152,54,2652,304,812.52,89.7,1.0
12266,93,38,2593,186,812.5,76.61,1.0
12267,93,35,2593,186,812.49,75.81,1.0
12268,179,56,2679,358,812.45,93.23,1.0
12269,83,33,2583,166,812.42,77.35,1.0
12270,138,53,2638,276,812.42,84.4,1.0
12271,93,44,2593,186,812.41,76.37,1.0
12272,115,50,2615,230,812.41,78.15,1.0
12273,83,30,2583,166,812.39,77.83,1.0
12274,93,33,2593,186,812.37,76.47,1.0
12275,93,43,2593,186,812.36,75.91,1.0
12276,95,49,2595,190,812.34,79.2,1.0
12277,186,55,2686,372,812.33,94.3,1.0
12278,93,40,2593,186,812.31,76.21,1.0
12279,106,50,2606,212,812.3,79.35,1.0
12280,68,45,2568,136,812.28,74.08,1.0
12281,83,39,2583,166,812.27,77.17,1.0
12282,83,31,2583,166,812.26,77.2,1.0
12283,287,58,2787,574,812.21,108.25,1.0
12284,93,41,2593,186,812.2,75.45,1.0
12285,104,50,2604,208,812.19,80.17,1.0
12286,184,56,2684,368,812.18,92.29,1.0
12287,251,57,2751,502,812.17,104.06,1.0
12288,185,56,2685,370,812.16,94.97,1.0
12289,79,40,2579,158,812.15,77.76,1.0
12290,145,53,2645,290,812.15,87.8,1.0
12291,155,55,2655,310,812.14,88.99,1.0
12292,159,54,2659,318,812.14,88.19,1.0
12293,73,36,2573,146,812.12,74.58,1.0
12294,73,37,2573,146,812.11,75.02,1.0
12295,114,53,2614,228,812.1,79.76,1.0
12296,132,54,2632,264,812.1,87.12,1.0
12297,191,56,2691,382,812.1,96.7,1.0
12298,260,57,2760,520,812.09,106.79,1.0
12299,248,8,2748,496,812.07,132.79,1.0
12300,70,33,2570,140,812.05,73.49,1.0
12301,73,38,2573,146,812.04,74.57,1.0
12302,276,58,2776,552,812.03,110.31,1.0
12303,93,30,2593,186,812.01,76.43,1.0
12304,18,29,2518,36,811.99,67.7,1.0
12305,90,49,2590,180,811.99,76.96,1.0
12306,79,43,2579,158,811.98,78.05,1.0
12307,253,57,2753,506,811.98,102.67,1.0
12308,73,30,2573,146,811.97,73.74,1.0
12309,93,36,2593,186,811.92,76.5,1.0
12310,28,29,2528,56,811.91,70.49,1.0
12311,51,6,2551,102,811.91,90.32,1.0
12312,83,42,2583,166,811.91,76.94,1.0
12313,83,43,2583,166,811.89,77.28,1.0
12314,73,39,2573,146,811.88,74.25,1.0
12315,91,48,2591,182,811.88,77.62,1.0
12316,227,56,2727,454,811.88,96.8,1.0
12317,73,41,2573,146,811.85,74.85,1.0
12318,229,57,2729,458,811.85,99.39,1.0
12319,245,8,2745,490,811.85,135.7,1.0
12320,16,29,2516,32,811.84,69.5,1.0
12321,112,52,2612,224,811.84,79.73,1.0
12322,267,58,2767,534,811.83,107.27,1.0
12323,183,55,2683,366,811.82,92.03,1.0
12324,280,57,2780,560,811.82,106.46,1.0
12325,83,41,2583,166,811.81,78.09,1.0
12326,70,42,2570,140,811.81,72.95,1.0
12327,79,42,2579,158,811.79,77.35,1.0
12328,217,56,2717,434,811.79,97.79,1.0
12329,70,36,2570,140,811.78,73.17,1.0
12330,93,32,2593,186,811.77,75.8,1.0
12331,162,53,2662,324,811.77,90.53,1.0
12332,211,55,2711,422,811.77,97.04,1.0
12333,290,57,2790,580,811.77,106.39,1.0
12334,83,34,2583,166,811.76,76.69,1.0
12335,266,8,2766,532,811.76,137.67,1.0
12336,79,31,2579,158,811.75,77.03,1.0
12337,289,9,2789,578,811.75,139.87,1.0
12338,117,51,2617,234,811.72,80.37,1.0
12339,83,35,2583,166,811.7,77.21,1.0
12340,92,47,2592,184,811.69,75.55,1.0
12341,93,37,2593,186,811.68,76.39,1.0
12342,205,57,2705,410,811.68,95.62,1.0
12343,93,31,2593,186,811.67,75.15,1.0
12344,73,44,2573,146,811.65,74.69,1.0
12345,93,42,2593,186,811.64,76.16,1.0
12346,282,57,2782,564,811.64,109.75,1.0
12347,73,34,2573,146,811.63,74.5,1.0
12348,93,34,2593,186,811.63,75.98,1.0
12349,70,30,2570,140,811.63,73.13,1.0
12350,127,52,2627,254,811.6,83.79,1.0
12351,70,32,2570,140,811.59,73.07,1.0
12352,70,34,2570,140,811.59,72.8,1.0
12353,73,42,2573,146,811.57,74.73,1.0
12354,201,56,2701,402,811.57,94.41,1.0
12355,130,7,2630,260,811.54,109.41,1.0
12356,79,38,2579,158,811.53,78.19,1.0
12357,259,9,2759,518,811.53,137.48,1.0
12358,73,35,2573,146,811.52,74.39,1.0
12359,79,35,2579,158,811.52,77.77,1.0
12360,89,48,2589,178,811.52,77.35,1.0
12361,73,43,2573,146,811.51,74.37,1.0
12362,142,54,2642,284,811.51,86.3,1.0
12363,201,8,2701,402,811.51,126.15,1.0
12364,79,32,2579,158,811.48,77.9,1.0
12365,83,37,2583,166,811.48,76.92,1.0
12366,70,31,2570,140,811.46,72.84,1.0
12367,79,33,2579,158,811.45,78.24,1.0
12368,83,40,2583,166,811.44,77.48,1.0
12369,195,56,2695,390,811.42,95.69,1.0
12370,70,35,2570,140,811.41,73.36,1.0
12371,73,32,2573,146,811.4,73.89,1.0
12372,282,9,2782,564,811.39,139.28,1.0
12373,292,58,2792,584,811.36,107.37,1.0
12374,70,43,2570,140,811.32,72.86,1.0
12375,100,49,2600,200,811.3,78.45,1.0
12376,88,46,2588,176,811.25,77.93,1.0
12377,250,8,2750,500,811.25,138.31,1.0
12378,84,48,2584,168,811.16,76.54,1.0
12379,247,57,2747,494,811.15,104.93,1.0
12380,99,52,2599,198,811.11,79.63,1.0
12381,70,40,2570,140,811.1,72.52,1.0
12382,94,50,2594,188,811.06,78.27,1.0
12383,70,41,2570,140,811.05,73.36,1.0
12384,208,55,2708,416,811.05,95.41,1.0
12385,105,50,2605,210,811.03,79.37,1.0
12386,188,8,2688,376,811.03,124.32,1.0
12387,70,39,2570,140,811.02,72.54,1.0
12388,70,37,2570,140,811.0,73.21,1.0
12389,83,44,2583,166,810.97,77.12,1.0
12390,79,44,2579,158,810.96,77.15,1.0
12391,74,30,2574,148,810.94,75.21,1.0
12392,82,30,2582,164,810.94,74.82,1.0
12393,86,47,2586,172,810.94,77.26,1.0
12394,79,39,2579,158,810.92,78.14,1.0
12395,79,36,2579,158,810.91,77.52,1.0
12396,153,55,2653,306,810.91,88.0,1.0
12397,55,6,2555,110,810.9,92.84,1.0
12398,137,53,2637,274,810.9,84.75,1.0
12399,82,44,2582,164,810.88,74.46,1.0
12400,136,53,2636,272,810.88,85.97,1.0
12401,215,56,2715,430,810.86,97.98,1.0
12402,74,32,2574,148,810.83,75.02,1.0
12403,74,41,2574,148,810.83,74.51,1.0
12404,220,57,2720,440,810.82,101.0,1.0
12405,119,51,2619,238,810.81,80.49,1.0
12406,267,8,2767,534,810.79,141.0,1.0
12407,82,40,2582,164,810.77,74.57,1.0
12408,221,56,2721,442,810.74,101.25,1.0
12409,123,51,2623,246,810.71,84.16,1.0
12410,233,8,2733,466,810.71,133.24,1.0
12411,168,56,2668,336,810.7,91.83,1.0
12412,74,34,2574,148,810.67,74.28,1.0
12413,149,53,2649,298,810.67,84.88,1.0
12414,164,56,2664,328,810.66,92.04,1.0
12415,79,41,2579,158,810.62,77.97,1.0
12416,70,44,2570,140,810.61,73.35,1.0
12417,73,31,2573,146,810.6,74.11,1.0
12418,74,35,2574,148,810.58,75.13,1.0
12419,74,39,2574,148,810.5,74.58,1.0
12420,74,36,2574,148,810.49,74.55,1.0
12421,167,56,2667,334,810.49,90.18,1.0
12422,113,51,2613,226,810.47,84.26,1.0
12423,79,37,2579,158,810.44,78.09,1.0
12424,226,57,2726,452,810.44,100.06,1.0
12425,53,6,2553,106,810.43,90.93,1.0
12426,79,34,2579,158,810.41,77.82,1.0
12427,131,53,2631,262,810.41,83.0,1.0
12428,294,58,2794,588,810.4,107.75,1.0
12429,75,46,2575,150,810.38,73.58,1.0
12430,74,44,2574,148,810.37,74.5,1.0
12431,82,33,2582,164,810.37,75.19,1.0
12432,82,36,2582,164,810.36,75.38,1.0
12433,148,54,2648,296,810.35,87.93,1.0
12434,216,56,2716,432,810.35,96.5,1.0
12435,82,41,2582,164,810.31,74.06,1.0
12436,77,38,2577,154,810.31,73.98,1.0
12437,71,47,2571,142,810.3,73.28,1.0
12438,74,37,2574,148,810.29,74.63,1.0
12439,154,7,2654,308,810.29,116.83,1.0
12440,82,35,2582,164,810.28,75.26,1.0
12441,79,30,2579,158,810.27,77.39,1.0
12442,77,37,2577,154,810.27,73.18,1.0
12443,98,51,2598,196,810.26,77.55,1.0
12444,82,37,2582,164,810.25,74.8,1.0
12445,70,38,2570,140,810.25,72.81,1.0
12446,81,47,2581,162,810.22,74.67,1.0
12447,77,39,2577,154,810.21,72.99,1.0
12448,77,44,2577,154,810.14,73.4,1.0
12449,243,58,2743,486,810.14,100.59,1.0
12450,102,51,2602,204,810.12,79.91,1.0
12451,74,42,2574,148,810.11,75.23,1.0
12452,246,8,2746,492,810.1,134.72,1.0
12453,78,46,2578,156,810.08,74.54,1.0
12454,77,31,2577,154,810.07,73.37,1.0
12455,116,52,2616,232,810.07,81.28,1.0
12456,77,34,2577,154,810.03,73.72,1.0
12457,196,57,2696,392,810.01,96.4,1.0
12458,74,43,2574,148,809.99,74.87,1.0
12459,74,40,2574,148,809.98,74.98,1.0
12460,77,36,2577,154,809.98,73.84,1.0
12461,87,50,2587,174,809.95,76.05,1.0
12462,74,31,2574,148,809.94,75.19,1.0
12463,82,39,2582,164,809.94,74.66,1.0
12464,130,52,2630,260,809.92,82.24,1.0
12465,48,6,2548,96,809.91,89.45,1.0
12466,283,58,2783,566,809.9,108.84,1.0
12467,82,34,2582,164,809.87,74.47,1.0
12468,82,42,2582,164,809.84,74.21,1.0
12469,77,40,2577,154,809.82,72.47,1.0
12470,133,54,2633,266,809.82,86.12,1.0
12471,77,43,2577,154,809.81,73.09,1.0
12472,82,38,2582,164,809.79,74.33,1.0
12473,128,53,2628,256,809.79,87.0,1.0
12474,101,53,2601,202,809.76,81.08,1.0
12475,258,58,2758,516,809.75,107.75,1.0
12476,82,31,2582,164,809.73,74.31,1.0
12477,187,55,2687,374,809.72,93.37,1.0
12478,286,58,2786,572,809.72,107.17,1.0
12479,129,54,2629,258,809.69,86.16,1.0
12480,74,33,2574,148,809.68,75.41,1.0
12481,199,56,2699,398,809.67,95.02,1.0
12482,207,8,2707,414,809.67,132.54,1.0
12483,90,50,2590,180,809.66,76.86,1.0
12484,161,56,2661,322,809.66,90.84,1.0
12485,108,53,2608,216,809.65,80.97,1.0
12486,79,45,2579,158,809.6,77.73,1.0
12487,95,50,2595,190,809.59,79.14,1.0
12488,103,49,2603,206,809.59,79.21,1.0
12489,300,57,2800,600,809.59,111.58,1.0
12490,122,51,2622,244,809.56,82.66,1.0
12491,125,54,2625,250,809.55,84.13,1.0
12492,225,8,2725,450,809.54,135.56,1.0
12493,77,33,2577,154,809.52,72.99,1.0
12494,15,29,2515,30,809.49,69.33,1.0
12495,88,47,2588,176,809.49,77.91,1.0
12496,121,51,2621,242,809.47,81.56,1.0
12497,139,7,2639,278,809.46,111.43,1.0
12498,77,30,2577,154,809.44,73.78,1.0
12499,82,43,2582,164,809.43,73.96,1.0
12500,140,55,2640,280,809.43,87.56,1.0
12501,76,46,2576,152,809.42,73.65,1.0
12502,83,45,2583,166,809.41,78.31,1.0
12503,74,38,2574,148,809.35,74.84,1.0
12504,115,51,2615,230,809.32,79.92,1.0
12505,274,58,2774,548,809.32,106.89,1.0
12506,157,53,2657,314,809.31,90.26,1.0
12507,17,29,2517,34,809.3,69.57,1.0
12508,198,56,2698,396,809.29,96.11,1.0
12509,77,42,2577,154,809.28,72.74,1.0
12510,54,6,2554,108,809.24,90.85,1.0
12511,92,48,2592,184,809.24,76.05,1.0
12512,107,50,2607,214,809.21,78.58,1.0
12513,85,46,2585,170,809.19,76.42,1.0
12514,158,54,2658,316,809.19,87.67,1.0
12515,44,6,2544,88,809.14,89.14,1.0
12516,216,8,2716,432,809.14,128.87,1.0
12517,231,56,2731,462,809.14,98.84,1.0
12518,23,29,2523,46,809.13,68.7,1.0
12519,82,32,2582,164,809.13,74.68,1.0
12520,96,52,2596,192,809.11,80.13,1.0
12521,77,32,2577,154,809.1,73.33,1.0
12522,59,6,2559,118,809.08,92.96,1.0
12523,281,9,2781,562,809.08,135.38,1.0
12524,68,46,2568,136,809.07,74.56,1.0
12525,97,50,2597,194,809.04,78.89,1.0
12526,144,55,2644,288,809.04,87.96,1.0
12527,77,41,2577,154,809.03,73.42,1.0
12528,177,56,2677,354,809.0,93.06,1.0
12529,192,57,2692,384,808.99,94.48,1.0
12530,295,57,2795,590,808.99,106.39,1.0
12531,233,57,2733,466,808.96,103.63,1.0
12532,46,6,2546,92,808.95,88.4,1.0
12533,151,52,2651,302,808.92,85.23,1.0
12534,86,48,2586,172,808.87,77.89,1.0
12535,218,57,2718,436,808.83,101.14,1.0
12536,93,45,2593,186,808.75,76.43,1.0
12537,278,58,2778,556,808.74,107.73,1.0
12538,150,53,2650,300,808.7,86.11,1.0
12539,73,45,2573,146,808.65,75.19,1.0
12540,190,56,2690,380,808.62,95.01,1.0
12541,20,29,2520,40,808.6,71.07,1.0
12542,163,55,2663,326,808.54,89.56,1.0
12543,189,56,2689,378,808.54,94.49,1.0
12544,206,57,2706,412,808.51,98.58,1.0
12545,81,48,2581,162,808.5,75.13,1.0
12546,77,35,2577,154,808.42,73.75,1.0
12547,194,7,2694,388,808.42,123.98,1.0
12548,50,6,2550,100,808.4,90.08,1.0
12549,70,45,2570,140,808.39,72.91,1.0
12550,93,7,2593,186,808.37,104.52,1.0
12551,143,52,2643,286,808.36,86.02,1.0
12552,224,58,2724,448,808.31,101.59,1.0
12553,109,52,2609,218,808.29,80.1,1.0
12554,152,7,2652,304,808.29,116.41,1.0
12555,118,52,2618,236,808.25,82.14,1.0
12556,63,40,2563,126,808.24,74.74,1.0
12557,41,6,2541,82,808.22,88.45,1.0
12558,264,57,2764,528,808.22,105.91,1.0
12559,112,53,2612,224,808.19,80.75,1.0
12560,120,53,2620,240,808.14,83.15,1.0
12561,71,48,2571,142,808.11,74.66,1.0
12562,214,56,2714,428,808.09,95.96,1.0
12563,207,57,2707,414,808.06,97.76,1.0
12564,240,57,2740,480,808.05,102.66,1.0
12565,276,8,2776,552,808.04,141.19,1.0
12566,203,8,2703,406,808.01,129.24,1.0
12567,134,53,2634,268,807.99,86.81,1.0
12568,124,53,2624,248,807.97,84.58,1.0
12569,254,8,2754,508,807.97,140.44,1.0
12570,261,58,2761,522,807.97,109.77,1.0
12571,100,50,2600,200,807.93,78.14,1.0
12572,203,55,2703,406,807.92,96.99,1.0
12573,104,51,2604,208,807.91,80.25,1.0
12574,63,39,2563,126,807.9,74.47,1.0
12575,102,52,2602,204,807.88,81.44,1.0
12576,63,35,2563,126,807.86,74.27,1.0
12577,204,8,2704,408,807.85,127.26,1.0
12578,180,55,2680,360,807.83,90.82,1.0
12579,63,36,2563,126,807.81,75.03,1.0
12580,212,58,2712,424,807.8,98.93,1.0
12581,63,30,2563,126,807.73,74.12,1.0
12582,76,47,2576,152,807.73,74.89,1.0
12583,63,34,2563,126,807.7,74.63,1.0
12584,126,54,2626,252,807.69,85.74,1.0
12585,139,53,2639,278,807.69,86.32,1.0
12586,285,58,2785,570,807.69,106.57,1.0
12587,165,56,2665,330,807.67,90.63,1.0
12588,74,45,2574,148,807.66,74.99,1.0
12589,72,36,2572,144,807.64,73.38,1.0
12590,72,41,2572,144,807.62,73.02,1.0
12591,208,8,2708,416,807.61,128.08,1.0
12592,63,41,2563,126,807.6,74.49,1.0
12593,63,44,2563,126,807.6,74.94,1.0
12594,89,49,2589,178,807.59,78.26,1.0
12595,63,38,2563,126,807.58,75.27,1.0
12596,72,44,2572,144,807.58,72.96,1.0
12597,197,57,2697,394,807.58,98.44,1.0
12598,63,32,2563,126,807.57,73.98,1.0
12599,188,54,2688,376,807.56,95.38,1.0
12600,166,55,2666,332,807.52,89.63,1.0
12601,78,47,2578,156,807.49,74.97,1.0
12602,170,56,2670,340,807.48,91.44,1.0
12603,72,31,2572,144,807.43,73.23,1.0
12604,63,31,2563,126,807.4,74.42,1.0
12605,63,33,2563,126,807.39,74.68,1.0
12606,141,53,2641,282,807.39,84.58,1.0
12607,110,51,2610,220,807.32,81.77,1.0
12608,235,8,2735,470,807.32,134.67,1.0
12609,98,52,2598,196,807.31,78.83,1.0
12610,72,39,2572,144,807.3,73.72,1.0
12611,72,40,2572,144,807.27,73.01,1.0
12612,229,8,2729,458,807.25,129.38,1.0
12613,63,6,2563,126,807.24,93.36,1.0
12614,82,45,2582,164,807.24,74.47,1.0
12615,146,54,2646,292,807.24,86.43,1.0
12616,63,37,2563,126,807.21,74.55,1.0
12617,254,58,2754,508,807.21,105.31,1.0
12618,72,43,2572,144,807.2,73.37,1.0
12619,172,55,2672,344,807.2,92.69,1.0
12620,94,51,2594,188,807.18,79.13,1.0
12621,156,54,2656,312,807.18,90.51,1.0
12622,42,6,2542,84,807.12,89.28,1.0
12623,72,38,2572,144,807.12,73.78,1.0
12624,210,55,2710,420,807.1,94.8,1.0
12625,68,47,2568,136,807.09,74.93,1.0
12626,164,7,2664,328,807.09,122.24,1.0
12627,113,52,2613,226,807.08,85.64,1.0
12628,72,30,2572,144,807.07,74.25,1.0
12629,93,46,2593,186,807.06,76.42,1.0
12630,91,49,2591,182,807.05,78.24,1.0
12631,135,54,2635,270,807.04,85.15,1.0
12632,70,6,2570,140,807.02,94.75,1.0
12633,63,42,2563,126,806.99,74.6,1.0
12634,123,52,2623,246,806.96,85.62,1.0
12635,240,8,2740,480,806.96,134.52,1.0
12636,63,43,2563,126,806.92,74.96,1.0
12637,72,35,2572,144,806.92,73.11,1.0
12638,174,55,2674,348,806.91,93.39,1.0
12639,72,33,2572,144,806.9,73.42,1.0
12640,155,7,2655,310,806.9,118.96,1.0
12641,68,6,2568,136,806.87,96.53,1.0
12642,117,52,2617,234,806.87,81.23,1.0
12643,72,42,2572,144,806.86,73.24,1.0
12644,225,57,2725,450,806.81,101.77,1.0
12645,237,8,2737,474,806.81,131.13,1.0
12646,238,57,2738,476,806.8,99.16,1.0
12647,90,51,2590,180,806.74,78.44,1.0
12648,72,34,2572,144,806.71,73.74,1.0
12649,277,58,2777,554,806.71,107.21,1.0
12650,79,46,2579,158,806.66,78.29,1.0
12651,250,58,2750,500,806.6,107.16,1.0
12652,232,58,2732,464,806.59,103.08,1.0
12653,72,32,2572,144,806.58,73.28,1.0
12654,244,58,2744,488,806.57,103.2,1.0
12655,145,54,2645,290,806.56,87.69,1.0
12656,219,58,2719,438,806.56,99.87,1.0
12657,85,47,2585,170,806.53,77.44,1.0
12658,55,40,2555,110,806.52,72.87,1.0
12659,105,51,2605,210,806.5,80.08,1.0
12660,75,47,2575,150,806.48,74.03,1.0
12661,106,51,2606,212,806.48,80.02,1.0
12662,72,37,2572,144,806.44,73.66,1.0
12663,111,53,2611,222,806.44,81.1,1.0
12664,133,55,2633,266,806.42,87.17,1.0
12665,230,58,2730,460,806.42,100.6,1.0
12666,259,57,2759,518,806.42,104.93,1.0
12667,214,8,2714,428,806.39,128.84,1.0
12668,281,58,2781,562,806.37,106.41,1.0
12669,246,58,2746,492,806.35,104.13,1.0
12670,168,57,2668,336,806.3,91.89,1.0
12671,116,53,2616,232,806.27,82.01,1.0
12672,291,58,2791,582,806.22,109.67,1.0
12673,209,59,2709,418,806.21,102.91,1.0
12674,152,55,2652,304,806.2,92.1,1.0
12675,293,59,2793,586,806.18,112.43,1.0
12676,83,46,2583,166,806.11,78.57,1.0
12677,77,45,2577,154,806.02,74.25,1.0
12678,186,56,2686,372,806.01,95.51,1.0
12679,239,57,2739,478,806.01,102.36,1.0
12680,55,44,2555,110,806.0,71.99,1.0
12681,73,46,2573,146,805.94,75.32,1.0
12682,122,52,2622,244,805.94,83.25,1.0
12683,255,57,2755,510,805.92,103.55,1.0
12684,55,41,2555,110,805.91,72.49,1.0
12685,182,57,2682,364,805.91,94.96,1.0
12686,227,8,2727,454,805.91,126.15,1.0
12687,84,49,2584,168,805.88,76.51,1.0
12688,138,54,2638,276,805.87,87.16,1.0
12689,160,57,2660,320,805.86,91.02,1.0
12690,55,42,2555,110,805.85,72.31,1.0
12691,179,57,2679,358,805.84,93.95,1.0
12692,107,51,2607,214,805.8,79.01,1.0
12693,63,45,2563,126,805.79,74.78,1.0
12694,103,50,2603,206,805.79,80.97,1.0
12695,87,51,2587,174,805.78,76.83,1.0
12696,75,48,2575,150,805.77,74.15,1.0
12697,86,49,2586,172,805.75,78.62,1.0
12698,108,54,2608,216,805.72,82.23,1.0
12699,262,58,2762,524,805.71,103.65,1.0
12700,70,46,2570,140,805.66,74.33,1.0
12701,99,53,2599,198,805.66,79.2,1.0
12702,55,35,2555,110,805.65,72.51,1.0
12703,55,38,2555,110,805.62,72.04,1.0
12704,142,55,2642,284,805.62,87.19,1.0
12705,175,56,2675,350,805.6,91.37,1.0
12706,55,30,2555,110,805.59,72.09,1.0
12707,136,7,2636,272,805.55,114.4,1.0
12708,71,49,2571,142,805.52,74.46,1.0
12709,163,7,2663,326,805.49,117.79,1.0
12710,249,59,2749,498,805.49,108.0,1.0
12711,119,52,2619,238,805.48,81.55,1.0
12712,184,57,2684,368,805.48,94.09,1.0
12713,55,33,2555,110,805.47,73.01,1.0
12714,235,57,2735,470,805.47,103.74,1.0
12715,194,58,2694,388,805.42,96.6,1.0
12716,92,49,2592,184,805.4,77.61,1.0
12717,162,54,2662,324,805.32,91.43,1.0
12718,222,57,2722,444,805.32,100.36,1.0
12719,256,58,2756,512,805.32,105.23,1.0
12720,217,8,2717,434,805.31,128.85,1.0
12721,72,45,2572,144,805.29,74.11,1.0
12722,298,59,2798,596,805.27,114.96,1.0
12723,299,58,2799,598,805.26,113.23,1.0
12724,131,54,2631,262,805.25,84.45,1.0
12725,273,57,2773,546,805.25,105.14,1.0
12726,169,56,2669,338,805.24,93.74,1.0
12727,55,37,2555,110,805.19,72.4,1.0
12728,55,34,2555,110,805.17,72.22,1.0
12729,95,51,2595,190,805.17,80.51,1.0
12730,55,31,2555,110,805.13,72.85,1.0
12731,11,29,2511,22,805.13,69.0,1.0
12732,271,59,2771,542,805.1,106.62,1.0
12733,55,32,2555,110,805.09,72.46,1.0
12734,245,58,2745,490,805.09,104.23,1.0
12735,289,58,2789,578,805.06,108.78,1.0
12736,12,29,2512,24,805.03,69.59,1.0
12737,1,29,2501,2,805.01,68.47,1.0
12738,55,39,2555,110,805.0,72.56,1.0
12739,114,54,2614,228,804.99,80.75,1.0
12740,55,36,2555,110,804.98,73.01,1.0
12741,88,48,2588,176,804.95,77.58,1.0
12742,127,53,2627,254,804.92,85.08,1.0
12743,171,55,2671,342,804.92,92.27,1.0
12744,84,50,2584,168,804.89,77.08,1.0
12745,202,57,2702,404,804.87,95.92,1.0
12746,66,39,2566,132,804.79,74.55,1.0
12747,100,51,2600,200,804.77,79.09,1.0
12748,288,59,2788,576,804.77,111.01,1.0
12749,70,47,2570,140,804.75,73.92,1.0
12750,76,48,2576,152,804.73,75.26,1.0
12751,55,43,2555,110,804.68,73.11,1.0
12752,243,8,2743,486,804.66,132.9,1.0
12753,59,30,2559,118,804.65,71.85,1.0
12754,74,46,2574,148,804.64,76.48,1.0
12755,66,41,2566,132,804.6,74.53,1.0
12756,137,54,2637,274,804.58,84.94,1.0
12757,59,32,2559,118,804.56,72.07,1.0
12758,147,55,2647,294,804.56,88.61,1.0
12759,101,54,2601,202,804.53,82.3,1.0
12760,181,57,2681,362,804.52,94.71,1.0
12761,66,31,2566,132,804.5,73.73,1.0
12762,97,51,2597,194,804.46,80.21,1.0
12763,173,57,2673,346,804.45,92.27,1.0
12764,59,39,2559,118,804.43,73.39,1.0
12765,130,53,2630,260,804.43,83.96,1.0
12766,121,52,2621,242,804.41,83.34,1.0
12767,96,53,2596,192,804.39,79.94,1.0
12768,115,52,2615,230,804.38,80.09,1.0
12769,136,54,2636,272,804.38,88.28,1.0
12770,66,35,2566,132,804.37,74.09,1.0
12771,68,48,2568,136,804.35,75.25,1.0
12772,149,54,2649,298,804.29,86.59,1.0
12773,248,58,2748,496,804.29,101.76,1.0
12774,272,58,2772,544,804.24,109.91,1.0
12775,65,6,2565,130,804.22,96.29,1.0
12776,176,56,2676,352,804.18,95.26,1.0
12777,77,46,2577,154,804.17,74.22,1.0
12778,153,7,2653,306,804.16,116.08,1.0
12779,157,54,2657,314,804.16,91.76,1.0
12780,59,33,2559,118,804.14,72.67,1.0
12781,83,47,2583,166,804.14,79.13,1.0
12782,9,29,2509,18,804.13,71.55,1.0
12783,252,58,2752,504,804.11,104.12,1.0
12784,183,56,2683,366,804.09,93.86,1.0
12785,80,36,2580,160,804.07,76.03,1.0
12786,104,52,2604,208,804.07,81.32,1.0
12787,150,54,2650,300,804.06,87.13,1.0
12788,234,57,2734,468,804.03,98.25,1.0
12789,231,8,2731,462,804.03,133.39,1.0
12790,80,31,2580,160,804.01,75.59,1.0
12791,236,58,2736,472,804.0,102.42,1.0
12792,81,49,2581,162,803.99,76.27,1.0
12793,66,30,2566,132,803.99,74.56,1.0
12794,217,57,2717,434,803.99,99.31,1.0
12795,94,52,2594,188,803.98,79.88,1.0
12796,59,40,2559,118,803.97,73.15,1.0
12797,159,55,2659,318,803.97,89.93,1.0
12798,80,35,2580,160,803.95,75.54,1.0
12799,66,37,2566,132,803.95,73.66,1.0
12800,66,6,2566,132,803.92,96.49,1.0
12801,66,44,2566,132,803.91,74.62,1.0
12802,101,6,2601,202,803.9,102.52,1.0
12803,238,8,2738,476,803.9,132.53,1.0
12804,167,57,2667,334,803.86,91.73,1.0
12805,66,32,2566,132,803.85,73.83,1.0
12806,110,52,2610,220,803.83,82.49,1.0
12807,128,54,2628,256,803.83,88.88,1.0
12808,236,8,2736,472,803.82,134.97,1.0
12809,69,30,2569,138,803.81,74.0,1.0
12810,208,56,2708,416,803.8,96.8,1.0
12811,80,42,2580,160,803.79,75.52,1.0
12812,195,57,2695,390,803.77,97.41,1.0
12813,237,57,2737,474,803.75,102.71,1.0
12814,55,45,2555,110,803.74,73.07,1.0
12815,59,38,2559,118,803.73,72.0,1.0
12816,66,36,2566,132,803.73,74.11,1.0
12817,167,7,2667,334,803.71,120.34,1.0
12818,78,48,2578,156,803.7,75.45,1.0
12819,200,58,2700,400,803.7,99.62,1.0
12820,275,59,2775,550,803.7,110.82,1.0
12821,59,41,2559,118,803.68,73.27,1.0
12822,213,58,2713,426,803.67,100.07,1.0
12823,62,6,2562,124,803.66,95.49,1.0
12824,59,42,2559,118,803.65,72.81,1.0
12825,163,56,2663,326,803.65,89.52,1.0
12826,59,44,2559,118,803.64,72.73,1.0
12827,185,57,2685,370,803.64,97.58,1.0
12828,66,43,2566,132,803.6,74.16,1.0
12829,132,55,2632,264,803.6,89.23,1.0
12830,66,34,2566,132,803.57,73.79,1.0
12831,66,42,2566,132,803.57,74.66,1.0
12832,66,33,2566,132,803.52,74.15,1.0
12833,66,38,2566,132,803.52,73.74,1.0
12834,89,50,2589,178,803.5,78.48,1.0
12835,260,58,2760,520,803.5,108.87,1.0
12836,66,40,2566,132,803.42,74.68,1.0
12837,147,7,2647,294,803.41,115.75,1.0
12838,242,58,2742,484,803.4,103.85,1.0
12839,155,56,2655,310,803.37,90.87,1.0
12840,241,59,2741,482,803.37,106.76,1.0
12841,129,55,2629,258,803.36,86.75,1.0
12842,80,32,2580,160,803.35,76.09,1.0
12843,69,44,2569,138,803.34,73.38,1.0
12844,82,46,2582,164,803.32,75.29,1.0
12845,109,53,2609,218,803.32,81.22,1.0
12846,65,41,2565,130,803.29,73.8,1.0
12847,69,34,2569,138,803.29,73.89,1.0
12848,80,34,2580,160,803.24,75.29,1.0
12849,125,55,2625,250,803.24,85.26,1.0
12850,59,36,2559,118,803.22,72.38,1.0
12851,69,40,2569,138,803.22,73.56,1.0
12852,80,37,2580,160,803.18,76.33,1.0
12853,80,40,2580,160,803.16,76.07,1.0
12854,79,47,2579,158,803.14,78.45,1.0
12855,223,58,2723,446,803.14,99.76,1.0
12856,59,31,2559,118,803.12,72.42,1.0
12857,270,59,2770,540,803.1,109.53,1.0
12858,59,35,2559,118,803.09,72.49,1.0
12859,59,37,2559,118,803.05,72.13,1.0
12860,80,44,2580,160,803.04,75.26,1.0
12861,75,49,2575,150,803.04,74.95,1.0
12862,80,41,2580,160,803.02,76.03,1.0
12863,65,31,2565,130,802.98,73.18,1.0
12864,143,53,2643,286,802.97,87.15,1.0
12865,69,33,2569,138,802.96,72.96,1.0
12866,179,7,2679,358,802.96,122.01,1.0
12867,63,46,2563,126,802.95,75.79,1.0
12868,56,40,2556,112,802.93,73.62,1.0
12869,77,47,2577,154,802.91,74.15,1.0
12870,85,48,2585,170,802.9,77.56,1.0
12871,151,53,2651,302,802.9,87.14,1.0
12872,59,34,2559,118,802.89,72.95,1.0
12873,252,8,2752,504,802.85,137.54,1.0
12874,193,57,2693,386,802.84,95.84,1.0
12875,80,33,2580,160,802.82,74.92,1.0
12876,69,36,2569,138,802.81,73.75,1.0
12877,69,42,2569,138,802.8,73.8,1.0
12878,118,7,2618,236,802.8,110.5,1.0
12879,69,31,2569,138,802.79,73.84,1.0
12880,102,53,2602,204,802.78,81.33,1.0
12881,106,52,2606,212,802.78,80.74,1.0
12882,69,35,2569,138,802.77,73.16,1.0
12883,69,43,2569,138,802.76,73.95,1.0
12884,13,29,2513,26,802.74,69.82,1.0
12885,80,39,2580,160,802.73,75.26,1.0
12886,69,32,2569,138,802.73,74.01,1.0
12887,269,59,2769,538,802.72,103.57,1.0
12888,65,34,2565,130,802.71,72.71,1.0
12889,90,52,2590,180,802.71,78.89,1.0
12890,120,54,2620,240,802.71,83.77,1.0
12891,105,52,2605,210,802.71,82.16,1.0
12892,65,33,2565,130,802.68,73.13,1.0
12893,268,59,2768,536,802.67,107.32,1.0
12894,264,8,2764,528,802.66,141.91,1.0
12895,59,43,2559,118,802.63,73.1,1.0
12896,73,47,2573,146,802.63,76.04,1.0
12897,65,42,2565,130,802.59,72.97,1.0
12898,144,56,2644,288,802.59,89.76,1.0
12899,257,57,2757,514,802.57,105.29,1.0
12900,69,39,2569,138,802.55,73.79,1.0
12901,201,57,2701,402,802.54,97.04,1.0
12902,65,37,2565,130,802.53,73.2,1.0
12903,140,56,2640,280,802.47,88.68,1.0
12904,263,58,2763,526,802.47,106.49,1.0
12905,61,6,2561,122,802.44,94.03,1.0
12906,199,57,2699,398,802.44,96.09,1.0
12907,126,55,2626,252,802.43,86.39,1.0
12908,117,53,2617,234,802.42,81.29,1.0
12909,58,6,2558,116,802.39,91.47,1.0
12910,80,43,2580,160,802.35,75.65,1.0
12911,65,40,2565,130,802.32,73.52,1.0
12912,69,37,2569,138,802.32,73.6,1.0
12913,139,54,2639,278,802.32,86.34,1.0
12914,169,7,2669,338,802.29,122.26,1.0
12915,69,41,2569,138,802.27,74.12,1.0
12916,72,46,2572,144,802.26,74.68,1.0
12917,178,57,2678,356,802.26,95.95,1.0
12918,93,47,2593,186,802.2,77.48,1.0
12919,191,57,2691,382,802.19,96.53,1.0
12920,65,39,2565,130,802.18,73.33,1.0
12921,80,38,2580,160,802.18,75.8,1.0
12922,161,57,2661,322,802.17,92.26,1.0
12923,266,59,2766,532,802.17,105.47,1.0
12924,65,36,2565,130,802.15,73.04,1.0
12925,268,8,2768,536,802.12,137.95,1.0
12926,56,38,2556,112,802.11,73.51,1.0
12927,142,7,2642,284,802.11,114.13,1.0
12928,71,50,2571,142,802.1,74.64,1.0
12929,284,58,2784,568,802.09,107.91,1.0
12930,56,39,2556,112,802.08,73.93,1.0
12931,158,55,2658,316,802.04,88.99,1.0
12932,178,7,2678,356,802.04,123.83,1.0
12933,56,37,2556,112,802.03,73.71,1.0
12934,65,32,2565,130,802.0,73.26,1.0
12935,69,38,2569,138,801.99,73.42,1.0
12936,10,29,2510,20,801.98,68.06,1.0
12937,88,49,2588,176,801.97,79.18,1.0
12938,56,43,2556,112,801.92,74.15,1.0
12939,265,59,2765,530,801.91,109.4,1.0
12940,156,7,2656,312,801.9,117.96,1.0
12941,56,36,2556,112,801.89,73.49,1.0
12942,228,58,2728,456,801.87,101.05,1.0
12943,65,38,2565,130,801.86,73.32,1.0
12944,247,8,2747,494,801.86,136.99,1.0
12945,55,46,2555,110,801.81,73.32,1.0
12946,70,48,2570,140,801.79,74.57,1.0
12947,97,52,2597,194,801.78,80.26,1.0
12948,56,31,2556,112,801.74,73.86,1.0
12949,80,30,2580,160,801.7,76.6,1.0
12950,108,55,2608,216,801.69,83.41,1.0
12951,296,58,2796,592,801.69,106.22,1.0
12952,56,33,2556,112,801.68,74.06,1.0
12953,198,57,2698,396,801.68,96.5,1.0
12954,65,30,2565,130,801.67,72.86,1.0
12955,153,56,2653,306,801.67,90.18,1.0
12956,134,54,2634,268,801.67,89.04,1.0
12957,111,54,2611,222,801.65,82.36,1.0
12958,91,50,2591,182,801.64,78.22,1.0
12959,276,59,2776,552,801.62,111.1,1.0
12960,59,45,2559,118,801.61,73.05,1.0
12961,123,53,2623,246,801.6,86.0,1.0
12962,84,6,2584,168,801.57,98.97,1.0
12963,116,54,2616,232,801.57,83.19,1.0
12964,154,57,2654,308,801.57,91.94,1.0
12965,148,7,2648,296,801.56,116.39,1.0
12966,148,55,2648,296,801.56,87.96,1.0
12967,65,43,2565,130,801.54,72.92,1.0
12968,95,52,2595,190,801.52,81.68,1.0
12969,196,58,2696,392,801.51,97.17,1.0
12970,65,35,2565,130,801.5,72.69,1.0
12971,124,54,2624,248,801.47,84.8,1.0
12972,56,35,2556,112,801.44,73.6,1.0
12973,65,44,2565,130,801.43,73.93,1.0
12974,56,42,2556,112,801.42,73.2,1.0
12975,96,54,2596,192,801.42,81.21,1.0
12976,242,8,2742,484,801.42,136.78,1.0
12977,98,53,2598,196,801.39,80.0,1.0
12978,112,54,2612,224,801.39,82.29,1.0
12979,114,55,2614,228,801.37,81.93,1.0
12980,119,53,2619,238,801.35,81.7,1.0
12981,203,56,2703,406,801.35,98.02,1.0
12982,56,30,2556,112,801.33,73.31,1.0
12983,99,54,2599,198,801.31,80.23,1.0
12984,198,8,2698,396,801.29,127.12,1.0
12985,211,56,2711,422,801.27,99.5,1.0
12986,103,51,2603,206,801.26,81.24,1.0
12987,156,55,2656,312,801.24,92.28,1.0
12988,49,40,2549,98,801.2,73.55,1.0
12989,189,57,2689,378,801.19,97.34,1.0
12990,287,59,2787,574,801.17,110.43,1.0
12991,214,57,2714,428,801.14,96.71,1.0
12992,267,59,2767,534,801.1,109.11,1.0
12993,177,57,2677,354,801.07,94.7,1.0
12994,107,52,2607,214,801.04,79.6,1.0
12995,84,51,2584,168,800.99,78.06,1.0
12996,229,58,2729,458,800.99,101.13,1.0
12997,1,5,2501,2,800.92,74.36,1.0
12998,49,42,2549,98,800.91,75.02,1.0
12999,81,6,2581,162,800.9,98.74,1.0
13000,122,53,2622,244,800.89,84.38,1.0
13001,204,57,2704,408,800.89,98.31,1.0
13002,81,50,2581,162,800.88,76.79,1.0
13003,49,31,2549,98,800.86,74.28,1.0
13004,49,34,2549,98,800.86,74.75,1.0
13005,258,59,2758,516,800.86,110.04,1.0
13006,49,33,2549,98,800.84,74.24,1.0
13007,79,48,2579,158,800.84,79.46,1.0
13008,55,47,2555,110,800.83,73.73,1.0
13009,145,7,2645,290,800.81,116.27,1.0
13010,216,57,2716,432,800.81,98.28,1.0
13011,113,53,2613,226,800.79,86.69,1.0
13012,290,58,2790,580,800.77,107.99,1.0
13013,56,32,2556,112,800.73,73.58,1.0
13014,66,45,2566,132,800.69,74.64,1.0
13015,164,57,2664,328,800.67,93.89,1.0
13016,86,50,2586,172,800.65,80.34,1.0
13017,56,44,2556,112,800.61,73.44,1.0
13018,76,49,2576,152,800.58,75.54,1.0
13019,170,7,2670,340,800.54,119.71,1.0
13020,68,49,2568,136,800.51,75.42,1.0
13021,243,59,2743,486,800.51,102.91,1.0
13022,85,49,2585,170,800.5,78.34,1.0
13023,49,39,2549,98,800.46,74.34,1.0
13024,63,47,2563,126,800.44,76.29,1.0
13025,56,41,2556,112,800.41,73.54,1.0
13026,127,54,2627,254,800.4,86.07,1.0
13027,100,52,2600,200,800.39,80.19,1.0
13028,93,48,2593,186,800.33,77.45,1.0
13029,118,53,2618,236,800.33,83.81,1.0
13030,104,53,2604,208,800.3,83.24,1.0
13031,62,41,2562,124,800.27,74.76,1.0
13032,65,45,2565,130,800.27,73.4,1.0
13033,82,47,2582,164,800.26,76.18,1.0
13034,49,36,2549,98,800.21,74.41,1.0
13035,221,8,2721,442,800.21,133.76,1.0
13036,121,53,2621,242,800.2,84.07,1.0
13037,49,38,2549,98,800.17,74.41,1.0
13038,78,49,2578,156,800.17,75.75,1.0
13039,69,45,2569,138,800.17,74.42,1.0
13040,59,46,2559,118,800.16,72.9,1.0
13041,83,48,2583,166,800.08,80.09,1.0
13042,56,34,2556,112,800.07,73.28,1.0
13043,49,43,2549,98,800.06,74.48,1.0
13044,62,32,2562,124,800.05,74.52,1.0
13045,73,48,2573,146,800.03,77.15,1.0
13046,146,55,2646,292,800.02,87.66,1.0
13047,131,55,2631,262,800.01,84.29,1.0
13048,165,57,2665,330,800.0,91.11,1.0
13049,76,6,2576,152,799.97,97.43,1.0
13050,92,50,2592,184,799.96,77.83,1.0
13051,215,57,2715,430,799.96,100.75,1.0
13052,94,53,2594,188,799.94,81.39,1.0
13053,49,30,2549,98,799.91,73.88,1.0
13054,80,45,2580,160,799.9,76.01,1.0
13055,282,58,2782,564,799.88,110.42,1.0
13056,5,29,2505,10,799.85,68.34,1.0
13057,62,33,2562,124,799.84,75.32,1.0
13058,75,6,2575,150,799.81,96.37,1.0
13059,62,40,2562,124,799.8,74.59,1.0
13060,247,58,2747,494,799.8,106.88,1.0
13061,271,8,2771,542,799.8,139.69,1.0
13062,49,35,2549,98,799.78,74.25,1.0
13063,49,41,2549,98,799.78,75.1,1.0
13064,62,31,2562,124,799.75,74.55,1.0
13065,62,44,2562,124,799.74,75.32,1.0
13066,138,7,2638,276,799.73,114.22,1.0
13067,62,38,2562,124,799.72,75.0,1.0
13068,89,51,2589,178,799.68,80.02,1.0
13069,49,32,2549,98,799.66,74.27,1.0
13070,62,34,2562,124,799.64,74.35,1.0
13071,52,32,2552,104,799.64,73.72,1.0
13072,74,47,2574,148,799.62,76.34,1.0
13073,52,40,2552,104,799.6,73.14,1.0
13074,295,9,2795,590,799.55,139.37,1.0
13075,138,55,2638,276,799.54,88.13,1.0
13076,136,55,2636,272,799.54,88.44,1.0
13077,251,58,2751,502,799.53,106.25,1.0
13078,49,44,2549,98,799.51,75.34,1.0
13079,135,7,2635,270,799.5,113.82,1.0
13080,221,57,2721,442,799.5,102.58,1.0
13081,130,54,2630,260,799.49,84.88,1.0
13082,135,55,2635,270,799.48,86.28,1.0
13083,205,58,2705,410,799.48,99.37,1.0
13084,52,41,2552,104,799.46,74.01,1.0
13085,61,42,2561,122,799.43,73.32,1.0
13086,87,52,2587,174,799.43,78.09,1.0
13087,109,54,2609,218,799.4,83.35,1.0
13088,210,8,2710,420,799.4,128.92,1.0
13089,52,33,2552,104,799.37,73.39,1.0
13090,58,40,2558,116,799.36,73.19,1.0
13091,141,54,2641,282,799.36,85.4,1.0
13092,49,37,2549,98,799.33,74.6,1.0
13093,172,56,2672,344,799.33,94.33,1.0
13094,220,58,2720,440,799.33,104.09,1.0
13095,58,44,2558,116,799.31,72.56,1.0
13096,62,37,2562,124,799.3,74.46,1.0
13097,101,55,2601,202,799.3,83.48,1.0
13098,58,36,2558,116,799.28,72.53,1.0
13099,168,7,2668,336,799.24,121.98,1.0
13100,56,45,2556,112,799.21,74.07,1.0
13101,62,36,2562,124,799.19,74.68,1.0
13102,187,56,2687,374,799.19,95.35,1.0
13103,58,38,2558,116,799.18,72.45,1.0
13104,58,43,2558,116,799.17,73.41,1.0
13105,132,56,2632,264,799.11,90.15,1.0
13106,231,57,2731,462,799.1,102.09,1.0
13107,62,35,2562,124,799.09,74.86,1.0
13108,52,44,2552,104,799.09,74.16,1.0
13109,174,56,2674,348,799.09,93.94,1.0
13110,4,29,2504,8,799.07,68.81,1.0
13111,8,29,2508,16,799.07,69.84,1.0
13112,62,39,2562,124,799.04,74.36,1.0
13113,75,50,2575,150,799.03,75.56,1.0
13114,62,30,2562,124,799.02,74.47,1.0
13115,72,47,2572,144,799.0,75.41,1.0
13116,58,35,2558,116,798.99,72.28,1.0
13117,70,49,2570,140,798.99,75.5,1.0
13118,52,35,2552,104,798.98,73.33,1.0
13119,102,54,2602,204,798.95,82.27,1.0
13120,58,42,2558,116,798.94,73.26,1.0
13121,61,41,2561,122,798.89,73.94,1.0
13122,78,6,2578,156,798.87,97.48,1.0
13123,61,31,2561,122,798.86,74.27,1.0
13124,62,43,2562,124,798.86,74.75,1.0
13125,58,34,2558,116,798.84,72.83,1.0
13126,170,57,2670,340,798.84,92.52,1.0
13127,210,56,2710,420,798.81,96.99,1.0
13128,213,7,2713,426,798.81,132.02,1.0
13129,160,58,2660,320,798.8,93.31,1.0
13130,77,48,2577,154,798.79,74.56,1.0
13131,133,56,2633,266,798.78,87.87,1.0
13132,226,58,2726,452,798.74,102.27,1.0
13133,52,31,2552,104,798.73,73.96,1.0
13134,52,36,2552,104,798.71,74.02,1.0
13135,68,50,2568,136,798.67,76.48,1.0
13136,58,32,2558,116,798.65,72.98,1.0
13137,228,8,2728,456,798.63,133.59,1.0
13138,58,30,2558,116,798.61,72.39,1.0
13139,59,47,2559,118,798.61,73.74,1.0
13140,218,58,2718,436,798.61,102.11,1.0
13141,207,58,2707,414,798.61,100.99,1.0
13142,253,58,2753,506,798.61,104.07,1.0
13143,52,38,2552,104,798.6,74.11,1.0
13144,227,57,2727,454,798.57,99.4,1.0
13145,62,42,2562,124,798.56,74.54,1.0
13146,61,39,2561,122,798.53,74.09,1.0
13147,262,8,2762,524,798.53,140.19,1.0
13148,58,31,2558,116,798.51,72.75,1.0
13149,137,55,2637,274,798.51,86.53,1.0
13150,52,34,2552,104,798.5,73.41,1.0
13151,91,51,2591,182,798.49,78.94,1.0
13152,52,37,2552,104,798.48,74.61,1.0
13153,184,58,2684,368,798.48,95.68,1.0
13154,58,37,2558,116,798.47,72.81,1.0
13155,58,41,2558,116,798.45,72.43,1.0
13156,175,57,2675,350,798.45,92.47,1.0
13157,206,58,2706,412,798.43,99.67,1.0
13158,106,53,2606,212,798.41,81.29,1.0
13159,264,58,2764,528,798.41,107.52,1.0
13160,142,56,2642,284,798.4,88.46,1.0
13161,180,56,2680,360,798.4,91.83,1.0
13162,61,34,2561,122,798.35,73.97,1.0
13163,61,35,2561,122,798.34,74.91,1.0
13164,150,55,2650,300,798.29,88.63,1.0
13165,65,46,2565,130,798.27,73.73,1.0
13166,103,52,2603,206,798.26,81.89,1.0
13167,159,56,2659,318,798.22,91.53,1.0
13168,175,7,2675,350,798.21,119.93,1.0
13169,61,36,2561,122,798.2,74.28,1.0
13170,115,53,2615,230,798.16,81.35,1.0
13171,52,39,2552,104,798.15,73.61,1.0
13172,52,43,2552,104,798.14,73.5,1.0
13173,58,33,2558,116,798.14,72.71,1.0
13174,99,55,2599,198,798.13,81.99,1.0
13175,179,58,2679,358,798.12,96.0,1.0
13176,61,38,2561,122,798.11,74.54,1.0
13177,52,42,2552,104,798.11,73.38,1.0
13178,297,58,2797,594,798.11,108.76,1.0
13179,61,32,2561,122,798.08,74.23,1.0
13180,61,43,2561,122,798.08,73.9,1.0
13181,212,7,2712,424,798.06,130.99,1.0
13182,110,53,2610,220,798.02,82.75,1.0
13183,157,55,2657,314,798.01,92.88,1.0
13184,90,53,2590,180,797.98,79.86,1.0
13185,152,56,2652,304,797.98,93.77,1.0
13186,49,45,2549,98,797.91,75.17,1.0
13187,283,59,2783,566,797.89,110.94,1.0
13188,76,50,2576,152,797.85,76.47,1.0
13189,117,54,2617,234,797.84,81.96,1.0
13190,279,59,2779,558,797.83,111.35,1.0
13191,60,6,2560,120,797.82,96.81,1.0
13192,58,39,2558,116,797.81,72.77,1.0
13193,78,50,2578,156,797.81,77.46,1.0
13194,61,30,2561,122,797.8,73.82,1.0
13195,209,7,2709,418,797.79,130.36,1.0
13196,157,7,2657,314,797.77,117.17,1.0
13197,15,5,2515,30,797.74,77.71,1.0
13198,125,56,2625,250,797.71,85.92,1.0
13199,69,46,2569,138,797.69,74.42,1.0
13200,61,37,2561,122,797.67,74.16,1.0
13201,61,44,2561,122,797.67,74.79,1.0
13202,147,56,2647,294,797.67,89.21,1.0
13203,141,7,2641,282,797.66,112.18,1.0
13204,195,58,2695,390,797.66,98.14,1.0
13205,82,48,2582,164,797.65,76.4,1.0
13206,240,58,2740,480,797.64,103.72,1.0
13207,182,7,2682,364,797.63,124.54,1.0
13208,286,59,2786,572,797.62,109.47,1.0
13209,112,55,2612,224,797.6,84.28,1.0
13210,149,7,2649,298,797.6,114.85,1.0
13211,98,54,2598,196,797.58,80.81,1.0
13212,79,49,2579,158,797.57,79.88,1.0
13213,77,49,2577,154,797.57,76.07,1.0
13214,280,58,2780,560,797.56,110.38,1.0
13215,212,59,2712,424,797.55,101.69,1.0
13216,88,50,2588,176,797.54,79.56,1.0
13217,87,53,2587,174,797.52,79.24,1.0
13218,61,33,2561,122,797.51,74.33,1.0
13219,0,29,2500,0,797.46,69.26,1.0
13220,63,48,2563,126,797.46,76.76,1.0
13221,230,59,2730,460,797.46,101.64,1.0
13222,166,56,2666,332,797.44,91.17,1.0
13223,145,55,2645,290,797.42,89.52,1.0
13224,294,59,2794,588,797.42,109.75,1.0
13225,66,46,2566,132,797.4,75.14,1.0
13226,151,54,2651,302,797.36,87.59,1.0
13227,55,48,2555,110,797.33,74.0,1.0
13228,233,58,2733,466,797.28,106.04,1.0
13229,168,58,2668,336,797.26,93.32,1.0
13230,119,54,2619,238,797.22,83.37,1.0
13231,188,55,2688,376,797.2,96.8,1.0
13232,197,58,2697,394,797.2,99.93,1.0
13233,140,57,2640,280,797.19,89.42,1.0
13234,52,30,2552,104,797.18,73.98,1.0
13235,192,58,2692,384,797.18,96.95,1.0
13236,0,5,2500,0,797.16,74.13,1.0
13237,14,29,2514,28,797.16,69.77,1.0
13238,81,51,2581,162,797.16,76.69,1.0
13239,122,54,2622,244,797.14,85.05,1.0
13240,52,45,2552,104,797.09,74.04,1.0
13241,72,48,2572,144,797.08,75.11,1.0
13242,71,51,2571,142,797.03,75.58,1.0
13243,80,46,2580,160,797.01,76.85,1.0
13244,155,57,2655,310,796.99,92.14,1.0
13245,238,58,2738,476,796.98,102.77,1.0
13246,150,7,2650,300,796.97,115.99,1.0
13247,292,59,2792,584,796.96,108.61,1.0
13248,84,52,2584,168,796.95,78.68,1.0
13249,158,7,2658,316,796.85,116.21,1.0
13250,62,45,2562,124,796.84,74.39,1.0
13251,67,40,2567,134,796.83,73.52,1.0
13252,148,56,2648,296,796.83,88.85,1.0
13253,94,54,2594,188,796.82,80.7,1.0
13254,61,45,2561,122,796.8,74.31,1.0
13255,67,43,2567,134,796.8,74.21,1.0
13256,67,30,2567,134,796.72,74.71,1.0
13257,123,54,2623,246,796.72,87.15,1.0
13258,235,58,2735,470,796.71,104.37,1.0
13259,176,57,2676,352,796.69,97.17,1.0
13260,120,55,2620,240,796.66,85.84,1.0
13261,73,49,2573,146,796.63,77.09,1.0
13262,173,58,2673,346,796.63,93.6,1.0
13263,66,47,2566,132,796.57,75.73,1.0
13264,67,32,2567,134,796.54,73.82,1.0
13265,178,58,2678,356,796.53,96.95,1.0
13266,67,36,2567,134,796.47,73.74,1.0
13267,219,59,2719,438,796.47,101.21,1.0
13268,96,6,2596,192,796.46,103.36,1.0
13269,61,40,2561,122,796.41,74.16,1.0
13270,67,34,2567,134,796.4,74.9,1.0
13271,79,6,2579,158,796.39,103.38,1.0
13272,67,38,2567,134,796.34,74.87,1.0
13273,70,50,2570,140,796.34,75.21,1.0
13274,171,56,2671,342,796.31,93.95,1.0
13275,75,51,2575,150,796.3,75.99,1.0
13276,99,6,2599,198,796.29,102.96,1.0
13277,181,58,2681,362,796.28,94.03,1.0
13278,161,58,2661,322,796.27,93.46,1.0
13279,105,53,2605,210,796.26,82.48,1.0
13280,298,8,2798,596,796.26,151.97,1.0
13281,149,55,2649,298,796.25,87.78,1.0
13282,190,57,2690,380,796.25,96.23,1.0
13283,124,55,2624,248,796.23,87.46,1.0
13284,116,55,2616,232,796.22,84.62,1.0
13285,58,45,2558,116,796.17,73.46,1.0
13286,272,8,2772,544,796.15,143.34,1.0
13287,67,44,2567,134,796.14,74.18,1.0
13288,90,6,2590,180,796.12,101.46,1.0
13289,56,46,2556,112,796.09,74.89,1.0
13290,100,53,2600,200,796.08,81.31,1.0
13291,67,39,2567,134,796.07,74.15,1.0
13292,53,35,2553,106,796.06,73.57,1.0
13293,53,37,2553,106,796.06,73.54,1.0
13294,143,54,2643,286,796.04,87.78,1.0
13295,261,8,2761,522,796.04,142.64,1.0
13296,67,41,2567,134,796.02,74.74,1.0
13297,200,59,2700,400,796.0,101.66,1.0
13298,67,42,2567,134,795.96,73.81,1.0
13299,144,57,2644,288,795.96,90.18,1.0
13300,209,60,2709,418,795.96,104.36,1.0
13301,74,48,2574,148,795.86,77.14,1.0
13302,126,56,2626,252,795.86,87.26,1.0
13303,53,31,2553,106,795.85,73.62,1.0
13304,87,6,2587,174,795.85,100.55,1.0
13305,96,55,2596,192,795.85,82.38,1.0
13306,146,7,2646,292,795.85,117.44,1.0
13307,143,7,2643,286,795.85,114.69,1.0
13308,68,51,2568,136,795.82,76.65,1.0
13309,255,58,2755,510,795.82,104.96,1.0
13310,129,56,2629,258,795.8,88.65,1.0
13311,94,6,2594,188,795.78,103.36,1.0
13312,69,47,2569,138,795.77,74.52,1.0
13313,53,36,2553,106,795.74,73.2,1.0
13314,53,32,2553,106,795.73,73.55,1.0
13315,53,41,2553,106,795.73,73.57,1.0
13316,69,6,2569,138,795.72,96.82,1.0
13317,162,55,2662,324,795.7,92.56,1.0
13318,278,59,2778,556,795.7,109.88,1.0
13319,251,8,2751,502,795.69,135.91,1.0
13320,53,44,2553,106,795.68,73.56,1.0
13321,277,59,2777,554,795.68,110.1,1.0
13322,67,35,2567,134,795.67,74.4,1.0
13323,182,58,2682,364,795.67,97.4,1.0
13324,53,40,2553,106,795.66,73.64,1.0
13325,73,6,2573,146,795.65,96.74,1.0
13326,252,59,2752,504,795.63,106.62,1.0
13327,92,51,2592,184,795.62,78.89,1.0
13328,67,37,2567,134,795.61,74.81,1.0
13329,53,42,2553,106,795.56,74.06,1.0
13330,169,57,2669,338,795.54,94.77,1.0
13331,49,46,2549,98,795.53,74.13,1.0
13332,67,31,2567,134,795.5,73.96,1.0
13333,67,33,2567,134,795.49,74.27,1.0
13334,71,52,2571,142,795.49,76.48,1.0
13335,108,56,2608,216,795.49,84.04,1.0
13336,97,53,2597,194,795.48,81.15,1.0
13337,113,54,2613,226,795.46,87.79,1.0
13338,85,50,2585,170,795.42,79.25,1.0
13339,224,59,2724,448,795.38,103.6,1.0
13340,107,53,2607,214,795.37,81.68,1.0
13341,7,29,2507,14,795.36,68.86,1.0
13342,55,49,2555,110,795.35,74.42,1.0
13343,104,54,2604,208,795.35,83.31,1.0
13344,111,55,2611,222,795.33,83.48,1.0
13345,234,58,2734,468,795.33,99.43,1.0
13346,254,59,2754,508,795.32,107.19,1.0
13347,62,46,2562,124,795.29,75.52,1.0
13348,53,43,2553,106,795.29,74.03,1.0
13349,95,53,2595,190,795.27,82.23,1.0
13350,244,59,2744,488,795.25,105.02,1.0
13351,52,46,2552,104,795.24,74.67,1.0
13352,128,55,2628,256,795.24,90.08,1.0
13353,173,7,2673,346,795.24,117.63,1.0
13354,64,34,2564,128,795.22,72.85,1.0
13355,153,57,2653,306,795.21,91.42,1.0
13356,213,59,2713,426,795.2,101.6,1.0
13357,53,33,2553,106,795.18,73.46,1.0
13358,118,54,2618,236,795.16,84.94,1.0
13359,53,34,2553,106,795.14,74.25,1.0
13360,167,58,2667,334,795.12,93.25,1.0
13361,139,55,2639,278,795.09,87.49,1.0
13362,165,7,2665,330,795.08,118.28,1.0
13363,93,49,2593,186,795.06,78.81,1.0
13364,163,57,2663,326,795.0,91.65,1.0
13365,86,6,2586,172,794.98,100.6,1.0
13366,53,30,2553,106,794.96,73.48,1.0
13367,274,59,2774,548,794.91,109.53,1.0
13368,64,30,2564,128,794.9,72.96,1.0
13369,53,39,2553,106,794.89,74.44,1.0
13370,194,59,2694,388,794.89,98.48,1.0
13371,160,59,2660,320,794.88,93.31,1.0
13372,53,38,2553,106,794.83,73.66,1.0
13373,86,51,2586,172,794.83,80.03,1.0
13374,79,50,2579,158,794.81,80.27,1.0
13375,64,33,2564,128,794.8,73.15,1.0
13376,300,58,2800,600,794.8,114.26,1.0
13377,275,8,2775,550,794.8,142.08,1.0
13378,64,42,2564,128,794.75,73.47,1.0
13379,64,44,2564,128,794.74,73.28,1.0
13380,222,58,2722,444,794.73,103.09,1.0
13381,154,58,2654,308,794.72,93.46,1.0
13382,269,60,2769,538,794.72,104.97,1.0
13383,225,58,2725,450,794.7,103.24,1.0
13384,295,58,2795,590,794.7,108.5,1.0
13385,65,47,2565,130,794.68,73.21,1.0
13386,59,48,2559,118,794.67,74.8,1.0
13387,183,57,2683,366,794.65,94.85,1.0
13388,83,49,2583,166,794.63,80.31,1.0
13389,156,56,2656,312,794.61,91.99,1.0
13390,285,59,2785,570,794.61,108.7,1.0
13391,5,5,2505,10,794.6,74.13,1.0
13392,232,59,2732,464,794.58,104.01,1.0
13393,185,58,2685,370,794.56,98.89,1.0
13394,89,52,2589,178,794.55,81.1,1.0
13395,103,53,2603,206,794.55,81.93,1.0
13396,90,54,2590,180,794.54,80.76,1.0
13397,78,51,2578,156,794.53,78.15,1.0
13398,54,32,2554,108,794.51,72.17,1.0
13399,64,39,2564,128,794.49,72.16,1.0
13400,298,60,2798,596,794.47,116.82,1.0
13401,54,38,2554,108,794.44,72.43,1.0
13402,58,46,2558,116,794.43,73.16,1.0
13403,76,51,2576,152,794.43,76.41,1.0
13404,130,55,2630,260,794.43,86.93,1.0
13405,134,55,2634,268,794.43,90.27,1.0
13406,49,47,2549,98,794.41,75.89,1.0
13407,64,43,2564,128,794.41,73.42,1.0
13408,64,37,2564,128,794.36,73.4,1.0
13409,62,47,2562,124,794.34,75.5,1.0
13410,64,36,2564,128,794.34,72.94,1.0
13411,83,50,2583,166,794.33,80.32,1.0
13412,176,7,2676,352,794.33,122.92,1.0
13413,63,49,2563,126,794.31,76.92,1.0
13414,291,59,2791,582,794.29,110.44,1.0
13415,56,47,2556,112,794.28,74.66,1.0
13416,54,41,2554,108,794.27,72.18,1.0
13417,54,40,2554,108,794.25,71.74,1.0
13418,64,41,2564,128,794.25,73.88,1.0
13419,223,59,2723,446,794.25,103.64,1.0
13420,54,31,2554,108,794.21,71.42,1.0
13421,64,31,2564,128,794.21,72.52,1.0
13422,64,38,2564,128,794.21,73.73,1.0
13423,109,55,2609,218,794.17,83.75,1.0
13424,67,45,2567,134,794.16,74.92,1.0
13425,159,7,2659,318,794.16,119.59,1.0
13426,177,7,2677,354,794.15,125.19,1.0
13427,54,37,2554,108,794.14,72.16,1.0
13428,54,42,2554,108,794.14,71.64,1.0
13429,64,40,2564,128,794.13,73.16,1.0
13430,70,51,2570,140,794.13,76.66,1.0
13431,114,56,2614,228,794.12,83.76,1.0
13432,52,47,2552,104,794.09,74.38,1.0
13433,55,50,2555,110,794.09,74.89,1.0
13434,158,56,2658,316,794.08,90.47,1.0
13435,54,36,2554,108,794.07,71.53,1.0
13436,43,35,2543,86,794.05,74.16,1.0
13437,47,6,2547,94,794.04,90.78,1.0
13438,121,54,2621,242,794.03,84.49,1.0
13439,54,33,2554,108,793.99,72.63,1.0
13440,43,33,2543,86,793.98,74.09,1.0
13441,80,47,2580,160,793.98,76.99,1.0
13442,127,55,2627,254,793.98,87.27,1.0
13443,50,43,2550,100,793.95,74.19,1.0
13444,237,58,2737,474,793.93,104.61,1.0
13445,82,49,2582,164,793.9,77.68,1.0
13446,131,56,2631,262,793.89,85.88,1.0
13447,54,30,2554,108,793.87,71.75,1.0
13448,54,43,2554,108,793.87,72.34,1.0
13449,64,35,2564,128,793.87,73.03,1.0
13450,50,44,2550,100,793.84,72.93,1.0
13451,43,31,2543,86,793.84,73.09,1.0
13452,72,6,2572,144,793.84,97.9,1.0
13453,101,56,2601,202,793.8,83.89,1.0
13454,261,59,2761,522,793.79,111.35,1.0
13455,108,6,2608,216,793.76,104.82,1.0
13456,146,56,2646,292,793.76,88.77,1.0
13457,202,58,2702,404,793.75,97.74,1.0
13458,73,50,2573,146,793.73,78.04,1.0
13459,236,59,2736,472,793.72,105.12,1.0
13460,43,40,2543,86,793.7,74.09,1.0
13461,74,49,2574,148,793.66,77.95,1.0
13462,54,39,2554,108,793.65,72.4,1.0
13463,206,7,2706,412,793.64,127.07,1.0
13464,54,34,2554,108,793.62,71.93,1.0
13465,102,55,2602,204,793.61,82.96,1.0
13466,53,45,2553,106,793.6,74.25,1.0
13467,211,57,2711,422,793.57,100.89,1.0
13468,50,40,2550,100,793.56,74.16,1.0
13469,246,59,2746,492,793.55,104.72,1.0
13470,263,59,2763,526,793.55,109.21,1.0
13471,268,60,2768,536,793.55,109.17,1.0
13472,84,53,2584,168,793.52,79.34,1.0
13473,97,54,2597,194,793.52,82.02,1.0
13474,186,57,2686,372,793.47,98.86,1.0
13475,94,55,2594,188,793.45,82.51,1.0
13476,66,48,2566,132,793.45,76.55,1.0
13477,204,58,2704,408,793.45,99.08,1.0
13478,199,58,2699,398,793.44,98.6,1.0
13479,43,38,2543,86,793.41,73.6,1.0
13480,64,32,2564,128,793.4,73.15,1.0
13481,83,6,2583,166,793.4,101.92,1.0
13482,43,42,2543,86,793.38,74.03,1.0
13483,189,58,2689,378,793.38,98.06,1.0
13484,208,57,2708,416,793.38,99.01,1.0
13485,99,56,2599,198,793.36,82.21,1.0
13486,248,59,2748,496,793.35,102.43,1.0
13487,239,58,2739,478,793.32,104.17,1.0
13488,181,7,2681,362,793.29,122.83,1.0
13489,177,58,2677,354,793.27,95.31,1.0
13490,50,41,2550,100,793.25,74.06,1.0
13491,43,41,2543,86,793.22,73.83,1.0
13492,53,46,2553,106,793.16,74.19,1.0
13493,61,46,2561,122,793.15,74.91,1.0
13494,50,33,2550,100,793.14,73.72,1.0
13495,50,35,2550,100,793.1,73.02,1.0
13496,164,58,2664,328,793.1,95.12,1.0
13497,43,36,2543,86,793.08,73.94,1.0
13498,3,5,2503,6,793.08,75.59,1.0
13499,3,29,2503,6,793.08,69.63,1.0
13500,68,52,2568,136,793.08,78.35,1.0
13501,98,6,2598,196,793.08,102.7,1.0
13502,133,57,2633,266,793.07,88.9,1.0
13503,81,52,2581,162,793.06,78.15,1.0
13504,293,60,2793,586,793.04,114.04,1.0
13505,43,43,2543,86,793.0,73.17,1.0
13506,44,31,2544,88,792.98,71.32,1.0
13507,54,44,2554,108,792.98,71.48,1.0
13508,132,57,2632,264,792.96,91.14,1.0
13509,217,58,2717,434,792.96,100.67,1.0
13510,44,43,2544,88,792.95,71.11,1.0
13511,259,58,2759,518,792.95,107.1,1.0
13512,2,29,2502,4,792.92,68.66,1.0
13513,91,52,2591,182,792.92,80.31,1.0
13514,54,35,2554,108,792.89,72.31,1.0
13515,270,60,2770,540,792.89,111.02,1.0
13516,135,56,2635,270,792.88,87.76,1.0
13517,50,36,2550,100,792.87,73.1,1.0
13518,50,38,2550,100,792.84,73.86,1.0
13519,50,39,2550,100,792.84,74.03,1.0
13520,44,35,2544,88,792.84,71.51,1.0
13521,4,5,2504,8,792.84,75.15,1.0
13522,151,55,2651,302,792.84,88.35,1.0
13523,56,48,2556,112,792.81,74.8,1.0
13524,193,58,2693,386,792.81,96.9,1.0
13525,44,38,2544,88,792.8,71.4,1.0
13526,64,6,2564,128,792.8,93.96,1.0
13527,64,45,2564,128,792.8,72.61,1.0
13528,58,47,2558,116,792.76,73.99,1.0
13529,50,30,2550,100,792.75,74.24,1.0
13530,43,32,2543,86,792.75,73.47,1.0
13531,272,59,2772,544,792.75,109.91,1.0
13532,141,55,2641,282,792.74,86.57,1.0
13533,43,37,2543,86,792.73,73.65,1.0
13534,250,59,2750,500,792.72,109.49,1.0
13535,44,44,2544,88,792.71,70.89,1.0
13536,50,42,2550,100,792.69,73.4,1.0
13537,9,5,2509,18,792.69,78.53,1.0
13538,49,48,2549,98,792.67,75.21,1.0
13539,50,31,2550,100,792.66,73.67,1.0
13540,95,54,2595,190,792.65,83.03,1.0
13541,16,5,2516,32,792.64,79.47,1.0
13542,142,57,2642,284,792.64,89.37,1.0
13543,50,37,2550,100,792.62,73.74,1.0
13544,43,44,2543,86,792.62,73.64,1.0
13545,245,59,2745,490,792.6,105.82,1.0
13546,122,55,2622,244,792.57,86.24,1.0
13547,117,55,2617,234,792.57,83.77,1.0
13548,75,52,2575,150,792.56,76.62,1.0
13549,69,48,2569,138,792.56,75.71,1.0
13550,105,54,2605,210,792.56,84.27,1.0
13551,136,56,2636,272,792.56,90.0,1.0
13552,59,49,2559,118,792.52,75.6,1.0
13553,43,39,2543,86,792.51,73.84,1.0
13554,43,30,2543,86,792.48,73.86,1.0
13555,88,51,2588,176,792.46,80.64,1.0
13556,115,54,2615,230,792.45,82.4,1.0
13557,257,58,2757,514,792.44,105.56,1.0
13558,273,58,2773,546,792.44,106.25,1.0
13559,278,8,2778,556,792.43,143.09,1.0
13560,149,56,2649,298,792.41,88.72,1.0
13561,293,8,2793,586,792.39,142.43,1.0
13562,256,59,2756,512,792.36,107.51,1.0
13563,65,48,2565,130,792.31,74.94,1.0
13564,193,7,2693,386,792.31,123.97,1.0
13565,44,30,2544,88,792.3,71.76,1.0
13566,67,46,2567,134,792.27,75.44,1.0
13567,123,55,2623,246,792.24,88.36,1.0
13568,60,42,2560,120,792.21,74.6,1.0
13569,54,45,2554,108,792.2,72.59,1.0
13570,44,42,2544,88,792.19,71.46,1.0
13571,60,31,2560,120,792.18,75.56,1.0
13572,221,58,2721,442,792.18,104.85,1.0
13573,44,33,2544,88,792.17,71.52,1.0
13574,43,34,2543,86,792.15,73.86,1.0
13575,77,50,2577,154,792.09,76.39,1.0
13576,288,60,2788,576,792.09,113.4,1.0
13577,110,54,2610,220,792.06,83.67,1.0
13578,44,40,2544,88,792.02,71.75,1.0
13579,289,59,2789,578,792.0,111.31,1.0
13580,95,6,2595,190,791.96,104.9,1.0
13581,106,54,2606,212,791.96,82.87,1.0
13582,138,56,2638,276,791.95,89.53,1.0
13583,162,7,2662,324,791.95,123.88,1.0
13584,60,43,2560,120,791.94,74.73,1.0
13585,60,34,2560,120,791.92,74.67,1.0
13586,44,32,2544,88,791.85,71.0,1.0
13587,70,52,2570,140,791.81,76.74,1.0
13588,44,39,2544,88,791.79,71.2,1.0
13589,44,36,2544,88,791.78,70.91,1.0
13590,50,34,2550,100,791.77,73.8,1.0
13591,49,49,2549,98,791.75,75.43,1.0
13592,72,49,2572,144,791.74,76.91,1.0
13593,100,54,2600,200,791.71,81.82,1.0
13594,98,55,2598,196,791.7,81.87,1.0
13595,185,7,2685,370,791.7,124.34,1.0
13596,50,32,2550,100,791.67,73.8,1.0
13597,128,56,2628,256,791.64,91.24,1.0
13598,262,59,2762,524,791.64,105.71,1.0
13599,61,47,2561,122,791.56,75.18,1.0
13600,165,58,2665,330,791.56,93.7,1.0
13601,71,53,2571,142,791.55,76.78,1.0
13602,171,7,2671,342,791.54,119.35,1.0
13603,7,5,2507,14,791.53,76.09,1.0
13604,265,8,2765,530,791.49,142.98,1.0
13605,44,41,2544,88,791.43,71.64,1.0
13606,55,51,2555,110,791.41,75.32,1.0
13607,60,35,2560,120,791.4,74.62,1.0
13608,60,39,2560,120,791.4,74.51,1.0
13609,196,59,2696,392,791.4,99.25,1.0
13610,44,37,2544,88,791.39,71.19,1.0
13611,126,57,2626,252,791.39,88.8,1.0
13612,92,52,2592,184,791.38,80.58,1.0
13613,76,52,2576,152,791.38,77.03,1.0
13614,249,60,2749,498,791.38,110.65,1.0
13615,60,36,2560,120,791.37,74.84,1.0
13616,145,56,2645,290,791.37,90.57,1.0
13617,2,5,2502,4,791.36,73.11,1.0
13618,85,51,2585,170,791.34,80.7,1.0
13619,201,58,2701,402,791.3,98.03,1.0
13620,205,59,2705,410,791.29,100.64,1.0
13621,73,51,2573,146,791.27,78.13,1.0
13622,284,59,2784,568,791.26,108.65,1.0
13623,44,34,2544,88,791.23,71.01,1.0
13624,87,54,2587,174,791.22,79.66,1.0
13625,93,50,2593,186,791.2,80.04,1.0
13626,60,32,2560,120,791.19,75.02,1.0
13627,44,45,2544,88,791.19,71.78,1.0
13628,152,57,2652,304,791.19,96.14,1.0
13629,191,58,2691,382,791.19,98.8,1.0
13630,86,52,2586,172,791.17,81.22,1.0
13631,116,56,2616,232,791.17,85.53,1.0
13632,299,59,2799,598,791.15,116.14,1.0
13633,60,30,2560,120,791.12,75.0,1.0
13634,63,50,2563,126,791.1,78.16,1.0
13635,125,57,2625,250,791.07,87.5,1.0
13636,80,48,2580,160,791.05,77.09,1.0
13637,60,41,2560,120,791.04,75.21,1.0
13638,172,57,2672,344,791.04,95.59,1.0
13639,53,47,2553,106,791.0,74.67,1.0
13640,43,45,2543,86,790.97,73.72,1.0
13641,78,52,2578,156,790.9,79.34,1.0
13642,198,58,2698,396,790.89,97.62,1.0
13643,79,51,2579,158,790.85,81.77,1.0
13644,119,55,2619,238,790.85,85.74,1.0
13645,60,38,2560,120,790.82,74.73,1.0
13646,21,5,2521,42,790.82,81.18,1.0
13647,151,7,2651,302,790.79,116.27,1.0
13648,184,7,2684,368,790.79,122.99,1.0
13649,82,50,2582,164,790.73,77.96,1.0
13650,124,56,2624,248,790.73,87.48,1.0
13651,180,57,2680,360,790.73,93.4,1.0
13652,90,55,2590,180,790.71,81.57,1.0
13653,60,44,2560,120,790.68,74.69,1.0
13654,62,48,2562,124,790.67,76.46,1.0
13655,96,56,2596,192,790.63,83.44,1.0
13656,260,8,2760,520,790.63,142.65,1.0
13657,170,58,2670,340,790.62,93.52,1.0
13658,175,58,2675,350,790.59,94.61,1.0
13659,271,60,2771,542,790.59,108.97,1.0
13660,74,50,2574,148,790.58,77.51,1.0
13661,58,48,2558,116,790.53,73.59,1.0
13662,69,49,2569,138,790.53,76.16,1.0
13663,206,59,2706,412,790.51,101.46,1.0
13664,113,55,2613,226,790.5,88.57,1.0
13665,216,58,2716,432,790.47,100.45,1.0
13666,60,37,2560,120,790.46,74.37,1.0
13667,83,51,2583,166,790.42,81.13,1.0
13668,203,57,2703,406,790.4,99.41,1.0
13669,157,56,2657,314,790.39,93.01,1.0
13670,166,7,2666,332,790.38,120.14,1.0
13671,60,40,2560,120,790.36,75.29,1.0
13672,111,56,2611,222,790.33,83.99,1.0
13673,187,57,2687,374,790.27,97.24,1.0
13674,214,58,2714,428,790.26,97.92,1.0
13675,114,57,2614,228,790.25,83.74,1.0
13676,168,59,2668,336,790.23,95.24,1.0
13677,107,54,2607,214,790.2,82.18,1.0
13678,172,7,2672,344,790.18,121.45,1.0
13679,159,57,2659,318,790.18,91.85,1.0
13680,64,46,2564,128,790.15,74.3,1.0
13681,56,49,2556,112,790.11,74.83,1.0
13682,108,57,2608,216,790.11,84.77,1.0
13683,267,60,2767,534,790.07,109.44,1.0
13684,104,55,2604,208,790.04,84.15,1.0
13685,155,58,2655,310,790.04,93.37,1.0
13686,284,8,2784,568,790.02,142.93,1.0
13687,91,53,2591,182,789.97,81.01,1.0
13688,103,54,2603,206,789.93,83.63,1.0
13689,60,33,2560,120,789.88,75.32,1.0
13690,89,6,2589,178,789.87,101.16,1.0
13691,134,56,2634,268,789.84,90.4,1.0
13692,106,6,2606,212,789.83,104.97,1.0
13693,91,6,2591,182,789.81,103.17,1.0
13694,43,46,2543,86,789.78,73.67,1.0
13695,68,53,2568,136,789.77,77.88,1.0
13696,6,29,2506,12,789.75,69.24,1.0
13697,88,52,2588,176,789.73,80.7,1.0
13698,242,59,2742,484,789.71,106.84,1.0
13699,89,53,2589,178,789.7,81.35,1.0
13700,10,5,2510,20,789.69,76.08,1.0
13701,210,57,2710,420,789.68,97.58,1.0
13702,143,55,2643,286,789.66,89.57,1.0
13703,144,58,2644,288,789.65,91.97,1.0
13704,148,57,2648,296,789.62,90.89,1.0
13705,112,56,2612,224,789.59,83.96,1.0
13706,77,51,2577,154,789.58,77.28,1.0
13707,120,56,2620,240,789.57,86.19,1.0
13708,137,56,2637,274,789.56,88.36,1.0
13709,45,44,2545,90,789.54,71.45,1.0
13710,19,5,2519,38,789.48,78.93,1.0
13711,147,57,2647,294,789.48,91.02,1.0
13712,67,47,2567,134,789.47,74.37,1.0
13713,51,38,2551,102,789.43,74.57,1.0
13714,50,45,2550,100,789.42,73.85,1.0
13715,45,37,2545,90,789.41,71.54,1.0
13716,281,59,2781,562,789.4,107.1,1.0
13717,183,7,2683,366,789.39,121.59,1.0
13718,189,7,2689,378,789.38,125.68,1.0
13719,52,48,2552,104,789.37,75.61,1.0
13720,84,54,2584,168,789.37,80.33,1.0
13721,55,52,2555,110,789.35,75.45,1.0
13722,202,7,2702,404,789.34,126.15,1.0
13723,166,57,2666,332,789.33,92.95,1.0
13724,66,49,2566,132,789.3,76.38,1.0
13725,171,57,2671,342,789.29,95.03,1.0
13726,247,59,2747,494,789.26,107.81,1.0
13727,49,50,2549,98,789.2,75.08,1.0
13728,54,46,2554,108,789.2,72.7,1.0
13729,45,30,2545,90,789.19,71.48,1.0
13730,75,53,2575,150,789.17,77.31,1.0
13731,45,32,2545,90,789.1,71.91,1.0
13732,130,56,2630,260,789.1,87.08,1.0
13733,45,38,2545,90,789.09,71.72,1.0
13734,266,60,2766,532,789.06,107.23,1.0
13735,51,31,2551,102,789.01,73.06,1.0
13736,45,42,2545,90,789.01,71.7,1.0
13737,51,39,2551,102,789.0,73.35,1.0
13738,73,52,2573,146,789.0,78.35,1.0
13739,229,59,2729,458,789.0,105.0,1.0
13740,139,56,2639,278,788.98,89.1,1.0
13741,51,37,2551,102,788.95,72.78,1.0
13742,59,50,2559,118,788.95,75.59,1.0
13743,13,5,2513,26,788.9,77.84,1.0
13744,72,50,2572,144,788.88,77.21,1.0
13745,174,57,2674,348,788.84,95.02,1.0
13746,228,59,2728,456,788.83,102.87,1.0
13747,51,33,2551,102,788.79,73.55,1.0
13748,102,6,2602,204,788.78,106.95,1.0
13749,27,5,2527,54,788.76,83.31,1.0
13750,45,31,2545,90,788.73,71.21,1.0
13751,87,55,2587,174,788.72,79.68,1.0
13752,243,60,2743,486,788.72,105.18,1.0
13753,58,49,2558,116,788.7,74.63,1.0
13754,76,53,2576,152,788.69,78.36,1.0
13755,45,35,2545,90,788.68,71.52,1.0
13756,45,33,2545,90,788.67,72.14,1.0
13757,92,53,2592,184,788.66,80.5,1.0
13758,57,35,2557,114,788.63,72.76,1.0
13759,57,44,2557,114,788.58,73.12,1.0
13760,51,32,2551,102,788.54,73.85,1.0
13761,118,55,2618,236,788.54,86.52,1.0
13762,85,52,2585,170,788.53,80.49,1.0
13763,179,59,2679,358,788.53,97.13,1.0
13764,45,34,2545,90,788.52,70.99,1.0
13765,51,35,2551,102,788.51,73.95,1.0
13766,53,48,2553,106,788.51,75.09,1.0
13767,176,58,2676,352,788.5,98.25,1.0
13768,183,58,2683,366,788.49,97.27,1.0
13769,196,7,2696,392,788.49,126.87,1.0
13770,11,5,2511,22,788.48,76.45,1.0
13771,109,56,2609,218,788.47,84.46,1.0
13772,150,56,2650,300,788.47,91.01,1.0
13773,44,46,2544,88,788.46,72.34,1.0
13774,45,39,2545,90,788.43,71.69,1.0
13775,255,8,2755,510,788.42,137.02,1.0
13776,275,60,2775,550,788.39,113.22,1.0
13777,215,58,2715,430,788.38,102.72,1.0
13778,77,6,2577,154,788.31,97.51,1.0
13779,241,60,2741,482,788.31,108.74,1.0
13780,45,41,2545,90,788.3,71.53,1.0
13781,92,6,2592,184,788.29,100.78,1.0
13782,112,6,2612,224,788.29,106.24,1.0
13783,184,59,2684,368,788.29,95.94,1.0
13784,51,43,2551,102,788.27,73.63,1.0
13785,51,42,2551,102,788.25,73.57,1.0
13786,82,51,2582,164,788.25,78.98,1.0
13787,57,42,2557,114,788.24,73.79,1.0
13788,178,59,2678,356,788.23,98.05,1.0
13789,140,58,2640,280,788.2,91.86,1.0
13790,51,44,2551,102,788.19,73.67,1.0
13791,133,58,2633,266,788.14,90.1,1.0
13792,239,8,2739,478,788.14,133.8,1.0
13793,156,57,2656,312,788.13,93.88,1.0
13794,43,47,2543,86,788.12,74.57,1.0
13795,226,59,2726,452,788.12,104.86,1.0
13796,57,31,2557,114,788.11,73.81,1.0
13797,51,41,2551,102,788.08,73.64,1.0
13798,45,43,2545,90,788.07,71.44,1.0
13799,290,59,2790,580,788.07,111.65,1.0
13800,51,34,2551,102,788.06,73.59,1.0
13801,54,47,2554,108,788.04,72.8,1.0
13802,263,8,2763,526,788.04,137.85,1.0
13803,282,59,2782,564,788.02,113.55,1.0
13804,51,36,2551,102,787.94,73.44,1.0
13805,51,40,2551,102,787.94,74.0,1.0
13806,45,40,2545,90,787.93,71.9,1.0
13807,57,6,2557,114,787.92,92.07,1.0
13808,63,51,2563,126,787.91,78.02,1.0
13809,161,59,2661,322,787.91,93.89,1.0
13810,102,56,2602,204,787.88,85.33,1.0
13811,190,58,2690,380,787.86,98.43,1.0
13812,251,59,2751,502,787.8,107.43,1.0
13813,57,40,2557,114,787.79,73.77,1.0
13814,12,5,2512,24,787.79,79.1,1.0
13815,65,49,2565,130,787.79,74.62,1.0
13816,181,59,2681,362,787.78,96.24,1.0
13817,212,60,2712,424,787.78,103.6,1.0
13818,49,51,2549,98,787.77,75.7,1.0
13819,101,57,2601,202,787.77,85.48,1.0
13820,81,53,2581,162,787.76,78.96,1.0
13821,83,52,2583,166,787.74,81.67,1.0
13822,154,59,2654,308,787.74,94.53,1.0
13823,91,54,2591,182,787.72,81.02,1.0
13824,51,30,2551,102,787.71,73.27,1.0
13825,57,39,2557,114,787.71,73.16,1.0
13826,45,36,2545,90,787.66,71.46,1.0
13827,207,59,2707,414,787.66,102.76,1.0
13828,195,59,2695,390,787.65,100.57,1.0
13829,129,57,2629,258,787.62,89.38,1.0
13830,57,36,2557,114,787.61,73.14,1.0
13831,57,34,2557,114,787.59,73.52,1.0
13832,57,32,2557,114,787.58,74.17,1.0
13833,106,55,2606,212,787.57,82.72,1.0
13834,197,59,2697,394,787.57,102.9,1.0
13835,50,46,2550,100,787.53,74.72,1.0
13836,56,50,2556,112,787.53,75.36,1.0
13837,68,54,2568,136,787.53,78.42,1.0
13838,57,43,2557,114,787.52,73.52,1.0
13839,60,45,2560,120,787.5,75.64,1.0
13840,230,60,2730,460,787.5,102.25,1.0
13841,163,58,2663,326,787.49,92.73,1.0
13842,296,59,2796,592,787.48,107.44,1.0
13843,48,39,2548,96,787.47,73.38,1.0
13844,80,49,2580,160,787.47,77.18,1.0
13845,97,55,2597,194,787.46,83.26,1.0
13846,260,59,2760,520,787.46,111.87,1.0
13847,61,48,2561,122,787.44,75.61,1.0
13848,104,6,2604,208,787.44,106.39,1.0
13849,93,51,2593,186,787.41,80.0,1.0
13850,277,8,2777,554,787.4,138.89,1.0
13851,57,41,2557,114,787.38,74.03,1.0
13852,48,36,2548,96,787.37,73.0,1.0
13853,67,48,2567,134,787.36,76.33,1.0
13854,115,55,2615,230,787.36,82.65,1.0
13855,78,53,2578,156,787.33,79.65,1.0
13856,57,33,2557,114,787.32,74.07,1.0
13857,110,55,2610,220,787.3,85.31,1.0
13858,240,59,2740,480,787.3,105.29,1.0
13859,145,57,2645,290,787.27,91.19,1.0
13860,258,60,2758,516,787.26,111.76,1.0
13861,169,58,2669,338,787.23,96.69,1.0
13862,48,40,2548,96,787.18,72.96,1.0
13863,57,38,2557,114,787.14,73.3,1.0
13864,57,37,2557,114,787.13,73.93,1.0
13865,141,56,2641,282,787.11,87.92,1.0
13866,265,60,2765,530,787.11,111.74,1.0
13867,297,59,2797,594,787.11,110.53,1.0
13868,48,41,2548,96,787.1,73.41,1.0
13869,43,48,2543,86,787.08,74.48,1.0
13870,71,54,2571,142,787.07,78.44,1.0
13871,53,49,2553,106,787.05,74.94,1.0
13872,64,47,2564,128,787.05,74.02,1.0
13873,66,50,2566,132,787.05,77.08,1.0
13874,48,30,2548,96,787.02,73.89,1.0
13875,45,45,2545,90,787.02,71.24,1.0
13876,86,53,2586,172,787.01,81.89,1.0
13877,48,31,2548,96,787.0,73.27,1.0
13878,48,44,2548,96,787.0,73.58,1.0
13879,57,30,2557,114,786.97,73.15,1.0
13880,98,56,2598,196,786.96,82.92,1.0
13881,48,33,2548,96,786.95,73.3,1.0
13882,96,57,2596,192,786.95,84.43,1.0
13883,48,37,2548,96,786.87,73.46,1.0
13884,202,59,2702,404,786.86,99.7,1.0
13885,94,56,2594,188,786.82,82.45,1.0
13886,18,5,2518,36,786.8,78.55,1.0
13887,182,59,2682,364,786.8,99.69,1.0
13888,48,35,2548,96,786.77,73.36,1.0
13889,264,59,2764,528,786.77,110.19,1.0
13890,127,56,2627,254,786.76,88.06,1.0
13891,70,53,2570,140,786.75,78.23,1.0
13892,48,34,2548,96,786.74,72.78,1.0
13893,95,55,2595,190,786.74,84.22,1.0
13894,117,56,2617,234,786.74,85.21,1.0
13895,191,7,2691,382,786.74,125.66,1.0
13896,55,53,2555,110,786.73,75.55,1.0
13897,74,51,2574,148,786.68,79.06,1.0
13898,153,58,2653,306,786.65,93.28,1.0
13899,48,43,2548,96,786.62,73.81,1.0
13900,79,52,2579,158,786.62,81.37,1.0
13901,256,8,2756,512,786.62,140.79,1.0
13902,173,59,2673,346,786.6,94.99,1.0
13903,238,59,2738,476,786.6,104.87,1.0
13904,121,55,2621,242,786.55,86.09,1.0
13905,188,56,2688,376,786.52,98.32,1.0
13906,234,8,2734,468,786.51,132.48,1.0
13907,174,7,2674,348,786.48,123.7,1.0
13908,63,52,2563,126,786.47,78.59,1.0
13909,62,49,2562,124,786.45,77.56,1.0
13910,97,6,2597,194,786.44,106.35,1.0
13911,135,57,2635,270,786.38,88.45,1.0
13912,158,57,2658,316,786.36,92.4,1.0
13913,100,55,2600,200,786.35,83.62,1.0
13914,105,55,2605,210,786.34,85.62,1.0
13915,227,58,2727,454,786.34,101.74,1.0
13916,48,38,2548,96,786.32,72.55,1.0
13917,48,32,2548,96,786.3,73.51,1.0
13918,69,50,2569,138,786.29,77.1,1.0
13919,60,46,2560,120,786.18,76.13,1.0
13920,231,58,2731,462,786.18,103.36,1.0
13921,111,6,2611,222,786.16,105.96,1.0
13922,44,47,2544,88,786.15,73.41,1.0
13923,160,60,2660,320,786.13,95.99,1.0
13924,75,54,2575,150,786.11,78.31,1.0
13925,280,59,2780,560,786.11,110.27,1.0
13926,89,54,2589,178,786.1,81.62,1.0
13927,123,56,2623,246,786.1,89.22,1.0
13928,211,58,2711,422,786.1,101.68,1.0
13929,218,59,2718,436,786.03,104.45,1.0
13930,292,8,2792,584,786.03,144.59,1.0
13931,269,8,2769,538,786.01,137.97,1.0
13932,77,52,2577,154,786.0,77.69,1.0
13933,48,42,2548,96,785.94,72.75,1.0
13934,292,60,2792,584,785.93,110.86,1.0
13935,122,56,2622,244,785.9,86.59,1.0
13936,131,57,2631,262,785.85,87.33,1.0
13937,146,57,2646,292,785.84,90.35,1.0
13938,164,59,2664,328,785.82,96.84,1.0
13939,276,60,2776,552,785.82,114.06,1.0
13940,51,45,2551,102,785.81,73.43,1.0
13941,217,59,2717,434,785.8,103.6,1.0
13942,288,8,2788,576,785.8,143.89,1.0
13943,8,5,2508,16,785.77,75.86,1.0
13944,65,50,2565,130,785.75,76.57,1.0
13945,185,59,2685,370,785.72,99.82,1.0
13946,213,60,2713,426,785.72,103.23,1.0
13947,52,50,2552,104,785.71,76.62,1.0
13948,45,46,2545,90,785.71,72.26,1.0
13949,29,5,2529,58,785.59,84.99,1.0
13950,116,57,2616,232,785.59,85.59,1.0
13951,30,5,2530,60,785.57,84.22,1.0
13952,82,52,2582,164,785.57,79.25,1.0
13953,58,50,2558,116,785.53,75.01,1.0
13954,54,48,2554,108,785.52,73.48,1.0
13955,81,54,2581,162,785.5,80.09,1.0
13956,126,58,2626,252,785.48,89.73,1.0
13957,99,57,2599,198,785.45,83.57,1.0
13958,128,57,2628,256,785.42,91.55,1.0
13959,113,56,2613,226,785.39,88.99,1.0
13960,274,8,2774,548,785.39,139.61,1.0
13961,44,48,2544,88,785.37,72.92,1.0
13962,103,55,2603,206,785.35,83.89,1.0
13963,52,49,2552,104,785.34,75.8,1.0
13964,124,6,2624,248,785.34,109.61,1.0
13965,162,56,2662,324,785.34,94.4,1.0
13966,177,59,2677,354,785.34,96.37,1.0
13967,119,56,2619,238,785.33,85.04,1.0
13968,186,58,2686,372,785.33,99.21,1.0
13969,136,57,2636,272,785.32,91.53,1.0
13970,220,59,2720,440,785.3,105.28,1.0
13971,219,60,2719,438,785.24,103.45,1.0
13972,48,45,2548,96,785.23,74.16,1.0
13973,192,59,2692,384,785.22,99.38,1.0
13974,85,53,2585,170,785.2,80.72,1.0
13975,59,51,2559,118,785.19,75.9,1.0
13976,108,58,2608,216,785.16,86.53,1.0
13977,74,6,2574,148,785.11,100.39,1.0
13978,253,8,2753,506,785.1,137.18,1.0
13979,72,51,2572,144,785.09,77.32,1.0
13980,192,7,2692,384,785.08,127.13,1.0
13981,88,53,2588,176,785.07,81.92,1.0
13982,55,54,2555,110,785.03,77.2,1.0
13983,84,55,2584,168,785.02,80.6,1.0
13984,43,49,2543,86,784.97,75.49,1.0
13985,253,59,2753,506,784.97,105.77,1.0
13986,49,52,2549,98,784.95,77.05,1.0
13987,283,8,2783,566,784.94,142.46,1.0
13988,40,31,2540,80,784.9,71.86,1.0
13989,67,6,2567,134,784.87,95.87,1.0
13990,112,57,2612,224,784.87,85.55,1.0
13991,76,54,2576,152,784.85,79.1,1.0
13992,67,49,2567,134,784.81,76.04,1.0
13993,138,57,2638,276,784.79,91.19,1.0
13994,124,57,2624,248,784.73,88.22,1.0
13995,50,47,2550,100,784.72,74.69,1.0
13996,56,51,2556,112,784.7,76.27,1.0
13997,66,51,2566,132,784.66,77.31,1.0
13998,286,8,2786,572,784.65,140.72,1.0
13999,85,6,2585,170,784.64,99.56,1.0
14000,104,56,2604,208,784.63,85.83,1.0
14001,132,58,2632,264,784.63,92.49,1.0
14002,88,6,2588,176,784.56,104.21,1.0
14003,287,60,2787,574,784.56,111.94,1.0
14004,73,53,2573,146,784.55,78.69,1.0
14005,114,58,2614,228,784.54,85.24,1.0
14006,167,59,2667,334,784.54,96.15,1.0
14007,186,7,2686,372,784.52,125.86,1.0
14008,62,50,2562,124,784.51,77.56,1.0
14009,51,46,2551,102,784.49,74.47,1.0
14010,152,58,2652,304,784.48,96.24,1.0
14011,200,60,2700,400,784.48,104.05,1.0
14012,54,49,2554,108,784.44,72.95,1.0
14013,180,58,2680,360,784.4,94.7,1.0
14014,57,45,2557,114,784.39,73.42,1.0
14015,40,33,2540,80,784.37,71.72,1.0
14016,60,47,2560,120,784.37,76.0,1.0
14017,235,59,2735,470,784.37,106.34,1.0
14018,109,57,2609,218,784.36,85.94,1.0
14019,224,60,2724,448,784.35,105.11,1.0
14020,40,39,2540,80,784.28,71.77,1.0
14021,194,60,2694,388,784.24,100.6,1.0
14022,82,6,2582,164,784.23,99.91,1.0
14023,90,56,2590,180,784.22,82.61,1.0
14024,40,34,2540,80,784.19,72.02,1.0
14025,53,50,2553,106,784.19,75.32,1.0
14026,56,52,2556,112,784.19,76.97,1.0
14027,40,38,2540,80,784.18,71.9,1.0
14028,222,59,2722,444,784.17,103.09,1.0
14029,26,5,2526,52,784.14,83.43,1.0
14030,80,50,2580,160,784.07,79.0,1.0
14031,40,32,2540,80,784.03,71.81,1.0
14032,40,41,2540,80,784.0,71.3,1.0
14033,143,56,2643,286,783.98,90.38,1.0
14034,97,56,2597,194,783.96,83.69,1.0
14035,40,42,2540,80,783.93,71.85,1.0
14036,68,55,2568,136,783.92,79.15,1.0
14037,40,35,2540,80,783.91,72.81,1.0
14038,65,51,2565,130,783.9,76.83,1.0
14039,40,30,2540,80,783.87,71.38,1.0
14040,279,8,2779,558,783.86,143.53,1.0
14041,59,52,2559,118,783.85,77.29,1.0
14042,46,31,2546,92,783.85,73.99,1.0
14043,40,44,2540,80,783.75,71.44,1.0
14044,283,60,2783,566,783.75,112.22,1.0
14045,40,37,2540,80,783.73,72.32,1.0
14046,285,60,2785,570,783.67,111.08,1.0
14047,64,48,2564,128,783.64,75.12,1.0
14048,149,57,2649,298,783.6,90.42,1.0
14049,46,33,2546,92,783.59,74.09,1.0
14050,83,53,2583,166,783.57,82.89,1.0
14051,93,52,2593,186,783.53,80.97,1.0
14052,232,60,2732,464,783.5,106.62,1.0
14053,286,60,2786,572,783.48,110.6,1.0
14054,46,35,2546,92,783.46,73.77,1.0
14055,52,51,2552,104,783.44,76.61,1.0
14056,237,59,2737,474,783.43,106.23,1.0
14057,78,54,2578,156,783.41,80.67,1.0
14058,40,40,2540,80,783.4,71.73,1.0
14059,45,47,2545,90,783.39,72.35,1.0
14060,120,57,2620,240,783.38,88.31,1.0
14061,57,46,2557,114,783.37,74.38,1.0
14062,61,49,2561,122,783.35,76.36,1.0
14063,252,60,2752,504,783.35,109.06,1.0
14064,33,44,2533,66,783.34,73.41,1.0
14065,203,58,2703,406,783.34,100.8,1.0
14066,40,36,2540,80,783.33,71.86,1.0
14067,87,56,2587,174,783.32,80.78,1.0
14068,246,60,2746,492,783.31,108.45,1.0
14069,40,43,2540,80,783.3,72.09,1.0
14070,168,60,2668,336,783.28,96.31,1.0
14071,234,59,2734,468,783.28,101.13,1.0
14072,125,58,2625,250,783.26,88.96,1.0
14073,46,40,2546,92,783.24,74.44,1.0
14074,80,6,2580,160,783.23,99.71,1.0
14075,37,42,2537,74,783.22,73.86,1.0
14076,63,53,2563,126,783.22,79.75,1.0
14077,71,55,2571,142,783.2,78.17,1.0
14078,248,60,2748,496,783.19,105.28,1.0
14079,49,53,2549,98,783.18,78.26,1.0
14080,17,5,2517,34,783.18,79.07,1.0
14081,79,53,2579,158,783.18,81.55,1.0
14082,106,56,2606,212,783.17,84.06,1.0
14083,69,51,2569,138,783.08,77.71,1.0
14084,51,47,2551,102,783.07,74.71,1.0
14085,48,46,2548,96,783.06,73.83,1.0
14086,24,5,2524,48,783.05,82.68,1.0
14087,96,58,2596,192,783.05,83.59,1.0
14088,129,58,2629,258,783.02,90.26,1.0
14089,148,58,2648,296,782.99,91.09,1.0
14090,110,56,2610,220,782.94,86.67,1.0
14091,46,32,2546,92,782.93,74.15,1.0
14092,46,44,2546,92,782.93,73.67,1.0
14093,107,55,2607,214,782.93,84.17,1.0
14094,101,58,2601,202,782.89,86.35,1.0
14095,199,59,2699,398,782.85,99.07,1.0
14096,46,34,2546,92,782.79,73.38,1.0
14097,33,31,2533,66,782.77,73.5,1.0
14098,37,43,2537,74,782.76,73.4,1.0
14099,44,49,2544,88,782.76,73.3,1.0
14100,46,41,2546,92,782.76,73.83,1.0
14101,233,59,2733,466,782.76,106.87,1.0
14102,255,59,2755,510,782.76,107.82,1.0
14103,46,36,2546,92,782.75,73.62,1.0
14104,244,60,2744,488,782.74,106.6,1.0
14105,91,55,2591,182,782.73,81.97,1.0
14106,89,55,2589,178,782.73,82.68,1.0
14107,187,7,2687,374,782.72,121.93,1.0
14108,46,42,2546,92,782.68,73.35,1.0
14109,103,6,2603,206,782.67,106.68,1.0
14110,74,52,2574,148,782.66,79.13,1.0
14111,61,50,2561,122,782.61,76.62,1.0
14112,98,57,2598,196,782.61,84.08,1.0
14113,151,56,2651,302,782.6,89.76,1.0
14114,115,56,2615,230,782.59,84.35,1.0
14115,46,37,2546,92,782.58,73.58,1.0
14116,174,58,2674,348,782.57,97.63,1.0
14117,58,51,2558,116,782.56,76.29,1.0
14118,37,33,2537,74,782.55,73.16,1.0
14119,37,35,2537,74,782.5,73.9,1.0
14120,66,52,2566,132,782.5,77.36,1.0
14121,72,52,2572,144,782.48,78.4,1.0
14122,273,59,2773,546,782.47,108.43,1.0
14123,46,38,2546,92,782.45,73.09,1.0
14124,76,55,2576,152,782.45,79.36,1.0
14125,46,30,2546,92,782.44,73.1,1.0
14126,53,51,2553,106,782.43,75.83,1.0
14127,117,57,2617,234,782.43,86.62,1.0
14128,294,60,2794,588,782.42,111.65,1.0
14129,130,57,2630,260,782.41,87.63,1.0
14130,33,35,2533,66,782.4,73.27,1.0
14131,274,60,2774,548,782.39,111.35,1.0
14132,41,32,2541,82,782.38,73.8,1.0
14133,86,54,2586,172,782.38,82.59,1.0
14134,139,57,2639,278,782.38,89.4,1.0
14135,33,32,2533,66,782.37,74.16,1.0
14136,147,58,2647,294,782.37,93.11,1.0
14137,37,36,2537,74,782.35,73.41,1.0
14138,37,39,2537,74,782.35,73.29,1.0
14139,33,37,2533,66,782.33,73.67,1.0
14140,254,60,2754,508,782.33,109.0,1.0
14141,54,50,2554,108,782.31,73.79,1.0
14142,200,7,2700,400,782.31,131.8,1.0
14143,34,32,2534,68,782.3,72.2,1.0
14144,37,37,2537,74,782.29,73.24,1.0
14145,170,59,2670,340,782.29,95.95,1.0
14146,225,59,2725,450,782.29,105.51,1.0
14147,175,59,2675,350,782.26,96.01,1.0
14148,280,8,2780,560,782.26,143.89,1.0
14149,40,45,2540,80,782.24,72.19,1.0
14150,137,57,2637,274,782.24,89.89,1.0
14151,105,56,2605,210,782.23,86.53,1.0
14152,34,37,2534,68,782.2,71.83,1.0
14153,81,55,2581,162,782.2,80.04,1.0
14154,189,59,2689,378,782.2,98.7,1.0
14155,46,39,2546,92,782.19,73.67,1.0
14156,33,40,2533,66,782.18,73.61,1.0
14157,118,56,2618,236,782.17,87.31,1.0
14158,33,42,2533,66,782.16,73.66,1.0
14159,37,31,2537,74,782.11,73.73,1.0
14160,75,55,2575,150,782.08,79.14,1.0
14161,37,44,2537,74,782.0,74.14,1.0
14162,33,39,2533,66,782.0,73.77,1.0
14163,34,40,2534,68,782.0,72.23,1.0
14164,92,54,2592,184,782.0,81.2,1.0
14165,140,59,2640,280,781.99,92.37,1.0
14166,171,58,2671,342,781.98,96.73,1.0
14167,279,60,2779,558,781.97,113.08,1.0
14168,33,30,2533,66,781.96,73.4,1.0
14169,37,30,2537,74,781.95,74.17,1.0
14170,33,36,2533,66,781.93,73.6,1.0
14171,105,6,2605,210,781.93,105.21,1.0
14172,41,40,2541,82,781.9,74.14,1.0
14173,191,59,2691,382,781.9,100.91,1.0
14174,223,60,2723,446,781.9,104.48,1.0
14175,111,57,2611,222,781.89,87.07,1.0
14176,34,38,2534,68,781.87,72.73,1.0
14177,100,6,2600,200,781.85,106.39,1.0
14178,33,33,2533,66,781.84,74.21,1.0
14179,37,40,2537,74,781.82,73.37,1.0
14180,33,41,2533,66,781.82,74.32,1.0
14181,50,48,2550,100,781.81,76.04,1.0
14182,37,34,2537,74,781.81,73.69,1.0
14183,22,5,2522,44,781.81,82.37,1.0
14184,46,43,2546,92,781.8,72.99,1.0
14185,70,54,2570,140,781.8,78.15,1.0
14186,134,57,2634,268,781.8,91.65,1.0
14187,236,60,2736,472,781.8,106.07,1.0
14188,221,59,2721,442,781.8,106.42,1.0
14189,37,32,2537,74,781.77,73.77,1.0
14190,223,7,2723,446,781.77,127.92,1.0
14191,45,48,2545,90,781.76,72.82,1.0
14192,82,53,2582,164,781.75,80.02,1.0
14193,52,52,2552,104,781.74,77.17,1.0
14194,41,30,2541,82,781.73,74.0,1.0
14195,34,34,2534,68,781.73,72.34,1.0
14196,43,50,2543,86,781.73,75.46,1.0
14197,34,44,2534,68,781.71,72.43,1.0
14198,34,39,2534,68,781.7,72.14,1.0
14199,67,50,2567,134,781.7,77.0,1.0
14200,114,6,2614,228,781.7,109.96,1.0
14201,34,42,2534,68,781.69,72.68,1.0
14202,73,54,2573,146,781.67,80.57,1.0
14203,159,58,2659,318,781.67,93.35,1.0
14204,155,59,2655,310,781.65,93.96,1.0
14205,77,53,2577,154,781.64,77.74,1.0
14206,102,57,2602,204,781.63,85.72,1.0
14207,33,38,2533,66,781.62,74.53,1.0
14208,34,33,2534,68,781.62,72.07,1.0
14209,34,30,2534,68,781.61,71.81,1.0
14210,34,35,2534,68,781.61,71.87,1.0
14211,34,43,2534,68,781.6,72.4,1.0
14212,64,49,2564,128,781.58,75.41,1.0
14213,33,43,2533,66,781.56,74.4,1.0
14214,34,36,2534,68,781.53,72.19,1.0
14215,41,34,2541,82,781.5,73.67,1.0
14216,55,55,2555,110,781.49,77.43,1.0
14217,41,37,2541,82,781.44,73.37,1.0
14218,128,58,2628,256,781.4,92.77,1.0
14219,43,5,2543,86,781.39,89.2,1.0
14220,95,56,2595,190,781.39,85.63,1.0
14221,34,41,2534,68,781.38,72.6,1.0
14222,144,59,2644,288,781.38,93.36,1.0
14223,60,48,2560,120,781.36,77.74,1.0
14224,166,58,2666,332,781.36,95.13,1.0
14225,201,59,2701,402,781.36,99.65,1.0
14226,34,31,2534,68,781.35,72.31,1.0
14227,278,60,2778,556,781.35,111.23,1.0
14228,37,41,2537,74,781.34,73.37,1.0
14229,41,35,2541,82,781.33,73.94,1.0
14230,37,38,2537,74,781.33,73.59,1.0
14231,193,59,2693,386,781.33,100.41,1.0
14232,41,42,2541,82,781.32,73.58,1.0
14233,41,44,2541,82,781.32,73.82,1.0
14234,37,45,2537,74,781.31,74.51,1.0
14235,62,51,2562,124,781.3,78.0,1.0
14236,141,57,2641,282,781.3,88.91,1.0
14237,51,48,2551,102,781.29,74.64,1.0
14238,94,57,2594,188,781.23,84.16,1.0
14239,245,60,2745,490,781.23,107.94,1.0
14240,219,7,2719,438,781.2,129.11,1.0
14241,277,60,2777,554,781.2,110.58,1.0
14242,29,34,2529,58,781.19,73.6,1.0
14243,196,60,2696,392,781.16,101.12,1.0
14244,41,39,2541,82,781.15,73.87,1.0
14245,79,54,2579,158,781.13,82.12,1.0
14246,84,56,2584,168,781.12,81.9,1.0
14247,63,54,2563,126,781.09,79.08,1.0
14248,41,36,2541,82,781.08,73.61,1.0
14249,20,5,2520,40,781.08,82.69,1.0
14250,29,33,2529,58,781.05,72.96,1.0
14251,33,34,2533,66,781.04,74.22,1.0
14252,41,43,2541,82,781.03,74.2,1.0
14253,31,5,2531,62,781.02,84.85,1.0
14254,41,31,2541,82,781.02,73.5,1.0
14255,142,58,2642,284,781.01,92.58,1.0
14256,41,38,2541,82,781.0,74.34,1.0
14257,41,41,2541,82,781.0,74.41,1.0
14258,68,56,2568,136,780.95,80.35,1.0
14259,99,58,2599,198,780.95,85.02,1.0
14260,127,57,2627,254,780.92,89.65,1.0
14261,42,30,2542,84,780.91,72.01,1.0
14262,69,52,2569,138,780.91,77.35,1.0
14263,29,44,2529,58,780.9,73.48,1.0
14264,59,53,2559,118,780.88,78.66,1.0
14265,29,38,2529,58,780.82,73.1,1.0
14266,88,54,2588,176,780.82,82.35,1.0
14267,210,58,2710,420,780.82,100.42,1.0
14268,29,32,2529,58,780.81,73.16,1.0
14269,29,30,2529,58,780.8,72.7,1.0
14270,187,58,2687,374,780.78,98.57,1.0
14271,161,60,2661,322,780.77,95.7,1.0
14272,29,41,2529,58,780.75,72.95,1.0
14273,119,57,2619,238,780.75,86.78,1.0
14274,291,60,2791,582,780.72,114.21,1.0
14275,126,6,2626,252,780.69,110.13,1.0
14276,34,45,2534,68,780.68,72.5,1.0
14277,46,45,2546,92,780.67,74.35,1.0
14278,126,59,2626,252,780.67,90.25,1.0
14279,40,46,2540,80,780.66,72.48,1.0
14280,206,60,2706,412,780.66,102.83,1.0
14281,198,59,2698,396,780.64,99.89,1.0
14282,57,47,2557,114,780.62,74.76,1.0
14283,44,50,2544,88,780.6,73.56,1.0
14284,67,51,2567,134,780.58,77.54,1.0
14285,42,44,2542,84,780.57,72.8,1.0
14286,33,45,2533,66,780.55,73.77,1.0
14287,124,58,2624,248,780.53,88.95,1.0
14288,156,58,2656,312,780.5,95.39,1.0
14289,42,41,2542,84,780.48,72.3,1.0
14290,259,59,2759,518,780.48,108.14,1.0
14291,208,58,2708,416,780.46,101.27,1.0
14292,42,33,2542,84,780.44,72.5,1.0
14293,39,32,2539,78,780.41,72.41,1.0
14294,39,44,2539,78,780.41,72.67,1.0
14295,48,47,2548,96,780.4,74.67,1.0
14296,41,33,2541,82,780.39,73.72,1.0
14297,29,42,2529,58,780.38,73.4,1.0
14298,116,58,2616,232,780.38,87.4,1.0
14299,65,52,2565,130,780.37,76.46,1.0
14300,39,37,2539,78,780.33,72.83,1.0
14301,31,35,2531,62,780.32,73.8,1.0
14302,29,31,2529,58,780.32,72.6,1.0
14303,58,52,2558,116,780.32,76.37,1.0
14304,104,57,2604,208,780.32,87.99,1.0
14305,114,59,2614,228,780.3,86.84,1.0
14306,113,6,2613,226,780.28,110.81,1.0
14307,165,59,2665,330,780.28,96.59,1.0
14308,263,60,2763,526,780.28,110.88,1.0
14309,113,57,2613,226,780.27,90.16,1.0
14310,204,59,2704,408,780.27,101.85,1.0
14311,29,35,2529,58,780.24,73.52,1.0
14312,121,56,2621,242,780.23,88.0,1.0
14313,61,51,2561,122,780.22,77.36,1.0
14314,34,46,2534,68,780.22,72.04,1.0
14315,42,31,2542,84,780.21,72.47,1.0
14316,73,55,2573,146,780.21,81.13,1.0
14317,42,40,2542,84,780.19,72.67,1.0
14318,100,56,2600,200,780.19,84.01,1.0
14319,135,58,2635,270,780.18,90.72,1.0
14320,157,57,2657,314,780.17,95.37,1.0
14321,29,39,2529,58,780.16,73.16,1.0
14322,29,43,2529,58,780.16,73.74,1.0
14323,39,38,2539,78,780.14,72.58,1.0
14324,39,30,2539,78,780.13,72.54,1.0
14325,54,51,2554,108,780.13,73.91,1.0
14326,42,43,2542,84,780.12,72.79,1.0
14327,107,56,2607,214,780.12,83.99,1.0
14328,176,59,2676,352,780.1,99.5,1.0
14329,38,43,2538,76,780.08,72.65,1.0
14330,39,43,2539,78,780.07,72.38,1.0
14331,23,5,2523,46,780.07,82.35,1.0
14332,181,60,2681,362,780.05,98.21,1.0
14333,214,59,2714,428,780.03,98.99,1.0
14334,38,37,2538,76,780.02,73.28,1.0
14335,146,58,2646,292,780.02,90.97,1.0
14336,38,32,2538,76,779.99,72.89,1.0
14337,39,33,2539,78,779.97,72.69,1.0
14338,190,7,2690,380,779.95,126.93,1.0
14339,184,60,2684,368,779.94,98.33,1.0
14340,31,34,2531,62,779.93,73.61,1.0
14341,39,34,2539,78,779.92,72.17,1.0
14342,109,6,2609,218,779.92,106.68,1.0
14343,39,35,2539,78,779.89,72.49,1.0
14344,37,46,2537,74,779.84,74.26,1.0
14345,29,40,2529,58,779.83,72.97,1.0
14346,70,55,2570,140,779.82,78.72,1.0
14347,261,60,2761,522,779.82,113.8,1.0
14348,69,53,2569,138,779.81,77.86,1.0
14349,42,37,2542,84,779.78,72.32,1.0
14350,6,5,2506,12,779.78,75.67,1.0
14351,172,58,2672,344,779.78,96.38,1.0
14352,29,37,2529,58,779.77,72.94,1.0
14353,90,57,2590,180,779.77,83.91,1.0
14354,295,59,2795,590,779.75,110.64,1.0
14355,27,39,2527,54,779.74,72.8,1.0
14356,39,36,2539,78,779.74,72.7,1.0
14357,123,57,2623,246,779.74,91.45,1.0
14358,42,36,2542,84,779.73,72.64,1.0
14359,125,6,2625,250,779.7,110.14,1.0
14360,42,42,2542,84,779.69,72.73,1.0
14361,220,7,2720,440,779.69,133.92,1.0
14362,294,8,2794,588,779.69,142.37,1.0
14363,39,40,2539,78,779.68,73.15,1.0
14364,197,7,2697,394,779.68,130.59,1.0
14365,273,8,2773,546,779.68,141.15,1.0
14366,29,36,2529,58,779.67,73.54,1.0
14367,87,57,2587,174,779.64,82.26,1.0
14368,41,45,2541,82,779.62,74.14,1.0
14369,38,44,2538,76,779.62,73.02,1.0
14370,33,5,2533,66,779.61,86.82,1.0
14371,42,39,2542,84,779.61,72.57,1.0
14372,42,34,2542,84,779.6,72.12,1.0
14373,42,35,2542,84,779.59,72.14,1.0
14374,205,60,2705,410,779.59,101.27,1.0
14375,256,60,2756,512,779.58,109.45,1.0
14376,56,53,2556,112,779.56,76.57,1.0
14377,31,41,2531,62,779.54,73.09,1.0
14378,38,30,2538,76,779.54,72.43,1.0
14379,83,54,2583,166,779.54,82.56,1.0
14380,112,58,2612,224,779.53,87.57,1.0
14381,179,60,2679,358,779.51,98.11,1.0
14382,39,31,2539,78,779.5,72.99,1.0
14383,30,34,2530,60,779.47,72.76,1.0
14384,38,36,2538,76,779.46,72.47,1.0
14385,39,42,2539,78,779.45,72.76,1.0
14386,42,38,2542,84,779.45,72.41,1.0
14387,218,7,2718,436,779.42,131.49,1.0
14388,14,5,2514,28,779.41,79.58,1.0
14389,31,36,2531,62,779.39,73.87,1.0
14390,122,57,2622,244,779.38,87.34,1.0
14391,38,38,2538,76,779.36,73.14,1.0
14392,31,37,2531,62,779.35,73.58,1.0
14393,110,6,2610,220,779.35,107.8,1.0
14394,38,42,2538,76,779.34,73.05,1.0
14395,91,56,2591,182,779.34,82.99,1.0
14396,89,56,2589,178,779.34,83.81,1.0
14397,178,60,2678,356,779.34,98.76,1.0
14398,93,53,2593,186,779.33,82.52,1.0
14399,103,56,2603,206,779.33,85.77,1.0
14400,38,40,2538,76,779.3,72.95,1.0
14401,53,52,2553,106,779.29,77.26,1.0
14402,299,60,2799,598,779.25,117.49,1.0
14403,30,35,2530,60,779.23,72.7,1.0
14404,37,47,2537,74,779.2,74.58,1.0
14405,38,41,2538,76,779.17,73.28,1.0
14406,230,7,2730,460,779.17,130.37,1.0
14407,78,55,2578,156,779.16,80.98,1.0
14408,107,6,2607,214,779.16,106.42,1.0
14409,30,38,2530,60,779.15,72.95,1.0
14410,31,42,2531,62,779.15,73.49,1.0
14411,40,47,2540,80,779.14,72.97,1.0
14412,50,49,2550,100,779.14,75.86,1.0
14413,92,55,2592,184,779.14,82.12,1.0
14414,42,32,2542,84,779.12,72.46,1.0
14415,77,54,2577,154,779.11,78.72,1.0
14416,31,38,2531,62,779.1,73.5,1.0
14417,38,31,2538,76,779.08,72.85,1.0
14418,101,59,2601,202,779.08,87.85,1.0
14419,71,56,2571,142,779.07,80.22,1.0
14420,150,57,2650,300,779.07,91.22,1.0
14421,45,49,2545,90,779.06,73.43,1.0
14422,86,55,2586,172,779.06,83.65,1.0
14423,229,60,2729,458,779.04,104.95,1.0
14424,31,30,2531,62,779.03,73.26,1.0
14425,39,41,2539,78,779.02,72.34,1.0
14426,250,60,2750,500,779.02,111.82,1.0
14427,31,32,2531,62,779.0,73.22,1.0
14428,29,45,2529,58,779.0,73.67,1.0
14429,30,40,2530,60,778.99,72.3,1.0
14430,49,54,2549,98,778.99,78.0,1.0
14431,131,58,2631,262,778.98,88.39,1.0
14432,31,39,2531,62,778.97,73.18,1.0
14433,38,34,2538,76,778.95,72.99,1.0
14434,38,39,2538,76,778.95,72.78,1.0
14435,30,32,2530,60,778.94,72.44,1.0
14436,39,39,2539,78,778.93,73.28,1.0
14437,117,6,2617,234,778.93,108.43,1.0
14438,169,59,2669,338,778.9,98.38,1.0
14439,31,43,2531,62,778.89,72.63,1.0
14440,27,32,2527,54,778.88,73.35,1.0
14441,30,36,2530,60,778.86,72.9,1.0
14442,27,33,2527,54,778.83,72.98,1.0
14443,38,35,2538,76,778.83,72.89,1.0
14444,239,59,2739,478,778.83,106.41,1.0
14445,272,60,2772,544,778.83,113.53,1.0
14446,51,49,2551,102,778.82,74.95,1.0
14447,30,33,2530,60,778.8,72.48,1.0
14448,46,46,2546,92,778.8,74.04,1.0
14449,143,57,2643,286,778.8,91.11,1.0
14450,31,45,2531,62,778.77,73.35,1.0
14451,29,46,2529,58,778.77,73.31,1.0
14452,300,59,2800,600,778.76,114.76,1.0
14453,289,60,2789,578,778.76,113.79,1.0
14454,43,51,2543,86,778.75,75.23,1.0
14455,30,37,2530,60,778.73,72.59,1.0
14456,27,42,2527,54,778.73,72.68,1.0
14457,108,59,2608,216,778.71,86.83,1.0
14458,72,53,2572,144,778.68,79.14,1.0
14459,30,30,2530,60,778.67,71.69,1.0
14460,43,52,2543,86,778.66,75.91,1.0
14461,163,59,2663,326,778.65,95.09,1.0
14462,31,44,2531,62,778.64,73.03,1.0
14463,195,7,2695,390,778.64,128.21,1.0
14464,207,60,2707,414,778.64,104.19,1.0
14465,42,45,2542,84,778.63,72.82,1.0
14466,39,45,2539,78,778.62,72.38,1.0
14467,21,41,2521,42,778.62,71.98,1.0
14468,74,53,2574,148,778.6,79.37,1.0
14469,31,31,2531,62,778.59,73.65,1.0
14470,160,6,2660,320,778.59,119.07,1.0
14471,41,46,2541,82,778.56,74.56,1.0
14472,153,59,2653,306,778.55,94.71,1.0
14473,21,34,2521,42,778.54,71.56,1.0
14474,133,59,2633,266,778.54,91.38,1.0
14475,31,40,2531,62,778.51,72.61,1.0
14476,88,55,2588,176,778.48,83.62,1.0
14477,158,58,2658,316,778.46,92.52,1.0
14478,38,33,2538,76,778.45,73.13,1.0
14479,70,56,2570,140,778.44,79.35,1.0
14480,211,59,2711,422,778.44,103.05,1.0
14481,30,44,2530,60,778.43,72.47,1.0
14482,27,31,2527,54,778.43,72.91,1.0
14483,30,42,2530,60,778.41,71.97,1.0
14484,162,57,2662,324,778.39,96.29,1.0
14485,85,54,2585,170,778.38,81.39,1.0
14486,40,48,2540,80,778.35,73.39,1.0
14487,173,60,2673,346,778.35,98.07,1.0
14488,27,41,2527,54,778.34,72.66,1.0
14489,177,60,2677,354,778.34,98.95,1.0
14490,37,48,2537,74,778.33,74.28,1.0
14491,59,54,2559,118,778.33,78.54,1.0
14492,30,43,2530,60,778.31,72.53,1.0
14493,32,37,2532,64,778.31,73.32,1.0
14494,138,58,2638,276,778.31,91.24,1.0
14495,109,58,2609,218,778.3,87.0,1.0
14496,34,47,2534,68,778.29,72.74,1.0
14497,30,41,2530,60,778.28,72.53,1.0
14498,111,58,2611,222,778.28,87.35,1.0
14499,27,36,2527,54,778.25,73.22,1.0
14500,36,41,2536,72,778.25,73.38,1.0
14501,21,32,2521,42,778.25,72.79,1.0
14502,66,53,2566,132,778.22,78.42,1.0
14503,27,38,2527,54,778.21,72.43,1.0
14504,27,37,2527,54,778.16,73.12,1.0
14505,80,51,2580,160,778.16,80.01,1.0
14506,36,35,2536,72,778.12,72.19,1.0
14507,145,58,2645,290,778.12,93.25,1.0
14508,36,40,2536,72,778.11,73.32,1.0
14509,183,59,2683,366,778.1,98.48,1.0
14510,44,51,2544,88,778.09,74.35,1.0
14511,154,60,2654,308,778.07,96.14,1.0
14512,262,60,2762,524,778.07,109.57,1.0
14513,62,52,2562,124,778.06,78.83,1.0
14514,35,35,2535,70,778.06,72.72,1.0
14515,106,57,2606,212,778.06,83.78,1.0
14516,215,59,2715,430,778.06,104.15,1.0
14517,27,35,2527,54,778.04,73.13,1.0
14518,27,40,2527,54,778.04,72.94,1.0
14519,31,33,2531,62,778.01,73.45,1.0
14520,224,7,2724,448,778.01,130.04,1.0
14521,48,48,2548,96,778.0,74.65,1.0
14522,61,52,2561,122,778.0,77.53,1.0
14523,27,45,2527,54,777.98,72.83,1.0
14524,64,50,2564,128,777.97,75.86,1.0
14525,120,58,2620,240,777.94,89.14,1.0
14526,21,35,2521,42,777.9,72.01,1.0
14527,164,60,2664,328,777.9,99.3,1.0
14528,52,53,2552,104,777.86,77.76,1.0
14529,116,6,2616,232,777.85,110.13,1.0
14530,216,59,2716,432,777.84,102.69,1.0
14531,27,43,2527,54,777.83,72.86,1.0
14532,30,39,2530,60,777.82,72.43,1.0
14533,27,30,2527,54,777.82,72.47,1.0
14534,31,46,2531,62,777.81,73.25,1.0
14535,220,60,2720,440,777.81,107.74,1.0
14536,232,7,2732,464,777.8,136.17,1.0
14537,34,5,2534,68,777.79,83.74,1.0
14538,27,34,2527,54,777.78,72.48,1.0
14539,180,7,2680,360,777.77,119.89,1.0
14540,54,52,2554,108,777.75,74.83,1.0
14541,63,55,2563,126,777.74,80.3,1.0
14542,21,33,2521,42,777.74,72.18,1.0
14543,53,53,2553,106,777.73,76.14,1.0
14544,30,31,2530,60,777.72,72.38,1.0
14545,21,36,2521,42,777.71,72.29,1.0
14546,36,39,2536,72,777.7,73.07,1.0
14547,35,37,2535,70,777.69,72.62,1.0
14548,129,59,2629,258,777.67,91.05,1.0
14549,56,54,2556,112,777.66,78.21,1.0
14550,82,54,2582,164,777.66,80.54,1.0
14551,30,45,2530,60,777.65,72.94,1.0
14552,21,43,2521,42,777.64,71.9,1.0
14553,33,46,2533,66,777.63,74.91,1.0
14554,32,43,2532,64,777.62,72.63,1.0
14555,149,58,2649,298,777.62,90.89,1.0
14556,21,37,2521,42,777.61,72.3,1.0
14557,39,46,2539,78,777.59,72.79,1.0
14558,119,6,2619,238,777.59,110.37,1.0
14559,98,58,2598,196,777.57,84.97,1.0
14560,60,49,2560,120,777.56,77.41,1.0
14561,36,34,2536,72,777.54,72.69,1.0
14562,21,30,2521,42,777.53,72.14,1.0
14563,32,30,2532,64,777.52,71.67,1.0
14564,32,41,2532,64,777.52,72.12,1.0
14565,167,60,2667,334,777.52,97.69,1.0
14566,21,38,2521,42,777.5,72.33,1.0
14567,251,60,2751,502,777.49,109.77,1.0
14568,55,56,2555,110,777.47,77.76,1.0
14569,97,57,2597,194,777.47,85.24,1.0
14570,36,36,2536,72,777.45,72.3,1.0
14571,38,45,2538,76,777.45,72.03,1.0
14572,65,53,2565,130,777.45,77.39,1.0
14573,84,57,2584,168,777.45,81.7,1.0
14574,228,60,2728,456,777.42,103.31,1.0
14575,36,44,2536,72,777.41,73.03,1.0
14576,21,42,2521,42,777.4,72.24,1.0
14577,32,36,2532,64,777.37,72.53,1.0
14578,21,31,2521,42,777.37,72.07,1.0
14579,27,44,2527,54,777.36,72.6,1.0
14580,257,59,2757,514,777.35,107.93,1.0
14581,36,33,2536,72,777.33,72.31,1.0
14582,296,60,2796,592,777.33,109.26,1.0
14583,35,31,2535,70,777.31,72.51,1.0
14584,36,30,2536,72,777.29,72.48,1.0
14585,35,38,2535,70,777.29,72.96,1.0
14586,35,33,2535,70,777.28,72.76,1.0
14587,94,58,2594,188,777.27,85.86,1.0
14588,47,39,2547,94,777.26,72.93,1.0
14589,58,53,2558,116,777.21,77.6,1.0
14590,36,42,2536,72,777.19,72.75,1.0
14591,47,42,2547,94,777.19,72.56,1.0
14592,57,48,2557,114,777.17,74.97,1.0
14593,32,39,2532,64,777.16,71.9,1.0
14594,41,47,2541,82,777.16,75.15,1.0
14595,291,8,2791,582,777.14,147.05,1.0
14596,300,8,2800,600,777.13,146.82,1.0
14597,26,38,2526,52,777.11,73.67,1.0
14598,79,55,2579,158,777.11,82.92,1.0
14599,35,34,2535,70,777.1,71.91,1.0
14600,127,6,2627,254,777.1,111.45,1.0
14601,257,8,2757,514,777.1,139.56,1.0
14602,32,34,2532,64,777.09,72.64,1.0
14603,21,39,2521,42,777.09,72.11,1.0
14604,21,40,2521,42,777.08,71.77,1.0
14605,192,60,2692,384,777.07,100.03,1.0
14606,32,35,2532,64,777.06,72.16,1.0
14607,36,37,2536,72,777.05,72.94,1.0
14608,29,47,2529,58,777.04,74.68,1.0
14609,49,55,2549,98,777.03,78.84,1.0
14610,76,56,2576,152,777.03,80.49,1.0
14611,218,60,2718,436,777.01,105.47,1.0
14612,32,38,2532,64,777.0,72.63,1.0
14613,32,42,2532,64,777.0,72.55,1.0
14614,36,31,2536,72,777.0,73.01,1.0
14615,32,44,2532,64,776.99,73.08,1.0
14616,51,50,2551,102,776.99,75.87,1.0
14617,211,7,2711,422,776.99,132.51,1.0
14618,36,38,2536,72,776.98,72.82,1.0
14619,35,32,2535,70,776.98,72.52,1.0
14620,36,43,2536,72,776.95,72.82,1.0
14621,42,46,2542,84,776.93,73.28,1.0
14622,32,32,2532,64,776.92,73.0,1.0
14623,32,40,2532,64,776.92,72.21,1.0
14624,188,57,2688,376,776.92,99.43,1.0
14625,35,43,2535,70,776.91,72.08,1.0
14626,35,39,2535,70,776.89,71.94,1.0
14627,36,32,2536,72,776.85,72.49,1.0
14628,96,59,2596,192,776.85,85.78,1.0
14629,35,36,2535,70,776.83,72.71,1.0
14630,35,40,2535,70,776.82,71.91,1.0
14631,35,42,2535,70,776.82,72.97,1.0
14632,81,56,2581,162,776.82,80.96,1.0
14633,247,60,2747,494,776.82,110.45,1.0
14634,44,52,2544,88,776.78,74.69,1.0
14635,21,46,2521,42,776.78,72.54,1.0
14636,137,58,2637,274,776.78,90.98,1.0
14637,21,44,2521,42,776.75,71.82,1.0
14638,75,56,2575,150,776.74,79.95,1.0
14639,21,45,2521,42,776.73,73.38,1.0
14640,281,60,2781,562,776.73,110.27,1.0
14641,32,31,2532,64,776.7,72.24,1.0
14642,132,59,2632,264,776.69,93.68,1.0
14643,35,30,2535,70,776.66,72.24,1.0
14644,92,56,2592,184,776.66,82.8,1.0
14645,52,54,2552,104,776.65,77.66,1.0
14646,33,47,2533,66,776.65,75.33,1.0
14647,47,33,2547,94,776.65,72.56,1.0
14648,28,5,2528,56,776.64,82.63,1.0
14649,47,31,2547,94,776.64,73.15,1.0
14650,115,57,2615,230,776.62,85.58,1.0
14651,147,59,2647,294,776.62,93.01,1.0
14652,45,50,2545,90,776.61,74.17,1.0
14653,95,57,2595,190,776.61,85.18,1.0
14654,133,6,2633,266,776.59,115.18,1.0
14655,190,59,2690,380,776.59,100.49,1.0
14656,47,43,2547,94,776.57,73.02,1.0
14657,50,50,2550,100,776.56,76.42,1.0
14658,26,33,2526,52,776.56,73.44,1.0
14659,35,41,2535,70,776.55,72.52,1.0
14660,72,54,2572,144,776.55,78.36,1.0
14661,26,39,2526,52,776.52,73.15,1.0
14662,69,54,2569,138,776.5,78.94,1.0
14663,32,33,2532,64,776.49,73.02,1.0
14664,287,8,2787,574,776.48,143.43,1.0
14665,47,32,2547,94,776.47,72.73,1.0
14666,110,57,2610,220,776.45,87.6,1.0
14667,54,53,2554,108,776.44,76.35,1.0
14668,26,44,2526,52,776.43,73.74,1.0
14669,102,58,2602,204,776.43,87.4,1.0
14670,47,34,2547,94,776.42,73.01,1.0
14671,26,41,2526,52,776.38,73.51,1.0
14672,46,47,2546,92,776.38,74.54,1.0
14673,285,8,2785,570,776.38,142.99,1.0
14674,47,38,2547,94,776.35,73.21,1.0
14675,37,5,2537,74,776.34,88.09,1.0
14676,182,60,2682,364,776.32,101.47,1.0
14677,48,49,2548,96,776.31,75.83,1.0
14678,155,60,2655,310,776.31,95.63,1.0
14679,35,44,2535,70,776.3,72.33,1.0
14680,26,35,2526,52,776.3,73.16,1.0
14681,37,49,2537,74,776.29,75.2,1.0
14682,31,47,2531,62,776.28,74.13,1.0
14683,99,59,2599,198,776.28,86.09,1.0
14684,231,59,2731,462,776.26,104.72,1.0
14685,60,50,2560,120,776.25,77.62,1.0
14686,140,60,2640,280,776.25,94.39,1.0
14687,148,59,2648,296,776.25,92.83,1.0
14688,34,48,2534,68,776.24,72.67,1.0
14689,26,37,2526,52,776.22,73.48,1.0
14690,26,42,2526,52,776.2,73.43,1.0
14691,125,59,2625,250,776.18,89.93,1.0
14692,32,45,2532,64,776.17,73.1,1.0
14693,47,44,2547,94,776.14,72.98,1.0
14694,26,30,2526,52,776.12,73.38,1.0
14695,197,60,2697,394,776.11,104.0,1.0
14696,47,30,2547,94,776.09,73.06,1.0
14697,290,60,2790,580,776.08,113.08,1.0
14698,136,58,2636,272,776.06,93.25,1.0
14699,127,58,2627,254,776.05,90.34,1.0
14700,284,60,2784,568,776.04,112.25,1.0
14701,26,31,2526,52,776.02,73.65,1.0
14702,103,57,2603,206,775.99,86.06,1.0
14703,26,34,2526,52,775.98,73.57,1.0
14704,77,55,2577,154,775.98,78.98,1.0
14705,49,56,2549,98,775.97,79.02,1.0
14706,47,40,2547,94,775.97,73.47,1.0
14707,50,51,2550,100,775.96,76.71,1.0
14708,34,49,2534,68,775.94,72.47,1.0
14709,31,48,2531,62,775.93,73.5,1.0
14710,86,56,2586,172,775.92,82.75,1.0
14711,83,55,2583,166,775.91,83.82,1.0
14712,227,59,2727,454,775.91,103.28,1.0
14713,24,33,2524,48,775.9,72.0,1.0
14714,47,36,2547,94,775.89,72.96,1.0
14715,47,41,2547,94,775.89,72.89,1.0
14716,186,59,2686,372,775.89,100.6,1.0
14717,30,46,2530,60,775.88,73.79,1.0
14718,27,46,2527,54,775.87,73.41,1.0
14719,40,49,2540,80,775.87,74.15,1.0
14720,47,45,2547,94,775.84,72.5,1.0
14721,68,57,2568,136,775.84,81.42,1.0
14722,152,59,2652,304,775.84,97.84,1.0
14723,47,35,2547,94,775.83,73.14,1.0
14724,151,57,2651,302,775.82,90.18,1.0
14725,37,50,2537,74,775.81,75.56,1.0
14726,202,60,2702,404,775.8,101.56,1.0
14727,26,43,2526,52,775.78,73.26,1.0
14728,90,58,2590,180,775.78,84.3,1.0
14729,42,47,2542,84,775.76,73.88,1.0
14730,259,8,2759,518,775.76,138.44,1.0
14731,47,37,2547,94,775.71,73.15,1.0
14732,205,7,2705,410,775.7,126.12,1.0
14733,26,40,2526,52,775.68,74.52,1.0
14734,64,51,2564,128,775.68,76.21,1.0
14735,67,52,2567,134,775.68,77.75,1.0
14736,144,60,2644,288,775.67,94.75,1.0
14737,100,57,2600,200,775.65,85.36,1.0
14738,38,46,2538,76,775.63,73.59,1.0
14739,115,6,2615,230,775.63,107.04,1.0
14740,25,5,2525,50,775.62,83.94,1.0
14741,142,59,2642,284,775.61,93.11,1.0
14742,217,60,2717,434,775.61,104.47,1.0
14743,26,36,2526,52,775.55,73.98,1.0
14744,41,48,2541,82,775.5,74.92,1.0
14745,21,47,2521,42,775.5,72.32,1.0
14746,24,37,2524,48,775.48,72.19,1.0
14747,24,44,2524,48,775.47,71.74,1.0
14748,85,55,2585,170,775.47,83.22,1.0
14749,195,60,2695,390,775.47,102.69,1.0
14750,116,59,2616,232,775.45,88.65,1.0
14751,58,54,2558,116,775.44,77.49,1.0
14752,43,53,2543,86,775.42,76.25,1.0
14753,35,45,2535,70,775.39,72.22,1.0
14754,29,48,2529,58,775.36,74.38,1.0
14755,49,5,2549,98,775.36,91.4,1.0
14756,26,32,2526,52,775.36,73.64,1.0
14757,57,49,2557,114,775.33,75.38,1.0
14758,59,55,2559,118,775.32,78.77,1.0
14759,46,48,2546,92,775.32,74.82,1.0
14760,123,58,2623,246,775.32,92.01,1.0
14761,32,5,2532,64,775.27,84.22,1.0
14762,71,57,2571,142,775.26,81.04,1.0
14763,159,59,2659,318,775.25,95.19,1.0
14764,62,53,2562,124,775.24,78.88,1.0
14765,180,59,2680,360,775.24,95.5,1.0
14766,26,45,2526,52,775.23,73.74,1.0
14767,185,60,2685,370,775.22,100.75,1.0
14768,242,60,2742,484,775.22,108.61,1.0
14769,282,8,2782,564,775.19,140.03,1.0
14770,235,60,2735,470,775.15,109.75,1.0
14771,36,45,2536,72,775.12,72.53,1.0
14772,24,31,2524,48,775.1,71.88,1.0
14773,282,60,2782,564,775.07,114.28,1.0
14774,24,34,2524,48,775.05,72.17,1.0
14775,24,42,2524,48,775.04,72.14,1.0
14776,105,57,2605,210,775.02,87.52,1.0
14777,66,54,2566,132,774.95,78.69,1.0
14778,30,47,2530,60,774.9,73.32,1.0
14779,129,6,2629,258,774.89,113.65,1.0
14780,120,6,2620,240,774.85,112.52,1.0
14781,24,43,2524,48,774.83,71.45,1.0
14782,24,45,2524,48,774.83,72.08,1.0
14783,139,58,2639,278,774.83,91.6,1.0
14784,73,56,2573,146,774.78,81.86,1.0
14785,65,54,2565,130,774.76,77.74,1.0
14786,44,53,2544,88,774.75,75.52,1.0
14787,24,39,2524,48,774.75,72.18,1.0
14788,80,52,2580,160,774.74,81.13,1.0
14789,24,40,2524,48,774.73,72.29,1.0
14790,61,53,2561,122,774.69,77.92,1.0
14791,24,36,2524,48,774.69,72.04,1.0
14792,24,32,2524,48,774.67,72.46,1.0
14793,78,56,2578,156,774.67,81.78,1.0
14794,297,8,2797,594,774.67,142.45,1.0
14795,24,38,2524,48,774.66,71.86,1.0
14796,50,52,2550,100,774.65,77.1,1.0
14797,24,30,2524,48,774.65,71.62,1.0
14798,21,48,2521,42,774.64,73.02,1.0
14799,170,60,2670,340,774.63,96.99,1.0
14800,104,58,2604,208,774.61,88.47,1.0
14801,29,49,2529,58,774.6,75.37,1.0
14802,24,35,2524,48,774.6,71.9,1.0
14803,47,46,2547,94,774.56,73.23,1.0
14804,27,47,2527,54,774.55,73.6,1.0
14805,79,56,2579,158,774.55,84.1,1.0
14806,24,41,2524,48,774.48,72.51,1.0
14807,133,60,2633,266,774.48,91.87,1.0
14808,260,60,2760,520,774.48,113.4,1.0
14809,33,48,2533,66,774.47,75.12,1.0
14810,175,60,2675,350,774.47,97.37,1.0
14811,117,58,2617,234,774.44,87.02,1.0
14812,74,54,2574,148,774.41,80.06,1.0
14813,132,6,2632,264,774.41,115.69,1.0
14814,193,60,2693,386,774.4,101.22,1.0
14815,34,50,2534,68,774.37,73.42,1.0
14816,27,48,2527,54,774.35,73.85,1.0
14817,93,54,2593,186,774.28,83.32,1.0
14818,45,51,2545,90,774.27,73.7,1.0
14819,118,57,2618,236,774.23,88.92,1.0
14820,54,54,2554,108,774.21,75.3,1.0
14821,39,47,2539,78,774.19,73.34,1.0
14822,119,58,2619,238,774.19,87.45,1.0
14823,238,60,2738,476,774.18,105.5,1.0
14824,89,57,2589,178,774.17,84.4,1.0
14825,130,58,2630,260,774.17,89.15,1.0
14826,87,58,2587,174,774.09,83.8,1.0
14827,41,49,2541,82,774.07,76.0,1.0
14828,29,50,2529,58,774.05,74.1,1.0
14829,75,57,2575,150,774.0,80.76,1.0
14830,134,58,2634,268,774.0,93.61,1.0
14831,38,47,2538,76,773.96,72.86,1.0
14832,128,59,2628,256,773.93,94.32,1.0
14833,24,46,2524,48,773.9,72.45,1.0
14834,33,49,2533,66,773.89,76.25,1.0
14835,32,47,2532,64,773.87,72.4,1.0
14836,48,50,2548,96,773.85,75.7,1.0
14837,32,46,2532,64,773.82,72.58,1.0
14838,121,57,2621,242,773.79,88.35,1.0
14839,51,51,2551,102,773.78,76.18,1.0
14840,52,55,2552,104,773.77,78.93,1.0
14841,31,49,2531,62,773.71,74.32,1.0
14842,72,55,2572,144,773.71,80.22,1.0
14843,98,59,2598,196,773.68,85.5,1.0
14844,122,58,2622,244,773.67,89.05,1.0
14845,107,57,2607,214,773.67,86.32,1.0
14846,21,49,2521,42,773.66,73.11,1.0
14847,40,50,2540,80,773.63,73.97,1.0
14848,27,49,2527,54,773.61,74.19,1.0
14849,36,46,2536,72,773.59,73.17,1.0
14850,36,5,2536,72,773.52,85.8,1.0
14851,131,59,2631,262,773.51,88.77,1.0
14852,69,55,2569,138,773.49,79.47,1.0
14853,36,47,2536,72,773.43,73.7,1.0
14854,19,33,2519,38,773.38,71.1,1.0
14855,81,57,2581,162,773.37,82.88,1.0
14856,26,46,2526,52,773.35,74.06,1.0
14857,37,51,2537,74,773.33,75.74,1.0
14858,33,50,2533,66,773.32,76.23,1.0
14859,19,36,2519,38,773.31,70.07,1.0
14860,19,40,2519,38,773.31,70.65,1.0
14861,299,8,2799,598,773.31,147.17,1.0
14862,42,48,2542,84,773.3,73.98,1.0
14863,64,52,2564,128,773.3,75.96,1.0
14864,19,42,2519,38,773.25,70.5,1.0
14865,88,56,2588,176,773.25,84.31,1.0
14866,56,55,2556,112,773.23,77.82,1.0
14867,101,60,2601,202,773.17,88.96,1.0
14868,280,60,2780,560,773.16,113.42,1.0
14869,40,5,2540,80,773.14,86.07,1.0
14870,270,7,2770,540,773.13,139.08,1.0
14871,63,56,2563,126,773.12,81.46,1.0
14872,264,60,2764,528,773.12,110.99,1.0
14873,46,49,2546,92,773.09,75.21,1.0
14874,31,50,2531,62,773.05,74.33,1.0
14875,106,58,2606,212,773.04,85.41,1.0
14876,19,35,2519,38,773.03,70.88,1.0
14877,19,39,2519,38,773.03,70.73,1.0
14878,24,47,2524,48,773.03,72.77,1.0
14879,82,55,2582,164,773.02,81.94,1.0
14880,35,46,2535,70,773.01,72.36,1.0
14881,19,30,2519,38,773.01,70.72,1.0
14882,130,6,2630,260,773.01,110.08,1.0
14883,19,38,2519,38,772.94,70.72,1.0
14884,108,60,2608,216,772.94,88.9,1.0
14885,19,34,2519,38,772.92,70.96,1.0
14886,233,60,2733,466,772.89,108.1,1.0
14887,19,37,2519,38,772.88,70.46,1.0
14888,157,58,2657,314,772.86,97.47,1.0
14889,19,41,2519,38,772.85,70.69,1.0
14890,43,54,2543,86,772.84,77.66,1.0
14891,59,56,2559,118,772.83,79.63,1.0
14892,253,60,2753,506,772.83,107.65,1.0
14893,45,5,2545,90,772.81,87.61,1.0
14894,26,47,2526,52,772.78,74.23,1.0
14895,73,57,2573,146,772.78,81.93,1.0
14896,83,56,2583,166,772.77,84.99,1.0
14897,30,48,2530,60,772.73,74.2,1.0
14898,95,58,2595,190,772.69,86.72,1.0
14899,135,59,2635,270,772.69,92.73,1.0
14900,19,31,2519,38,772.66,70.73,1.0
14901,163,60,2663,326,772.66,97.16,1.0
14902,29,51,2529,58,772.63,74.7,1.0
14903,91,57,2591,182,772.63,84.16,1.0
14904,171,59,2671,342,772.6,97.77,1.0
14905,35,47,2535,70,772.58,72.83,1.0
14906,19,44,2519,38,772.55,70.53,1.0
14907,61,54,2561,122,772.54,78.53,1.0
14908,24,48,2524,48,772.53,72.85,1.0
14909,297,60,2797,594,772.53,112.83,1.0
14910,96,60,2596,192,772.52,87.07,1.0
14911,113,58,2613,226,772.51,91.0,1.0
14912,39,48,2539,78,772.46,74.23,1.0
14913,57,50,2557,114,772.46,75.81,1.0
14914,76,57,2576,152,772.46,81.26,1.0
14915,120,59,2620,240,772.45,89.97,1.0
14916,19,43,2519,38,772.43,70.6,1.0
14917,58,55,2558,116,772.41,79.25,1.0
14918,226,60,2726,452,772.41,107.01,1.0
14919,32,48,2532,64,772.4,73.53,1.0
14920,49,57,2549,98,772.4,80.97,1.0
14921,19,32,2519,38,772.4,70.48,1.0
14922,124,59,2624,248,772.36,90.68,1.0
14923,55,57,2555,110,772.35,78.84,1.0
14924,109,59,2609,218,772.33,88.2,1.0
14925,150,58,2650,300,772.33,93.7,1.0
14926,149,59,2649,298,772.33,92.2,1.0
14927,71,58,2571,142,772.31,80.63,1.0
14928,172,59,2672,344,772.3,98.67,1.0
14929,199,60,2699,398,772.3,101.21,1.0
14930,47,47,2547,94,772.29,74.06,1.0
14931,166,59,2666,332,772.24,97.65,1.0
14932,42,49,2542,84,772.23,73.46,1.0
14933,38,49,2538,76,772.22,74.22,1.0
14934,34,51,2534,68,772.22,73.33,1.0
14935,208,59,2708,416,772.22,103.14,1.0
14936,144,6,2644,288,772.21,115.32,1.0
14937,248,7,2748,496,772.21,133.4,1.0
14938,39,5,2539,78,772.19,87.27,1.0
14939,126,60,2626,252,772.19,92.64,1.0
14940,97,58,2597,194,772.18,86.32,1.0
14941,28,41,2528,56,772.17,72.95,1.0
14942,68,58,2568,136,772.16,82.15,1.0
14943,53,54,2553,106,772.15,76.88,1.0
14944,21,50,2521,42,772.12,73.67,1.0
14945,188,7,2688,376,772.1,128.31,1.0
14946,70,57,2570,140,772.07,80.93,1.0
14947,141,58,2641,282,772.02,90.32,1.0
14948,191,60,2691,382,772.01,101.78,1.0
14949,31,51,2531,62,771.97,74.7,1.0
14950,26,48,2526,52,771.97,73.9,1.0
14951,104,59,2604,208,771.94,88.78,1.0
14952,55,5,2555,110,771.92,92.33,1.0
14953,102,59,2602,204,771.92,88.52,1.0
14954,19,45,2519,38,771.91,71.2,1.0
14955,41,50,2541,82,771.89,75.16,1.0
14956,183,60,2683,366,771.89,99.02,1.0
14957,225,60,2725,450,771.89,106.15,1.0
14958,37,52,2537,74,771.87,75.64,1.0
14959,39,49,2539,78,771.86,74.49,1.0
14960,226,7,2726,452,771.85,133.59,1.0
14961,234,60,2734,468,771.84,103.27,1.0
14962,189,60,2689,378,771.82,100.84,1.0
14963,44,55,2544,88,771.79,75.39,1.0
14964,21,51,2521,42,771.79,73.23,1.0
14965,174,59,2674,348,771.79,99.73,1.0
14966,33,51,2533,66,771.78,76.06,1.0
14967,143,58,2643,286,771.78,93.17,1.0
14968,40,51,2540,80,771.77,74.0,1.0
14969,74,55,2574,148,771.73,81.63,1.0
14970,71,5,2571,142,771.72,96.04,1.0
14971,240,60,2740,480,771.72,107.09,1.0
14972,84,58,2584,168,771.7,84.15,1.0
14973,140,6,2640,280,771.7,115.93,1.0
14974,50,53,2550,100,771.65,76.56,1.0
14975,29,52,2529,58,771.6,75.13,1.0
14976,111,59,2611,222,771.6,88.89,1.0
14977,85,56,2585,170,771.56,83.53,1.0
14978,198,60,2698,396,771.55,102.8,1.0
14979,51,52,2551,102,771.54,76.8,1.0
14980,154,6,2654,308,771.51,117.68,1.0
14981,203,7,2703,406,771.49,127.99,1.0
14982,28,42,2528,56,771.48,73.25,1.0
14983,296,8,2796,592,771.48,143.16,1.0
14984,45,52,2545,90,771.46,74.75,1.0
14985,62,54,2562,124,771.45,80.4,1.0
14986,52,56,2552,104,771.45,79.35,1.0
14987,138,59,2638,276,771.45,93.96,1.0
14988,216,7,2716,432,771.45,130.03,1.0
14989,169,60,2669,338,771.42,99.08,1.0
14990,52,5,2552,104,771.39,90.92,1.0
14991,44,54,2544,88,771.39,75.26,1.0
14992,45,53,2545,90,771.35,75.14,1.0
14993,27,50,2527,54,771.34,73.86,1.0
14994,34,52,2534,68,771.31,73.96,1.0
14995,187,59,2687,374,771.31,99.65,1.0
14996,56,56,2556,112,771.29,79.38,1.0
14997,43,55,2543,86,771.27,77.7,1.0
14998,158,59,2658,316,771.21,94.02,1.0
14999,48,51,2548,96,771.19,76.63,1.0
15000,26,49,2526,52,771.19,74.28,1.0
15001,77,56,2577,154,771.18,80.94,1.0
15002,161,6,2661,322,771.16,118.28,1.0
15003,222,60,2722,444,771.16,106.41,1.0
15004,28,34,2528,56,771.15,72.89,1.0
15005,60,51,2560,120,771.15,78.4,1.0
15006,115,58,2615,230,771.13,86.35,1.0
15007,54,55,2554,108,771.09,76.32,1.0
15008,215,7,2715,430,771.09,130.95,1.0
15009,16,36,2516,32,771.07,72.16,1.0
15010,94,59,2594,188,771.07,86.41,1.0
15011,92,57,2592,184,771.06,84.01,1.0
15012,128,6,2628,256,771.05,114.28,1.0
15013,21,52,2521,42,771.03,73.92,1.0
15014,80,53,2580,160,771.02,81.69,1.0
15015,156,59,2656,312,771.02,97.0,1.0
15016,30,49,2530,60,770.99,73.77,1.0
15017,56,5,2556,112,770.99,91.5,1.0
15018,47,48,2547,94,770.97,73.8,1.0
15019,32,49,2532,64,770.94,73.48,1.0
15020,57,51,2557,114,770.94,76.65,1.0
15021,38,48,2538,76,770.93,73.52,1.0
15022,99,60,2599,198,770.93,87.5,1.0
15023,35,5,2535,70,770.91,84.54,1.0
15024,66,55,2566,132,770.91,80.09,1.0
15025,19,47,2519,38,770.87,71.2,1.0
15026,162,58,2662,324,770.86,98.47,1.0
15027,28,40,2528,56,770.85,72.49,1.0
15028,16,42,2516,32,770.85,72.31,1.0
15029,123,6,2623,246,770.84,113.48,1.0
15030,46,50,2546,92,770.81,75.52,1.0
15031,41,51,2541,82,770.8,76.4,1.0
15032,27,51,2527,54,770.79,73.94,1.0
15033,24,49,2524,48,770.76,73.52,1.0
15034,28,44,2528,56,770.74,73.11,1.0
15035,214,60,2714,428,770.74,101.86,1.0
15036,28,43,2528,56,770.7,72.19,1.0
15037,28,31,2528,56,770.65,72.71,1.0
15038,153,60,2653,306,770.65,96.07,1.0
15039,19,46,2519,38,770.63,71.25,1.0
15040,28,36,2528,56,770.62,72.83,1.0
15041,63,57,2563,126,770.62,81.34,1.0
15042,125,60,2625,250,770.62,92.32,1.0
15043,28,38,2528,56,770.57,72.61,1.0
15044,136,59,2636,272,770.57,94.67,1.0
15045,28,35,2528,56,770.56,71.94,1.0
15046,28,32,2528,56,770.53,72.53,1.0
15047,65,55,2565,130,770.53,78.99,1.0
15048,72,56,2572,144,770.53,80.16,1.0
15049,221,60,2721,442,770.53,107.14,1.0
15050,93,55,2593,186,770.52,83.78,1.0
15051,146,59,2646,292,770.52,93.33,1.0
15052,165,60,2665,330,770.52,98.21,1.0
15053,55,58,2555,110,770.5,79.37,1.0
15054,28,33,2528,56,770.48,72.68,1.0
15055,16,45,2516,32,770.46,72.22,1.0
15056,16,41,2516,32,770.45,72.61,1.0
15057,24,50,2524,48,770.45,73.46,1.0
15058,28,37,2528,56,770.44,72.83,1.0
15059,28,39,2528,56,770.43,72.32,1.0
15060,86,57,2586,172,770.42,84.75,1.0
15061,16,30,2516,32,770.34,72.13,1.0
15062,16,33,2516,32,770.33,71.74,1.0
15063,30,50,2530,60,770.31,74.62,1.0
15064,105,58,2605,210,770.3,87.93,1.0
15065,16,31,2516,32,770.29,72.64,1.0
15066,87,59,2587,174,770.29,84.24,1.0
15067,16,40,2516,32,770.28,72.28,1.0
15068,98,60,2598,196,770.28,86.15,1.0
15069,114,60,2614,228,770.27,88.1,1.0
15070,16,44,2516,32,770.26,73.12,1.0
15071,64,53,2564,128,770.25,77.47,1.0
15072,39,50,2539,78,770.2,74.48,1.0
15073,16,32,2516,32,770.2,73.03,1.0
15074,36,48,2536,72,770.19,74.33,1.0
15075,78,57,2578,156,770.19,82.42,1.0
15076,237,60,2737,474,770.19,107.94,1.0
15077,207,7,2707,414,770.15,131.03,1.0
15078,89,58,2589,178,770.14,84.89,1.0
15079,15,41,2515,30,770.12,71.47,1.0
15080,90,59,2590,180,770.11,86.55,1.0
15081,134,6,2634,268,770.1,116.66,1.0
15082,201,7,2701,402,770.07,127.51,1.0
15083,145,59,2645,290,770.06,95.16,1.0
15084,259,60,2759,518,770.06,109.35,1.0
15085,28,30,2528,56,770.04,72.3,1.0
15086,82,56,2582,164,770.03,82.89,1.0
15087,16,37,2516,32,770.02,72.18,1.0
15088,16,43,2516,32,770.01,72.18,1.0
15089,33,52,2533,66,770.0,77.18,1.0
15090,49,58,2549,98,769.97,79.9,1.0
15091,16,35,2516,32,769.97,71.75,1.0
15092,50,54,2550,100,769.96,77.15,1.0
15093,43,56,2543,86,769.95,77.76,1.0
15094,31,52,2531,62,769.94,75.16,1.0
15095,48,52,2548,96,769.94,76.13,1.0
15096,16,38,2516,32,769.94,72.42,1.0
15097,201,60,2701,402,769.93,102.43,1.0
15098,32,50,2532,64,769.89,72.98,1.0
15099,16,34,2516,32,769.89,72.46,1.0
15100,103,58,2603,206,769.89,87.25,1.0
15101,79,57,2579,158,769.85,85.74,1.0
15102,110,58,2610,220,769.82,88.72,1.0
15103,26,50,2526,52,769.8,74.93,1.0
15104,203,59,2703,406,769.75,103.22,1.0
15105,127,59,2627,254,769.71,92.03,1.0
15106,21,53,2521,42,769.68,74.31,1.0
15107,42,50,2542,84,769.67,74.88,1.0
15108,245,7,2745,490,769.6,136.18,1.0
15109,53,55,2553,106,769.59,78.23,1.0
15110,41,52,2541,82,769.57,76.13,1.0
15111,118,58,2618,236,769.55,90.35,1.0
15112,15,43,2515,30,769.52,71.12,1.0
15113,67,53,2567,134,769.52,79.12,1.0
15114,24,51,2524,48,769.51,73.24,1.0
15115,27,52,2527,54,769.5,74.78,1.0
15116,15,38,2515,30,769.46,71.3,1.0
15117,15,44,2515,30,769.45,71.63,1.0
15118,16,39,2516,32,769.45,72.42,1.0
15119,123,59,2623,246,769.43,93.05,1.0
15120,91,58,2591,182,769.42,85.15,1.0
15121,255,60,2755,510,769.41,108.98,1.0
15122,46,51,2546,92,769.36,76.12,1.0
15123,15,37,2515,30,769.34,71.33,1.0
15124,19,48,2519,38,769.32,72.03,1.0
15125,38,50,2538,76,769.31,74.45,1.0
15126,186,60,2686,372,769.31,102.23,1.0
15127,250,7,2750,500,769.31,138.77,1.0
15128,36,49,2536,72,769.27,74.42,1.0
15129,15,34,2515,30,769.26,71.64,1.0
15130,61,55,2561,122,769.25,79.65,1.0
15131,15,32,2515,30,769.25,71.72,1.0
15132,29,53,2529,58,769.24,75.6,1.0
15133,76,58,2576,152,769.23,82.63,1.0
15134,95,59,2595,190,769.21,87.39,1.0
15135,30,51,2530,60,769.2,73.83,1.0
15136,28,45,2528,56,769.2,73.35,1.0
15137,33,53,2533,66,769.16,76.57,1.0
15138,40,52,2540,80,769.14,74.53,1.0
15139,16,46,2516,32,769.13,72.07,1.0
15140,273,60,2773,546,769.13,108.76,1.0
15141,15,39,2515,30,769.12,71.05,1.0
15142,51,53,2551,102,769.11,77.47,1.0
15143,289,8,2789,578,769.07,142.42,1.0
15144,215,60,2715,430,769.06,104.94,1.0
15145,147,60,2647,294,769.04,94.74,1.0
15146,15,36,2515,30,769.03,71.4,1.0
15147,59,5,2559,118,769.03,93.61,1.0
15148,38,5,2538,76,769.01,87.46,1.0
15149,60,52,2560,120,769.01,78.86,1.0
15150,15,45,2515,30,769.0,72.19,1.0
15151,93,6,2593,186,768.99,105.17,1.0
15152,50,55,2550,100,768.97,78.37,1.0
15153,34,53,2534,68,768.96,74.58,1.0
15154,28,47,2528,56,768.95,73.62,1.0
15155,37,53,2537,74,768.94,76.09,1.0
15156,31,53,2531,62,768.9,75.21,1.0
15157,52,57,2552,104,768.9,80.29,1.0
15158,241,7,2741,482,768.89,138.05,1.0
15159,35,48,2535,70,768.87,73.45,1.0
15160,15,40,2515,30,768.86,71.81,1.0
15161,130,59,2630,260,768.85,91.25,1.0
15162,40,53,2540,80,768.84,74.95,1.0
15163,15,30,2515,30,768.82,71.41,1.0
15164,45,54,2545,90,768.82,75.09,1.0
15165,75,58,2575,150,768.82,82.21,1.0
15166,204,60,2704,408,768.82,104.69,1.0
15167,44,5,2544,88,768.81,88.7,1.0
15168,21,54,2521,42,768.81,74.62,1.0
15169,112,59,2612,224,768.8,89.1,1.0
15170,62,55,2562,124,768.77,80.06,1.0
15171,44,56,2544,88,768.76,76.6,1.0
15172,131,6,2631,262,768.75,111.27,1.0
15173,16,48,2516,32,768.74,72.89,1.0
15174,25,39,2525,50,768.73,73.86,1.0
15175,69,56,2569,138,768.72,80.52,1.0
15176,97,59,2597,194,768.72,87.06,1.0
15177,26,51,2526,52,768.71,74.37,1.0
15178,84,59,2584,168,768.69,84.36,1.0
15179,19,49,2519,38,768.64,71.34,1.0
15180,266,7,2766,532,768.61,140.65,1.0
15181,56,57,2556,112,768.59,79.62,1.0
15182,15,31,2515,30,768.58,71.76,1.0
15183,194,6,2694,388,768.55,124.72,1.0
15184,190,60,2690,380,768.55,100.72,1.0
15185,258,7,2758,516,768.53,140.82,1.0
15186,139,59,2639,278,768.51,91.87,1.0
15187,199,7,2699,398,768.5,126.25,1.0
15188,239,60,2739,478,768.5,108.31,1.0
15189,47,49,2547,94,768.47,74.14,1.0
15190,121,6,2621,242,768.43,111.4,1.0
15191,25,34,2525,50,768.42,73.3,1.0
15192,246,7,2746,492,768.42,135.75,1.0
15193,15,35,2515,30,768.41,71.03,1.0
15194,16,47,2516,32,768.4,72.42,1.0
15195,113,59,2613,226,768.4,92.37,1.0
15196,46,52,2546,92,768.39,76.67,1.0
15197,100,58,2600,200,768.39,86.7,1.0
15198,210,59,2710,420,768.39,103.14,1.0
15199,15,33,2515,30,768.37,71.26,1.0
15200,36,50,2536,72,768.32,74.68,1.0
15201,54,56,2554,108,768.31,78.11,1.0
15202,71,59,2571,142,768.29,82.16,1.0
15203,28,46,2528,56,768.27,73.16,1.0
15204,59,57,2559,118,768.24,79.83,1.0
15205,27,53,2527,54,768.23,74.65,1.0
15206,15,42,2515,30,768.22,71.31,1.0
15207,34,54,2534,68,768.22,74.63,1.0
15208,290,8,2790,580,768.22,147.53,1.0
15209,35,49,2535,70,768.21,74.32,1.0
15210,18,30,2518,36,768.2,70.71,1.0
15211,18,37,2518,36,768.2,70.51,1.0
15212,152,60,2652,304,768.16,98.43,1.0
15213,16,49,2516,32,768.14,73.95,1.0
15214,176,60,2676,352,768.13,100.82,1.0
15215,227,60,2727,454,768.13,104.19,1.0
15216,73,58,2573,146,768.09,83.72,1.0
15217,107,58,2607,214,768.05,86.8,1.0
15218,88,57,2588,176,768.02,84.7,1.0
15219,70,58,2570,140,768.01,81.56,1.0
15220,188,58,2688,376,768.0,100.78,1.0
15221,81,58,2581,162,767.99,83.63,1.0
15222,222,7,2722,444,767.99,132.3,1.0
15223,39,51,2539,78,767.97,75.11,1.0
15224,58,56,2558,116,767.94,79.18,1.0
15225,25,33,2525,50,767.93,73.13,1.0
15226,21,55,2521,42,767.9,74.29,1.0
15227,64,54,2564,128,767.89,77.68,1.0
15228,85,57,2585,170,767.83,84.43,1.0
15229,65,56,2565,130,767.81,79.65,1.0
15230,295,60,2795,590,767.8,113.51,1.0
15231,18,33,2518,36,767.79,71.54,1.0
15232,102,60,2602,204,767.77,89.9,1.0
15233,25,43,2525,50,767.75,73.09,1.0
15234,26,52,2526,52,767.75,74.6,1.0
15235,121,58,2621,242,767.75,89.9,1.0
15236,74,56,2574,148,767.74,82.0,1.0
15237,117,59,2617,234,767.7,87.89,1.0
15238,180,60,2680,360,767.67,98.59,1.0
15239,18,38,2518,36,767.64,70.53,1.0
15240,216,60,2716,432,767.6,103.76,1.0
15241,16,50,2516,32,767.59,73.02,1.0
15242,48,53,2548,96,767.58,76.96,1.0
15243,18,39,2518,36,767.58,70.47,1.0
15244,281,8,2781,562,767.57,138.81,1.0
15245,57,52,2557,114,767.56,76.45,1.0
15246,132,60,2632,264,767.54,96.16,1.0
15247,51,54,2551,102,767.53,77.66,1.0
15248,25,41,2525,50,767.48,72.87,1.0
15249,77,57,2577,154,767.47,81.86,1.0
15250,18,35,2518,36,767.45,71.01,1.0
15251,18,32,2518,36,767.44,71.12,1.0
15252,137,59,2637,274,767.44,92.54,1.0
15253,68,59,2568,136,767.43,83.02,1.0
15254,21,57,2521,42,767.37,75.19,1.0
15255,42,51,2542,84,767.35,75.43,1.0
15256,18,43,2518,36,767.34,71.33,1.0
15257,18,41,2518,36,767.33,71.16,1.0
15258,23,36,2523,46,767.32,71.97,1.0
15259,27,54,2527,54,767.31,74.94,1.0
15260,16,51,2516,32,767.31,72.91,1.0
15261,28,48,2528,56,767.27,73.52,1.0
15262,211,60,2711,422,767.27,104.38,1.0
15263,18,44,2518,36,767.26,71.19,1.0
15264,21,56,2521,42,767.25,74.69,1.0
15265,54,5,2554,108,767.24,90.71,1.0
15266,50,5,2550,100,767.23,89.82,1.0
15267,18,36,2518,36,767.23,70.55,1.0
15268,15,46,2515,30,767.22,71.34,1.0
15269,32,51,2532,64,767.21,74.05,1.0
15270,38,51,2538,76,767.19,74.59,1.0
15271,204,7,2704,408,767.19,130.77,1.0
15272,30,52,2530,60,767.18,74.56,1.0
15273,18,40,2518,36,767.16,70.39,1.0
15274,60,53,2560,120,767.14,80.47,1.0
15275,26,53,2526,52,767.11,75.33,1.0
15276,25,30,2525,50,767.09,72.98,1.0
15277,53,56,2553,106,767.07,78.59,1.0
15278,25,32,2525,50,767.07,73.12,1.0
15279,41,5,2541,82,767.06,89.26,1.0
15280,43,57,2543,86,767.04,78.6,1.0
15281,124,60,2624,248,767.04,91.99,1.0
15282,25,36,2525,50,766.99,72.8,1.0
15283,25,31,2525,50,766.98,73.11,1.0
15284,116,60,2616,232,766.97,90.42,1.0
15285,22,32,2522,44,766.96,72.14,1.0
15286,35,50,2535,70,766.95,73.97,1.0
15287,25,35,2525,50,766.94,73.59,1.0
15288,23,41,2523,46,766.94,71.72,1.0
15289,66,56,2566,132,766.94,80.27,1.0
15290,151,58,2651,302,766.94,93.11,1.0
15291,79,58,2579,158,766.93,85.44,1.0
15292,41,53,2541,82,766.91,77.32,1.0
15293,106,59,2606,212,766.87,86.21,1.0
15294,25,42,2525,50,766.86,73.34,1.0
15295,58,57,2558,116,766.85,78.57,1.0
15296,30,54,2530,60,766.84,75.27,1.0
15297,16,52,2516,32,766.84,73.29,1.0
15298,18,34,2518,36,766.83,70.52,1.0
15299,19,50,2519,38,766.82,71.62,1.0
15300,25,37,2525,50,766.82,73.32,1.0
15301,25,40,2525,50,766.82,73.49,1.0
15302,23,33,2523,46,766.82,72.1,1.0
15303,23,40,2523,46,766.78,72.41,1.0
15304,249,7,2749,498,766.78,138.36,1.0
15305,92,58,2592,184,766.77,85.09,1.0
15306,159,60,2659,318,766.76,96.63,1.0
15307,244,7,2744,488,766.76,136.43,1.0
15308,24,52,2524,48,766.7,73.87,1.0
15309,134,59,2634,268,766.69,94.48,1.0
15310,32,52,2532,64,766.68,74.59,1.0
15311,30,53,2530,60,766.64,74.0,1.0
15312,63,58,2563,126,766.64,81.82,1.0
15313,22,33,2522,44,766.59,72.19,1.0
15314,300,60,2800,600,766.59,117.41,1.0
15315,25,38,2525,50,766.57,73.95,1.0
15316,27,55,2527,54,766.56,75.4,1.0
15317,25,44,2525,50,766.56,73.64,1.0
15318,152,6,2652,304,766.56,118.41,1.0
15319,15,47,2515,30,766.55,71.73,1.0
15320,18,31,2518,36,766.53,70.15,1.0
15321,23,34,2523,46,766.53,72.08,1.0
15322,29,54,2529,58,766.51,76.18,1.0
15323,51,5,2551,102,766.5,89.88,1.0
15324,141,59,2641,282,766.47,92.01,1.0
15325,23,39,2523,46,766.46,72.14,1.0
15326,33,54,2533,66,766.45,76.47,1.0
15327,41,54,2541,82,766.4,77.67,1.0
15328,22,41,2522,44,766.39,72.25,1.0
15329,23,35,2523,46,766.38,72.06,1.0
15330,23,44,2523,46,766.38,71.81,1.0
15331,236,7,2736,472,766.37,136.1,1.0
15332,86,58,2586,172,766.36,86.11,1.0
15333,104,60,2604,208,766.36,90.36,1.0
15334,22,36,2522,44,766.35,72.66,1.0
15335,83,57,2583,166,766.35,85.94,1.0
15336,122,59,2622,244,766.35,91.27,1.0
15337,40,54,2540,80,766.34,75.18,1.0
15338,22,35,2522,44,766.34,72.75,1.0
15339,31,54,2531,62,766.3,76.52,1.0
15340,122,6,2622,244,766.28,108.62,1.0
15341,23,31,2523,46,766.26,72.1,1.0
15342,22,38,2522,44,766.24,71.85,1.0
15343,19,51,2519,38,766.23,72.14,1.0
15344,18,45,2518,36,766.21,70.67,1.0
15345,23,43,2523,46,766.2,71.99,1.0
15346,82,57,2582,164,766.2,83.55,1.0
15347,18,42,2518,36,766.18,70.61,1.0
15348,18,46,2518,36,766.18,70.69,1.0
15349,22,40,2522,44,766.16,72.14,1.0
15350,69,57,2569,138,766.16,81.55,1.0
15351,45,55,2545,90,766.15,76.38,1.0
15352,23,37,2523,46,766.15,72.36,1.0
15353,129,60,2629,258,766.11,93.13,1.0
15354,157,59,2657,314,766.11,98.52,1.0
15355,48,5,2548,96,766.1,89.38,1.0
15356,23,38,2523,46,766.04,72.17,1.0
15357,80,54,2580,160,766.04,83.04,1.0
15358,17,38,2517,34,766.02,71.77,1.0
15359,49,59,2549,98,766.0,81.42,1.0
15360,46,53,2546,92,766.0,77.21,1.0
15361,22,43,2522,44,766.0,71.82,1.0
15362,23,45,2523,46,766.0,72.65,1.0
15363,32,53,2532,64,765.99,74.8,1.0
15364,22,42,2522,44,765.99,72.05,1.0
15365,39,52,2539,78,765.98,75.08,1.0
15366,131,60,2631,262,765.98,91.28,1.0
15367,231,7,2731,462,765.97,135.65,1.0
15368,23,42,2523,46,765.96,71.71,1.0
15369,103,59,2603,206,765.96,87.93,1.0
15370,36,51,2536,72,765.92,74.6,1.0
15371,233,7,2733,466,765.89,134.57,1.0
15372,55,59,2555,110,765.88,80.61,1.0
15373,26,54,2526,52,765.88,75.46,1.0
15374,142,60,2642,284,765.87,95.35,1.0
15375,136,60,2636,272,765.87,94.6,1.0
15376,15,48,2515,30,765.86,71.92,1.0
15377,17,42,2517,34,765.85,71.99,1.0
15378,22,44,2522,44,765.85,72.19,1.0
15379,22,45,2522,44,765.85,72.52,1.0
15380,90,60,2590,180,765.85,87.35,1.0
15381,57,53,2557,114,765.84,77.49,1.0
15382,225,7,2725,450,765.84,135.77,1.0
15383,17,40,2517,34,765.82,71.72,1.0
15384,22,31,2522,44,765.82,72.13,1.0
15385,67,54,2567,134,765.82,79.59,1.0
15386,61,56,2561,122,765.81,79.79,1.0
15387,22,34,2522,44,765.81,71.92,1.0
15388,17,31,2517,34,765.8,72.06,1.0
15389,17,33,2517,34,765.79,71.41,1.0
15390,23,30,2523,46,765.79,71.85,1.0
15391,62,56,2562,124,765.78,81.5,1.0
15392,73,59,2573,146,765.74,83.19,1.0
15393,22,39,2522,44,765.72,72.53,1.0
15394,25,45,2525,50,765.71,73.53,1.0
15395,24,53,2524,48,765.68,73.55,1.0
15396,89,59,2589,178,765.68,85.65,1.0
15397,17,35,2517,34,765.67,71.03,1.0
15398,24,54,2524,48,765.67,74.33,1.0
15399,29,55,2529,58,765.65,75.69,1.0
15400,66,57,2566,132,765.65,81.17,1.0
15401,17,44,2517,34,765.64,72.03,1.0
15402,16,53,2516,32,765.62,73.75,1.0
15403,28,49,2528,56,765.61,73.62,1.0
15404,56,58,2556,112,765.61,80.85,1.0
15405,128,60,2628,256,765.61,95.17,1.0
15406,142,6,2642,284,765.58,114.96,1.0
15407,17,34,2517,34,765.57,71.96,1.0
15408,214,7,2714,428,765.51,130.58,1.0
15409,64,55,2564,128,765.5,78.31,1.0
15410,48,54,2548,96,765.46,77.75,1.0
15411,78,58,2578,156,765.45,83.93,1.0
15412,35,51,2535,70,765.44,74.83,1.0
15413,145,60,2645,290,765.44,96.13,1.0
15414,94,60,2594,188,765.43,87.77,1.0
15415,17,30,2517,34,765.41,71.81,1.0
15416,23,32,2523,46,765.4,71.62,1.0
15417,119,59,2619,238,765.4,89.96,1.0
15418,109,60,2609,218,765.39,89.2,1.0
15419,39,53,2539,78,765.38,76.15,1.0
15420,17,41,2517,34,765.38,72.32,1.0
15421,254,7,2754,508,765.36,140.42,1.0
15422,93,56,2593,186,765.34,83.59,1.0
15423,15,49,2515,30,765.33,71.98,1.0
15424,37,54,2537,74,765.32,76.58,1.0
15425,22,37,2522,44,765.29,71.88,1.0
15426,44,57,2544,88,765.26,77.19,1.0
15427,42,52,2542,84,765.25,76.35,1.0
15428,19,52,2519,38,765.25,72.42,1.0
15429,137,6,2637,274,765.24,113.72,1.0
15430,50,56,2550,100,765.2,77.95,1.0
15431,43,58,2543,86,765.17,79.21,1.0
15432,164,6,2664,328,765.17,122.61,1.0
15433,52,58,2552,104,765.15,81.17,1.0
15434,17,37,2517,34,765.15,71.96,1.0
15435,229,7,2729,458,765.14,132.34,1.0
15436,105,59,2605,210,765.12,88.87,1.0
15437,53,57,2553,106,765.11,78.58,1.0
15438,38,52,2538,76,765.1,75.1,1.0
15439,75,59,2575,150,765.1,83.94,1.0
15440,65,57,2565,130,765.09,79.34,1.0
15441,72,57,2572,144,765.07,81.68,1.0
15442,17,39,2517,34,765.06,71.94,1.0
15443,22,30,2522,44,765.06,72.82,1.0
15444,35,52,2535,70,765.04,74.08,1.0
15445,59,58,2559,118,764.98,81.31,1.0
15446,45,56,2545,90,764.98,76.3,1.0
15447,15,50,2515,30,764.96,73.13,1.0
15448,76,59,2576,152,764.96,83.24,1.0
15449,18,47,2518,36,764.92,70.81,1.0
15450,40,55,2540,80,764.91,76.09,1.0
15451,227,7,2727,454,764.87,129.36,1.0
15452,17,36,2517,34,764.86,71.17,1.0
15453,34,55,2534,68,764.85,74.37,1.0
15454,27,56,2527,54,764.84,76.06,1.0
15455,171,60,2671,342,764.79,98.46,1.0
15456,25,46,2525,50,764.73,74.0,1.0
15457,31,55,2531,62,764.72,76.25,1.0
15458,33,55,2533,66,764.66,77.63,1.0
15459,15,51,2515,30,764.62,71.84,1.0
15460,17,32,2517,34,764.58,71.8,1.0
15461,47,50,2547,94,764.58,75.32,1.0
15462,120,60,2620,240,764.52,92.0,1.0
15463,17,43,2517,34,764.51,72.06,1.0
15464,243,7,2743,486,764.48,133.4,1.0
15465,81,59,2581,162,764.47,84.01,1.0
15466,51,55,2551,102,764.46,78.32,1.0
15467,115,59,2615,230,764.42,87.6,1.0
15468,38,53,2538,76,764.39,75.32,1.0
15469,30,55,2530,60,764.38,76.13,1.0
15470,110,59,2610,220,764.37,90.22,1.0
15471,19,53,2519,38,764.34,73.0,1.0
15472,60,54,2560,120,764.32,80.84,1.0
15473,63,59,2563,126,764.31,83.49,1.0
15474,23,47,2523,46,764.29,71.43,1.0
15475,68,5,2568,136,764.29,95.62,1.0
15476,87,60,2587,174,764.28,86.48,1.0
15477,55,60,2555,110,764.27,80.07,1.0
15478,17,46,2517,34,764.24,72.48,1.0
15479,257,60,2757,514,764.21,111.35,1.0
15480,24,55,2524,48,764.13,74.87,1.0
15481,172,60,2672,344,764.12,100.73,1.0
15482,16,54,2516,32,764.09,73.1,1.0
15483,238,7,2738,476,764.08,134.27,1.0
15484,41,55,2541,82,764.07,78.79,1.0
15485,174,60,2674,348,764.05,101.01,1.0
15486,69,58,2569,138,764.03,81.07,1.0
15487,17,45,2517,34,764.02,72.7,1.0
15488,21,58,2521,42,764.01,74.67,1.0
15489,111,60,2611,222,763.98,88.73,1.0
15490,148,60,2648,296,763.96,95.29,1.0
15491,44,58,2544,88,763.9,77.57,1.0
15492,19,54,2519,38,763.85,71.84,1.0
15493,27,57,2527,54,763.84,75.87,1.0
15494,70,59,2570,140,763.82,83.0,1.0
15495,139,6,2639,278,763.82,112.36,1.0
15496,23,46,2523,46,763.81,72.06,1.0
15497,36,52,2536,72,763.79,74.87,1.0
15498,208,7,2708,416,763.75,130.05,1.0
15499,267,7,2767,534,763.75,141.32,1.0
15500,91,59,2591,182,763.74,86.55,1.0
15501,135,60,2635,270,763.74,93.07,1.0
15502,65,5,2565,130,763.72,94.63,1.0
15503,47,51,2547,94,763.7,74.47,1.0
15504,16,55,2516,32,763.68,73.73,1.0
15505,22,46,2522,44,763.61,72.74,1.0
15506,28,50,2528,56,763.59,74.39,1.0
15507,231,60,2731,462,763.53,107.72,1.0
15508,63,5,2563,126,763.51,93.69,1.0
15509,22,47,2522,44,763.49,73.97,1.0
15510,40,56,2540,80,763.48,75.75,1.0
15511,17,48,2517,34,763.47,72.4,1.0
15512,33,56,2533,66,763.47,78.85,1.0
15513,166,60,2666,332,763.45,98.22,1.0
15514,34,56,2534,68,763.44,75.52,1.0
15515,42,5,2542,84,763.42,88.62,1.0
15516,30,56,2530,60,763.4,77.21,1.0
15517,52,59,2552,104,763.39,81.65,1.0
15518,29,56,2529,58,763.38,76.11,1.0
15519,29,57,2529,58,763.36,76.8,1.0
15520,71,60,2571,142,763.36,84.03,1.0
15521,113,60,2613,226,763.34,93.03,1.0
15522,237,7,2737,474,763.33,131.64,1.0
15523,25,48,2525,50,763.32,73.37,1.0
15524,57,54,2557,114,763.29,77.8,1.0
15525,136,6,2636,272,763.28,114.39,1.0
15526,15,52,2515,30,763.27,73.12,1.0
15527,77,58,2577,154,763.25,82.67,1.0
15528,146,60,2646,292,763.25,94.3,1.0
15529,18,48,2518,36,763.23,71.45,1.0
15530,153,6,2653,306,763.22,116.86,1.0
15531,25,47,2525,50,763.21,73.76,1.0
15532,32,54,2532,64,763.19,75.01,1.0
15533,39,54,2539,78,763.12,76.33,1.0
15534,43,59,2543,86,763.1,79.97,1.0
15535,62,57,2562,124,763.08,82.73,1.0
15536,20,33,2520,40,763.08,72.7,1.0
15537,12,40,2512,24,763.08,73.44,1.0
15538,18,51,2518,36,763.07,71.45,1.0
15539,17,47,2517,34,763.05,72.97,1.0
15540,143,59,2643,286,763.04,94.92,1.0
15541,50,57,2550,100,763.02,78.79,1.0
15542,49,60,2549,98,763.01,82.65,1.0
15543,18,49,2518,36,763.01,71.84,1.0
15544,20,38,2520,40,763.01,73.44,1.0
15545,112,60,2612,224,763.01,90.48,1.0
15546,150,59,2650,300,763.0,95.44,1.0
15547,37,55,2537,74,762.98,77.06,1.0
15548,20,39,2520,40,762.98,73.33,1.0
15549,48,55,2548,96,762.95,78.13,1.0
15550,208,60,2708,416,762.94,104.65,1.0
15551,88,58,2588,176,762.9,85.63,1.0
15552,12,33,2512,24,762.89,73.64,1.0
15553,20,44,2520,40,762.88,73.44,1.0
15554,54,57,2554,108,762.88,77.71,1.0
15555,85,58,2585,170,762.87,84.53,1.0
15556,15,53,2515,30,762.86,73.37,1.0
15557,46,5,2546,92,762.86,88.41,1.0
15558,28,51,2528,56,762.85,73.86,1.0
15559,198,7,2698,396,762.85,130.37,1.0
15560,35,53,2535,70,762.84,73.88,1.0
15561,156,60,2656,312,762.83,99.29,1.0
15562,31,56,2531,62,762.8,75.91,1.0
15563,20,40,2520,40,762.79,73.68,1.0
15564,138,60,2638,276,762.79,94.75,1.0
15565,26,55,2526,52,762.78,76.02,1.0
15566,23,48,2523,46,762.77,72.17,1.0
15567,217,7,2717,434,762.76,130.21,1.0
15568,42,53,2542,84,762.74,77.45,1.0
15569,53,5,2553,106,762.73,91.02,1.0
15570,67,55,2567,134,762.73,80.41,1.0
15571,36,53,2536,72,762.72,75.72,1.0
15572,240,7,2740,480,762.71,135.43,1.0
15573,58,58,2558,116,762.69,80.11,1.0
15574,61,57,2561,122,762.68,81.38,1.0
15575,127,60,2627,254,762.68,94.24,1.0
15576,20,37,2520,40,762.66,73.19,1.0
15577,84,60,2584,168,762.66,85.75,1.0
15578,100,59,2600,200,762.63,87.19,1.0
15579,20,31,2520,40,762.62,73.36,1.0
15580,20,41,2520,40,762.61,73.82,1.0
15581,20,42,2520,40,762.61,73.32,1.0
15582,107,59,2607,214,762.6,88.24,1.0
15583,56,59,2556,112,762.57,80.85,1.0
15584,59,59,2559,118,762.53,80.71,1.0
15585,20,35,2520,40,762.46,73.15,1.0
15586,20,36,2520,40,762.46,73.89,1.0
15587,163,6,2663,326,762.46,117.93,1.0
15588,20,43,2520,40,762.42,73.71,1.0
15589,83,58,2583,166,762.4,86.16,1.0
15590,149,60,2649,298,762.4,94.68,1.0
15591,145,6,2645,290,762.39,116.39,1.0
15592,12,43,2512,24,762.37,73.27,1.0
15593,21,59,2521,42,762.35,75.9,1.0
15594,39,55,2539,78,762.28,76.7,1.0
15595,203,60,2703,406,762.26,104.41,1.0
15596,19,55,2519,38,762.25,72.19,1.0
15597,20,34,2520,40,762.24,73.77,1.0
15598,60,55,2560,120,762.22,81.52,1.0
15599,65,58,2565,130,762.21,80.94,1.0
15600,74,57,2574,148,762.21,84.44,1.0
15601,30,57,2530,60,762.2,75.96,1.0
15602,61,5,2561,122,762.2,92.54,1.0
15603,24,56,2524,48,762.19,74.95,1.0
15604,34,57,2534,68,762.18,75.32,1.0
15605,53,58,2553,106,762.07,80.89,1.0
15606,47,52,2547,94,762.07,74.96,1.0
15607,18,50,2518,36,762.04,71.43,1.0
15608,16,56,2516,32,762.03,74.49,1.0
15609,162,59,2662,324,762.03,99.29,1.0
15610,58,5,2558,116,762.01,92.01,1.0
15611,45,57,2545,90,762.01,76.47,1.0
15612,12,31,2512,24,762.01,73.55,1.0
15613,80,55,2580,160,762.01,82.6,1.0
15614,73,60,2573,146,762.0,84.81,1.0
15615,24,57,2524,48,761.97,74.78,1.0
15616,295,8,2795,590,761.96,140.55,1.0
15617,22,48,2522,44,761.93,73.15,1.0
15618,46,54,2546,92,761.91,76.65,1.0
15619,12,37,2512,24,761.91,73.88,1.0
15620,12,42,2512,24,761.91,73.17,1.0
15621,123,60,2623,246,761.9,94.12,1.0
15622,17,50,2517,34,761.89,72.94,1.0
15623,75,60,2575,150,761.88,82.99,1.0
15624,121,59,2621,242,761.87,90.57,1.0
15625,23,49,2523,46,761.84,73.06,1.0
15626,68,60,2568,136,761.84,83.48,1.0
15627,20,30,2520,40,761.81,73.38,1.0
15628,26,56,2526,52,761.78,75.58,1.0
15629,97,60,2597,194,761.75,87.72,1.0
15630,20,32,2520,40,761.72,74.19,1.0
15631,64,56,2564,128,761.71,77.95,1.0
15632,118,59,2618,236,761.71,91.13,1.0
15633,32,55,2532,64,761.69,75.54,1.0
15634,22,49,2522,44,761.65,73.21,1.0
15635,95,60,2595,190,761.65,88.68,1.0
15636,37,56,2537,74,761.63,77.34,1.0
15637,158,60,2658,316,761.63,96.49,1.0
15638,12,30,2512,24,761.62,73.21,1.0
15639,221,7,2721,442,761.62,134.27,1.0
15640,54,58,2554,108,761.61,78.82,1.0
15641,12,32,2512,24,761.6,73.26,1.0
15642,12,38,2512,24,761.6,74.57,1.0
15643,12,44,2512,24,761.6,72.56,1.0
15644,72,58,2572,144,761.6,81.89,1.0
15645,148,6,2648,296,761.59,116.86,1.0
15646,21,60,2521,42,761.58,75.33,1.0
15647,12,35,2512,24,761.56,73.44,1.0
15648,110,60,2610,220,761.56,90.23,1.0
15649,167,6,2667,334,761.54,122.64,1.0
15650,12,46,2512,24,761.53,73.15,1.0
15651,20,45,2520,40,761.51,73.81,1.0
15652,12,39,2512,24,761.51,73.86,1.0
15653,93,57,2593,186,761.51,85.43,1.0
15654,19,57,2519,38,761.5,73.69,1.0
15655,12,36,2512,24,761.5,73.61,1.0
15656,66,58,2566,132,761.49,82.28,1.0
15657,36,54,2536,72,761.45,75.97,1.0
15658,38,54,2538,76,761.45,75.66,1.0
15659,106,60,2606,212,761.41,88.27,1.0
15660,147,6,2647,294,761.41,118.15,1.0
15661,42,54,2542,84,761.38,77.35,1.0
15662,16,57,2516,32,761.37,74.22,1.0
15663,187,60,2687,374,761.37,101.66,1.0
15664,252,7,2752,504,761.33,139.31,1.0
15665,12,41,2512,24,761.32,72.91,1.0
15666,17,49,2517,34,761.3,72.97,1.0
15667,119,60,2619,238,761.3,91.07,1.0
15668,20,47,2520,40,761.26,73.2,1.0
15669,13,33,2513,26,761.26,71.73,1.0
15670,135,6,2635,270,761.24,112.73,1.0
15671,13,39,2513,26,761.23,71.34,1.0
15672,15,54,2515,30,761.2,73.11,1.0
15673,157,6,2657,314,761.17,118.37,1.0
15674,103,60,2603,206,761.14,88.8,1.0
15675,137,60,2637,274,761.14,93.42,1.0
15676,27,58,2527,54,761.1,77.23,1.0
15677,13,42,2513,26,761.09,72.08,1.0
15678,28,52,2528,56,761.08,75.02,1.0
15679,19,56,2519,38,761.04,72.86,1.0
15680,179,6,2679,358,761.04,122.26,1.0
15681,10,44,2510,20,761.03,71.2,1.0
15682,39,56,2539,78,761.02,77.21,1.0
15683,56,60,2556,112,761.02,82.46,1.0
15684,10,37,2510,20,761.02,71.21,1.0
15685,13,38,2513,26,761.02,72.37,1.0
15686,12,45,2512,24,761.0,72.72,1.0
15687,86,59,2586,172,760.99,86.08,1.0
15688,46,55,2546,92,760.97,76.87,1.0
15689,50,58,2550,100,760.96,79.2,1.0
15690,13,30,2513,26,760.9,71.93,1.0
15691,13,31,2513,26,760.89,71.98,1.0
15692,13,35,2513,26,760.86,72.46,1.0
15693,29,58,2529,58,760.85,77.34,1.0
15694,17,51,2517,34,760.85,72.23,1.0
15695,10,31,2510,20,760.83,71.07,1.0
15696,78,59,2578,156,760.82,86.0,1.0
15697,13,41,2513,26,760.81,71.77,1.0
15698,33,57,2533,66,760.77,77.95,1.0
15699,22,50,2522,44,760.76,74.07,1.0
15700,35,54,2535,70,760.75,74.77,1.0
15701,10,32,2510,20,760.75,70.88,1.0
15702,10,42,2510,20,760.75,71.18,1.0
15703,16,58,2516,32,760.74,73.94,1.0
15704,23,50,2523,46,760.73,73.26,1.0
15705,28,53,2528,56,760.69,74.92,1.0
15706,13,37,2513,26,760.69,72.13,1.0
15707,38,55,2538,76,760.68,75.9,1.0
15708,10,34,2510,20,760.67,70.88,1.0
15709,10,36,2510,20,760.67,70.82,1.0
15710,40,58,2540,80,760.66,76.42,1.0
15711,81,60,2581,162,760.64,85.72,1.0
15712,40,57,2540,80,760.62,75.77,1.0
15713,13,34,2513,26,760.62,72.64,1.0
15714,13,44,2513,26,760.62,71.4,1.0
15715,9,38,2509,18,760.6,73.6,1.0
15716,10,39,2510,20,760.54,71.27,1.0
15717,13,40,2513,26,760.54,71.33,1.0
15718,51,56,2551,102,760.53,78.48,1.0
15719,10,45,2510,20,760.53,71.2,1.0
15720,24,58,2524,48,760.51,75.59,1.0
15721,79,59,2579,158,760.51,87.26,1.0
15722,19,58,2519,38,760.48,73.6,1.0
15723,13,36,2513,26,760.48,72.02,1.0
15724,23,51,2523,46,760.45,73.67,1.0
15725,242,7,2742,484,760.45,137.26,1.0
15726,57,55,2557,114,760.43,78.93,1.0
15727,10,33,2510,20,760.43,71.27,1.0
15728,12,48,2512,24,760.43,73.62,1.0
15729,37,57,2537,74,760.41,77.24,1.0
15730,34,58,2534,68,760.4,76.12,1.0
15731,27,59,2527,54,760.39,76.68,1.0
15732,54,59,2554,108,760.38,79.07,1.0
15733,10,43,2510,20,760.37,70.83,1.0
15734,41,56,2541,82,760.35,78.01,1.0
15735,20,46,2520,40,760.35,74.02,1.0
15736,44,59,2544,88,760.32,78.16,1.0
15737,10,30,2510,20,760.31,72.06,1.0
15738,13,43,2513,26,760.31,72.16,1.0
15739,92,59,2592,184,760.31,86.67,1.0
15740,12,47,2512,24,760.29,73.19,1.0
15741,13,32,2513,26,760.29,72.37,1.0
15742,16,59,2516,32,760.28,74.63,1.0
15743,52,60,2552,104,760.27,82.26,1.0
15744,117,60,2617,234,760.27,90.33,1.0
15745,130,60,2630,260,760.24,92.74,1.0
15746,10,40,2510,20,760.23,70.73,1.0
15747,67,56,2567,134,760.21,81.28,1.0
15748,58,59,2558,116,760.15,80.1,1.0
15749,10,46,2510,20,760.14,71.11,1.0
15750,12,34,2512,24,760.09,73.12,1.0
15751,15,55,2515,30,760.08,73.4,1.0
15752,15,57,2515,30,760.06,72.8,1.0
15753,43,60,2543,86,760.05,80.23,1.0
15754,89,60,2589,178,760.03,85.93,1.0
15755,45,58,2545,90,760.02,77.41,1.0
15756,10,41,2510,20,760.02,71.75,1.0
15757,9,31,2509,18,759.99,73.67,1.0
15758,13,45,2513,26,759.95,72.22,1.0
15759,151,59,2651,302,759.95,94.06,1.0
15760,17,52,2517,34,759.94,72.56,1.0
15761,13,48,2513,26,759.92,72.5,1.0
15762,15,56,2515,30,759.91,72.72,1.0
15763,10,38,2510,20,759.88,71.32,1.0
15764,134,60,2634,268,759.87,95.61,1.0
15765,32,56,2532,64,759.86,75.89,1.0
15766,25,49,2525,50,759.83,74.35,1.0
15767,18,52,2518,36,759.78,72.39,1.0
15768,69,59,2569,138,759.75,82.81,1.0
15769,25,50,2525,50,759.74,74.4,1.0
15770,9,42,2509,18,759.74,72.97,1.0
15771,13,46,2513,26,759.74,72.51,1.0
15772,10,35,2510,20,759.73,70.88,1.0
15773,26,57,2526,52,759.72,76.58,1.0
15774,13,47,2513,26,759.72,72.46,1.0
15775,17,54,2517,34,759.71,72.89,1.0
15776,188,59,2688,376,759.7,104.01,1.0
15777,48,56,2548,96,759.66,78.68,1.0
15778,9,32,2509,18,759.66,73.47,1.0
15779,12,49,2512,24,759.64,73.76,1.0
15780,31,57,2531,62,759.63,76.8,1.0
15781,23,52,2523,46,759.61,73.45,1.0
15782,12,50,2512,24,759.53,73.71,1.0
15783,22,51,2522,44,759.53,74.12,1.0
15784,141,60,2641,282,759.5,93.35,1.0
15785,30,58,2530,60,759.49,76.56,1.0
15786,156,6,2656,312,759.49,118.46,1.0
15787,9,33,2509,18,759.45,73.61,1.0
15788,178,6,2678,356,759.45,124.0,1.0
15789,29,59,2529,58,759.44,77.64,1.0
15790,9,37,2509,18,759.43,73.96,1.0
15791,17,53,2517,34,759.42,73.1,1.0
15792,25,52,2525,50,759.37,74.61,1.0
15793,88,59,2588,176,759.37,86.12,1.0
15794,9,40,2509,18,759.35,73.71,1.0
15795,9,45,2509,18,759.34,73.63,1.0
15796,20,48,2520,40,759.33,74.95,1.0
15797,9,36,2509,18,759.31,73.39,1.0
15798,9,41,2509,18,759.31,73.39,1.0
15799,70,5,2570,140,759.31,94.75,1.0
15800,9,35,2509,18,759.29,73.45,1.0
15801,13,50,2513,26,759.28,72.8,1.0
15802,139,60,2639,278,759.26,93.53,1.0
15803,76,60,2576,152,759.25,84.69,1.0
15804,33,58,2533,66,759.23,79.37,1.0
15805,41,57,2541,82,759.22,78.31,1.0
15806,12,51,2512,24,759.21,74.13,1.0
15807,13,49,2513,26,759.21,72.75,1.0
15808,37,58,2537,74,759.17,78.56,1.0
15809,36,55,2536,72,759.15,77.59,1.0
15810,26,58,2526,52,759.11,77.85,1.0
15811,9,46,2509,18,759.11,74.87,1.0
15812,276,7,2776,552,759.11,143.5,1.0
15813,35,55,2535,70,759.09,75.02,1.0
15814,1,40,2501,2,759.04,72.98,1.0
15815,11,34,2511,22,759.02,71.74,1.0
15816,9,43,2509,18,758.96,73.14,1.0
15817,78,60,2578,156,758.95,85.34,1.0
15818,32,57,2532,64,758.93,76.43,1.0
15819,62,58,2562,124,758.93,83.51,1.0
15820,59,60,2559,118,758.87,82.46,1.0
15821,15,58,2515,30,758.84,73.8,1.0
15822,46,56,2546,92,758.83,77.89,1.0
15823,22,52,2522,44,758.82,74.14,1.0
15824,16,60,2516,32,758.81,75.45,1.0
15825,17,55,2517,34,758.8,73.78,1.0
15826,9,34,2509,18,758.79,74.26,1.0
15827,18,53,2518,36,758.78,72.12,1.0
15828,61,58,2561,122,758.75,81.47,1.0
15829,9,44,2509,18,758.71,73.95,1.0
15830,25,51,2525,50,758.69,75.51,1.0
15831,77,59,2577,154,758.68,83.73,1.0
15832,15,59,2515,30,758.66,74.13,1.0
15833,80,56,2580,160,758.66,84.51,1.0
15834,12,53,2512,24,758.64,73.55,1.0
15835,210,7,2710,420,758.62,130.77,1.0
15836,9,30,2509,18,758.61,73.94,1.0
15837,268,7,2768,536,758.61,142.27,1.0
15838,169,6,2669,338,758.6,120.65,1.0
15839,51,57,2551,102,758.59,79.65,1.0
15840,9,39,2509,18,758.58,73.56,1.0
15841,85,59,2585,170,758.58,85.8,1.0
15842,1,49,2501,2,758.57,72.67,1.0
15843,72,59,2572,144,758.55,84.01,1.0
15844,107,60,2607,214,758.55,88.48,1.0
15845,24,59,2524,48,758.53,75.75,1.0
15846,47,53,2547,94,758.5,75.68,1.0
15847,1,42,2501,2,758.48,72.28,1.0
15848,63,60,2563,126,758.48,84.43,1.0
15849,11,43,2511,22,758.47,71.64,1.0
15850,82,58,2582,164,758.47,85.12,1.0
15851,138,6,2638,276,758.43,115.91,1.0
15852,9,47,2509,18,758.42,73.89,1.0
15853,30,59,2530,60,758.39,77.44,1.0
15854,1,31,2501,2,758.39,72.53,1.0
15855,235,7,2735,470,758.39,137.2,1.0
15856,1,44,2501,2,758.37,72.34,1.0
15857,1,47,2501,2,758.35,72.4,1.0
15858,11,39,2511,22,758.35,71.93,1.0
15859,1,32,2501,2,758.33,72.31,1.0
15860,91,60,2591,182,758.33,87.58,1.0
15861,1,37,2501,2,758.32,72.17,1.0
15862,70,60,2570,140,758.31,82.44,1.0
15863,42,55,2542,84,758.26,78.0,1.0
15864,27,60,2527,54,758.25,77.6,1.0
15865,11,32,2511,22,758.25,72.1,1.0
15866,20,49,2520,40,758.23,74.88,1.0
15867,81,5,2581,162,758.23,98.21,1.0
15868,1,45,2501,2,758.22,72.86,1.0
15869,18,54,2518,36,758.22,72.29,1.0
15870,39,57,2539,78,758.2,77.09,1.0
15871,1,35,2501,2,758.18,72.09,1.0
15872,12,52,2512,24,758.18,73.8,1.0
15873,28,54,2528,56,758.16,75.59,1.0
15874,11,31,2511,22,758.14,71.1,1.0
15875,11,36,2511,22,758.14,71.37,1.0
15876,1,36,2501,2,758.12,73.14,1.0
15877,11,44,2511,22,758.11,71.47,1.0
15878,1,46,2501,2,758.1,72.49,1.0
15879,66,5,2566,132,758.07,94.86,1.0
15880,1,57,2501,2,758.03,73.02,1.0
15881,9,49,2509,18,758.03,73.38,1.0
15882,84,5,2584,168,758.03,100.32,1.0
15883,10,47,2510,20,758.02,71.51,1.0
15884,143,6,2643,286,758.02,115.77,1.0
15885,60,56,2560,120,758.01,81.34,1.0
15886,1,50,2501,2,757.99,72.11,1.0
15887,11,37,2511,22,757.97,71.25,1.0
15888,118,6,2618,236,757.96,111.98,1.0
15889,1,51,2501,2,757.95,72.76,1.0
15890,1,34,2501,2,757.94,72.1,1.0
15891,115,60,2615,230,757.94,88.34,1.0
15892,50,59,2550,100,757.9,80.37,1.0
15893,31,58,2531,62,757.89,76.82,1.0
15894,1,41,2501,2,757.89,72.78,1.0
15895,11,30,2511,22,757.89,71.5,1.0
15896,1,39,2501,2,757.88,72.71,1.0
15897,53,59,2553,106,757.88,80.61,1.0
15898,10,48,2510,20,757.88,71.66,1.0
15899,1,48,2501,2,757.87,72.3,1.0
15900,11,33,2511,22,757.87,71.45,1.0
15901,1,38,2501,2,757.83,72.65,1.0
15902,11,38,2511,22,757.83,72.46,1.0
15903,19,60,2519,38,757.82,73.79,1.0
15904,19,59,2519,38,757.79,73.12,1.0
15905,11,41,2511,22,757.79,71.17,1.0
15906,1,30,2501,2,757.77,72.88,1.0
15907,122,60,2622,244,757.76,92.81,1.0
15908,105,60,2605,210,757.75,90.34,1.0
15909,1,33,2501,2,757.74,73.2,1.0
15910,23,53,2523,46,757.74,73.08,1.0
15911,1,54,2501,2,757.72,72.37,1.0
15912,12,54,2512,24,757.67,73.69,1.0
15913,36,56,2536,72,757.66,76.78,1.0
15914,1,52,2501,2,757.64,72.66,1.0
15915,9,48,2509,18,757.6,74.34,1.0
15916,40,59,2540,80,757.58,76.99,1.0
15917,13,51,2513,26,757.58,73.08,1.0
15918,33,59,2533,66,757.55,78.74,1.0
15919,79,60,2579,158,757.54,87.08,1.0
15920,9,50,2509,18,757.53,74.28,1.0
15921,62,5,2562,124,757.47,95.9,1.0
15922,11,45,2511,22,757.47,71.93,1.0
15923,24,60,2524,48,757.46,76.0,1.0
15924,86,60,2586,172,757.46,87.88,1.0
15925,1,56,2501,2,757.45,72.8,1.0
15926,66,59,2566,132,757.45,82.48,1.0
15927,11,42,2511,22,757.42,72.24,1.0
15928,20,51,2520,40,757.41,74.79,1.0
15929,1,53,2501,2,757.39,72.59,1.0
15930,11,35,2511,22,757.37,71.7,1.0
15931,57,56,2557,114,757.35,79.5,1.0
15932,11,46,2511,22,757.34,71.78,1.0
15933,1,60,2501,2,757.33,72.98,1.0
15934,74,58,2574,148,757.32,84.98,1.0
15935,10,49,2510,20,757.3,71.51,1.0
15936,17,56,2517,34,757.29,73.82,1.0
15937,170,6,2670,340,757.29,121.27,1.0
15938,22,53,2522,44,757.28,74.65,1.0
15939,23,54,2523,46,757.23,73.57,1.0
15940,48,57,2548,96,757.22,79.62,1.0
15941,11,40,2511,22,757.21,71.49,1.0
15942,173,6,2673,346,757.21,119.48,1.0
15943,1,55,2501,2,757.18,72.65,1.0
15944,64,57,2564,128,757.16,79.85,1.0
15945,1,58,2501,2,757.14,73.03,1.0
15946,18,55,2518,36,757.13,72.89,1.0
15947,30,60,2530,60,757.12,77.66,1.0
15948,35,56,2535,70,757.12,76.23,1.0
15949,5,34,2505,10,757.09,70.59,1.0
15950,20,50,2520,40,757.08,75.61,1.0
15951,11,47,2511,22,757.07,71.91,1.0
15952,26,59,2526,52,757.05,77.62,1.0
15953,9,51,2509,18,757.04,74.29,1.0
15954,100,60,2600,200,757.03,88.18,1.0
15955,31,59,2531,62,757.0,77.31,1.0
15956,45,59,2545,90,756.99,77.72,1.0
15957,5,38,2505,10,756.98,70.62,1.0
15958,10,51,2510,20,756.95,72.39,1.0
15959,83,59,2583,166,756.95,87.3,1.0
15960,228,7,2728,456,756.92,134.8,1.0
15961,60,57,2560,120,756.88,83.43,1.0
15962,1,59,2501,2,756.87,72.83,1.0
15963,157,60,2657,314,756.87,98.83,1.0
15964,38,56,2538,76,756.82,77.57,1.0
15965,1,43,2501,2,756.82,72.89,1.0
15966,264,7,2764,528,756.82,142.24,1.0
15967,44,60,2544,88,756.81,77.92,1.0
15968,62,59,2562,124,756.8,83.68,1.0
15969,149,6,2649,298,756.8,114.94,1.0
15970,10,52,2510,20,756.77,72.26,1.0
15971,15,60,2515,30,756.74,74.49,1.0
15972,34,59,2534,68,756.74,76.4,1.0
15973,5,39,2505,10,756.74,70.54,1.0
15974,48,58,2548,96,756.65,79.98,1.0
15975,17,57,2517,34,756.65,73.58,1.0
15976,5,43,2505,10,756.64,70.38,1.0
15977,5,40,2505,10,756.57,70.22,1.0
15978,12,55,2512,24,756.54,73.89,1.0
15979,12,58,2512,24,756.54,74.97,1.0
15980,5,42,2505,10,756.54,71.35,1.0
15981,12,56,2512,24,756.53,73.67,1.0
15982,78,5,2578,156,756.48,97.64,1.0
15983,118,60,2618,236,756.45,92.41,1.0
15984,47,54,2547,94,756.44,77.3,1.0
15985,101,5,2601,202,756.43,104.17,1.0
15986,58,60,2558,116,756.41,81.59,1.0
15987,13,53,2513,26,756.41,72.62,1.0
15988,40,60,2540,80,756.39,78.36,1.0
15989,5,37,2505,10,756.37,70.72,1.0
15990,143,60,2643,286,756.37,95.56,1.0
15991,12,57,2512,24,756.36,74.42,1.0
15992,5,30,2505,10,756.33,70.67,1.0
15993,29,60,2529,58,756.32,77.1,1.0
15994,53,60,2553,106,756.32,81.87,1.0
15995,22,54,2522,44,756.32,74.39,1.0
15996,5,36,2505,10,756.32,71.04,1.0
15997,5,31,2505,10,756.28,70.96,1.0
15998,5,35,2505,10,756.25,71.24,1.0
15999,93,58,2593,186,756.24,86.1,1.0
16000,20,52,2520,40,756.22,75.62,1.0
16001,5,32,2505,10,756.22,71.15,1.0
16002,146,6,2646,292,756.21,118.83,1.0
16003,37,59,2537,74,756.2,79.73,1.0
16004,80,57,2580,160,756.19,84.61,1.0
16005,18,56,2518,36,756.18,73.28,1.0
16006,54,60,2554,108,756.18,80.45,1.0
16007,13,54,2513,26,756.18,72.2,1.0
16008,10,50,2510,20,756.17,71.84,1.0
16009,9,52,2509,18,756.15,74.17,1.0
16010,41,58,2541,82,756.14,79.39,1.0
16011,50,60,2550,100,756.14,80.18,1.0
16012,9,53,2509,18,756.14,74.92,1.0
16013,5,41,2505,10,756.12,70.95,1.0
16014,5,49,2505,10,756.08,70.31,1.0
16015,39,58,2539,78,756.07,78.55,1.0
16016,10,53,2510,20,756.02,72.25,1.0
16017,271,7,2771,542,756.02,140.75,1.0
16018,275,7,2775,550,756.0,143.79,1.0
16019,9,54,2509,18,755.97,74.69,1.0
16020,65,59,2565,130,755.96,81.11,1.0
16021,251,7,2751,502,755.95,137.39,1.0
16022,23,55,2523,46,755.93,73.91,1.0
16023,18,57,2518,36,755.92,73.71,1.0
16024,13,52,2513,26,755.92,72.93,1.0
16025,5,33,2505,10,755.9,70.49,1.0
16026,32,59,2532,64,755.87,77.23,1.0
16027,25,53,2525,50,755.86,75.15,1.0
16028,51,58,2551,102,755.84,80.28,1.0
16029,35,57,2535,70,755.84,76.21,1.0
16030,46,57,2546,92,755.82,77.91,1.0
16031,32,58,2532,64,755.78,76.34,1.0
16032,5,45,2505,10,755.78,71.39,1.0
16033,5,46,2505,10,755.76,70.74,1.0
16034,12,59,2512,24,755.75,74.27,1.0
16035,92,60,2592,184,755.75,87.75,1.0
16036,5,51,2505,10,755.67,70.54,1.0
16037,22,56,2522,44,755.65,74.12,1.0
16038,5,48,2505,10,755.62,71.31,1.0
16039,22,55,2522,44,755.6,74.56,1.0
16040,10,54,2510,20,755.59,72.39,1.0
16041,121,60,2621,242,755.57,90.8,1.0
16042,10,55,2510,20,755.55,71.98,1.0
16043,5,52,2505,10,755.53,71.29,1.0
16044,5,54,2505,10,755.51,71.79,1.0
16045,11,48,2511,22,755.5,71.68,1.0
16046,168,6,2668,336,755.5,121.87,1.0
16047,61,59,2561,122,755.49,83.03,1.0
16048,5,44,2505,10,755.48,70.82,1.0
16049,20,53,2520,40,755.47,75.34,1.0
16050,23,56,2523,46,755.47,73.78,1.0
16051,5,47,2505,10,755.47,70.76,1.0
16052,36,57,2536,72,755.45,77.43,1.0
16053,75,5,2575,150,755.44,97.67,1.0
16054,17,58,2517,34,755.33,74.26,1.0
16055,9,57,2509,18,755.31,74.66,1.0
16056,5,53,2505,10,755.3,71.12,1.0
16057,150,6,2650,300,755.27,116.74,1.0
16058,42,56,2542,84,755.25,78.88,1.0
16059,5,55,2505,10,755.21,71.29,1.0
16060,14,35,2514,28,755.18,71.93,1.0
16061,159,6,2659,318,755.16,119.41,1.0
16062,22,57,2522,44,755.15,75.17,1.0
16063,9,55,2509,18,755.09,74.87,1.0
16064,11,49,2511,22,755.08,72.33,1.0
16065,14,32,2514,28,755.06,72.33,1.0
16066,26,60,2526,52,755.01,78.42,1.0
16067,34,60,2534,68,754.99,76.2,1.0
16068,31,60,2531,62,754.97,78.3,1.0
16069,14,37,2514,28,754.94,71.86,1.0
16070,5,50,2505,10,754.94,71.9,1.0
16071,141,6,2641,282,754.89,113.02,1.0
16072,10,56,2510,20,754.88,72.43,1.0
16073,150,60,2650,300,754.88,96.57,1.0
16074,47,5,2547,94,754.86,90.51,1.0
16075,9,56,2509,18,754.86,74.69,1.0
16076,66,60,2566,132,754.85,83.81,1.0
16077,38,57,2538,76,754.83,77.81,1.0
16078,155,6,2655,310,754.83,120.3,1.0
16079,13,57,2513,26,754.78,73.15,1.0
16080,262,7,2762,524,754.78,140.44,1.0
16081,5,56,2505,10,754.77,71.68,1.0
16082,25,54,2525,50,754.75,76.48,1.0
16083,5,57,2505,10,754.74,71.4,1.0
16084,37,60,2537,74,754.72,80.36,1.0
16085,46,58,2546,92,754.69,78.69,1.0
16086,28,55,2528,56,754.68,76.26,1.0
16087,28,56,2528,56,754.68,76.46,1.0
16088,14,41,2514,28,754.65,72.05,1.0
16089,10,57,2510,20,754.56,72.71,1.0
16090,10,58,2510,20,754.53,72.84,1.0
16091,14,42,2514,28,754.53,71.25,1.0
16092,14,40,2514,28,754.5,72.22,1.0
16093,158,6,2658,316,754.47,119.17,1.0
16094,69,60,2569,138,754.45,83.61,1.0
16095,14,45,2514,28,754.44,72.15,1.0
16096,25,55,2525,50,754.43,76.14,1.0
16097,45,60,2545,90,754.42,78.61,1.0
16098,18,58,2518,36,754.38,74.06,1.0
16099,13,56,2513,26,754.34,73.05,1.0
16100,64,58,2564,128,754.34,80.32,1.0
16101,14,44,2514,28,754.31,71.53,1.0
16102,14,31,2514,28,754.29,72.2,1.0
16103,7,43,2507,14,754.28,72.02,1.0
16104,73,5,2573,146,754.25,98.48,1.0
16105,14,38,2514,28,754.24,72.12,1.0
16106,77,60,2577,154,754.24,83.52,1.0
16107,8,39,2508,16,754.22,72.66,1.0
16108,39,59,2539,78,754.19,78.75,1.0
16109,165,6,2665,330,754.19,120.15,1.0
16110,2,31,2502,4,754.17,71.9,1.0
16111,60,5,2560,120,754.17,95.04,1.0
16112,35,58,2535,70,754.16,76.2,1.0
16113,11,50,2511,22,754.15,72.38,1.0
16114,176,6,2676,352,754.14,123.56,1.0
16115,7,30,2507,14,754.13,71.83,1.0
16116,14,30,2514,28,754.09,71.81,1.0
16117,14,34,2514,28,754.09,71.0,1.0
16118,13,55,2513,26,754.05,73.33,1.0
16119,2,56,2502,4,754.04,72.2,1.0
16120,8,31,2508,16,754.04,71.87,1.0
16121,42,57,2542,84,754.03,78.56,1.0
16122,72,60,2572,144,754.03,84.48,1.0
16123,33,60,2533,66,754.01,79.69,1.0
16124,5,59,2505,10,754.01,71.52,1.0
16125,11,52,2511,22,753.96,72.74,1.0
16126,2,50,2502,4,753.9,71.38,1.0
16127,17,59,2517,34,753.85,73.77,1.0
16128,8,35,2508,16,753.84,71.63,1.0
16129,36,58,2536,72,753.81,77.75,1.0
16130,20,54,2520,40,753.8,75.91,1.0
16131,8,33,2508,16,753.78,71.86,1.0
16132,47,55,2547,94,753.75,76.49,1.0
16133,12,60,2512,24,753.75,74.83,1.0
16134,14,43,2514,28,753.72,71.42,1.0
16135,23,57,2523,46,753.72,74.62,1.0
16136,9,58,2509,18,753.71,75.26,1.0
16137,7,39,2507,14,753.7,71.5,1.0
16138,14,39,2514,28,753.69,71.35,1.0
16139,2,37,2502,4,753.68,72.05,1.0
16140,8,34,2508,16,753.68,71.7,1.0
16141,82,59,2582,164,753.68,85.59,1.0
16142,83,60,2583,166,753.66,88.29,1.0
16143,67,57,2567,134,753.66,81.37,1.0
16144,162,60,2662,324,753.66,101.09,1.0
16145,2,36,2502,4,753.65,71.68,1.0
16146,7,41,2507,14,753.65,71.64,1.0
16147,9,59,2509,18,753.64,74.37,1.0
16148,51,59,2551,102,753.62,80.63,1.0
16149,5,60,2505,10,753.59,71.91,1.0
16150,7,33,2507,14,753.59,72.06,1.0
16151,7,31,2507,14,753.57,71.66,1.0
16152,2,35,2502,4,753.56,71.72,1.0
16153,14,36,2514,28,753.56,71.82,1.0
16154,7,44,2507,14,753.56,71.86,1.0
16155,8,42,2508,16,753.54,72.14,1.0
16156,11,51,2511,22,753.5,72.06,1.0
16157,14,46,2514,28,753.49,72.03,1.0
16158,2,38,2502,4,753.48,71.59,1.0
16159,7,38,2507,14,753.48,71.89,1.0
16160,2,42,2502,4,753.47,71.38,1.0
16161,8,37,2508,16,753.45,71.45,1.0
16162,7,40,2507,14,753.44,72.23,1.0
16163,2,51,2502,4,753.43,72.18,1.0
16164,14,33,2514,28,753.43,72.08,1.0
16165,7,42,2507,14,753.42,71.42,1.0
16166,2,57,2502,4,753.41,71.46,1.0
16167,5,58,2505,10,753.4,71.7,1.0
16168,2,39,2502,4,753.39,72.18,1.0
16169,2,54,2502,4,753.36,71.91,1.0
16170,41,59,2541,82,753.35,79.95,1.0
16171,7,37,2507,14,753.35,72.28,1.0
16172,11,54,2511,22,753.34,73.28,1.0
16173,7,35,2507,14,753.32,71.64,1.0
16174,7,32,2507,14,753.29,71.83,1.0
16175,22,58,2522,44,753.28,75.5,1.0
16176,4,43,2504,8,753.28,72.41,1.0
16177,11,53,2511,22,753.25,72.64,1.0
16178,28,57,2528,56,753.24,76.58,1.0
16179,2,59,2502,4,753.2,72.04,1.0
16180,48,59,2548,96,753.19,80.31,1.0
16181,17,60,2517,34,753.17,74.81,1.0
16182,2,46,2502,4,753.14,71.63,1.0
16183,13,58,2513,26,753.11,73.46,1.0
16184,88,60,2588,176,753.1,88.56,1.0
16185,69,5,2569,138,753.09,95.91,1.0
16186,209,6,2709,418,753.09,132.43,1.0
16187,4,37,2504,8,753.08,72.03,1.0
16188,8,32,2508,16,753.08,71.9,1.0
16189,18,59,2518,36,753.06,73.32,1.0
16190,10,59,2510,20,753.05,73.21,1.0
16191,8,40,2508,16,753.05,71.8,1.0
16192,2,41,2502,4,753.04,71.27,1.0
16193,8,43,2508,16,753.04,71.99,1.0
16194,93,59,2593,186,753.04,86.69,1.0
16195,2,45,2502,4,753.03,71.27,1.0
16196,7,45,2507,14,753.03,72.1,1.0
16197,2,53,2502,4,753.02,72.16,1.0
16198,7,36,2507,14,753.02,71.42,1.0
16199,7,46,2507,14,753.01,71.3,1.0
16200,8,41,2508,16,753.01,72.09,1.0
16201,85,60,2585,170,753.01,87.53,1.0
16202,2,44,2502,4,752.96,71.74,1.0
16203,57,57,2557,114,752.95,79.59,1.0
16204,2,40,2502,4,752.94,71.96,1.0
16205,2,49,2502,4,752.94,71.67,1.0
16206,2,33,2502,4,752.92,71.84,1.0
16207,2,47,2502,4,752.92,71.9,1.0
16208,20,56,2520,40,752.89,75.98,1.0
16209,8,30,2508,16,752.88,71.74,1.0
16210,2,48,2502,4,752.87,71.99,1.0
16211,8,45,2508,16,752.87,71.8,1.0
16212,8,38,2508,16,752.84,72.12,1.0
16213,14,47,2514,28,752.82,71.33,1.0
16214,4,38,2504,8,752.77,72.71,1.0
16215,213,6,2713,426,752.76,132.66,1.0
16216,4,36,2504,8,752.75,72.54,1.0
16217,96,5,2596,192,752.75,102.76,1.0
16218,0,32,2500,0,752.74,72.17,1.0
16219,2,43,2502,4,752.73,71.61,1.0
16220,10,60,2510,20,752.72,73.58,1.0
16221,8,44,2508,16,752.68,72.02,1.0
16222,60,58,2560,120,752.67,82.83,1.0
16223,20,55,2520,40,752.66,75.54,1.0
16224,4,44,2504,8,752.66,72.24,1.0
16225,0,39,2500,0,752.65,71.4,1.0
16226,65,60,2565,130,752.65,82.17,1.0
16227,74,59,2574,148,752.65,86.16,1.0
16228,7,48,2507,14,752.64,71.85,1.0
16229,8,36,2508,16,752.64,71.96,1.0
16230,0,33,2500,0,752.56,71.19,1.0
16231,2,52,2502,4,752.56,72.07,1.0
16232,2,30,2502,4,752.53,71.51,1.0
16233,2,58,2502,4,752.51,71.79,1.0
16234,0,48,2500,0,752.49,71.55,1.0
16235,4,35,2504,8,752.47,72.38,1.0
16236,4,41,2504,8,752.46,72.36,1.0
16237,7,47,2507,14,752.45,72.07,1.0
16238,2,34,2502,4,752.42,71.82,1.0
16239,0,52,2500,0,752.4,71.19,1.0
16240,0,31,2500,0,752.39,70.95,1.0
16241,0,45,2500,0,752.39,71.15,1.0
16242,0,47,2500,0,752.38,71.61,1.0
16243,2,32,2502,4,752.38,71.58,1.0
16244,4,42,2504,8,752.38,72.38,1.0
16245,32,60,2532,64,752.35,78.27,1.0
16246,0,38,2500,0,752.33,71.79,1.0
16247,9,60,2509,18,752.32,74.8,1.0
16248,46,59,2546,92,752.31,79.58,1.0
16249,0,60,2500,0,752.3,71.32,1.0
16250,4,32,2504,8,752.3,72.74,1.0
16251,7,49,2507,14,752.3,71.66,1.0
16252,13,59,2513,26,752.29,73.39,1.0
16253,4,33,2504,8,752.26,72.17,1.0
16254,4,40,2504,8,752.23,73.07,1.0
16255,7,50,2507,14,752.2,71.89,1.0
16256,210,60,2710,420,752.19,103.88,1.0
16257,4,46,2504,8,752.16,72.33,1.0
16258,7,34,2507,14,752.16,71.61,1.0
16259,47,56,2547,94,752.12,78.23,1.0
16260,36,59,2536,72,752.1,78.32,1.0
16261,0,30,2500,0,752.1,70.96,1.0
16262,25,56,2525,50,752.1,75.71,1.0
16263,64,59,2564,128,752.1,80.85,1.0
16264,7,53,2507,14,752.06,72.9,1.0
16265,4,31,2504,8,752.04,72.15,1.0
16266,35,59,2535,70,752.01,76.63,1.0
16267,23,58,2523,46,751.99,74.77,1.0
16268,0,53,2500,0,751.98,71.32,1.0
16269,175,6,2675,350,751.94,121.1,1.0
16270,42,58,2542,84,751.92,78.88,1.0
16271,99,5,2599,198,751.9,101.55,1.0
16272,0,55,2500,0,751.89,71.71,1.0
16273,41,60,2541,82,751.87,79.79,1.0
16274,0,43,2500,0,751.87,71.35,1.0
16275,0,59,2500,0,751.87,71.8,1.0
16276,8,46,2508,16,751.86,72.23,1.0
16277,4,47,2504,8,751.82,71.85,1.0
16278,151,60,2651,302,751.82,95.02,1.0
16279,0,35,2500,0,751.79,71.69,1.0
16280,212,6,2712,424,751.79,131.14,1.0
16281,4,34,2504,8,751.75,72.39,1.0
16282,76,5,2576,152,751.75,98.78,1.0
16283,57,58,2557,114,751.73,80.72,1.0
16284,0,44,2500,0,751.71,70.78,1.0
16285,0,58,2500,0,751.69,71.56,1.0
16286,0,40,2500,0,751.68,71.33,1.0
16287,4,45,2504,8,751.68,73.02,1.0
16288,39,60,2539,78,751.65,78.54,1.0
16289,4,30,2504,8,751.64,72.25,1.0
16290,14,51,2514,28,751.63,72.36,1.0
16291,2,55,2502,4,751.62,71.59,1.0
16292,14,48,2514,28,751.6,72.04,1.0
16293,67,58,2567,134,751.59,82.81,1.0
16294,23,59,2523,46,751.58,74.94,1.0
16295,61,60,2561,122,751.56,83.49,1.0
16296,0,46,2500,0,751.55,71.88,1.0
16297,38,58,2538,76,751.53,78.03,1.0
16298,0,42,2500,0,751.53,71.19,1.0
16299,7,52,2507,14,751.53,71.97,1.0
16300,11,55,2511,22,751.52,72.28,1.0
16301,7,51,2507,14,751.52,71.76,1.0
16302,18,60,2518,36,751.5,73.9,1.0
16303,0,37,2500,0,751.49,71.95,1.0
16304,188,60,2688,376,751.48,102.75,1.0
16305,177,6,2677,354,751.48,124.73,1.0
16306,0,57,2500,0,751.47,71.58,1.0
16307,0,36,2500,0,751.46,71.44,1.0
16308,0,41,2500,0,751.46,70.92,1.0
16309,4,39,2504,8,751.46,72.64,1.0
16310,4,48,2504,8,751.45,72.19,1.0
16311,13,60,2513,26,751.44,73.86,1.0
16312,0,51,2500,0,751.34,71.68,1.0
16313,2,60,2502,4,751.32,72.06,1.0
16314,4,53,2504,8,751.32,71.61,1.0
16315,0,56,2500,0,751.31,71.09,1.0
16316,0,50,2500,0,751.24,71.16,1.0
16317,0,54,2500,0,751.23,71.17,1.0
16318,0,49,2500,0,751.22,71.97,1.0
16319,35,60,2535,70,751.16,77.04,1.0
16320,77,5,2577,154,751.13,97.05,1.0
16321,278,7,2778,556,751.13,143.46,1.0
16322,22,59,2522,44,751.12,75.54,1.0
16323,98,5,2598,196,751.1,102.84,1.0
16324,48,60,2548,96,751.09,80.98,1.0
16325,0,34,2500,0,751.08,72.18,1.0
16326,62,60,2562,124,751.08,84.48,1.0
16327,25,57,2525,50,751.08,76.8,1.0
16328,4,49,2504,8,751.03,72.32,1.0
16329,38,59,2538,76,750.97,78.17,1.0
16330,11,56,2511,22,750.96,73.25,1.0
16331,94,5,2594,188,750.87,102.29,1.0
16332,72,5,2572,144,750.86,99.29,1.0
16333,28,58,2528,56,750.85,77.04,1.0
16334,14,50,2514,28,750.85,72.31,1.0
16335,4,51,2504,8,750.83,72.2,1.0
16336,23,60,2523,46,750.79,74.7,1.0
16337,151,6,2651,302,750.78,115.99,1.0
16338,4,52,2504,8,750.75,72.31,1.0
16339,4,56,2504,8,750.75,72.39,1.0
16340,4,50,2504,8,750.72,72.11,1.0
16341,3,30,2503,6,750.7,72.98,1.0
16342,20,57,2520,40,750.49,76.78,1.0
16343,80,58,2580,160,750.49,85.78,1.0
16344,7,56,2507,14,750.42,73.2,1.0
16345,182,6,2682,364,750.42,123.86,1.0
16346,8,47,2508,16,750.41,71.5,1.0
16347,8,50,2508,16,750.4,72.45,1.0
16348,272,7,2772,544,750.4,143.34,1.0
16349,8,49,2508,16,750.38,72.32,1.0
16350,3,42,2503,6,750.37,72.71,1.0
16351,247,7,2747,494,750.36,140.79,1.0
16352,22,60,2522,44,750.35,75.89,1.0
16353,4,55,2504,8,750.35,72.7,1.0
16354,14,49,2514,28,750.34,72.37,1.0
16355,3,34,2503,6,750.28,72.79,1.0
16356,206,6,2706,412,750.27,127.46,1.0
16357,3,35,2503,6,750.19,73.55,1.0
16358,3,36,2503,6,750.18,72.93,1.0
16359,8,48,2508,16,750.15,72.82,1.0
16360,7,54,2507,14,750.14,71.93,1.0
16361,11,57,2511,22,750.12,73.08,1.0
16362,3,37,2503,6,750.08,72.98,1.0
16363,74,60,2574,148,750.08,86.76,1.0
16364,4,57,2504,8,750.05,72.21,1.0
16365,11,58,2511,22,750.03,73.14,1.0
16366,11,59,2511,22,750.02,73.36,1.0
16367,47,57,2547,94,750.01,78.62,1.0
16368,7,57,2507,14,749.97,72.33,1.0
16369,14,52,2514,28,749.93,72.62,1.0
16370,28,59,2528,56,749.85,77.29,1.0
16371,42,59,2542,84,749.81,80.23,1.0
16372,3,50,2503,6,749.8,73.25,1.0
16373,7,55,2507,14,749.8,72.93,1.0
16374,3,38,2503,6,749.79,73.32,1.0
16375,3,43,2503,6,749.78,73.02,1.0
16376,3,39,2503,6,749.7,72.98,1.0
16377,3,44,2503,6,749.65,72.77,1.0
16378,20,58,2520,40,749.63,77.41,1.0
16379,3,31,2503,6,749.61,72.65,1.0
16380,3,32,2503,6,749.61,73.13,1.0
16381,3,47,2503,6,749.56,73.71,1.0
16382,3,33,2503,6,749.52,73.88,1.0
16383,3,45,2503,6,749.51,73.06,1.0
16384,3,41,2503,6,749.5,73.39,1.0
16385,3,48,2503,6,749.49,72.53,1.0
16386,3,49,2503,6,749.47,72.92,1.0
16387,20,59,2520,40,749.44,77.54,1.0
16388,4,59,2504,8,749.42,72.64,1.0
16389,14,54,2514,28,749.4,73.4,1.0
16390,51,60,2551,102,749.39,81.22,1.0
16391,90,5,2590,180,749.32,101.38,1.0
16392,4,54,2504,8,749.31,72.58,1.0
16393,14,53,2514,28,749.29,72.93,1.0
16394,7,59,2507,14,749.21,72.86,1.0
16395,260,7,2760,520,749.2,144.21,1.0
16396,3,40,2503,6,749.15,72.94,1.0
16397,95,5,2595,190,749.08,103.44,1.0
16398,36,60,2536,72,749.06,79.65,1.0
16399,3,46,2503,6,749.06,73.25,1.0
16400,87,5,2587,174,749.05,99.82,1.0
16401,11,60,2511,22,749.01,73.44,1.0
16402,8,51,2508,16,749.01,71.78,1.0
16403,28,60,2528,56,749.0,77.36,1.0
16404,234,7,2734,468,748.98,133.98,1.0
16405,261,7,2761,522,748.98,144.94,1.0
16406,3,54,2503,6,748.96,73.49,1.0
16407,4,58,2504,8,748.95,72.37,1.0
16408,86,5,2586,172,748.93,100.49,1.0
16409,79,5,2579,158,748.92,103.98,1.0
16410,42,60,2542,84,748.89,80.2,1.0
16411,181,6,2681,362,748.82,125.19,1.0
16412,108,5,2608,216,748.81,105.93,1.0
16413,7,58,2507,14,748.77,73.13,1.0
16414,8,52,2508,16,748.76,71.97,1.0
16415,7,60,2507,14,748.75,73.42,1.0
16416,46,60,2546,92,748.67,80.5,1.0
16417,25,58,2525,50,748.65,77.44,1.0
16418,8,53,2508,16,748.49,73.18,1.0
16419,3,52,2503,6,748.48,72.54,1.0
16420,8,54,2508,16,748.48,73.55,1.0
16421,255,7,2755,510,748.43,137.57,1.0
16422,3,57,2503,6,748.42,73.97,1.0
16423,4,60,2504,8,748.37,72.73,1.0
16424,3,53,2503,6,748.36,73.73,1.0
16425,184,6,2684,368,748.27,123.31,1.0
16426,47,58,2547,94,748.26,79.27,1.0
16427,60,59,2560,120,748.25,83.58,1.0
16428,3,58,2503,6,748.24,74.17,1.0
16429,8,55,2508,16,748.22,73.74,1.0
16430,82,60,2582,164,748.19,87.04,1.0
16431,3,55,2503,6,748.18,73.5,1.0
16432,3,56,2503,6,748.16,72.8,1.0
16433,3,60,2503,6,748.12,73.46,1.0
16434,171,6,2671,342,748.11,120.2,1.0
16435,14,55,2514,28,748.03,72.55,1.0
16436,83,5,2583,166,747.95,103.37,1.0
16437,3,51,2503,6,747.71,73.86,1.0
16438,3,59,2503,6,747.7,73.13,1.0
16439,277,7,2777,554,747.68,139.76,1.0
16440,64,5,2564,128,747.55,93.49,1.0
16441,172,6,2672,344,747.31,121.55,1.0
16442,193,6,2693,386,747.3,125.8,1.0
16443,57,5,2557,114,747.09,93.0,1.0
16444,67,59,2567,134,747.08,83.77,1.0
16445,57,59,2557,114,747.04,81.62,1.0
16446,6,39,2506,12,746.88,72.02,1.0
16447,38,60,2538,76,746.87,79.49,1.0
16448,14,56,2514,28,746.83,73.46,1.0
16449,64,60,2564,128,746.82,82.35,1.0
16450,20,60,2520,40,746.76,78.24,1.0
16451,8,57,2508,16,746.69,73.65,1.0
16452,6,44,2506,12,746.66,72.46,1.0
16453,293,7,2793,586,746.62,144.49,1.0
16454,80,59,2580,160,746.59,86.98,1.0
16455,25,59,2525,50,746.57,77.79,1.0
16456,6,36,2506,12,746.57,72.36,1.0
16457,6,32,2506,12,746.52,72.06,1.0
16458,6,40,2506,12,746.49,72.03,1.0
16459,8,56,2508,16,746.4,73.73,1.0
16460,6,30,2506,12,746.37,72.32,1.0
16461,6,46,2506,12,746.35,71.88,1.0
16462,6,37,2506,12,746.32,71.89,1.0
16463,6,38,2506,12,746.32,72.54,1.0
16464,6,43,2506,12,746.23,72.32,1.0
16465,263,7,2763,526,746.23,139.46,1.0
16466,91,5,2591,182,746.19,102.11,1.0
16467,256,7,2756,512,746.11,141.82,1.0
16468,6,34,2506,12,746.04,71.91,1.0
16469,93,60,2593,186,745.92,88.21,1.0
16470,6,45,2506,12,745.9,72.6,1.0
16471,6,41,2506,12,745.87,72.2,1.0
16472,74,5,2574,148,745.86,98.57,1.0
16473,8,60,2508,16,745.84,74.02,1.0
16474,6,31,2506,12,745.83,71.76,1.0
16475,6,33,2506,12,745.82,71.93,1.0
16476,6,35,2506,12,745.82,72.62,1.0
16477,89,5,2589,178,745.8,101.3,1.0
16478,6,42,2506,12,745.76,71.95,1.0
16479,60,60,2560,120,745.67,83.9,1.0
16480,14,57,2514,28,745.57,73.97,1.0
16481,103,5,2603,206,745.56,104.36,1.0
16482,202,6,2702,404,745.5,127.33,1.0
16483,284,7,2784,568,745.39,144.24,1.0
16484,8,59,2508,16,745.3,73.4,1.0
16485,14,58,2514,28,745.23,73.73,1.0
16486,6,47,2506,12,744.85,71.96,1.0
16487,8,58,2508,16,744.79,73.2,1.0
16488,6,48,2506,12,744.78,72.22,1.0
16489,265,7,2765,530,744.78,143.26,1.0
16490,166,6,2666,332,744.76,121.69,1.0
16491,67,5,2567,134,744.7,95.5,1.0
16492,185,6,2685,370,744.63,123.34,1.0
16493,6,49,2506,12,744.59,72.7,1.0
16494,183,6,2683,366,744.53,121.09,1.0
16495,47,59,2547,94,744.49,80.09,1.0
16496,192,6,2692,384,744.46,129.13,1.0
16497,6,50,2506,12,744.37,71.81,1.0
16498,191,6,2691,382,744.35,125.96,1.0
16499,6,53,2506,12,744.3,72.79,1.0
16500,162,6,2662,324,744.3,125.0,1.0
16501,92,5,2592,184,744.16,101.59,1.0
16502,6,51,2506,12,744.07,72.45,1.0
16503,25,60,2525,50,744.01,78.11,1.0
16504,269,7,2769,538,744.01,142.42,1.0
16505,6,52,2506,12,743.79,72.59,1.0
16506,6,54,2506,12,743.62,73.36,1.0
16507,57,60,2557,114,743.53,82.06,1.0
16508,6,56,2506,12,743.37,73.28,1.0
16509,6,57,2506,12,743.35,73.22,1.0
16510,14,59,2514,28,743.31,74.13,1.0
16511,102,5,2602,204,743.18,106.72,1.0
16512,186,6,2686,372,743.11,127.09,1.0
16513,14,60,2514,28,743.09,74.45,1.0
16514,239,7,2739,478,743.06,134.94,1.0
16515,196,6,2696,392,742.9,127.68,1.0
16516,67,60,2567,134,742.78,85.13,1.0
16517,298,7,2798,596,742.69,152.82,1.0
16518,6,55,2506,12,742.68,72.38,1.0
16519,80,60,2580,160,742.34,87.47,1.0
16520,6,60,2506,12,742.31,73.31,1.0
16521,47,60,2547,94,742.09,80.5,1.0
16522,112,5,2612,224,741.54,106.71,1.0
16523,6,59,2506,12,741.36,72.97,1.0
16524,97,5,2597,194,741.15,105.19,1.0
16525,6,58,2506,12,741.06,73.43,1.0
16526,80,5,2580,160,741.01,99.49,1.0
16527,189,6,2689,378,740.78,128.79,1.0
16528,286,7,2786,572,740.62,141.49,1.0
16529,223,6,2723,446,740.22,127.0,1.0
16530,85,5,2585,170,739.86,101.78,1.0
16531,124,5,2624,248,739.69,111.04,1.0
16532,288,7,2788,576,739.65,147.65,1.0
16533,88,5,2588,176,739.52,102.93,1.0
16534,279,7,2779,558,739.48,145.61,1.0
16535,82,5,2582,164,739.39,99.92,1.0
16536,190,6,2690,380,739.21,127.4,1.0
16537,104,5,2604,208,738.91,106.97,1.0
16538,283,7,2783,566,738.9,144.69,1.0
16539,294,7,2794,588,738.46,143.72,1.0
16540,253,7,2753,506,738.3,138.75,1.0
16541,106,5,2606,212,738.1,105.3,1.0
16542,274,7,2774,548,737.97,142.41,1.0
16543,114,5,2614,228,737.96,108.03,1.0
16544,174,6,2674,348,737.74,125.33,1.0
16545,195,6,2695,390,737.29,129.27,1.0
16546,105,5,2605,210,737.21,105.77,1.0
16547,200,6,2700,400,737.15,130.66,1.0
16548,111,5,2611,222,736.85,106.87,1.0
16549,287,7,2787,574,736.79,144.07,1.0
16550,259,7,2759,518,736.78,140.28,1.0
16551,126,5,2626,252,736.75,111.76,1.0
16552,187,6,2687,374,736.52,123.37,1.0
16553,113,5,2613,226,736.44,109.41,1.0
16554,280,7,2780,560,736.2,147.86,1.0
16555,218,6,2718,436,736.15,132.83,1.0
16556,117,5,2617,234,736.11,108.06,1.0
16557,257,7,2757,514,736.05,138.91,1.0
16558,180,6,2680,360,735.86,121.96,1.0
16559,230,6,2730,460,735.68,133.6,1.0
16560,220,6,2720,440,735.54,135.88,1.0
16561,109,5,2609,218,735.31,106.12,1.0
16562,107,5,2607,214,735.12,105.86,1.0
16563,291,7,2791,582,735.05,144.75,1.0
16564,100,5,2600,200,735.03,105.34,1.0
16565,292,7,2792,584,734.89,145.53,1.0
16566,110,5,2610,220,734.69,108.68,1.0
16567,285,7,2785,570,734.21,145.68,1.0
16568,211,6,2711,422,733.67,132.62,1.0
16569,125,5,2625,250,733.58,111.25,1.0
16570,133,5,2633,266,732.81,114.25,1.0
16571,116,5,2616,232,731.56,110.04,1.0
16572,273,7,2773,546,731.02,140.92,1.0
16573,132,5,2632,264,730.99,114.92,1.0
16574,297,7,2797,594,730.97,145.33,1.0
16575,119,5,2619,238,730.92,107.86,1.0
16576,120,5,2620,240,730.88,111.57,1.0
16577,219,6,2719,438,730.65,131.5,1.0
16578,160,5,2660,320,730.55,119.27,1.0
16579,197,6,2697,394,730.27,132.07,1.0
16580,281,7,2781,562,729.88,139.84,1.0
16581,128,5,2628,256,729.54,114.87,1.0
16582,224,6,2724,448,729.18,131.82,1.0
16583,127,5,2627,254,729.04,111.35,1.0
16584,201,6,2701,402,728.92,128.83,1.0
16585,129,5,2629,258,728.83,113.17,1.0
16586,144,5,2644,288,728.75,113.96,1.0
16587,205,6,2705,410,728.45,127.81,1.0
16588,241,6,2741,482,727.92,137.63,0.9999
16589,93,5,2593,186,727.57,102.95,1.0
16590,115,5,2615,230,727.55,107.99,1.0
16591,282,7,2782,564,727.27,143.36,1.0
16592,131,5,2631,262,727.2,111.56,1.0
16593,300,7,2800,600,727.15,151.35,1.0
16594,270,6,2770,540,726.93,138.69,1.0
16595,289,7,2789,578,726.69,143.92,1.0
16596,154,5,2654,308,726.47,118.39,1.0
16597,203,6,2703,406,726.45,129.25,1.0
16598,188,6,2688,376,726.22,128.85,1.0
16599,140,5,2640,280,726.07,116.45,1.0
16600,226,6,2726,452,725.47,133.63,1.0
16601,122,5,2622,244,725.34,109.0,1.0
16602,296,7,2796,592,725.33,144.52,1.0
16603,299,7,2799,598,725.14,149.78,0.9999
16604,208,6,2708,416,724.94,130.57,1.0
16605,199,6,2699,398,724.36,128.51,1.0
16606,249,6,2749,498,724.29,140.78,1.0
16607,216,6,2716,432,724.0,132.16,1.0
16608,232,6,2732,464,723.53,137.1,1.0
16609,243,6,2743,486,723.51,136.19,1.0
16610,222,6,2722,444,723.1,133.54,1.0
16611,136,5,2636,272,722.89,114.08,1.0
16612,229,6,2729,458,722.85,133.38,1.0
16613,225,6,2725,450,722.3,138.38,1.0
16614,236,6,2736,472,722.19,135.84,1.0
16615,130,5,2630,260,722.05,111.68,1.0
16616,123,5,2623,246,721.98,113.72,1.0
16617,214,6,2714,428,721.72,129.01,1.0
16618,134,5,2634,268,721.45,116.95,1.0
16619,164,5,2664,328,721.31,122.45,1.0
16620,246,6,2746,492,721.26,138.14,1.0
16621,248,6,2748,496,721.22,135.97,1.0
16622,207,6,2707,414,720.63,133.25,1.0
16623,161,5,2661,322,720.31,119.26,1.0
16624,135,5,2635,270,720.26,113.71,1.0
16625,227,6,2727,454,720.16,130.69,1.0
16626,258,6,2758,516,720.15,142.32,1.0
16627,194,5,2694,388,720.12,123.74,1.0
16628,152,5,2652,304,720.03,120.41,1.0
16629,145,5,2645,290,720.01,116.89,1.0
16630,121,5,2621,242,719.85,111.18,1.0
16631,244,6,2744,488,719.82,137.04,1.0
16632,250,6,2750,500,719.76,137.0,1.0
16633,217,6,2717,434,719.6,132.3,1.0
16634,267,6,2767,534,719.39,142.86,1.0
16635,233,6,2733,466,719.27,135.57,1.0
16636,215,6,2715,430,719.21,132.54,1.0
16637,137,5,2637,274,719.03,113.56,1.0
16638,142,5,2642,284,718.96,117.28,1.0
16639,118,5,2618,236,718.15,112.13,1.0
16640,198,6,2698,396,717.81,131.37,1.0
16641,163,5,2663,326,717.36,118.58,1.0
16642,240,6,2740,480,717.32,138.99,1.0
16643,290,7,2790,580,717.26,147.95,1.0
16644,138,5,2638,276,716.68,115.53,1.0
16645,139,5,2639,278,716.27,114.56,1.0
16646,204,6,2704,408,716.08,131.62,1.0
16647,147,5,2647,294,715.65,116.76,1.0
16648,210,6,2710,420,715.45,131.22,1.0
16649,242,6,2742,484,715.42,138.34,1.0
16650,156,5,2656,312,714.27,118.82,1.0
16651,295,7,2795,590,714.22,144.2,0.9999
16652,245,6,2745,490,714.05,137.99,1.0
16653,266,6,2766,532,713.95,140.87,0.9999
16654,153,5,2653,306,713.79,118.88,1.0
16655,228,6,2728,456,713.5,133.9,1.0
16656,141,5,2641,282,713.2,114.27,1.0
16657,231,6,2731,462,712.97,135.61,1.0
16658,252,6,2752,504,712.45,141.45,0.9999
16659,235,6,2735,470,712.19,137.61,1.0
16660,268,6,2768,536,711.98,142.01,1.0
16661,275,6,2775,550,711.58,144.26,1.0
16662,167,5,2667,334,711.3,122.59,1.0
16663,238,6,2738,476,711.2,135.47,1.0
16664,149,5,2649,298,710.77,115.69,1.0
16665,221,6,2721,442,710.75,135.18,0.9999
16666,254,6,2754,508,710.47,140.78,0.9999
16667,170,5,2670,340,710.43,121.65,1.0
16668,143,5,2643,286,710.28,116.65,1.0
16669,148,5,2648,296,709.83,118.3,1.0
16670,158,5,2658,316,709.79,118.62,1.0
16671,262,6,2762,524,709.63,140.46,1.0
16672,271,6,2771,542,709.6,142.23,1.0
16673,146,5,2646,292,709.58,118.33,1.0
16674,264,6,2764,528,709.46,143.57,1.0
16675,178,5,2678,356,709.35,122.24,1.0
16676,179,5,2679,358,708.7,122.36,1.0
16677,237,6,2737,474,708.7,133.23,0.9999
16678,247,6,2747,494,708.52,140.72,1.0
16679,155,5,2655,310,708.27,119.78,1.0
16680,173,5,2673,346,708.03,121.37,1.0
16681,157,5,2657,314,707.72,120.41,1.0
16682,251,6,2751,502,707.58,140.61,1.0
16683,168,5,2668,336,707.38,120.92,1.0
16684,169,5,2669,338,706.6,122.29,1.0
16685,159,5,2659,318,706.23,120.1,1.0
16686,234,6,2734,468,706.15,133.41,0.9999
16687,209,5,2709,418,706.03,131.49,1.0
16688,166,5,2666,332,705.3,121.39,1.0
16689,260,6,2760,520,705.22,145.35,1.0
16690,165,5,2665,330,704.99,120.9,1.0
16691,176,5,2676,352,704.85,124.85,1.0
16692,150,5,2650,300,704.42,117.27,1.0
16693,182,5,2682,364,704.17,124.62,1.0
16694,276,6,2776,552,703.91,146.18,1.0
16695,206,5,2706,412,703.67,129.03,1.0
16696,184,5,2684,368,703.2,123.18,1.0
16697,278,6,2778,556,703.05,145.93,1.0
16698,177,5,2677,354,702.95,125.68,1.0
16699,261,6,2761,522,702.83,146.3,1.0
16700,193,5,2693,386,702.5,125.59,1.0
16701,293,6,2793,586,702.03,146.01,1.0
16702,171,5,2671,342,701.67,120.89,1.0
16703,181,5,2681,362,701.6,124.73,1.0
16704,212,5,2712,424,701.51,130.91,1.0
16705,269,6,2769,538,700.79,141.88,1.0
16706,151,5,2651,302,700.77,115.6,1.0
16707,272,6,2772,544,700.77,144.4,0.9999
16708,172,5,2672,344,700.69,123.36,1.0
16709,277,6,2777,554,700.56,141.12,0.9999
16710,253,6,2753,506,700.43,139.37,1.0
16711,263,6,2763,526,699.88,141.05,1.0
16712,255,6,2755,510,699.43,139.3,1.0
16713,213,5,2713,426,699.4,134.07,1.0
16714,256,6,2756,512,698.94,143.18,1.0
16715,162,5,2662,324,698.68,125.9,1.0
16716,265,6,2765,530,698.65,145.23,0.9999
16717,175,5,2675,350,698.5,121.62,1.0
16718,239,6,2739,478,698.14,138.02,1.0
16719,192,5,2692,384,697.01,127.07,1.0
16720,284,6,2784,568,696.93,144.06,1.0
16721,286,6,2786,572,696.9,143.4,1.0
16722,191,5,2691,382,696.66,126.4,1.0
16723,185,5,2685,370,696.62,124.55,1.0
16724,283,6,2783,566,696.19,145.95,0.9999
16725,288,6,2788,576,696.0,145.98,1.0
16726,257,6,2757,514,695.69,140.14,1.0
16727,183,5,2683,366,695.08,123.82,1.0
16728,298,6,2798,596,694.95,153.13,1.0
16729,196,5,2696,392,693.93,129.3,1.0
16730,202,5,2702,404,693.79,127.93,1.0
16731,189,5,2689,378,693.49,126.56,1.0
16732,200,5,2700,400,693.45,133.3,1.0
16733,180,5,2680,360,693.23,123.33,1.0
16734,294,6,2794,588,692.59,146.48,1.0
16735,279,6,2779,558,692.26,146.26,1.0
16736,186,5,2686,372,691.65,128.99,1.0
16737,195,5,2695,390,691.37,129.65,1.0
16738,190,5,2690,380,691.26,128.57,1.0
16739,274,6,2774,548,691.24,143.46,1.0
16740,223,5,2723,446,691.23,129.41,1.0
16741,292,6,2792,584,690.13,146.55,1.0
16742,287,6,2787,574,690.06,145.06,1.0
16743,291,6,2791,582,689.94,144.92,1.0
16744,218,5,2718,436,689.68,132.4,1.0
16745,174,5,2674,348,689.51,125.83,1.0
16746,285,6,2785,570,688.49,147.05,0.9997
16747,280,6,2780,560,688.36,146.65,1.0
16748,205,5,2705,410,687.91,127.8,1.0
16749,219,5,2719,438,687.78,133.11,1.0
16750,187,5,2687,374,687.21,125.11,1.0
16751,197,5,2697,394,686.01,131.34,1.0
16752,281,6,2781,562,685.86,141.94,1.0
16753,220,5,2720,440,685.09,136.36,1.0
16754,230,5,2730,460,684.93,134.22,1.0
16755,224,5,2724,448,683.58,133.58,1.0
16756,259,6,2759,518,683.07,142.23,1.0
16757,211,5,2711,422,681.75,131.8,1.0
16758,201,5,2701,402,681.31,129.44,0.9999
16759,273,6,2773,546,680.0,142.28,1.0
16760,282,6,2782,564,679.74,146.43,1.0
16761,216,5,2716,432,679.44,133.04,1.0
16762,297,6,2797,594,679.12,146.72,1.0
16763,300,6,2800,600,678.86,149.95,1.0
16764,289,6,2789,578,678.52,145.48,1.0
16765,241,5,2741,482,676.75,140.44,1.0
16766,296,6,2796,592,676.72,144.19,1.0
16767,215,5,2715,430,675.78,131.88,1.0
16768,199,5,2699,398,675.59,128.64,1.0
16769,203,5,2703,406,675.31,129.49,1.0
16770,299,6,2799,598,674.52,151.34,1.0
16771,222,5,2722,444,674.46,135.48,1.0
16772,198,5,2698,396,674.25,130.88,1.0
16773,208,5,2708,416,673.93,129.8,1.0
16774,229,5,2729,458,673.77,133.75,1.0
16775,214,5,2714,428,673.65,129.52,0.9999
16776,188,5,2688,376,673.53,128.14,1.0
16777,267,5,2767,534,673.13,141.8,1.0
16778,217,5,2717,434,672.77,134.19,1.0
16779,232,5,2732,464,672.53,136.49,1.0
16780,249,5,2749,498,672.49,139.99,1.0
16781,243,5,2743,486,672.29,135.37,1.0
16782,244,5,2744,488,672.08,137.07,0.9999
16783,207,5,2707,414,671.87,134.07,1.0
16784,248,5,2748,496,671.55,136.6,1.0
16785,246,5,2746,492,671.12,138.1,1.0
16786,226,5,2726,452,670.99,136.01,1.0
16787,258,5,2758,516,670.87,142.3,0.9999
16788,270,5,2770,540,670.42,141.77,1.0
16789,236,5,2736,472,670.23,136.91,1.0
16790,233,5,2733,466,670.02,136.09,1.0
16791,228,5,2728,456,669.34,134.69,1.0
16792,266,5,2766,532,669.32,141.35,1.0
16793,227,5,2727,454,669.17,132.7,1.0
16794,245,5,2745,490,668.88,139.13,1.0
16795,240,5,2740,480,668.65,137.93,1.0
16796,204,5,2704,408,668.6,132.89,1.0
16797,290,6,2790,580,667.77,150.37,0.9999
16798,225,5,2725,450,666.46,137.6,1.0
16799,250,5,2750,500,666.26,138.67,1.0
16800,295,6,2795,590,665.41,146.12,1.0
16801,210,5,2710,420,664.67,131.85,1.0
16802,221,5,2721,442,663.58,136.17,1.0
16803,238,5,2738,476,663.49,137.89,1.0
16804,237,5,2737,474,663.45,134.69,0.9999
16805,231,5,2731,462,663.41,136.81,1.0
16806,268,5,2768,536,661.82,142.75,1.0
16807,234,5,2734,468,661.05,135.25,1.0
16808,247,5,2747,494,660.17,140.55,0.9999
16809,254,5,2754,508,659.92,139.15,1.0
16810,242,5,2742,484,659.25,140.16,1.0
16811,271,5,2771,542,659.19,142.08,0.9999
16812,260,5,2760,520,659.03,145.61,0.9999
16813,262,5,2762,524,658.53,140.97,1.0
16814,235,5,2735,470,658.14,139.33,1.0
16815,275,5,2775,550,657.35,145.31,0.9999
16816,251,5,2751,502,656.43,140.46,0.9999
16817,253,5,2753,506,656.17,141.66,1.0
16818,269,5,2769,538,656.0,142.06,1.0
16819,264,5,2764,528,654.73,145.15,0.9999
16820,276,5,2776,552,654.34,146.15,1.0
16821,256,5,2756,512,653.57,142.94,0.9998
16822,252,5,2752,504,653.42,143.6,0.9999
16823,265,5,2765,530,652.89,146.99,0.9998
16824,277,5,2777,554,650.12,143.03,0.9999
16825,278,5,2778,556,649.63,145.04,1.0
16826,255,5,2755,510,649.37,141.43,1.0
16827,239,5,2739,478,649.27,139.13,1.0
16828,263,5,2763,526,649.26,142.68,1.0
16829,261,5,2761,522,648.85,147.52,1.0
16830,272,5,2772,544,648.33,143.42,1.0
16831,274,5,2774,548,648.03,145.06,1.0
16832,257,5,2757,514,647.64,141.45,1.0
16833,286,5,2786,572,647.38,143.3,1.0
16834,291,5,2791,582,646.79,145.22,0.9999
16835,293,5,2793,586,645.96,146.61,1.0
16836,283,5,2783,566,645.48,147.15,0.9999
16837,279,5,2779,558,644.36,148.14,1.0
16838,298,5,2798,596,643.09,151.96,1.0
16839,288,5,2788,576,641.97,150.57,1.0
16840,287,5,2787,574,641.77,145.19,0.9999
16841,284,5,2784,568,640.89,145.8,0.9999
16842,285,5,2785,570,638.81,148.29,0.9999
16843,281,5,2781,562,637.21,142.97,0.9999
16844,292,5,2792,584,635.94,147.45,0.9999
16845,282,5,2782,564,635.51,146.08,0.9999
16846,259,5,2759,518,634.66,143.79,1.0
16847,280,5,2780,560,633.93,148.16,1.0
16848,294,5,2794,588,633.61,147.47,1.0
16849,297,5,2797,594,633.27,146.78,0.9998
16850,296,5,2796,592,628.57,145.62,0.9999
16851,273,5,2773,546,628.23,144.03,0.9999
16852,300,5,2800,600,627.78,151.23,0.9997
16853,289,5,2789,578,625.3,145.92,1.0
16854,290,5,2790,580,621.52,151.83,0.9999
16855,299,5,2799,598,619.88,153.46,0.9998
16856,295,5,2795,590,614.19,148.21,0.9999
